time_s,left_length_m,left_beta_deg,left_closure_m,left_wheel_error_m,left_parallel_error_deg,left_wheel_speed_rad_s,left_load_n,left_hip_torque_nm,left_knee_torque_nm,left_wheel_torque_nm,right_length_m,right_beta_deg,right_closure_m,right_wheel_error_m,right_parallel_error_deg,right_wheel_speed_rad_s,right_load_n,right_hip_torque_nm,right_knee_torque_nm,right_wheel_torque_nm
0.010000000000000002,0.22100678727895748,5.962272128329748e-09,1.1731893371775745e-11,5.926210200590438e-10,-1.909201736417086e-08,-4.859872911660515e-08,0.0,8.439518116410678e-07,-5.402292092011631e-07,9.52260653716908e-10,0.22100678727895748,5.962272128329748e-09,1.1731893371775745e-11,5.926210200590438e-10,-1.909201736417086e-08,-4.859872911660514e-08,0.0,8.439518116410678e-07,-5.402292092011632e-07,9.522606537169086e-10
0.02000000000000001,0.22100678881866784,1.9244715121792402e-07,1.781623755779753e-10,8.729812560910339e-09,-2.904534823431447e-07,-6.99036444501605e-07,0.0,7.612939189060573e-06,-4.2294968461113684e-06,1.736615694075988e-08,0.22100678881866784,1.9244715121792402e-07,1.781623755779753e-10,8.729812560910339e-09,-2.904534823431447e-07,-6.99036444501605e-07,0.0,7.612939189060573e-06,-4.22949684611137e-06,1.7366156940759884e-08
0.03000000000000002,0.2210067985384777,1.4356520038754904e-06,7.13244569889706e-10,4.08768488685822e-08,-1.1630913101048576e-06,-2.9124023661381576e-06,0.0,2.588324998662867e-05,-1.267788190720815e-05,7.793604517999282e-08,0.2210067985384777,1.4356520038754904e-06,7.13244569889706e-10,4.08768488685822e-08,-1.1630913101048576e-06,-2.9124023661381568e-06,0.0,2.588324998662867e-05,-1.2677881907208149e-05,7.79360451799928e-08
0.04000000000000003,0.22100683160792003,5.933111901003023e-06,1.6943668281232982e-09,1.199821991289138e-07,-2.7621905171899347e-06,-7.318890761989738e-06,0.0,6.0151699910502284e-05,-2.5741329788402804e-05,2.0326196321370068e-07,0.22100683160792003,5.933111901003023e-06,1.6943668281232982e-09,1.199821991289138e-07,-2.7621905171899347e-06,-7.318890761989735e-06,0.0,6.0151699910502284e-05,-2.5741329788402793e-05,2.032619632137006e-07
0.05000000000000004,0.2210069129590399,1.7750010338731337e-05,3.0307124647733706e-09,2.730273678598836e-07,-4.9371300017426366e-06,-1.3859657052400693e-05,0.0,0.0001140379094800078,-4.203768495209262e-05,3.9378644072917566e-07,0.2210069129590399,1.7750010338731337e-05,3.0307124647733706e-09,2.730273678598836e-07,-4.9371300017426366e-06,-1.385965705240069e-05,0.0,0.0001140379094800078,-4.203768495209263e-05,3.937864407291756e-07
0.060000000000000046,0.2210070771809188,4.32923410402941e-05,4.514198691185911e-09,5.292183564319773e-07,-7.344454634013709e-06,-2.178204141580634e-05,0.0,0.00019046909191170478,-5.954648920250414e-05,6.288220779923768e-07,0.2210070771809188,4.32923410402941e-05,4.514198691185911e-09,5.292183564319773e-07,-7.344454634013709e-06,-2.1782041415806334e-05,0.0,0.00019046909191170478,-5.9546489202504124e-05,6.288220779923767e-07
0.07000000000000005,0.22100736764184262,9.171040994844447e-05,5.882820555927876e-09,9.184059139660995e-07,-9.550647902754906e-06,-2.9821897208843673e-05,0.0,0.00029179525995306447,-7.609693257811716e-05,8.716598417722909e-07,0.22100736764184262,9.171040994844447e-05,5.882820555927876e-09,9.184059139660995e-07,-9.550647902754906e-06,-2.9821897208843666e-05,0.0,0.00029179525995306447,-7.609693257811716e-05,8.716598417722906e-07
0.08000000000000006,0.22100783530967236,0.00017523275216961378,6.872776196395175e-09,1.469584140386097e-06,-1.1115436717185961e-05,-3.644466762942093e-05,0.0,0.0004198383266040855,-8.969636193975627e-05,1.0767519867309237e-06,0.22100783530967236,0.00017523275216961378,6.872776196395175e-09,1.469584140386097e-06,-1.1115436717185961e-05,-3.644466762942092e-05,0.0,0.0004198383266040855,-8.969636193975627e-05,1.0767519867309237e-06
0.09000000000000007,0.22100853756665395,0.0003094279005069768,7.255354169916121e-09,2.2094832879418183e-06,-1.1647133872674053e-05,-4.006944951037716e-05,0.0,0.0005758981828349165,-9.871662363255483e-05,1.1965478705285377e-06,0.22100853756665395,0.0003094279005069768,7.255354169916121e-09,2.2094832879418183e-06,-1.1647133872674053e-05,-4.0069449510377155e-05,0.0,0.0005758981828349165,-9.871662363255483e-05,1.1965478705285374e-06
0.10000000000000007,0.22100953717192845,0.0005133905658238434,6.864827874537961e-09,3.161335428530189e-06,-1.0833177380563093e-05,-3.924208762252381e-05,0.0,0.0007607410826741699,-0.00010197490659604423,1.186859499075205e-06,0.22100953717192845,0.0005133905658238434,6.864827874537961e-09,3.161335428530189e-06,-1.0833177380563093e-05,-3.9242087622523815e-05,0.0,0.0007607410826741699,-0.00010197490659604423,1.1868594990752053e-06
0.11000000000000008,0.22101090142730082,0.0008098496357070307,5.642139099848312e-09,4.343889435418482e-06,-8.452358148813263e-06,-3.274982524760321e-05,0.0,0.0009745903462553128,-9.874530230517741e-05,1.0104722847878331e-06,0.22101090142730082,0.0008098496357070307,5.642139099848312e-09,4.343889435418482e-06,-8.452358148813263e-06,-3.274982524760321e-05,0.0,0.0009745903462553128,-9.874530230517726e-05,1.0104722847878333e-06
0.12000000000000009,0.22101270154470334,0.001225197490250789,3.846577252613691e-09,5.770722540876839e-06,-4.375059045213098e-06,-1.968378651449343e-05,0.0,0.0012171319063746747,-8.87295607163976e-05,6.391616469373924e-07,0.22101270154470334,0.001225197490250789,3.846577252613691e-09,5.770722540876839e-06,-4.375059045213098e-06,-1.968378651449342e-05,0.0,0.0012171319063746747,-8.872956071639745e-05,6.391616469373923e-07
0.1300000000000001,0.2210150121864684,0.0017894428800610946,3.415321913952283e-09,7.449862809320723e-06,1.4435674369400167e-06,5.392372867915488e-07,0.0,0.0014875403032346738,-7.200660861643098e-05,5.445217921005756e-08,0.2210150121864684,0.0017894428800610946,3.415321913952283e-09,7.449862809320723e-06,1.4435674369400167e-06,5.392372867914467e-07,0.0,0.0014875403032346738,-7.200660861643098e-05,5.445217921006014e-08
0.1400000000000001,0.22101791114099661,0.002536092478996825,6.7119972262348156e-09,9.38371010690412e-06,8.974112279700602e-06,2.818387548334703e-05,0.0,0.0017845254781321536,-4.897290318258331e-05,-7.525229943000217e-07,0.22101791114099661,0.002536092478996825,6.7119972262348156e-09,9.38371010690412e-06,8.974112279700602e-06,2.818387548334699e-05,0.0,0.0017845254781321531,-4.897290318258362e-05,-7.525229943000198e-07
0.1500000000000001,0.2210214790979969,0.0035019688129782774,1.1946130784606594e-08,1.156922471627394e-05,1.812502918328331e-05,6.322217012240797e-05,0.0,0.0021063973174072184,-2.028039166193465e-05,-1.7817566352129023e-06,0.2210214790979969,0.0035019688129782774,1.1946130784606594e-08,1.156922471627394e-05,1.812502918328331e-05,6.3222170122408e-05,0.0,0.0021063973174072184,-2.0280391661934956e-05,-1.7817566352129023e-06
0.16000000000000011,0.22102579949327264,0.004726974323758973,1.8301478952743774e-08,1.3998341592581819e-05,2.875517275153381e-05,0.00010537094569682359,0.0,0.002451143095407005,1.3224426055857912e-05,-3.0254625021509597e-06,0.22102579949327264,0.004726974323758973,1.8301478952743774e-08,1.3998341592581819e-05,2.875517275153381e-05,0.00010537094569682363,0.0,0.002451143095407005,1.3224426055857912e-05,-3.0254625021509606e-06
0.17000000000000012,0.2210309583996112,0.006253812725768182,2.5527965046990662e-08,1.6658562594103366e-05,4.068611420396079e-05,0.0001541352476283468,0.0,0.0028165123518391964,5.0558583540072884e-05,-4.469365889111622e-06,0.2210309583996112,0.006253812725768182,2.5527965046990662e-08,1.6658562594103366e-05,4.068611420396079e-05,0.00015413524762834666,0.0,0.0028165123518391964,5.0558583540073494e-05,-4.469365889111619e-06
0.18000000000000013,0.2210370444460645,0.00812767952860892,3.3460713796326235e-08,1.9533677272513314e-05,5.371388638811929e-05,0.00020885422835207736,0.0,0.003200103908430021,9.065690994194252e-05,-6.0940766563183495e-06,0.2210370444460645,0.00812767952860892,3.3460713796326235e-08,1.9533677272513314e-05,5.371388638811929e-05,0.00020885422835207734,0.0,0.003200103908430021,9.065690994194313e-05,-6.094076656318348e-06
0.19000000000000014,0.221044148752283,0.010395933665719058,4.195090874033252e-08,2.260456384482057e-05,6.761993691657268e-05,0.00026874700897317686,0.0,0.003599450358260168,0.00013242174172006473,-7.876467793035003e-06,0.221044148752283,0.010395933665719058,4.195090874033252e-08,2.260456384482057e-05,6.761993691657268e-05,0.00026874700897317697,0.0,0.003599450358260168,0.00013242174172006533,-7.876467793035006e-06
0.20000000000000015,0.22105236486767607,0.013107761670060732,5.0855320523672075e-08,2.5850025025556736e-05,8.218111804106392e-05,0.00033295676772113837,0.0,0.004012096210101863,0.00017476740694444737,-9.791005324012349e-06,0.22105236486767607,0.013107761670060732,5.0855320523672075e-08,2.5850025025556736e-05,8.218111804106392e-05,0.00033295676772113837,0.0,0.004012096210101863,0.00017476740694444737,-9.79100532401235e-06
0.21000000000000016,0.22106178870735615,0.01631384487446028,6.0036778026876e-08,2.924761792661086e-05,9.71785566533835e-05,0.00040059175173499093,0.0,0.004435666790674508,0.00021665881967388166,-1.181098938010463e-05,0.22106178870735615,0.01631384487446028,6.0036778026876e-08,2.924761792661086e-05,9.71785566533835e-05,0.00040059175173499066,0.0,0.004435666790674508,0.00021665881967388166,-1.1810989380104625e-05
0.22000000000000017,0.22107251847843387,0.020066038796072518,6.936699414253358e-08,3.2774442822820325e-05,0.00011240526429677781,0.00047076220098100165,0.0,0.004867925907150854,0.0002571436065986763,-1.3909675345145861e-05,0.22107251847843387,0.020066038796072518,6.936699414253358e-08,3.2774442822820325e-05,0.00011240526429677781,0.0004707622009810018,0.0,0.004867925907150854,0.0002571436065986787,-1.3909675345145867e-05
0.23000000000000018,0.22108465459156013,0.024417072302518505,7.872959699935866e-08,3.6407861874049565e-05,0.00012767237339401325,0.0005426124005980698,0.0,0.005306821101986747,0.0002953773467900923,-1.6061250914556182e-05,0.22108465459156013,0.024417072302518505,7.872959699935866e-08,3.6407861874049565e-05,0.00012767237339401325,0.0005426124005980695,0.0,0.005306821101986747,0.0002953773467900923,-1.6061250914556176e-05
0.24000000000000019,0.22109829955383165,0.02942027245473278,8.802268209756186e-08,4.012612556692326e-05,0.00014281392796422634,0.0006153472918112591,0.0,0.005750516069830433,0.0003306417320592071,-1.824165133187562e-05,0.22109829955383165,0.02942027245473278,8.802268209756186e-08,4.012612556692326e-05,0.00014281392796422634,0.0006153472918112591,0.0,0.005750516069830433,0.0003306417320592071,-1.8241651331875618e-05
0.25000000000000017,0.22111355784038247,0.035129319174608126,9.716064502735678e-08,4.3908891384363674e-05,0.00015769020614484364,0.0006882532925079131,0.0,0.00619741043931377,0.00036235571925174407,-2.042920165315901e-05,0.22111355784038247,0.035129319174608126,9.716064502735678e-08,4.3908891384363674e-05,0.00015769020614484364,0.0006882532925079139,0.0,0.00619741043931377,0.0003623557192517465,-2.0429201653159032e-05
0.2600000000000002,0.22113053574318012,0.04159803217386895,1.0607522121594757e-07,4.77376257650376e-05,0.00017218960852506316,0.0007607132062240837,0.0,0.006646147649363093,0.0003900800039060622,-2.2605081719228726e-05,0.22113053574318012,0.04159803217386895,1.0607522121594757e-07,4.77376257650376e-05,0.00017218960852506316,0.0007607132062240841,0.0,0.006646147649363093,0.0003900800039060622,-2.260508171922874e-05
0.2700000000000002,0.2211493411967214,0.04888019097811454,1.1471574546867786e-07,5.1595886521903396e-05,0.0001862291982294835,0.0008322153259627258,0.0,0.007095612068012964,0.0004135153907663981,-2.4753616354017617e-05,0.2211493411967214,0.04888019097811454,1.1471574546867786e-07,5.1595886521903396e-05,0.0001862291982294835,0.0008322153259627261,0.0,0.007095612068012964,0.0004135153907663981,-2.475361635401763e-05
0.2800000000000002,0.22117008358141502,0.05702938743757917,1.230486920703336e-07,5.546948836756811e-05,0.00019975402500570623,0.0009023570515103366,0.0,0.007544916816005797,0.00043249582867619095,-2.6862399748422154e-05,0.22117008358141502,0.05702938743757917,1.230486920703336e-07,5.546948836756811e-05,0.00019975402500570623,0.0009023570515103366,0.0,0.007544916816005797,0.0004324958286761885,-2.6862399748422157e-05
0.2900000000000002,0.2211928735064148,0.06609890887963459,1.310565882835265e-07,5.93465588767236e-05,0.00021273540369186474,0.0009708435245549758,0.0,0.007993383967768365,0.00044697702359866413,-2.8922268640760643e-05,0.2211928735064148,0.06609890887963459,1.310565882835265e-07,5.93465588767236e-05,0.00021273540369186474,0.0009708435245549755,0.0,0.007993383967768365,0.0004469770235986617,-2.892226864076063e-05
0.3000000000000002,0.22121782257447978,0.07614164905232762,1.3873641846242497e-07,6.321749600927063e-05,0.00022516834214021992,0.0010374819355576873,0.0,0.008440518917439969,0.0004570216302780754,-3.092714352379155e-05,0.22121782257447978,0.07614164905232762,1.3873641846242497e-07,6.321749600927063e-05,0.00022516834214021992,0.001037481935557687,0.0,0.008440518917439969,0.0004570216302780802,-3.092714352379154e-05
0.3100000000000002,0.22124504313205742,0.08721004324939616,1.4609764159361007e-07,6.707484116188045e-05,0.00023706832825898748,0.0011021722638423458,0.0,0.008885980723303927,0.00046278205580372564,-3.287376045490678e-05,0.22124504313205742,0.08721004324939616,1.4609764159361007e-07,6.707484116188045e-05,0.00023706832825898748,0.0011021722638423455,0.0,0.008885980723303927,0.00046278205580372564,-3.287376045490677e-05
0.32000000000000023,0.22127464800821636,0.09935602349663278,1.53159953159005e-07,7.09130836067809e-05,0.0002484676889451444,0.0011648952753205947,0.0,0.009329550190201754,0.00046448188321827064,-3.476131807467514e-05,0.22127464800821636,0.09935602349663278,1.53159953159005e-07,7.09130836067809e-05,0.0002484676889451444,0.0011648952753205947,0.0,0.00932955019020176,0.0004644818832182731,-3.476131807467514e-05
0.33000000000000024,0.22130675024626612,0.11263098940891927,1.599509157555535e-07,7.472841314716846e-05,0.0002594117262575461,0.0012256986232060674,0.0,0.00977109732855308,0.000462396868980125,-3.659106518543355e-05,0.22130675024626612,0.11263098940891927,1.599509157555535e-07,7.472841314716846e-05,0.0002594117262575461,0.0012256986232060674,0.0,0.009771097328553085,0.000462396868980125,-3.659106518543355e-05
0.34000000000000025,0.2213414628319396,0.12708579027908304,1.6650357416781717e-07,7.851843794043204e-05,0.00026995482136466404,0.0012846818779103204,0.0,0.010210549652846916,0.00045683636496864424,-3.8365853784073635e-05,0.2213414628319396,0.12708579027908304,1.6650357416781717e-07,7.851843794043204e-05,0.00026995482136466404,0.0012846818779103204,0.0,0.010210549652846922,0.00045683636496864424,-3.8365853784073635e-05
0.35000000000000026,0.2213788984218764,0.14277071410904188,1.728541589657384e-07,8.228188381153155e-05,0.00028015667462006336,0.0013419812598066882,0.0,0.010647862566147168,0.0004481258942089901,-4.0089680954078425e-05,0.2213788984218764,0.14277071410904188,1.728541589657384e-07,8.228188381153155e-05,0.00028015667462006336,0.001341981259806688,0.0,0.010647862566147172,0.00044812589420898524,-4.008968095407842e-05
0.36000000000000026,0.22141916907585968,0.15973547960889314,1.7903996448015124e-07,8.60182901246818e-05,0.00029007882387916523,0.001397754767840411,0.0,0.011082992833967808,0.00043659146991565506,-4.176724068329906e-05,0.22141916907585968,0.15973547960889314,1.7903996448015124e-07,8.60182901246818e-05,0.00029007882387916523,0.001397754767840412,0.0,0.011082992833967811,0.00043659146991565994,-4.1767240683299064e-05
0.3700000000000003,0.22146238599586807,0.17802922763862272,1.8509746913156366e-07,8.97277155290722e-05,0.00029978155263115253,0.0014521682965014458,0.0,0.011515875894534637,0.0004225460996668734,-4.340350370493055e-05,0.22146238599586807,0.17802922763862272,1.8509746913156366e-07,8.97277155290722e-05,0.00029978155263115253,0.001452168296501448,0.0,0.011515875894534643,0.0004225460996668734,-4.3403503704930614e-05
0.3800000000000003,0.22150865927452687,0.19770050911276132,1.910607478146912e-07,9.341046478878846e-05,0.00030932127086943895,0.001505383218732224,0.0,0.011946407495370966,0.0004062787662093961,-4.500334004342489e-05,0.22150865927452687,0.19770050911276132,1.910607478146912e-07,9.341046478878846e-05,0.00030932127086943895,0.0015053832187322269,0.0,0.011946407495370966,0.0004062787662093961,-4.500334004342497e-05
0.3900000000000003,0.22155809765501253,0.2187972669960206,1.9696020531712245e-07,9.706684558294266e-05,0.00031874841778938484,0.001557545791452653,0.0,0.012374429899916583,0.0003880460342462561,-4.657119533720965e-05,0.22155809765501253,0.2187972669960206,1.9696020531712245e-07,9.706684558294266e-05,0.00031874841778938484,0.0015575457914526552,0.0,0.012374429899916583,0.0003880460342462561,-4.657119533720972e-05
0.4000000000000003,0.22161080830391505,0.24136681065353852,2.0282164515835418e-07,0.00010069696174998004,0.0003281059109371122,0.0016087786177476592,0.0,0.012799722680715277,0.0003680663005416543,-4.811082831965405e-05,0.22161080830391505,0.24136681065353852,2.0282164515835418e-07,0.00010069696174998004,0.0003281059109371122,0.0016087786177476596,0.0,0.012799722680715267,0.0003680663005416543,-4.811082831965406e-05
0.4100000000000003,0.22166689659801483,0.26545578145288223,2.0866566749161796e-07,0.00010430054706329107,0.00033742813511753226,0.0016591742832443533,0.0,0.01322199791669928,0.00034651658791347436,-4.962511332525152e-05,0.22166689659801483,0.26545578145288223,2.0866566749161796e-07,0.00010430054706329107,0.00033742813511753226,0.0016591742832443544,0.0,0.01322199791669927,0.00034651658791347924,-4.962511332525154e-05
0.4200000000000003,0.22172646592541567,0.2911101091179474,2.1450738008543286e-07,0.00010787684136897434,0.0003467404461260378,0.001708791175314598,0.0,0.013640899444451186,0.0003235316865664514,-5.111590838898405e-05,0.22172646592541567,0.2911101091179474,2.1450738008543286e-07,0.00010787684136897434,0.0003467404461260378,0.001708791175314601,0.0,0.013640899444451177,0.000323531686566466,-5.1115908388984145e-05
0.4300000000000003,0.22178961750099727,0.3183749588858069,2.2035639275649607e-07,0.00011142450886837392,0.0003560591422252886,0.0017576513992479277,0.0,0.014056005682421411,0.000299205370298665,-5.258398662984784e-05,0.22178961750099727,0.3183749588858069,2.2035639275649607e-07,0.00011142450886837392,0.0003560591422252886,0.00175765139924793,0.0,0.0140560056824214,0.000299205370298665,-5.258398662984791e-05
0.44000000000000034,0.22185645019574837,0.34729467000001585,2.2621705791296582e-07,0.00011494159654561217,0.00036539184396069025,0.0018057406251494959,0.0,0.014466835452343839,0.00027359335726653974,-5.402902614678238e-05,0.22185645019574837,0.34729467000001585,2.2621705791296582e-07,0.00011494159654561217,0.00036539184396069025,0.0018057406251494972,0.0,0.014466835452343839,0.00027359335726653974,-5.4029026146782406e-05
0.45000000000000034,0.22192706037919288,0.37791268647260734,2.320889128795854e-07,0.00011842552927578281,0.00037473821086658646,0.001853009637000863,0.0,0.014872856164522583,0.00024671765297808597,-5.544965173700105e-05,0.22192706037919288,0.37791268647260734,2.320889128795854e-07,0.00011842552927578281,0.00037473821086658646,0.001853009637000865,0.0,0.014872856164522583,0.00024671765297808597,-5.544965173700111e-05
0.46000000000000035,0.22200154177386874,0.41027148135878794,2.3796727938080834e-07,0.00012187313701131826,0.0003840909200466007,0.0018993773094732793,0.0,0.015273493709845945,0.0002185718981616458,-5.684352031348674e-05,0.22200154177386874,0.41027148135878794,2.3796727938080834e-07,0.00012187313701131826,0.0003840909200466007,0.0018993773094732797,0.0,0.015273493709845945,0.0002185718981616458,-5.684352031348674e-05
0.47000000000000036,0.2220799853206288,0.4444124760067901,2.438439698580655e-07,0.0001252807086516227,0.0003934368274641232,0.001944734710753026,0.0,0.015668143409843467,0.00018912734586342406,-5.8207441034070355e-05,0.2220799853206288,0.4444124760067901,2.438439698580655e-07,0.0001252807086516227,0.0003934368274641232,0.001944734710753027,0.0,0.015668143409843457,0.00018912734586341436,-5.8207441034070376e-05
0.48000000000000037,0.22216247905343275,0.4803759558756293,2.4970805796069034e-07,0.00012864406673328838,0.0004027582366655728,0.001988950018162153,0.0,0.016056181410419094,0.00015833911680487034,-5.9537520753347985e-05,0.22216247905343275,0.4803759558756293,2.4970805796069034e-07,0.00012864406673328838,0.0004027582366655728,0.001988950018162153,0.0,0.016056181410419083,0.00015833911680487034,-5.9537520753348e-05
0.4900000000000004,0.222249107982261,0.5182009845580842,2.555466672988169e-07,0.00013195865692374882,0.00041203420341212214,0.002031873936609539,0.0,0.016436975962399184,0.0001261524069411685,-6.0829325476006975e-05,0.222249107982261,0.5182009845580842,2.555466672988169e-07,0.00013195865692374882,0.00041203420341212214,0.0020318739366095404,0.0,0.016436975962399174,0.0001261524069411685,-6.082932547600699e-05
0.5000000000000003,0.22233995398281814,0.5579253176164105,2.6134574241160016e-07,0.00013521964641774383,0.00042124181182637467,0.0020733453273605283,0.0,0.016809898105967124,9.250837170627914e-05,-6.207804896195119e-05,0.22233995398281814,0.5579253176164105,2.6134574241160016e-07,0.00013521964641774383,0.00042124181182637467,0.002073345327360526,0.0,0.016809898105967114,9.250837170627914e-05,-6.207804896195115e-05
0.5100000000000003,0.22243509569177106,0.5995853177421306,2.670907679798259e-07,0.00013842202569357384,0.00043035736851889745,0.0021131967806499495,0.0,0.017174331361481224,5.7349453869619266e-05,-6.32786804039573e-05,0.22243509569177106,0.5995853177421306,2.670907679798259e-07,0.00013842202569357384,0.00043035736851889745,0.002113196780649945,0.0,0.017174331361481214,5.734945386960956e-05,-6.327868040395717e-05
0.5200000000000004,0.22253460840640701,0.643215872603159,2.7276741032650103e-07,0.00014156070863218136,0.00043935746944803906,0.0021512599020530277,0.0,0.017529680121664937,2.0623978237931112e-05,-6.442616415499771e-05,0.22253460840640701,0.643215872603159,2.7276741032650103e-07,0.00014156070863218136,0.00043935746944803906,0.002151259902053022,0.0,0.017529680121664917,2.062397823792141e-05,-6.442616415499755e-05
0.5300000000000004,0.222638563987753,0.6888503165523996,2.78362062105434e-07,0.00014463062669723198,0.0004482199064734307,0.00218737012312195,0.0,0.017875376533906553,-1.7710108105005462e-05,-6.551554569280184e-05,0.222638563987753,0.6888503165523996,2.78362062105434e-07,0.00014463062669723198,0.0004482199064734307,0.002187370123121943,0.0,0.017875376533906535,-1.7710108105015165e-05,-6.551554569280163e-05
0.5400000000000004,0.2227470307663857,0.7365203571572257,2.838622757787432e-07,0.0001476268136623255,0.0004569243926623976,0.00222137089036952,0.0,0.01821088575240907,-5.768242390348234e-05,-6.654209931236408e-05,0.2227470307663857,0.7365203571572257,2.838622757787432e-07,0.0001476268136623255,0.0004569243926623976,0.0022213708903695123,0.0,0.018210885752409048,-5.768242390348234e-05,-6.654209931236385e-05
0.5500000000000004,0.22286007345035985,0.7862560072788799,2.8925708101879194e-07,0.00015054447821681084,0.0004654530933980635,0.0022531171325408605,0.0,0.018535709525339943,-9.930828789746628e-05,-6.750143440657621e-05,0.22286007345035985,0.7862560072788799,2.8925708101879194e-07,0.00015054447821681084,0.0004654530933980635,0.0022531171325408514,0.0,0.018535709525339922,-9.930828789748574e-05,-6.750143440657593e-05
0.5600000000000004,0.22297775303487474,0.838085523198881,2.94537183938306e-07,0.00015337906263267052,0.0004737909627039243,0.0022824779487201343,0.0,0.018849388158075082,-0.0001425877789026544,-6.838957848956472e-05,0.22297775303487474,0.838085523198881,2.94537183938306e-07,0.00015337906263267052,0.0004737909627039243,0.0022824779487201252,0.0,0.018849388158075082,-0.0001425877789026544,-6.838957848956445e-05
0.5700000000000004,0.22310012671349336,0.892035349064669,2.996950537123157e-07,0.00015612628650046485,0.0004819258923673356,0.0023093385011887357,0.0,0.019151500958064165,-0.0001875056612861178,-6.9203036357307e-05,0.22310012671349336,0.892035349064669,2.996950537123157e-07,0.00015612628650046485,0.0004819258923673356,0.0023093385011887253,0.0,0.019151500958064165,-0.00018750566128614696,-6.920303635730669e-05
0.5800000000000004,0.2232272477908997,0.948130067718532,3.04724905096539e-07,0.0001587821753070626,0.0004898486868894633,0.0023336011327712704,0.0,0.01944166531951034,-0.0002340320839327864,-6.993882587891279e-05,0.2232272477908997,0.948130067718532,3.04724905096539e-07,0.0001587821753070626,0.0004898486868894633,0.0023336011327712604,0.0,0.01944166531951034,-0.0002340320839328058,-6.99388258789125e-05
0.5900000000000004,0.22335916559733351,1.0063923577885885,3.096225882230276e-07,0.00016134307430898495,0.0004975528859339996,0.002355185759392452,0.0,0.019719534644660745,-0.0002821239418165477,-7.059449185963395e-05,0.22335916559733351,1.0063923577885885,3.096225882230276e-07,0.00016134307430898495,0.0004975528859339996,0.0023551857593924453,0.0,0.019719534644660745,-0.0002821239418165477,-7.059449185963373e-05
0.6000000000000004,0.22349592540497018,1.066842956764244,3.143854029370666e-07,0.00016380564873041915,0.0005050344576708024,0.002374029613161032,0.0,0.019984795324094817,-0.00033172677095863744,-7.116810015961641e-05,0.22349592540497018,1.066842956764244,3.143854029370666e-07,0.00016380564873041915,0.0005050344576708024,0.002374029613161028,0.0,0.019984795324094817,-0.00033172677095863744,-7.116810015961629e-05
0.6100000000000004,0.22363756834661405,1.1295006296522343,3.1901185126039464e-07,0.00016616687178002852,0.000512291390462647,0.002390086429824329,0.0,0.02023716301157391,-0.00038277704143703517,-7.165821484785442e-05,0.22363756834661405,1.1295006296522343,3.1901185126039464e-07,0.00016616687178002852,0.000512291390462647,0.0023900864298243263,0.0,0.02023716301157391,-0.00038277704143703517,-7.165821484785435e-05
0.6200000000000004,0.22378413133714614,1.1943821427178194,3.2350134670914045e-07,0.00016842400231792927,0.0005193232106740523,0.002403325186260253,0.0,0.020476378430367214,-0.00043520471279816784,-7.206386152808272e-05,0.22378413133714614,1.1943821427178194,3.2350134670914045e-07,0.00016842400231792927,0.0005193232106740523,0.0024033251862602494,0.0,0.020476378430367214,-0.00043520471279818724,-7.206386152808262e-05
0.6300000000000004,0.22393564699820986,1.2615022417548916,3.2785389728935314e-07,0.00017057455422836098,0.0005261304548963987,0.0024137284994531346,0.0,0.020702202938619345,-0.0004889359203106402,-7.238448016984902e-05,0.22393564699820986,1.2615022417548916,3.2785389728935314e-07,0.00017057455422836098,0.0005261304548963987,0.0024137284994531294,0.0,0.020702202938619324,-0.0004889359203106597,-7.238448016984887e-05
0.6400000000000005,0.224092143586637,1.330873634299717,3.320697766494724e-07,0.00017261625966061072,0.0005327141223136615,0.002421290799052445,0.0,0.02091441406468304,-0.000543895669752828,-7.261987081845947e-05,0.224092143586637,1.330873634299717,3.320697766494724e-07,0.00017261625966061072,0.0005327141223136615,0.002421290799052439,0.0,0.020914414064683022,-0.0005438956697528085,-7.261987081845928e-05
0.6500000000000005,0.2242536449271106,1.4025069752026575,3.361492000970686e-07,0.00017454702830198526,0.0005390751324941714,0.0024260163804226058,0.0,0.021112801198346787,-0.0006000104350269902,-7.277013540506472e-05,0.2242536449271106,1.4025069752026575,3.361492000970686e-07,0.00017454702830198526,0.0005390751324941714,0.002426016380422599,0.0,0.021112801198346767,-0.0006000104350269902,-7.277013540506448e-05
0.6600000000000005,0.22442017034953174,1.4764108549958959,3.40092015976632e-07,0.00017636490475884383,0.0005452138085377561,0.0024279174371353088,0.0,0.021297161595709022,-0.0006572105665369088,-7.283561866085153e-05,0.22442017034953174,1.4764108549958959,3.40092015976632e-07,0.00017636490475884383,0.0005452138085377561,0.0024279174371353044,0.0,0.021297161595709,-0.0006572105665369088,-7.283561866085142e-05
0.6700000000000005,0.2245917346315151,1.5525917905392275,3.4389742497600327e-07,0.00017806802595859544,0.0005511294042990098,0.002427012159515615,0.0,0.021467296822887588,-0.0007154324383673387,-7.281685076798369e-05,0.2245917346315151,1.5525917905392275,3.4389742497600327e-07,0.00017806802595859544,0.0005511294042990098,0.002427012159515609,0.0,0.021467296822887567,-0.0007154324383673583,-7.281685076798354e-05
0.6800000000000005,0.22476834794638245,1.6310542174869178,3.4756373338925114e-07,0.00017965458025963012,0.0005568196883643789,0.0024233229721818254,0.0,0.02162300973129027,-0.0007746202805839541,-7.27144939853007e-05,0.22476834794638245,1.6310542174869178,3.4756373338925114e-07,0.00017965458025963012,0.0005568196883643789,0.0024233229721818193,0.0,0.021623009731290253,-0.0007746202805839735,-7.271449398530052e-05
0.6900000000000005,0.22495001581695204,1.7118004841895476,3.5108814807946896e-07,0.00018112276969293556,0.0005622805952025641,0.002416874967898732,0.0,0.021764102023737825,-0.0008347276621239769,-7.252929500970599e-05,0.22495001581695204,1.7118004841895476,3.5108814807946896e-07,0.00018112276969293556,0.0005622805952025641,0.002416874967898726,0.0,0.021764102023737804,-0.0008347276621239769,-7.252929500970584e-05
0.7000000000000005,0.2251367390753572,1.7948308467236034,3.544666149093468e-07,0.00018247077646625943,0.0005675059496712346,0.002407694579152339,0.0,0.021890372440053773,-0.0008957186090129549,-7.226204436847106e-05,0.2251367390753572,1.7948308467236034,3.544666149093468e-07,0.00018247077646625943,0.0005675059496712346,0.002407694579152333,0.0,0.021890372440053773,-0.0008957186090129549,-7.226204436847086e-05
0.7100000000000005,0.22532851382905042,1.880143464822162,3.576937031885646e-07,0.00018369673456163858,0.0005724872662095283,0.0023958085138275787,0.0,0.022001615562415644,-0.0009575683537878937,-7.191354367450387e-05,0.22532851382905042,1.880143464822162,3.576937031885646e-07,0.00018369673456163858,0.0005724872662095283,0.002395808513827578,0.0,0.022001615562415644,-0.0009575683537878937,-7.191354367450384e-05
0.7200000000000005,0.2255253314330816,1.9677343985596718,3.6076253542529386e-07,0.0001847987069600412,0.0005772136230980018,0.002381242965554557,0.0,0.02209762121589771,-0.001020263734793525,-7.148458110983249e-05,0.2255253314330816,1.9677343985596718,3.6076253542529386e-07,0.0001847987069600412,0.0005772136230980018,0.0023812429655545608,0.0,0.02209762121589771,-0.0010202637347935446,-7.14845811098326e-05
0.7300000000000005,0.2257271784686708,2.0575976057186622,3.6366475858133313e-07,0.00018577466874691786,0.0005816716074350363,0.0023640230971422914,0.0,0.022178174419455715,-0.0010838032674214738,-7.097591512270364e-05,0.2257271784686708,2.0575976057186622,3.6366475858133313e-07,0.00018577466874691786,0.0005816716074350363,0.0023640230971422914,0.0,0.022178174419455715,-0.001083803267421493,-7.097591512270368e-05
0.7400000000000005,0.22593403672803666,2.149724939834568,3.6639055608444277e-07,0.0001866224960957991,0.0005858453251937494,0.0023441727831858008,0.0,0.022243055826404557,-0.001148196922320574,-7.038826595397789e-05,0.22593403672803666,2.149724939834568,3.6639055608444277e-07,0.0001866224960957991,0.0005858453251937494,0.0023441727831857995,0.0,0.022243055826404557,-0.0011481969223205545,-7.038826595397789e-05
0.7500000000000006,0.22614588320539405,2.2441061489730254,3.6892869267520255e-07,0.00018733996090745733,0.0005897164684589227,0.0023217145889563896,0.0,0.022292042582483747,-0.0012134656546663597,-6.972231433481093e-05,0.22614588320539405,2.2441061489730254,3.6892869267520255e-07,0.00018733996090745733,0.0005897164684589227,0.0023217145889563836,0.0,0.022292042582483747,-0.0012134656546663597,-6.972231433481075e-05
0.7600000000000006,0.22636269009398738,2.340728875342773,3.7126658991493077e-07,0.0001879247306966263,0.0005932644317271636,0.0022966699553334047,0.0,0.022324909522315316,-0.0012796407240765583,-6.89787064597035e-05,0.22636269009398738,2.340728875342773,3.7126658991493077e-07,0.0001879247306966263,0.0005932644317271636,0.0022966699553333956,0.0,0.022324909522315316,-0.0012796407240765779,-6.897870645970324e-05
0.7700000000000006,0.22658442478899726,2.4395786558838695,3.7339042479991016e-07,0.00018837437317758467,0.0005964664669271404,0.002269059554526227,0.0,0.022341430622997614,-0.0013467628587894992,-6.815806419873187e-05,0.22658442478899726,2.4395786558838695,3.7339042479991016e-07,0.00018837437317758467,0.0005964664669271404,0.0022690595545262213,0.0,0.022341430622997656,-0.0013467628587894992,-6.815806419873162e-05
0.7800000000000006,0.22681104989613654,2.5406389239969553,3.752852459315991e-07,0.00018868636489756025,0.0005992978686423651,0.002238903778553651,0.0,0.02234138063401094,-0.001414881303394258,-6.726099940387542e-05,0.22681104989613654,2.5406389239969553,3.752852459315991e-07,0.00018868636489756025,0.0005992978686423651,0.0022389037785536573,0.0,0.022341380634010977,-0.0014148813033942192,-6.726099940387558e-05
0.7900000000000006,0.22704252324573448,2.643891012594472,3.7693510310177647e-07,0.0001888581032048961,0.0006017321791361086,0.002206223321518531,0.0,0.022324536807486566,-0.0014840527994422425,-6.62881311493729e-05,0.22704252324573448,2.643891012594472,3.7693510310177647e-07,0.0001888581032048961,0.0006017321791361086,0.0022062233215185364,0.0,0.022324536807486604,-0.0014840527994422232,-6.628813114937306e-05
0.8000000000000006,0.2272787979121101,2.7493141586581493,3.783231830777072e-07,0.00018888692082009523,0.0006037414050425923,0.00217103981789943,0.0,0.022290680659558044,-0.0015543405341080202,-6.524010476173987e-05,0.2272787979121101,2.7493141586581493,3.783231830777072e-07,0.00018888692082009523,0.0006037414050425923,0.002171039817899438,0.0,0.022290680659558082,-0.0015543405341080009,-6.524010476174011e-05
0.8100000000000006,0.22751982223803183,2.8568855094842416,3.794319488597077e-07,0.00018877010228269723,0.0006052962379002872,0.0021333765009155328,0.0,0.022239599702048723,-0.0016258130947149675,-6.411761155534834e-05,0.22751982223803183,2.8568855094842416,3.794319488597077e-07,0.00018877010228269723,0.0006052962379002872,0.0021333765009155397,0.0,0.022239599702048723,-0.0016258130947149675,-6.411761155534853e-05
0.8200000000000006,0.2277655398640755,2.9665801307842377,3.802432775105244e-07,0.00018850490159201641,0.0006063662713456332,0.002093258849516822,0.0,0.02217108909486905,-0.0016985434565761292,-6.29214083158249e-05,0.2277655398640755,2.9665801307842377,3.802432775105244e-07,0.00018850490159201641,0.0006063662713456332,0.0020932588495168303,0.0,0.02217108909486905,-0.0016985434565761292,-6.292140831582516e-05
0.8300000000000006,0.2280158897627028,3.078371016791488,3.807385932087484e-07,0.00018808856041932455,0.0006069202097447034,0.0020507151959496535,0.0,0.022084953179148197,-0.0017726080271180445,-6.165233567860226e-05,0.2280158897627028,3.078371016791488,3.807385932087484e-07,0.00018808856041932455,0.0006069202097447034,0.00205071519594966,0.0,0.022084953179148197,-0.0017726080271180055,-6.165233567860248e-05
0.8400000000000006,0.22827080627690519,3.1922291025006055,3.8089899412043123e-07,0.0001875183263517564,0.0006069260637146224,0.002005777271864176,0.0,0.02198100686333218,-0.0018480857627343583,-6.0311334721870154e-05,0.22827080627690519,3.1922291025006055,3.8089899412043123e-07,0.0001875183263517564,0.0006069260637146224,0.0020057772718641864,0.0,0.02198100686333218,-0.0018480857627343195,-6.031133472187044e-05
0.8500000000000006,0.22853021916327199,3.3081232781402723,3.807053703268696e-07,0.00018679147072264463,0.0006063513300348229,0.0019584806756379617,0.0,0.02185907684458885,-0.0019250573688863904,-5.889946124088474e-05,0.22853021916327199,3.3081232781402723,3.807053703268696e-07,0.00018679147072264463,0.0006063513300348229,0.001958480675637972,0.0,0.02185907684458885,-0.0019250573688863904,-5.889946124088504e-05
0.8600000000000007,0.2287940536393691,3.4260204059524453,3.801385129794351e-07,0.00018590530568278439,0.0006051631535881675,0.0019088652491414061,0.0,0.021719002658147257,-0.0020036045879560037,-5.74178973353099e-05,0.2287940536393691,3.4260204059524453,3.801385129794351e-07,0.00018590530568278439,0.0006051631535881675,0.001908865249141409,0.0,0.021719002658147257,-0.002003604587955965,-5.7417897335310043e-05
0.8700000000000007,0.22906223043533186,3.5458853393230916,3.7917921423514047e-07,0.00018485720026986156,0.0006033284712047153,0.0018569753573490846,0.0,0.02156063755603055,-0.002083809574730683,-5.586796009217929e-05,0.22906223043533186,3.5458853393230916,3.7917921423514047e-07,0.00018485720026986156,0.0006033284712047153,0.0018569753573490907,0.0,0.021560637556030587,-0.002083809574730683,-5.586796009217946e-05
0.8800000000000007,0.22933466584959614,3.6676809442815697,3.778083578688504e-07,0.00018364459533718253,0.0006008141376562139,0.0018028600687194493,0.0,0.021383849224496175,-0.002165754354177146,-5.4251107295347106e-05,0.22933466584959614,3.6676809442815697,3.778083578688504e-07,0.00018364459533718253,0.0006008141376562139,0.001802860068719456,0.0,0.021383849224496175,-0.002165754354177146,-5.425110729534734e-05
0.8900000000000007,0.22961127180871133,3.791368123361735,3.760070035155081e-07,0.00018226501729422752,0.0005975870348572651,0.0017465732388305798,0.0,0.0211885203556905,-0.0022495203544471987,-5.25689402176024e-05,0.22961127180871133,3.791368123361735,3.760070035155081e-07,0.00018226501729422752,0.0005975870348572651,0.0017465732388305803,0.0,0.0211885203556905,-0.0022495203544471987,-5.256894021760244e-05
0.9000000000000007,0.22989195593119333,3.9169058417938944,3.7375646376413453e-07,0.00018071609070370592,0.0005936141663468815,0.0016881735026731126,0.0,0.02097454909357919,-0.0023351880036033834,-5.0823203653399745e-05,0.22989195593119333,3.9169058417938944,3.7375646376413453e-07,0.00018071609070370592,0.0005936141663468815,0.0016881735026731029,0.0,0.02097454909357919,-0.0023351880036034224,-5.082320365339949e-05
0.9100000000000007,0.23017662159538774,4.044251155978452,3.7103837851438104e-07,0.0001789955498529983,0.0005888627397284644,0.0016277241844527906,0.0,0.02074184937775621,-0.0024228363765792125,-4.901578344792746e-05,0.23017662159538774,4.044251155978452,3.7103837851438104e-07,0.0001789955498529983,0.0005888627397284644,0.0016277241844527867,0.0,0.02074184937775621,-0.0024228363765792125,-4.901578344792727e-05
0.9200000000000007,0.23046516801132608,4.173359244175653,3.678347872722896e-07,0.00017710124948686358,0.0005833002394090884,0.001565293135355378,0.0,0.020490351210040243,-0.0025125428820611364,-4.714870182852043e-05,0.23046516801132608,4.173359244175653,3.678347872722896e-07,0.00017710124948686358,0.0005833002394090884,0.0015652931353553861,0.0,0.020490351210040243,-0.0025125428820611364,-4.714870182852064e-05
0.9300000000000007,0.23075749029655832,4.304183439333778,3.6412820341436456e-07,0.00017503117494267842,0.0005768944924369843,0.0015009525115063677,0.0,0.020220000869887927,-0.0026043829706008602,-4.522411090758939e-05,0.23075749029655832,4.304183439333778,3.6412820341436456e-07,0.00017503117494267842,0.0005768944924369843,0.0015009525115063887,0.0,0.020220000869887927,-0.0026043829706007826,-4.5224110907590043e-05
0.9400000000000007,0.2310534795559578,4.436675263970356,3.59901693140525e-07,0.00017278345197222901,0.0005696137310503273,0.001434778504474563,0.0,0.019930761103096006,-0.002698429856003254,-4.324428472210455e-05,0.2310534795559578,4.436675263970356,3.59901693140525e-07,0.00017278345197222901,0.0005696137310503273,0.0014347785044745828,0.0,0.019930761103096006,-0.002698429856003254,-4.324428472210517e-05
0.9500000000000007,0.23135302296548213,4.570784467015379,3.5513896132425446e-07,0.00017035635657213722,0.0005614266539919696,0.0013668510374219617,0.0,0.019622611307107934,-0.002794754233289398,-4.12116102039493e-05,0.23135302296548213,4.570784467015379,3.5513896132425446e-07,0.00017035635657213722,0.0005614266539919696,0.0013668510374219803,0.0,0.019622611307107934,-0.002794754233289359,-4.121161020394982e-05
0.9600000000000007,0.23165600385988486,4.70645906252489,3.4982445035044743e-07,0.00016774832517022577,0.0005523024894907847,0.0012972534388608111,0.0,0.019295547733553846,-0.0028934239859619293,-3.912857744482828e-05,0.23165600385988486,4.70645906252489,3.4982445035044743e-07,0.00016774832517022577,0.0005523024894907847,0.0012972534388608148,0.0,0.019295547733553846,-0.0028934239859619293,-3.912857744482842e-05
0.9700000000000008,0.23196230182435656,4.843645370173602,3.439434548369595e-07,0.00016495796554380607,0.0005422110622441489,0.0012260721056636152,0.0,0.018949583725354945,-0.0029945038704178974,-3.699776960369348e-05,0.23196230182435656,4.843645370173602,3.439434548369595e-07,0.00016495796554380607,0.0005422110622441489,0.0012260721056636236,0.0,0.018949583725354983,-0.0029945038704178584,-3.699776960369368e-05
0.9800000000000008,0.23227179279007673,4.982288057440135,3.374822573864195e-07,0.00016198406886723245,0.0005311228661635877,0.0011533961652032375,0.0,0.018584750002428114,-0.0030980551734357984,-3.48218527615552e-05,0.23227179279007673,4.982288057440135,3.374822573864195e-07,0.00016198406886723245,0.0005311228661635877,0.0011533961652032529,0.0,0.018584750002428152,-0.0030980551734357984,-3.482185276155563e-05
0.9900000000000008,0.2325843491336418,5.122330183403382,3.304282928845575e-07,0.0001588256233199217,0.0005190091444929485,0.0010793171453808697,0.0,0.018201095006102376,-0.003204135335872926,-3.2603565987583406e-05,0.2325843491336418,5.122330183403382,3.304282928845575e-07,0.0001588256233199217,0.0005190091444929485,0.0010793171453808896,0.0,0.018201095006102414,-0.003204135335872926,-3.260356598758398e-05
1.0000000000000007,0.23289983978033288,5.263713244075753,3.2277034863540824e-07,0.00015548182972999365,0.0005058419777380157,0.0010039286594765112,0.0,0.017798685308860723,-0.0033127975404204702,-3.0345711833939326e-05,0.23289983978033288,5.263713244075753,3.2277034863540824e-07,0.00015548182972999365,0.0005058419777380157,0.0010039286594765273,0.0,0.01779868530886076,-0.003312797540420509,-3.03457118339398e-05
1.0099999999999996,0.23321813031117195,5.406377219207594,3.1449881208887345e-07,0.0001519521197919925,0.0004915943816721216,0.000927326110958951,0.0,0.017377606091959458,-0.0034240902630092275,-2.8051147412645065e-05,0.23321813031117195,5.406377219207594,3.1449881208887345e-07,0.0001519521197919925,0.0004915943816721216,0.0009273261109589599,0.0,0.017377606091959458,-0.0034240902630091885,-2.8051147412645363e-05
1.0199999999999985,0.23353908307370908,5.550260620505068,3.0560598024796066e-07,0.0001482361774981085,0.0004762404133122293,0.00084960642207578,0.0,0.016937961690665367,-0.0035380567882428602,-2.5722776179741873e-05,0.23353908307370908,5.550260620505068,3.0560598024796066e-07,0.0001482361774981085,0.0004762404133122293,0.0008496064220757895,0.0,0.016937961690665405,-0.0035380567882428602,-2.572277617974213e-05
1.0299999999999974,0.2338625572964712,5.695300541212477,2.960864532333026e-07,0.0001443339645705026,0.00045975528655117846,0.0007708677879482612,0.0,0.016479876203299042,-0.0036547346931075308,-2.3363540479645373e-05,0.2338625572964712,5.695300541212477,2.960864532333026e-07,0.0001443339645705026,0.00045975528655117846,0.0007708677879482657,0.0,0.016479876203299083,-0.0036547346931075308,-2.3363540479645475e-05
1.0399999999999963,0.2341884092069961,5.841432707018751,2.859376414923533e-07,0.00014024575090233196,0.00044211549666367875,0.0006912094567149387,0.0,0.016003494157917957,-0.0037741553015236073,-2.0976414872403593e-05,0.2341884092069961,5.841432707018751,2.859376414923533e-07,0.00014024575090233196,0.00044211549666367875,0.000691209456714945,0.0,0.016003494157917998,-0.0037741553015236073,-2.0976414872403755e-05
1.0499999999999952,0.23451649215336462,5.988591528254716,2.7516043070532424e-07,0.00013597215134588208,0.0004232989517331904,0.0006107315351814095,0.0,0.01550898122837142,-0.0038963431161251226,-1.8564400228006126e-05,0.23451649215336462,5.988591528254716,2.7516043070532424e-07,0.00013597215134588208,0.0004232989517331904,0.0006107315351814176,0.0,0.01550898122837146,-0.0038963431161251226,-1.8564400228006353e-05
1.059999999999994,0.23484665672913826,6.136710153355128,2.637600725918889e-07,0.00013151417066890878,0.0004032851117821083,0.0005295348177693944,0.0,0.014996524989597504,-0.004021315234449163,-1.6130518528601763e-05,0.23484665672913826,6.136710153355128,2.637600725918889e-07,0.00013151417066890878,0.0004032851117821083,0.000529534817769398,0.0,0.014996524989597504,-0.004021315234449202,-1.61305185286019e-05
1.069999999999993,0.23517875090160248,6.285720523564747,2.51747400795532e-07,0.00012687325921974696,0.00038205513295902786,0.0004477206363949037,0.0,0.014466335701023103,-0.004149080754461687,-1.3677808305843567e-05,0.23517875090160248,6.285720523564747,2.51747400795532e-07,0.00012687325921974696,0.00038205513295902786,0.0004477206363949109,0.0,0.014466335701023143,-0.004149080754461687,-1.367780830584379e-05
1.0799999999999919,0.23551262014320878,6.435553428872703,2.3914052849636667e-07,0.00012205138291153882,0.00035959201595614867,0.0003653907276865832,0.0,0.013918647106158016,-0.004279640179673844,-1.1209320611410178e-05,0.23551262014320878,6.435553428872703,2.3914052849636667e-07,0.00012205138291153882,0.00035959201595614867,0.0003653907276865834,0.0,0.013918647106158056,-0.004279640179673883,-1.120932061141019e-05
1.0899999999999908,0.23584810756610733,6.586138565162525,2.2596727390271436e-07,0.00011705111274691453,0.00033588075790620496,0.00028264711416689715,0.0,0.013353717236177527,-0.004412984827770816,-8.728115414063642e-06,0.23584810756610733,6.586138565162525,2.2596727390271436e-07,0.00011705111274691453,0.00033588075790620496,0.00028264711416689764,0.0,0.013353717236177565,-0.004412984827770816,-8.728115414063687e-06
1.0999999999999897,0.23618505405965434,6.737404592567259,2.1226870840092116e-07,0.00011187574156478856,0.0003109085050936181,0.0001995919951474483,0.0,0.012771829205504043,-0.004549096254076873,-6.237258304108792e-06,0.23618505405965434,6.737404592567259,2.1226870840092116e-07,0.00011187574156478856,0.0003109085050936181,0.00019959199514745985,0.0,0.012771829205504043,-0.004549096254076834,-6.237258304109156e-06
1.1099999999999886,0.23652329843078063,6.889279195020689,1.981044702439679e-07,0.00010652943950218479,0.000284664706403538,0.00011632764367015313,0.0,0.012173291987612394,-0.004687945694225965,-3.7398173876637903e-06,0.23652329843078063,6.889279195020689,1.981044702439679e-07,0.00010652943950218479,0.000284664706403538,0.00011632764367015961,0.0,0.012173291987612394,-0.004687945694225965,-3.7398173876639945e-06
1.1199999999999875,0.23686267754710108,7.04168914099467,1.8356091213354693e-07,0.0001010174656949685,0.0002571412649643284,3.2956305849652144e-05,0.0,0.011558441160441236,-0.004829493532612572,-1.2388602659237723e-06,0.23686267754710108,7.04168914099467,1.8356091213354693e-07,0.0001010174656949685,0.0002571412649643284,3.295630584965123e-05,0.0,0.011558441160441236,-0.004829493532612611,-1.2388602659237552e-06
1.1299999999999863,0.23720302648264943,7.194560345412856,1.6876385823654309e-07,9.534646346734721e-05,0.0002283326878371936,-5.041990095171098e-05,0.0,0.01092763961110868,-0.004973688805607446,1.2625490148174163e-06,0.23720302648264943,7.194560345412856,1.6876385823654309e-07,9.534646346734721e-05,0.0002283326878371936,-5.0419900951711435e-05,0.0,0.01092763961110868,-0.004973688805607407,1.2625490148173712e-06
1.1399999999999852,0.23754417866611696,7.34781793272831,1.5389890327046017e-07,8.952488234371844e-05,0.0001982362314056931,-0.0001336990941183837,0.0,0.010281278191350485,-0.005120468741615586,3.7613531229684065e-06,0.23754417866611696,7.34781793272831,1.5389890327046017e-07,8.952488234371844e-05,0.0001982362314056931,-0.00013369909411838632,0.0,0.010281278191350446,-0.005120468741615586,3.7613531229685145e-06
1.1499999999999841,0.23788596603147819,7.501386301150253,1.3924385356510954e-07,8.356359746700256e-05,0.0001668520425796476,-0.00021677973823920315,0.0,0.009619776315701146,-0.005269758344276542,6.254504795806255e-06,0.23788596603147819,7.501386301150253,1.3924385356510954e-07,8.356359746700256e-05,0.0001668520425796476,-0.0002167797382392004,0.0,0.009619776315701106,-0.005269758344276542,6.2545047958062065e-06
1.159999999999983,0.2382282191708868,7.6551891880028995,1.2521945524109206e-07,7.747684446034719e-05,0.00013418329382240755,-0.0002995607662848335,0.0,0.008943582495950758,-0.005421470024043756,8.738970445669531e-06,0.2382282191708868,7.6551891880028995,1.2521945524109206e-07,7.747684446034719e-05,0.00013418329382240755,-0.00029956076628483044,0.0,0.00894358249595072,-0.005421470024043756,8.738970445669418e-06
1.169999999999982,0.23857076748972333,7.809149736195145,1.124623119898463e-07,7.128367277853731e-05,0.00010023631186153968,-0.00038194171050178946,0.0,0.0082531748066355,-0.00557550327791575,1.1211734056351008e-05,0.23857076748972333,7.809149736195145,1.124623119898463e-07,7.128367277853731e-05,0.00010023631186153968,-0.00038194171050178263,0.0,0.00825317480663546,-0.005575503277915711,1.1211734056350835e-05
1.1799999999999808,0.23891343936368187,7.963190561777045,1.0190510289606489e-07,6.501027723300796e-05,6.502069901426616e-05,-0.0004638228442498798,0.0,0.00754906127729022,-0.0057317444248879915,1.3669801404368298e-05,0.23891343936368187,7.963190561777045,1.0190510289606489e-07,6.501027723300796e-05,6.502069901426616e-05,-0.00046382284424988926,0.0,0.007549061277290181,-0.00573174442488803,1.3669801404368572e-05
1.1899999999999797,0.23925606229777893,8.117233822554928,9.478786605346855e-08,5.8693863569037015e-05,2.8549446650572235e-05,-0.0005451053348785006,0.0,0.006831780208229443,-0.005890066394559246,1.6110204612248382e-05,0.23925606229777893,8.117233822554928,9.478786605346855e-08,5.8693863569037015e-05,2.8549446650572235e-05,-0.0005451053348785127,0.0,0.006831780208229404,-0.005890066394559246,1.611020461224878e-05
1.1999999999999786,0.23959846308717406,8.271201287734003,9.243167231908699e-08,5.2389273822649575e-05,-9.160959721267149e-06,-0.0006256914073716706,0.0,0.006101900407680822,-0.006050328572991664,1.853000702713199e-05,0.23959846308717406,8.271201287734003,9.243167231908699e-08,5.2389273822649575e-05,-9.160959721267149e-06,-0.0006256914073716665,0.0,0.006101900407680783,-0.006050328572991664,1.853000702713191e-05
1.2099999999999775,0.23994046797969001,8.425014408553315,9.569525597849154e-08,4.618068744618385e-05,-4.8090444484630365e-05,-0.000705484518136896,0.0,0.005360021349107541,-0.00621237670532625,2.092630840377613e-05,0.23994046797969001,8.425014408553315,9.569525597849154e-08,4.618068744618385e-05,-4.8090444484630365e-05,-0.0007054845181368904,0.0,0.005360021349107541,-0.006212376705326211,2.092630840377594e-05
1.2199999999999764,0.24028190283992001,8.578594389875235,1.045130916785949e-07,4.02026579272005e-05,-8.821525469737862e-05,-0.0007843895380112737,0.0,0.0046067732474876335,-0.006376042857530034,2.3296250370612584e-05,0.24028190283992001,8.578594389875235,1.045130916785949e-07,4.02026579272005e-05,-8.821525469737862e-05,-0.000784389538011277,0.0,0.0046067732474876335,-0.006376042857530073,2.329625037061265e-05
1.2299999999999753,0.24062259331481453,8.731862262688605,1.1804852218211079e-07,3.467726207719137e-05,-0.0001295078830397382,-0.0008623129427506191,0.0,0.003842817055066955,-0.006541145434091844,2.5637022122327294e-05,0.24062259331481453,8.731862262688605,1.1804852218211079e-07,3.467726207719137e-05,-0.0001295078830397382,-0.0008623129427506291,0.0,0.003842817055066955,-0.006541145434091883,2.5637022122327653e-05
1.2399999999999742,0.24096236500063736,8.884738957481671,1.352371882284263e-07,2.9972100741972663e-05,-0.00017193700005576376,-0.0009391630097437847,0.0,0.0030688443761447085,-0.006707489254803661,2.79458663066906e-05,0.24096236500063736,8.884738957481671,1.352371882284263e-07,2.9972100741972663e-05,-0.00017193700005576376,-0.000939163009743811,0.0,0.0030688443761446695,-0.006707489254803739,2.794586630669136e-05
1.2499999999999731,0.2413010436111806,9.037145378439474,1.5516339156507147e-07,2.6652464086805127e-05,-0.00021546739664890925,-0.0010148500186922909,0.0,0.0022855773020677207,-0.00687486568703925,3.0220085033843867e-05,0.2413010436111806,9.037145378439474,1.5516339156507147e-07,2.6652464086805127e-05,-0.00021546739664890925,-0.0010148500186923193,0.0,0.002285577302067682,-0.00687486568703925,3.0220085033844693e-05
1.259999999999972,0.24163845514713053,9.189002478417745,1.771545387673129e-07,2.5396125786305812e-05,-0.0002600599371752079,-0.001089286454553136,0.0,0.0014937681666139183,-0.007043052835888047,3.245704596279331e-05,0.24163845514713053,9.189002478417745,1.771545387673129e-07,2.5396125786305812e-05,-0.0002600599371752079,-0.001089286454553168,0.0,0.0014937681666138793,-0.007043052835888047,3.245704596279419e-05
1.269999999999971,0.24197442606647485,9.340231334644132,2.007427598409223e-07,2.6611759224919465e-05,-0.0003056715225297543,-0.0011623872105802876,0.0,0.0006941992229173469,-0.007211815788413162,3.4654188393294885e-05,0.24197442606647485,9.340231334644132,2.007427598409223e-07,2.6611759224919465e-05,-0.0003056715225297543,-0.001162387210580309,0.0,0.0006941992229173078,-0.007211815788413162,3.4654188393295624e-05
1.2799999999999698,0.24230878345584214,9.490753225096434,2.2560317328305396e-07,3.0094208117195678e-05,-0.00035225506484221167,-0.0012340697892305064,0.0,-0.00011231775737544081,-0.0073809069130295665,3.680902930250442e-05,0.24230878345584214,9.490753225096434,2.2560317328305396e-07,3.0094208117195678e-05,-0.00035225506484221167,-0.0012340697892305114,0.0,-0.0001123177573754794,-0.0073809069130295665,3.680902930250455e-05
1.2899999999999687,0.2426413552026612,9.640489705506184,2.5150441149500977e-07,3.5250343723244836e-05,-0.000399759472267399,-0.0013042544992805838,0.0,-0.0009249419621765453,-0.007550066212241635,3.891916927451747e-05,0.2426413552026612,9.640489705506184,2.5150441149500977e-07,3.5250343723244836e-05,-0.000399759472267399,-0.0013042544992805949,0.0,-0.0009249419621765839,-0.007550066212241674,3.8919169274517734e-05
1.2999999999999676,0.24297197016803118,9.789362686935704,2.7827513944844775e-07,4.151701655568172e-05,-0.0004481296463390697,-0.0013728646465756905,0.0,-0.001742804093292066,-0.007719021727485143,4.098229824138916e-05,0.24297197016803118,9.789362686935704,2.7827513944844775e-07,4.151701655568172e-05,-0.0004481296463390697,-0.001372864646575686,0.0,-0.001742804093292105,-0.007719021727485143,4.0982298241389066e-05
1.3099999999999665,0.24330045836018918,9.937294513875775,3.0578258823766674e-07,4.850816477585891e-05,-0.0004973064901630206,-0.001439826717107562,0.0,-0.002565006996873509,-0.007887489995997015,4.299620100359128e-05,0.24330045836018918,9.937294513875775,3.0578258823766674e-07,4.850816477585891e-05,-0.0004973064901630206,-0.0014398267171075551,0.0,-0.002565006996873509,-0.007887489995997055,4.2996201003591124e-05
1.3199999999999654,0.24362665110846363,10.084208042811072,3.33918947192633e-07,5.598462741299245e-05,-0.000547226928906225,-0.0015050705503205108,0.0,-0.0033906263694773505,-0.008055176557899413,4.4958762459728084e-05,0.24362665110846363,10.084208042811072,3.33918947192633e-07,5.598462741299245e-05,-0.000547226928906225,-0.0015050705503204974,0.0,-0.0033906263694773505,-0.008055176557899373,4.495876245972776e-05
1.3299999999999643,0.24395038123759852,10.230026721200149,3.625926817316335e-07,6.37987164695004e-05,-0.0005978239430527127,-0.0015685295009760796,0.0,-0.0042187115395370565,-0.008221776511508128,4.6867972498109315e-05,0.24395038123759852,10.230026721200149,3.625926817316335e-07,6.37987164695004e-05,-0.0005978239430527127,-0.0015685295009760913,0.0,-0.0042187115395370565,-0.008221776511508244,4.686797249810962e-05
1.3399999999999632,0.24427148324233355,10.37467466681682,3.9172291868081185e-07,7.185569890201965e-05,-0.000649026614101779,-0.0016301405883232657,0.0,-0.00504828632430987,-0.00838697511836109,4.872193051351818e-05,0.24427148324233355,10.37467466681682,3.9172291868081185e-07,7.185569890201965e-05,-0.000649026614101779,-0.0016301405883232748,0.0,-0.00504828632430987,-0.008386975118361128,4.872193051351858e-05
1.3499999999999621,0.24458979346212478,10.518076747399101,4.2123575372533716e-07,8.009142385898615e-05,-0.0007007601838726088,-0.0016898446309940376,0.0,-0.0058783499620194855,-0.00855044845420071,5.051884949761458e-05,0.24458979346212478,10.518076747399101,4.2123575372533716e-07,8.009142385898615e-05,-0.0007007601838726088,-0.0016898446309940455,0.0,-0.0058783499620194855,-0.00855044845420071,5.05188494976148e-05
1.359999999999961,0.24490515025588844,10.660158660552622,4.5106178899375434e-07,8.845978832824697e-05,-0.0007529461272944486,-0.0017475863668514244,0.0,-0.006707878119642202,-0.008711864106381657,5.225705968041305e-05,0.24490515025588844,10.660158660552622,4.5106178899375434e-07,8.845978832824697e-05,-0.0007529461272944486,-0.0017475863668514184,0.0,-0.006707878119642202,-0.008711864106381579,5.2257059680412974e-05
1.36999999999996,0.24521739417665053,10.800847013854474,4.811344647626989e-07,9.692564284810477e-05,-0.0008055022391785019,-0.0018033145561306058,0.0,-0.007535823976052791,-0.008870881915268936,5.393501167751288e-05,0.24521739417665053,10.800847013854474,4.811344647626989e-07,9.692564284810477e-05,-0.0008055022391785019,-0.0018033145561306058,0.0,-0.007535823976052752,-0.008870881915268936,5.393501167751289e-05
1.3799999999999588,0.24552636814598253,10.940069405103563,5.113889227790972e-07,0.00010546067070714306,-0.0008583427358557328,-0.0018569820674495087,0.0,-0.00836111938049292,-0.009027154758956024,5.5551279120810636e-05,0.24552636814598253,10.940069405103563,5.113889227790972e-07,0.00010546067070714306,-0.0008583427358557328,-0.00185698206744952,0.0,-0.008361119380492882,-0.009027154758956064,5.555127912081106e-05
1.3899999999999577,0.2458319176281055,11.077754502663579,5.417612247579389e-07,0.00011404092115424943,-0.0009113783713434459,-0.0019085459460223442,0.0,-0.009182676086649699,-0.009180329380628877,5.7104560761017564e-05,0.2458319176281055,11.077754502663579,5.417612247579389e-07,0.00011404092115424943,-0.0009113783713434459,-0.001908545946022352,0.0,-0.00918267608664966,-0.009180329380628838,5.7104560761017774e-05
1.3999999999999566,0.24613389080354056,11.21383212584325,5.721878189859421e-07,0.00012264528848121247,-0.0009645165690456949,-0.001957967462831899,0.0,-0.00999938706149644,-0.009330047254261559,5.859368200028491e-05,0.24613389080354056,11.21383212584325,5.721878189859421e-07,0.00012264528848121247,-0.0009645165690456949,-0.0019579674628319044,0.0,-0.0099993870614964,-0.009330047254261559,5.859368200028513e-05
1.4099999999999555,0.24643213874218658,11.348233325259404,6.026051815526175e-07,0.0001312545487601895,-0.0010176615686694633,-0.0020052121450257706,0.0,-0.010810127868777036,-0.009475945490154448,6.0017595860006144e-05,0.24643213874218658,11.348233325259404,6.026051815526175e-07,0.0001312545487601895,-0.0010176615686694633,-0.002005212145025781,0.0,-0.010810127868777036,-0.009475945490154408,6.001759586000644e-05
1.4199999999999544,0.24672651557570335,11.480890463126334,6.329495803137403e-07,0.00013985073545743013,-0.0010707145890754264,-0.002050249786505185,0.0,-0.01161375812624918,-0.009617657776132032,6.137538335990917e-05,0.24672651557570335,11.480890463126334,6.329495803137403e-07,0.00013985073545743013,-0.0010707145890754264,-0.0020502497865051914,0.0,-0.01161375812624918,-0.009617657776132032,6.13753833599094e-05
1.4299999999999533,0.24701687866907912,11.611737293415418,6.631569339170584e-07,0.0001484167270104114,-0.0011235740072922907,-0.002093054438638428,0.0,-0.012409123035445935,-0.009754815352547203,6.26662532977093e-05,0.24701687866907912,11.611737293415418,6.631569339170584e-07,0.0001484167270104114,-0.0011235740072922907,-0.0020930544386384368,0.0,-0.012409123035445935,-0.009754815352547163,6.266625329770951e-05
1.4399999999999522,0.24730308879126134,11.740709041827028,6.931627364771303e-07,0.00015693597062498466,-0.0011761355532112672,-0.002133604380856185,0.0,-0.013195054982708464,-0.009887048019560469,6.388954142978655e-05,0.24730308879126134,11.740709041827028,6.931627364771303e-07,0.00015693597062498466,-0.0011761355532112672,-0.00213360438085619,0.0,-0.013195054982708464,-0.009887048019560507,6.388954142978676e-05
1.449999999999951,0.24758501028472724,11.86774248551655,7.229020363605205e-07,0.00016539229585768212,-0.0012282925206413202,-0.0021718820710211937,0.0,-0.01397037520944841,-0.010013985173425555,6.504470904094177e-05,0.24758501028472724,11.86774248551655,7.229020363605205e-07,0.00016539229585768212,-0.0012282925206413202,-0.0021718820710211985,0.0,-0.013970375209448372,-0.010013985173425555,6.504470904094191e-05
1.45999999999995,0.24786251123387454,11.992776032514733,7.523094548929659e-07,0.00017376978879156385,-0.0012799359942989937,-0.002207874075382046,0.0,-0.01473389554956141,-0.010135256868676007,6.613134090519159e-05,0.24786251123387454,11.992776032514733,7.523094548929659e-07,0.00017376978879156385,-0.0012799359942989937,-0.002207874075382043,0.0,-0.01473389554956137,-0.010135256868676007,6.613134090519153e-05
1.469999999999949,0.2481354636321097,12.115749800781975,7.813192373992477e-07,0.00018205270801908546,-0.0013309550923575105,-0.0022415709783196475,0.0,-0.015484420231090918,-0.010250494903786789,6.714914263890996e-05,0.2481354636321097,12.115749800781975,7.813192373992477e-07,0.00018205270801908546,-0.0013309550923575105,-0.0022415709783196337,0.0,-0.015484420231090878,-0.01025049490378675,6.714914263890949e-05
1.4799999999999478,0.24840374354751105,12.236605696834307,8.0986533017481e-07,0.00019022543007288378,-0.0013812372249113684,-0.0022729672717584355,0.0,-0.016220747739162784,-0.010359333927017095,6.809793744387517e-05,0.24840374354751105,12.236605696834307,8.0986533017481e-07,0.00019022543007288378,-0.0013812372249113684,-0.002272967271758422,0.0,-0.016220747739162704,-0.010359333927017095,6.809793744387469e-05
1.4899999999999467,0.24866723128694668,12.355287493878086,8.378814779778502e-07,0.00019827241600753388,-0.0014306683671859877,-0.002302061224783359,0.0,-0.016941672736286738,-0.010461412558299864,6.897766225349193e-05,0.24866723128694668,12.355287493878086,8.378814779778502e-07,0.00019827241600753388,-0.0014306683671859877,-0.0023020612247833293,0.0,-0.01694167273628666,-0.010461412558299788,6.897766225349099e-05
1.4999999999999456,0.24892581155852544,12.471740909389048,8.653013390906413e-07,0.00020617819345132858,-0.0014791333472697703,-0.00232885473349069,0.0,-0.017645988036455163,-0.010556374523919065,6.978836328913267e-05,0.24892581155852544,12.471740909389048,8.653013390906413e-07,0.00020617819345132858,-0.0014791333472697703,-0.0023288547334906575,0.0,-0.017645988036455083,-0.010556374523919027,6.978836328913166e-05
1.5099999999999445,0.2491793736322588,12.585913682069826,8.920586148056806e-07,0.0002139273501650806,-0.00152651614789785,-0.002353353151642848,0.0,-0.018332486627829915,-0.010643869800483995,7.053019103566162e-05,0.2491793736322588,12.585913682069826,8.920586148056806e-07,0.0002139273501650806,-0.00152651614789785,-0.0023533531516428227,0.0,-0.018332486627829873,-0.010643869800483957,7.05301910356608e-05
1.5199999999999434,0.2494278114988148,12.697755648119214,9.180871913041657e-07,0.00022150453629107584,-0.0015727002209771465,-0.002375565102545912,0.0,-0.018999963739564536,-0.010723555763483217,7.120339465294206e-05,0.2494278114988148,12.697755648119214,9.180871913041657e-07,0.00022150453629107584,-0.0015727002209771465,-0.002375565102545895,0.0,-0.018999963739564495,-0.010723555763483217,7.120339465294155e-05
1.5299999999999423,0.2496710240262415,12.807218816744864,9.433212900362381e-07,0.00022889447325422896,-0.0016175688144774126,-0.0023955022730107285,0.0,-0.01964721894725081,-0.010795098336114556,7.18083158479248e-05,0.2496710240262415,12.807218816744864,9.433212900362381e-07,0.00022889447325422896,-0.0016175688144774126,-0.0023955022730107168,0.0,-0.019647218947250772,-0.010795098336114594,7.180831584792441e-05
1.5399999999999412,0.24990891511454105,12.9142574448501,9.67695628100904e-07,0.0002360819678109739,-0.0016610053099516977,-0.0024131791899843404,0.0,-0.02027305831089104,-0.010858173135660714,7.234538222414037e-05,0.24990891511454105,12.9142574448501,9.67695628100904e-07,0.0002360819678109739,-0.0016610053099516977,-0.0024131791899843357,0.0,-0.02027305831089108,-0.010858173135660754,7.234538222414018e-05
1.54999999999994,0.2501413938479745,13.018828110824472,9.911455839720849e-07,0.00024305193011471345,-0.0017028935702473082,-0.0024286129807195786,0.0,-0.020876296539638343,-0.01091246660948229,7.281510013603381e-05,0.2501413938479745,13.018828110824472,9.911455839720849e-07,0.00024305193011471345,-0.0017028935702473082,-0.002428612980719575,0.0,-0.020876296539638385,-0.010912466609482252,7.281510013603377e-05
1.559999999999939,0.2503683746449768,13.120889787366549,1.0136073695326222e-06,0.00024978939492928496,-0.0017431182953717083,-0.0024418231180518652,0.0,-0.02145575917629693,-0.010957677161732904,7.321804708727855e-05,0.2503683746449768,13.120889787366549,1.0136073695326222e-06,0.00024978939492928496,-0.0017431182953717083,-0.0024418231180518566,0.0,-0.02145575917629693,-0.010957677161732904,7.321804708727829e-05
1.569999999999938,0.25058977740556465,13.220403913266331,1.0350182053381804e-06,0.0002562795453080273,-0.0017815653854828673,-0.0024528311513038626,0.0,-0.022010284795365286,-0.010993516259708153,7.355486370312148e-05,0.25058977740556465,13.220403913266331,1.0350182053381804e-06,0.0002562795453080273,-0.0017815653854828673,-0.0024528311513038496,0.0,-0.022010284795365247,-0.010993516259708114,7.355486370312116e-05
1.5799999999999368,0.250805527656117,13.317334464074559,1.05531649953511e-06,0.00026250773819359375,-0.0018181223091275167,-0.0024616604247591992,0.0,-0.022538727206570425,-0.011019709520075766,7.382624531670763e-05,0.250805527656117,13.317334464074559,1.05531649953511e-06,0.00026250773819359375,-0.0018181223091275167,-0.0024616604247591828,0.0,-0.022538727206570425,-0.011019709520075766,7.382624531670715e-05
1.5899999999999357,0.2510155566914111,13.411648021584329,1.0744420274975174e-06,0.00026845953148581887,-0.0018526784756713825,-0.0024683357849963803,0.0,-0.023039957657457144,-0.01103599776883844,7.403293322231298e-05,0.2510155566914111,13.411648021584329,1.0744420274975174e-06,0.00026845953148581887,-0.0018526784756713825,-0.0024683357849963517,0.0,-0.023039957657457106,-0.011035997768838401,7.403293322231213e-05
1.5999999999999346,0.25121980171379565,13.503313842050927,1.09233611336206e-06,0.0002741207122048222,-0.0018851256090970559,-0.0024728832790101006,0.0,-0.02351286702674994,-0.011042138069769645,7.417570564244237e-05,0.25121980171379565,13.503313842050927,1.09233611336206e-06,0.0002741207122048222,-0.0018851256090970559,-0.002472883279010076,0.0,-0.0235128670267499,-0.011042138069769645,7.417570564244164e-05
1.6099999999999335,0.2514182059693845,13.592303923074635,1.1089418095131548e-06,0.0002794773254210738,-0.0019153581222916647,-0.0024753298446637878,0.0,-0.02395636800105825,-0.011037904717749477,7.425536846384685e-05,0.2514182059693845,13.592303923074635,1.1089418095131548e-06,0.0002794773254210738,-0.0019153581222916647,-0.002475329844663776,0.0,-0.023956368001058208,-0.011037904717749458,7.425536846384646e-05
1.6199999999999324,0.2516107188811544,13.678593069070942,1.1242040760012455e-06,0.00028451570367039295,-0.0019432734892163024,-0.0024757029958601988,0.0,-0.02436939722671432,-0.01102309019223754,7.427274580401313e-05,0.2516107188811544,13.678593069070942,1.1242040760012455e-06,0.00028451570367039295,-0.0019432734892163024,-0.0024757029958602022,0.0,-0.02436939722671428,-0.011023090192237558,7.427274580401316e-05
1.6299999999999313,0.2517972961788294,13.76215895525299,1.138069955669406e-06,0.00028922249659924453,-0.001968772613608648,-0.002474030504310126,0.0,-0.024750917429142406,-0.010997506065978596,7.42286704713083e-05,0.2517972961788294,13.76215895525299,1.138069955669406e-06,0.00028922249659924453,-0.001968772613608648,-0.002474030504310122,0.0,-0.024750917429142406,-0.010997506065978616,7.422867047130819e-05
1.6399999999999302,0.25197790002543885,13.842982190050005,1.1504887476743212e-06,0.0002935847006094441,-0.0019917601909936987,-0.0024703400804269586,0.0,-0.025099919491239926,-0.010960983866065466,7.41239743925555e-05,0.25197790002543885,13.842982190050005,1.1504887476743212e-06,0.0002935847006094441,-0.0019917601909936987,-0.0024703400804269604,0.0,-0.025099919491239926,-0.010960983866065466,7.412397439255554e-05
1.649999999999929,0.2521524991404325,13.921046375886533,1.161412173818744e-06,0.00029758968828833373,-0.0020121450632965346,-0.00246465905559587,0.0,-0.02541542448305844,-0.010913375881288814,7.395947907250515e-05,0.2521524991404325,13.921046375886533,1.161412173818744e-06,0.00029758968828833373,-0.0020121450632965346,-0.002464659055595872,0.0,-0.02541542448305844,-0.010913375881288795,7.395947907250523e-05
1.659999999999928,0.25232106891923917,13.996338168246687,1.170794541800569e-06,0.0003012252374284762,-0.002029840563092835,-0.002457014068382542,0.0,-0.025696485634405335,-0.010854555913689565,7.373598616492173e-05,0.25232106891923917,13.996338168246687,1.170794541800569e-06,0.0003012252374284762,-0.002029840563092835,-0.0024570140683825457,0.0,-0.025696485634405356,-0.010854555913689584,7.373598616492184e-05
1.6699999999999269,0.2524835915491574,14.068847332948414,1.178592899274188e-06,0.000304479559448388,-0.0020447648451180933,-0.0024474307574481467,0.0,-0.02594219024265816,-0.010784419969005412,7.345426823713409e-05,0.2524835915491574,14.068847332948414,1.178592899274188e-06,0.000304479559448388,-0.0020447648451180933,-0.0024474307574481476,0.0,-0.025942190242658182,-0.010784419969005412,7.345426823713409e-05
1.6799999999999258,0.252640056121463,14.138566801553113,1.184767182138535e-06,0.0003073413270405106,-0.002056841203915972,-0.0024359334635307745,0.0,-0.026151661507596714,-0.010702886883402781,7.311505979737931e-05,0.252640056121463,14.138566801553113,1.184767182138535e-06,0.0003073413270405106,-0.002056841203915972,-0.0024359334635307797,0.0,-0.026151661507596735,-0.0107028868834028,7.31150597973794e-05
1.6899999999999247,0.25279045873962613,14.205492724836475,1.1892803535472438e-06,0.0003097997008781497,-0.0020659983744643366,-0.0024225449434928394,0.0,-0.02632406028584493,-0.010609898882312663,7.271904867738856e-05,0.25279045873962613,14.205492724836475,1.1892803535472438e-06,0.0003097997008781497,-0.0020659983744643366,-0.002422544943492848,0.0,-0.026324060285844948,-0.010609898882312683,7.271904867738879e-05
1.6999999999999236,0.2529348026235253,14.26962452424721,1.1920985325192735e-06,0.0003118443552236383,-0.0020721708142141144,-0.002407286098983146,0.0,-0.026458586756963432,-0.010505422068637863,7.226686784479986e-05,0.2529348026235253,14.26962452424721,1.1920985325192735e-06,0.0003118443552236383,-0.0020721708142141144,-0.0024072860989831583,0.0,-0.02645858675696349,-0.010505422068637882,7.226686784480022e-05
1.7099999999999225,0.2530730982095485,14.330964941281211,1.1931911143363805e-06,0.00031346550228784285,-0.002075298964728091,-0.0023901757223431692,0.0,-0.02655448199416912,-0.010389446837122146,7.175908772374732e-05,0.2530730982095485,14.330964941281211,1.1931911143363805e-06,0.00031346550228784285,-0.002075298964728091,-0.0023901757223431753,0.0,-0.02655448199416918,-0.010389446837122165,7.17590877237475e-05
1.7199999999999214,0.253205363246478,14.389520084699628,1.192530877006303e-06,0.0003146539151947649,-0.0020753294904515074,-0.0023712302626628943,0.0,-0.02661102943227222,-0.010261988211817388,7.119620911403413e-05,0.253205363246478,14.389520084699628,1.192530877006303e-06,0.0003146539151947649,-0.0020753294904515074,-0.0023712302626629073,0.0,-0.02661102943227228,-0.010261988211817407,7.119620911403447e-05
1.7299999999999203,0.2533316228870472,14.445299475520542,1.1900940780684684e-06,0.00031540094942212596,-0.0020722154931959473,-0.0023504636142599165,0.0,-0.02662755622634761,-0.010123086104719264,7.05786567744781e-05,0.2533316228870472,14.445299475520542,1.1900940780684684e-06,0.00031540094942212596,-0.0020722154931959473,-0.0023504636142599386,0.0,-0.02662755622634769,-0.010123086104719303,7.057865677447874e-05
1.7399999999999192,0.2534519097750675,14.498316089715194,1.185860537576583e-06,0.0003156985625834119,-0.002065916700701699,-0.0023278869302792576,0.0,-0.026603434494505838,-0.009972805492268932,6.990677375093845e-05,0.2534519097750675,14.498316089715194,1.185860537576583e-06,0.0003156985625834119,-0.002065916700701699,-0.002327886930279279,0.0,-0.026603434494505914,-0.009972805492268972,6.99067737509391e-05
1.749999999999918,0.25356626412802236,14.548586398540749,1.1798137075613687e-06,0.00031553933243472383,-0.0020563996268868285,-0.002303508463650974,0.0,-0.026538082438604605,-0.009811236509224625,6.918081652291976e-05,0.25356626412802236,14.548586398540749,1.1798137075613687e-06,0.00031553933243472383,-0.0020563996268868285,-0.002303508463650999,0.0,-0.026538082438604664,-0.009811236509224663,6.918081652292044e-05
1.759999999999917,0.2536747338150224,14.596130406443773,1.1719407277580157e-06,0.00031491647299716806,-0.002043637703744775,-0.002277333437508966,0.0,-0.026430965337180444,-0.009638494455852645,6.840095102142892e-05,0.2536747338150224,14.596130406443773,1.1719407277580157e-06,0.00031491647299716806,-0.002043637703744775,-0.002277333437508995,0.0,-0.026430965337180503,-0.009638494455852664,6.840095102142979e-05
1.7699999999999159,0.25377737443002596,14.640971686469548,1.1622324670846592e-06,0.0003138238486870832,-0.002027611382180661,-0.0022493639473326194,0.0,-0.02628159640576181,-0.009454719719531575,6.756724959827679e-05,0.25377737443002596,14.640971686469548,1.1622324670846592e-06,0.0003138238486870832,-0.002027611382180661,-0.002249363947332646,0.0,-0.02628159640576187,-0.009454719719531594,6.75672495982776e-05
1.7799999999999148,0.25387424936022196,14.683137413114308,1.15068354930581e-06,0.00031225598636259436,-0.002008308201271051,-0.0022195988963768314,0.0,-0.026089537519019164,-0.009260077606972594,6.66796889852802e-05,0.25387424936022196,14.683137413114308,1.15068354930581e-06,0.00031225598636259436,-0.002008308201271051,-0.002219598896376856,0.0,-0.026089537519019223,-0.009260077606972634,6.667968898528095e-05
1.7899999999999137,0.25396542984948123,14.722658392559495,1.1372923634897083e-06,0.00031020808520199603,-0.001985722825361938,-0.0021880339659428004,0.0,-0.0258543997914093,-0.009054758088254119,6.573814929678075e-05,0.25396542984948123,14.722658392559495,1.1372923634897083e-06,0.00031020808520199603,-0.001985722825361938,-0.002188033965942824,0.0,-0.025854399791409355,-0.009054758088254147,6.573814929678141e-05
1.7999999999999126,0.25405099505677775,14.759569090228801,1.12206105896958e-06,0.0003076760243356343,-0.0019598570473701635,-0.0021546616219507205,0.0,-0.025575844011589768,-0.008838975450147599,6.47424141158575e-05,0.25405099505677775,14.759569090228801,1.12206105896958e-06,0.0003076760243356343,-0.0019598570473701635,-0.0021546616219507465,0.0,-0.025575844011589816,-0.008838975450147637,6.474241411585827e-05
1.8099999999999115,0.25413103210948845,14.793907655610875,1.1049955238574461e-06,0.0003046563681674216,-0.0019307197582882553,-0.0021194711588583587,0.0,-0.02525358092823981,-0.008612967859645848,6.369217169883221e-05,0.25413103210948845,14.793907655610875,1.1049955238574461e-06,0.0003046563681674216,-0.0019307197582882553,-0.002119471158858387,0.0,-0.025253580928239847,-0.008612967859645878,6.369217169883305e-05
1.8199999999999104,0.25420563615147834,14.825715944292885,1.0861053468151178e-06,0.00030114636933172305,-0.0018983268825873653,-0.0020824487814256323,0.0,-0.02488737138401147,-0.0083769968367404,6.258701731456405e-05,0.25420563615147834,14.825715944292885,1.0861053468151178e-06,0.00030114636933172305,-0.0018983268825873653,-0.0020824487814256588,0.0,-0.02488737138401151,-0.008376996836740438,6.258701731456488e-05
1.8299999999999093,0.2542749103858805,14.855039537152086,1.0654037633425818e-06,0.00029714396923661066,-0.0018627012788440171,-0.0020435777253280177,0.0,-0.02447702629636473,-0.008131346637427598,6.142645674466958e-05,0.2542749103858805,14.855039537152086,1.0654037633425818e-06,0.00029714396923661066,-0.0018627012788440171,-0.0020435777253280402,0.0,-0.02447702629636477,-0.008131346637427619,6.142645674467029e-05
1.8399999999999082,0.25433896611248413,14.881927756655049,1.0429075849136171e-06,0.0002926477961636216,-0.0018238726060613927,-0.002002838416268997,0.0,-0.024022406483005593,-0.007876323546229027,6.0209910942163206e-05,0.25433896611248413,14.881927756655049,1.0429075849136171e-06,0.0002926477961636216,-0.0018238726060613927,-0.002002838416270222,0.0,-0.024022406483006593,-0.007876323546229531,6.0209910942155596e-05
1.849999999999907,0.25439792275964196,14.906433680216441,1.0186371117500173e-06,0.00028765716089639996,-0.0017818771557932965,-0.0019602086679305747,0.0,-0.0235234223320213,-0.0076122550804669994,5.8936721853571024e-05,0.25439792275964196,14.906433680216452,1.0186371117808857e-06,0.0002876571608964388,-0.0017818771557996575,-0.00196020866792223,0.0,-0.02352342233202088,-0.007612255080464775,5.893672185346722e-05
1.859999999999906,0.25445190791061423,14.928614150571704,9.926160292851111e-07,0.0002821720498692314,-0.001736757650223459,-0.001915663917970565,0.0,-0.022980033316007308,-0.007339489105701269,5.760615938567548e-05,0.25445190791061423,14.928614150571704,9.926160293012626e-07,0.0002821720498692314,-0.001736757650223459,-0.001915663917971664,0.0,-0.0229800333160073,-0.00733948910572676,5.76061593857451e-05
1.8699999999999048,0.25450105732426537,14.948529783120645,9.648712891139418e-07,0.0002761931158320836,-0.0016885630072434096,-0.0018691775019507994,0.0,-0.02239224735129282,-0.007058392865332837,5.621742951030328e-05,0.25450105732426537,14.948529783120645,9.648712891076236e-07,0.0002761931158320836,-0.0016885630072497706,-0.001869177501941442,0.0,-0.02239224735128398,-0.007058392865316851,5.6217429510064966e-05
1.8799999999999037,0.25454551495003197,14.966244970201297,9.3543297316546e-07,0.0002697216660425636,-0.0016373480731459353,-0.0018207209635155838,0.0,-0.021760120002926313,-0.006769351924965978,5.4769683462626585e-05,0.25454551495003186,14.966244970201304,9.354329732075405e-07,0.00026972166604261337,-0.001637348073196824,-0.001820720963522732,0.0,-0.02176012000292231,-0.006769351925066008,5.476968346272875e-05
1.8899999999999026,0.2545854329370832,14.981827882255956,9.043341433860484e-07,0.00026275964800648836,-0.0015831733237610833,-0.0017702644004205272,0.0,-0.0210837535379519,-0.0064727690344875775,5.326202801705759e-05,0.2545854329370832,14.981827882255972,9.043341434169216e-07,0.0002627596480065601,-0.0015831733237928888,-0.0017702644004336586,0.0,-0.021083753537964656,-0.006472769034509051,5.3262028017524986e-05
1.8999999999999015,0.25462097163759617,14.995350465854225,8.716106752421844e-07,0.00025530963279947754,-0.0015261045354214155,-0.0017177768442338186,0.0,-0.02036329582904008,-0.00616906290827721,5.169353677867613e-05,0.2546209716375962,14.995350465854248,8.716106752730593e-07,0.0002553096327995614,-0.0015261045354214155,-0.0017177768442514973,0.0,-0.020363295829058527,-0.006169062908313468,5.169353677914066e-05
1.9099999999999004,0.2546522996040688,15.006888438540095,8.373010785840421e-07,0.0002473747960123098,-0.0014662124271686906,-0.0016632266725271595,0.0,-0.01959893911185285,-0.0058586669290574735,5.00632624532773e-05,0.25465229960406893,15.006888438540104,8.373010785803659e-07,0.0002473747960123419,-0.001466212427143246,-0.0016632266725301835,0.0,-0.01959893911186847,-0.005858666929026897,5.006326245332814e-05
1.9199999999998993,0.2546795935805976,15.0165212804731,8.014463022719913e-07,0.00023895889637507925,-0.0014035722754360267,-0.0016065820513213507,0.0,-0.018790918600331198,-0.005542027775300028,4.837025003384208e-05,0.2546795935805977,15.016521280473093,8.014463022052897e-07,0.00023895889637503976,-0.0014035722754042212,-0.001606582051301754,0.0,-0.018790918600328197,-0.00554202777528776,4.837025003341523e-05
1.9299999999998982,0.25470303848804615,15.024332222836012,7.640895276380341e-07,0.0002300662521238173,-0.0013382635027830967,-0.0015478114060414362,0.0,-0.0179395109636598,-0.00521960397818709,4.661355084672015e-05,0.2547030384880461,15.024332222836001,7.640895276220134e-07,0.0002300662521237784,-0.0013382635028085412,-0.0015478114060226767,0.0,-0.017939510963647178,-0.0052196039781382455,4.661355084624153e-05
1.9399999999998971,0.25472282740303254,15.03040823298426,7.252759479037479e-07,0.00022070171518732772,-0.001270369242688109,-0.001486883918551386,0.0,-0.017045032670989398,-0.004891864409266548,4.4792237386887424e-05,0.25472282740303254,15.03040823298426,7.252759480074278e-07,0.00022070171518732772,-0.0012703692427135534,-0.0014868839185444458,0.0,-0.017045032670979413,-0.0048918644091999865,4.479223738666841e-05
1.949999999999896,0.2547391615306679,15.034839996314714,6.85052536999774e-07,0.00021087064327722334,-0.0011999758822031277,-0.0014237700477524576,0.0,-0.016107838208692982,-0.004559286704297458,4.2905418867925645e-05,0.25473916153066795,15.034839996314718,6.850525369639151e-07,0.00021087064327722973,-0.0011999758822222111,-0.0014237700477603608,0.0,-0.016107838208699383,-0.0045592867042941335,4.290541886821626e-05
1.959999999999895,0.2547522501709745,15.037721894834252,6.434678057675932e-07,0.00020057886997591125,-0.0011271725839103442,-0.0013584420717914405,0.0,-0.015128318177079405,-0.004222355626573578,4.0952257428577624e-05,0.2547522501709745,15.037721894834247,6.434678057466741e-07,0.00020057886997588848,-0.001127172583897622,-0.0013584420717946025,0.0,-0.015128318177078458,-0.004222355626614877,4.095225742860431e-05
1.9699999999998938,0.2547623106789178,15.039151982410937,6.00571550107133e-07,0.00018983267292930692,-0.0010520507898827654,-0.0012908746488080188,0.0,-0.014106897272826975,-0.0038815613752442996,3.893198490096357e-05,0.25476231067891786,15.039151982410933,6.005715501471026e-07,0.00018983267292929716,-0.0010520507898700434,-0.001290874648805438,0.0,-0.014106897272822634,-0.0038815613752866303,3.8931984900889114e-05
1.9799999999998927,0.25476956841798537,15.039231956693117,5.564145882999391e-07,0.0001786387402579907,-0.0009747037093350265,-0.0012210453939712537,0.0,-0.013044032164861035,-0.00353739784118762,3.684392007805542e-05,0.25476956841798537,15.03923195669311,5.564145882631951e-07,0.000178638740257955,-0.0009747037093477488,-0.0012210453939596744,0.0,-0.013044032164850932,-0.0035373978411467827,3.684392007770427e-05
1.9899999999998916,0.25477425670724874,15.038067127684101,5.110484904603349e-07,0.0001670041353047805,-0.0008952257917454199,-0.0011489354702044494,0.0,-0.011940209271396678,-0.0031903608178482186,3.468748639690273e-05,0.25477425670724874,15.038067127684068,5.110484904804214e-07,0.00016700413530464078,-0.0008952257917772255,-0.0011489354702034513,0.0,-0.01194020927137647,-0.003190360817924443,3.468748639678574e-05
1.9999999999998905,0.25477661676184193,15.035766382962754,4.6452530118882296e-07,0.00015493625986108745,-0.0008137121884325183,-0.001074530189942963,0.0,-0.010795942445584197,-0.0028409461719204557,3.246222996152187e-05,0.25477661676184193,15.035766382962725,4.6452530122475786e-07,0.00015493625986096404,-0.0008137121884134349,-0.0010745301899606203,0.0,-0.010795942445584902,-0.002840946171945632,3.246222996204722e-05
2.0099999999998897,0.2547768866721831,15.032441455725026,4.1506696005596067e-07,0.00014251794874636797,-0.0007270359431106554,-0.0009837430303035822,0.0,-0.009708011011971199,-0.0024266812926516425,2.9856801917248622e-05,0.2547768866721831,15.032441455725003,4.1506696004023227e-07,0.00014251794874627682,-0.0007270359431170166,-0.0009837430303082934,0.0,-0.009708011011970092,-0.00242668129261676,2.9856801917375006e-05
2.0199999999998886,0.2547751974371096,15.028199262156747,3.570546738315557e-07,0.00013012078498035224,-0.0006253045785578252,-0.0008272742547860562,0.0,-0.008793073033412216,-0.0019288002945493487,2.5390425529918308e-05,0.25477519743710964,15.028199262156727,3.570546739089362e-07,0.00013012078498025846,-0.0006253045785578252,-0.0008272742547799218,0.0,-0.00879307303340951,-0.0019288002944956688,2.539042552978478e-05
2.0299999999998875,0.2547715332571021,15.02313435128753,2.943814596303958e-07,0.00011815396179993836,-0.0005153219041181788,-0.000601967291083597,0.0,-0.008025872460848455,-0.0014266192319669078,1.880542420263346e-05,0.2547715332571021,15.023134351287514,2.943814596514061e-07,0.00011815396179987308,-0.0005153219041054565,-0.0006019672910774918,0.0,-0.008025872460845072,-0.0014266192320298724,1.8805424202554038e-05
2.0399999999998863,0.2547658123548641,15.017327888750767,2.3424327604593087e-07,0.00010697581961259082,-0.00040967773834276253,-0.0003377709482188194,0.0,-0.007396487722629632,-0.0009725125895369228,1.0947048131111437e-05,0.2547658123548642,15.017327888750744,2.34243276018646e-07,0.00010697581961249383,-0.00040967773834276253,-0.0003377709482113774,0.0,-0.007396487722618868,-0.000972512589511729,1.0947048130807308e-05
2.0499999999998852,0.2547579431144209,15.010846975053989,1.8187336204180578e-07,9.688453112334587e-05,-0.0003175111110792039,-6.989972685935924e-05,0.0,-0.006904354561799379,-0.0005934518271383847,2.879254838116306e-06,0.2547579431144208,15.010846975053957,1.8187336195675044e-07,9.68845311232154e-05,-0.0003175111110728428,-6.989972686306305e-05,0.0,-0.006904354561798866,-0.0005934518271460765,2.8792548382423903e-06
2.059999999999884,0.25474784946361206,15.003744040201727,1.399954827537521e-07,8.811222501710032e-05,-0.00024355888187189577,0.0001736621465376454,0.0,-0.006551247646112485,-0.0002990978944485234,-4.529570131073897e-06,0.25474784946361206,15.003744040201711,1.3999548269168896e-07,8.811222501702571e-05,-0.00024355888187189577,0.00017366214653470567,0.0,-0.00655124764611154,-0.0002990978944697204,-4.529570131025264e-06
2.069999999999883,0.25473547808953917,14.996056570418988,1.0951879693538025e-07,8.082271149590289e-05,-0.00018940585463229613,0.00037503331173473236,0.0,-0.006336947616364251,-8.938102175521409e-05,-1.0713383659146315e-05,0.25473547808953917,14.996056570418963,1.09518796886738e-07,8.082271149579717e-05,-0.00018940585466410166,0.0003750333117433048,0.0,-0.006336947616352693,-8.938102168419798e-05,-1.0713383659570726e-05
2.079999999999882,0.25472079733230935,14.987807275521568,9.023948757051839e-08,7.511232087219972e-05,-0.0001547854435237248,0.0005250695718038318,0.0,-0.006257324144609957,4.068740060509388e-05,-1.5374876101470473e-05,0.25472079733230935,14.987807275521556,9.023948754886553e-08,7.511232087213342e-05,-0.00015478544351100258,0.000525069571793838,0.0,-0.006257324144611413,4.068740053221121e-05,-1.5374876101265074e-05
2.089999999999881,0.254703793379434,14.979004711577996,8.130407027852802e-08,7.101338467147437e-05,-0.00013843848105036982,0.0006209128906293859,0.0,-0.006303967544964918,9.850428180688221e-05,-1.841267343553555e-05,0.254703793379434,14.979004711577982,8.130407023250597e-08,7.101338467142119e-05,-0.0001384384810376476,0.0006209128906321041,0.0,-0.00630396754496348,9.850428178992084e-05,-1.8412673435621815e-05
2.0999999999998797,0.25468446630124003,14.969644319730968,8.155195908628263e-08,6.849994856166634e-05,-0.00013857897077517657,0.000663811446012084,0.0,-0.006464635275581111,9.272926842165334e-05,-1.9854316100914703e-05,0.25468446630124,14.969644319730955,8.155195907858901e-08,6.849994856161304e-05,-0.00013857897075609325,0.0006638114460037805,0.0,-0.006464635275584813,9.272926839502609e-05,-1.9854316100813222e-05
2.1099999999998786,0.254662826753485,14.959709814263462,8.977914802268825e-08,6.749515532010456e-05,-0.0001531214809877435,0.0006575655508335479,0.0,-0.006724048598133162,3.278429840820223e-05,-1.9807738022681578e-05,0.254662826753485,14.959709814263446,8.977914799262386e-08,6.749515532003021e-05,-0.00015312148097502127,0.0006575655508241601,0.0,-0.0067240485981428875,3.2784298378350405e-05,-1.98077380224015e-05
2.1199999999998775,0.25463889340982304,14.949174840665126,1.0479436750524488e-07,6.78795181924751e-05,-0.0001797944846482291,0.0006075312868241123,0.0,-0.007064789521998534,-7.141487150183305e-05,-1.842993337996209e-05,0.254638893409823,14.949174840665117,1.0479436756924722e-07,6.787951819242927e-05,-0.00017979448462914575,0.0006075312868195437,0.0,-0.00706478952200568,-7.141487159498979e-05,-1.8429933379758655e-05
2.1299999999998764,0.2546126909424405,14.938004820956083,1.2534532635131698e-07,6.949933657226315e-05,-0.0002162119100996326,0.0005200025679559007,0.0,-0.007468179755074535,-0.00020968378446238611,-1.590752320920739e-05,0.2546126909424405,14.938004820956087,1.2534532634089247e-07,6.94993365722765e-05,-0.0002162119101059937,0.0005200025679479299,0.0,-0.007468179755078731,-0.00020968378447768152,-1.5907523209265838e-05
2.1399999999998753,0.25458424835470694,14.926158905111217,1.5009966152373602e-07,7.217486295955182e-05,-0.0002599358140759032,0.00040181136566307997,0.0,-0.007915091498228265,-0.0003718121313600817,-1.244427910837574e-05,0.25458424835470694,14.92615890511122,1.500996615123781e-07,7.217486295956515e-05,-0.0002599358140759032,0.00040181136566803927,0.0,-0.007915091498230824,-0.0003718121313384469,-1.2444279108473529e-05
2.1499999999998742,0.2545535975290737,14.913591952129872,1.7769202278349568e-07,7.570821537470669e-05,-0.00030854047226418766,0.0002600394055054411,0.0,-0.008386670283492773,-0.0005478264278054021,-8.252238779048593e-06,0.25455359752907375,14.913591952129872,1.7769202275929915e-07,7.570821537470451e-05,-0.00030854047225782654,0.00026003940550763474,0.0,-0.008386670283497261,-0.0005478264278664373,-8.25223877894398e-06
2.159999999999873,0.2545207719176979,14.900256471085108,2.0678260616227876e-07,7.989114146365603e-05,-0.0003596777112757364,0.00010178319476480786,0.0,-0.008864961630613706,-0.000728254301765574,-3.5445434672328044e-06,0.2545207719176978,14.90025647108513,2.0678260617494286e-07,7.989114146375949e-05,-0.00035967771130118086,0.0001017831947698861,0.0,-0.008864961630609493,-0.0007282543017475245,-3.5445434674890136e-06
2.169999999999872,0.25448580534982207,14.886104460776238,2.3610547038220794e-07,8.451260117273459e-05,-0.0004111397699619337,-6.605290648380508e-05,0.0,-0.009333437180699854,-0.0009043699870698155,1.4708384253689495e-06,0.25448580534982207,14.886104460776254,2.361054704382817e-07,8.451260117280372e-05,-0.0004111397699301282,-6.605290650259109e-05,0.0,-0.009333437180719224,-0.0009043699870955567,1.4708384259896647e-06
2.179999999999871,0.2544487309567373,14.871089095981104,2.6450581920479897e-07,8.9365960770284e-05,-0.00046091571303354345,-0.00023694247909773904,0.0,-0.00977741761085298,-0.001068405115921555,6.596748131941299e-06,0.2544487309567373,14.871089095981128,2.645058192316042e-07,8.93659607703983e-05,-0.0004609157130462657,-0.00023694247909608322,0.0,-0.009777417610865213,-0.0010684051159164502,6.596748131939752e-06
2.18999999999987,0.2544095802269635,14.855166218401124,2.909684057020065e-07,9.425552217445537e-05,-0.0005072383718812811,-0.00040490022167615413,0.0,-0.010184391201290957,-0.0012137147039707878,1.1651804785172149e-05,0.25440958022696347,14.85516621840116,2.909684057251858e-07,9.425552217462077e-05,-0.0005072383718940034,-0.0004049002216707779,0.0,-0.010184391201298795,-0.0012137147039166878,1.165180478506071e-05
2.1999999999998687,0.254368382206647,14.838295600856018,3.1463818936552385e-07,9.900214607155586e-05,-0.0005486199621064697,-0.0005646184443407713,0.0,-0.010544228971839858,-0.001334893296560221,1.6474585912699714e-05,0.2543683822066468,14.838295600856043,3.146381893712639e-07,9.900214607167182e-05,-0.0005486199621128308,-0.0005646184443341485,0.0,-0.01054422897184576,-0.001334893296591521,1.64745859127063e-05
2.2099999999998676,0.2543251628573875,14.820441963778599,3.348336934309097e-07,0.00010344780704098451,-0.0005838755681833909,-0.0007115731068824688,0.0,-0.010849299722639302,-0.0014278401402735424,2.092690392298436e-05,0.25432516285738743,14.820441963778615,3.348336934701064e-07,0.00010344780704106252,-0.0005838755681897521,-0.0007115731068814863,0.0,-0.010849299722647792,-0.001427840140217708,2.09269039231093e-05
2.2199999999998665,0.2542799445785825,14.80157573325134,3.510533846125479e-07,0.00010745899991444073,-0.0006121344910804449,-0.0008420970769718122,0.0,-0.011094490830072721,-0.0014897750625538372,2.489610385877608e-05,0.2542799445785825,14.801575733251356,3.5105338470814554e-07,0.00010745899991451044,-0.0006121344911313338,-0.0008420970769594775,0.0,-0.01109449083006624,-0.0014897750624765262,2.4896103858447193e-05
2.2299999999998654,0.2542327458955258,14.781673539423718,3.629755068339371e-07,0.00011092898248270246,-0.0006328400503851205,-0.0009534199928763703,0.0,-0.011277143001477374,-0.0015192087606171717,2.8296358891249582e-05,0.2542327458955258,14.781673539423737,3.629755068313242e-07,0.00011092898248279021,-0.0006328400503851205,-0.0009534199928846012,0.0,-0.011277143001488705,-0.001519208760677891,2.8296358891755237e-05
2.2399999999998643,0.2541835813088173,14.760718462892626,3.704519644942969e-07,0.00011377888960766403,-0.0006457388613310541,-0.00104367569017567,0.0,-0.011396909196480167,-0.001515872611758564,3.10689879539845e-05,0.25418358130881735,14.760718462892639,3.704519644297061e-07,0.00011377888960772644,-0.0006457388612865263,-0.0010436756901874746,0.0,-0.011396909196496148,-0.0015158726117497031,3.106898795442484e-05
2.249999999999863,0.2541324612955466,14.738700044312615,3.7349699995969073e-07,0.00011595779145942103,-0.0006508609117271706,-0.001111879451051869,0.0,-0.011455549468829792,-0.0014806140883139689,3.3181859776302744e-05,0.2541324612955466,14.738700044312628,3.7349699995398777e-07,0.0001159577914594739,-0.0006508609117271706,-0.001111879451052552,0.0,-0.011455549468834184,-0.0014806140883395227,3.318185977637958e-05
2.259999999999862,0.2540793924484274,14.715614078968715,3.7227152054742923e-07,0.00011744179720414118,-0.0006484919644373803,-0.001157878337441932,0.0,-0.011456674523991328,-0.0014152644787823632,3.462797854874586e-05,0.2540793924484274,14.715614078968718,3.722715205083404e-07,0.00011744179720415439,-0.000648491964424658,-0.0011578783374437283,0.0,-0.011456674523991692,-0.0014152644788053184,3.462797854876369e-05
2.269999999999861,0.2540243777356613,14.691462223193415,3.670639951010871e-07,0.0001182323269076399,-0.0006391399320857633,-0.0011822785877785827,0.0,-0.011405451313802883,-0.0013224859172850031,3.5423368805767457e-05,0.2540243777356613,14.691462223193419,3.6706399507370223e-07,0.00011823232690765313,-0.0006391399320730411,-0.0011822785877837,0.0,-0.0114054513138035,-0.0013224859173280618,3.54233688057926e-05
2.27999999999986,0.2539674168618233,14.666251443287317,3.582688786273952e-07,0.00011835368957397375,-0.0006234969225624731,-0.001186354526544765,0.0,-0.011308284025812236,-0.0012056047742328214,3.5604391907846975e-05,0.2539674168618233,14.666251443287335,3.582688786623534e-07,0.00011835368957404828,-0.0006234969225433897,-0.0011863545265457308,0.0,-0.011308284025817156,-0.001205604774210263,3.5604391908007694e-05
2.289999999999859,0.25390850670848203,14.639993340014017,3.4636351146909385e-07,0.0001178501145662897,-0.0006023986378374222,-0.0011719436803208326,0.0,-0.011172483411706733,-0.0010684382548839188,3.5224634483638447e-05,0.2539085067084821,14.639993340014017,3.4636351151779036e-07,0.00011785011456628143,-0.0006023986378374222,-0.0011719436803067898,0.0,-0.011172483411688677,-0.001068438254862178,3.522463448314863e-05
2.2999999999998577,0.253847641832548,14.612703382825462,3.318844022322872e-07,0.0001167823874711948,-0.0005767827423378626,-0.0011413328432904079,0.0,-0.011005936591823817,-0.0009151206526764877,3.435151121155342e-05,0.253847641832548,14.612703382825456,3.318844022573433e-07,0.00011678238747116828,-0.0005767827423442237,-0.001141332843292981,0.0,-0.011005936591810097,-0.0009151206527153414,3.435151121147857e-05
2.3099999999998566,0.2537848150004262,14.584400087823985,3.1540373929557653e-07,0.00011522424018115691,-0.0005476477001397259,-0.0010971397117849127,0.0,-0.010816788335426101,-0.0007499351149880762,3.306272111289679e-05,0.2537848150004262,14.584400087823981,3.1540373933266906e-07,0.00011522424018114882,-0.000547647700146087,-0.0010971397117849043,0.0,-0.010816788335416782,-0.0007499351149794498,3.306272111287468e-05
2.3199999999998555,0.2537200177368681,14.555104172195888,2.975068801848108e-07,0.00011325863907036255,-0.0005160134247952435,-0.0010421944360229582,0.0,-0.01061314341628229,-0.0005771560548315569,3.144268879408686e-05,0.2537200177368681,14.555104172195872,2.975068801973285e-07,0.00011325863907030008,-0.0005160134248016047,-0.0010421944360206165,0.0,-0.010613143416275303,-0.0005771560547639054,3.144268879401661e-05
2.3299999999998544,0.2536532408688515,14.524837715607209,2.787714588289953e-07,0.00011097410526943497,-0.00048288489958872214,-0.0009794250447376016,0.0,-0.0104027980532574,-0.000400906512269543,2.9579110625139402e-05,0.25365324086885155,14.524837715607193,2.7877145887261916e-07,0.00011097410526936722,-0.0004828848995632777,-0.0009794250447372446,0.0,-0.010402798053254452,-0.00040090651222999955,2.9579110625125863e-05
2.3399999999998533,0.2535844750467922,14.493623355998114,2.597486284397285e-07,0.00010846118790093978,-0.0004492197176796588,-0.0009117502068487766,0.0,-0.01019300673468904,-0.00022503386765365674,2.7559711371477703e-05,0.2535844750467922,14.493623355998091,2.5974862843328883e-07,0.00010846118790084436,-0.0004492197176732977,-0.0009117502068383824,0.0,-0.010193006734675552,-0.0002250338676162381,2.755971137108862e-05
2.349999999999852,0.25351371122776356,14.461483543523956,2.409468225530008e-07,0.0001058091954517517,-0.0004159002713453292,-0.0008419822327382047,0.0,-0.009990288961687821,-5.300637986850739e-05,2.5469300105237464e-05,0.25351371122776356,14.46148354352393,2.4094682251538367e-07,0.00010580919545164309,-0.0004159002713453292,-0.0008419822327376051,0.0,-0.009990288961684426,-5.300637987618181e-05,2.5469300105215302e-05
2.359999999999851,0.2534409411080751,14.428439872250525,2.2281829620321458e-07,0.00010310327293525356,-0.0003837110943071803,-0.0007727426100677248,0.0,-0.009800278693410616,0.00011216790262167514,2.338719611586182e-05,0.25344094110807514,14.428439872250504,2.228182962235614e-07,0.00010310327293515847,-0.00038371109428173586,-0.0007727426100656276,0.0,-0.009800278693404822,0.0001121679025839345,2.338719611574849e-05
2.36999999999985,0.25336615749540925,14.394512504796786,2.0574859515689007e-07,0.00010042189374759849,-0.00035332164042031365,-0.0007063917400421643,0.0,-0.009627617592170342,0.0002679992097344,2.1385076684966963e-05,0.2533661574954093,14.394512504796774,2.0574859511893972e-07,0.00010042189374754378,-0.0003533216403948692,-0.0007063917400413081,0.0,-0.009627617592166024,0.0002679992097691249,2.138507668483056e-05
2.379999999999849,0.2532893546136301,14.359719700603224,1.9004902658181023e-07,9.783481564940033e-05,-0.00032527457226048137,-0.0006449739133596552,0.0,-0.009475891599456297,0.00041255127380184354,1.9525279768085838e-05,0.25328935461363006,14.359719700603222,1.9004902652209777e-07,9.783481564938098e-05,-0.0003252745722859258,-0.000644973913348127,0.0,-0.009475891599442062,0.00041255127384076933,1.9525279767622267e-05
2.389999999999848,0.25321052833625385,14.324077454047593,1.759521689760508e-07,9.540153050778278e-05,-0.0002999794399434073,-0.0005901779616630539,0.0,-0.009347608965836663,0.0005444546423496718,1.7859576417029243e-05,0.25321052833625374,14.3240774540476,1.7595216888224415e-07,9.54015305078105e-05,-0.00029997943996885174,-0.0005901779616745318,0.0,-0.009347608965836203,0.0005444546422917653,1.7859576417248723e-05
2.3999999999998467,0.2531296763473164,14.287599244374519,1.6361046092228713e-07,9.31702176804538e-05,-0.00027771145911751114,-0.000543313456814407,0.0,-0.009244216640931854,0.0006628996590928374,1.6428410734433565e-05,0.2531296763473164,14.287599244374514,1.6361046086833159e-07,9.317021768042688e-05,-0.00027771145913023333,-0.0005433134568147627,0.0,-0.009244216640933407,0.0006628996590648125,1.642841073462072e-05
2.4099999999998456,0.253046798230915,14.250295895475368,1.530979152571691e-07,9.117719169145555e-05,-0.0002586149532909627,-0.0005053018230625136,0.0,-0.009166150926784888,0.0007676112300607413,1.5260589750860017e-05,0.25304679823091497,14.250295895475373,1.5309791529578157e-07,9.117719169147549e-05,-0.0002586149533036849,-0.0005053018230654165,0.0,-0.00916615092678775,0.0007676112299522794,1.5260589751079968e-05
2.4199999999998445,0.2529618954929527,14.212175540051492,1.4441493620747672e-07,8.944681682589652e-05,-0.00024271090697477272,-0.0004766812888562311,0.0,-0.009112917524460907,0.0008588079051978933,1.4373392237896891e-05,0.2529618954929526,14.212175540051506,1.4441493620747672e-07,8.944681682595605e-05,-0.00024271090697477272,-0.00047668128886934783,0.0,-0.009112917524480978,0.0008588079051597905,1.4373392238519542e-05
2.4299999999998434,0.2528749715205641,14.173243679692995,1.374960070363243e-07,8.799184539640772e-05,-0.00022990799004509645,-0.00045762424033265916,0.0,-0.009083195562682693,0.0009371481047832974,1.3773054310896868e-05,0.25287497152056393,14.173243679693023,1.374960070529611e-07,8.799184539653333e-05,-0.00022990799006417976,-0.0004576242403416136,0.0,-0.009083195562705263,0.0009371481047384278,1.3773054311328396e-05
2.4399999999998423,0.2527860314862688,14.133503329964785,1.3221966870344336e-07,8.681412378777555e-05,-0.0002200163549258307,-0.0004479652573258913,0.0,-0.009074959887408463,0.0010036664825244525,1.3455580971141195e-05,0.2527860314862689,14.133503329964807,1.3221966874238413e-07,8.681412378787027e-05,-0.00022001635488766406,-0.0004479652573287702,0.0,-0.009074959887431804,0.001003666482548239,1.3455580971356187e-05
2.449999999999841,0.25269508220510845,14.092955237737717,1.2841984328267072e-07,8.590560184620776e-05,-0.0002127634798474821,-0.0004472379126523474,0.0,-0.009085615800986926,0.0010597034840290494,1.3407826505994554e-05,0.25269508220510845,14.09295523773772,1.2841984328705247e-07,8.590560184621453e-05,-0.00021276347980295432,-0.00044723791264913293,0.0,-0.009085615800993627,0.0010597034840492555,1.3407826505731015e-05
2.45999999999984,0.2526021319538316,14.051598156747623,1.2589740817088477e-07,8.524957714482572e-05,-0.00020781133036961713,-0.0004547182986906297,0.0,-0.009112140552797254,0.001106831097069784,1.360878290299794e-05,0.2526021319538317,14.051598156747646,1.258974081533202e-07,8.524957714492912e-05,-0.00020781133036961713,-0.00045471829868485284,0.0,-0.009112140552801545,0.0011068310970917428,1.3608782902789272e-05
2.469999999999839,0.2525071902616436,14.009429166693241,1.24431102702517e-07,8.482210578606537e-05,-0.00020477413308375562,-0.00046947320574431073,0.0,-0.009151226177518481,0.0011467776525653935,1.403101403511539e-05,0.2525071902616436,14.009429166693257,1.244311026456651e-07,8.482210578613419e-05,-0.00020477413309647784,-0.0004694732057374509,0.0,-0.009151226177523366,0.0011467776525028507,1.4031014035149136e-05
2.479999999999838,0.2524102676821153,13.96644402106778,1.2378728925660544e-07,8.459351474418777e-05,-0.00020323610103544336,-0.0004904109107392406,0.0,-0.009199418726432132,0.001181354297729094,1.464217417813264e-05,0.2524102676821153,13.966444021067796,1.237872892924312e-07,8.459351474425671e-05,-0.00020323610104816558,-0.0004904109107558234,0.0,-0.009199418726435279,0.0011813542977073322,1.4642174178187054e-05
2.489999999999837,0.2523113755556099,13.922637509309634,1.2372853229791555e-07,8.452995604293863e-05,-0.0002027685142188918,-0.0005163326327254569,0.0,-0.00925324951222765,0.0012123854747418741,1.5406552175115356e-05,0.2523113755556099,13.922637509309645,1.2372853226779829e-07,8.452995604298617e-05,-0.0002027685142188918,-0.0005163326327184039,0.0,-0.009253249512225739,0.0012123854748471482,1.540655217492085e-05
2.4999999999998357,0.25221052577105535,13.878003819697712,1.2402120363326607e-07,8.459494918526794e-05,-0.0002029456334568819,-0.0005459828659856009,0.0,-0.009309354658934527,0.0012416453840565528,1.6286587055346825e-05,0.25221052577105546,13.878003819697714,1.2402120354881313e-07,8.45949491852796e-05,-0.00020294563340599302,-0.0005459828660116722,0.0,-0.009309354658952444,0.0012416453839686759,1.6286587056133292e-05
2.5099999999998346,0.2521077305351151,13.832536890637092,1.2444232399419248e-07,8.475086451407407e-05,-0.00020335901615371898,-0.0005780970017283849,0.0,-0.009364579982806815,0.0012708020323415128,1.7244306767773584e-05,0.2521077305351151,13.832536890637105,1.2444232397050465e-07,8.47508645141272e-05,-0.00020335901611555232,-0.000578097001732461,0.0,-0.009364579982825952,0.0012708020323734027,1.7244306768308716e-05
2.5199999999998335,0.25200300215583477,13.786230739505672,1.2478571450889807e-07,8.496030637813754e-05,-0.00020362989572649703,-0.000611444882853803,0.0,-0.009416068998893029,0.0013013700667326947,1.8242648638334883e-05,0.2520030021558348,13.786230739505655,1.2478571449974942e-07,8.49603063780654e-05,-0.0002036298957010526,-0.0006114448828376112,0.0,-0.009416068998881996,0.0013013700667523955,1.824264863777122e-05
2.5299999999998324,0.2518963528467195,13.73907975998355,1.248673880885455e-07,8.518736123715813e-05,-0.00020341938334873973,-0.0006448691967955908,0.0,-0.009461332621332086,0.001334673182486712,1.924662788778436e-05,0.25189635284671963,13.739079759983525,1.2486738810250317e-07,8.518736123705487e-05,-0.0002034193833423786,-0.0006448691967831465,0.0,-0.009461332621314784,0.00133467318252741,1.9246627887296865e-05
2.5399999999998313,0.25178779455597616,13.691078980685829,1.245300369798526e-07,8.539868239293048e-05,-0.00020243634759651243,-0.0006773178822805405,0.0,-0.009498299877260075,0.0013718165064179138,2.022432866989544e-05,0.2517877945559762,13.69107898068581,1.2453003697486098e-07,8.539868239286e-05,-0.00020243634760923465,-0.0006773178822635516,0.0,-0.009498299877238239,0.0013718165064963317,2.022432866938251e-05
2.54999999999983,0.25167733882438165,13.642224279886907,1.2364647634386875e-07,8.556439000079394e-05,-0.00020044291993768707,-0.0007078700017593394,0.0,-0.009525349660219043,0.0014136689755458065,2.1147700355187556e-05,0.25167733882438165,13.642224279886896,1.2364647642045916e-07,8.55643900007478e-05,-0.00020044291995040928,-0.0007078700017606593,0.0,-0.00952534966020643,0.0014136689756235805,2.114770035511733e-05
2.559999999999829,0.25156499667396653,13.592512553090739,1.22121960894721e-07,8.565877236444757e-05,-0.00019725765992454445,-0.0007357548005824429,0.0,-0.009541324191166614,0.00146085539567396,2.199314989856826e-05,0.25156499667396653,13.59251255309073,1.221219607973758e-07,8.565877236440668e-05,-0.00019725765991818333,-0.0007357548005883782,0.0,-0.009541324191167572,0.0014608553956573344,2.199314989892376e-05
2.569999999999828,0.25145077852847014,13.541941832097619,1.1989536781054966e-07,8.566078202583172e-05,-0.0001927564893354065,-0.0007603639281511306,0.0,-0.009545525415657966,0.0015137575617726827,2.2741928819216795e-05,0.2514507785284701,13.541941832097605,1.1989536777993185e-07,8.566078202577379e-05,-0.00019275648935448983,-0.0007603639281474682,0.0,-0.009545525415654016,0.0015137575618276917,2.27419288191863e-05
2.579999999999827,0.2513346941653623,13.490511355989309,1.1693932053393538e-07,8.555432753714678e-05,-0.00018687157326186023,-0.0007812570290458903,0.0,-0.009537696033732829,0.001572523572129117,2.3380320357857666e-05,0.2513346941653623,13.490511355989304,1.1693932055407389e-07,8.555432753711948e-05,-0.00018687157326186023,-0.0007812570290529695,0.0,-0.009537696033730553,0.0015725235720859126,2.3380320358035824e-05
2.5899999999998258,0.25121675269818533,13.438221596048843,1.1325939146703217e-07,8.532836870834217e-05,-0.00017958837654356697,-0.0007981611173615893,0.0,-0.009517987228005873,0.001637084265778571,2.389963864684315e-05,0.2512167526981853,13.43822159604884,1.1325939149636861e-07,8.532836870832476e-05,-0.0001795883765690114,-0.000798161117353248,0.0,-0.009517987227998185,0.0016370842658579381,2.389963864658373e-05
2.5999999999998247,0.25109696258705333,13.385074238014402,1.0889258300636887e-07,8.497682928708825e-05,-0.00017094116823869202,-0.0008109643197548627,0.0,-0.009486915419033501,0.001707175572254302,2.4296056976306237e-05,0.2510969625870533,13.38507423801439,1.0889258304033557e-07,8.49768292870316e-05,-0.00017094116827049755,-0.0008109643197541761,0.0,-0.009486915419031804,0.0017071755723100518,2.4296056976279542e-05
2.6099999999998236,0.25097533167438835,13.33107212620726,1.0390532744567172e-07,8.449834621633515e-05,-0.00016100727255504048,-0.0008197047112090019,0.0,-0.009445310539151364,0.0017823654642227182,2.4570286517956073e-05,0.25097533167438835,13.331072126207257,1.0390532742487277e-07,8.449834621631463e-05,-0.00016100727258048494,-0.0008197047112124603,0.0,-0.00944531053915526,0.0017823654642328019,2.457028651801173e-05
2.6199999999998225,0.25085186724237984,13.27621917495812,9.839128635723987e-08,8.389587870398892e-05,-0.0001499003812313116,-0.000824555068044676,0.0,-0.009394258377575081,0.0018620841713346049,2.472712998584371e-05,0.25085186724237984,13.27621917495812,9.839128635723987e-08,8.389587870398892e-05,-0.0001499003812313116,-0.000824555068042811,0.0,-0.009394258377577569,0.0018620841713409774,2.472712998579728e-05
2.6299999999998214,0.2507265760882312,13.22052025337399,9.246924861019836e-08,8.317620324527231e-05,-0.00013776324509316294,-0.0008258044270262955,0.0,-0.009335039518588575,0.0019456563222996104,2.477493675923416e-05,0.2507265760882312,13.22052025337399,9.246924861019836e-08,8.317620324527231e-05,-0.00013776324509316294,-0.000825804427023152,0.0,-0.009335039518588809,0.0019456563223026995,2.4774936759140652e-05
2.6399999999998203,0.2505994646130068,13.163981049845676,8.628141937984569e-08,8.234932247610621e-05,-0.00012476005370499907,-0.0008238373686008756,0.0,-0.009269067281294133,0.002032333733298594,2.4724986966342528e-05,0.2505994646130068,13.163981049845672,8.628141937984569e-08,8.234932247609251e-05,-0.00012476005369863795,-0.0008238373685980115,0.0,-0.00926906728129353,0.002032333733300304,2.472498696625497e-05
2.649999999999819,0.2504705389198036,13.106607922801288,7.999231526849087e-08,8.142781633109245e-05,-0.00011106879590662663,-0.0008191119358636614,0.0,-0.009197826882370636,0.002121327663086417,2.4590831935032443e-05,0.2504705389198036,13.106607922801281,7.999231526124665e-08,8.14278163310677e-05,-0.0001110687958875433,-0.0008191119358546478,0.0,-0.009197826882365645,0.002121327663138875,2.4590831934876688e-05
2.659999999999818,0.25033980491703944,13.048407744086605,7.378822488018853e-08,8.042616353144954e-05,-9.68738648327867e-05,-0.0008121370667928593,0.0,-0.009122817799713096,0.002211839472343033,2.4387617488843364e-05,0.2503398049170395,13.0484077440866,7.378822486769954e-08,8.042616353142776e-05,-9.687386482006448e-05,-0.0008121370668065893,0.0,-0.009122817799722937,0.002211839472325436,2.4387617489275883e-05
2.669999999999817,0.2502072684228494,12.989387741020606,6.78765962891871e-08,7.936006002982569e-05,-8.23591410718334e-05,-0.0008034503537127882,0.0,-0.009045501022603777,0.0023030887823857287,2.4131414712775168e-05,0.2502072684228494,12.989387741020593,6.78765963020744e-08,7.936006002978365e-05,-8.235914104002786e-05,-0.0008034503537090328,0.0,-0.009045501022606447,0.0023030887823736828,2.4131414712764072e-05
2.679999999999816,0.25007293526690455,12.92955534266616,6.248349614341863e-08,7.824575882793496e-05,-6.770174694689489e-05,-0.0007935968606900551,0.0,-0.00896725255360894,0.0023943383916414486,2.3838580401153124e-05,0.2500729352669046,12.92955534266615,6.24834961127992e-08,7.824575882790011e-05,-6.770174693417267e-05,-0.0007935968606779018,0.0,-0.008967252553607044,0.0023943383917265416,2.383858040094554e-05
2.6899999999998148,0.2499368113863861,12.86891803520373,5.7845377339082705e-08,7.709945269101633e-05,-5.306662550850196e-05,-0.0007831096269821148,0.0,-0.008889324186685924,0.0024849153934445615,2.3525166350001698e-05,0.24993681138638607,12.868918035203718,5.784537728930881e-08,7.709945269096814e-05,-5.306662550214085e-05,-0.0007831096269798707,0.0,-0.00888932418668131,0.002484915393415535,2.3525166349903442e-05
2.6999999999998137,0.2497989029133343,12.807483230535219,5.418973576097195e-08,7.593671785860818e-05,-3.8602054317682216e-05,-0.0007724923712627442,0.0,-0.00881281224217383,0.002574228110687293,2.3206393287414487e-05,0.2497989029133343,12.80748323053521,5.418973574709667e-08,7.593671785856685e-05,-3.860205430496e-05,-0.0007724923712717184,0.0,-0.008812812242180511,0.00257422811066563,2.3206393287728672e-05
2.7099999999998126,0.24965921625114304,12.745258151412312,5.1701056847205536e-08,7.477203304963582e-05,-2.4436161320056385e-05,-0.0007622047894569875,0.0,-0.008738634603307366,0.0026617786532138173,2.2896201607110555e-05,0.24965921625114307,12.745258151412306,5.170105684073832e-08,7.477203304961896e-05,-2.4436161332778603e-05,-0.0007622047894466395,0.0,-0.008738634603303052,0.002661778653260047,2.2896201606898906e-05
2.7199999999998115,0.2495177581385366,12.68224973551282,5.047804188518889e-08,7.361838403562201e-05,-1.0674470144624058e-05,-0.0007526507153123107,0.0,-0.008667516080512236,0.0027471710620070506,2.2606887336019224e-05,0.24951775813853655,12.68224973551283,5.0478041925094816e-08,7.361838403565533e-05,-1.0674470157346276e-05,-0.0007526507153062125,0.0,-0.008667516080507068,0.0027471710619645594,2.2606887335843224e-05
2.7299999999998104,0.24937453569994011,12.61846456001396,5.050253303847308e-08,7.248695997286612e-05,2.6015373860912346e-06,-0.0007441692902091238,0.0,-0.008599981840144053,0.0028301151669239467,2.2348828106668745e-05,0.24937453569994,12.618464560013958,5.050253301400507e-08,7.248695997284215e-05,2.6015373670079068e-06,-0.0007441692902094312,0.0,-0.008599981840139003,0.002830115166903099,2.2348828106634945e-05
2.7399999999998093,0.24922955648172856,12.553908787361895,5.1642993586136386e-08,7.138694370019924e-05,1.533488662844193e-05,-0.0007370291727769496,0.0,-0.008536358379508191,0.0029104264184532267,2.213030037838705e-05,0.24922955648172854,12.553908787361905,5.164299352822878e-08,7.138694370023865e-05,1.5334886577553053e-05,-0.0007370291727806987,0.0,-0.008536358379499042,0.0029104264184719258,2.2130300378147174e-05
2.749999999999808,0.24908282847435784,12.488588132141821,5.369430297856504e-08,7.032539448517479e-05,2.749267860544166e-05,-0.0007314257114906716,0.0,-0.00847678131620789,0.0029880220688013187,2.195738591333881e-05,0.24908282847435778,12.48858813214183,5.3694302928978264e-08,7.032539448520689e-05,2.7492678579997223e-05,-0.0007314257115098595,0.0,-0.008476781316218342,0.0029880220688365765,2.1957385913748054e-05
2.759999999999807,0.24893436012087458,12.422507848231147,5.6430737660339504e-08,6.930721836906654e-05,3.9064861657463985e-05,-0.0007274809089350225,0.0,-0.008421209090832183,0.0030629141711451062,2.183396263556627e-05,0.24893436012087458,12.422507848231145,5.643073758193951e-08,6.930721836905962e-05,3.9064861663825094e-05,-0.0007274809089364943,0.0,-0.008421209090836563,0.003062914171199832,2.1833962635569113e-05
2.769999999999806,0.24878416031272194,12.355672734792497,5.964707539173001e-08,6.833521845241542e-05,5.006232296948905e-05,-0.0007252459251343377,0.0,-0.008369441558986699,0.0031351999340140575,2.1761772511790472e-05,0.24878416031272205,12.355672734792513,5.96470753552844e-08,6.833521845249832e-05,5.0062322950405726e-05,-0.0007252459251311389,0.0,-0.008369441558987539,0.0031351999340622242,2.1761772511562156e-05
2.779999999999805,0.24863223837411347,12.288087159142163,6.317887106310574e-08,6.741021524507275e-05,6.051443096286241e-05,-0.0007247058036148649,0.0,-0.008321142373040973,0.0032050500080906515,2.174055713797165e-05,0.24863223837411358,12.28808715914216,6.317887104129484e-08,6.741021524507343e-05,6.051443096286241e-05,-0.0007247058036201979,0.0,-0.008321142373050431,0.003205050008071872,2.174055713811591e-05
2.7899999999998037,0.24847860403652636,12.219755094124608,6.690633304733275e-08,6.653122563142514e-05,7.046616656855555e-05,-0.0007257860546729043,0.0,-0.00827586402232787,0.0032726953047201635,2.176825019048805e-05,0.24847860403652644,12.219755094124585,6.690633306453835e-08,6.653122563134353e-05,7.04661666067222e-05,-0.0007257860546746546,0.0,-0.008275864022337074,0.003272695304688833,2.176825019066802e-05
2.7999999999998026,0.24832326740507146,12.150680167337603,7.074957318360353e-08,6.569568806865948e-05,7.997498158975158e-05,-0.0007283606997323477,0.0,-0.008233074411885921,0.003338412940159502,2.1841214923531246e-05,0.24832326740507155,12.150680167337567,7.074957310752494e-08,6.569568806852323e-05,7.997498159611269e-05,-0.0007283606997056327,0.0,-0.00823307441187202,0.0033384129401787727,2.1841214923077534e-05
2.8099999999998015,0.2481662389186157,12.080865719383826,7.466088690176626e-08,6.489972129605979e-05,8.910751972807964e-05,-0.0007322613654664583,0.0,-0.008192183908536547,0.003402511876532516,2.195451440304308e-05,0.24816623891861567,12.080865719383794,7.466088690784895e-08,6.489972129592109e-05,8.910751967719076e-05,-0.0007322613654554141,0.0,-0.008192183908508266,0.0034025118765289323,2.195451440238101e-05
2.8199999999998004,0.24800752930558204,12.01031486827005,7.861694519443627e-08,6.413840402153375e-05,9.793632891421297e-05,-0.0007372870173261786,0.0,-0.008152571865242552,0.003465318788975566,2.210220213792599e-05,0.24800752930558204,12.01031486827003,7.861694516372867e-08,6.413840402145052e-05,9.793632888240742e-05,-0.0007372870173352266,0.0,-0.008152571865237315,0.003465318788971014,2.2102202138122355e-05
2.8299999999997993,0.2478471495373334,11.939030577124669,8.261198230051143e-08,6.340606367193254e-05,0.00010653668028246531,-0.0007432139361707096,0.0,-0.008113611743106606,0.003527164632533439,2.227762116419124e-05,0.24784714953733344,11.93903057712465,8.261198230051143e-08,6.340606367186218e-05,0.00010653668026974308,-0.0007432139361659455,0.0,-0.008113611743101221,0.0035271646324951584,2.2277621164248924e-05
2.8399999999997982,0.24768511078095304,11.867015722548837,8.6652211672727e-08,6.269656325480267e-05,0.00011498359542083,-0.0007498055693351518,0.0,-0.008074694080404645,0.0035883723145482297,2.247370042242278e-05,0.24768511078095298,11.867015722548826,8.665221156159786e-08,6.269656325474772e-05,0.00011498359540174667,-0.0007498055693508796,0.0,-0.00807469408041751,0.0035883723145105186,2.247370042301117e-05
2.849999999999797,0.24752142435309873,11.794273161140172,9.075136656864738e-08,6.200357658616747e-05,0.00012334916698266094,-0.0007568219251641026,0.0,-0.008035246702522588,0.0036492458025746246,2.2683238372157733e-05,0.24752142435309873,11.794273161140165,9.07513665629405e-08,6.200357658613971e-05,0.00012334916696993872,-0.000756821925164839,0.0,-0.00803524670252867,0.003649245802562179,2.268323837223892e-05
2.859999999999796,0.24735610167641833,11.720805792018638,9.492718780197879e-08,6.132084352323713e-05,0.0001317002392735322,-0.0007640282245486707,0.0,-0.007994751718551926,0.003710060917707719,2.289916511019117e-05,0.2473561016764184,11.720805792018625,9.492718776735791e-08,6.132084352319582e-05,0.00013170023924808776,-0.0007640282245430063,0.0,-0.00799475171854537,0.00371006091769909,2.2899165109868657e-05
2.869999999999795,0.24718915423979093,11.646616613523102,9.919868520722082e-08,6.064239832604502e-05,0.00014009649597454123,-0.0007712025756797772,0.0,-0.00795275900528771,0.0037710579820023626,2.3114775813195447e-05,0.24718915423979101,11.64661661352309,9.919868531703995e-08,6.06423983260188e-05,0.00014009649598726345,-0.0007712025756802986,0.0,-0.00795275900529659,0.003771057982014947,2.3114775813473796e-05
2.879999999999794,0.2470205935634129,11.571708772619997,1.0358403460481179e-07,5.996276582036482e-05,0.00014858898488654784,-0.0007781424925992466,0.0,-0.00790889603032625,0.003832436406386086,2.3323929958083972e-05,0.24702059356341294,11.571708772619964,1.0358403460147769e-07,5.9962765820241165e-05,0.00014858898487382562,-0.0007781424925839703,0.0,-0.00790889603030837,0.0038324364064191317,2.3323929957445804e-05
2.8899999999997927,0.24685043116948713,11.49608560595525,1.080990059012143e-07,5.92771215921313e-05,0.00015721908933878997,-0.0007846701346040193,0.0,-0.00786287400806655,0.003894351231321899,2.3521212456693755e-05,0.24685043116948716,11.496085605955225,1.0809900584068672e-07,5.9277121592035873e-05,0.00015721908932606776,-0.0007846701346065218,0.0,-0.007862874008062747,0.00389435123136333,2.3521212456710947e-05
2.8999999999997916,0.24667867855901054,11.419750671872876,1.1275584617059507e-07,5.8581413981670356e-05,0.00016601794151648955,-0.0007906361995188907,0.0,-0.007814490513149402,0.003956911561954354,2.370205453921568e-05,0.2466786785590106,11.41975067187286,1.1275584611030298e-07,5.858141398161706e-05,0.00016601794151648955,-0.0007906361995159971,0.0,-0.007814490513142511,0.003956911561941806,2.370205453912684e-05
2.9099999999997905,0.2465053471948956,11.34270777310346,1.175625545865232e-07,5.7872447121983234e-05,0.0001750062557107316,-0.0007959224565260136,0.0,-0.007763628788440152,0.0040201807766573425,2.386281379517191e-05,0.24650534719489564,11.34270777310344,1.1756255458719086e-07,5.78724471219014e-05,0.0001750062557107316,-0.0007959224565203352,0.0,-0.007763628788435612,0.004020180776670057,2.3862813795129035e-05
2.9199999999997894,0.24633044849141947,11.264960970181845,1.2252250230189526e-07,5.7147925651791254e-05,0.0001841945483110703,-0.0008004429536480026,0.0,-0.007710254080726306,0.004084178339802314,2.4000814289219397e-05,0.24633044849141952,11.264960970181829,1.2252250224713566e-07,5.7147925651739016e-05,0.0001841945482983481,-0.0008004429536494177,0.0,-0.007710254080726486,0.004084178339777917,2.4000814289365883e-05
2.9299999999997883,0.24615399380977432,11.186514585975141,1.276343494225482e-07,5.640646299592064e-05,0.00019358369969504165,-0.0008041439778915818,0.0,-0.007654407411021186,0.004148883002815221,2.4114348968025067e-05,0.24615399380977426,11.186514585975123,1.2763434936703794e-07,5.6406462995835696e-05,0.00019358369970776386,-0.0008041439778986589,0.0,-0.007654407411021133,0.004148883002784348,2.4114348968128025e-05
2.9399999999997872,0.24597599445929255,11.107373201980634,1.328922173746268e-07,5.564755620753606e-05,0.00020316580586620663,-0.0008070028830637351,0.0,-0.007596197240379243,0.0042142371548409,2.4202647708980407e-05,0.24597599445929255,11.10737320198062,1.3289221740316006e-07,5.564755620748285e-05,0.0002031658058407622,-0.0008070028830683975,0.0,-0.007596197240384258,0.004214237154827455,2.420264770914766e-05
2.949999999999786,0.24579646170376715,11.027541647283615,1.3828607101322916e-07,5.487153129554231e-05,0.0002129252617192706,-0.0008090259297159934,0.0,-0.007535789524210015,0.00428015205931086,2.4265815268867345e-05,0.24579646170376712,11.027541647283613,1.3828607106825465e-07,5.487153129552606e-05,0.00021292526172563168,-0.0008090259297104453,0.0,-0.007535789524208153,0.004280152059296443,2.4265815268745755e-05
2.959999999999785,0.24561540677215135,10.947024981243043,1.4380226562049702e-07,5.407946368174908e-05,0.0002228400162332659,-0.0008102453036040924,0.0,-0.007473396659718093,0.0043465137091273035,2.430474406190434e-05,0.24561540677215138,10.94702498124303,1.438022655934807e-07,5.407946368171037e-05,0.000222840016239627,-0.0008102453035981232,0.0,-0.0074733966597140935,0.004346513709129052,2.430474406173687e-05
2.969999999999784,0.2454328408728366,10.865828471096117,1.4942421366785645e-07,5.3273078942857944e-05,0.0002328829371839547,-0.0008107154926248217,0.0,-0.007409265824104302,0.004413189035183965,2.4321007142195086e-05,0.24543284087283654,10.86582847109611,1.4942421372230156e-07,5.3273078942810476e-05,0.000232882937203038,-0.0008107154926248713,0.0,-0.007409265824107123,0.004413189035217024,2.4321007142295117e-05
2.979999999999783,0.24524877521065053,10.783957565744224,1.5513312776128084e-07,5.245463928578195e-05,0.00024302322752116183,-0.0008105092095036197,0.0,-0.007343667177020843,0.0044800322117477,2.4316736994254953e-05,0.2452487752106505,10.783957565744217,1.551331277877769e-07,5.245463928575103e-05,0.0002430232275720507,-0.0008105092095135975,0.0,-0.007343667177032715,0.004480032211748047,2.431673699462151e-05
2.9899999999997817,0.2450632210056989,10.701417867000439,1.6090879636087802e-07,5.1626821276671226e-05,0.000253227837038887,-0.0008097130456764329,0.0,-0.007276882361640491,0.004546890827530556,2.4294495709152218e-05,0.24506322100569894,10.701417867000433,1.6090879633188525e-07,5.1626821276661184e-05,0.00025322783708341476,-0.0008097130456728057,0.0,-0.007276882361649065,0.004546890827526876,2.429449570920617e-05
2.9999999999997806,0.24487618951318513,10.618215099551657,1.667303565516515e-07,5.079259021290677e-05,0.00026346281958159823,-0.0008084230355673681,0.0,-0.007209193688044258,0.0046136117116159225,2.4257141951038433e-05,0.24487618951318516,10.618215099551641,1.6673035655637222e-07,5.079259021285999e-05,0.0002634628195943205,-0.0008084230355519395,0.0,-0.00720919368804136,0.004613611711658932,2.425714195074366e-05
3.0099999999997795,0.24468769204338822,10.534355080817598,1.725770295597795e-07,4.995507620642641e-05,0.0002736945921494972,-0.000806740296980162,0.0,-0.007140874322500557,0.004680046239498442,2.4207699729262675e-05,0.24468769204338822,10.534355080817598,1.725770296646137e-07,4.995507620642641e-05,0.0002736945921494972,-0.0008067402969892023,0.0,-0.007140874322503432,0.004680046239384589,2.4207699729454782e-05
3.0199999999997784,0.24449773998104432,10.449843691783094,1.7842879156899528e-07,4.911745655544936e-05,0.0002838910604713764,-0.0008047668960128573,0.0,-0.0070721797407019334,0.00474605497531444,2.4149233490726633e-05,0.24449773998104435,10.449843691783093,1.7842879155928553e-07,4.911745655545417e-05,0.00028389106046501536,-0.0008047668960172237,0.0,-0.007072179740710732,0.004746054975337333,2.4149233490970572e-05
3.0299999999997773,0.24430634480346758,10.364686849745327,1.8426695937594223e-07,4.8282848354871944e-05,0.0002940225826172711,-0.000802602062954841,0.0,-0.007003340632892296,0.004811511549707948,2.4084733392323988e-05,0.24430634480346755,10.364686849745338,1.8426695936749695e-07,4.828284835490764e-05,0.0002940225826554378,-0.0008026020629642041,0.0,-0.0070033406329009,0.0048115115496197795,2.408473339262751e-05
3.039999999999776,0.2441135180968494,10.278890483761737,1.900746742483724e-07,4.74542145604184e-05,0.0003040627521655216,-0.0008003388627322345,0.0,-0.00693455737999184,0.0048763056986319605,2.4017013933229076e-05,0.24411351809684947,10.278890483761744,1.9007467430086324e-07,4.745421456047038e-05,0.00030406275218460493,-0.0008003388627346957,0.0,-0.00693455737999446,0.004876305698556707,2.4017013933243066e-05
3.049999999999775,0.24391927157029214,10.192460513414286,1.95837275988302e-07,4.6634285915218694e-05,0.0003139889891752779,-0.0007980613969144816,0.0,-0.006865996151803106,0.004940345438564447,2.3948628337407463e-05,0.24391927157029217,10.19246051341429,1.9583727600284236e-07,4.6634285915232246e-05,0.00031398898916891677,-0.0007980613969219499,0.0,-0.006865996151813758,0.0049403454385961165,2.394862833765538e-05
3.059999999999774,0.24372361706725176,10.105402831329009,2.0154256260454287e-07,4.582550030509055e-05,0.0003237829369988626,-0.0007958425889737776,0.0,-0.006797786615257306,0.005003558375860193,2.38818003152118e-05,0.2437236170672518,10.105402831329018,2.015425625525572e-07,4.5825500305137484e-05,0.0003237829370370293,-0.0007958425889742407,0.0,-0.0067977866152650725,0.005003558375883552,2.3881800315306706e-05
3.069999999999773,0.24352656657418806,10.01772328971461,2.0718093553286542e-07,4.50299602738524e-05,0.00033343066819088116,-0.0007937425784656135,0.0,-0.006730021183346669,0.005065892186462565,2.381837404823283e-05,0.24352656657418806,10.017723289714613,2.0718093548653007e-07,4.502996027386585e-05,0.00033343066815907566,-0.0007937425784536335,0.0,-0.006730021183337387,0.0050658921864698975,2.381837404773226e-05
3.079999999999772,0.2433281322263372,9.929427691013117,2.1274543828203388e-07,4.424940862479144e-05,0.0003429227105696867,-0.000791807726409089,0.0,-0.006662755686709159,0.005127314324932001,2.3759782532405046e-05,0.2433281322263372,9.929427691013121,2.1274543838504873e-07,4.424940862480483e-05,0.0003429227105569645,-0.0007918077264174269,0.0,-0.00666275568670846,0.005127314324918414,2.3759782532496464e-05
3.0899999999997707,0.243128326310635,9.840521782599982,2.1823169560440552e-07,4.3485221312028946e-05,0.0003522539106380011,-0.0007900702111888638,0.0,-0.006596011308712346,0.005187811046262087,2.3707033730299182e-05,0.243128326310635,9.840521782599982,2.1823169560440552e-07,4.3485221312028946e-05,0.00035225391060619555,-0.0007900702111905267,0.0,-0.006596011308709793,0.005187811046271718,2.370703373032385e-05
3.0999999999997696,0.24292716126591393,9.75101125532889,2.236377648558945e-07,4.273841618579365e-05,0.0003614231530325475,-0.000788548175110095,0.0,-0.006529777593928326,0.0052473858406109075,2.3660713383059057e-05,0.2429271612659139,9.751011255328898,2.2363776480176428e-07,4.273841618581193e-05,0.00036142315301982526,-0.0007885481751130453,0.0,-0.006529777593929686,0.005247385840609897,2.3660713383158326e-05
3.1099999999997685,0.24272464968059088,9.660901745597773,2.289639148295374e-07,4.200967565042959e-05,0.00037043296212777114,-0.0007872463664129764,0.0,-0.006464016319082377,0.005306057391808156,2.3621002871034698e-05,0.24272464968059082,9.660901745597776,2.289639147691332e-07,4.200967565042538e-05,0.00037043296211504895,-0.0007872463664112511,0.0,-0.006464016319082844,0.00530605739178929,2.3621002871067868e-05
3.1199999999997674,0.24252080428812775,9.570198840513905,2.3421234695149778e-07,4.129938090555379e-05,0.0003792890102902797,-0.000786157207119069,0.0,-0.0063986660033200915,0.0053638571808200305,2.3587710075345683e-05,0.24252080428812775,9.570198840513905,2.3421234695149778e-07,4.129938090555379e-05,0.0003792890102902797,-0.0007861572071203415,0.0,-0.006398666003321296,0.005363857180823858,2.3587710075392876e-05
3.1299999999997663,0.24231563796060226,9.478908085663479,2.393868732981545e-07,4.060765519563954e-05,0.0003879995595897192,-0.0007852622094960192,0.0,-0.006333646832234907,0.005420826852326838,2.356031093450415e-05,0.24231563796060226,9.478908085663479,2.393868732981545e-07,4.060765519563954e-05,0.0003879995595897192,-0.0007852622094955634,0.0,-0.006333646832234868,0.005420826852329014,2.3560310934493368e-05
3.139999999999765,0.24210916370076896,9.387034994942477,2.4449256963733585e-07,3.9934413381996833e-05,0.0003965748647068826,-0.0007845336573747325,0.0,-0.006268865776446514,0.005477015465607157,2.3537999204699645e-05,0.24210916370076896,9.387034994942477,2.444925696478479e-07,3.9934413381996833e-05,0.0003965748646814382,-0.0007845336573628112,0.0,-0.0062688657764427055,0.005477015465672563,2.3537999204517082e-05
3.149999999999764,0.24190139463300342,9.294585061880971,2.4953541670811334e-07,3.927941515295804e-05,0.0004050265616883498,-0.0007839364670298698,0.0,-0.0062042216986878725,0.005532476738446234,2.3519741864574854e-05,0.24190139463300342,9.294585061880971,2.4953541670811334e-07,3.927941515295804e-05,0.0004050265616883498,-0.000783936467028879,0.0,-0.0062042216986865125,0.005532476738445089,2.3519741864542064e-05
3.159999999999763,0.2416923439935337,9.20156377189199,2.5452194549721156e-07,3.8642319309029176e-05,0.00041336706701884733,-0.0007834301432943196,0.0,-0.006139610262850087,0.005587266388727352,2.3504337621512193e-05,0.2416923439935337,9.20156377189199,2.5452194549721156e-07,3.8642319309029176e-05,0.00041336706701884733,-0.0007834301432939112,0.0,-0.006139610262849232,0.005587266388727197,2.350433762149893e-05
3.169999999999762,0.2414820251203473,9.107976614896026,2.5945889848298485e-07,3.802273676165354e-05,0.00042160900702337736,-0.0007829707509633957,0.0,-0.0060749284835861,0.005641439658983139,2.3490476111199728e-05,0.2414820251203473,9.107976614896026,2.5945889848298485e-07,3.802273676165354e-05,0.00042160900702337736,-0.0007829707509631933,0.0,-0.006074928483585479,0.005641439658983197,2.3490476111193287e-05
3.179999999999761,0.24127045144314171,9.01382909780853,2.643529174868586e-07,3.742028015482327e-05,0.0004297646968033055,-0.0007825128281395588,0.0,-0.006010078783351474,0.005695049099915891,2.3476795564926098e-05,0.24127045144314171,9.01382909780853,2.643529174868586e-07,3.742028015482327e-05,0.0004297646968033055,-0.0007825128281394074,0.0,-0.0060100787833510475,0.0056950490999160275,2.34767955649215e-05
3.1899999999997597,0.24105763647365097,8.919126756432735,2.6921026740323245e-07,3.683460834817396e-05,0.00043784568235098634,-0.0007820111769755587,0.0,-0.0059449724540170555,0.005748142669465503,2.3461936977267548e-05,0.24105763647365097,8.919126756432735,2.6921026740323245e-07,3.683460834817396e-05,0.00043784568235098634,-0.0007820111769754147,0.0,-0.005944972454016667,0.005748142669465678,2.3461936977263302e-05
3.1999999999997586,0.24084359379663237,8.823875166363761,2.740366029754323e-07,3.6265464347040256e-05,0.00044586235671406366,-0.0007814224778992279,0.0,-0.0058795324525736156,0.0058007621854748725,2.344459312709162e-05,0.24084359379663237,8.823875166363761,2.740366029754323e-07,3.6265464347040256e-05,0.00044586235671406366,-0.0007814224778990896,0.0,-0.005879532452573305,0.005800762185475028,2.344459312708752e-05
3.2099999999997575,0.24062833706175474,8.728079952583439,2.7883678148592766e-07,3.5712705639596525e-05,0.0004538236573020812,-0.0007807066840242835,0.0,-0.005813695490730903,0.005852942160035251,2.3423551115000104e-05,0.24062833706175474,8.728079952583439,2.7883678148592766e-07,3.5712705639596525e-05,0.0004538236573020812,-0.0007807066840241453,0.0,-0.0058136954907306694,0.0058529421600353685,2.3423551114995964e-05
3.2199999999997564,0.24041187997656713,8.63174679750419,2.836147252968033e-07,3.51763262715032e-05,0.0004617368475350428,-0.000779828165358277,0.0,-0.005747413408943724,0.005904709018456586,2.3397727473182672e-05,0.24041187997656713,8.63174679750419,2.836147252968033e-07,3.51763262715032e-05,0.0004617368475350428,-0.0007798281653581493,0.0,-0.005747413408943492,0.0059047090184567025,2.3397727473178807e-05
3.2299999999997553,0.24019423630067527,8.534881447299833,2.8837333366494453e-07,3.465647035216356e-05,0.00046960738290389374,-0.0007787565839205141,0.0,-0.005680653852440054,0.005956080695875885,2.3366195241564008e-05,0.24019423630067527,8.534881447299833,2.8837333366494453e-07,3.465647035216356e-05,0.00046960738290389374,-0.0007787565839204003,0.0,-0.00568065385243986,0.005956080695876021,2.3366195241560582e-05
3.239999999999754,0.2399754198411947,8.43748971643973,2.931144431339891e-07,3.415343703188557e-05,0.0004774388580460904,-0.0007774674922510318,0.0,-0.005613400290883563,0.006007066594229224,2.3328202751475224e-05,0.2399754198411947,8.43748971643973,2.931144431339891e-07,3.415343703188557e-05,0.0004774388580460904,-0.0007774674922509256,0.0,-0.005613400290883369,0.00600706659422934,2.332820275147197e-05
3.249999999999753,0.23975544444949687,8.339577490417282,2.9783883168389617e-07,3.366767731253287e-05,0.0004852330287359559,-0.0007759426594185339,0.0,-0.005545651444355132,0.00605766786014908,2.3283184211809446e-05,0.23975544444949687,8.339577490417282,2.9783883168389617e-07,3.366767731253287e-05,0.0004852330287359559,-0.0007759426594184399,0.0,-0.005545651444354938,0.006057667860149158,2.3283184211806593e-05
3.259999999999752,0.2395343240192147,8.241150726731261,3.0254626324619946e-07,3.3199783341994296e-05,0.0004929899013727662,-0.0007741701373832958,0.0,-0.005477420193847305,0.006107877950551866,2.323076245228916e-05,0.2395343240192147,8.241150726731261,3.0254626324619946e-07,3.3199783341994296e-05,0.0004929899013727662,-0.0007741701373832101,0.0,-0.005477420193847188,0.006107877950551924,2.3230762452286595e-05
3.269999999999751,0.23931207248543127,8.142215454237705,3.0723556798106453e-07,3.2750471097831734e-05,0.0005007078793816825,-0.0007721440897675222,0.0,-0.005408732066783206,0.0061576834312974974,2.317074446458482e-05,0.23931207248543127,8.142215454237705,3.0723556798106453e-07,3.2750471097831734e-05,0.0005007078793816825,-0.0007721440897674454,0.0,-0.00540873206678309,0.0061576834312975755,2.3170744464582462e-05
3.27999999999975,0.2390887038249359,8.04277777103985,3.1190474906236873e-07,3.232055757535841e-05,0.0005083839554782809,-0.0007698644112011365,0.0,-0.005339623394922444,0.006207064960429295,2.3103110566400594e-05,0.2390887038249359,8.04277777103985,3.1190474906236873e-07,3.232055757535841e-05,0.0005083839554782809,-0.0007698644112010687,0.0,-0.005339623394922327,0.006207064960429354,2.3103110566398534e-05
3.2899999999997487,0.2388642320574062,7.942843841121412,3.1655111222507346e-07,3.1910933757660925e-05,0.0005160139387665189,-0.0007673361715523306,0.0,-0.005270139245699806,0.006255998399374374,2.3027998206270048e-05,0.2388642320574062,7.942843841121412,3.1655111222507346e-07,3.1910933757660925e-05,0.0005160139387665189,-0.0007673361715522651,0.0,-0.00527013924569969,0.0062559983993744515,2.3027998206268123e-05
3.2999999999997476,0.23863867124735044,7.842419889956535,3.211714092103254e-07,3.152253475576418e-05,0.0005235927042468885,-0.0007645689211745071,0.0,-0.00520033122599583,0.0063044560008657605,2.2945681485512947e-05,0.23863867124735044,7.842419889956535,3.211714092103254e-07,3.152253475576418e-05,0.0005235927042468885,-0.0007645689211744457,0.0,-0.005200331225995713,0.006304456000865838,2.29456814855111e-05
3.3099999999997465,0.2384120355066318,7.741512199345067,3.257619888411563e-07,3.115630855614752e-05,0.0005311144531448163,-0.0007615758969329189,0.0,-0.0051302552536234836,0.006352407617653355,2.2856547583082738e-05,0.2384120355066318,7.741512199345067,3.257619888411563e-07,3.115630855614752e-05,0.0005311144531511775,-0.0007615758969328607,0.0,-0.005130255253623367,0.006352407617653414,2.2856547583081047e-05
3.3199999999997454,0.238184338997392,7.6401271017275985,3.303189494076022e-07,3.081318480556535e-05,0.0005385729738242876,-0.0007583731673276885,0.0,-0.00505996938331657,0.006399821889335369,2.2761071241988553e-05,0.23818433899739203,7.640127101727608,3.3031894941754913e-07,3.0813184805614155e-05,0.0005385729737924821,-0.0007583731673151666,0.0,-0.005059969383303886,0.006399821889375173,2.2761071241544508e-05
3.3299999999997443,0.23795559593519122,7.5382709742294525,3.348382864818714e-07,3.0494044987157178e-05,0.000545961892485526,-0.0007549787545930977,0.0,-0.004989531763831112,0.006446667360963965,2.265978844980323e-05,0.2379555959351912,7.53827097422945,3.3483828649195756e-07,3.0494044987127243e-05,0.0005459618924537204,-0.0007549787545875838,0.0,-0.004989531763823907,0.0064466673610329124,2.265978844959759e-05
3.339999999999743,0.23772582059219213,7.435950232669203,3.393160299722829e-07,3.0199695211212203e-05,0.0005532749060006804,-0.0007514117688513192,0.0,-0.004918998790774625,0.006492913499454844,2.2553270386220584e-05,0.23772582059219213,7.43595023266921,3.3931602996205943e-07,3.0199695211230083e-05,0.0005532749059815971,-0.0007514117688574245,0.0,-0.004918998790772122,0.006492913499405275,2.2553270386272277e-05
3.349999999999742,0.23749502730022967,7.3331713257462425,3.4374836821036884e-07,2.993084265290784e-05,0.0005605059896358512,-0.000747691585616155,0.0,-0.004848423505665877,0.006538531579027137,2.2442098575790454e-05,0.23749502730022967,7.333171325746252,3.4374836831336905e-07,2.9930842652933656e-05,0.000560505989623129,-0.0007476915856340417,0.0,-0.0048484235056800605,0.006538531579012752,2.24420985763515e-05
3.359999999999741,0.2372632304536235,7.2299407295943485,3.481317539598484e-07,2.968807643056856e-05,0.0005676495737309023,-0.0007438370932344503,0.0,-0.004777854278085969,0.00658349541544056,2.2326842072542713e-05,0.23726323045362355,7.229940729594337,3.481317539650947e-07,2.9688076430588378e-05,0.0005676495737436246,-0.0007438370932293522,0.0,-0.00477785427808457,0.006583495415454899,2.2326842072379327e-05
3.36999999999974,0.23703044451161911,7.126264942856151,3.524629898916576e-07,2.947185345106171e-05,0.0005747006867162832,-0.0007398660324413855,0.0,-0.004707333793016466,0.006627781933430751,2.2208037343550705e-05,0.23703044451161911,7.126264942856149,3.524629898509986e-07,2.9471853451053806e-05,0.0005747006866971999,-0.0007398660324253463,0.0,-0.004707333793002461,0.006627781933449451,2.220803734304589e-05
3.3799999999997388,0.23679668400036222,7.0221504823994305,3.567392941374083e-07,2.92824894586442e-05,0.0005816550612799446,-0.000735794443812169,0.0,-0.0046368983522794005,0.0066713715659639326,2.2086171352786498e-05,0.23679668400036216,7.022150482399408,3.56739294210092e-07,2.9282489458544836e-05,0.0005816550612481391,-0.0007357944438027459,0.0,-0.0046368983522581345,0.00667137156597381,2.208617135226037e-05
3.3899999999997377,0.23656196351434086,6.9176038797592465,3.60958343034902e-07,2.9120155236597505e-05,0.0005885092042186799,-0.0007316362340166524,0.0,-0.004566577485573237,0.0067142484820104705,2.196166818218499e-05,0.2365619635143408,6.917603879759245,3.6095834301313615e-07,2.912015523654279e-05,0.0005885092041741521,-0.0007316362340234623,0.0,-0.0045665774855626565,0.006714248481935114,2.19616681821373e-05
3.3999999999997366,0.23632629771725386,6.812631678355103,3.651182930245968e-07,2.8984877644219854e-05,0.0005952604299675325,-0.0007274028658700134,0.0,-0.004496393855686403,0.006756400654390327,2.1834879359137368e-05,0.23632629771725375,6.812631678355106,3.651182930810588e-07,2.8984877644122943e-05,0.0005952604299420881,-0.0007274028658787342,0.0,-0.004496393855688119,0.006756400654376188,2.183487935935469e-05
3.4099999999997355,0.2360897013422913,6.7072404314971825,3.692177833122949e-07,2.887654494311068e-05,0.0006019068611722964,-0.0007231031723411374,0.0,-0.00442636343246583,0.006797819778582387,2.1706077910452153e-05,0.23608970134229124,6.7072404314971905,3.6921778331786237e-07,2.8876544943074128e-05,0.0006019068611722964,-0.0007231031723575966,0.0,-0.004426363432475433,0.0067978197785099285,2.1706077910983527e-05
3.4199999999997344,0.23585218919183468,6.601436701164889,3.7325591859349164e-07,2.8794915689179147e-05,0.0006084473984169957,-0.0007187432896514871,0.0,-0.004356495902338947,0.006838501060856072,2.1575456006086416e-05,0.23585218919183468,6.601436701164922,3.7325591872311664e-07,2.879491568920788e-05,0.000608447398436079,-0.00071874328967415,0.0,-0.004356495902367213,0.006838501060771917,2.157545600693689e-05
3.4299999999997333,0.23561377613660714,6.495227057512804,3.7723223814659294e-07,2.873963035101989e-05,0.000614881664297012,-0.0007143267008694577,0.0,-0.00428679527452649,0.006878442896257863,2.144312595175221e-05,0.23561377613660706,6.495227057512835,3.772322380845821e-07,2.873963035096276e-05,0.0006148816642524842,-0.0007143267008759331,0.0,-0.004286795274539906,0.006878442896243864,2.1443125951777146e-05
3.439999999999732,0.2353744771143199,6.388618079035247,3.81146670476779e-07,2.8710224764622663e-05,0.0006212099256227164,-0.0007098543775158816,0.0,-0.004217260640811321,0.006917646460847976,2.130912416069058e-05,0.23537447711431989,6.3886180790353,3.8114667047102786e-07,2.8710224764674295e-05,0.0006212099256354387,-0.0007098543775281802,0.0,-0.004217260640842391,0.006917646460831739,2.1309124161216792e-05
3.449999999999731,0.23513430712787997,6.281616353302817,3.849994782133585e-07,2.870614455081067e-05,0.0006274330000574676,-0.000705325004782818,0.0,-0.004147887044879966,0.0069561152398204375,2.117341768338528e-05,0.23513430712788003,6.281616353302851,3.849994782928238e-07,2.8706144550910303e-05,0.0006274330000701899,-0.0007053250047829941,0.0,-0.004147887044905163,0.006956115239918859,2.1173417683496204e-05
3.45999999999973,0.23489328124322895,6.174228478169827,3.887911971153365e-07,2.8726759684538982e-05,0.0006335521508094462,-0.000700735273384811,0.0,-0.004078666416088589,0.00699385451863056,2.103591278394024e-05,0.23489328124322909,6.174228478169852,3.887911971597667e-07,2.872675968467912e-05,0.0006335521508476128,-0.0007007352733845802,0.0,-0.004078666416102284,0.006993854518635179,2.1035912783833053e-05
3.469999999999729,0.23465141458689537,6.0664610633439615,3.9252256955345464e-07,2.877137852493058e-05,0.0006395689761010185,-0.0006960802208385243,0.0,-0.004009588525758645,0.007030870858386451,2.0896465055799024e-05,0.23465141458689556,6.066461063343996,3.9252256947954884e-07,2.8771378525133444e-05,0.0006395689760882962,-0.0006960802208273132,0.0,-0.004009588525760837,0.0070308708584481076,2.0896465055359393e-05
3.4799999999997278,0.23440872234334392,5.958320732205612,3.961944785018136e-07,2.883926075545891e-05,0.000645485297009656,-0.0006913536038982617,0.0,-0.003940641926113958,0.007067171579244502,2.075489052474189e-05,0.23440872234334392,5.958320732205656,3.961944785399193e-07,2.8839260755474124e-05,0.0006454852969905728,-0.0006913536038908496,0.0,-0.0039406419261093,0.0070671715791812695,2.075489052455094e-05
3.4899999999997267,0.2341652197522035,5.849814123765651,3.99807883008554e-07,2.892962884211059e-05,0.0006513030492145773,-0.0006865482852366321,0.0,-0.0038718148374340513,0.007102764269042721,2.0610977230126817e-05,0.23416521975220342,5.849814123765686,3.9980788297833107e-07,2.8929628842057264e-05,0.0006513030492209383,-0.0006865482852374686,0.0,-0.003871814837432275,0.007102764269013778,2.061097723028958e-05
3.4999999999997256,0.23392092210545673,5.740947894656268,4.033637569027027e-07,2.9041677784078627e-05,0.0006570241814479964,-0.0006816566177559285,0.0,-0.0038030959538188137,0.007137656335380316,2.046449678034263e-05,0.23392092210545667,5.740947894656293,4.0336375685894657e-07,2.9041677784042963e-05,0.0006570241814352742,-0.0006816566177718345,0.0,-0.00380309595382079,0.007137656335384717,2.046449678066438e-05
3.5099999999997245,0.23367584474466188,5.631728721058061,4.0686303420552765e-07,2.9174583075009108e-05,0.0006626505646075936,-0.0006766708121175164,0.0,-0.0037344751444481905,0.007171854613568784,2.0315215448336127e-05,0.23367584474466183,5.63172872105808,4.0686303427990704e-07,2.9174583074965757e-05,0.0006626505646330381,-0.0006766708121362315,0.0,-0.0037344751444581712,0.0071718546135061565,2.0315215448912906e-05
3.5199999999997234,0.23343000305827555,5.5221633004787885,4.1030656297009185e-07,2.9327506931441783e-05,0.0006681839138901755,-0.0006715832746582714,0.0,-0.0036659440331350546,0.007205365040338241,2.0162904413256317e-05,0.23343000305827555,5.522163300478791,4.103065629576631e-07,2.9327506931443663e-05,0.0006681839138901755,-0.0006715832746567968,0.0,-0.003665944033135554,0.007205365040385031,2.0162904413269774e-05
3.5299999999997222,0.23318341247912872,5.412258353312875,4.1369506541151e-07,2.9499602943594805e-05,0.0006736257250915253,-0.0006663869055834154,0.0,-0.0035974964457574587,0.007238192399720933,2.0007348835532346e-05,0.2331834124791287,5.4122583533128905,4.1369506541151e-07,2.9499602943573145e-05,0.0006736257250469976,-0.0006663869055809954,0.0,-0.00359749644575359,0.007238192399674331,2.0007348835519966e-05
3.539999999999721,0.23293608848210223,5.302020624126675,4.170291097505023e-07,2.9690019386087223e-05,0.0006789772270380276,-0.0006610753497104501,0.0,-0.003529128721398972,0.007270340143540083,1.9848355532652594e-05,0.23293608848210226,5.302020624126658,4.170291098176953e-07,2.969001938610941e-05,0.0006789772270698331,-0.0006610753497145864,0.0,-0.0035291287214004262,0.007270340143529513,1.9848355532804e-05
3.54999999999972,0.2326880465820328,5.191456882630267,4.20309090320726e-07,2.989790146681717e-05,0.0006842393497938434,-0.0006556431943785657,0.0,-0.0034608398883469393,0.007301810286739818,1.968575907612572e-05,0.23268804658203288,5.191456882630244,4.203090903015855e-07,2.9897901466896046e-05,0.0006842393497811212,-0.0006556431943538568,0.0,-0.003460839888327999,0.007301810286790828,1.968575907557198e-05
3.559999999999719,0.23243930233186913,5.080573924312754,4.2353521688727305e-07,3.012239281299159e-05,0.0006894127081729149,-0.0006500861120142921,0.0,-0.003392631711844135,0.0073326033736949795,1.9519426239363887e-05,0.2324393023318691,5.080573924312729,4.235352168679691e-07,3.0122392812989222e-05,0.0006894127081474704,-0.0006500861119948473,0.0,-0.0033926317118201875,0.00733260337374716,1.9519426238842674e-05
3.569999999999718,0.23218987132108582,4.969378570733374,4.2670751338327105e-07,3.0362636485633165e-05,0.0006944976000405489,-0.0006444009471921278,0.0,-0.0033245086244329757,0.007362718510139444,1.934925877211574e-05,0.23218987132108573,4.969378570733358,4.267075133471788e-07,3.03626364855778e-05,0.0006944976000341878,-0.0006444009471908036,0.0,-0.003324508624415212,0.007362718510143101,1.9349258772020753e-05
3.5799999999997167,0.2319397691743542,4.857877669475099,4.2982582428916707e-07,3.0617775789517176e-05,0.0006994940181069146,-0.0006385857501285481,0.0,-0.0032564775536824742,0.007392153452141464,1.9175194562090612e-05,0.23193976917435413,4.857877669475071,4.2982582435120736e-07,3.0617775789492544e-05,0.0006994940181005534,-0.0006385857501324711,0.0,-0.0032564775536726765,0.007392153452109562,1.9175194562210915e-05
3.5899999999997156,0.23168901155045418,4.746078093779796,4.328898278527212e-07,3.088695509967863e-05,0.0007044016724771744,-0.0006326397602571165,0.0,-0.0031885476641665468,0.007420904744819229,1.89972072863537e-05,0.23168901155045407,4.746078093779774,4.328898277999553e-07,3.0886955099572946e-05,0.0007044016724835356,-0.0006326397602574868,0.0,-0.0031885476641533685,0.00742090474479285,1.8997207286175733e-05
3.5999999999997145,0.23143761414140784,4.633986741894931,4.3589905479197616e-07,3.116932087841815e-05,0.000709220023220366,-0.0006265633458580284,0.0,-0.003120730032915314,0.007448967897402126,1.8815304722175155e-05,0.2314376141414078,4.633986741894924,4.358990547786787e-07,3.116932087839264e-05,0.000709220023220366,-0.0006265633458615058,0.0,-0.003120730032916408,0.007448967897484199,1.8815304722109025e-05
3.6099999999997134,0.23118559267180724,4.521610536169649,4.388529123428652e-07,3.146402300216829e-05,0.0007139483194075289,-0.0006203579058104163,0.0,-0.0030530372776813365,0.007476337587600179,1.862952590413942e-05,0.23118559267180724,4.521610536169649,4.3885291232276113e-07,3.146402300216829e-05,0.0007139483194011678,-0.0006203579058070571,0.0,-0.0030530372776806204,0.007476337587599557,1.8629525903954517e-05
3.6199999999997123,0.2309329628983013,4.408956421944774,4.4175070976573306e-07,3.177021645663726e-05,0.0007185856436331098,-0.0006140257415159923,0.0,-0.0029854831576834385,0.007503007880468049,1.8439937360045453e-05,0.23093296289830129,4.408956421944782,4.417507098074738e-07,3.1770216456606236e-05,0.0007185856436203877,-0.0006140257415134363,0.0,-0.002985483157686819,0.007503007880536599,1.8439937359938774e-05
3.6299999999997112,0.23067974060920782,4.296031366284573,4.445916870501881e-07,3.208706341530381e-05,0.0007231309585973658,-0.0006075699067309871,0.0,-0.0029180821657049825,0.00752897245475192,1.8246628662835237e-05,0.23067974060920782,4.296031366284583,4.445916870433825e-07,3.208706341529764e-05,0.0007231309585846436,-0.0006075699067293061,0.0,-0.0029180821657064982,0.0075289724547507155,1.8246628662762365e-05
3.63999999999971,0.230425941624211,4.182842356599412,4.473750426107997e-07,3.241373566430997e-05,0.0007275831542421855,-0.000600994043267479,0.0,-0.002850849128272498,0.007554224825485895,1.8049707530991545e-05,0.230425941624211,4.182842356599412,4.473750426245141e-07,3.241373566430997e-05,0.0007275831542421855,-0.0006009940432717392,0.0,-0.002850849128276267,0.007554224825487332,1.8049707531053778e-05
3.649999999999709,0.23017158179410865,4.069396399208672,4.5009996123632664e-07,3.2749417306680715e-05,0.0007319410936528534,-0.0005943022108443212,0.0,-0.0027837988295717877,0.007578758553653392,1.7849294733046645e-05,0.23017158179410865,4.069396399208679,4.500999612294182e-07,3.274941730667539e-05,0.0007319410936464923,-0.0005943022108426,0.0,-0.002783798829576506,0.007578758553661119,1.784929473304136e-05
3.659999999999708,0.22991667700057167,3.9557005178894076,4.5276563941881386e-07,3.309330764884038e-05,0.0007362036555820667,-0.000587498717902162,0.0,-0.002716945671264831,0.0076025674389040895,1.764551899856307e-05,0.22991667700057167,3.9557005178894147,4.5276563943969206e-07,3.309330764883447e-05,0.0007362036555757055,-0.0005874987179061779,0.0,-0.0027169456712687334,0.007602567438875996,1.764551899860844e-05
3.669999999999707,0.2296612431558826,3.8417617524533507,4.553713091119002e-07,3.344462415767371e-05,0.0007403697723367021,-0.000580587960510856,0.0,-0.0026503033785296114,0.007625645683960342,1.7438512154440122e-05,0.22966124315588257,3.84176175245334,4.5537130912592025e-07,3.344462415768341e-05,0.0007403697723557855,-0.0005805879605129149,0.0,-0.002650303378536739,0.00762564568394884,1.7438512154610505e-05
3.6799999999997057,0.22940529620262617,3.7275871573887276,4.57916256275812e-07,3.380260537218089e-05,0.0007444384624421126,-0.0005735742745943694,0.0,-0.002583884759180832,0.007647988032922154,1.7228404643603176e-05,0.22940529620262623,3.7275871573887196,4.5791625617317105e-07,3.380260537224161e-05,0.0007444384624357515,-0.0005735742745917993,0.0,-0.002583884759184074,0.0076479880329123895,1.7228404643632798e-05
3.6899999999997046,0.2291488521133042,3.6131838005973225,4.603998373894166e-07,3.416651365182809e-05,0.000748408856531843,-0.0005664618062303088,0.0,-0.0025177015201470363,0.0076695898762964235,1.7015321575516977e-05,0.22914885211330427,3.6131838005973074,4.603998373894166e-07,3.416651365192329e-05,0.000748408856531843,-0.0005664618062134892,0.0,-0.0025177015201328923,0.007669589876363708,1.701532157492842e-05
3.6999999999997035,0.22889192688985938,3.498558762250097,4.628214914982998e-07,3.45356376600043e-05,0.0007522802166535956,-0.0005592544033134977,0.0,-0.00245176414274762,0.007690447324349964,1.679937940760913e-05,0.22889192688985938,3.498558762250086,4.628214914507474e-07,3.453563766001636e-05,0.0007522802166599567,-0.0005592544033087863,0.0,-0.0024517641427397154,0.007690447324340588,1.6799379407514886e-05
3.7099999999997024,0.22863453656309093,3.383719133777771,4.6518074766855336e-07,3.4909294489641725e-05,0.0007560519491759229,-0.0005519555309962315,0.0,-0.0023860818159366303,0.007710557246809985,1.6580683336529363e-05,0.22863453656309096,3.383719133777749,4.6518074766134395e-07,3.490929448969373e-05,0.000756051949182284,-0.0005519555309906426,0.0,-0.0023860818159273656,0.007710557246846694,1.6580683336311432e-05
3.7199999999997013,0.22837669719195694,3.268672017005448,4.674772286418578e-07,3.528683136478671e-05,0.0007597236100743075,-0.0005445682115475354,0.0,-0.0023206624237971374,0.007729917283587106,1.6359325418086043e-05,0.228376697191957,3.2686720170054184,4.674772286273408e-07,3.5286831364875245e-05,0.0007597236100615853,-0.0005445682115305557,0.0,-0.0023206624237804728,0.007729917283626764,1.6359325417636587e-05
3.7299999999997,0.22811842486275863,3.1534245234334115,4.6971065091033925e-07,3.566762686957057e-05,0.0007632949052237751,-0.0005370949889854675,0.0,-0.0022555125825488354,0.0077485258263544025,1.6135383435544214e-05,0.22811842486275863,3.1534245234333897,4.697106509502247e-07,3.5667626869598964e-05,0.000763294905217414,-0.0005370949889851465,0.0,-0.002255512582539576,0.007748525826344221,1.6135383435519098e-05
3.739999999999699,0.22785973568821039,3.037983773660738,4.718808215068145e-07,3.605109168133985e-05,0.0007667656841840892,-0.0005295379172076321,0.0,-0.0021906377202030036,0.007766381976724979,1.5908920472756275e-05,0.22785973568821036,3.037983773660702,4.7188082154653083e-07,3.60510916813894e-05,0.0007667656841840892,-0.0005295379172112373,0.0,-0.0021906377201950876,0.007766381976701359,1.5908920472826172e-05
3.749999999999698,0.2276006458064005,2.922356896942078,4.739876317055891e-07,3.6436668806442575e-05,0.0007701359297802544,-0.0005218985697676011,0.0,-0.002126042191170524,0.00778348548314613,1.5679985147307247e-05,0.22760064580640044,2.9223568969420675,4.739876316216184e-07,3.643666880643232e-05,0.0007701359297866156,-0.0005218985697673551,0.0,-0.0021260421911710125,0.007783485483219577,1.567998514727896e-05
3.759999999999697,0.22734117137965495,2.8065510308638446,4.7603104816272477e-07,3.682383333926926e-05,0.0007734057437582152,-0.0005141780687200774,0.0,-0.0020617294175263477,0.007799836664258275,1.544861242219693e-05,0.2273411713796549,2.806551030863856,4.7603104816272477e-07,3.682383333920195e-05,0.0007734057437645763,-0.0005141780687298529,0.0,-0.0020617294175377886,0.007799836664205556,1.5448612422449428e-05
3.769999999999696,0.22708132859331603,2.690573321122986,4.780111028354344e-07,3.721209178123896e-05,0.0007765753293363322,-0.0005063771294695525,0.0,-0.0019977020482890963,0.00781543631919308,1.5214824906878906e-05,0.22708132859331603,2.6905733211229936,4.780111028262239e-07,3.721209178122781e-05,0.000776575329374499,-0.0005063771294866126,0.0,-0.0019977020483090634,0.007815436319113278,1.5214824907452617e-05
3.7799999999996947,0.22682113365445092,2.5744309213881236,4.799278817333684e-07,3.760098097220908e-05,0.0007796449723510546,-0.0004984961181354435,0.0,-0.0019339621284441444,0.00783028563388346,1.4978634547449725e-05,0.2268211336544509,2.574430921388142,4.799278817409153e-07,3.760098097218023e-05,0.000779644972370138,-0.0004984961181332191,0.0,-0.00193396212845387,0.007830285633880708,1.4978634547452707e-05
3.7899999999996936,0.22656060279050844,2.458130993222558,4.817815123817986e-07,3.7990066698678495e-05,0.0007826150212830368,-0.0004905351177590386,0.0,-0.0018705112694738734,0.007844386085025839,1.4740044589193506e-05,0.22656060279050846,2.4581309932225865,4.81781512365711e-07,3.79900666986559e-05,0.0007826150212703146,-0.0004905351177530111,0.0,-0.0018705112694793412,0.007844386085062355,1.4740044588995464e-05
3.7999999999996925,0.22629975224793983,2.341680706047303,4.83572152253893e-07,3.83789420479438e-05,0.0007854858672069211,-0.00048249399982878006,0.0,-0.001807350814413966,0.007857739346659055,1.4499051712842143e-05,0.22629975224793983,2.3416807060473244,4.835721521535722e-07,3.837894204793187e-05,0.0007854858671814766,-0.00048249399982189,0.0,-0.0018073508144068108,0.007857739346665065,1.4499051712444959e-05
3.8099999999996914,0.2260385982907996,2.2250872371234665,4.852999770132394e-07,3.87672255825791e-05,0.0007882579249052049,-0.0004743724976419508,0.0,-0.001744481991139385,0.00787034720274699,1.4255648233206538e-05,0.22603859829079964,2.225087237123477,4.852999769438672e-07,3.8767225582609595e-05,0.0007882579249052049,-0.00047437249763867655,0.0,-0.0017444819911365428,0.007870347202771539,1.425564823304687e-05
3.8199999999996903,0.22577715719934519,2.108357771534578,4.869651697573613e-07,3.915455940918903e-05,0.0007909316151525502,-0.00046617027819749734,0.0,-0.0016819060487696213,0.007882211469924622,1.4009824265178702e-05,0.2257771571993452,2.1083577715345854,4.869651697573613e-07,3.91545594092006e-05,0.0007909316151525502,-0.00046617027820866326,0.0,-0.0016819060487784365,0.007882211469851335,1.4009824265543831e-05
3.829999999999689,0.22551544526864528,1.9914995021510866,4.885679120398156e-07,3.9540607209501414e-05,0.0007935073493346216,-0.00045788700987090707,0.0,-0.0016196243733507865,0.007893333930068136,1.3761569769656266e-05,0.22551544526864536,1.9914995021510968,4.88567912047595e-07,3.954060720955457e-05,0.0007935073493537049,-0.0004578870098838162,0.0,-0.0016196243733537564,0.007893333930015022,1.37615697698575e-05
3.839999999999688,0.22525347880721486,1.8745196295622317,4.901083756764974e-07,3.992505230103846e-05,0.0007959855165668401,-0.00044952242349720047,0.0,-0.001557638580176307,0.007903716277127765,1.351087640858945e-05,0.2252534788072148,1.8745196295622468,4.901083756921479e-07,3.992505230096286e-05,0.000795985516560479,-0.00044952242349897883,0.0,-0.0015576385801766347,0.007903716277188111,1.35108764085709e-05
3.849999999999687,0.22499127413568154,1.757425361963217,4.915867166857051e-07,4.030759577982701e-05,0.0007983664734657188,-0.0004410763649247006,0.0,-0.00149595058146329,0.00791336007734133,1.325773914978459e-05,0.22499127413568154,1.7574253619632243,4.915867166999424e-07,4.030759577981309e-05,0.0007983664734848022,-0.00044107636492721745,0.0,-0.0014959505814649,0.007913360077337178,1.3257739149824406e-05
3.859999999999686,0.2247288475854951,1.6402239149884998,4.93003070650222e-07,4.068795479317579e-05,0.0008006505368208651,-0.000432548837815762,0.0,-0.0014345626291050295,0.007922266743106999,1.3002157580806053e-05,0.22472884758549513,1.6402239149885074,4.930030706641531e-07,4.068795479316157e-05,0.0008006505368399483,-0.0004325488378212097,0.0,-0.0014345626291074165,0.007922266743082256,1.3002157580877531e-05
3.869999999999685,0.2244662154976836,1.522922511485793,4.943575503210259e-07,4.106586097802948e-05,0.000802837979320315,-0.0004239400359219194,0.0,-0.001373477333502382,0.007930437520796274,1.274413690953527e-05,0.2244662154976836,1.5229225114858038,4.943575503960429e-07,4.106586097800773e-05,0.0008028379793521205,-0.00042394003591639836,0.0,-0.0013734773335018547,0.007930437520742045,1.27441369095154e-05
3.8799999999996837,0.2242033942216585,1.4055283812275687,4.95650244344114e-07,4.144105908819186e-05,0.0008049290279602561,-0.00041525036431815603,0.0,-0.001312697660123946,0.007937873491451957,1.2483688634915032e-05,0.2242033942216585,1.405528381227576,4.956502443147816e-07,4.144105908817708e-05,0.0008049290279729783,-0.00041525036431236753,0.0,-0.0013126976601159023,0.007937873491509978,1.2483688634715934e-05
3.8899999999996826,0.22394040011407054,1.2880487605605098,4.96881217811192e-07,4.181330582604134e-05,0.0008069238647956387,-0.0004064804502108702,0.0,-0.0012522269064626002,0.007944575582312447,1.2220830900905658e-05,0.2239404001140705,1.2880487605605138,4.96881217811192e-07,4.1813305825987176e-05,0.0008069238647829165,-0.0004064804502153527,0.0,-0.0012522269064603464,0.007944575582270597,1.2220830900987659e-05
3.8999999999996815,0.22367724953771345,1.1704908919956067,4.980505141164431e-07,4.218236888133458e-05,0.0008088226302924794,-0.00039763114362562156,0.0,-0.0011920686624327047,0.007950544587987052,1.1955588546945213e-05,0.22367724953771345,1.1704908919956103,4.980505141326318e-07,4.218236888132692e-05,0.0008088226302543127,-0.0003976311436283294,0.0,-0.001192068662431578,0.007950544588014091,1.1955588546990742e-05
3.9099999999996804,0.22341395886047172,1.0528620237435933,4.991581582984008e-07,4.254802617142692e-05,0.0008106254280732501,-0.00038870350905323615,0.0,-0.0011322267575928579,0.007955781199860157,1.1687992881976414e-05,0.22341395886047177,1.0528620237436117,4.991581582534366e-07,4.2548026171433964e-05,0.0008106254280986946,-0.00038870350906125036,0.0,-0.0011322267576033829,0.007955781199835643,1.1687992882271607e-05
3.9199999999996793,0.22315054445431012,0.9351694092027033,5.002041600943202e-07,4.2910065272707684e-05,0.0008123323318186801,-0.0003796988094655299,0.0,-0.0010727051991173465,0.007960286039947523,1.1418081227895513e-05,0.22315054445431007,0.9351694092027184,5.002041601676303e-07,4.2910065272630434e-05,0.0008123323318250412,-0.0003796988094691651,0.0,-0.0010727051991282766,0.007960286039965247,1.1418081228059084e-05
3.929999999999678,0.2228870226942929,0.8174203064062351,5.011885196100723e-07,4.326828301879117e-05,0.0008139433922649778,-0.00037061848387294217,0.0,-0.001013508103749311,0.007964059699747051,1.114589626140003e-05,0.2228870226942929,0.8174203064062573,5.01188519687684e-07,4.326828301874301e-05,0.0008139433923158667,-0.00037061848387875864,0.0,-0.0010135081037606463,0.007964059699814096,1.1145896261502925e-05
3.939999999999677,0.22262340995763308,0.6996219774395769,5.021112309812234e-07,4.362248524600363e-05,0.0008154586453587724,-0.00036146412032329547,0.0,-0.000954639627692383,0.00796710277938521,1.0871485215910418e-05,0.22262340995763305,0.6996219774395732,5.021112310092677e-07,4.3622485245989295e-05,0.0008154586454160224,-0.00036146412033026445,0.0,-0.0009546396276916613,0.00796710277935328,1.0871485215949462e-05
3.949999999999676,0.22235972262275824,0.5817816878347201,5.029722880339201e-07,4.397248665681665e-05,0.000816878120704667,-0.00035223742575929553,0.0,-0.0008961038975178415,0.007969415926751693,1.0594898985490214e-05,0.22235972262275827,0.58178168783472,5.029722880060899e-07,4.3972486656838964e-05,0.0008168781207110281,-0.00035223742574977174,0.0,-0.0008961038975111746,0.007969415926792112,1.0594898985222987e-05
3.959999999999675,0.22209597706838932,0.46390670595243955,5.037716890969925e-07,4.431811077253325e-05,0.000818201849408486,-0.00034294019424922567,0.0,-0.0008379049448126897,0.007970999875361479,1.0316191174268106e-05,0.22209597706838932,0.463906705952462,5.037716891079e-07,4.431811077246091e-05,0.0008182018493894026,-0.0003429401942423638,0.0,-0.0008379049448060227,0.007970999875339602,1.0316191174076944e-05
3.969999999999674,0.22183218967262291,0.3460043023602588,5.045094412044956e-07,4.4659189946344176e-05,0.0008194298716279128,-0.00033357427540696,0.0,-0.0007800466471851065,0.007971855477385954,1.0035417145692188e-05,0.22183218967262286,0.34600430236026636,5.045094412044956e-07,4.465918994630525e-05,0.0008194298716024684,-0.00033357427540345785,0.0,-0.0007800466471781509,0.007971855477387935,1.0035417145572712e-05
3.9799999999996727,0.22156837681201255,0.22808174921413887,5.051855647691252e-07,4.499556541088159e-05,0.0008205622435124601,-0.0003241415438966123,0.0,-0.000722532677355564,0.007971983733942322,9.75263310393423e-06,0.22156837681201244,0.22808174921414642,5.051855647963144e-07,4.499556541079897e-05,0.0008205622435124601,-0.0003241415439053941,0.0,-0.0007225326773557583,0.007971983733944931,9.752633104085952e-06
3.9899999999996716,0.2213045548606413,0.11014631965111778,5.058000965103538e-07,4.532708733218018e-05,0.0008215990427948843,-0.0003146438715402618,0.0,-0.0006653664616903032,0.007971385818260712,9.46789524703235e-06,0.22130455486064124,0.11014631965112529,5.058000965373298e-07,4.53270873321195e-05,0.0008215990427694399,-0.00031464387154337423,0.0,-0.0006653664616946941,0.007971385818331955,9.467895247224907e-06
3.9999999999996705,0.2210407401891829,-0.007794712801643742,5.063530924101741e-07,4.5653614851673046e-05,0.0008225403734093508,-0.0003050831026751557,0.0,-0.0006085511489132889,0.007970063094725777,9.181259017590971e-06,0.22104074018918288,-0.0077947128016325,5.063530923493192e-07,4.565361485162522e-05,0.0008225403733966287,-0.0003050831026733109,0.0,-0.0006085511489113849,0.007970063094733238,9.181259017535165e-06
4.009999999999674,0.22077694916394602,-0.12573407479693802,5.068446299636635e-07,4.597501609544259e-05,0.0008233863693335455,-0.0002954610336502732,0.0,-0.0005520895894083888,0.007968017130729038,8.892778473945599e-06,0.22077694916394602,-0.12573407479692678,5.068446299199843e-07,4.597501609541598e-05,0.0008233863693208232,-0.00029546103365585654,0.0,-0.0005520895894117695,0.007968017130756472,8.892778474098273e-06
4.019999999999677,0.22051319814589979,-0.2436644937135846,5.072748095196936e-07,4.629116813822648e-05,0.0008241371962425615,-0.00028577939668062395,0.0,-0.0004959843244827123,0.007965249703544014,8.602505792530875e-06,0.22051319814589979,-0.2436644937135733,5.072748094417212e-07,4.62911681381996e-05,0.0008241371962489227,-0.0002857793966800753,0.0,-0.0004959843244909667,0.00796524970362858,8.602505792701469e-06
4.0299999999996805,0.22024950348967887,-0.36157869817700955,5.076437544452561e-07,4.660195691260481e-05,0.0008247930530546499,-0.00027603984853046026,0.0,-0.0004402375855977303,0.007961762800679496,8.310490914290511e-06,0.2202495034896789,-0.36157869817701327,5.07643754488675e-07,4.66019569126349e-05,0.0008247930530928165,-0.000276039848522492,0.0,-0.00044023758559912367,0.00796176280075116,8.310490914078985e-06
4.039999999999684,0.21998588154256926,-0.47946941855366615,5.079516118169663e-07,4.6907277058998265e-05,0.0008253541716831355,-0.00026624396374500393,0.0,-0.0003848513019278299,0.007957558616399912,8.01678132742225e-06,0.21998588154256932,-0.47946941855366604,5.079516118169663e-07,4.690727705901915e-05,0.0008253541717149411,-0.00026624396373882653,0.0,-0.0003848513019243105,0.007957558616356507,8.016781327258984e-06
4.049999999999687,0.2197223486434719,-0.5973293874202408,5.081985510893537e-07,4.7207031713320836e-05,0.0008258208159550295,-0.00025639323236363983,0.0,-0.00032982711539623064,0.007952639542870404,7.721421985797098e-06,0.2197223486434719,-0.5973293874202408,5.081985510893537e-07,4.7207031713320836e-05,0.0008258208159550295,-0.0002563932323595681,0.0,-0.00032982711539016887,0.007952639542867063,7.72142198566393e-06
4.0599999999996905,0.2194589211218491,-0.7151513400092891,5.083847631249291e-07,4.7501132237394535e-05,0.0008261932798171954,-0.0002464890616352774,0.0,-0.00027516640159938046,0.00794700815861396,7.424455350125191e-06,0.21945892112184906,-0.7151513400092817,5.083847631073921e-07,4.750113223735533e-05,0.0008261932798044731,-0.0002464890616335234,0.0,-0.0002751664015955335,0.0079470081586126,7.424455350068069e-06
4.069999999999694,0.21919561529665443,-0.8329280146339711,5.085104587223679e-07,4.778949789642473e-05,0.0008264718847219336,-0.00023653278142535305,0.0,-0.0002208702951820074,0.007940667213527448,7.125921538525819e-06,0.2191956152966544,-0.8329280146339637,5.085104588004978e-07,4.778949789638551e-05,0.0008264718847155725,-0.00023653278142173715,0.0,-0.00022087029517655067,0.007940667213537205,7.125921538493235e-06
4.079999999999697,0.2189324474752485,-0.9506521530949996,5.085758669616689e-07,4.807205549189252e-05,0.0008266569768789826,-0.00022652565229269617,0.0,-0.00016693971793382834,0.007933619612840549,6.825858562562273e-06,0.21893244747524856,-0.9506521530950107,5.085758668835111e-07,4.8072055491961507e-05,0.0008266569768598992,-0.0002265256522780233,0.0,-0.0001669397179214771,0.007933619612959108,6.825858562219486e-06
4.0899999999997005,0.21866943395230434,-1.0683165010732538,5.085812323704439e-07,4.834873895940412e-05,0.0008267489235342689,-0.00021646887596298651,0.0,-0.00011337540837541571,0.007925868400234848,6.524302634717231e-06,0.21866943395230437,-1.0683165010732687,5.08581232352668e-07,4.83487389594826e-05,0.0008267489235469911,-0.00021646887594880455,0.0,-0.00011337540835685279,0.007925868400334718,6.524302634301033e-06
4.099999999999704,0.21840659100870474,-1.1859138085122582,5.085268139145722e-07,4.861948894292079e-05,0.0008267481100056315,-0.00020636360736605466,0.0,-6.017795113433255e-05,0.007917416739805694,6.22128852678438e-06,0.21840659100870477,-1.1859138085122807,5.085268138542166e-07,4.861948894301853e-05,0.0008267481099929093,-0.0002063636073526562,0.0,-6.017795111802339e-05,0.007917416739845484,6.221288526429073e-06
4.109999999999707,0.2181439349104368,-1.3034368299938677,5.084128816277065e-07,4.8884252356976375e-05,0.000826654935948849,-0.00019621096732088495,0.0,-7.347805102586591e-06,0.007908267900064204,5.916849947730145e-06,0.2181439349104368,-1.3034368299938868,5.084128815429683e-07,4.888425235702487e-05,0.0008266549359170435,-0.00019621096731910293,0.0,-7.3478050886699616e-06,0.007908267900067855,5.916849947584306e-06
4.119999999999711,0.21788148190748494,-1.4208783251111596,5.082397159229594e-07,4.914298194741655e-05,0.0008264698123106698,-0.0001860120555690526,0.0,4.511467079967301e-05,0.007898425238580592,5.611019935790566e-06,0.21788148190748494,-1.4208783251111674,5.082397159471859e-07,4.9142981947436094e-05,0.0008264698123233921,-0.00018601205557840393,0.0,4.5114670798301876e-05,0.00789842523853837,5.61101993607459e-06
4.129999999999714,0.21761924823272585,-1.5382310588418722,5.080076049270874e-07,4.9395635861886755e-05,0.0008261931584726732,-0.00017576796330994842,0.0,9.72091950254994e-05,0.0078878921878211,5.3038312362542075e-06,0.21761924823272585,-1.5382310588418722,5.080076048849826e-07,4.9395635861886755e-05,0.0008261931585172009,-0.00017576796331737014,0.0,9.720919501343128e-05,0.007887892187758672,5.303831236601711e-06
4.139999999999717,0.21735725010082918,-1.655487801925167,5.07716842948764e-07,4.964217723933383e-05,0.0008258253996622976,-0.00016547978474856323,0.0,0.00014893554455005508,0.007876672244586758,4.99531665201658e-06,0.21735725010082912,-1.6554878019251638,5.077168429544073e-07,4.964217723928506e-05,0.0008258253996750198,-0.0001654797847424666,0.0,0.00014893554454500357,0.007876672244667015,4.995316651893156e-06
4.149999999999721,0.21709550370716463,-1.7726413312444351,5.07367729772511e-07,4.9882573826516503e-05,0.0008253669648918419,-0.0001551486273604841,0.0,0.00020029354022362832,0.007864768960619346,4.6855093549571355e-06,0.21709550370716463,-1.7726413312444276,5.073677297360294e-07,4.988257382649655e-05,0.0008253669649045641,-0.0001551486273624039,0.0,0.00020029354021962597,0.007864768960563434,4.685509354969182e-06
4.159999999999724,0.2168340252267188,-1.8896844302176612,5.069605687654488e-07,5.0116797627641113e-05,0.0008248182855081321,-0.0001447756205406359,0.0,0.0002512830362310536,0.007852185935336231,4.374443150843646e-06,0.2168340252267187,-1.8896844302176545,5.069605687888395e-07,5.011679762754443e-05,0.0008248182855399376,-0.00014477562054970817,0.0,0.0002512830362194574,0.007852185935354583,4.374443151057453e-06
4.169999999999727,0.2165728308130213,-2.006609889197329,5.064956671100394e-07,5.034482459227492e-05,0.0008241797940984103,-0.00013436192215380533,0.0,0.00030190391392140303,0.007838926812845804,4.062152683284237e-06,0.2165728308130213,-2.006609889197321,5.064956670732555e-07,5.03448245922547e-05,0.0008241797940666047,-0.0001343619221471543,0.0,0.00030190391392142526,0.007838926812957548,4.062152683017302e-06
4.179999999999731,0.21631193659708317,-2.1234105058798307,5.059733346473749e-07,5.056663434355827e-05,0.0008234519238224185,-0.0001239087233672447,0.0,0.00035215607942757905,0.007824995278871627,3.7486735822829686e-06,0.21631193659708317,-2.123410505879819,5.059733346518831e-07,5.056663434352774e-05,0.0008234519238351407,-0.00012390872336689023,0.0,0.00035215607942195025,0.007824995278882895,3.74867358223938e-06
4.189999999999734,0.21605135868634578,-2.2400790857251685,5.053938842579259e-07,5.0782209947637376e-05,0.0008226351086668432,-0.00011341725141178577,0.0,0.00040203946486589977,0.007810395061499015,3.4340425548397515e-06,0.21605135868634578,-2.2400790857251685,5.053938842621525e-07,5.0782209947637376e-05,0.0008226351086859265,-0.00011341725140565677,0.0,0.00040203946486623283,0.007810395061493075,3.4340425547553802e-06
4.199999999999737,0.21579111316364166,-2.3566084423863436,5.047576320762126e-07,5.099153772370176e-05,0.0008217297834262314,-0.0001028887703252789,0.0,0.000451554032615864,0.00779512993304331,3.1182974119916934e-06,0.21579111316364166,-2.356608442386332,5.047576321134424e-07,5.099153772367087e-05,0.0008217297834707592,-0.00010288877033832822,0.0,0.0004515540326035739,0.007795129933024553,3.118297412295138e-06
4.209999999999741,0.21553121608616663,-2.4729913981480522,5.040648972368862e-07,5.119460709337976e-05,0.0008207363846762409,-9.232458018391066e-05,0.0,0.0005006997819347436,0.007779203713781396,2.8014770503907703e-06,0.21553121608616668,-2.472991398148044,5.040648972592402e-07,5.119460709339599e-05,0.0008207363847080464,-9.232458018322065e-05,0.0,0.0005006997819320513,0.007779203713781202,2.8014770502773603e-06
4.219999999999744,0.21527168348446066,-2.5892207843729893,5.033160031584442e-07,5.1391410462845567e-05,0.0008196553514988068,-8.172601465574202e-05,0.0,0.0005494767574717064,0.007762620275725324,2.4836213836308193e-06,0.21527168348446066,-2.5892207843729858,5.033160031805921e-07,5.139141046283515e-05,0.0008196553515242513,-8.172601466180616e-05,0.0,0.0005494767574666049,0.007762620275672075,2.4836213837352792e-06
4.229999999999747,0.2150125313613996,-2.7052894419552636,5.02511277611929e-07,5.158194313790644e-05,0.0008184871267925294,-7.109443738192555e-05,0.0,0.0005978850588650275,0.007745383548524715,2.1647712367177637e-06,0.2150125313613996,-2.705289441955256,5.025112775930953e-07,5.15819431378855e-05,0.0008184871268434183,-7.109443739297638e-05,0.0,0.0005978850588557849,0.007745383548482085,2.1647712371045596e-06
4.239999999999751,0.21475377569119408,-2.8211902217784814,5.016510537303275e-07,5.176620326271365e-05,0.0008172321586530356,-6.043123744938915e-05,0.0,0.0006459248508268844,0.0077274975246479916,1.844968213004187e-06,0.21475377569119403,-2.8211902217784783,5.016510538116125e-07,5.1766203262666964e-05,0.0008172321586784801,-6.043123745255756e-05,0.0,0.0006459248508230431,0.0077274975245853975,1.84496821313946e-06
4.249999999999754,0.21449543241839472,-2.9369159851778783,5.007356708589269e-07,5.194419177958389e-05,0.000815890901556145,-4.973782402068718e-05,0.0,0.0006935963733873729,0.007708966265314979,1.5242545345169626e-06,0.21449543241839472,-2.9369159851778783,5.00735670820973e-07,5.194419177958389e-05,0.000815890901556145,-4.973782401349957e-05,0.0,0.0006935963733909145,0.007708966265336015,1.5242545343210702e-06
4.259999999999757,0.21423751745690348,-3.0524596044039396,4.997654749737664e-07,5.2115912402813734e-05,0.000814463817776397,-3.9015620874594804e-05,0.0,0.0007408999513387193,0.007689793905597944,1.2026728781336002e-06,0.2142375174569035,-3.0524596044039507,4.997654749356706e-07,5.211591240286347e-05,0.0008144638178145637,-3.9015620874317e-05,0.0,0.0007408999513399295,0.007689793905640052,1.2026728780492023e-06
4.269999999999761,0.21398004668898898,-3.1678139630866027,4.987408196666582e-07,5.228137160219999e-05,0.0008129513787992178,-2.826606072434677e-05,0.0,0.0007878360027822884,0.007669984658913931,8.802662063603115e-07,0.21398004668898898,-3.1678139630866067,4.987408196455344e-07,5.228137160221068e-05,0.0008129513787801344,-2.8266060716756997e-05,0.0,0.0007878360027922582,0.007669984658945245,8.802662060418916e-07
4.279999999999764,0.21372303596430434,-3.282971956698393,4.97662066820492e-07,5.2440578590340094e-05,0.0008113540662560029,-1.7490579685192674e-05,0.0,0.0008344050464585584,0.007649542821710928,5.570775992238283e-07,0.21372303596430434,-3.282971956698393,4.976620667402746e-07,5.2440578590340094e-05,0.0008113540662496418,-1.749057968957317e-05,0.0,0.0008344050464652586,0.007649542821562122,5.570775993836731e-07
4.289999999999767,0.21346650109890772,-3.397926493015191,4.965295866616427e-07,5.259354531043505e-05,0.0008096723729864222,-6.690612247177559e-06,0.0,0.0008806077073960416,0.007628472775526629,2.3315010309363258e-07,0.21346650109890772,-3.397926493015191,4.965295866423848e-07,5.259354531043505e-05,0.0008096723729546166,-6.690612252426113e-06,0.0,0.00088060770739804,0.007628472775571038,2.3315010320412035e-07
4.299999999999771,0.21321045787428364,-3.5126704925737013,4.95343758973488e-07,5.27402864199819e-05,0.0008079068039480592,4.132413199948239e-06,0.0,0.0009264447208895299,0.007606778990540694,-9.147340684933421e-08,0.2132104578742837,-3.5126704925737045,4.953437589529732e-07,5.274028642002738e-05,0.0008079068039289759,4.132413191801944e-06,0.0,0.000926444720886943,0.007606778990511443,-9.147340655637758e-08
4.309999999999774,0.21295492203636499,-3.627196889124755,4.941049726634498e-07,5.288081926791683e-05,0.0008060578767252995,1.4977078221196636e-05,0.0,0.000971916934835887,0.007584466025246631,-4.167503431557706e-07,0.21295492203636499,-3.627196889124767,4.941049725055338e-07,5.288081926794951e-05,0.0008060578767062162,1.4977078224231999e-05,0.0,0.0009719169348401779,0.00758446602526443,-4.1675034327777614e-07
4.319999999999777,0.2126999092945552,-3.741498630081941,4.92813626099029e-07,5.301516386302012e-05,0.0008041261218601083,2.5841977290790203e-05,0.0,0.0010170253102778249,0.007561538527406273,-7.42638498242694e-07,0.2126999092945553,-3.741498630081955,4.92813626099029e-07,5.301516386311509e-05,0.0008041261218855527,2.584197729396399e-05,0.0,0.0010170253102766203,0.007561538527451614,-7.426384982532438e-07
4.329999999999781,0.21244543532075008,-3.8555686769650737,4.914701276939117e-07,5.3143342831654635e-05,0.0008021120832655029,3.672571994654039e-05,0.0,0.001061770920358296,0.007538001232975833,-1.069096110259306e-06,0.21244543532075014,-3.8555686769650848,4.914701277138221e-07,5.3143342831704556e-05,0.0008021120832209751,3.6725719963827466e-05,0.0,0.001061770920370575,0.007538001233012803,-1.0690961108459188e-06
4.339999999999784,0.2121915157483601,-3.9694000058386054,4.900748950549058e-07,5.3265381365302516e-05,0.0008000163178184412,4.762693217548111e-05,0.0,0.0011061549479579602,0.007513858964296433,-1.396081909055602e-06,0.21219151574836015,-3.9694000058386316,4.900748950745039e-07,5.326538136541343e-05,0.000800016317856608,4.76269321734612e-05,0.0,0.001106154947963317,0.007513858964252096,-1.396081908995922e-06
4.349999999999787,0.2119381661713325,-4.082985607745106,4.886283552668667e-07,5.3381307157928835e-05,0.0007978393957923779,5.854425689117261e-05,0.0,0.001150178681988767,0.007489116627630027,-1.7235551304476639e-06,0.21193816617133251,-4.082985607745131,4.886283552668667e-07,5.338130715803982e-05,0.0007978393957732945,5.854425689878172e-05,0.0,0.0011501786819942239,0.0074891166276934516,-1.723555130676468e-06
4.359999999999791,0.21168540214317388,-4.196318489133644,4.871309445339522e-07,5.3491150332144404e-05,0.0007955818998903747,6.947635386646816e-05,0.0,0.0011938435128622637,0.007463779210546082,-2.051475518362983e-06,0.2116854021431739,-4.196318489133669,4.871309444949104e-07,5.349115033223889e-05,0.0007955818999221802,6.947635387321904e-05,0.0,0.0011938435128625914,0.007463779210630408,-2.051475518383282e-06
4.369999999999794,0.2114332391759735,-4.309391672284198,4.855831075859527e-07,5.359494335805007e-05,0.000793244425378685,8.04218988917507e-05,0.0,0.0012371509271846826,0.007437851777998802,-2.3798032996958853e-06,0.21143323917597354,-4.3093916722842165,4.855831076453421e-07,5.359494335813886e-05,0.0007932444254104905,8.04218988949078e-05,0.0,0.0012371509271846604,0.007437851777969601,-2.3798032996396317e-06
4.379999999999797,0.21118169273942886,-4.4221981957280745,4.839852981018086e-07,5.36927209650737e-05,0.0007908275793361417,9.137958254468374e-05,0.0,0.0012801025020651446,0.007411339468740788,-2.708499149438255e-06,0.2111816927394289,-4.422198195728077,4.839852980431712e-07,5.369272096511759e-05,0.0007908275793170584,9.137958254876817e-05,0.0,0.0012801025020700574,0.0074113394687715575,-2.7084991496091723e-06
4.389999999999801,0.21093077825987197,-4.534731114664924,4.823379771053609e-07,5.3784520047220834e-05,0.0007883319799099084,0.00010234810846427691,0.0,0.00132269989919801,0.007384247491403639,-3.037524140266197e-06,0.21093077825987197,-4.534731114664931,4.823379771041512e-07,5.378452004724336e-05,0.0007883319799226306,0.00010234810846852219,0.0,0.0013226998992062033,0.007384247491376186,-3.0375241404786783e-06
4.399999999999804,0.21068051111929978,-4.6469835013775835,4.806416136979484e-07,5.387037956749621e-05,0.0007857582562391456,0.0001133261914835252,0.0,0.0013649448590348113,0.007356581120788058,-3.3668396862643694e-06,0.2106805111192997,-4.64698350137759,4.806416136979484e-07,5.387037956744312e-05,0.0007857582562391456,0.00011332619149114951,0.0,0.0013649448590443258,0.0073565811208276015,-3.366839686563798e-06
4.409999999999807,0.21043090665440747,-4.7589484456444096,4.788966839091816e-07,5.3950340459292354e-05,0.0007831070475962606,0.0001243125556090589,0.0,0.0014068391951471471,0.007328345693985386,-3.6964074826055342e-06,0.21043090665440747,-4.7589484456444096,4.788966838891275e-07,5.3950340459292354e-05,0.0007831070475962606,0.0001243125556091911,0.0,0.0014068391951518433,0.007328345693963956,-3.696407482686175e-06
4.419999999999811,0.2101819801556259,-4.870619055150527,4.771036706870945e-07,5.402444552967185e-05,0.0007803790028080478,0.00013530593191082832,0.0,0.0014483847890601864,0.007299546606947066,-4.026189443490866e-06,0.21018198015562584,-4.870619055150541,4.771036706488497e-07,5.402444552965844e-05,0.0007803790028016867,0.00013530593189992263,0.0,0.0014483847890536749,0.00729954660688997,-4.02618944315535e-06
4.429999999999814,0.20993374686616312,-4.981988455898138,4.7526306323641884e-07,5.409273936471639e-05,0.0007775747799885204,0.00014630505664004937,0.0,0.0014895835855969985,0.007270189311164471,-4.356147642839614e-06,0.20993374686616317,-4.981988455898125,4.752630632767788e-07,5.409273936471359e-05,0.0007775747799948816,0.000146305056628465,0.0,0.0014895835855844308,0.007270189311143221,-4.356147642494729e-06
4.439999999999817,0.2096862219810516,-5.093049792616154,4.7337535708084026e-07,5.415526823845743e-05,0.0007746950459536899,0.00015730866935520315,0.0,0.001530437588800926,0.00724027931092566,-4.686244260046419e-06,0.20968622198105163,-5.093049792616129,4.733753570403559e-07,5.415526823840423e-05,0.0007746950459791343,0.00015730866934751604,0.0,0.0015304375887881083,0.007240279310932335,-4.6862442598249794e-06
4.449999999999821,0.20943942064620166,-5.203796229170063,4.714410531197406e-07,5.421208002861845e-05,0.0007717404760370926,0.0001683155114569568,0.0,0.0015709488585781029,0.007209822160755877,-5.016441533295837e-06,0.20943942064620164,-5.2037962291700195,4.714410531400445e-07,5.421208002849184e-05,0.0007717404760498148,0.00016831551144984647,0.0,0.0015709488585645304,0.0072098221608065,-5.0164415330849216e-06
4.459999999999824,0.20919335795745908,-5.314220948971826,4.6946065836283247e-07,5.4263224136614933e-05,0.0007687117537144853,0.00017932432494280687,0.0,0.0016111195079948014,0.00717882346362958,-5.34670172220454e-06,0.2091933579574591,-5.314220948971797,4.694606584412792e-07,5.4263224136564864e-05,0.0007687117537717353,0.00017932432493756676,0.0,0.0016111195079776598,0.007178823463568526,-5.3467017219124135e-06
4.4699999999998274,0.20894804895967067,-5.424317155390097,4.6743468514457375e-07,5.430875141576877e-05,0.0007656095706229278,0.00019033385144716827,0.0,0.0016509517012102959,0.007147288868758142,-5.676987077913076e-06,0.20894804895967067,-5.424317155390069,4.674346850694042e-07,5.430875141568764e-05,0.0007656095706229278,0.00019033385145068705,0.0,0.0016509517012066155,0.007147288868743934,-5.676987078003878e-06
4.479999999999831,0.20870350864575551,-5.534078072160923,4.6536365074364716e-07,5.4348714105825276e-05,0.0007624346262808946,0.00020134283172182075,0.0,0.0016904476519922385,0.007115224070779527,-6.0072598257429795e-06,0.20870350864575554,-5.534078072160902,4.653636507097129e-07,5.4348714105782294e-05,0.0007624346262300058,0.00020134283172136002,0.0,0.0016904476519857604,0.007115224070707876,-6.0072598255870755e-06
4.489999999999834,0.20845975195578212,-5.6434969437987865,4.6324807797255675e-07,5.438316577431934e-05,0.0007591876280246637,0.0002123500053507976,0.0,0.001729609622841094,0.007082634808521934,-6.337482156931723e-06,0.20845975195578212,-5.6434969437987705,4.6324807797255675e-07,5.438316577427268e-05,0.0007591876280373858,0.00021235000534684855,0.0,0.001729609622834305,0.007082634808517013,-6.337482156797787e-06
4.4999999999998375,0.20821679377605318,-5.75256703600799,4.6108849480099633e-07,5.4412161265146365e-05,0.000755869291472677,0.00022335411078839307,0.0,0.0017684399243856786,0.00704952686426123,-6.667616228614709e-06,0.20821679377605323,-5.752567036007997,4.610884947266142e-07,5.441216126519961e-05,0.0007558692914663159,0.00022335411078437613,0.0,0.0017684399243826753,0.0070495268642867676,-6.667616228488212e-06
4.509999999999841,0.20797464893819623,-5.86128163609418,4.5888543414274354e-07,5.443575665318045e-05,0.0007524803400484581,0.00023435388572107143,0.0,0.0018069409152644933,0.007015906063283106,-6.997624172531468e-06,0.20797464893819617,-5.861281636094177,4.5888543408075126e-07,5.443575665315391e-05,0.0007524803400420969,0.00023435388571418014,0.0,0.0018069409152586147,0.007015906063291877,-6.997624172310392e-06
4.519999999999844,0.20773333221826001,-5.969634053375742,4.5663943427067965e-07,5.445400920377228e-05,0.0007490215056103613,0.0002453480676461828,0.0,0.0018451150021720486,0.006981778273372277,-7.327468113299763e-06,0.20773333221826004,-5.969634053375754,4.5663943419230496e-07,5.44540092038076e-05,0.0007490215055658336,0.0002453480676550958,0.0,0.0018451150021827178,0.006981778273495493,-7.327468113685499e-06
4.5299999999998475,0.2074928583358188,-6.0776176195949585,4.5435103852053324e-07,5.446697733810655e-05,0.0007454935282225723,0.00025633539458349663,0.0,0.001882964640032969,0.0069471494047154,-7.657110189263234e-06,0.20749285833581882,-6.077617619594954,4.543510384629535e-07,5.446697733810931e-05,0.0007454935282162112,0.00025633539458405256,0.0,0.0018829646400333022,0.006947149404758016,-7.657110189190554e-06
4.539999999999851,0.20725324195308026,-6.185225689328419,4.520207952940511e-07,5.447472060081669e-05,0.000741897156587663,0.00026731460594248434,0.0,0.0019204923321760603,0.0069120254091509705,-7.986512576721781e-06,0.2072532419530804,-6.18522568932841,4.5202079534655243e-07,5.4474720600877126e-05,0.0007418971566067463,0.0002673146059362072,0.0,0.0019204923321745671,0.006912025409138531,-7.986512576554165e-06
4.549999999999854,0.2070144976740018,-6.292451640396652,4.496492587816293e-07,5.4477299631847166e-05,0.0007382331481229252,0.0002782844434652953,0.0,0.0019577006305168676,0.006876412280234012,-8.31563751979743e-06,0.20701449767400196,-6.292451640396642,4.4964925881816904e-07,5.447729963192134e-05,0.0007382331481165641,0.00027828444346894116,0.0,0.0019577006305199597,0.0068764122802371045,-8.31563751989112e-06
4.5599999999998575,0.20677664004341123,-6.399288874272604,4.4723698769576515e-07,5.447477613995272e-05,0.0007345022690939538,0.0002892436522735922,0.0,0.0019945921355667474,0.006840316052946355,-8.644447360927137e-06,0.2067766400434113,-6.399288874272606,4.472369876384038e-07,5.447477614000731e-05,0.0007345022690875926,0.0002892436522738902,0.0,0.0019945921355690233,0.006840316052974782,-8.644447360973955e-06
4.569999999999861,0.20653968354613303,-6.505730816488709,4.447845465109693e-07,5.4467212876990374e-05,0.000730705294900897,0.000300190981760204,0.0,0.002031169496301055,0.006803742802844878,-8.972904567524505e-06,0.20653968354613308,-6.505730816488727,4.4478454644794857e-07,5.446721287707835e-05,0.0007307052949263415,0.00030019098176750153,0.0,0.002031169496307933,0.006803742802864982,-8.97290456772813e-06
4.579999999999864,0.20630364260612036,-6.611770917042129,4.4229250464620276e-07,5.445467361274758e-05,0.000726843009913067,0.0003111251865544602,0.0,0.0020674354097504955,0.0067666986456376334,-9.300971761805302e-06,0.20630364260612039,-6.611770917042158,4.4229250464023044e-07,5.445467361283147e-05,0.0007268430099194281,0.00031112518655978865,0.0,0.002067435409756596,0.00676669864563792,-9.300971761968871e-06
4.5899999999998675,0.20606853158559305,-6.7174026507985065,4.397614371542616e-07,5.443722311052421e-05,0.00072291620792694,0.00032204502727323274,0.0,0.002103392620389277,0.006729189736418059,-9.628611743071447e-06,0.2060685315855931,-6.717402650798525,4.3976143716047234e-07,5.443722311061205e-05,0.0007229162079651066,0.0003220450272688867,0.0,0.00210339262039716,0.006729189736401889,-9.628611743114544e-06
4.599999999999871,0.20583436478417988,-6.822619517893407,4.371919240320813e-07,5.441492710093451e-05,0.0007189256919307952,0.00033294927128515485,0.0,0.002139043919224937,0.006691222268392147,-9.955787511445844e-06,0.20583436478417996,-6.822619517893441,4.3719192401090947e-07,5.44149271010705e-05,0.0007189256919244341,0.0003329492712959583,0.0,0.0021390439192404908,0.006691222268447508,-9.955787511837805e-06
4.609999999999874,0.20560115643806678,-6.9274150441318225,4.3458455042193285e-07,5.438785225518887e-05,0.0007148722741619653,0.00034383669331483835,0.0,0.0021743921427017808,0.006652802472609287,-1.0282462285919962e-05,0.2056011564380668,-6.9274150441318545,4.3458455034371327e-07,5.4387852255285536e-05,0.0007148722741683264,0.0003438366933259642,0.0,0.0021743921427131384,0.006652802472623206,-1.0282462286173544e-05
4.6199999999998775,0.2053689207191502,-7.031782781385396,4.319399064809955e-07,5.435606615725314e-05,0.0007107567762276964,0.00035470607580522336,0.0,0.002209440171260063,0.006613936615653867,-1.060859951606226e-05,0.2053689207191502,-7.0317827813854175,4.319399064240757e-07,5.435606615731372e-05,0.0007107567762340575,0.0003547060758068988,0.0,0.0022094401712659415,0.006613936615625574,-1.0608599516111765e-05
4.629999999999881,0.20513767173419592,-7.1357163079874635,4.2925858767468824e-07,5.4319637274531823e-05,0.0007065800289397603,0.0003655562092807012,0.0,0.002244190927763773,0.006574630999009662,-1.0934162893130714e-05,0.2051376717341959,-7.135716307987478,4.2925858763917496e-07,5.431963727454143e-05,0.0007065800289397603,0.0003655562092791281,0.0,0.0022441909277655936,0.006574630999015266,-1.0934162893159746e-05
4.639999999999884,0.2049074235240034,-7.2392092291258505,4.2654119369717476e-07,5.4278634927298743e-05,0.0007023428723144539,0.0003763858925251096,0.0,0.002278647375744347,0.006534891957342965,-1.125911635571852e-05,0.20490742352400335,-7.239209229125852,4.2654119381810147e-07,5.427863492727213e-05,0.0007023428722890095,0.00037638589253067135,0.0,0.002278647375748849,0.006534891957378016,-1.1259116355892484e-05
4.649999999999888,0.20467819006257507,-7.34225517723333,4.2378832979565086e-07,5.4233129256761924e-05,0.0006980461553626827,0.0003871939326145956,0.0,0.0023128125174366743,0.006494725856945993,-1.15834240912449e-05,0.204678190062575,-7.3422551772333495,4.237883297603906e-07,5.4233129256784394e-05,0.0006980461553054328,0.0003871939326220887,0.0,0.002312812517447993,0.006494725856951178,-1.1583424091580047e-05
4.659999999999891,0.2044499852562922,-7.444847812376156,4.210006049915648e-07,5.418319119248994e-05,0.0006936907360390722,0.0003979791449356076,0.0,0.002346689391821499,0.006454139094066683,-1.1907050536322307e-05,0.20444998525629224,-7.444847812376155,4.2100060493494183e-07,5.418319119250301e-05,0.0006936907359563777,0.00039797914494715586,0.0,0.002346689391833945,0.006454139094116146,-1.190705053673787e-05
4.669999999999894,0.20422282294309607,-7.546980822640118,4.1817863313811144e-07,5.412889241864912e-05,0.0006892774809875229,0.0004087403529955901,0.0,0.0023802810725247815,0.006413138093295845,-1.2229960372356135e-05,0.20422282294309602,-7.546980822640118,4.1817863306002284e-07,5.4128892418636155e-05,0.0006892774809429951,0.00040874035299108655,0.0,0.0023802810725261914,0.006413138093315574,-1.2229960372292988e-05
4.679999999999898,0.20399671689167448,-7.648647924514904,4.153230321330447e-07,5.4070305339998995e-05,0.0006848072656875165,0.0004194763882111872,0.0,0.0024135906656659436,0.006371729305579993,-1.2552118518323862e-05,0.20399671689167442,-7.648647924514881,4.15323032041687e-07,5.407030533989949e-05,0.0006848072656239055,0.0004194763882042338,0.0,0.0024135906656574113,0.006371729305599649,-1.2552118518119993e-05
4.689999999999901,0.2037716808006557,-7.749842863276118,4.1243442433927116e-07,5.400750304740095e-05,0.0006802809739197825,0.0004301860897494564,0.0,0.002446621307810737,0.006329919207018681,-1.2873490126148128e-05,0.20377168080065566,-7.7498428632761085,4.124344242612305e-07,5.40075030473385e-05,0.000680280973894338,0.0004301860897444269,0.0,0.002446621307801061,0.006329919207077084,-1.2873490125971627e-05
4.699999999999904,0.20354772829780762,-7.850559413365921,4.0951343561802926e-07,5.394055928460598e-05,0.0006756994979126033,0.0004408683042408991,0.0,0.0024793761639784863,0.00628771429677274,-1.3194040572977813e-05,0.20354772829780765,-7.850559413365887,4.0951343558339483e-07,5.3940559284519686e-05,0.0006756994978744365,0.00044086830423684375,0.0,0.0024793761639640365,0.006287714296778666,-1.319404057273101e-05
4.709999999999908,0.20332487293924398,-7.950791378771148,4.0656069575231824e-07,5.3869548413679176e-05,0.0006710637379028981,0.00045152188552124235,0.0,0.002511858425576374,0.006245121095778555,-1.35137354523028e-05,0.20332487293924384,-7.950791378771121,4.065606957830276e-07,5.386954841353007e-05,0.0006710637378520092,0.0004515218855224367,0.0,0.0025118584255661657,0.006245121095745198,-1.3513735452332168e-05
4.719999999999911,0.20310312820863563,-8.050532593400284,4.035768384983601e-07,5.3794545382283524e-05,0.0006663746022061951,0.0004621456943921875,0.0,0.002544071308578688,0.006202146144849913,-1.3832540567786044e-05,0.20310312820863563,-8.050532593400222,4.0357683846397287e-07,5.379454538210957e-05,0.0006663746021934729,0.00046214569436564383,0.0,0.002544071308555268,0.006202146144649004,-1.3832540566962994e-05
4.729999999999914,0.20288250751643108,-8.149776921458262,4.0056250051589987e-07,5.3715625691685613e-05,0.0006616330069876317,0.0004727385983260125,0.0,0.00257601805167586,0.0061587960029610145,-1.4150421923791468e-05,0.2028825075164311,-8.149776921458217,4.005625005283269e-07,5.371562569158562e-05,0.0006616330069621872,0.0004727385983205575,0.0,0.002576018051661111,0.006158796002999153,-1.4150421923686176e-05
4.739999999999918,0.20266302419908105,-8.248518257820011,3.9751832227797946e-07,5.363286536595292e-05,0.0006568398761983423,0.00048329947141070536,0.0,0.0026077019146311608,0.006115077246673245,-1.4467345723374798e-05,0.20266302419908103,-8.248518257819962,3.975183222342093e-07,5.363286536580316e-05,0.0006568398762110645,0.00048329947140449364,0.0,0.0026077019146207637,0.006115077246647049,-1.4467345723226308e-05
4.749999999999921,0.20244469151827124,-8.34675052840184,3.944449472052238e-07,5.3546340921460006e-05,0.0006519961412446825,0.0004938271941632403,0.0,0.0026391261767207685,0.006070996467969089,-1.4783278362900676e-05,0.20244469151827124,-8.346750528401836,3.9444494712733894e-07,5.35463409214475e-05,0.0006519961412446825,0.0004938271941578784,0.0,0.0026391261767151454,0.006070996467919235,-1.4783278362702907e-05
4.759999999999924,0.20222752266016247,-8.444467690531624,3.9134302184229545e-07,5.345612933919637e-05,0.0006471027410263941,0.0005043206533981687,0.0,0.002670294135203566,0.006026560272925391,-1.5098186427952987e-05,0.2022275226601625,-8.444467690531628,3.9134302185421415e-07,5.345612933922081e-05,0.0006471027410391163,0.0005043206534012787,0.0,0.002670294135210327,0.006026560272936654,-1.5098186427882628e-05
4.769999999999928,0.2020115307346363,-8.541663733317003,3.882131956830157e-07,5.336230803698626e-05,0.0006421606219111615,0.0005147787422529948,0.0,0.0027012091039839816,0.005981775281038418,-1.5412036693435234e-05,0.20201153073463635,-8.54166373331701,3.8821319572854395e-07,5.336230803703497e-05,0.0006421606219238837,0.0005147787422584207,0.0,0.0027012091039932294,0.005981775281080593,-1.541203669364039e-05
4.779999999999931,0.20179672877454904,-8.638332678012041,3.850561212964491e-07,5.326495484363181e-05,0.0006371707374165559,0.000525200360169084,0.0,0.0027318744122987572,0.0059366481232340455,-1.572479612406909e-05,0.20179672877454904,-8.638332678012041,3.850561212070637e-07,5.326495484363181e-05,0.0006371707373911114,0.0005252003601787456,0.0,0.0027318744123103365,0.0059366481232263155,-1.5724796124377293e-05
4.789999999999934,0.20158312973499184,-8.734468578382057,3.818724533737465e-07,5.316414797386132e-05,0.0006321340481845912,0.0005355844129563738,0.0,0.0027622934034605027,0.005891185441276497,-1.6036431874856037e-05,0.20158312973499187,-8.734468578382062,3.818724533630475e-07,5.3164147973909663e-05,0.0006321340482227578,0.0005355844129632636,0.0,0.002762293403464661,0.005891185441344077,-1.6036431874965525e-05
4.799999999999938,0.2013707464925589,-8.830065521066848,3.786628499273219e-07,5.305996600549472e-05,0.0006270515221089456,0.0005459298129029874,0.0,0.0027924694336992294,0.005845393886471662,-1.6346911294467387e-05,0.2013707464925589,-8.830065521066848,3.78662849960739e-07,5.305996600549472e-05,0.0006270515220835012,0.0005459298129119647,0.0,0.0027924694337101486,0.005845393886512018,-1.6346911294856222e-05
4.809999999999941,0.20115959184462098,-8.925117625941843,3.754279711574468e-07,5.295248785546414e-05,0.0006219241338387962,0.0005562354789086153,0.0,0.0028224058710304865,0.00579928011846165,-1.665620193019026e-05,0.20115959184462098,-8.925117625941843,3.754279711574468e-07,5.295248785546414e-05,0.0006219241338133517,0.0005562354789086963,0.0,0.0028224058710323518,0.0057992801184548835,-1.6656201930137712e-05
4.819999999999944,0.2009496785086083,-9.019619046477672,3.7216847955921646e-07,5.284179275928616e-05,0.0006167528649696504,0.0005665003366364936,0.0,0.002852106094145368,0.005752850804223131,-1.6964271531325106e-05,0.2009496785086083,-9.01961904647768,3.721684795369645e-07,5.2841792759311557e-05,0.0006167528649823727,0.0005665003366325288,0.0,0.0028521060941452125,0.005752850804214738,-1.6964271531240647e-05
4.829999999999948,0.20074101912129855,-9.113563970097442,3.688850401433197e-07,5.2727960248915314e-05,0.0006115387039542925,0.0005767233186242175,0.0,0.002881573491246453,0.0057061126167504365,-1.7271088053373008e-05,0.20074101912129863,-9.113563970097449,3.6888504020944305e-07,5.27279602489867e-05,0.0006115387039797369,0.0005767233186346218,0.0,0.0028815734912533697,0.005706112616801884,-1.727108805369319e-05
4.839999999999951,0.20053362623811335,-9.206946618532399,3.6557832008220716e-07,5.2611070133205675e-05,0.0006062826458865044,0.0005869033646296908,0.0,0.002910811459030349,0.005659072234766946,-1.757661966649357e-05,0.20053362623811335,-9.206946618532399,3.655783200045844e-07,5.2611070133205675e-05,0.0006062826458865044,0.0005869033646347924,0.0,0.0029108114590387034,0.005659072234723764,-1.757661966676264e-05
4.849999999999954,0.20032751233242055,-9.29976124817521,3.622489885378944e-07,5.249120247680761e-05,0.0006009856923992888,0.000597039421590892,0.0,0.002939823401533326,0.005611736340107021,-1.788083475778497e-05,0.20032751233242055,-9.29976124817521,3.622489885378944e-07,5.249120247680761e-05,0.0006009856923738443,0.0005970394215940267,0.0,0.00293982340153523,0.00561173634013393,-1.788083475782752e-05
4.859999999999958,0.20012268979484477,-9.392002150431402,3.5889771668952684e-07,5.2368437581365996e-05,0.0005956488516903128,0.0006071304439933739,0.0,0.002968612728942982,0.00556411161840864,-1.818370193840622e-05,0.20012268979484477,-9.392002150431393,3.588977166465292e-07,5.236843758134038e-05,0.0005956488516521461,0.0006071304439973974,0.0,0.0029686127289458185,0.005564111618459033,-1.8183701938477733e-05
4.869999999999961,0.19991917093258427,-9.483663652068289,3.555251777736874e-07,5.2242855964952806e-05,0.0005902731382038533,0.0006171753939133248,0.0,0.0029971828565662937,0.005516204756798135,-1.8485190048003332e-05,0.19991917093258424,-9.483663652068282,3.555251777736874e-07,5.224285596491657e-05,0.0005902731381911311,0.0006171753939097823,0.0,0.002997182856564895,0.005516204756791101,-1.848519004789774e-05
4.879999999999964,0.19971696796873514,-9.574740115562241,3.5213204664334437e-07,5.2114538343595304e-05,0.0005848595726307965,0.00062717324123677,0.0,0.003025537203557832,0.005468022443027637,-1.878526815957542e-05,0.19971696796873512,-9.574740115562232,3.5213204661086404e-07,5.211453834355913e-05,0.0005848595726180742,0.0006271732412307545,0.0,0.0030255372035525863,0.0054680224430337186,-1.8785268159328165e-05
4.889999999999968,0.19951609304162293,-9.6652259394431,3.487189996565881e-07,5.198356561111497e-05,0.0005794091818704713,0.0006371229637328821,0.0,0.003053679191713074,0.005419571364672171,-1.908390558193081e-05,0.19951609304162293,-9.6652259394431,3.487189996565881e-07,5.198356561111497e-05,0.0005794091818704713,0.0006371229637306381,0.0,0.0030536791917107424,0.005419571364679942,-1.9083905581852267e-05
4.899999999999971,0.19931655820414068,-9.755115558636826,3.4528671513025745e-07,5.1850018820218956e-05,0.0005739229987253159,0.0006470235472054477,0.0,0.003081612244344706,0.005370858207476023,-1.9381071865617752e-05,0.19931655820414068,-9.755115558636826,3.4528671513025745e-07,5.1850018820218956e-05,0.0005739229987253159,0.0006470235472055965,0.0,0.003081612244344123,0.005370858207480239,-1.938107186561754e-05
4.909999999999974,0.19911837542309466,-9.844403444805652,3.418358723584813e-07,5.1713979162841273e-05,0.0005684020617863785,0.0006568739855833854,0.0,0.003109339784934451,0.005321889654755283,-1.9676736803377102e-05,0.19911837542309466,-9.844403444805652,3.418358723584813e-07,5.1713979162841273e-05,0.0005684020617863785,0.0006568739855844795,0.0,0.0031093397849347227,0.005321889654758022,-1.967673680340826e-05
4.919999999999978,0.19892155657855706,-9.933084106685678,3.383671520222753e-07,5.157552795018196e-05,0.0005628474152933717,0.0006666732809508279,0.0,0.0031368652359301473,0.005272672385695121,-1.997087043356848e-05,0.19892155657855706,-9.933084106685678,3.383671520222753e-07,5.157552795018196e-05,0.0005628474152933717,0.0006666732809521907,0.0,0.0031368652359308274,0.0052726723856970055,-1.9970870433609085e-05
4.929999999999981,0.19872611346322586,-10.021152090422614,3.3488123618473463e-07,5.1434746593612693e-05,0.0005572601089311186,0.0006764204436388008,0.0,0.003164192017468137,0.005223213074692601,-2.0263443041318756e-05,0.19872611346322586,-10.021152090422614,3.3488123618473463e-07,5.1434746593612693e-05,0.0005572601089311186,0.0006764204436401306,0.0,0.003164192017468953,0.005223213074693922,-2.0263443041358956e-05
4.939999999999984,0.19853205778179175,-10.108601979904922,3.313788076127149e-07,5.1291716584879285e-05,0.0005516411977659402,0.0006861144922132432,0.0,0.0031913235461092705,0.005173518389576392,-2.0554425158711083e-05,0.19853205778179175,-10.108601979904922,3.313788076264121e-07,5.1291716584879285e-05,0.0005516411977659402,0.0006861144922116924,0.0,0.0031913235461101834,0.005173518389596515,-2.055442515875362e-05
4.949999999999988,0.1983394011503128,-10.195428397094414,3.2786055018749827e-07,5.114651947596784e-05,0.0005459917419021559,0.0006957544535286524,0.0,0.0032182632335502224,0.0051235949911045044,-2.084378756673275e-05,0.1983394011503128,-10.195428397094414,3.278605501785958e-07,5.114651947596784e-05,0.0005459917419021559,0.0006957544535360718,0.0,0.0032182632335522043,0.005123594991117536,-2.08437875668139e-05
4.959999999999991,0.19814815509559555,-10.281626002354953,3.2432714833188267e-07,5.099923685995373e-05,0.0005403128065202513,0.0007053393627040994,0.0,0.0032450144853965967,0.005073449531272481,-2.1131501293729923e-05,0.19814815509559555,-10.281626002354953,3.2432714833188267e-07,5.099923685995373e-05,0.0005403128065202513,0.0007053393627016446,0.0,0.0032450144853956838,0.005073449531260726,-2.1131501293699884e-05
4.969999999999994,0.19795833105458432,-10.367189494778318,3.207792873219735e-07,5.0849950350768947e-05,0.000534605461558821,0.0007148682631466151,0.0,0.003271580699868834,0.005023088652514063,-2.1417537617557465e-05,0.19795833105458432,-10.367189494778318,3.207792873219735e-07,5.0849950350768947e-05,0.000534605461558821,0.0007148682631458426,0.0,0.0032715806998682125,0.005023088652516686,-2.141753761753005e-05
4.979999999999998,0.19776994037375725,-10.452113612507977,3.172176526562718e-07,5.069874156366096e-05,0.0005288707812692919,0.0007243402065436793,0.0,0.0032979652666582427,0.004972518986374802,-2.170186806389843e-05,0.19776994037375725,-10.452113612507977,3.172176526562718e-07,5.069874156366096e-05,0.0005288707812692919,0.0007243402065438211,0.0,0.003297965266658223,0.004972518986376512,-2.170186806390088e-05
4.990000000000001,0.1975829943085296,-10.536393133060404,3.136429303450615e-07,5.054569209561015e-05,0.0005231098446230342,0.0007337542528313263,0.0,0.003324171565593373,0.004921747152336328,-2.1984464405901947e-05,0.1975829943085296,-10.536393133060416,3.1364293036800043e-07,5.054569209565857e-05,0.0005231098446357564,0.0007337542528318236,0.0,0.0033241715655936642,0.004921747152337455,-2.1984464405916234e-05
5.000000000000004,0.19739750402266448,-10.620022873644073,3.100558067651174e-07,5.0390883505762166e-05,0.0005173237346116392,0.0007431094701946307,0.0,0.003350202965593471,0.004870779756888202,-2.226529866436116e-05,0.19739750402266448,-10.620022873644086,3.100558067962618e-07,5.039088350580158e-05,0.0005173237345734725,0.0007431094702082279,0.0,0.0033502029656008155,0.00487077975695136,-2.226529866473874e-05
5.010000000000008,0.19721348058769178,-10.702997691475812,3.064569679992743e-07,5.023439729593296e-05,0.0005115135381196971,0.0007524049350924823,0.0,0.0033760628234183214,0.004819623392553008,-2.254434310842202e-05,0.19721348058769178,-10.7029976914758,3.0645696802228625e-07,5.0234397295893484e-05,0.0005115135381069749,0.0007524049350976786,0.0,0.0033760628234246943,0.004819623392474426,-2.254434310864892e-05
5.020000000000011,0.19703093498233287,-10.785312484095025,3.02847100310732e-07,5.007631489112894e-05,0.0005056803459629637,0.0007616397321815534,0.0,0.0034017544825521743,0.004768284636165779,-2.282157025318486e-05,0.19703093498233287,-10.785312484095016,3.028471003725922e-07,5.007631489110258e-05,0.0005056803459502414,0.0007616397321834607,0.0,0.0034017544825545253,0.00476828463617524,-2.282157025325478e-05
5.0300000000000145,0.19684987809193416,-10.866962189675434,2.9922688979475625e-07,4.991671762068724e-05,0.0004998252524685271,0.0007708129544051103,0.0,0.003427281272115798,0.004716770048744792,-2.3096952862014705e-05,0.19684987809193416,-10.866962189675412,2.9922688974084895e-07,4.991671762062122e-05,0.0004998252524430826,0.0007708129544039713,0.0,0.003427281272116342,0.004716770048741897,-2.3096952861985916e-05
5.040000000000018,0.19667032070790716,-10.947941787334168,2.955970220446596e-07,4.975568669869434e-05,0.0004939493552203633,0.0007799237029405795,0.0,0.0034526465057822782,0.0046650861736637515,-2.3370463945372844e-05,0.19667032070790716,-10.947941787334154,2.955970220446596e-07,4.9755686698654666e-05,0.0004939493551949189,0.0007799237029316676,0.0,0.0034526465057779844,0.004665086173606087,-2.3370463945099388e-05
5.050000000000021,0.19649227352717644,-11.028246297438846,2.919581822740645e-07,4.959330320579791e-05,0.00048805375514839207,0.0007889710872401933,0.0,0.0034778534807422294,0.004613239536242877,-2.3642076762291386e-05,0.1964922735271764,-11.028246297438809,2.9195818232037126e-07,4.9593303205678695e-05,0.00048805375511022544,0.0007889710872317453,0.0,0.003477853480733764,0.004613239536269009,-2.364207676211569e-05
5.0600000000000245,0.19631574715163472,-11.107870781911677,2.8831105534206767e-07,4.942964806958037e-05,0.0004821395560323102,0.0007979542250614168,0.0,0.003502905476650922,0.00456123664245302,-2.3911764820395792e-05,0.19631574715163463,-11.10787078191163,2.883110553347467e-07,4.942964806940487e-05,0.00048213955600686574,0.000797954225057936,0.0,0.0035029054766368473,0.004561236642389804,-2.391176482010021e-05
5.070000000000028,0.19614075208760534,-11.186810344531386,2.8465632509884993e-07,4.926480204603996e-05,0.0004762078643489245,0.0008068722424919673,0.0,0.0035278057546572926,0.004509083977711279,-2.417950187703427e-05,0.19614075208760537,-11.18681034453133,2.846563250524061e-07,4.9264802045883255e-05,0.0004762078643870912,0.0008068722424768,0.0,0.0035278057546417026,0.00450908397762082,-2.417950187656793e-05
5.080000000000031,0.19596729874531263,-11.265060131232545,2.809946746430066e-07,4.9098845700968825e-05,0.00047025978917037466,0.0008157242739459154,0.0,0.003552557556399763,0.0044567880064077334,-2.444526193998374e-05,0.19596729874531263,-11.265060131232515,2.8099467455914756e-07,4.909884570087567e-05,0.00047025978918309685,0.0008157242739422788,0.0,0.003552557556383051,0.004456788006441064,-2.444526193967533e-05
5.0900000000000345,0.19579539743835825,-11.342615330402458,2.7732678607212665e-07,4.8931859391112225e-05,0.0004642964419224111,0.0008245094622541085,0.0,0.0035771641030285127,0.004404355170848337,-2.4709019268508616e-05,0.1957953974383583,-11.342615330402442,2.773267861187046e-07,4.8931859391087715e-05,0.00046429644194785554,0.0008245094622494904,0.0,0.00357716410302103,0.004404355170875518,-2.4709019268500122e-05
5.100000000000038,0.19562505838320696,-11.419471173175157,2.736533405863765e-07,4.8763923245085316e-05,0.00045831893599000505,0.0008332269586813172,0.0,0.0036016285942752106,0.004351791890137932,-2.4970748375518894e-05,0.195625058383207,-11.419471173175154,2.736533406330205e-07,4.8763923245100515e-05,0.0004583189360027273,0.0008332269586776237,0.0,0.003601628594277062,0.004351791890169485,-2.4970748375445625e-05
5.110000000000041,0.19545629169867804,-11.495622933723306,2.6997501799129554e-07,4.8595117145099886e-05,0.0004523283866028505,0.0008418759229631576,0.0,0.003625954207557641,0.004299104559275929,-2.52304240276073e-05,0.19545629169867804,-11.495622933723315,2.699750179246642e-07,4.859511714512662e-05,0.00045232838659012823,0.0008418759229645205,0.0,0.0036259542075610662,0.004299104559234606,-2.5230424027596883e-05
5.1200000000000445,0.1952891074054442,-11.571065929547176,2.662924966985283e-07,4.84255207077018e-05,0.0004463259107971957,0.0008504555233248415,0.0,0.003650144096991703,0.0042462995481552575,-2.5488021245845117e-05,0.19528910740544425,-11.571065929547194,2.66292496692021e-07,4.842552070777606e-05,0.0004463259107717513,0.0008504555233306521,0.0,0.0036501440970004074,0.004246299548248447,-2.5488021246007002e-05
5.130000000000048,0.19512351542553916,-11.645795521761016,2.6260645377144404e-07,4.8255213264936775e-05,0.0004403126268687892,0.0008589649366099914,0.0,0.003674201392519022,0.004193383201392004,-2.5743515309476426e-05,0.1951235154255392,-11.645795521761023,2.6260645384170124e-07,4.825521326499135e-05,0.00044031262684334475,0.0008589649366108014,0.0,0.0036742013925245205,0.0041933832013826226,-2.5743515309536108e-05
5.140000000000051,0.19495952558187093,-11.71980711537689,2.5891756465607884e-07,4.808427384519708e-05,0.0004342896543347118,0.0008674033481993883,0.0,0.0036981291990363816,0.004140361836216533,-2.5996881754547344e-05,0.194959525581871,-11.7198071153769,2.589175646326281e-07,4.808427384524438e-05,0.00043428965429654514,0.0008674033482052452,0.0,0.0036981291990433375,0.004140361836200065,-2.5996881754727555e-05
5.1500000000000545,0.19479714759774314,-11.7930961595858,2.552265030410399e-07,4.79127811539651e-05,0.0004282581136789337,0.0008757699521620432,0.0,0.0037219305954631606,0.00408724174279399,-2.6248096376862606e-05,0.19479714759774316,-11.793096159585826,2.55226502964481e-07,4.791278115404576e-05,0.0004282581136534893,0.0008757699521644379,0.0,0.003721930595473627,0.004087241742862538,-2.6248096377064044e-05
5.160000000000058,0.19463639109638284,-11.865658148036045,2.51533940683344e-07,4.774081355383537e-05,0.00042221912603425773,0.0008840639512125327,0.0,0.0037456086339376637,0.004034029182588192,-2.6497135232129725e-05,0.19463639109638284,-11.865658148036058,2.515339407598662e-07,4.774081355387575e-05,0.00042221912603425773,0.0008840639512169245,0.0,0.0037456086339433896,0.004034029182599474,-2.649713523216196e-05
5.170000000000061,0.19447726560047743,-11.937488619108919,2.478405476081343e-07,4.75684490454257e-05,0.0004161738129914868,0.0008922845567791724,0.0,0.003769166338856389,0.003980730387711906,-2.674397463676979e-05,0.19447726560047743,-11.937488619108947,2.4784054753164896e-07,4.756844904552005e-05,0.00041617381296604235,0.0008922845567896042,0.0,0.003769166338865651,0.003980730387726092,-2.674397463704012e-05
5.1800000000000646,0.19431978053171603,-12.008583156191884,2.4414699130233154e-07,4.739576524726783e-05,0.0004101232963449793,0.0009004309890362952,0.0,0.003792606706130394,0.003927351560149742,-2.698859116967391e-05,0.1943197805317161,-12.008583156191907,2.4414699132590605e-07,4.739576524736174e-05,0.0004101232963449793,0.0009004309890353407,0.0,0.003792606706132623,0.00392735156013517,-2.698859116964091e-05
5.190000000000068,0.19416394521034047,-12.078937387948503,2.404539375361253e-07,4.72228393751658e-05,0.00040406869790181576,0.000908502476891172,0.0,0.003815932702240038,0.003873898870880246,-2.7230961671982544e-05,0.19416394521034055,-12.078937387948521,2.404539374777218e-07,4.7222839375245995e-05,0.0004040686978763713,0.0009085024768949732,0.0,0.0038159327022431995,0.0038738988709005966,-2.7230961671988666e-05
5.200000000000071,0.1940097688547019,-12.148546988586109,2.3676204917145594e-07,4.7049748222070025e-05,0.00039801113903652137,0.0009164982580772531,0.0,0.0038391472634899033,0.003820378459183113,-2.7471063249079268e-05,0.1940097688547019,-12.148546988586114,2.3676204922419539e-07,4.704974822208356e-05,0.0003980111390619658,0.0009164982580706369,0.0,0.0038391472634890815,0.003820378459130985,-2.7471063248958674e-05
5.210000000000075,0.19385726058082514,-12.217407678120505,2.3307198731395124e-07,4.68765681374651e-05,0.0003919517407673992,0.0009244175791114649,0.0,0.0038622532951531315,0.0037667964314470254,-2.7708873270183908e-05,0.19385726058082517,-12.217407678120528,2.3307198731929488e-07,4.687656813753284e-05,0.00039195174079284365,0.0009244175791110002,0.0,0.0038622532951520768,0.003766796431485889,-2.770887327016318e-05
5.220000000000078,0.19370642940198002,-12.285515222637796,2.2938440970564934e-07,4.670337500599657e-05,0.0003858916231076969,0.0009322596953249081,0.0,0.0038852536706773244,0.0037131588607955735,-2.794436936876879e-05,0.19370642940198007,-12.285515222637812,2.293844096397857e-07,4.6703375006076136e-05,0.0003858916231458636,0.0009322596953428907,0.0,0.0038852536706815988,0.0037131588608297432,-2.7944369369197323e-05
5.230000000000081,0.19355728422825966,-12.35286543455346,2.2569997176278063e-07,4.653024422625271e-05,0.00037983190512921823,0.0009400238709405242,0.0,0.00390815123088247,0.0036594717861456656,-2.817752944469866e-05,0.19355728422825977,-12.352865434553463,2.256999717678735e-07,4.6530244226297047e-05,0.0003798319051037738,0.0009400238709545904,0.0,0.003908151230891563,0.0036594717862031196,-2.8177529445242088e-05
5.240000000000085,0.1934098338661662,-12.419454172868724,2.2201932597763734e-07,4.635725068939448e-05,0.00037377370436437795,0.0009477093789567225,0.0,0.003930948783185057,0.0036057412111495353,-2.840833166197972e-05,0.19340983386616625,-12.419454172868726,2.2201932598757396e-07,4.635725068941922e-05,0.00037377370440254464,0.0009477093789690925,0.0,0.003930948783187796,0.003605741211188204,-2.8408331662199203e-05
5.250000000000088,0.1932640870182027,-12.485277343423906,2.1834312195821439e-07,4.618446875699285e-05,0.0003677181369715918,0.0009553155012925201,0.0,0.003953649100893986,0.003551973103863501,-2.8636754450839897e-05,0.19326408701820266,-12.4852773434239,2.1834312193927796e-07,4.6184468756960206e-05,0.0003677181369588696,0.000955315501307866,0.0,0.003953649100903312,0.0035519731039072413,-2.8636754451306768e-05
5.260000000000091,0.19312005228247284,-12.550330899148975,2.1467200607963235e-07,4.60119722388041e-05,0.00036166631704827583,0.000962841528712481,0.0,0.0039762549223380985,0.0034981733957514,-2.886277650813536e-05,0.19312005228247273,-12.550330899148964,2.1467200613669243e-07,4.601197223873379e-05,0.00036166631703555364,0.0009628415287137286,0.0,0.0039762549223414795,0.003498173395703305,-2.886277650820635e-05
5.270000000000095,0.19297773815228725,-12.614610840311379,2.1100662165189006e-07,4.583983437070683e-05,0.00035561935659267986,0.000970286760877538,0.0,0.00399876895027732,0.0034443479808453524,-2.9086376796718923e-05,0.19297773815228708,-12.614610840311359,2.1100662172800053e-07,4.583983437058577e-05,0.0003556193566181243,0.0009702867608627344,0.0,0.003998768950267975,0.003444347980830659,-2.9086376796281743e-05
5.280000000000098,0.19283715301577684,-12.678113214760785,2.0734760849964858e-07,4.566812779165833e-05,0.0003495783652112768,0.0009776505063300417,0.0,0.004021193851091859,0.003390502715366722,-2.9307534546192157e-05,0.19283715301577664,-12.678113214760758,2.0734760862792717e-07,4.566812779150567e-05,0.00034957836519855463,0.0009776505063200187,0.0,0.004021193851081994,0.0033905027153720625,-2.9307534545939555e-05
5.290000000000101,0.19269830515551237,-12.740834118171032,2.0369560328007405e-07,4.54969245205392e-05,0.00034354444976254024,0.000984932082546452,0.0,0.0040435322541239795,0.003336643416748984,-2.9526229254217184e-05,0.19269830515551223,-12.740834118170994,2.0369560330396777e-07,4.549692452036962e-05,0.00034354444971165137,0.0009849320825373242,0.0,0.004043532254112645,0.0033366434167809503,-2.9526229254078725e-05
5.300000000000105,0.19256120274813207,-12.80276969427912,2.0005123874188642e-07,4.532629593301561e-05,0.00033751871401344454,0.000992130815903106,0.0,0.004065786750982278,0.0032827758629480285,-2.9742440685439564e-05,0.19256120274813204,-12.802769694279052,2.000512387052737e-07,4.53262959327967e-05,0.0003375187139880001,0.0009921308158850912,0.0,0.0040657867509655225,0.003282775862902114,-2.9742440684866055e-05
5.310000000000108,0.19242585386397482,-12.863916135121386,1.9641514418332498e-07,4.5156312737820435e-05,0.00033150225867763174,0.0009992460416735714,0.0,0.004087959894866986,0.0032289057914864443,-2.995614887078631e-05,0.1924258538639748,-12.863916135121325,1.9641514413131816e-07,4.5156312737628714e-05,0.0003315022586521873,0.0009992460416567333,0.0,0.0040879598948477675,0.003228905791536056,-2.9956148870381692e-05
5.320000000000111,0.19229226646672087,-12.9242696812667,1.9278794520143876e-07,4.4987044953198974e-05,0.0003254961807920225,0.0010062771040974454,0.0,0.004110054199950569,0.0031750388996763857,-3.0167334111339294e-05,0.19229226646672087,-12.924269681266635,1.9278794520143876e-07,4.498704495299769e-05,0.00032549618075385583,0.001006277104095777,0.0,0.004110054199938676,0.0031750388997528536,-3.0167334111179506e-05
5.330000000000115,0.19216044841303898,-12.98382662204652,1.8917026343725105e-07,4.481856188210598e-05,0.0003195015735514275,0.0010132233563704455,0.0,0.004132072140711429,0.0031211808429218975,-3.037597697552228e-05,0.19216044841303886,-12.983826622046479,1.8917026344111585e-07,4.4818561881942534e-05,0.00031950157357687195,0.0010132233563695265,0.0,0.004132072140701071,0.0031211808429793208,-3.037597697534625e-05
5.340000000000118,0.19203040745223987,-13.04258329578235,1.855627167333319e-07,4.465093208843033e-05,0.0003135195261686031,0.0010200841606198875,0.0,0.004154016151342485,0.003067337234548652,-3.058205830049126e-05,0.19203040745223995,-13.04258329578232,1.8556271670930034e-07,4.465093208837774e-05,0.0003135195261813253,0.0010200841606169864,0.0,0.004154016151337975,0.0030673372345232444,-3.058205830044841e-05
5.350000000000121,0.19190215122593737,-13.100536090009925,1.8196591846139735e-07,4.4484223372123745e-05,0.0003075511232890287,0.001026858887958606,0.0,0.0041758886251062385,0.00301351364511179,-3.078555919276833e-05,0.19190215122593746,-13.100536090009912,1.8196591852037823e-07,4.448422337212542e-05,0.0003075511233399176,0.0010268588879602072,0.0,0.004175888625104579,0.0030135136450692964,-3.0785559192643285e-05
5.360000000000125,0.1917756872677149,-13.15768144170045,1.783804784345694e-07,4.431850274419834e-05,0.00030159744504179657,0.001033546918477184,0.0,0.0041976919137922345,0.0029597156018368654,-3.098646102793081e-05,0.19177568726771493,-13.157681441700413,1.7838047846215438e-07,4.4318502744095694e-05,0.000301597445067241,0.0010335469184827078,0.0,0.004197691913796753,0.0029597156018468613,-3.098646102810753e-05
5.370000000000128,0.19165102300279918,-13.214015837478804,1.748070017829822e-07,4.4153836401170514e-05,0.00029565956649255565,0.0010401476412690205,0.0,0.004219428327060762,0.0029059485879443293,-3.1184745451773794e-05,0.19165102300279924,-13.2140158374788,1.7480700180371903e-07,4.415383640117758e-05,0.00029565956649255565,0.0010401476412678276,0.0,0.004219428327070593,0.0029059485879222094,-3.118474545177881e-05
5.380000000000131,0.19152816574774056,-13.269535813838983,1.7124608958021995e-07,4.3990289700607894e-05,0.0002897385574654008,0.0010466604544328794,0.0,0.0042411001320082934,0.0028522180419763704,-3.138039438052333e-05,0.19152816574774054,-13.269535813838996,1.71246089483658e-07,4.399028970062872e-05,0.0002897385574399564,0.0010466604544273215,0.0,0.004241100132018139,0.0028522180419553386,-3.138039438048274e-05
5.390000000000135,0.19140712271009877,-13.324237957356146,1.6769833810720087e-07,4.382792713460536e-05,0.0002838354822502618,0.0010530847650778254,0.0,0.004262709552474678,0.00279852935738288,-3.157339000007861e-05,0.1914071227100988,-13.32423795735616,1.6769833808303314e-07,4.3827927134646724e-05,0.0002838354822757062,0.001053084765079482,0.0,0.004262709552481763,0.002798529357438559,-3.15733900001129e-05
5.400000000000138,0.19128790098813658,-13.378118904895809,1.6416433977629193e-07,4.36668123045831e-05,0.000277951399361181,0.0010594199893624136,0.0,0.004284258768625154,0.0027448878816693583,-3.176371476804107e-05,0.1912879009881367,-13.37811890489582,1.641643398064991e-07,4.366681230465042e-05,0.000277951399361181,0.0010594199893708225,0.0,0.004284258768636961,0.0027448878816778003,-3.1763714768404634e-05
5.410000000000141,0.19117050757051868,-13.431175343819879,1.6064468199030796e-07,4.350700789486093e-05,0.0002720873610910359,0.0010656655524838524,0.0,0.004305749916339721,0.0026912989161499076,-3.195135141357407e-05,0.19117050757051876,-13.431175343819914,1.6064468206873744e-07,4.35070078949909e-05,0.0002720873611037581,0.0010656655524963559,0.0,0.00430574991635603,0.0026912989161372346,-3.1951351413921555e-05
5.420000000000145,0.1910549493360169,-13.483404012189741,1.5713994783121605e-07,4.334857564683304e-05,0.0002662444134352057,0.0010718208886973237,0.0,0.004327185086772875,0.002637767714958346,-3.213628293673616e-05,0.191054949336017,-13.483404012189784,1.5713994782846062e-07,4.334857564699038e-05,0.0002662444134352057,0.001071820888713509,0.0,0.004327185086791918,0.002637767714972844,-3.2136282937155725e-05
5.430000000000148,0.19094123305322244,-13.534801698966143,1.5365071549751867e-07,4.31915763326638e-05,0.00026042359564629365,0.0010778854413133392,0.0,0.00434856632579361,0.0025842994851006025,-3.231849260968127e-05,0.19094123305322244,-13.534801698966184,1.536507155487019e-07,4.319157633278564e-05,0.00026042359565901584,0.0010778854413240626,0.0,0.004348566325809991,0.0025842994850901885,-3.231849261002687e-05
5.440000000000151,0.19082936538026338,-13.585365244205915,1.5017755901274398e-07,4.3036069728643845e-05,0.00025462594004329393,0.0010838586627234421,0.0,0.004369895633534437,0.00253089938538274,-3.249796397717846e-05,0.19082936538026338,-13.585365244205933,1.501775590152443e-07,4.303606972869679e-05,0.00025462594006873837,0.0010838586627307952,0.0,0.004369895633542659,0.0025308993853715364,-3.249796397729164e-05
5.450000000000155,0.19071935286452904,-13.635091539255761,1.4672104701233218e-07,4.288211458909999e-05,0.0002488524715408692,0.0010897400144265757,0.0,0.00439117496396603,0.002477572526123989,-3.267468085659705e-05,0.19071935286452904,-13.635091539255784,1.4672104701233218e-07,4.2882114589166966e-05,0.00024885247155359146,0.0010897400144360893,0.0,0.004391174963967267,0.0024775725261850443,-3.267468085684867e-05
5.460000000000158,0.19061120194239964,-13.683977526942774,1.432817438200836e-07,4.272976861967658e-05,0.0002431042076366288,0.001095528966994343,0.0,0.004412406224312548,0.0024243239687929173,-3.284862733807546e-05,0.1906112019423996,-13.68397752694276,1.4328174384668423e-07,4.272976861963506e-05,0.000243104207649351,0.0010955289669989118,0.0,0.004412406224307613,0.0024243239687842867,-3.284862733818804e-05
5.470000000000161,0.19050491893898328,-13.732020201761742,1.398602090881928e-07,4.257908845076785e-05,0.000237382157978573,0.001101225000100314,0.0,0.0044335912746896215,0.002371158724995785,-3.301978778415442e-05,0.19050491893898322,-13.732020201761724,1.398602090659091e-07,4.25790884506949e-05,0.00023738215794040634,0.0011012250001007347,0.0,0.004433591274685386,0.002371158724949754,-3.3019787784193195e-05
5.480000000000165,0.19040051006785685,-13.77921661005963,1.364569976205456e-07,4.243012961137931e-05,0.00023168732394525984,0.0011068276025381712,0.0,0.004454731927697295,0.0023180817565197492,-3.3188146831763594e-05,0.19040051006785677,-13.779216610059613,1.364569976205456e-07,4.2430129611305004e-05,0.00023168732393253762,0.0011068276025299488,0.0,0.004454731927688182,0.002318081756476127,-3.3188146831461494e-05
5.490000000000168,0.19029798143081544,-13.825563850216426,1.330726595258182e-07,4.2282946502425155e-05,0.00022602069862036098,0.0011123362722263615,0.0,0.004475829947905666,0.002265097974658106,-3.3353689390547826e-05,0.1902979814308154,-13.825563850216383,1.330726594995372e-07,4.228294650228659e-05,0.0002260206985694721,0.001112336272214573,0.0,0.004475829947892654,0.0022650979745762814,-3.335368939017505e-05
5.500000000000171,0.19019733901762537,-13.871059072823085,1.2970774023659705e-07,4.2137592370267625e-05,0.00022038326619471698,0.0011177505161952149,0.0,0.004496887051516504,0.0022122122396647055,-3.351640064454458e-05,0.19019733901762537,-13.871059072823046,1.297077401859492e-07,4.213759237014287e-05,0.0002203832662074392,0.0011177505161831434,0.0,0.0044968870514931186,0.002212212239636685,-3.3516400644022904e-05
5.510000000000175,0.19009858870578422,-13.915699480856398,1.2636278074549792e-07,4.199411928117903e-05,0.00021477600211900426,0.0011230698506090302,0.0,0.004517904905897848,0.002159429360241111,-3.3676266050938774e-05,0.19009858870578422,-13.915699480856356,1.2636278074704735e-07,4.199411928105657e-05,0.00021477600210628205,0.0011230698506019647,0.0,0.004517904905883089,0.0021594293602562155,-3.367626605069982e-05
5.520000000000178,0.19000173626028632,-13.959482329850275,1.2303831756428404e-07,4.185257809471067e-05,0.00020919987235312393,0.0011282938007651975,0.0,0.00453888512926343,0.002106754093356607,-3.383327134136771e-05,0.19000173626028638,-13.95948232985026,1.2303831758882248e-07,4.1852578094684913e-05,0.00020919987236584615,0.001128293800751416,0.0,0.004538885129247612,0.002106754093354668,-3.383327134096958e-05
5.530000000000181,0.18990678733339417,-14.002404928064328,1.1973488276083975e-07,4.171301843887178e-05,0.0002036558333916465,0.00113342190110151,0.0,0.004559829290237162,0.0020541911437039094,-3.398740252169893e-05,0.18990678733339425,-14.002404928064292,1.1973488280997933e-07,4.1713018438791806e-05,0.00020365583336620207,0.0011334219011067954,0.0,0.004559829290235294,0.0020541911437472584,-3.398740252190264e-05
5.540000000000185,0.18981374746441507,-14.044464636648568,1.1645300431420403e-07,4.157548868367698e-05,0.00019814483179308968,0.0011384536952118664,0.0,0.00458073890753097,0.0020017451629089937,-3.413864587198557e-05,0.18981374746441507,-14.044464636648563,1.1645300431530213e-07,4.157548868366311e-05,0.00019814483178036746,0.0011384536952189293,0.0,0.004580738907540476,0.002001745162919115,-3.4138645872214995e-05
5.550000000000188,0.18972262207948368,-14.085658869805616,1.1319320617843611e-07,4.14400359171286e-05,0.00019266780405269597,0.0011433887358410033,0.0,0.004601615449567972,0.0019494207497156523,-3.42869879471436e-05,0.18972262207948368,-14.085658869805602,1.1319320617843611e-07,4.1440035917086975e-05,0.00019266780403997375,0.0011433887358447096,0.0,0.0046016154495765165,0.0019494207497592786,-3.428698794740134e-05
5.5600000000001915,0.18963341649135035,-14.125985094949053,1.0995600854744067e-07,4.130670592007172e-05,0.00018722567620804432,0.0011482265848694563,0.0,0.004622460334150108,0.0018972224491669548,-3.443241557652193e-05,0.18963341649135038,-14.125985094949057,1.0995600849732866e-07,4.130670592008589e-05,0.00018722567620804432,0.0011482265848693355,0.0,0.004622460334163197,0.0018972224491330084,-3.443241557653051e-05
5.570000000000195,0.1895461358991744,-14.165440832858842,1.0674192804591173e-07,4.117554314211771e-05,0.00018181936362277198,0.0011529668133683766,0.0,0.004643274928090936,0.0018451547522644162,-3.457491586442938e-05,0.18954613589917438,-14.165440832858843,1.0674192812062656e-07,4.1175543142117604e-05,0.0001818193636482164,0.0011529668133700582,0.0,0.00464327492809945,0.001845154752248175,-3.4574915864446116e-05
5.580000000000198,0.18946078538832314,-14.204023657833408,1.0355147852172145e-07,4.1046590678163506e-05,0.0001764497707194082,0.0011576090015505715,0.0,0.004664060546966933,0.0017932220956510619,-3.4714476189691235e-05,0.18946078538832312,-14.204023657833426,1.0355147854646012e-07,4.1046590678205275e-05,0.00017644977074485264,0.001157609001544945,0.0,0.004664060546970862,0.0017932220956086696,-3.471447618956374e-05
5.5900000000002015,0.18937736993017637,-14.241731197838549,1.0038517107289656e-07,4.091989024562121e-05,0.000171117790623152,0.001162152738786992,0.0,0.004684818454746278,0.0017414288611217216,-3.4851084206057406e-05,0.18937736993017631,-14.241731197838568,1.0038517104812102e-07,4.091989024566358e-05,0.00017111779064859643,0.001162152738788947,0.0,0.004684818454751422,0.001741428861119236,-3.485108420612849e-05
5.600000000000205,0.18929589438193611,-14.27856113465271,9.724351446374177e-08,4.079548216138136e-05,0.0001658243050346499,0.0011665976236618042,0.0,0.004705549863517358,0.0016897793755377062,-3.4984727843366546e-05,0.18929589438193606,-14.27856113465271,9.724351448849726e-08,4.079548216136834e-05,0.00016582430502192768,0.0011665976236597921,0.0,0.004705549863520908,0.0016897793755241933,-3.498472784333842e-05
5.610000000000208,0.1892163634864418,-14.314511204009362,9.41270162538683e-08,4.067340532054435e-05,0.00016057018378471844,0.0011709432638921033,0.0,0.0047262559331770525,0.0016382779101496991,-3.511539530608669e-05,0.18921636348644177,-14.314511204009364,9.412701622943486e-08,4.0673405320531677e-05,0.00016057018372110733,0.0011709432638906095,0.0,0.004726255933172584,0.0016382779100984207,-3.511539530588291e-05
5.6200000000002115,0.18913878187199026,-14.349579195735998,9.103618304141759e-08,4.0553697175723405e-05,0.000155356284656233,0.00117518927641981,0.0,0.0047469377712037,0.0015869286803374793,-3.524307507423478e-05,0.18913878187199026,-14.349579195736007,9.103618304176488e-08,4.055369717575115e-05,0.0001553562846689552,0.0011751892764070059,0.0,0.004746937771194589,0.001586928680269177,-3.524307507381835e-05
5.630000000000215,0.1890631540521614,-14.383762953889546,8.797152168826952e-08,4.043639371627258e-05,0.0001501834531932945,0.0011793352873159125,0.0,0.004767596432325506,0.001535735845163154,-3.536775590287916e-05,0.1890631540521614,-14.383762953889567,8.797152168826952e-08,4.043639371634193e-05,0.00015018345321873893,0.0011793352873177444,0.0,0.004767596432323456,0.0015357358451818155,-3.536775590288149e-05
5.640000000000218,0.18898948442564853,-14.417060376888934,8.493354037598736e-08,4.0321529450015834e-05,0.0001450525223450074,0.0011833809319067377,0.0,0.004788232918348322,0.0014847035075787386,-3.548942682404886e-05,0.1889894844256486,-14.417060376888942,8.493354037598736e-08,4.032152945005516e-05,0.00014505252237045183,0.001183380931909396,0.0,0.004788232918348545,0.0014847035075430768,-3.5489426824082946e-05
5.6500000000002215,0.1889177772760944,-14.449469417643797,8.192274963279534e-08,4.0209137384082925e-05,0.00013996431214742406,0.0011873258546519477,0.0,0.004808848177825528,0.0014338357130752946,-3.5608077144078033e-05,0.1889177772760945,-14.449469417643812,8.1922749681818e-08,4.020913738413574e-05,0.0001399643121728685,0.001187325854663517,0.0,0.004808848177831192,0.0014338357131328133,-3.560807714439414e-05
5.660000000000225,0.18884803677193177,-14.480988083680186,7.89396641772585e-08,4.0099249007893146e-05,0.0001349196297489894,0.0011911697092240312,0.0,0.00482944310583615,0.0013831364506320866,-3.572369644551847e-05,0.18884803677193182,-14.480988083680193,7.89396642023366e-08,4.009924900793172e-05,0.00013491962977443383,0.0011911697092240013,0.0,0.004829443105836042,0.0013831364505773602,-3.572369644547175e-05
5.670000000000228,0.18878026696622913,-14.511614437262905,7.598480468445062e-08,3.999189427714156e-05,0.000129919268736263,0.00119491215850356,0.0,0.004850018543812018,0.001332609651078135,-3.583627458688422e-05,0.18878026696622918,-14.511614437262908,7.598480466088253e-08,3.9991894277165914e-05,0.00012991926874898524,0.001194912158514449,0.0,0.00485001854382538,0.0013326096511022457,-3.583627458733172e-05
5.6800000000002315,0.18871447179654136,-14.541346595514463,7.30587000591601e-08,3.988710159868075e-05,0.00012496400926114166,0.0011985528745831978,0.0,0.004870575279306221,0.0012822591881875081,-3.5945801703815465e-05,0.18871447179654138,-14.541346595514476,7.305870003397574e-08,3.988710159872229e-05,0.00012496400929930832,0.001198552874577588,0.0,0.00487057527930605,0.001282259188086187,-3.5945801703607305e-05
5.690000000000235,0.18865065508476514,-14.570182730530535,7.016189004423115e-08,3.9784897816227515e-05,0.00012005461763374809,0.001202091538713591,0.0,0.004891114045713617,0.0012320888770160313,-3.605226820602781e-05,0.18865065508476506,-14.570182730530522,7.016189007163137e-08,3.9784897816176226e-05,0.00012005461762102587,0.0012020915387155088,0.0,0.004891114045703374,0.0012320888770310553,-3.605226820595916e-05
5.700000000000238,0.1885888205369993,-14.598121069492167,6.72949290616587e-08,3.9685308197696155e-05,0.00011519184604254222,0.0012055278413961768,0.0,0.004911635522130664,0.0011821024747172698,-3.615566478063746e-05,0.18858882053699927,-14.598121069492151,6.72949290641468e-08,3.968530819764304e-05,0.00011519184604254222,0.0012055278413916925,0.0,0.004911635522124491,0.001182102474666915,-3.615566478054368e-05
5.7100000000002415,0.18852897174341052,-14.625159894774738,6.445838964241472e-08,3.958835642411364e-05,0.00011037643238893237,0.0012088614823360397,0.0,0.004932140333197682,0.0011323036796144757,-3.625598239172343e-05,0.18852897174341046,-14.625159894774713,6.445838969315029e-08,3.9588356424021646e-05,0.00011037643236348792,0.0012088614823359614,0.0,0.00493214033318976,0.001132303679709852,-3.625598239157063e-05
5.720000000000245,0.18847111217810247,-14.651297544053238,6.165286817203628e-08,3.949406457897628e-05,0.00010560910004555307,0.0012120921704392722,0.0,0.004952629048875411,0.0010826961313674637,-3.635321227833038e-05,0.18847111217810242,-14.65129754405321,6.165286817203628e-08,3.949406457888213e-05,0.00010560910004555307,0.0012120921704354812,0.0,0.0049526290488701805,0.0010826961313138595,-3.635321227817077e-05
5.730000000000248,0.18841524519899108,-14.67653241040443,5.8878990646463854e-08,3.94024531397132e-05,0.00010089055765270959,0.0012152196238157486,0.0,0.004973102184261863,0.0010332834100971432,-3.644734595654388e-05,0.18841524519899105,-14.676532410404405,5.8878990548060814e-08,3.9402453139630345e-05,0.00010089055765270959,0.0012152196238149587,0.0,0.00497310218425636,0.0010332834100841356,-3.644734595637172e-05
5.740000000000252,0.1883613740476833,-14.700862942405461,5.613742099826197e-08,3.931354097025256e-05,9.622149886393349e-05,0.0012182435698291471,0.0,0.004993560199462429,0.0009840690370925402,-3.653837521917055e-05,0.18836137404768333,-14.700862942405433,5.613742099417518e-08,3.93135409701639e-05,9.622149883848906e-05,0.0012182435698194567,0.0,0.004993560199456684,0.0009840690370615315,-3.653837521895274e-05
5.750000000000255,0.18830950184936165,-14.724287644229085,5.3428870838061995e-08,3.9227345314941154e-05,9.160260204064948e-05,0.0012211637450286815,0.0,0.005014003499426818,0.0009350564735004189,-3.662629213529265e-05,0.18830950184936163,-14.724287644229078,5.342887079129207e-08,3.922734531491668e-05,9.160260202792726e-05,0.0012211637450255896,0.0,0.005014003499430597,0.0009350564734875756,-3.6626292135276715e-05
5.760000000000258,0.18825963161267192,-14.746805075735503,5.075411193693203e-08,3.914388179400369e-05,8.703453018856423e-05,0.0012239798951881966,0.0,0.0050344324337975475,0.0008862491207961614,-3.671108905053628e-05,0.18825963161267192,-14.746805075735503,5.075411193693203e-08,3.914388179400369e-05,8.703453018856423e-05,0.0012239798951874806,0.0,0.005034432433798796,0.0008862491208059293,-3.671108905050641e-05
5.770000000000262,0.18821176622961697,-14.768413852560856,4.811399240184277e-08,3.906316440079212e-05,8.25179306777776e-05,0.001226691775312277,0.0,0.005054847296751127,0.0008376503206775091,-3.679275858731977e-05,0.18821176622961697,-14.768413852560856,4.811399240184277e-08,3.906316440079212e-05,8.25179306777776e-05,0.001226691775313206,0.0,0.005054847296752816,0.0008376503206810548,-3.679275858734437e-05
5.780000000000265,0.1881659084754539,-14.789112646202138,4.550945751501151e-08,3.8985205500117527e-05,7.805343510283822e-05,0.0012292991496309935,0.0,0.005075248326924775,0.000789263354118807,-3.68712936446989e-05,0.18816590847545392,-14.789112646202145,4.550945746943084e-08,3.89852055001414e-05,7.8053435090116e-05,0.0012292991496376186,0.0,0.005075248326928014,0.0007892633541409649,-3.6871293644801136e-05
5.790000000000268,0.18812206100859577,-14.808900184098835,4.2941576498320295e-08,3.891001582840263e-05,7.364165882474367e-05,0.0012318017915956226,0.0,0.005095635707280456,0.0007410914417599522,-3.694668739875354e-05,0.18812206100859574,-14.808900184098853,4.294157645323437e-08,3.8910015828451504e-05,7.364165881202145e-05,0.0012318017916018204,0.0,0.00509563570728843,0.00074109144174824,-3.6946687398892576e-05
5.800000000000272,0.18808022637051858,-14.827775249711085,4.0411578437494386e-08,3.8837604495513366e-05,6.928320116177366e-05,0.0012341994838932775,0.0,0.005116009564938671,0.0006931377435569006,-3.7018933301902305e-05,0.18808022637051863,-14.827775249711092,4.041157838509593e-08,3.883760449553684e-05,6.928320114905144e-05,0.0012341994838861445,0.0,0.005116009564941453,0.0006931377436211909,-3.701893330189634e-05
5.810000000000275,0.18804040698567182,-14.845736682594271,3.7920899647034476e-08,3.876797898763046e-05,6.497864488060141e-05,0.0012364920184224132,0.0,0.00513636997117642,0.0006454053587546686,-3.708802508432433e-05,0.18804040698567187,-14.845736682594271,3.7920899699695275e-08,3.876797898763585e-05,6.497864489332363e-05,0.0012364920184152136,0.0,0.005136369971170915,0.0006454053587062192,-3.708802508395913e-05
5.820000000000278,0.18800260516139355,-14.862783378470379,3.547124771728524e-08,3.870114517236758e-05,6.0728556272626796e-05,0.0012386791963065044,0.0,0.005156716941200136,0.0005978973249277389,-3.7153956751182994e-05,0.18800260516139355,-14.862783378470384,3.547124770059771e-08,3.8701145172390643e-05,6.0728556285349014e-05,0.0012386791963117198,0.0,0.005156716941201714,0.0005978973249341393,-3.715395675138451e-05
5.830000000000282,0.18796682308782997,-14.878914289295862,3.3064688742000754e-08,3.863710730534295e-05,5.653348470869886e-05,0.0012407608279384847,0.0,0.005177050434211069,0.0005506166190055846,-3.721672258706202e-05,0.18796682308782997,-14.878914289295869,3.306468872630963e-08,3.8637107305370335e-05,5.653348469597664e-05,0.0012407608279366793,0.0,0.005177050434209242,0.0005506166189805546,-3.721672258703686e-05
5.840000000000285,0.18793306283785918,-14.894128423325807,3.07037687202737e-08,3.857586803765048e-05,5.239396262639349e-05,0.0012427367329062653,0.0,0.0051973703531715655,0.0005035661563212179,-3.727631715170965e-05,0.18793306283785918,-14.894128423325812,3.070376877384582e-08,3.857586803767784e-05,5.239396263911571e-05,0.0012427367329024231,0.0,0.0051973703531709,0.0005035661562415555,-3.727631715166882e-05
5.850000000000288,0.18790132636701906,-14.90842484517508,2.839168407166992e-08,3.851742842618479e-05,4.8310505339180186e-05,0.001244606740029828,0.0,0.005217676544862687,0.0004567487903025115,-3.73327352822035e-05,0.1879013263670191,-14.908424845175087,2.839168405845886e-08,3.8517428426207255e-05,4.831050530101353e-05,0.0012446067400310689,0.0,0.005217676544865757,0.000456748790269907,-3.733273528229565e-05
5.860000000000292,0.18787161551344006,-14.921802675875577,2.613252429225941e-08,3.846178794421676e-05,4.428361087103318e-05,0.0012463706873792287,0.0,0.005237968799738313,0.0004101673130866311,-3.738597209273708e-05,0.18787161551344012,-14.921802675875597,2.613252429225941e-08,3.8461787944288575e-05,4.4283610858310965e-05,0.001246370687378033,0.0,0.0052379687997377395,0.0004101673130785993,-3.738597209271018e-05
5.870000000000295,0.18784393199778104,-14.934261092930402,2.3931623743758377e-08,3.840894449475987e-05,4.031375975287599e-05,0.0012480284222417311,0.0,0.005258246851890376,0.00036382445453155975,-3.743602297431576e-05,0.18784393199778116,-14.93426109293042,2.393162376336522e-08,3.8408944494820837e-05,4.031375977832043e-05,0.0012480284222533816,0.0,0.005258246851896875,0.0003638244545917241,-3.7436022974725175e-05
5.880000000000298,0.1878182774231704,-14.945799330364196,2.1796077887406455e-08,3.835889442430311e-05,3.6401415009859106e-05,0.0012495798011806878,0.0,0.005278510379031022,0.0003177228828404634,-3.748288359596358e-05,0.18781827742317056,-14.945799330364235,2.1796077982189766e-08,3.835889442443138e-05,3.6401415022581324e-05,0.0012495798011871115,0.0,0.00527851037904382,0.00031772288285948397,-3.7482883596339316e-05
5.890000000000302,0.1877946532751506,-14.95641667877033,1.9735509597204353e-08,3.8311632539022625e-05,3.254702176697133e-05,0.0012510246899468023,0.0,0.005298759002430164,0.00027186520368387493,-3.7526549903029e-05,0.18779465327515074,-14.95641667877037,1.9735509569558613e-08,3.831163253915558e-05,3.254702180513798e-05,0.00125102468995863,0.0,0.005298759002436621,0.0002718652037101924,-3.7526549903159676e-05
5.900000000000305,0.18777306092162707,-14.966112485354396,1.7763210856648696e-08,3.826715212181946e-05,2.8751007338095233e-05,0.0012523629635452058,0.0,0.005318992286845693,0.00022625396051121038,-3.7567018117189574e-05,0.1877730609216272,-14.966112485354431,1.7763210828905922e-08,3.8267152121932426e-05,2.8751007401706326e-05,0.0012523629635559873,0.0,0.005318992286855227,0.00022625396055231395,-3.7567018117551e-05
5.910000000000308,0.1877535016128216,-14.974886153974309,1.589783456447262e-08,3.822544495104007e-05,2.501378108606274e-05,0.001253594506202879,0.0,0.005339209740516876,0.00018089163443124335,-3.7604284737983335e-05,0.18775350161282173,-14.974886153974325,1.5897834589896685e-08,3.822544495109795e-05,2.501378108606274e-05,0.0012535945062350747,0.0,0.005339209740537198,0.00018089163461758214,-3.760428473898071e-05
5.920000000000312,0.18773597648122925,-14.98273714517691,1.4165818854115019e-08,3.8186501320678367e-05,2.133573401554418e-05,0.0012547192114486323,0.0,0.005359410815219238,0.00013578064417028876,-3.763834654366412e-05,0.18773597648122925,-14.982737145176948,1.4165818784602707e-08,3.818650132079277e-05,2.1335734040988618e-05,0.001254719211454429,0.0,0.0053594108152308015,0.00013578064414471546,-3.763834654387138e-05
5.930000000000315,0.18772048654157952,-14.989664976231328,1.2604558838517125e-08,3.815031006228089e-05,1.7717239091103723e-05,0.0012557369819540776,0.0,0.005379594906137441,9.092334552705529e-05,-3.7669200586427827e-05,0.1877204865415795,-14.989664976231353,1.2604558838517125e-08,3.815031006236093e-05,1.7717239078381505e-05,0.0012557369819544142,0.0,0.005379594906145065,9.092334543233749e-05,-3.766920058649888e-05
5.940000000000318,0.1877070326908018,-14.995669221158236,1.12656168182506e-08,3.811685856679057e-05,1.4158650690143967e-05,0.0012566477297059652,0.0,0.0053997613519261595,4.632203157837675e-05,-3.769684419825364e-05,0.1877070326908018,-14.99566922115823,1.1265616766695642e-08,3.8116858566769924e-05,1.4158650677421749e-05,0.001256647729693898,0.0,0.005399761351924883,4.6322031457585026e-05,-3.76968441979405e-05
5.950000000000322,0.18769561570799462,-15.000749510756293,1.0215284697573726e-08,3.808613280920304e-05,1.066030485735035e-05,0.0012574513758712626,0.0,0.005419909434683176,1.9789325278731992e-06,-3.772127498642283e-05,0.18769561570799462,-15.0007495107563,1.0215284768654016e-08,3.808613280922306e-05,1.0660304870072568e-05,0.0012574513758617982,0.0,0.005419909434673333,1.978932559362957e-06,-3.7721274986084366e-05
5.960000000000325,0.1876862362543991,-15.004905532624807,9.526666995694424e-09,3.805811737384033e-05,7.222518910302322e-06,0.0012581478509200437,0.0,0.005440038380000453,-4.210378378228006e-05,-3.774249083724837e-05,0.18768623625439898,-15.004905532624823,9.526667056968244e-09,3.805811737388056e-05,7.222518923024541e-06,0.0012581478509123912,0.0,0.005440038379994575,-4.210378378706001e-05,-3.7742490837021844e-05
5.970000000000328,0.1876788948733759,-15.00813703118285,9.257640757854224e-09,3.8032795480420695e-05,3.845591592140008e-06,0.0012587370945083695,0.0,0.005460147356931522,-8.592401315265456e-05,-3.7760489912817526e-05,0.18767889487337583,-15.008137031182843,9.257640909963313e-09,3.803279548039405e-05,3.845591579417789e-06,0.0012587370945001698,0.0,0.005460147356925803,-8.592401323115521e-05,-3.7760489912549443e-05
5.980000000000332,0.1876735919903873,-15.010443807684979,9.421822972156404e-09,3.801014901150475e-05,5.298028171198129e-07,0.0012592190555599234,0.0,0.005480235478040182,-0.00012947971428886352,-3.777527065295008e-05,0.18767359199038725,-15.010443807684954,9.421823001494905e-09,3.8010149011424765e-05,5.298027789531568e-07,0.0012592190555442341,0.0,0.00548023547802231,-0.00012947971436507398,-3.7775270652495834e-05
5.990000000000335,0.18767032791298216,-15.011825720233485,9.977105243263387e-09,3.799015854106192e-05,-2.7245864438855393e-06,0.0012595936922244247,0.0,0.00550030179942324,-0.0001727689088719013,-3.7786831774578034e-05,0.1876703279129821,-15.01182572023346,9.977105237479179e-09,3.799015854098863e-05,-2.724586431163321e-06,0.0012595936922132885,0.0,0.005500301799408839,-0.00017276890887397192,-3.7786831774230744e-05
6.000000000000338,0.18766910283078517,-15.01228268378705,1.0844823495671316e-08,3.797280336352169e-05,-5.917333921664853e-06,0.0012598609719037732,0.0,0.005520345320762101,-0.00021578968181549087,-3.7795172272069914e-05,0.1876691028307851,-15.012282683787042,1.0844823496956538e-08,3.7972803363496164e-05,-5.91733394710929e-06,0.0012598609719015764,0.0,0.005520345320754661,-0.0002157896817823032,-3.779517227199482e-05
6.010000000000342,0.18766991681549047,-15.01181467016607,1.194027908382195e-08,3.795806152432765e-05,-9.048216710223831e-06,0.0012600208712605424,0.0,0.005540364985379412,-0.0002585401812770717,-3.780029141761633e-05,0.18766991681549047,-15.011814670166059,1.1940279030942647e-08,3.7958061524300924e-05,-9.048216710223831e-06,0.0012600208712581528,0.0,0.005540364985370408,-0.00025854018132495524,-3.78002914173523e-05
6.020000000000345,0.18767276982085943,-15.010421708054256,1.319189367768202e-08,3.794590985039353e-05,-1.2117030541618611e-05,0.0012600733761420858,0.0,0.00556035968018102,-0.00030101861895123164,-3.7802188758481056e-05,0.1876727698208594,-15.01042170805423,1.3191893721411634e-08,3.794590985031346e-05,-1.2117030541618611e-05,0.0012600733761404736,0.0,0.005560359680177233,-0.0003010186189356757,-3.7802188758473344e-05
6.030000000000348,0.1876776616827208,-15.008103882996949,1.4546047050168026e-08,3.793632398202068e-05,-1.5123590638344422e-05,0.0012600184816988515,0.0,0.005580328235878776,-0.00034322326934625085,-3.7800864121903946e-05,0.18767766168272074,-15.008103882996936,1.4546047042484964e-08,3.793632398198848e-05,-1.5123590612899984e-05,0.001260018481693045,0.0,0.005580328235872192,-0.0003432232693721499,-3.780086412168512e-05
6.040000000000352,0.18768459211897723,-15.004861337395962,1.596468998112298e-08,3.7929278405447935e-05,-1.806773112811351e-05,0.0012598561922651126,0.0,0.005600269426944865,-0.00038515247078250926,-3.779631761006668e-05,0.18768459211897717,-15.004861337395933,1.5964689909956233e-08,3.792927840536275e-05,-1.8067731102669075e-05,0.0012598561922581967,0.0,0.005600269426939554,-0.0003851524708328283,-3.7796317609842935e-05
6.050000000000355,0.18769356072961424,-15.000694270500617,1.7421294398764717e-08,3.7924746484889085e-05,-2.0949305425521722e-05,0.001259586521449366,0.0,0.005620181971705821,-0.00042680462466032734,-3.778854960347139e-05,0.18769356072961424,-15.000694270500572,1.7421294489820868e-08,3.7924746484753444e-05,-2.0949305450966162e-05,0.0012595865214517017,0.0,0.005620181971704061,-0.0004268046246509687,-3.7788549603453126e-05
6.060000000000358,0.1877045669967134,-14.995602938395612,1.8897334517702945e-08,3.7922700496227756e-05,-2.3768186206604047e-05,0.0012592094921197285,0.0,0.0056400645324509975,-0.00046817819582103525,-3.777756076029862e-05,0.18770456699671337,-14.9956029383956,1.889733448135728e-08,3.792270049618294e-05,-2.3768186232048486e-05,0.0012592094921292265,0.0,0.0056400645324543655,-0.00046817819572418944,-3.7777560760544405e-05
6.070000000000362,0.18771761028446962,-14.989587653985382,2.037972927203978e-08,3.7923111660802115e-05,-2.6524265472445722e-05,0.0012587251363595027,0.0,0.005659915715455785,-0.000509271712380469,-3.776335201553303e-05,0.1877176102844695,-14.989587653985353,2.037972929815415e-08,3.7923111660721294e-05,-2.6524265459723504e-05,0.0012587251363522678,0.0,0.005659915715453723,-0.0005092717124392367,-3.776335201545246e-05
6.080000000000365,0.1877326898392126,-14.982648786974714,2.1859102331376422e-08,3.792595017894248e-05,-2.921745430746007e-05,0.001258133495467958,0.0,0.0056797340711409825,-0.0005500837662698351,-3.774592458055802e-05,0.1877326898392126,-14.98264878697469,2.1859102372865002e-08,3.7925950178867926e-05,-2.9217454282015636e-05,0.0012581334954613814,0.0,0.005679734071135788,-0.000550083766323917,-3.774592458032977e-05
6.0900000000003685,0.18774980478943232,-14.974786763846167,2.3328622651072423e-08,3.793118526437036e-05,-3.1847683222888416e-05,0.0012574346200347405,0.0,0.005699518094146705,-0.0005906130123806875,-3.7725279944919224e-05,0.1877498047894324,-14.974786763846154,2.3328622712913153e-08,3.793118526433127e-05,-3.184768324833285e-05,0.0012574346200322707,0.0,0.00569951809414605,-0.0005906130123269441,-3.772527994494227e-05
6.100000000000372,0.18776895414580833,-14.966002067833786,2.478323417644236e-08,3.793878517830628e-05,-3.4414902042300094e-05,0.001256628569848167,0.0,0.005719266223408161,-0.0006308581690493545,-3.770141987496349e-05,0.18776895414580827,-14.966002067833792,2.478323420644807e-08,3.793878517832382e-05,-3.441490205502231e-05,0.0012566285698522998,0.0,0.005719266223408832,-0.0006308581690593039,-3.7701419875055314e-05
6.110000000000375,0.18779013680124293,-14.956295238893528,2.6219139419810644e-08,3.7948717264079595e-05,-3.69190798379814e-05,0.0012557154139778938,0.0,0.005738976842340227,-0.0006708180180131282,-3.76743464148669e-05,0.18779013680124293,-14.956295238893528,2.6219139419810644e-08,3.7948717264079595e-05,-3.69190798379814e-05,0.001255715413979086,0.0,0.005738976842344683,-0.0006708180179909818,-3.767434641489863e-05
6.1200000000003785,0.187813351530899,-14.945666873669964,2.7633448446393408e-08,3.796094798109061e-05,-3.936020493093552e-05,0.0012546952306947982,0.0,0.005758648278866548,-0.0007104914042682312,-3.764406188498088e-05,0.187813351530899,-14.945666873669964,2.7633448446393408e-08,3.796094798109061e-05,-3.936020493093552e-05,0.001254695230696254,0.0,0.005758648278870067,-0.0007104914042671652,-3.7644061885024246e-05
6.130000000000382,0.18783859699224148,-14.934117625459685,2.9023937089169357e-08,3.7975442939149146e-05,-4.173828500538258e-05,0.001253568107541398,0.0,0.005778278805632921,-0.000749877236275294,-3.7610568883905404e-05,0.18783859699224148,-14.934117625459708,2.9023937089169357e-08,3.797544293921463e-05,-4.173828497993814e-05,0.0012535681075446737,0.0,0.005778278805642752,-0.0007498772362092819,-3.7610568884098426e-05
6.140000000000385,0.18786587172508284,-14.921648204171166,3.0388877905667525e-08,3.7992166932568346e-05,-4.405334687975965e-05,0.0012523341412551763,0.0,0.0057978666400495225,-0.0007889744855049938,-3.7573870286184014e-05,0.18786587172508287,-14.921648204171179,3.038887781163675e-08,3.7992166932607573e-05,-4.405334686703743e-05,0.0012523341412541415,0.0,0.005797866640056536,-0.0007889744855559697,-3.757387028626046e-05
6.1500000000003885,0.18789517415163307,-14.908259376281249,3.172691959971272e-08,3.8011083974212586e-05,-4.6305436633942955e-05,0.0012509934378557698,0.0,0.0058174099445581695,-0.0008277821866975049,-3.75339692445563e-05,0.187895174151633,-14.908259376281253,3.172691959971272e-08,3.801108397423145e-05,-4.6305436672109616e-05,0.0012509934378629078,0.0,0.0058174099445656,-0.0008277821867116522,-3.7533969244723125e-05
6.160000000000392,0.18792650257655308,-14.893951964787922,3.303700052342966e-08,3.803215732861909e-05,-4.8494619609247875e-05,0.001249546112582942,0.0,0.005836906826670831,-0.0008662994377503025,-3.7490869188684225e-05,0.18792650257655308,-14.893951964787945,3.3037000496212e-08,3.803215732868424e-05,-4.849461962197009e-05,0.0012495461125774845,0.0,0.005836906826671233,-0.000866299437842755,-3.749086918851143e-05
6.170000000000395,0.18795985518701352,-14.878726849159868,3.4318284692142624e-08,3.805534954545807e-05,-5.062098015398455e-05,0.00124799228990736,0.0,0.005856355339137802,-0.000904525399651929,-3.7444573824671945e-05,0.1879598551870136,-14.87872684915989,3.431828466536314e-08,3.8055349545516745e-05,-5.0620980141262335e-05,0.0012479922899129997,0.0,0.005856355339139802,-0.000904525399599301,-3.744457382476463e-05
6.1800000000003985,0.1879952300527564,-14.862584965282299,3.5570115043222715e-08,3.808062249171083e-05,-5.268462169979125e-05,0.0012463321035500628,0.0,0.005875753480144042,-0.0009424592961732717,-3.7395087136298316e-05,0.18799523005275645,-14.862584965282334,3.557011496526087e-08,3.80806224918147e-05,-5.2684621687069025e-05,0.0012463321035577723,0.0,0.005875753480151216,-0.0009424592961034941,-3.739508713663548e-05
6.190000000000402,0.18803262512616156,-14.845527305399777,3.679197799471325e-08,3.8107937384954136e-05,-5.4685666825245374e-05,0.0012445656964697519,0.0,0.005895099193529352,-0.0009801004141909244,-3.734241338533051e-05,0.18803262512616162,-14.845527305399777,3.679197797740172e-08,3.8107937384947244e-05,-5.4685666850689816e-05,0.0012445656964716052,0.0,0.005895099193531727,-0.0009801004141654593,-3.734241338537234e-05
6.200000000000405,0.18807203824231727,-14.827554918054862,3.79834764925104e-08,3.813725482368966e-05,-5.6624256975974705e-05,0.0012426932208276574,0.0,0.00591439036882886,-0.0010174481034287849,-3.728655710842322e-05,0.18807203824231736,-14.827554918054874,3.798347658798279e-08,3.813725482372133e-05,-5.662425700141914e-05,0.0012426932208268642,0.0,0.005914390368832298,-0.0010174481034412306,-3.728655710854222e-05
6.2100000000004085,0.1881134671190957,-14.808668908024048,3.914430935113593e-08,3.8168534819421e-05,-5.850055243921299e-05,0.0012407148380519065,0.0,0.005933624841583182,-0.0010545017760904684,-3.722752312078526e-05,0.18811346711909577,-14.808668908024076,3.914430940228175e-08,3.8168534819501244e-05,-5.850055243921299e-05,0.001240714838047939,0.0,0.005933624841581953,-0.001054501776041329,-3.722752312068034e-05
6.220000000000412,0.1881569093572312,-14.788870436249828,4.027425528773208e-08,3.820173682684688e-05,-6.0314732407410984e-05,0.0012386307187984493,0.0,0.005952800393479481,-0.0010912609071960608,-3.7165316514179857e-05,0.18815690935723126,-14.788870436249868,4.027425528773208e-08,3.8201736826952644e-05,-6.031473238196655e-05,0.0012386307188002837,0.0,0.005952800393484609,-0.0010912609071669723,-3.716531651441675e-05
6.230000000000415,0.18820236244040445,-14.768160719769263,4.1373160444089e-08,3.823681977314707e-05,-6.206699478740318e-05,0.0012364410429451399,0.0,0.005971914752565268,-0.0011277250342879934,-3.709994265767204e-05,0.18820236244040447,-14.768160719769297,4.137316046931419e-08,3.8236819773250026e-05,-6.206699478740318e-05,0.0012364410429453862,0.0,0.005971914752569003,-0.0011277250341947022,-3.7099942657905095e-05
6.2400000000004185,0.18824982373532995,-14.746541031639374,4.244092830912824e-08,3.827374208736155e-05,-6.375755600957454e-05,0.0012341459995975131,0.0,0.005990965593422928,-0.0011638937571059869,-3.703140719668481e-05,0.18824982373533003,-14.746541031639392,4.244092834449579e-08,3.8273742087407147e-05,-6.375755600957454e-05,0.001234145999606185,0.0,0.0059909655934272795,-0.0011638937570729404,-3.703140719690307e-05
6.250000000000422,0.18829929049184863,-14.724012700858905,4.3477512099858247e-08,3.8312461728384797e-05,-6.538665111691604e-05,0.0012317457871011208,0.0,0.006009950537437069,-0.0011997667377409288,-3.695971605356798e-05,0.18829929049184865,-14.724012700858944,4.347751213529588e-08,3.831246172850023e-05,-6.538665112963826e-05,0.0012317457871178935,0.0,0.0060099505374487106,-0.0011997667377736207,-3.695971605405116e-05
6.260000000000425,0.18835075984302405,-14.70057711228677,4.448290813199815e-08,3.835293621242032e-05,-6.695453365052465e-05,0.001229240613057076,0.0,0.006028867152999008,-0.0012353437003995236,-3.6884875428769706e-05,0.18835075984302407,-14.700577112286789,4.4482908270602243e-08,3.835293621247363e-05,-6.695453366324686e-05,0.0012292406130575521,0.0,0.006028867153003141,-0.0012353437004637862,-3.68848754289001e-05
6.270000000000429,0.18840422880524388,-14.676235706556861,4.5457150991479484e-08,3.839512263918667e-05,-6.846147534427012e-05,0.001226630694245194,0.0,0.006047712955714176,-0.001270624431204887,-3.68068917981506e-05,0.18840422880524385,-14.67623570655689,4.545715093105898e-08,3.8395122639272206e-05,-6.846147530610347e-05,0.0012266306942288517,0.0,0.006047712955704379,-0.0012706244312592867,-3.680689179764187e-05
6.280000000000432,0.18845969427832512,-14.650989979989834,4.6400308544003354e-08,3.8438977718029504e-05,-6.990776606118394e-05,0.0012239162566627878,0.0,0.006066485408655659,-0.0013056087781446533,-3.672577191387785e-05,0.18845969427832512,-14.65098997998984,4.6400308544003354e-08,3.843897771805502e-05,-6.990776604846172e-05,0.0012239162566553665,0.0,0.0060664854086440595,-0.0013056087781347,-3.67257719135497e-05
6.290000000000435,0.18851715304562458,-14.62484148450094,4.7312480159709486e-08,3.8484457792042385e-05,-7.12937140479036e-05,0.001221097535608981,0.0,0.006085181922658718,-0.0013402966506859883,-3.664152280733153e-05,0.18851715304562458,-14.624841484500953,4.7312480159709486e-08,3.8484457792080604e-05,-7.129371403518139e-05,0.0012210975356064097,0.0,0.006085181922652996,-0.0013402966506660201,-3.6641522807250166e-05
6.300000000000439,0.18857660177415356,-14.597791827504988,4.8193791929083326e-08,3.853151886224658e-05,-7.261964515861733e-05,0.001218174775518128,0.0,0.006103799856513169,-0.0013746880200329313,-3.655415178378957e-05,0.18857660177415358,-14.597791827504995,4.8193791929083326e-08,3.8531518862260903e-05,-7.26196451458951e-05,0.0012181747755198884,0.0,0.006103799856511352,-0.0013746880200094223,-3.6554151783848635e-05
6.310000000000442,0.18863803701469672,-14.569842671817486,4.904439554354567e-08,3.8580116610227476e-05,-7.388590321128617e-05,0.0012151482301122041,0.0,0.006122336517248045,-0.001408782918205699,-3.646366642712248e-05,0.18863803701469672,-14.569842671817486,4.904439554354567e-08,3.8580116610227476e-05,-7.388590321128617e-05,0.0012151482301131044,0.0,0.00612233651724717,-0.0014087829182086668,-3.646366642715582e-05
6.320000000000445,0.18870145520193662,-14.540995735552558,4.98644662379678e-08,3.863020641970951e-05,-7.509284974592191e-05,0.0012120181622736373,0.0,0.006140789160423087,-0.0014425814390465522,-3.6370074596497096e-05,0.18870145520193665,-14.54099573555255,4.986446626300447e-08,3.863020641967286e-05,-7.509284975864413e-05,0.0012120181622753024,0.0,0.006140789160415194,-0.0014425814390825581,-3.637007459643092e-05
6.330000000000449,0.1887668526545823,-14.51125279201767,5.065420063150473e-08,3.8681743398243975e-05,-7.62408635793093e-05,0.001208784844152595,0.0,0.006159154990389715,-0.0014760837364856255,-3.627338442832478e-05,0.1887668526545823,-14.511252792017661,5.065420067430212e-08,3.8681743398218666e-05,-7.624086359203152e-05,0.0012087848441430442,0.0,0.006159154990382648,-0.0014760837364968422,-3.62733844281529e-05
6.340000000000452,0.18883422557550214,-14.480615669604388,5.1413815850503556e-08,3.8734682395812165e-05,-7.733034118667274e-05,0.001205448557083928,0.0,0.006177431160592108,-0.0015092900256861385,-3.617360433547555e-05,0.1888342255755021,-14.48061566960438,5.141381582528209e-08,3.873468239579724e-05,-7.733034118667274e-05,0.001205448557072674,0.0,0.006177431160578888,-0.0015092900256935958,-3.617360433515101e-05
6.350000000000455,0.18890357005186276,-14.449086251676482,5.214354795146682e-08,3.878897802487306e-05,-7.836169602739856e-05,0.0012020095916259808,0.0,0.006195614773857723,-0.0015422005820261674,-3.6070743006776214e-05,0.18890357005186287,-14.449086251676446,5.214354803733253e-08,3.878897802475108e-05,-7.836169602739856e-05,0.0012020095916149879,0.0,0.006195614773844396,-0.0015422005820468453,-3.60707430064218e-05
6.360000000000459,0.18897488205527185,-14.416666476454045,5.284365123997252e-08,3.88445846771889e-05,-7.933535871042405e-05,0.0011984682475576361,0.0,0.006213702882703349,-0.0015748157411390005,-3.596480940798524e-05,0.18897488205527183,-14.416666476454038,5.2843651171486735e-08,3.884458467717538e-05,-7.93353586849796e-05,0.0011984682475587043,0.0,0.006213702882699358,-0.0015748157410524198,-3.596480940807407e-05
6.370000000000462,0.18904815744192574,-14.383358336894792,5.3514397091189955e-08,3.890145654183279e-05,-8.025177658712615e-05,0.0011948248338481792,0.0,0.006231692489703064,-0.0016071358986513699,-3.585581278079959e-05,0.1890481574419257,-14.38335833689476,5.3514397091189955e-08,3.890145654173302e-05,-8.025177661257059e-05,0.001194824833861195,0.0,0.0062316924897040955,-0.0016071358985410371,-3.585581278108471e-05
6.380000000000465,0.18912339195276257,-14.349163880571453,5.415607361918016e-08,3.895954761996687e-05,-8.111141384037742e-05,0.001191079668688253,0.0,0.006249580547718622,-0.0016391615099720243,-3.574376264283738e-05,0.18912339195276257,-14.34916388057144,5.4156073610106594e-08,3.89595476199292e-05,-8.111141385309963e-05,0.0011910796686862223,0.0,0.006249580547722436,-0.001639161509919003,-3.5743762642898296e-05
6.390000000000469,0.1892005812136203,-14.314085209546347,5.4768984512805096e-08,3.9018811740593835e-05,-8.191475103926792e-05,0.0011872330794663244,0.0,0.006267363960352762,-0.0016708930898655771,-3.5628668788454526e-05,0.1892005812136202,-14.314085209546317,5.4768984573309877e-08,3.901881174051736e-05,-8.191475109015679e-05,0.0011872330794519886,0.0,0.006267363960350941,-0.0016708930899178964,-3.5628668788209706e-05
6.400000000000472,0.18927972073539903,-14.278124480242091,5.535344917408761e-08,3.907920257366323e-05,-8.266228513910554e-05,0.0011832854027507495,0.0,0.0062850395821638025,-0.0017023312126488639,-3.5510541287335e-05,0.18927972073539898,-14.278124480242042,5.5353449191374336e-08,3.9079202573525e-05,-8.266228518999441e-05,0.0011832854027428203,0.0,0.006285039582151807,-0.0017023312125697258,-3.5510541287058446e-05
6.410000000000475,0.18936080591422944,-14.241283903309455,5.590980138771837e-08,3.9140673643471213e-05,-8.335452918880489e-05,0.001179236984328679,0.0,0.006302604219113696,-0.0017334765111219883,-3.538939048511737e-05,0.18936080591422946,-14.241283903309412,5.590980143127197e-08,3.91406736433346e-05,-8.335452920152711e-05,0.0011792369843188182,0.0,0.006302604219102788,-0.0017334765111070571,-3.538939048478859e-05
6.420000000000479,0.18944383203164553,-14.203565743491684,5.643838966141971e-08,3.920317834067926e-05,-8.399201210188719e-05,0.0011750881791853997,0.0,0.006320054628914509,-0.0017643296769216527,-3.526522700389724e-05,0.1894438320316456,-14.203565743491678,5.643838978304004e-08,3.920317834064285e-05,-8.399201211460941e-05,0.00117508817919672,0.0,0.006320054628921072,-0.0017643296768467375,-3.526522700413462e-05
6.430000000000482,0.18952879425476318,-14.164972319485411,5.693957627664225e-08,3.926666993300034e-05,-8.457527859286947e-05,0.0011708393514913832,0.0,0.006337387521402914,-0.0017948914601567819,-3.513806174119035e-05,0.1895287942547633,-14.164972319485427,5.6939576232819754e-08,3.9266669933026026e-05,-8.457527856742504e-05,0.0011708393515023248,0.0,0.00633738752141597,-0.0017948914600680126,-3.513806174156979e-05
6.440000000000485,0.18961568763646314,-14.125506003798463,5.741373721417211e-08,3.9331101575496434e-05,-8.510488885920887e-05,0.0011664908746282293,0.0,0.006354599558902859,-0.0018251626685919134,-3.5007905870953945e-05,0.18961568763646316,-14.125506003798499,5.7413737146396965e-08,3.933110157559601e-05,-8.510488887193109e-05,0.0011664908746240224,0.0,0.006354599558910974,-0.0018251626686274502,-3.500790587088376e-05
6.450000000000489,0.1897045071155802,-14.08516922260431,5.7861261870587674e-08,3.939642631998813e-05,-8.558141837774723e-05,0.0011620431310812535,0.0,0.006371687356627936,-0.001855144168330282,-3.487477084024562e-05,0.1897045071155803,-14.085169222604323,5.786126188101594e-08,3.93964263200008e-05,-8.558141839046945e-05,0.0011620431310847025,0.0,0.0063716873566361685,-0.0018551441683019366,-3.4874770840331925e-05
6.460000000000492,0.18979524751709714,-14.043964455592944,5.828255274836959e-08,3.946259712235283e-05,-8.600545775204447e-05,0.0011574965125969523,0.0,0.006388647483081833,-0.0018848368822717773,-3.473866837381764e-05,0.18979524751709725,-14.04396445559297,5.828255267061048e-08,3.946259712240247e-05,-8.600545775204447e-05,0.0011574965126069803,0.0,0.006388647483099444,-0.0018848368821819158,-3.473866837424367e-05
6.470000000000495,0.1898879035523441,-14.00189423581914,5.8678025079873184e-08,3.952956685134355e-05,-8.637761244521195e-05,0.0011528514200801398,0.0,0.006405476460524831,-0.0019142417904826042,-3.4599610471545946e-05,0.18988790355234414,-14.00189423581918,5.8678025140945795e-08,3.952956685145503e-05,-8.637761244521195e-05,0.0011528514200932038,0.0,0.006405476460538575,-0.0019142417905478187,-3.4599610471877366e-05
6.480000000000499,0.1899824698192038,-13.958961149546793,5.9048106893308846e-08,3.9597288294191803e-05,-8.66985024109682e-05,0.001148108263592915,0.0,0.006422170765295149,-0.0019433599299229025,-3.445760940723006e-05,0.1899824698192038,-13.958961149546836,5.9048106893308846e-08,3.959728829432831e-05,-8.669850242369042e-05,0.0011481082636041542,0.0,0.006422170765310642,-0.0019433599298480596,-3.4457609407716515e-05
6.490000000000502,0.19007894080232143,-13.915167836090342,5.939323834191816e-08,3.966571416293932e-05,-8.696876222086104e-05,0.00114326746236581,0.0,0.006438726828364863,-0.00197219239358367,-3.431267773087072e-05,0.1900789408023215,-13.91516783609037,5.9393238374717434e-08,3.966571416301326e-05,-8.696876222086104e-05,0.0011432674623716476,0.0,0.006438726828373741,-0.0019721923935274817,-3.431267773110042e-05
6.500000000000505,0.19017731087332113,-13.870516987652685,5.971387208171737e-08,3.9734797098399956e-05,-8.71890405553789e-05,0.001138329444802847,0.0,0.006455141035678865,-0.002000740330612144,-3.4164828266936747e-05,0.19017731087332113,-13.87051698765272,5.971387209799283e-08,3.973479709851173e-05,-8.718904052993445e-05,0.0011383294448033747,0.0,0.00645514103568273,-0.0020007403306235875,-3.4164828266949005e-05
6.510000000000509,0.19027757429102715,-13.825011349160446,6.001047239302759e-08,3.980448967603752e-05,-8.735999983500632e-05,0.001133294648444937,0.0,0.0064714097286786496,-0.0020290049456730616,-3.401407411397628e-05,0.19027757429102712,-13.825011349160475,6.001047247047177e-08,3.980448967612425e-05,-8.735999983500632e-05,0.0011332946484380849,0.0,0.006471409728679299,-0.002029004945619846,-3.401407411393851e-05
6.520000000000512,0.19037972520169147,-13.778653718095162,6.028351557301076e-08,3.987474440768563e-05,-8.748231638561303e-05,0.0011281635200006024,0.0,0.006487529204763096,-0.002056987498430231,-3.386042864613547e-05,0.19037972520169147,-13.778653718095175,6.028351555699919e-08,3.987474440772259e-05,-8.748231642377969e-05,0.0011281635200015153,0.0,0.006487529204760467,-0.0020569874984667975,-3.38604286461016e-05
6.530000000000515,0.19048375763922623,-13.731446944321949,6.053348951897994e-08,3.99455137453693e-05,-8.755667999317616e-05,0.0011229365153421354,0.0,0.006503495717729199,-0.002084689303443202,-3.370390551169262e-05,0.19048375763922626,-13.731446944321974,6.053348959626288e-08,3.994551374544314e-05,-8.755668000589838e-05,0.0011229365153390435,0.0,0.006503495717723734,-0.002084689303516235,-3.370390551150307e-05
6.540000000000519,0.1905896655254428,-13.683393929914775,6.076089373631732e-08,4.0016750083308166e-05,-8.75837935093914e-05,0.0011176140994477526,0.0,0.006519305478327184,-0.0021121117295701793,-3.354451863307705e-05,0.19058966552544288,-13.683393929914786,6.076089369057707e-08,4.001675008331928e-05,-8.758379348394696e-05,0.0011176140994541414,0.0,0.006519305478323201,-0.002112111729518323,-3.354451863323065e-05
6.550000000000522,0.1906974426702958,-13.634497628978252,6.096623875939703e-08,4.008840575877545e-05,-8.756437269900648e-05,0.0011121967464422467,0.0,0.006534954654660893,-0.0021392561994615783,-3.3382282206255285e-05,0.19069744267029584,-13.634497628978263,6.096623877497333e-08,4.0088405758799356e-05,-8.756437268628426e-05,0.001112196746441277,0.0,0.006534954654659417,-0.002139256199559729,-3.3382282206334175e-05
6.560000000000525,0.1908070827721343,-13.584761047466772,6.1150046195799e-08,4.016043305358499e-05,-8.74991461507656e-05,0.001106684939600791,0.0,0.0065504393728324645,-0.002166124189153208,-3.3217210702354473e-05,0.19080708277213435,-13.58476104746676,6.115004616495804e-08,4.0160433053534494e-05,-8.749914612532116e-05,0.0011066849396022505,0.0,0.006550439372830075,-0.0021661241891489436,-3.3217210702358614e-05
6.570000000000529,0.19091857941795715,-13.534187242999923,6.131284878532577e-08,4.0232784193715414e-05,-8.738885478124296e-05,0.001101079171313559,0.0,0.006565755717379357,-0.0021927172277996206,-3.3049318865650364e-05,0.19091857941795715,-13.534187242999923,6.131284873895642e-08,4.0232784193715414e-05,-8.738885483213184e-05,0.0011010791713305206,0.0,0.006565755717388625,-0.0021927172277571502,-3.3049318866151035e-05
6.580000000000532,0.19103192608367578,-13.482779324675274,6.145518984416492e-08,4.0305411349591916e-05,-8.723425174578711e-05,0.0010953799430844537,0.0,0.006580899731811282,-0.0022190368970365997,-3.287862171368738e-05,0.19103192608367575,-13.482779324675258,6.145518989075214e-08,4.030541134955602e-05,-8.723425177123155e-05,0.001095379943085942,0.0,0.006580899731812875,-0.002219036897096066,-3.287862171370928e-05
6.590000000000535,0.19114711613438232,-13.430540452877505,6.15776233525515e-08,4.037826663467599e-05,-8.703610203141003e-05,0.0010895877655248281,0.0,0.006595867419202037,-0.0022450848303776903,-3.270513453780326e-05,0.19114711613438223,-13.430540452877494,6.157762339936036e-08,4.037826663466644e-05,-8.703610204413224e-05,0.0010895877655075544,0.0,0.006595867419193177,-0.002245084830389098,-3.270513453735834e-05
6.600000000000539,0.19126414282462353,-13.37747383908486,6.168071343694525e-08,4.0451302104566145e-05,-8.679518231684272e-05,0.0010837031583293903,0.0,0.006610654742692804,-0.0022708627129133046,-3.252887290151387e-05,0.19126414282462348,-13.377473839084846,6.168071354856367e-08,4.045130210454361e-05,-8.679518229139827e-05,0.0010837031583131184,0.0,0.006610654742678796,-0.002270862712971322,-3.252887290085583e-05
6.610000000000542,0.1913829992986826,-13.323582745672157,6.176503467603882e-08,4.0524469754847346e-05,-8.651228055270196e-05,0.0010777266503159558,0.0,0.006625257626131709,-0.0022963722808330977,-3.234985264178912e-05,0.19138299929868258,-13.32358274567215,6.17650346905968e-08,4.052446975482293e-05,-8.651228053997974e-05,0.0010777266503098294,0.0,0.006625257626119823,-0.002296372280777924,-3.234985264158618e-05
6.6200000000005454,0.19150367859086423,-13.268870485710867,6.183117108242694e-08,4.059772151906307e-05,-8.618819587243479e-05,0.001071658779377894,0.0,0.006639671954603346,-0.0023216153206293486,-3.216808986854289e-05,0.19150367859086417,-13.268870485710872,6.183117109679522e-08,4.059772151908956e-05,-8.618819588515701e-05,0.0010716587793738617,0.0,0.006639671954598261,-0.0023216153206910214,-3.2168089868512054e-05
6.630000000000549,0.1916261736257884,-13.213340422766127,6.187971671445322e-08,4.0671009266482605e-05,-8.582373818520755e-05,0.0010655000924856823,0.0,0.006653893575064046,-0.0023465936689508193,-3.198360096349601e-05,0.19162617362578832,-13.213340422766109,6.187971671445322e-08,4.067100926644824e-05,-8.582373819792977e-05,0.001065500092483702,0.0,0.006653893575060496,-0.002346593668975354,-3.198360096347967e-05
6.640000000000552,0.1917504772186893,-13.156995970690415,6.191127464849556e-08,4.074428479843184e-05,-8.541972789601696e-05,0.001059251145698863,0.0,0.0066679182969276996,-0.002371309211604407,-3.1796402581207295e-05,0.19175047721868937,-13.156995970690398,6.19112746205535e-08,4.0744284798355365e-05,-8.541972788329474e-05,0.0010592511456990205,0.0,0.0066679182969222265,-0.0023713092116078695,-3.1796402581123384e-05
6.6500000000005555,0.19187658207572117,-13.099840593414418,6.192645748551975e-08,4.0817499845281206e-05,-8.497699579119025e-05,0.0010529125041158155,0.0,0.006681741892681023,-0.0023957638833595834,-3.16065116474201e-05,0.19187658207572117,-13.099840593414418,6.192645748551975e-08,4.0817499845281206e-05,-8.497699579119025e-05,0.0010529125041179733,0.0,0.006681741892684734,-0.002395763883378274,-3.160651164744739e-05
6.660000000000559,0.19200448079426966,-13.041877804734884,6.192588648790408e-08,4.089060606329514e-05,-8.449638249132979e-05,0.0010464847419102761,0.0,0.0066953600986011195,-0.002419959667301824,-3.141394536017997e-05,0.1920044807942696,-13.04187780473488,6.192588648790408e-08,4.089060606329761e-05,-8.4496382504052e-05,0.001046484741909082,0.0,0.0066953600986045,-0.0024199596673207327,-3.141394536019457e-05
6.670000000000562,0.19213416586327026,-12.983111168099144,6.19101913971258e-08,4.096355503046574e-05,-8.397873837497958e-05,0.0010399684422525766,0.0,0.006708768615234409,-0.0024438985940432715,-3.121872118783014e-05,0.19213416586327023,-12.983111168099132,6.191019132640258e-08,4.09635550304293e-05,-8.397873836225735e-05,0.0010399684422509887,0.0,0.006708768615235341,-0.0024438985940331767,-3.121872118778718e-05
6.6800000000005655,0.1922656296635337,-12.923544296386748,6.188001002695271e-08,4.1036298241805294e-05,-8.342492329873668e-05,0.0010333641974196622,0.0,0.006721963108247952,-0.0024675827411601695,-3.1020856871226376e-05,0.1922656296635337,-12.923544296386742,6.188000997801652e-08,4.103629824179315e-05,-8.342492326057003e-05,0.0010333641974097881,0.0,0.0067219631082433865,-0.0024675827412453345,-3.1020856870922894e-05
6.690000000000569,0.19239886446807647,-12.8631808516884,6.183598827841311e-08,4.110878710663317e-05,-8.283580608836232e-05,0.0010266726086429745,0.0,0.006734939208958052,-0.0024910142331019277,-3.082037042031679e-05,0.19239886446807647,-12.8631808516884,6.183598831472595e-08,4.110878710663317e-05,-8.283580606291789e-05,0.0010266726086377318,0.0,0.0067349392089529805,-0.0024910142331213787,-3.082037042005914e-05
6.700000000000572,0.19253386244245896,-12.80202454508124,6.177877919868364e-08,4.118097294257282e-05,-8.221226451333748e-05,0.0010198942861742843,0.0,0.006747692515096793,-0.0025141952398519017,-3.06172801158885e-05,0.19253386244245896,-12.80202454508124,6.177877919868364e-08,4.118097294257282e-05,-8.221226451333748e-05,0.0010198942861768666,0.0,0.006747692515096909,-0.0025141952398226126,-3.0617280115914156e-05
6.7100000000005755,0.1926706156451304,-12.740079136401759,6.17090428420428e-08,4.125280697187696e-05,-8.155518484158526e-05,0.001013029849321794,0.0,0.006760218591467476,-0.0025371279764297857,-3.041160450958194e-05,0.1926706156451304,-12.740079136401759,6.170904282965826e-08,4.125280697187696e-05,-8.155518484158526e-05,0.0010130298493289606,0.0,0.0067602185914693805,-0.002537127976413878,-3.0411604509718386e-05
6.720000000000579,0.19280911602777925,-12.677348434015363,6.162744581394534e-08,4.132424031638229e-05,-8.086546181402642e-05,0.001006079926348593,0.0,0.006772512970736669,-0.002559814702573626,-3.0203362423002662e-05,0.19280911602777925,-12.677348434015363,6.162744581394534e-08,4.132424031638229e-05,-8.086546181402642e-05,0.0010060799263538406,0.0,0.006772512970740846,-0.002559814702575336,-3.0203362423169006e-05
6.730000000000582,0.19294935543569183,-12.61383629458324,6.153466084344734e-08,4.139522399314616e-05,-8.014399774130191e-05,0.000999045154464492,0.0,0.006784571154031807,-0.00258225772188824,-2.9992572945128817e-05,0.19294935543569183,-12.61383629458324,6.153466084344734e-08,4.139522399314616e-05,-8.014399774130191e-05,0.0009990451544675933,0.0,0.006784571154034585,-0.002582257721889017,-2.9992572945226636e-05
6.7400000000005855,0.19309132560811632,-12.549546622826085,6.143136583341144e-08,4.1465708909323114e-05,-7.939170294905041e-05,0.0009919261798803337,0.0,0.0067963886118220075,-0.0026044593809626563,-2.9779255435703545e-05,0.19309132560811632,-12.549546622826085,6.143136583341144e-08,4.1465708909323114e-05,-7.939170294905041e-05,0.0009919261798822833,0.0,0.0067963886118239504,-0.0026044593809628315,-2.9779255435764636e-05
6.750000000000589,0.19323501817863448,-12.484483371284908,6.131824379392242e-08,4.153564585736022e-05,-7.860949498913084e-05,0.0009847236577556137,0.0,0.006807960784529413,-0.0026264220689721646,-2.9563429522571832e-05,0.19323501817863448,-12.484483371284908,6.131824379392242e-08,4.153564585736022e-05,-7.860949498913084e-05,0.000984723657756929,0.0,0.00680796078453085,-0.0026264220689720674,-2.956342952261273e-05
6.760000000000592,0.19338042467553962,-12.418650540079208,6.119598189572131e-08,4.160498551065168e-05,-7.779829857601136e-05,0.0009774382521808105,0.0,0.006819283083464178,-0.0026481482169703114,-2.9345115101445205e-05,0.19338042467553962,-12.418650540079208,6.119598189572131e-08,4.160498551065168e-05,-7.779829857601136e-05,0.0009774382521817672,0.0,0.006819283083465247,-0.002648148216970078,-2.9345115101474783e-05
6.7700000000005955,0.19352753652222215,-12.352052176661754,6.106527094633375e-08,4.167367841803298e-05,-7.695904512876927e-05,0.0009700706361769208,0.0,0.006830350891417189,-0.0026696402966438935,-2.9124332336494954e-05,0.19352753652222215,-12.352052176661754,6.106527094633375e-08,4.167367841803298e-05,-7.695904512876927e-05,0.0009700706361776539,0.0,0.006830350891418005,-0.0026696402966436216,-2.9124332336517492e-05
6.780000000000599,0.19367634503756084,-12.284692375571066,6.092680480937718e-08,4.1741674999882044e-05,-7.609267270748011e-05,0.0009626214916790259,0.0,0.006841159563649124,-0.0026909008204803824,-2.8901101658710655e-05,0.19367634503756084,-12.284692375571066,6.092680480937718e-08,4.1741674999882044e-05,-7.609267270748011e-05,0.0009626214916796242,0.0,0.006841159563649746,-0.0026909008204800524,-2.890110165872895e-05
6.790000000000602,0.19382684143632248,-12.216575278180459,6.078127916567855e-08,4.1808925542856024e-05,-7.520012551705108e-05,0.0009550915095163189,0.0,0.006851704428526834,-0.0027119323400956463,-2.8675443766599743e-05,0.19382684143632248,-12.216575278180459,6.078127916567855e-08,4.1808925542856024e-05,-7.520012551705108e-05,0.0009550915095168152,0.0,0.006851704428527339,-0.0027119323400953354,-2.8675443766614898e-05
6.800000000000606,0.19397901682956714,-12.147705072444776,6.062939126491901e-08,4.187538019598783e-05,-7.428235372910992e-05,0.0009474813893828464,0.0,0.006861980788475011,-0.0027327374458624375,-2.8447379624445215e-05,0.19397901682956714,-12.147705072444776,6.062939126491901e-08,4.187538019598783e-05,-7.428235372910992e-05,0.0009474813893832507,0.0,0.0068619807884754,-0.0027327374458622237,-2.844737962445762e-05
6.810000000000609,0.1941328622250614,-12.07808599264379,6.047183855138659e-08,4.19409889658444e-05,-7.334031301128288e-05,0.0009397918398599899,0.0,0.006871983920703264,-0.002753318766439797,-2.8216930462676538e-05,0.1941328622250614,-12.07808599264379,6.047183855138659e-08,4.19409889658444e-05,-7.334031301128288e-05,0.0009397918398603247,0.0,0.006871983920703556,-0.0027533187664396026,-2.8216930462686736e-05
6.820000000000612,0.1942883685276983,-12.007722319123364,6.030931839754135e-08,4.2005701713230445e-05,-7.23749645908058e-05,0.000932023578364616,0.0,0.006881709078212195,-0.0027736789674446317,-2.798411777775162e-05,0.1942883685276983,-12.007722319123364,6.030931839754135e-08,4.2005701713230445e-05,-7.23749645908058e-05,0.0009320235783648891,0.0,0.006881709078212428,-0.0027736789674444955,-2.7984117777759952e-05
6.830000000000616,0.19444552653992425,-11.936618378033023,6.01425262843659e-08,4.2069468147952255e-05,-7.138727445302431e-05,0.0009241773311380681,0.0,0.006891151490441147,-0.002793820750877843,-2.7748963330110986e-05,0.19444552653992425,-11.936618378033023,6.01425262843659e-08,4.2069468147952255e-05,-7.138727445302431e-05,0.000924177331138302,0.0,0.006891151490441361,-0.0027938207508776875,-2.7748963330118108e-05
6.840000000000619,0.1946043269621729,-11.864778541061568,5.997215555456254e-08,4.2132237826206885e-05,-7.037821359583822e-05,0.000916253833269006,0.0,0.006900306364367106,-0.002813746854326074,-2.7511489146029557e-05,0.1946043269621729,-11.864778541061568,5.997215555456254e-08,4.2132237826206885e-05,-7.037821359583822e-05,0.0009162538332692008,0.0,0.006900306364367262,-0.0028137468543259574,-2.7511489146035493e-05
6.850000000000622,0.1947647603933071,-11.79220722516941,5.979889599709397e-08,4.2193960146622264e-05,-6.934875736814616e-05,0.0009082538286105015,0.0,0.006909168885265679,-0.0028334600499353877,-2.7271717514990294e-05,0.1947647603933071,-11.79220722516941,5.979889599709397e-08,4.2193960146622264e-05,-6.934875736814616e-05,0.0009082538286106594,0.0,0.006909168885265835,-0.0028334600499352715,-2.727171751499515e-05
6.860000000000626,0.19492681733106632,-11.718908892318316,5.962343259222393e-08,4.225458434721105e-05,-6.82998852408456e-05,0.0009001780698133566,0.0,0.006917734217643167,-0.0028529631437973295,-2.702967099002117e-05,0.19492681733106632,-11.718908892318316,5.962343259222393e-08,4.225458434721105e-05,-6.82998852408456e-05,0.0009001780698134855,0.0,0.0069177342176432845,-0.002852963143797252,-2.7029670990025096e-05
6.870000000000629,0.19509048817252292,-11.644888049198377,5.94464444456003e-08,4.2314059502238086e-05,-6.723258057783296e-05,0.0008920273182653252,0.0,0.006925997506178114,-0.0028722589752496947,-2.6785372386561063e-05,0.19509048817252292,-11.644888049198377,5.94464444456003e-08,4.2314059502238086e-05,-6.723258057783296e-05,0.000892027318265428,0.0,0.006925997506178191,-0.002872258975249617,-2.6785372386564227e-05
6.880000000000632,0.19525576321454477,-11.57014924695227,5.926860377879953e-08,4.237233451979308e-05,-6.61478304451703e-05,0.0008838023441079943,0.0,0.006933953876652693,-0.0028913504151695775,-2.6538844782399073e-05,0.19525576321454477,-11.57014924695227,5.926860377879953e-08,4.237233451979308e-05,-6.61478304451703e-05,0.0008838023441080817,0.0,0.006933953876652771,-0.0028913504151694995,-2.6538844782401756e-05
6.890000000000636,0.19542263265426493,-11.49469708089692,5.90905742915324e-08,4.242935813950763e-05,-6.504662501314106e-05,0.0008755039262016543,0.0,0.006941598436894536,-0.002910240366182121,-2.629011151740296e-05,0.19542263265426493,-11.49469708089692,5.90905742915324e-08,4.242935813950763e-05,-6.504662501314106e-05,0.0008755039262017259,0.0,0.0069415984368945746,-0.0029102403661820818,-2.629011151740514e-05
6.900000000000639,0.1955910865895596,-11.418536190242278,5.89130100773259e-08,4.2485078930529814e-05,-6.392995767075002e-05,0.0008671328521101146,0.0,0.006948926277765536,-0.002928931760704792,-2.603919619258244e-05,0.1955910865895596,-11.418536190242278,5.89130100773259e-08,4.2485078930529814e-05,-6.392995767075002e-05,0.000867132852110173,0.0,0.006948926277765574,-0.002928931760704753,-2.6039196192584225e-05
6.910000000000642,0.19576111501953192,-11.34167125780762,5.873655425942611e-08,4.253944529004684e-05,-6.279882437689012e-05,0.000858689918063107,0.0,0.0069559324740875615,-0.0029474275608817463,-2.5786122668735884e-05,0.19576111501953192,-11.34167125780762,5.873655425942611e-08,4.253944529004684e-05,-6.279882437689012e-05,0.0008586899180631529,0.0,0.0069559324740876005,-0.0029474275608817268,-2.5786122668737313e-05
6.920000000000646,0.19593270784500372,-11.26410700973517,5.856183737696195e-08,4.2592405442547043e-05,-6.165422362217585e-05,0.0008501759289308821,0.0,0.006962612085697753,-0.002965730757103627,-2.5530915066215182e-05,0.19593270784500372,-11.26410700973517,5.856183737696195e-08,4.2592405442547043e-05,-6.165422362217585e-05,0.0008501759289309195,0.0,0.006962612085697792,-0.0029657307571036074,-2.5530915066216317e-05
6.930000000000649,0.19610585486901574,-11.185848215200869,5.838947606841324e-08,4.264390743798058e-05,-6.049715589461002e-05,0.0008415916982186405,0.0,0.006968960158401117,-0.002983844367321448,-2.5273597763935796e-05,0.19610585486901574,-11.185848215200869,5.838947606841324e-08,4.264390743798058e-05,-6.049715589461002e-05,0.0008415916982186693,0.0,0.006968960158401155,-0.0029838443673214283,-2.5273597763936677e-05
6.940000000000652,0.19628054579733287,-11.106899686122983,5.822007169125174e-08,4.269389915295722e-05,-5.932862380680596e-05,0.0008329380480520883,0.0,0.006974971725043061,-0.0030017714360355053,-2.5014195400043335e-05,0.19628054579733287,-11.106899686122983,5.822007169125174e-08,4.269389915295722e-05,-5.932862380680596e-05,0.0008329380480521143,0.0,0.0069749717250431,-0.003001771436035486,-2.5014195400044098e-05
6.950000000000656,0.1964567702389582,-11.02726627686764,5.805420885367903e-08,4.2742328289825844e-05,-5.814963131993224e-05,0.0008242158091435461,0.0,0.006980641806521332,-0.003019515033020634,-2.4752732870212263e-05,0.1964567702389582,-11.02726627686764,5.805420885367903e-08,4.2742328289825844e-05,-5.814963131993224e-05,0.0008242158091435757,0.0,0.006980641806521371,-0.0030195150330205754,-2.4752732870213148e-05
6.960000000000659,0.19663451770665463,-10.946952883952115,5.789245375957815e-08,4.27891423778249e-05,-5.6961183909101393e-05,0.0008154258207454605,0.0,0.006985965412847639,-0.0030370782527391364,-2.4489235326472714e-05,0.19663451770665463,-10.946952883952115,5.789245375957815e-08,4.27891423778249e-05,-5.6961183909101393e-05,0.0008154258207454868,0.0,0.006985965412847678,-0.0030370782527391364,-2.4489235326473503e-05
6.970000000000662,0.19681377761747265,-10.865964445745384,5.773535289136253e-08,4.283428877403227e-05,-5.5764287863647995e-05,0.0008065689306244668,0.0,0.006990937544135054,-0.0030544642131727223,-2.4223728176181657e-05,0.19681377761747265,-10.865964445745384,5.773535289136253e-08,4.283428877403227e-05,-5.5764287863647995e-05,0.0008065689306244905,0.0,0.006990937544135092,-0.003054464213172703,-2.4223728176182365e-05
6.980000000000666,0.1969945392932867,-10.784305942166206,5.758343144911888e-08,4.2877714665028534e-05,-5.4559950427073e-05,0.0007976459950979885,0.0,0.006995553191834541,-0.003071676054940106,-2.3956237083503358e-05,0.1969945392932867,-10.784305942166206,5.758343144911888e-08,4.2877714665028534e-05,-5.4559950427073e-05,0.0007976459950980143,0.0,0.00699555319183458,-0.003071676054940087,-2.395623708350411e-05
6.990000000000669,0.19717679196133803,-10.701982394378764,5.743719204889599e-08,4.2919367069222274e-05,-5.334917922454393e-05,0.0007886578789229453,0.0,0.006999807339663511,-0.0030887169397812693,-2.3686787965496854e-05,0.19717679196133803,-10.701982394378764,5.743719204889599e-08,4.2919367069222274e-05,-5.334917922454393e-05,0.0007886578789229713,0.0,0.006999807339663549,-0.00308871693978125,-2.368678796549765e-05
7.000000000000672,0.19736052475478516,-10.618998864485654,5.729711304224339e-08,4.295919283965456e-05,-5.2132982097506036e-05,0.0007796054553052873,0.0,0.007003694964822338,-0.003105590050104054,-2.3415406993246425e-05,0.19736052475478516,-10.618998864485654,5.729711304224339e-08,4.295919283965456e-05,-5.2132982097506036e-05,0.0007796054553053087,0.0,0.007003694964822377,-0.003105590050104054,-2.341540699324708e-05
7.010000000000676,0.19754572671326237,-10.53536045521845,5.7163647503121316e-08,4.299713866679659e-05,-5.091236686196012e-05,0.0007704896058757766,0.0,0.007007211039048222,-0.003122298587719394,-2.3142120590426008e-05,0.19754572671326237,-10.53536045521845,5.7163647503121316e-08,4.299713866679659e-05,-5.091236686196012e-05,0.0007704896058757927,0.0,0.007007211039048241,-0.003122298587719394,-2.3142120590426506e-05
7.020000000000679,0.19773238678344426,-10.451072309625774,5.703722144240458e-08,4.303315108281892e-05,-4.968834095224043e-05,0.0007613112206470791,0.0,0.007010350529764476,-0.0031388457725064463,-2.286695543221169e-05,0.19773238678344426,-10.451072309625774,5.703722144240458e-08,4.303315108281892e-05,-4.968834095224043e-05,0.0007613112206470924,0.0,0.007010350529764476,-0.003138845772506427,-2.28669554322121e-05
7.030000000000682,0.19792049381961907,-10.366139610759186,5.6918233119234484e-08,4.3067176466253535e-05,-4.8461911306514675e-05,0.0007520711980062878,0.0,0.007013108401265266,-0.003155234841515908,-2.2589938445342587e-05,0.19792049381961907,-10.366139610759186,5.6918233119234484e-08,4.3067176466253535e-05,-4.8461911306514675e-05,0.0007520711980062929,0.0,0.007013108401265266,-0.0031552348415159275,-2.2589938445342754e-05
7.040000000000686,0.1981100365842682,-10.280567581356175,5.680705128087272e-08,4.3099161046751e-05,-4.723408385789529e-05,0.000742770444628858,0.0,0.007015479615836856,-0.0031714690482557207,-2.231109680515126e-05,0.1981100365842682,-10.280567581356175,5.680705128087272e-08,4.3099161046751e-05,-4.723408385789529e-05,0.0007427704446288584,0.0,0.007015479615836856,-0.0031714690482557402,-2.2311096805151277e-05
7.050000000000689,0.19830100374865403,-10.194361483521117,5.670401444253147e-08,4.312905091064764e-05,-4.6005863508995e-05,0.0007334098755011797,0.0,0.007017459134918152,-0.0031875516607400233,-2.2030457936148177e-05,0.19830100374865403,-10.194361483521117,5.670401444253147e-08,4.312905091064764e-05,-4.6005863508995e-05,0.0007334098755011799,0.0,0.007017459134918152,-0.0031875516607400233,-2.2030457936148187e-05
7.060000000000692,0.19849338389341462,-10.107526618403755,5.660943003751202e-08,4.31567920078302e-05,-4.477825382659355e-05,0.0007239904138864857,0.0,0.0070190419203627645,-0.003203485961057634,-2.1748049511824236e-05,0.19849338389341462,-10.107526618403755,5.660943003751202e-08,4.31567920078302e-05,-4.477825382659355e-05,0.0007239904138864868,0.0,0.0070190419203627645,-0.003203485961057634,-2.1748049511824256e-05
7.070000000000696,0.19868716550916563,-10.020068325875254,5.652357280585556e-08,4.3182330158398946e-05,-4.3552256596360065e-05,0.0007145129912457966,0.0,0.0070202229355513955,-0.0032192752441707966,-2.1463899451261357e-05,0.19868716550916563,-10.020068325875254,5.652357280585556e-08,4.3182330158398946e-05,-4.3552256596360065e-05,0.0007145129912457935,0.0,0.0070202229355513955,-0.0032192752441708356,-2.1463899451261285e-05
7.080000000000699,0.19888233699711014,-9.931991984201934,5.6446685037296195e-08,4.3205611060479394e-05,-4.232887182285306e-05,0.0007049785472345322,0.0,0.007020997146641353,-0.003234922816148311,-2.1178035919371223e-05,0.19888233699711014,-9.931991984201934,5.6446685037296195e-08,4.3205611060479394e-05,-4.232887182285306e-05,0.0007049785472345268,0.0,0.007020997146641353,-0.003234922816148311,-2.1178035919371084e-05
7.090000000000702,0.19907888666965518,-9.843303009716681,5.637897532446837e-08,4.322658029840494e-05,-4.1109097322409425e-05,0.0006953880296645984,0.0,0.0070213595238019675,-0.003250431993917985,-2.0890487326543013e-05,0.19907888666965518,-9.843303009716681,5.637897532446837e-08,4.322658029840494e-05,-4.1109097322409425e-05,0.0006953880296645938,0.0,0.0070213595238019485,-0.0032504319939179655,-2.089048732654287e-05
7.100000000000706,0.19927680275103607,-9.754006856488115,5.632061818669293e-08,4.324518335221307e-05,-3.98939285704778e-05,0.0006857423944599791,0.0,0.0070213050424675185,-0.0032658061033478793,-2.060128232599121e-05,0.19927680275103607,-9.754006856488115,5.632061818669293e-08,4.324518335221307e-05,-3.98939285704778e-05,0.000685742394459976,0.0,0.0070213050424674985,-0.0032658061033478793,-2.0601282325991136e-05
7.110000000000709,0.19947607337794765,-9.664109015987389,5.627175393562635e-08,4.3261365607222446e-05,-3.868435825634092e-05,0.0006760426056062388,0.0,0.0070208286845202025,-0.003281048478546786,-2.0310449813018285e-05,0.19947607337794765,-9.664109015987389,5.627175393562635e-08,4.3261365607222446e-05,-3.868435825634092e-05,0.000676042605606236,0.0,0.007020828684520183,-0.003281048478546786,-2.0310449813018197e-05
7.120000000000712,0.19967668660018328,-9.573615016752726,5.6232488052554676e-08,4.327507236464271e-05,-3.748137632128228e-05,0.0006662896351392133,0.0,0.0070199254396570735,-0.003296162460349325,-2.0018018924643286e-05,0.19967668660018328,-9.573615016752726,5.6232488052554676e-08,4.327507236464271e-05,-3.748137632128228e-05,0.0006662896351392097,0.0,0.0070199254396570545,-0.0032961624603493446,-2.001801892464319e-05
7.130000000000716,0.19987863038128098,-9.482530424051715,5.620289199399334e-08,4.328624885257041e-05,-3.628596956419737e-05,0.0006564844630824022,0.0,0.007018590306564881,-0.0033111513951648796,-1.9724019037928727e-05,0.19987863038128098,-9.482530424051715,5.620289199399334e-08,4.328624885257041e-05,-3.628596956419737e-05,0.0006564844630823973,0.0,0.007018590306564843,-0.0033111513951648796,-1.9724019037928592e-05
7.140000000000719,0.20008189259917583,-9.39086083954149,5.618300235806974e-08,4.329484023892151e-05,-3.5099121336260365e-05,0.0006466280774033739,0.0,0.00701681829426844,-0.003326018633942876,-1.9428479768021522e-05,0.20008189259917583,-9.39086083954149,5.618300235806974e-08,4.329484023892151e-05,-3.5099121336260365e-05,0.0006466280774033694,0.0,0.00701681829426844,-0.003326018633942876,-1.94284797680214e-05
7.1500000000007224,0.20028646104686212,-9.298611900926495,5.6172821773616455e-08,4.330079164314473e-05,-3.392181132464648e-05,0.0006367214739800462,0.0,0.007014604423381443,-0.00334076753064366,-1.9131430967246794e-05,0.20028646104686212,-9.298611900926495,5.6172821773616455e-08,4.330079164314473e-05,-3.392181132464648e-05,0.0006367214739800442,0.0,0.007014604423381443,-0.00334076753064366,-1.9131430967246733e-05
7.160000000000726,0.20049232343305906,-9.20578928161437,5.6172319595608e-08,4.330404815140144e-05,-3.2755015577976355e-05,0.0006267656565626976,0.0,0.007011943727552483,-0.00335540144164615,-1.8832902724867885e-05,0.20049232343305906,-9.20578928161437,5.6172319595608e-08,4.330404815140144e-05,-3.2755015577976355e-05,0.0006267656565626948,0.0,0.007011943727552483,-0.0033554014416461693,-1.8832902724867766e-05
7.170000000000729,0.20069946738288746,-9.112398690369277,5.618143183908728e-08,4.330455482954165e-05,-3.1599705832038494e-05,0.0006167616367226865,0.0,0.007008831254578035,-0.0033699237231999994,-1.853292536470483e-05,0.20069946738288746,-9.112398690369277,5.618143183908728e-08,4.330455482954165e-05,-3.1599705832038494e-05,0.0006167616367226889,0.0,0.007008831254578035,-0.0033699237231999803,-1.853292536470488e-05
7.1800000000007325,0.20090788043855068,-9.018445870963465,5.6200062042652927e-08,4.330225673972351e-05,-3.045684968790032e-05,0.0006067104338062135,0.0,0.00700526206793396,-0.0033843377317963356,-1.823152944373433e-05,0.20090788043855068,-9.018445870963465,5.6200062042652927e-08,4.330225673972351e-05,-3.045684968790032e-05,0.000606710433806217,0.0,0.00700526206793396,-0.0033843377317963356,-1.823152944373442e-05
7.190000000000736,0.20111755006002416,-8.923936601826462,5.6228083469792804e-08,4.3297098955894574e-05,-2.9327410179352695e-05,0.0005966130748810663,0.0,0.007001231247999995,-0.003398646821617002,-1.7928745750977124e-05,0.20111755006002416,-8.923936601826462,5.6228083469792804e-08,4.3297098955894574e-05,-2.9327410179352695e-05,0.0005966130748810696,0.0,0.007001231247999995,-0.003398646821617002,-1.7928745750977222e-05
7.200000000000739,0.20132846362575207,-8.828876695692209,5.6265337980760894e-08,4.328902658105087e-05,-2.8212345531187857e-05,0.000586470594666739,0.0,0.00699673389344091,-0.003412854344120031,-1.762460530497892e-05,0.20132846362575207,-8.828876695692209,5.6265337980760894e-08,4.328902658105087e-05,-2.8212345531187857e-05,0.0005864705946667416,0.0,0.00699673389344091,-0.003412854344120031,-1.7624605304978994e-05
7.2100000000007425,0.2015406084333499,-8.733271999244268,5.6311639326939374e-08,4.327798476544582e-05,-2.7112608955643832e-05,0.0005762840355396765,0.0,0.006991765122586158,-0.003426963645821182,-1.7319139354224843e-05,0.2015406084333499,-8.733271999244268,5.6311639326939374e-08,4.327798476544582e-05,-2.7112608955643832e-05,0.0005762840355396787,0.0,0.006991765122586158,-0.003426963645821182,-1.7319139354224908e-05
7.220000000000746,0.20175397170031584,-8.637128392758866,5.6366773419909306e-08,4.326391872555875e-05,-2.602914849973786e-05,0.0005660544474287882,0.0,0.006986320074840369,-0.003440978068119696,-1.7012379373953976e-05,0.20175397170031584,-8.637128392758866,5.6366773419909306e-08,4.326391872555875e-05,-2.602914849973786e-05,0.0005660544474287908,0.0,0.006986320074840369,-0.003440978068119696,-1.7012379373954047e-05
7.230000000000749,0.20196854056474725,-8.540451789745731,5.6430500077064874e-08,4.324677376347385e-05,-2.496290693076639e-05,0.0005557828878171892,0.0,0.006980393912011429,-0.0034549009449696493,-1.6704357066113837e-05,0.20196854056474725,-8.540451789745731,5.6430500077064874e-08,4.324677376347385e-05,-2.496290693076639e-05,0.0005557828878171919,0.0,0.006980393912011429,-0.0034549009449696493,-1.6704357066113928e-05
7.2400000000007525,0.20218430208606553,-8.443248136587338,5.650255443180164e-08,4.32264952886839e-05,-2.3914821176527495e-05,0.0005454704216067302,0.0,0.00697398181973945,-0.003468735602354034,-1.639510435557702e-05,0.20218430208606553,-8.443248136587338,5.650255443180164e-08,4.32264952886839e-05,-2.3914821176527495e-05,0.0005454704216067396,0.0,0.00697398181973945,-0.003468735602353995,-1.6395104355577285e-05
7.250000000000756,0.20240124324574754,-8.34552341217564,5.658264884112619e-08,4.320302883867127e-05,-2.2885822465265247e-05,0.0005351181211362742,0.0,0.006967079008894217,-0.0034824853565421253,-1.6084653390174526e-05,0.20240124324574754,-8.34552341217564,5.658264884112619e-08,4.320302883867127e-05,-2.2885822465265247e-05,0.0005351181211362843,0.0,0.006967079008894217,-0.003482485356542106,-1.6084653390174834e-05
7.260000000000759,0.2026193509480634,-8.247283627547336,5.6670474397567384e-08,4.317632010305951e-05,-2.1876835905836522e-05,0.000524727066112012,0.0,0.006959680717007965,-0.003496153512559433,-1.5773036539464694e-05,0.2026193509480634,-8.247283627547336,5.6670474397567384e-08,4.317632010305951e-05,-2.1876835905836522e-05,0.000524727066112022,0.0,0.006959680717007965,-0.003496153512559433,-1.5773036539464992e-05
7.2700000000007625,0.20283861202082168,-8.14853482551679,5.6765702993541435e-08,4.314631494653104e-05,-2.0888780360488783e-05,0.0005142983435020681,0.0,0.006951782209670543,-0.003509743363522011,-1.546028639027593e-05,0.20283861202082168,-8.14853482551679,5.6765702993541435e-08,4.314631494653104e-05,-2.0888780360488783e-05,0.0005142983435020777,0.0,0.006951782209670543,-0.003509743363521972,-1.546028639027623e-05
7.280000000000766,0.2030590132161213,-8.049283080307221,5.686798937992296e-08,4.311295943430724e-05,-1.99225682921935e-05,0.0005038330475524082,0.0,0.006943378781997372,-0.0035232581887527314,-1.5146435748488328e-05,0.2030590132161213,-8.049283080307221,5.686798937992296e-08,4.311295943430724e-05,-1.99225682921935e-05,0.0005038330475524165,0.0,0.006943378781997372,-0.0035232581887527314,-1.514643574848853e-05
7.290000000000769,0.2032805412111103,-7.949534497180004,5.697697219723608e-08,4.307619985796472e-05,-1.8979105522923938e-05,0.0004933322796301901,0.0,0.006934465760038294,-0.0035367012527545484,-1.4831517633712389e-05,0.2032805412111103,-7.949534497180004,5.697697219723608e-08,4.307619985796472e-05,-1.8979105522923938e-05,0.0004933322796302035,0.0,0.006934465760038294,-0.003536701252754529,-1.4831517633712763e-05
7.3000000000007725,0.2035031826087505,-7.8492952120619455,5.709227740964161e-08,4.303598276293962e-05,-1.805929097921084e-05,0.0004827971482531132,0.0,0.006925038502252695,-0.0035500758034394593,-1.4515565280276578e-05,0.2035031826087505,-7.8492952120619455,5.709227740964161e-08,4.303598276293962e-05,-1.805929097921084e-05,0.00048279714825311907,0.0,0.006925038502252695,-0.0035500758034394593,-1.4515565280276785e-05
7.310000000000776,0.2037269239385903,-7.748571391170856,5.721351895103498e-08,4.2992254976382196e-05,-1.7164016437698015e-05,0.0004722287689691368,0.0,0.006915092400925532,-0.003563385071153066,-1.4198612133506547e-05,0.2037269239385903,-7.748571391170856,5.721351895103498e-08,4.2992254976382196e-05,-1.7164016437698015e-05,0.0004722287689691361,0.0,0.006915092400925532,-0.003563385071153066,-1.4198612133506517e-05
7.320000000000779,0.20395175165754273,-7.647369230639209,5.7340301761488723e-08,4.2944963637338084e-05,-1.62941667032534e-05,0.0004616282643281122,0.0,0.006904622883745182,-0.0035766322671749564,-1.3880691848991802e-05,0.20395175165754273,-7.647369230639209,5.7340301761488723e-08,4.2944963637338084e-05,-1.62941667032534e-05,0.00046162826432811366,0.0,0.006904622883745182,-0.0035766322671749564,-1.3880691848991804e-05
7.330000000000783,0.20417765215067082,-7.545694956135945,5.7472223379144e-08,4.289405622695712e-05,-1.5450618941052598e-05,0.0004509967637737543,0.0,0.006893625415114596,-0.003589820582472336,-1.3561838289382794e-05,0.20417765215067082,-7.545694956135945,5.7472223379144e-08,4.289405622695712e-05,-1.5450618941052598e-05,0.000450996763773755,0.0,0.006893625415114596,-0.003589820582472336,-1.3561838289382798e-05
7.340000000000786,0.20440461173197894,-7.443554822486505,5.76088759834916e-08,4.283948060090738e-05,-1.4634242822884393e-05,0.0004403354035637567,0.0,0.006882095497745372,-0.0036029531863429054,-1.3242085522231982e-05,0.20440461173197894,-7.443554822486505,5.76088759834916e-08,4.283948060090738e-05,-1.4634242822884393e-05,0.00044033540356375563,0.0,0.006882095497745372,-0.0036029531863429054,-1.3242085522231957e-05
7.350000000000789,0.2046326166452118,-7.3409551132912405,5.7749848254006886e-08,4.2781185022474314e-05,-1.3845900126400817e-05,0.00042964532678380063,0.0,0.00687002867408224,-0.0036160332243442813,-1.2921467819801068e-05,0.2046326166452118,-7.3409551132912405,5.7749848254006886e-08,4.2781185022474314e-05,-1.3845900126400817e-05,0.0004296453267838028,0.0,0.00687002867408224,-0.0036160332243442422,-1.2921467819801058e-05
7.360000000000793,0.2048616530646579,-7.2379021405417845,5.789472837812473e-08,4.271911819761735e-05,-1.308644466514501e-05,0.00041892768316979,0.0,0.006857420527848895,-0.003629063818266201,-1.2600019653916554e-05,0.2048616530646579,-7.2379021405417845,5.789472837812473e-08,4.271911819761735e-05,-1.308644466514501e-05,0.00041892768316979914,0.0,0.006857420527848895,-0.003629063818266143,-1.2600019653916777e-05
7.370000000000796,0.20509170709596108,-7.134402244235987,5.804310473831045e-08,4.2653229310823585e-05,-1.2356722301273395e-05,0.0004081836291510241,0.0,0.006844266685510603,-0.0036420480633169634,-1.2277775697957957e-05,0.20509170709596108,-7.134402244235987,5.804310473831045e-08,4.2653229310823585e-05,-1.2356722301273395e-05,0.0004081836291510328,0.0,0.006844266685510603,-0.003642048063316944,-1.2277775697958269e-05
7.380000000000799,0.20532276477693764,-7.030461791990948,5.819456895894441e-08,4.2583468062894164e-05,-1.1657570360333638e-05,0.00039741432763638397,0.0,0.006830562817766256,-0.0036549890277890297,-1.19547708194158e-05,0.20532276477693764,-7.030461791990948,5.819456895894441e-08,4.2583468062894164e-05,-1.1657570360333638e-05,0.00039741432763639015,0.0,0.006830562817766256,-0.0036549890277890102,-1.195477081941596e-05
7.390000000000803,0.2055548120783997,-6.926087178654446,5.834871722905318e-08,4.250978470969663e-05,-1.0989817694875724e-05,0.00038662094801815753,0.0,0.006816304641059379,-0.003667889751269482,-1.163104008087054e-05,0.2055548120783997,-6.926087178654446,5.834871722905318e-08,4.250978470969663e-05,-1.0989817694875724e-05,0.0003866209480181581,0.0,0.006816304641059379,-0.0036678897512694626,-1.1631040080870598e-05
7.400000000000806,0.20578783490498476,-6.821284825914692,5.8505152404828156e-08,4.2432130103203536e-05,-1.0354284531785344e-05,0.00037580466609724386,0.0,0.006801487919124288,-0.0036807532429511598,-1.1306618737577824e-05,0.20578783490498476,-6.821284825914692,5.8505152404828156e-08,4.2432130103203536e-05,-1.0354284531785344e-05,0.0003758046660972444,0.0,0.006801487919124288,-0.0036807532429511793,-1.1306618737577876e-05
7.410000000000809,0.20602181909599132,-6.716061181908598,5.8663486398138695e-08,4.23504557337898e-05,-9.751782287811729e-06,0.00036496666398197237,0.0,0.006786108464442481,-0.0036935824808820295,-1.0981542233560904e-05,0.20602181909599132,-6.716061181908598,5.8663486398138695e-08,4.23504557337898e-05,-9.751782287811729e-06,0.0003649666639819751,0.0,0.006786108464442481,-0.00369358248088201,-1.098154223356091e-05
7.420000000000813,0.20625675042622107,-6.6104227208280095,5.88233413882586e-08,4.226471377371428e-05,-9.18311340417879e-06,0.000354108129987246,0.0,0.006770162139831087,-0.0037063804103130704,-1.0655846199970716e-05,0.20625675042622107,-6.6104227208280095,5.88233413882586e-08,4.226471377371428e-05,-9.18311340417879e-06,0.00035410812998725653,0.0,0.006770162139831087,-0.0037063804103130314,-1.065584619997097e-05
7.430000000000816,0.2064926146068263,-6.504375942524929,5.898435174812151e-08,4.2174857123324586e-05,-8.649070964918571e-06,0.000343230258568863,0.0,0.0067536448598409125,-0.003719149941872549,-1.032956645182527e-05,0.2064926146068263,-6.504375942524929,5.898435174812151e-08,4.2174857123324586e-05,-8.649070964918571e-06,0.0003432302585688734,0.0,0.0067536448598409125,-0.0037191499418725684,-1.0329566451825604e-05
7.440000000000819,0.20672939728616338,-6.397927372114764,5.914616647876849e-08,4.208083945892873e-05,-8.150439002204489e-06,0.00033233425026538046,0.0,0.0067365525924950875,-0.0037318939508530964,-1.0002738987564674e-05,0.20672939728616338,-6.397927372114764,5.914616647876849e-08,4.208083945892873e-05,-8.150439002204489e-06,0.0003323342502653828,0.0,0.0067365525924950875,-0.0037318939508530964,-1.0002738987564747e-05
7.450000000000823,0.206967084050653,-6.291083559578077,5.9308450070380956e-08,4.198261528137156e-05,-7.687991841157073e-06,0.0003214213115457833,0.0,0.006718881360553958,-0.0037446152752778654,-9.675399983346247e-06,0.206967084050653,-6.291083559578077,5.9308450070380956e-08,4.198261528137156e-05,-7.687991841157073e-06,0.0003214213115457773,0.0,0.006718881360553919,-0.0037446152752779044,-9.675399983346069e-06
7.460000000000826,0.20720566042564484,-6.183851079361031,5.9470884774506095e-08,4.1880139968599176e-05,-7.262494316121686e-06,0.00031049265473027867,0.0,0.006700627243266466,-0.00375731671514927,-9.347585791635016e-06,0.20720566042564484,-6.183851079361031,5.9470884774506095e-08,4.1880139968599176e-05,-7.262494316121686e-06,0.00031049265473026756,0.0,0.006700627243266427,-0.0037573167151492893,-9.347585791634732e-06
7.470000000000829,0.2074451118762889,-6.076236529974101,5.963317234892813e-08,4.177336982862752e-05,-6.874701350835301e-06,0.00029954949796265963,0.0,0.00668178637773556,-0.0037700010301697645,-9.019332939067264e-06,0.2074451118762889,-6.076236529974101,5.963317234892813e-08,4.177336982862752e-05,-6.874701350835301e-06,0.00029954949796263605,0.0,0.006681786377735521,-0.0037700010301698226,-9.019332939066624e-06
7.480000000000833,0.20768542380841232,-5.968246533589456,5.979503555137752e-08,4.166226215569172e-05,-6.525358015676487e-06,0.0002885930650388909,0.0,0.006662354960591571,-0.003782670939357155,-8.690678122910743e-06,0.20768542380841232,-5.968246533589456,5.979503555137752e-08,4.166226215569172e-05,-6.525358015676487e-06,0.0002885930650388667,0.0,0.006662354960591532,-0.0037826709393571937,-8.690678122910023e-06
7.490000000000836,0.20792658156940125,-5.859887735636903,5.995621957798766e-08,4.15467752886433e-05,-6.215199247776602e-06,0.0002776245853269134,0.0,0.00664232924938229,-0.003795329118723598,-8.361658207434259e-06,0.20792658156940125,-5.859887735636903,5.995621957798766e-08,4.15467752886433e-05,-6.215199247776602e-06,0.0002776245853268814,0.0,0.006642329249382251,-0.003795329118723656,-8.361658207433339e-06
7.500000000000839,0.20816857044908926,-5.7511668043981645,6.011649431495972e-08,4.142686867089392e-05,-5.944949819214237e-06,0.0002666452936985533,0.0,0.006621705564241404,-0.003807978200640344,-8.032310222761584e-06,0.20816857044908926,-5.7511668043981645,6.011649431495972e-08,4.142686867089392e-05,-5.944949819214237e-06,0.0002666452936985251,0.0,0.006621705564241365,-0.0038079782006403633,-8.0323102227608e-06
7.510000000000843,0.2084113756806499,-5.642090430600144,6.027565478627549e-08,4.1302502914290845e-05,-5.715323993515317e-06,0.00025565643035222276,0.0,0.006600480289254529,-0.0038206207721702247,-7.702671358746045e-06,0.2084113756806499,-5.642090430600144,6.027565478627549e-08,4.1302502914290845e-05,-5.715323993515317e-06,0.00025565643035219485,0.0,0.00660048028925449,-0.003820620772170283,-7.702671358745171e-06
7.520000000000846,0.20865498244149633,-5.532665327006609,6.043352391912908e-08,4.1173639864896765e-05,-5.5270255192919914e-06,0.00024465924081017013,0.0,0.006578649874171877,-0.0038332593734576232,-7.37277896522384e-06,0.20865498244149633,-5.532665327006609,6.043352391912908e-08,4.1173639864896765e-05,-5.5270255192919914e-06,0.00024465924081014135,0.0,0.006578649874171838,-0.0038332593734576232,-7.372778965222975e-06
7.530000000000849,0.20889937585418386,-5.422898228008383,6.058995321140663e-08,4.104024267142426e-05,-5.3807474966593376e-06,0.0002336549757332801,0.0,0.006556210835792669,-0.0038458964968879155,-7.042670546718946e-06,0.20889937585418386,-5.422898228008383,6.058995321140663e-08,4.104024267142426e-05,-5.3807474966593376e-06,0.00023365497573325143,0.0,0.006556210835792669,-0.003845896496887974,-7.042670546718076e-06
7.540000000000853,0.2091445409873202,-5.312795889212515,6.074482486148124e-08,4.090227585762382e-05,-5.277172326346478e-06,0.00022264489086360736,0.0,0.006533159759605367,-0.003858534585138687,-6.71238376052009e-06,0.2091445409873202,-5.312795889212515,6.074482486148124e-08,4.090227585762382e-05,-5.277172326346478e-06,0.00022264489086358058,0.0,0.006533159759605367,-0.0038585345851387064,-6.712383760519267e-06
7.550000000000856,0.20939046285647905,-5.2023650870298175,6.089805242479345e-08,4.0759705396384866e-05,-5.21697134711336e-06,0.0002116302468485273,0.0,0.0065094933011953125,-0.0038711760303522164,-6.381956411474997e-06,0.20939046285647905,-5.2023650870298175,6.089805242479345e-08,4.0759705396384866e-05,-5.21697134711336e-06,0.00021163024684851432,0.0,0.0065094933011953125,-0.003871176030352236,-6.381956411474525e-06
7.560000000000859,0.20963712642511997,-5.091612618261447,6.104958312930346e-08,4.0612498788972016e-05,-5.200804835750747e-06,0.00020061230915982596,0.0,0.006485208187859798,-0.0038838231727058746,-6.051426449497983e-06,0.20963712642511997,-5.091612618261447,6.104958312930346e-08,4.0612498788972016e-05,-5.200804835750747e-06,0.0002006123091598236,0.0,0.006485208187859798,-0.003883823172705836,-6.051426449498017e-06
7.570000000000863,0.20988451660551216,-4.980545299684028,6.119939856384444e-08,4.046062514644114e-05,-5.2293217462747326e-06,0.00018959234799583268,0.0,0.006460301220052056,-0.003896478298573308,-5.7208319661934255e-06,0.20988451660551216,-4.980545299684028,6.119939856384444e-08,4.046062514644114e-05,-5.2293217462747326e-06,0.00018959234799583463,0.0,0.006460301220052056,-0.0038964782985732695,-5.720831966193486e-06
7.580000000000866,0.21013261825966392,-4.869169967633515,6.134751681253083e-08,4.0304055275568464e-05,-5.303159919843358e-06,0.0001785716381474262,0.0,0.006434769272990781,-0.003909143639863152,-5.390211192145047e-06,0.21013261825966392,-4.869169967633515,6.134751681253083e-08,4.0304055275568464e-05,-5.303159919843358e-06,0.0001785716381474253,0.0,0.006434769272990743,-0.0039091436398631715,-5.3902111921450066e-06
7.590000000000869,0.21038141620025647,-4.757493477587979,6.149399306109521e-08,4.01427617683999e-05,-5.42294563311784e-06,0.00016755145885593122,0.0,0.0064086092980503995,-0.0039218213723145766,-5.0596024909648325e-06,0.21038141620025647,-4.757493477587979,6.149399306109521e-08,4.01427617683999e-05,-5.42294563311784e-06,0.00016755145885592984,0.0,0.0064086092980503604,-0.0039218213723145965,-5.059602490964753e-06
7.600000000000873,0.21063089519158337,-4.6455227037491795,6.163892139703894e-08,3.997671909652498e-05,-5.589293407429295e-06,0.00015653309367767067,0.0,0.006381818324358235,-0.0039345136142194094,-4.729044356742701e-06,0.21063089519158337,-4.6455227037491795,6.163892139703894e-08,3.997671909652498e-05,-5.589293407429295e-06,0.00015653309367766904,0.0,0.006381818324358196,-0.0039345136142194094,-4.72904435674266e-06
7.610000000000876,0.21088103995049315,-4.533264538622869,6.178243587533698e-08,3.980590370937508e-05,-5.80280614872314e-06,0.0001455178304075887,0.0,0.006354393460232738,-0.003947222425321387,-4.398575410866083e-06,0.21088103995049315,-4.533264538622869,6.178243587533698e-08,3.980590370937508e-05,-5.80280614872314e-06,0.00014551783040758732,0.0,0.006354393460232699,-0.003947222425321367,-4.398575410866099e-06
7.620000000000879,0.2111318351473381,-4.420725892598067,6.192471229249107e-08,3.9630294137769715e-05,-6.064074963086926e-06,0.00013450696092732182,0.0,0.006326331894746473,-0.0039599498051770595,-4.0682343976841905e-06,0.2111318351473381,-4.420725892598067,6.192471229249107e-08,3.9630294137769715e-05,-6.064074963086926e-06,0.0001345069609273097,0.0,0.006326331894746434,-0.0039599498051770795,-4.068234397683822e-06
7.630000000000883,0.21138326540692587,-4.3079136935252675,6.206596871570213e-08,3.944987110270155e-05,-6.3736788132504284e-06,0.00012350178104854917,0.0,0.006297630899116308,-0.003972697692096447,-3.7380601798411955e-06,0.21138326540692587,-4.3079136935252675,6.206596871570213e-08,3.944987110270155e-05,-6.3736788132504284e-06,0.00012350178104853334,0.0,0.006297630899116269,-0.003972697692096447,-3.7380601798407123e-06
7.640000000000886,0.21163531530947752,-4.194834886293357,6.220646697274216e-08,3.926461762903203e-05,-6.732184664891163e-06,0.00011250359039330695,0.0,0.006268287828296026,-0.003985467962038617,-3.408091734879101e-06,0.21163531530947752,-4.194834886293357,6.220646697274216e-08,3.926461762903203e-05,-6.732184664891163e-06,0.000112503590393288,0.0,0.006268287828295987,-0.003985467962038655,-3.408091734878545e-06
7.650000000000889,0.21188796939158797,-4.08149643240574,6.234651427252897e-08,3.9074519165789175e-05,-7.140147263995565e-06,0.00010151369222652593,0.0,0.006238300122334328,-0.003998262427106822,-3.078368149998765e-06,0.21188796939158797,-4.08149643240574,6.234651427252897e-08,3.9074519165789175e-05,-7.140147263995565e-06,0.00010151369222649892,0.0,0.006238300122334289,-0.00399826242710688,-3.0783681499978874e-06
7.660000000000893,0.21214121214719164,-3.9679053095551713,6.248646342516498e-08,3.887956371242453e-05,-7.598108958747915e-06,9.053339337935327e-05,0.0,0.006207665307935728,-0.004011082834250454,-2.7489286194340085e-06,0.21214121214719164,-3.9679053095551713,6.248646342516498e-08,3.887956371242453e-05,-7.598108958747915e-06,9.053339337933554e-05,0.0,0.006207665307935689,-0.004011082834250454,-2.7489286194335265e-06
7.670000000000896,0.212395028028533,-3.8540685111977777,6.262671451539013e-08,3.8679741951272244e-05,-8.106599642280364e-06,7.956400403634899e-05,0.0,0.006176380999827241,-0.004023930863967027,-2.419812438991365e-06,0.212395028028533,-3.8540685111977777,6.262671451539013e-08,3.8679741951272244e-05,-8.106599642280364e-06,7.956400403633275e-05,0.0,0.006176380999827241,-0.004023930863967027,-2.4198124389908703e-06
7.680000000000899,0.21264940144713873,-3.7399930461259867,6.27677153685202e-08,3.8475047388696754e-05,-8.666136619089634e-06,6.860683761267379e-05,0.0,0.006144444902297197,-0.004036808129721644,-2.091059001848119e-06,0.21264940144713873,-3.7399930461259867,6.27677153685202e-08,3.8475047388696754e-05,-8.666136619089634e-06,6.860683761266425e-05,0.0,0.006144444902297197,-0.004036808129721664,-2.0910590018477644e-06
7.690000000000903,0.21290431677479724,-3.6256859380404936,6.290996310574313e-08,3.8265476501793745e-05,-9.277224439648174e-06,5.7663210592123316e-05,0.0,0.006111854810533446,-0.004049716176095097,-1.7627077931170738e-06,0.21290431677479724,-3.6256859380404936,6.290996310574313e-08,3.8265476501793745e-05,-9.277224439648174e-06,5.766321059212006e-05,0.0,0.006111854810533446,-0.004049716176095078,-1.7627077931170132e-06
7.700000000000906,0.21315975834453932,-3.511154225121298,6.305400363618276e-08,3.805102889527201e-05,-9.940354970376362e-06,4.673444241125259e-05,0.0,0.006078608612162584,-0.004062656477555956,-1.4347983875459119e-06,0.21315975834453932,-3.511154225121298,6.305400363618276e-08,3.805102889527201e-05,-9.940354970376362e-06,4.673444241124829e-05,0.0,0.006078608612162545,-0.004062656477555976,-1.4347983875456927e-06
7.7100000000009095,0.2134157104516237,-3.3964049595978794,6.320043380038494e-08,3.783170746599131e-05,-1.0656007081948147e-05,3.58218552269062e-05,0.0,0.006044704288541919,-0.004075630437662356,-1.1073704420366097e-06,0.2134157104516237,-3.3964049595978794,6.320043380038494e-08,3.783170746599131e-05,-1.0656007081948147e-05,3.582185522690366e-05,0.0,0.00604470428854188,-0.004075630437662356,-1.1073704420365509e-06
7.720000000000913,0.2136721573545265,-3.2814452073184768,6.334990059689165e-08,3.760751857777476e-05,-1.1424646534791087e-05,2.492677381655681e-05,0.0,0.00601013991624561,-0.004088639387897006,-7.804636917873478e-07,0.2136721573545265,-3.2814452073184768,6.334990059689165e-08,3.760751857777476e-05,-1.1424646534791087e-05,2.4926773816555326e-05,0.0,0.006010139916245572,-0.004088639387897025,-7.804636917873056e-07
7.730000000000916,0.21392908327593413,-3.1662820473183317,6.350310190399776e-08,3.7378472245258584e-05,-1.224672593455857e-05,1.405052538722804e-05,0.0,0.005974913668419868,-0.004101684586231805,-4.5411794617415607e-07,0.21392908327593413,-3.1662820473183317,6.350310190399776e-08,3.7378472245258584e-05,-1.224672593455857e-05,1.405052538721934e-05,0.0,0.005974913668419868,-0.004101684586231805,-4.541179461739117e-07
7.7400000000009195,0.2141864724037397,-3.050922571387408,6.366078723962363e-08,3.714458233013699e-05,-1.3122684674879835e-05,3.1944394054240585e-06,0.0,0.0059390238162039255,-0.004114767216057269,-1.2837308272648434e-07,0.2141864724037397,-3.050922571387408,6.366078723962363e-08,3.714458233013699e-05,-1.3122684674879835e-05,3.1944394054088043e-06,0.0,0.0059390238162038865,-0.004114767216057269,-1.283730827260509e-07
7.750000000000923,0.21444430889204302,-2.93537388363701,6.382375668494759e-08,3.6905866747661605e-05,-1.405294874652671e-05,-7.640152523860578e-06,0.0,0.005902468730061239,-0.004127888385179854,1.967309565986159e-07,0.21444430889204302,-2.93537388363701,6.382375668494759e-08,3.6905866747661605e-05,-1.405294874652671e-05,-7.640152523883309e-06,0.0,0.0059024687300612,-0.004127888385179873,1.9673095659921357e-07
7.760000000000926,0.21470257686215327,-2.8196431000657065,6.39928613757083e-08,3.6662347687039094e-05,-1.5037930648358045e-05,-1.8451916969833472e-05,0.0,0.00586524688112029,-0.004141049125251034,5.211541742487787e-07,0.21470257686215327,-2.8196431000657065,6.39928613757083e-08,3.6662347687039094e-05,-1.5037930648358045e-05,-1.8451916969865104e-05,0.0,0.005865246881120212,-0.004141049125251053,5.211541742497126e-07
7.7700000000009295,0.21496126040359625,-2.70373734812469,6.416900256813166e-08,3.641405184461411e-05,-1.6078029260097554e-05,-2.9239518688603704e-05,0.0,0.005827356842537079,-0.004154250389335387,8.44856517832507e-07,0.21496126040359625,-2.70373734812469,6.416900256813166e-08,3.641405184461411e-05,-1.6078029260097554e-05,-2.9239518688634418e-05,0.0,0.005827356842537002,-0.004154250389335387,8.448565178334363e-07
7.780000000000933,0.21522034357512418,-2.5876637662819246,6.435313148150056e-08,3.616101067123627e-05,-1.7173629759639378e-05,-4.0001620914920735e-05,0.0,0.0057887972908443495,-0.004167493052342086,1.1677978888875104e-06,0.21522034357512418,-2.5876637662819246,6.435313148150056e-08,3.616101067123627e-05,-1.7173629759639378e-05,-4.0001620914960776e-05,0.0,0.005788797290844272,-0.004167493052342144,1.1677978888886551e-06
7.790000000000936,0.21547981040572822,-2.4714295035861165,6.454624753022465e-08,3.59032606363015e-05,-1.832510349582591e-05,-5.0736885519086975e-05,0.0,0.005749567007168005,-0.0041807779090174855,1.4899381475056898e-06,0.21547981040572822,-2.4714295035861165,6.454624753022465e-08,3.59032606363015e-05,-1.832510349582591e-05,-5.07368855191239e-05,0.0,0.005749567007167927,-0.004180777909017544,1.4899381475068668e-06
7.8000000000009395,0.21573964489565414,-2.3550417192297632,6.474939755913785e-08,3.564084350872566e-05,-1.9532807861225594e-05,-6.144397317382871e-05,0.0,0.005709664878667814,-0.004194105673418649,1.81123711684962e-06,0.21573964489565414,-2.3550417192297632,6.474939755913785e-08,3.564084350872566e-05,-1.9532807861225594e-05,-6.144397317386686e-05,0.0,0.005709664878667775,-0.004194105673418688,1.811237116850753e-06
7.810000000000943,0.21599983101742198,-2.238507582111295,6.496367409402593e-08,3.5373806653892433e-05,-2.0797086260327387e-05,-7.212154358838437e-05,0.0,0.005669089899649521,-0.004207476977704938,2.1316545910938068e-06,0.21599983101742198,-2.238507582111295,6.496367409402593e-08,3.5373806653892433e-05,-2.0797086260327387e-05,-7.21215435884268e-05,0.0,0.005669089899649482,-0.004207476977704977,2.1316545910951116e-06
7.820000000000946,0.21626035271684707,-2.121834270397053,6.51902135064342e-08,3.510220335306527e-05,-2.211826795687414e-05,-8.276825570272845e-05,0.0,0.005627841172961922,-0.004220892371455315,2.451150340422136e-06,0.21626035271684707,-2.121834270397053,6.51902135064342e-08,3.510220335306527e-05,-2.211826795687414e-05,-8.276825570276693e-05,0.0,0.005627841172961884,-0.004220892371455354,2.451150340423269e-06
7.8300000000009495,0.21652119391406469,-2.0050289710823064,6.543019325374599e-08,3.482609314150112e-05,-2.3496667838501528e-05,-9.33827678612384e-05,0.0,0.00558591791111755,-0.0042343523202031715,2.7696841166774353e-06,0.21652119391406469,-2.0050289710823064,6.543019325374599e-08,3.482609314150112e-05,-2.3496667838501528e-05,-9.338276786126988e-05,0.0,0.005585917911117511,-0.0042343523202032106,2.7696841166783733e-06
7.840000000000953,0.21678233850455686,-1.8880988795518678,6.568482995536354e-08,3.454554217060204e-05,-2.4932586582126924e-05,-0.00010396373803714267,0.0,0.00554331943766837,-0.004247857205166438,3.0872156597221955e-06,0.21678233850455686,-1.8880988795518678,6.568482995536354e-08,3.454554217060204e-05,-2.4932586582126924e-05,-0.00010396373803717478,0.0,0.005543319437668332,-0.0042478572051665164,3.087215659723197e-06
7.850000000000956,0.21704377036018258,-1.771051199139945,6.59553757825255e-08,3.426062359260389e-05,-2.642631034225501e-05,-0.00011450982404529524,0.0,0.005500045188241859,-0.004261407321764998,3.4037047045116518e-06,0.21704377036018258,-1.771051199139945,6.59553757825255e-08,3.426062359260389e-05,-2.642631034225501e-05,-0.00011450982404532301,0.0,0.00550004518824182,-0.004261407321764998,3.4037047045124954e-06
7.8600000000009596,0.21730547333020933,-1.6538931406897743,6.624311530925297e-08,3.397141797348691e-05,-2.7978110623755624e-05,-0.00012501968375216413,0.0,0.005456094711859055,-0.0042750028793814565,3.7191109863828677e-06,0.21730547333020933,-1.6538931406897743,6.624311530925297e-08,3.397141797348691e-05,-2.7978110623755624e-05,-0.0001250196837521764,0.0,0.005456094711859016,-0.0042750028793813784,3.719110986383314e-06
7.870000000000963,0.21756743124234804,-1.5366319221123712,6.65493619752563e-08,3.367801373146243e-05,-2.9588244402724806e-05,-0.00013549197529169317,0.0,0.005411467672034253,-0.004288643999627917,4.033394248222827e-06,0.21756743124234804,-1.5366319221123712,6.65493619752563e-08,3.367801373146243e-05,-2.9588244402724806e-05,-0.00013549197529170277,0.0,0.005411467672034253,-0.004288643999627878,4.0333942482231446e-06
7.880000000000966,0.21782962790378946,-1.419274767945094,6.687545384487005e-08,3.3380507607576065e-05,-3.125695380842934e-05,-0.0001459253573059702,0.0,0.0053661638479612864,-0.004302330716655989,4.346514247535966e-06,0.21782962790378946,-1.419274767945094,6.687545384487005e-08,3.3380507607576065e-05,-3.125695380842934e-05,-0.00014592535730597299,0.0,0.0053661638479612864,-0.00430233071665595,4.346514247536053e-06
7.89000000000097,0.2180920471022437,-1.3018289089096415,6.722274899912861e-08,3.3079005166902624e-05,-3.298446601516793e-05,-0.0001563184891708897,0.0,0.005320183135579892,-0.004316062975218959,4.658430762821894e-06,0.2180920471022437,-1.3018289089096415,6.722274899912861e-08,3.3079005166902624e-05,-3.298446601516793e-05,-0.0001563184891708917,0.0,0.005320183135579892,-0.004316062975218959,4.658430762821945e-06
7.900000000000973,0.21835467260698088,-1.1843015814695919,6.759262100728447e-08,3.277362133534436e-05,-3.477099326135443e-05,-0.00016667003115270124,0.0,0.005273525548762981,-0.004329840630737947,4.969103599746056e-06,0.21835467260698088,-1.1843015814695919,6.759262100728447e-08,3.277362133534436e-05,-3.477099326135443e-05,-0.00016667003115269598,0.0,0.005273525548762981,-0.004329840630737947,4.969103599745922e-06
7.910000000000976,0.2186174881698746,-1.0667000273874903,6.798645375980098e-08,3.246448097207881e-05,-3.66167326586847e-05,-0.00017697864480379247,0.0,0.005226191220334598,-0.004343663448402946,5.278492599843919e-06,0.2186174881698746,-1.0667000273874903,6.798645375980098e-08,3.246448097207881e-05,-3.66167326586847e-05,-0.0001769786448038014,0.0,0.005226191220334559,-0.004343663448402946,5.278492599844116e-06
7.92000000000098,0.21888047752644677,-0.9490314932817224,6.84056365814185e-08,3.215171948283671e-05,-3.852186616669206e-05,-0.00018724299303996155,0.0,0.005178180403168792,-0.004357531102182388,5.5865576469860665e-06,0.21888047752644677,-0.9490314932817224,6.84056365814185e-08,3.215171948283671e-05,-3.852186616669206e-05,-0.00018724299303997442,0.0,0.005178180403168753,-0.004357531102182388,5.586557646986479e-06
7.930000000000983,0.21914362439691468,-0.8313032301828754,6.885155778402675e-08,3.183548347370039e-05,-4.048656035102517e-05,-0.000197461740473431,0.0,0.005129493471183732,-0.004371443174212425,5.8932586736109194e-06,0.21914362439691468,-0.8313032301828754,6.885155778402675e-08,3.183548347370039e-05,-4.048656035102517e-05,-0.00019746174047343838,0.0,0.005129493471183693,-0.004371443174212464,5.893258673611235e-06
7.940000000000986,0.21940691248723948,-0.7135224930898899,6.932560021406334e-08,3.151593145111189e-05,-4.251096636436471e-05,-0.000207633553663062,0.0,0.005080130920446202,-0.004385399154411401,6.198555670380705e-06,0.21940691248723948,-0.7135224930898899,6.932560021406334e-08,3.151593145111189e-05,-4.251096636436471e-05,-0.00020763355366307145,0.0,0.005080130920446163,-0.00438539915441144,6.198555670380949e-06
7.95000000000099,0.2196703254901769,-0.5956965405256771,6.982913430380858e-08,3.119323456721171e-05,-4.459521999731226e-05,-0.0002177571012896301,0.0,0.005030093370057031,-0.0043993984395794715,6.502408690984604e-06,0.2196703254901769,-0.5956965405256771,6.982913430380858e-08,3.119323456721171e-05,-4.459521999731226e-05,-0.0002177571012896435,0.0,0.005030093370056993,-0.0043993984395794715,6.502408690984981e-06
7.960000000000993,0.2199338470863284,-0.47783263409286386,7.036351287101446e-08,3.086757741804429e-05,-4.6739441182223744e-05,-0.0002278310545532725,0.0,0.004979381563191471,-0.004413440333034313,6.804777863591591e-06,0.2199338470863284,-0.47783263409286386,7.036351287101446e-08,3.086757741804429e-05,-4.6739441182223744e-05,-0.00022783105455328697,0.0,0.004979381563191432,-0.004413440333034313,6.804777863592009e-06
7.970000000000996,0.22019746094519543,-0.35993803802877394,7.09300650461351e-08,3.053915889147848e-05,-4.8943734279459375e-05,-0.00023785408731151887,0.0,0.004927996367982135,-0.004427524043855069,7.105623395688236e-06,0.22019746094519543,-0.35993803802877394,7.09300650461351e-08,3.053915889147848e-05,-4.8943734279459375e-05,-0.00023785408731153077,0.0,0.004927996367982096,-0.004427524043855069,7.105623395688597e-06
7.980000000001,0.22046115072623332,-0.24202001876067256,7.153009040240316e-08,3.0208193073780314e-05,-5.1208187676633743e-05,-0.0002478248764187626,0.0,0.004875938778512318,-0.004441648686556471,7.404905583558399e-06,0.22046115072623332,-0.24202001876067256,7.153009040240316e-08,3.0208193073780314e-05,-5.1208187676633743e-05,-0.0002478248764187724,0.0,0.004875938778512279,-0.004441648686556471,7.404905583558686e-06
7.990000000001003,0.2207249000799079,-0.12408584446048426,7.21648532035353e-08,2.9874910211499145e-05,-5.353287387767138e-05,-0.0002577421019198635,0.0,0.004823209915664506,-0.00445581328007878,7.702584818340239e-06,0.2207249000799079,-0.12408584446048426,7.21648532035353e-08,2.9874910211499145e-05,-5.353287387767138e-05,-0.0002577421019198796,0.0,0.004823209915664467,-0.00445581328007878,7.70258481834071e-06
8.000000000001005,0.22098869264875243,-0.0061427845994456495,7.283557760044405e-08,2.9539557735141802e-05,-5.5917849394667855e-05,-0.00026760444745498914,0.0,0.004769811027951376,-0.004470016748248979,7.998621598180767e-06,0.22098869264875243,-0.0061427845994456495,7.283557760044405e-08,2.9539557735141802e-05,-5.5917849394667855e-05,-0.00026760444745500725,0.0,0.004769811027951337,-0.004470016748249017,7.998621598181304e-06
