time_s,length_target_m,length_actual_m,beta_target_deg,beta_actual_deg,wheel_x_m,wheel_z_m,closure_m,wheel_position_error_m,theta1_deg,theta2_deg,parallel_error_deg,wheel_speed_relative_rad_s,load_n,hip_torque_nm,crank_torque_nm,wheel_torque_nm
0.010000000000000002,0.2121320346970005,0.21213203469700054,0.0,-7.496639265272857e-15,-2.7755575615628914e-17,-0.21213203469700054,6.206335383118183e-17,3.925231146709438e-17,-44.999999907887855,44.999999907887855,0.0,0.0,0.0,0.0,0.0,0.0
0.02000000000000001,0.21213203977139175,0.21213203977139172,0.0,-3.748319542973216e-15,-1.3877787807814457e-17,-0.21213203977139172,5.551115123125783e-17,3.1031676915590914e-17,-44.999998537320664,44.999998537320664,-6.3611093629270335e-15,0.0,0.0,0.0,0.0,0.0
0.03000000000000002,0.21213206156351913,0.2121320615635191,0.0,-7.496638315823743e-15,-2.7755575615628914e-17,-0.2121320615635191,5.551115123125783e-17,3.925231146709438e-17,-44.99999265137785,44.99999265137785,-6.3611093629270335e-15,0.0,0.0,0.0,0.0,0.0
0.04000000000000003,0.21213211968869394,0.21213211968869394,0.0,-3.748318130855212e-15,-1.3877787807814457e-17,-0.21213211968869394,2.7755575615628914e-17,1.3877787807814457e-17,-44.99997695206071,44.99997695206071,-6.3611093629270335e-15,0.0,0.0,0.0,0.0,0.0
0.05000000000000004,0.21213224108726558,0.2121322410872656,0.0,-3.748315985775968e-15,-1.3877787807814457e-17,-0.2121322410872656,2.7755575615628914e-17,3.1031676915590914e-17,-44.9999441629037,44.9999441629037,-6.3611093629270335e-15,0.0,0.0,0.0,0.0,0.0
0.060000000000000046,0.21213245972028952,0.2121324597202896,0.0,0.0,0.0,-0.2121324597202896,6.206335383118183e-17,8.326672684688674e-17,-44.99988511115211,44.99988511115211,1.2722218725854067e-14,0.0,0.0,0.0,0.0,0.0
0.07000000000000005,0.21213281626688252,0.21213281626688246,0.0,-3.7483058225443166e-15,-1.3877787807814457e-17,-0.21213281626688246,7.850462293418876e-17,5.721958498152797e-17,-44.99978880946353,44.99978880946353,0.0,0.0,0.0,0.0,0.0,0.0
0.08000000000000006,0.2121333578233908,0.21213335782339082,0.0,-1.1244888760416398e-14,-4.163336342344337e-17,-0.21213335782339082,5.551115123125783e-17,5.003707553108401e-17,-44.99964253708951,44.99964253708951,6.3611093629270335e-15,0.0,0.0,0.0,0.0,0.0
0.09000000000000007,0.21213413760449482,0.21213413760449473,0.0,-1.4993129900635695e-14,-5.551115123125783e-17,-0.21213413760449473,2.7755575615628914e-17,1.0007415106216802e-16,-44.99943192049308,44.99943192049308,-6.3611093629270335e-15,0.0,0.0,0.0,0.0,0.0
0.10000000000000007,0.21213521464637264,0.2121352146463727,0.0,-3.7482634445741e-15,-1.3877787807814457e-17,-0.2121352146463727,0.0,5.721958498152797e-17,-44.9991410133575,44.9991410133575,0.0,0.0,0.0,0.0,0.0,0.0
0.11000000000000008,0.21213665351204194,0.21213665351204197,0.0,0.0,0.0,-0.21213665351204197,2.7755575615628914e-17,2.7755575615628914e-17,-44.99875237594122,44.99875237594122,-1.2722218725854067e-14,0.0,0.0,0.0,0.0,0.0
0.12000000000000009,0.21213852399899844,0.21213852399899846,0.0,-1.4992819887247506e-14,-5.551115123125783e-17,-0.21213852399899846,0.0,6.206335383118183e-17,-44.99824715373446,44.99824715373446,6.3611093629270335e-15,0.0,0.0,0.0,0.0,0.0
0.1300000000000001,0.21214090084926737,0.2121409008492673,0.0,-1.1244488929518357e-14,-4.163336342344337e-17,-0.2121409008492673,0.0,9.309503074677274e-17,-44.99760515537317,44.99760515537317,0.0,0.0,0.0,0.0,0.0,0.0
0.1400000000000001,0.21214386346198175,0.21214386346198177,0.0,-7.49622126598421e-15,-2.7755575615628914e-17,-0.21214386346198177,0.0,3.925231146709438e-17,-44.996804929766675,44.996804929766675,0.0,0.0,0.0,0.0,0.0,0.0
0.1500000000000001,0.2121474956085998,0.21214749560859986,0.0,-1.1244139386394622e-14,-4.163336342344337e-17,-0.21214749560859986,5.551115123125783e-17,6.938893903907228e-17,-44.995823842396234,44.995823842396234,6.3611093629270335e-15,0.0,0.0,0.0,0.0,0.0
0.16000000000000011,0.21215188515087174,0.2121518851508718,0.0,0.0,0.0,-0.2121518851508718,0.0,5.551115123125783e-17,-44.994638150742915,44.994638150742915,0.0,0.0,0.0,0.0,0.0,0.0
0.17000000000000012,0.21215712376166415,0.21215712376166418,0.0,0.0,0.0,-0.21215712376166418,5.551115123125783e-17,2.7755575615628914e-17,-44.993223078804185,44.993223078804185,6.3611093629270335e-15,0.0,0.0,0.0,0.0,0.0
0.18000000000000013,0.21216330664874747,0.2121633066487475,0.0,-7.495534293140442e-15,-2.7755575615628914e-17,-0.2121633066487475,0.0,3.925231146709438e-17,-44.99155289066037,44.99155289066037,0.0,0.0,0.0,0.0,0.0,0.0
0.19000000000000014,0.21217053228165156,0.2121705322816516,0.0,-3.747639513437948e-15,-1.3877787807814457e-17,-0.2121705322816516,2.7755575615628914e-17,5.721958498152797e-17,-44.989600963053306,44.989600963053306,0.0,0.0,0.0,0.0,0.0,0.0
0.20000000000000015,0.2121789021216903,0.21217890212169038,0.0,0.0,0.0,-0.21217890212169038,0.0,8.326672684688674e-17,-44.98733985694142,44.98733985694142,0.0,0.0,0.0,0.0,0.0,0.0
0.21000000000000016,0.21218852035525562,0.21218852035525557,0.0,-7.494643621951105e-15,-2.7755575615628914e-17,-0.21218852035525557,2.7755575615628914e-17,6.206335383118183e-17,-44.984741387997204,44.984741387997204,6.3611093629270335e-15,0.0,0.0,0.0,0.0,0.0
0.22000000000000017,0.21219949363047827,0.2121994936304782,0.0,-1.8735640146025156e-14,-6.938893903907228e-17,-0.2121994936304782,5.551115123125783e-17,1.0838898772828417e-16,-44.981776696014904,44.981776696014904,0.0,0.0,0.0,0.0,0.0,0.0
0.23000000000000018,0.21221193079735098,0.21221193079735096,0.0,-3.746908420173542e-15,-1.3877787807814457e-17,-0.21221193079735096,6.206335383118183e-17,3.1031676915590914e-17,-44.97841631319809,44.97841631319809,6.3611093629270335e-15,0.0,0.0,0.0,0.0,0.0
0.24000000000000019,0.21222594265140735,0.21222594265140732,0.0,-3.746661036968217e-15,-1.3877787807814457e-17,-0.21222594265140732,2.7755575615628914e-17,3.1031676915590914e-17,-44.974630231298995,44.974630231298995,-1.2722218725854067e-14,0.0,0.0,0.0,0.0,0.0
0.25000000000000017,0.21224164168104717,0.2122416416810471,0.0,-7.492767810011565e-15,-2.7755575615628914e-17,-0.2122416416810471,0.0,8.777083671441753e-17,-44.970387967583335,44.970387967583335,0.0,0.0,0.0,0.0,0.0,0.0
0.2600000000000002,0.21225914181859795,0.212259141818598,0.0,-1.1238225080247775e-14,-4.163336342344337e-17,-0.212259141818598,0.0,6.938893903907228e-17,-44.96565862959651,44.96565862959651,-6.3611093629270335e-15,0.0,0.0,0.0,0.0,0.0
0.2700000000000002,0.21227855819519814,0.2122785581951982,0.0,-3.745732386380347e-15,-1.3877787807814457e-17,-0.2122785581951982,7.850462293418876e-17,5.721958498152797e-17,-44.960410978709234,44.960410978709234,6.3611093629270335e-15,0.0,0.0,0.0,0.0,0.0
0.2800000000000002,0.21230000689958756,0.2123000068995876,0.0,-3.745353954425254e-15,-1.3877787807814457e-17,-0.2123000068995876,2.7755575615628914e-17,5.721958498152797e-17,-44.95461349242251,44.95461349242251,0.0,0.0,0.0,0.0,0.0,0.0
0.2900000000000002,0.21232360474088643,0.21232360474088646,0.0,0.0,0.0,-0.21232360474088646,0.0,2.7755575615628914e-17,-44.94823442541441,44.94823442541441,-1.2722218725854067e-14,0.0,0.0,0.0,0.0,0.0
0.3000000000000002,0.21234946901544346,0.2123494690154435,0.0,-3.744481556994387e-15,-1.3877787807814457e-17,-0.2123494690154435,6.206335383118183e-17,3.1031676915590914e-17,-44.94124186931258,44.94124186931258,-1.2722218725854067e-14,0.0,0.0,0.0,0.0,0.0
0.3100000000000002,0.21237771727782992,0.2123777172778299,0.0,-3.743983505226627e-15,-1.3877787807814457e-17,-0.2123777172778299,6.206335383118183e-17,3.1031676915590914e-17,-44.933603811179125,44.933603811179125,0.0,0.0,0.0,0.0,0.0,0.0
0.32000000000000023,0.2124084671160559,0.21240846711605593,0.0,-3.7434414981745085e-15,-1.3877787807814457e-17,-0.21240846711605593,6.206335383118183e-17,3.1031676915590914e-17,-44.92528819069594,44.92528819069594,-6.3611093629270335e-15,0.0,0.0,0.0,0.0,0.0
0.33000000000000024,0.21244183593108074,0.21244183593108068,0.0,-3.742853505671238e-15,-1.3877787807814457e-17,-0.21244183593108068,0.0,5.721958498152797e-17,-44.91626295604099,44.91626295604099,-6.3611093629270335e-15,0.0,0.0,0.0,0.0,0.0
0.34000000000000025,0.2124779407206891,0.2124779407206891,0.0,-7.48443502105587e-15,-2.7755575615628914e-17,-0.2124779407206891,6.206335383118183e-17,2.7755575615628914e-17,-44.90649611844776,44.90649611844776,6.3611093629270335e-15,0.0,0.0,0.0,0.0,0.0
0.35000000000000026,0.2125168978678004,0.21251689786780037,0.0,-7.483063025515349e-15,-2.7755575615628914e-17,-0.21251689786780037,1.6883057536160649e-16,3.925231146709438e-17,-44.895955805441986,44.895955805441986,-6.3611093629270335e-15,0.0,0.0,0.0,0.0,0.0
0.36000000000000026,0.21255882293327816,0.2125588229332782,0.0,-7.481587067458232e-15,-2.7755575615628914e-17,-0.2125588229332782,0.0,6.206335383118183e-17,-44.88461031275153,44.88461031275153,6.3611093629270335e-15,0.0,0.0,0.0,0.0,0.0
0.3700000000000003,0.212603830453302,0.21260383045330206,0.0,-3.740001620246111e-15,-1.3877787807814457e-17,-0.21260383045330206,2.7755575615628914e-17,5.721958498152797e-17,-44.872428154887466,44.872428154887466,-6.3611093629270335e-15,0.0,0.0,0.0,0.0,0.0
0.3800000000000003,0.21265203374136465,0.2126520337413647,0.0,0.0,0.0,-0.2126520337413647,6.206335383118183e-17,5.551115123125783e-17,-44.85937811439508,44.85937811439508,0.0,0.0,0.0,0.0,0.0,0.0
0.3900000000000003,0.21270354469495165,0.21270354469495167,0.0,-1.1214744984709477e-14,-4.163336342344337e-17,-0.21270354469495167,2.7755575615628914e-17,5.003707553108401e-17,-44.84542928977664,44.84542928977664,6.3611093629270335e-15,0.0,0.0,0.0,0.0,0.0
0.4000000000000003,0.21275847360696115,0.21275847360696112,0.0,-7.474566412191666e-15,-2.7755575615628914e-17,-0.21275847360696112,0.0,3.925231146709438e-17,-44.830551142087636,44.830551142087636,6.3611093629270335e-15,0.0,0.0,0.0,0.0,0.0
0.4100000000000003,0.21281692898191726,0.2128169289819173,0.0,-7.472513339701849e-15,-2.7755575615628914e-17,-0.2128169289819173,0.0,6.206335383118183e-17,-44.814713540211024,44.814713540211024,0.0,0.0,0.0,0.0,0.0,0.0
0.4200000000000003,0.2128790173570289,0.21287901735702888,0.0,-1.1205500855431657e-14,-4.163336342344337e-17,-0.21287901735702888,6.206335383118183e-17,5.003707553108401e-17,-44.79788680481458,44.79788680481458,0.0,0.0,0.0,0.0,0.0,0.0
0.4300000000000003,0.2129448431281434,0.21294484312814338,0.0,-1.1202036997262107e-14,-4.163336342344337e-17,-0.21294484312814338,7.850462293418876e-17,5.003707553108401e-17,-44.780041750997846,44.780041750997846,1.2722218725854067e-14,0.0,0.0,0.0,0.0,0.0
0.44000000000000034,0.21301450838064145,0.21301450838064145,0.0,-7.465582287428274e-15,-2.7755575615628914e-17,-0.21301450838064145,6.206335383118183e-17,2.7755575615628914e-17,-44.76114972963695,44.76114972963695,6.3611093629270335e-15,0.0,0.0,0.0,0.0,0.0
0.45000000000000034,0.21308811272531805,0.21308811272531802,0.0,-7.463003545306682e-15,-2.7755575615628914e-17,-0.21308811272531802,6.206335383118183e-17,3.925231146709438e-17,-44.74118266743568,44.74118266743568,1.2722218725854067e-14,0.0,0.0,0.0,0.0,0.0
0.46000000000000035,0.2131657531392915,0.21316575313929143,0.0,0.0,0.0,-0.21316575313929143,2.7755575615628914e-17,8.326672684688674e-17,-44.72011310569319,44.72011310569319,-1.2722218725854067e-14,0.0,0.0,0.0,0.0,0.0
0.47000000000000036,0.21324752381197956,0.21324752381197953,0.0,-3.728712325245819e-15,-1.3877787807814457e-17,-0.21324752381197953,2.7755575615628914e-17,3.1031676915590914e-17,-44.69791423779918,44.69791423779918,1.2722218725854067e-14,0.0,0.0,0.0,0.0,0.0
0.48000000000000037,0.2133335159961805,0.2133335159961805,0.0,-1.1181627977951415e-14,-4.163336342344337e-17,-0.2133335159961805,5.551115123125783e-17,4.163336342344337e-17,-44.67455994546831,44.67455994546831,-6.3611093629270335e-15,0.0,0.0,0.0,0.0,0.0
0.4900000000000004,0.21342381786429318,0.2134238178642932,0.0,-3.725632304410714e-15,-1.3877787807814457e-17,-0.2134238178642932,5.551115123125783e-17,3.1031676915590914e-17,-44.65002483372637,44.65002483372637,0.0,0.0,0.0,0.0,0.0,0.0
0.5000000000000003,0.21351851436970887,0.21351851436970884,0.0,-3.7239799682621e-15,-1.3877787807814457e-17,-0.21351851436970884,0.0,3.1031676915590914e-17,-44.6242842646617,44.6242842646617,0.0,0.0,0.0,0.0,0.0,0.0
0.5100000000000003,0.2136176871134042,0.21361768711340423,0.0,-1.4889004391172163e-14,-5.551115123125783e-17,-0.21361768711340423,2.7755575615628914e-17,6.206335383118183e-17,-44.59731438995576,44.59731438995576,0.0,0.0,0.0,0.0,0.0,0.0
0.5200000000000004,0.2137214142157629,0.21372141421576285,0.0,-3.720444548261998e-15,-1.3877787807814457e-17,-0.21372141421576285,0.0,5.721958498152797e-17,-44.5690921822071,44.5690921822071,6.3611093629270335e-15,0.0,0.0,0.0,0.0,0.0
0.5300000000000004,0.2138297701936512,0.21382977019365118,0.0,-7.437118504554122e-15,-2.7755575615628914e-17,-0.21382977019365118,5.551115123125783e-17,3.925231146709438e-17,-44.53959546506405,44.53959546506405,-1.2722218725854067e-14,0.0,0.0,0.0,0.0,0.0
0.5400000000000004,0.21394282584276922,0.21394282584276922,0.0,-1.1149782666004079e-14,-4.163336342344337e-17,-0.21394282584276922,5.551115123125783e-17,4.163336342344337e-17,-44.50880294218134,44.50880294218134,-6.3611093629270335e-15,0.0,0.0,0.0,0.0,0.0
0.5500000000000004,0.21406064812529854,0.2140606481252985,0.0,-1.4858194204858275e-14,-5.551115123125783e-17,-0.2140606481252985,2.7755575615628914e-17,6.206335383118183e-17,-44.47669422501621,44.47669422501621,6.3611093629270335e-15,0.0,0.0,0.0,0.0,0.0
0.5600000000000004,0.21418330006286376,0.2141833000628638,0.0,-1.1137264251683053e-14,-4.163336342344337e-17,-0.2141833000628638,2.7755575615628914e-17,5.003707553108401e-17,-44.44324985948023,44.44324985948023,-6.3611093629270335e-15,0.0,0.0,0.0,0.0,0.0
0.5700000000000004,0.21431084063482253,0.21431084063482253,0.0,-3.7102120826485165e-15,-1.3877787807814457e-17,-0.21431084063482253,0.0,1.3877787807814457e-17,-44.40845135146303,44.40845135146303,1.2722218725854067e-14,0.0,0.0,0.0,0.0,0.0
0.5800000000000004,0.21444332468189767,0.21444332468189775,0.0,-3.7079198969955204e-15,-1.3877787807814457e-17,-0.21444332468189775,6.206335383118183e-17,8.441528768080324e-17,-44.37228119124378,44.37228119124378,-6.3611093629270335e-15,0.0,0.0,0.0,0.0,0.0
0.5900000000000004,0.21458080281516112,0.21458080281516118,0.0,-1.1116632894473896e-14,-4.163336342344337e-17,-0.21458080281516118,6.206335383118183e-17,6.938893903907228e-17,-44.334722876807476,44.334722876807476,-1.2722218725854067e-14,0.0,0.0,0.0,0.0,0.0
0.6000000000000004,0.21472332133037764,0.21472332133037764,0.0,-7.406169627401234e-15,-2.7755575615628914e-17,-0.21472332133037764,6.206335383118183e-17,2.7755575615628914e-17,-44.295760936081784,44.295760936081784,6.3611093629270335e-15,0.0,0.0,0.0,0.0,0.0
0.6100000000000004,0.21487092212771405,0.21487092212771408,0.0,-7.401082124022979e-15,-2.7755575615628914e-17,-0.21487092212771408,2.7755575615628914e-17,3.925231146709438e-17,-44.25538094811115,44.25538094811115,6.3611093629270335e-15,0.0,0.0,0.0,0.0,0.0
0.6200000000000004,0.21502364263681673,0.21502364263681673,0.0,-3.697912753291503e-15,-1.3877787807814457e-17,-0.21502364263681673,6.206335383118183e-17,1.3877787807814457e-17,-44.213569563184244,44.213569563184244,0.0,0.0,0.0,0.0,0.0,0.0
0.6300000000000004,0.21518151574725802,0.21518151574725802,0.0,-1.4780798761540676e-14,-5.551115123125783e-17,-0.21518151574725802,5.551115123125783e-17,5.551115123125783e-17,-44.17031452193072,44.17031452193072,0.0,0.0,0.0,0.0,0.0,0.0
0.6400000000000005,0.2153445697443502,0.21534456974435026,0.0,-3.692401769451817e-15,-1.3877787807814457e-17,-0.21534456974435026,2.7755575615628914e-17,5.721958498152797e-17,-44.12560467340331,44.12560467340331,-1.2722218725854067e-14,0.0,0.0,0.0,0.0,0.0
0.6500000000000005,0.21551282825032234,0.21551282825032228,0.0,-3.689518980477164e-15,-1.3877787807814457e-17,-0.21551282825032228,1.1443916996305594e-16,5.721958498152797e-17,-44.079429992160556,44.079429992160556,6.3611093629270335e-15,0.0,0.0,0.0,0.0,0.0
0.6600000000000005,0.21568631017085355,0.21568631017085355,0.0,0.0,0.0,-0.21568631017085355,2.7755575615628914e-17,0.0,-44.031781594365626,44.031781594365626,0.0,0.0,0.0,0.0,0.0,0.0
0.6700000000000005,0.21586502964695437,0.21586502964695437,0.0,-7.366998458864064e-15,-2.7755575615628914e-17,-0.21586502964695437,1.0007415106216802e-16,2.7755575615628914e-17,-43.982651752915935,43.982651752915935,-6.3611093629270335e-15,0.0,0.0,0.0,0.0,0.0
0.6800000000000005,0.21604899601218394,0.21604899601218386,0.0,-1.4721450875356777e-14,-5.551115123125783e-17,-0.21604899601218386,2.7755575615628914e-17,1.0007415106216802e-16,-43.93203391161804,43.93203391161804,6.3611093629270335e-15,0.0,0.0,0.0,0.0,0.0
0.6900000000000005,0.21623821375519026,0.2162382137551903,0.0,-7.354284486146184e-15,-2.7755575615628914e-17,-0.2162382137551903,5.551115123125783e-17,6.206335383118183e-17,-43.87992269842187,43.87992269842187,1.2722218725854067e-14,0.0,0.0,0.0,0.0,0.0
0.7000000000000005,0.2164326824875569,0.2164326824875569,0.0,-7.34767652673337e-15,-2.7755575615628914e-17,-0.2164326824875569,2.7755575615628914e-17,2.7755575615628914e-17,-43.82631393772758,43.82631393772758,6.3611093629270335e-15,0.0,0.0,0.0,0.0,0.0
0.7100000000000005,0.21663239691693825,0.21663239691693825,0.0,-3.670451334528479e-15,-1.3877787807814457e-17,-0.21663239691693825,6.206335383118183e-17,1.3877787807814457e-17,-43.7712046617781,43.7712046617781,-6.3611093629270335e-15,0.0,0.0,0.0,0.0,0.0
0.7200000000000005,0.21683734682546224,0.21683734682546224,0.0,-7.33396420872006e-15,-2.7755575615628914e-17,-0.21683734682546224,6.206335383118183e-17,2.7755575615628914e-17,-43.71459312114965,43.71459312114965,-6.3611093629270335e-15,0.0,0.0,0.0,0.0,0.0
0.7300000000000005,0.21704751705337794,0.21704751705337794,0.0,-3.663431312924592e-15,-1.3877787807814457e-17,-0.21704751705337794,5.551115123125783e-17,1.3877787807814457e-17,-43.656478794351905,43.656478794351905,0.0,0.0,0.0,0.0,0.0,0.0
0.7400000000000005,0.2172628874879224,0.21726288748792238,0.0,-1.0979399375009423e-14,-4.163336342344337e-17,-0.21726288748792238,1.1102230246251565e-16,5.003707553108401e-17,-43.59686239654872,43.59686239654872,6.3611093629270335e-15,0.0,0.0,0.0,0.0,0.0
0.7500000000000006,0.21748343305737958,0.21748343305737955,0.0,-3.656088462407592e-15,-1.3877787807814457e-17,-0.21748343305737955,6.206335383118183e-17,3.1031676915590914e-17,-43.535745887409945,43.535745887409945,1.2722218725854067e-14,0.0,0.0,0.0,0.0,0.0
0.7600000000000006,0.21770912373030088,0.21770912373030082,0.0,-7.304596672309435e-15,-2.7755575615628914e-17,-0.21770912373030082,2.7755575615628914e-17,6.206335383118183e-17,-43.473132478103494,43.473132478103494,-6.3611093629270335e-15,0.0,0.0,0.0,0.0,0.0
0.7700000000000006,0.21793992451985592,0.21793992451985594,0.0,-7.29686102367569e-15,-2.7755575615628914e-17,-0.21793992451985594,0.0,3.925231146709438e-17,-43.40902663743692,43.40902663743692,-6.3611093629270335e-15,0.0,0.0,0.0,0.0,0.0
0.7800000000000006,0.21817579549327862,0.2181757954932786,0.0,-1.0933458524601214e-14,-4.163336342344337e-17,-0.2181757954932786,5.551115123125783e-17,5.003707553108401e-17,-43.34343409715578,43.34343409715578,6.3611093629270335e-15,0.0,0.0,0.0,0.0,0.0
0.7900000000000006,0.21841669178637224,0.21841669178637224,0.0,0.0,0.0,-0.21841669178637224,0.0,0.0,-43.27636185640648,43.27636185640648,-6.3611093629270335e-15,0.0,0.0,0.0,0.0,0.0
0.8000000000000006,0.21866256362303457,0.2186625636230346,0.0,-3.6363731275769086e-15,-1.3877787807814457e-17,-0.2186625636230346,2.7755575615628914e-17,3.1031676915590914e-17,-43.20781818536928,43.20781818536928,0.0,0.0,0.0,0.0,0.0,0.0
0.8100000000000006,0.21891335633976214,0.2189133563397621,0.0,-1.0896621617711523e-14,-4.163336342344337e-17,-0.2189133563397621,6.206335383118183e-17,5.003707553108401e-17,-43.13781262806683,43.13781262806683,1.2722218725854067e-14,0.0,0.0,0.0,0.0,0.0
0.8200000000000006,0.2191690104150906,0.21916901041509065,0.0,-3.627970345168519e-15,-1.3877787807814457e-17,-0.21916901041509065,2.7755575615628914e-17,5.721958498152797e-17,-43.06635600435259,43.06635600435259,-6.3611093629270335e-15,0.0,0.0,0.0,0.0,0.0
0.8300000000000006,0.21942946150392534,0.2194294615039254,0.0,-1.0870992412543311e-14,-4.163336342344337e-17,-0.2194294615039254,6.206335383118183e-17,6.938893903907228e-17,-42.993460411082175,42.993460411082175,0.0,0.0,0.0,0.0,0.0,0.0
0.8400000000000006,0.21969464047671552,0.2196946404767155,0.0,-7.238580501012745e-15,-2.7755575615628914e-17,-0.2196946404767155,5.551115123125783e-17,3.925231146709438e-17,-42.91913922246996,42.91913922246996,0.0,0.0,0.0,0.0,0.0,0.0
0.8500000000000006,0.21996447346342146,0.21996447346342146,0.0,-3.614850424916936e-15,-1.3877787807814457e-17,-0.21996447346342146,5.551115123125783e-17,1.3877787807814457e-17,-42.843407089632,42.843407089632,-1.2722218725854067e-14,0.0,0.0,0.0,0.0,0.0
0.8600000000000007,0.22023888190222368,0.2202388819022237,0.0,-1.0831039417266277e-14,-4.163336342344337e-17,-0.2202388819022237,6.206335383118183e-17,5.003707553108401e-17,-42.766279939315474,42.766279939315474,6.3611093629270335e-15,0.0,0.0,0.0,0.0,0.0
0.8700000000000007,0.2205177825929202,0.2205177825929202,0.0,-1.0817340819634299e-14,-4.163336342344337e-17,-0.2205177825929202,0.0,4.163336342344337e-17,-42.68777497181321,42.68777497181321,0.0,0.0,0.0,0.0,0.0,0.0
0.8800000000000007,0.22080108775495555,0.22080108775495555,0.0,-3.601153773519096e-15,-1.3877787807814457e-17,-0.22080108775495555,0.0,1.3877787807814457e-17,-42.60791065806149,42.60791065806149,6.3611093629270335e-15,0.0,0.0,0.0,0.0,0.0
0.8900000000000007,0.22108870509002418,0.2210887050900241,0.0,-7.19293796616259e-15,-2.7755575615628914e-17,-0.2210887050900241,0.0,8.777083671441753e-17,-42.52670673591748,42.52670673591748,6.3611093629270335e-15,0.0,0.0,0.0,0.0,0.0
0.9000000000000007,0.22138053784918812,0.2213805378491881,0.0,-7.183455945052899e-15,-2.7755575615628914e-17,-0.2213805378491881,6.938893903907228e-17,3.925231146709438e-17,-42.44418420561146,42.44418420561146,1.2722218725854067e-14,0.0,0.0,0.0,0.0,0.0
0.9100000000000007,0.22167648490444672,0.22167648490444675,0.0,-7.173865741408e-15,-2.7755575615628914e-17,-0.22167648490444675,1.3877787807814457e-17,3.925231146709438e-17,-42.360365324368516,42.360365324368516,0.0,0.0,0.0,0.0,0.0,0.0
0.9200000000000007,0.22197644082469487,0.22197644082469487,0.0,-7.164171723915848e-15,-2.7755575615628914e-17,-0.22197644082469487,5.551115123125783e-17,2.7755575615628914e-17,-42.27527360019212,42.27527360019212,0.0,0.0,0.0,0.0,0.0,0.0
0.9300000000000007,0.22228029595600382,0.22228029595600385,0.0,-1.0731567550053042e-14,-4.163336342344337e-17,-0.22228029595600385,1.3877787807814457e-17,5.003707553108401e-17,-42.188933784801364,42.188933784801364,-6.3611093629270335e-15,0.0,0.0,0.0,0.0,0.0
0.9400000000000007,0.22258793650615644,0.22258793650615644,0.0,-7.144490243691952e-15,-2.7755575615628914e-17,-0.22258793650615644,7.850462293418876e-17,2.7755575615628914e-17,-42.101371865712316,42.101371865712316,-6.3611093629270335e-15,0.0,0.0,0.0,0.0,0.0
0.9500000000000007,0.2228992446333675,0.22289924463336747,0.0,-7.13451202289852e-15,-2.7755575615628914e-17,-0.22289924463336747,6.206335383118183e-17,3.925231146709438e-17,-42.012615057452415,42.012615057452415,0.0,0.0,0.0,0.0,0.0,0.0
0.9600000000000007,0.22321409853911758,0.2232140985391176,0.0,-3.562224230323576e-15,-1.3877787807814457e-17,-0.2232140985391176,4.163336342344337e-17,3.1031676915590914e-17,-41.92269179189562,41.92269179189562,-6.3611093629270335e-15,0.0,0.0,0.0,0.0,0.0
0.9700000000000008,0.22353237256502642,0.2235323725650264,0.0,-7.11430439574984e-15,-2.7755575615628914e-17,-0.2235323725650264,6.206335383118183e-17,3.925231146709438e-17,-41.83163170770497,41.83163170770497,0.0,0.0,0.0,0.0,0.0,0.0
0.9800000000000008,0.2238539372936913,0.2238539372936913,0.0,-1.0656127115459336e-14,-4.163336342344337e-17,-0.2238539372936913,5.721958498152797e-17,4.163336342344337e-17,-41.73946563886726,41.73946563886726,-6.3611093629270335e-15,0.0,0.0,0.0,0.0,0.0
0.9900000000000008,0.22417865965341277,0.22417865965341277,0.0,-1.0640691735714566e-14,-4.163336342344337e-17,-0.22417865965341277,1.3877787807814457e-17,4.163336342344337e-17,-41.64622560230402,41.64622560230402,0.0,0.0,0.0,0.0,0.0,0.0
1.0000000000000007,0.22450640302672886,0.2245064030267289,0.0,-1.0625158030854198e-14,-4.163336342344337e-17,-0.2245064030267289,2.7755575615628914e-17,5.003707553108401e-17,-41.551944784541234,41.551944784541234,-6.3611093629270335e-15,0.0,0.0,0.0,0.0,0.0
1.0099999999999996,0.22483702736267774,0.22483702736267774,0.0,-3.5365112218961393e-15,-1.3877787807814457e-17,-0.22483702736267774,1.3877787807814457e-17,1.3877787807814457e-17,-41.456657527418706,41.456657527418706,6.3611093629270335e-15,0.0,0.0,0.0,0.0,0.0
1.0199999999999985,0.22517038929270564,0.22517038929270566,0.0,3.5312754615006455e-15,1.3877787807814457e-17,-0.22517038929270566,1.3877787807814457e-17,3.1031676915590914e-17,-41.36039931281939,41.36039931281939,-6.3611093629270335e-15,0.0,0.0,0.0,0.0,0.0
1.0299999999999974,0.2255063422501366,0.22550634225013655,0.0,-1.4104058669603076e-14,-5.551115123125783e-17,-0.22550634225013655,0.0,7.850462293418876e-17,-41.26320674639713,41.26320674639713,6.3611093629270335e-15,0.0,0.0,0.0,0.0,0.0
1.0399999999999963,0.22584473659311796,0.22584473659311793,0.0,-3.520731465167602e-15,-1.3877787807814457e-17,-0.22584473659311793,1.3877787807814457e-17,3.1031676915590914e-17,-41.16511754028045,41.16511754028045,6.3611093629270335e-15,0.0,0.0,0.0,0.0,0.0
1.0499999999999952,0.2261854197309546,0.22618541973095463,0.0,-3.51542849805124e-15,-1.3877787807814457e-17,-0.22618541973095463,1.3877787807814457e-17,3.1031676915590914e-17,-41.06617049472842,41.06617049472842,6.3611093629270335e-15,0.0,0.0,0.0,0.0,0.0
1.059999999999994,0.22652823625374255,0.22652823625374252,0.0,-3.51010842407838e-15,-1.3877787807814457e-17,-0.22652823625374252,5.551115123125783e-17,3.1031676915590914e-17,-40.9664054787141,40.9664054787141,-6.3611093629270335e-15,0.0,0.0,0.0,0.0,0.0
1.069999999999993,0.22687302806521176,0.22687302806521176,0.0,-7.009547826349166e-15,-2.7755575615628914e-17,-0.22687302806521176,5.551115123125783e-17,2.7755575615628914e-17,-40.86586340940937,40.86586340940937,6.3611093629270335e-15,0.0,0.0,0.0,0.0,0.0
1.0799999999999919,0.22721963451868554,0.2272196345186855,0.0,-3.4994276443151774e-15,-1.3877787807814457e-17,-0.2272196345186855,7.850462293418876e-17,5.721958498152797e-17,-40.76458623054442,40.76458623054442,0.0,0.0,0.0,0.0,0.0,0.0
1.0899999999999908,0.22756789255606374,0.22756789255606374,0.0,-6.988144605416939e-15,-2.7755575615628914e-17,-0.22756789255606374,2.7755575615628914e-17,2.7755575615628914e-17,-40.66261688961375,40.66261688961375,-6.3611093629270335e-15,0.0,0.0,0.0,0.0,0.0
1.0999999999999897,0.22791763684973354,0.22791763684973348,0.0,-1.7443552885073906e-14,-6.938893903907228e-17,-0.22791763684973348,0.0,8.886119947416683e-17,-40.559999313900484,40.559999313900484,0.0,0.0,0.0,0.0,0.0,0.0
1.1099999999999886,0.2282686999473122,0.22826869994731214,0.0,-3.4833451566045156e-15,-1.3877787807814457e-17,-0.22826869994731214,1.1857187100668868e-16,5.721958498152797e-17,-40.45677838528889,40.45677838528889,0.0,0.0,0.0,0.0,0.0,0.0
1.1199999999999875,0.22862091241912336,0.22862091241912333,0.0,-3.4779787288582646e-15,-1.3877787807814457e-17,-0.22862091241912333,6.206335383118183e-17,3.1031676915590914e-17,-40.35299991383553,40.35299991383553,0.0,0.0,0.0,0.0,0.0,0.0
1.1299999999999863,0.22897410300830742,0.2289741030083074,0.0,-6.945227953023411e-15,-2.7755575615628914e-17,-0.2289741030083074,5.551115123125783e-17,3.925231146709438e-17,-40.24871061006802,40.24871061006802,6.3611093629270335e-15,0.0,0.0,0.0,0.0,0.0
1.1399999999999852,0.22932809878346544,0.2293280987834654,0.0,-6.934507150095545e-15,-2.7755575615628914e-17,-0.2293280987834654,5.551115123125783e-17,3.925231146709438e-17,-40.143958055980654,40.143958055980654,6.3611093629270335e-15,0.0,0.0,0.0,0.0,0.0
1.1499999999999841,0.22968272529373435,0.2296827252937343,0.0,-6.923800380276752e-15,-2.7755575615628914e-17,-0.2296827252937343,5.551115123125783e-17,6.206335383118183e-17,-40.03879067469527,40.03879067469527,-6.3611093629270335e-15,0.0,0.0,0.0,0.0,0.0
1.159999999999983,0.2300378067261901,0.23003780672619006,0.0,-6.9131129502753325e-15,-2.7755575615628914e-17,-0.23003780672619006,6.206335383118183e-17,3.925231146709438e-17,-39.93325769875627,39.93325769875627,0.0,0.0,0.0,0.0,0.0,0.0
1.169999999999982,0.23039316606547428,0.23039316606547425,0.0,-3.4512250686286103e-15,-1.3877787807814457e-17,-0.23039316606547425,2.7755575615628914e-17,3.1031676915590914e-17,-39.827409137028184,39.827409137028184,6.3611093629270335e-15,0.0,0.0,0.0,0.0,0.0
1.1799999999999808,0.2307486252555379,0.23074862525553794,0.0,-1.3783634368097646e-14,-5.551115123125783e-17,-0.23074862525553794,7.850462293418876e-17,6.206335383118183e-17,-39.72129574016496,39.72129574016496,1.2722218725854067e-14,0.0,0.0,0.0,0.0,0.0
1.1899999999999797,0.23110400536339587,0.23110400536339587,0.0,-3.440609647226044e-15,-1.3877787807814457e-17,-0.23110400536339587,0.0,1.3877787807814457e-17,-39.61496896462016,39.61496896462016,-6.3611093629270335e-15,0.0,0.0,0.0,0.0,0.0
1.1999999999999786,0.23145912674478325,0.23145912674478322,0.0,-1.0305992443010899e-14,-4.163336342344337e-17,-0.23145912674478322,1.3877787807814457e-17,5.003707553108401e-17,-39.50848093516822,39.50848093516822,-6.3611093629270335e-15,0.0,0.0,0.0,0.0,0.0
1.2099999999999775,0.23181380921160447,0.23181380921160444,0.0,-3.430074649435833e-15,-1.3877787807814457e-17,-0.23181380921160444,4.163336342344337e-17,3.1031676915590914e-17,-39.40188440590781,39.40188440590781,-1.2722218725854067e-14,0.0,0.0,0.0,0.0,0.0
1.2199999999999764,0.23216787220106497,0.23216787220106494,0.0,-1.0274531047223407e-14,-4.163336342344337e-17,-0.23216787220106494,2.7755575615628914e-17,5.003707553108401e-17,-39.29523271971913,39.29523271971913,1.2722218725854067e-14,0.0,0.0,0.0,0.0,0.0
1.2299999999999753,0.23252113494637341,0.23252113494637341,0.0,-1.3678561659339274e-14,-5.551115123125783e-17,-0.23252113494637341,0.0,5.551115123125783e-17,-39.18857976614902,39.18857976614902,0.0,0.0,0.0,0.0,0.0,0.0
1.2399999999999742,0.23287341664890235,0.23287341664890232,0.0,-1.3657869271780226e-14,-5.551115123125783e-17,-0.23287341664890232,6.938893903907228e-17,6.206335383118183e-17,-39.081979937698726,39.081979937698726,1.2722218725854067e-14,0.0,0.0,0.0,0.0,0.0
1.2499999999999731,0.23322453665169363,0.23322453665169363,0.0,-1.3637307322485875e-14,-5.551115123125783e-17,-0.23322453665169363,1.3877787807814457e-17,5.551115123125783e-17,-38.97548808449164,38.97548808449164,1.2722218725854067e-14,0.0,0.0,0.0,0.0,0.0
1.259999999999972,0.23357431461419412,0.23357431461419417,0.0,-3.404221357469239e-15,-1.3877787807814457e-17,-0.23357431461419417,5.721958498152797e-17,5.721958498152797e-17,-38.86915946730036,38.86915946730036,-6.3611093629270335e-15,0.0,0.0,0.0,0.0,0.0
1.269999999999971,0.23392257068810646,0.23392257068810646,0.0,0.0,0.0,-0.23392257068810646,6.206335383118183e-17,0.0,-38.76304970891498,38.76304970891498,0.0,0.0,0.0,0.0,0.0,0.0
1.2799999999999698,0.23426912569423847,0.23426912569423847,0.0,-1.0182374668572486e-14,-4.163336342344337e-17,-0.23426912569423847,1.3877787807814457e-17,4.163336342344337e-17,-38.657214743837535,38.657214743837535,0.0,0.0,0.0,0.0,0.0,0.0
1.2899999999999687,0.2346138013002344,0.2346138013002345,0.0,0.0,0.0,-0.2346138013002345,4.163336342344337e-17,8.326672684688674e-17,-38.5517107662905,38.5517107662905,-6.3611093629270335e-15,0.0,0.0,0.0,0.0,0.0
1.2999999999999676,0.23495642019906965,0.23495642019906965,0.0,-1.353678558248697e-14,-5.551115123125783e-17,-0.23495642019906965,6.206335383118183e-17,5.551115123125783e-17,-38.44659417653119,38.44659417653119,-6.3611093629270335e-15,0.0,0.0,0.0,0.0,0.0
1.3099999999999665,0.23529680628819113,0.23529680628819116,0.0,-6.758601469430864e-15,-2.7755575615628914e-17,-0.23529680628819116,6.938893903907228e-17,3.925231146709438e-17,-38.3419215254672,38.3419215254672,-6.3611093629270335e-15,0.0,0.0,0.0,0.0,0.0
1.3199999999999654,0.23563478484918293,0.235634784849183,0.0,-3.37445369483459e-15,-1.3877787807814457e-17,-0.235634784849183,2.7755575615628914e-17,5.721958498152797e-17,-38.23774945757315,38.23774945757315,1.2722218725854067e-14,0.0,0.0,0.0,0.0,0.0
1.3299999999999643,0.23597018272783835,0.23597018272783837,0.0,-6.7393147826899015e-15,-2.7755575615628914e-17,-0.23597018272783837,5.721958498152797e-17,3.925231146709438e-17,-38.134134652112444,38.134134652112444,-6.3611093629270335e-15,0.0,0.0,0.0,0.0,0.0
1.3399999999999632,0.23630282851451648,0.2363028285145165,0.0,-1.0094741675726904e-14,-4.163336342344337e-17,-0.2363028285145165,5.551115123125783e-17,5.003707553108401e-17,-38.03113376267405,38.03113376267405,1.2722218725854067e-14,0.0,0.0,0.0,0.0,0.0
1.3499999999999621,0.23663255272466296,0.236632552724663,0.0,-1.344090086018002e-14,-5.551115123125783e-17,-0.236632552724663,1.3877787807814457e-17,6.206335383118183e-17,-37.92880335503838,37.92880335503838,-6.3611093629270335e-15,0.0,0.0,0.0,0.0,0.0
1.359999999999961,0.2369591879793727,0.23695918797937268,0.0,-3.3555933287342967e-15,-1.3877787807814457e-17,-0.23695918797937268,1.3877787807814457e-17,3.1031676915590914e-17,-37.82719984339278,37.82719984339278,0.0,0.0,0.0,0.0,0.0,0.0
1.36999999999996,0.23728256918587215,0.23728256918587218,0.0,0.0,0.0,-0.23728256918587218,2.7755575615628914e-17,2.7755575615628914e-17,-37.726379424922854,37.726379424922854,-6.3611093629270335e-15,0.0,0.0,0.0,0.0,0.0
1.3799999999999588,0.2376025337177981,0.2376025337177981,0.0,-6.693015077947526e-15,-2.7755575615628914e-17,-0.2376025337177981,5.721958498152797e-17,2.7755575615628914e-17,-37.62639801281234,37.62639801281234,1.2722218725854067e-14,0.0,0.0,0.0,0.0,0.0
1.3899999999999577,0.2379189215951503,0.23791892159515032,0.0,0.0,0.0,-0.23791892159515032,6.206335383118183e-17,2.7755575615628914e-17,-37.527311167690435,37.527311167690435,-6.3611093629270335e-15,0.0,0.0,0.0,0.0,0.0
1.3999999999999566,0.2382315756637934,0.23823157566379344,0.0,-3.3376712056340768e-15,-1.3877787807814457e-17,-0.23823157566379344,5.551115123125783e-17,3.1031676915590914e-17,-37.42917402757303,37.42917402757303,-1.2722218725854067e-14,0.0,0.0,0.0,0.0,0.0
1.4099999999999555,0.23854034177438468,0.23854034177438466,0.0,-1.0000052793392083e-14,-4.163336342344337e-17,-0.23854034177438466,0.0,5.003707553108401e-17,-37.332041236351046,37.332041236351046,1.2722218725854067e-14,0.0,0.0,0.0,0.0,0.0
1.4199999999999544,0.2388450689606028,0.23884506896060276,0.0,-9.98729436399254e-15,-4.163336342344337e-17,-0.23884506896060276,1.3877787807814457e-17,6.938893903907228e-17,-37.23596687088656,37.23596687088656,0.0,0.0,0.0,0.0,0.0,0.0
1.4299999999999533,0.23914560961655312,0.23914560961655307,0.0,-1.3299657420277251e-14,-5.551115123125783e-17,-0.23914560961655307,5.721958498152797e-17,7.850462293418876e-17,-37.14100436678533,37.14100436678533,6.3611093629270335e-15,0.0,0.0,0.0,0.0,0.0
1.4399999999999522,0.23944181967322434,0.23944181967322437,0.0,-6.641602301979128e-15,-2.7755575615628914e-17,-0.23944181967322437,1.1102230246251565e-16,3.925231146709438e-17,-37.0472064429218,37.0472064429218,-1.2722218725854067e-14,0.0,0.0,0.0,0.0,0.0
1.449999999999951,0.23973355877387148,0.23973355877387142,0.0,-1.326703986596876e-14,-5.551115123125783e-17,-0.23973355877387142,2.7755575615628914e-17,7.850462293418876e-17,-36.95462502480089,36.95462502480089,-1.2722218725854067e-14,0.0,0.0,0.0,0.0,0.0
1.45999999999995,0.2400206904482,0.2400206904482,0.0,-3.3127921967105655e-15,-1.3877787807814457e-17,-0.2400206904482,6.206335383118183e-17,1.3877787807814457e-17,-36.86331116684881,36.86331116684881,-6.3611093629270335e-15,0.0,0.0,0.0,0.0,0.0
1.469999999999949,0.24030308228522504,0.240303082285225,0.0,-9.926697520534901e-15,-4.163336342344337e-17,-0.240303082285225,5.721958498152797e-17,5.003707553108401e-17,-36.773314973733335,36.773314973733335,0.0,0.0,0.0,0.0,0.0,0.0
1.4799999999999478,0.24058060610468074,0.2405806061046808,0.0,-3.3050821645195313e-15,-1.3877787807814457e-17,-0.2405806061046808,5.721958498152797e-17,5.721958498152797e-17,-36.68468552082199,36.68468552082199,0.0,0.0,0.0,0.0,0.0,0.0
1.4899999999999467,0.2408531381268539,0.24085313812685397,0.0,-6.6026847443199255e-15,-2.7755575615628914e-17,-0.24085313812685397,6.206335383118183e-17,6.206335383118183e-17,-36.597470773894976,36.597470773894976,-6.3611093629270335e-15,0.0,0.0,0.0,0.0,0.0
1.4999999999999456,0.24112055914071637,0.24112055914071637,0.0,-6.595361865446253e-15,-2.7755575615628914e-17,-0.24112055914071637,1.1857187100668868e-16,2.7755575615628914e-17,-36.51171750823679,36.51171750823679,6.3611093629270335e-15,0.0,0.0,0.0,0.0,0.0
1.5099999999999445,0.24138275467023027,0.24138275467023024,0.0,-9.882296746329373e-15,-4.163336342344337e-17,-0.24138275467023024,6.206335383118183e-17,5.003707553108401e-17,-36.427471227239636,36.427471227239636,6.3611093629270335e-15,0.0,0.0,0.0,0.0,0.0
1.5199999999999434,0.24163961513870114,0.24163961513870108,0.0,0.0,0.0,-0.24163961513870108,6.206335383118183e-17,5.551115123125783e-17,-36.34477608065776,36.34477608065776,0.0,0.0,0.0,0.0,0.0,0.0
1.5299999999999423,0.24189103603105327,0.24189103603105322,0.0,-1.3148708334339464e-14,-5.551115123125783e-17,-0.24189103603105322,5.721958498152797e-17,7.850462293418876e-17,-36.26367478266018,36.26367478266018,6.3611093629270335e-15,0.0,0.0,0.0,0.0,0.0
1.5399999999999412,0.24213691805390172,0.24213691805390175,0.0,-9.851517192296234e-15,-4.163336342344337e-17,-0.24213691805390175,5.721958498152797e-17,5.003707553108401e-17,-36.184208529835814,36.184208529835814,6.3611093629270335e-15,0.0,0.0,0.0,0.0,0.0
1.54999999999994,0.24237716729329678,0.24237716729329684,0.0,-3.2805840551956543e-15,-1.3877787807814457e-17,-0.24237716729329684,6.206335383118183e-17,5.721958498152797e-17,-36.10641691931087,36.10641691931087,-1.2722218725854067e-14,0.0,0.0,0.0,0.0,0.0
1.559999999999939,0.24261169537001545,0.24261169537001548,0.0,-9.832238332367107e-15,-4.163336342344337e-17,-0.24261169537001548,2.7755575615628914e-17,5.003707553108401e-17,-36.03033786714546,36.03033786714546,6.3611093629270335e-15,0.0,0.0,0.0,0.0,0.0
1.569999999999938,0.24284041959227545,0.24284041959227548,0.0,-6.548651758227911e-15,-2.7755575615628914e-17,-0.24284041959227548,1.3877787807814457e-17,3.925231146709438e-17,-35.95600752718073,35.95600752718073,-1.2722218725854067e-14,0.0,0.0,0.0,0.0,0.0
1.5799999999999368,0.24306326310574797,0.24306326310574805,0.0,0.0,0.0,-0.24306326310574805,2.7755575615628914e-17,8.326672684688674e-17,-35.88346021051272,35.88346021051272,0.0,0.0,0.0,0.0,0.0,0.0
1.5899999999999357,0.2432801550407454,0.2432801550407454,0.0,-6.536814893370211e-15,-2.7755575615628914e-17,-0.2432801550407454,0.0,2.7755575615628914e-17,-35.81272830577359,35.81272830577359,1.2722218725854067e-14,0.0,0.0,0.0,0.0,0.0
1.5999999999999346,0.24349103065645974,0.24349103065645977,0.0,0.0,0.0,-0.24349103065645977,0.0,2.7755575615628914e-17,-35.743842200403755,35.743842200403755,-1.2722218725854067e-14,0.0,0.0,0.0,0.0,0.0
1.6099999999999335,0.2436958314821301,0.24369583148213014,0.0,6.5256649285294445e-15,2.7755575615628914e-17,-0.24369583148213014,5.551115123125783e-17,6.206335383118183e-17,-35.676830203100586,35.676830203100586,-6.3611093629270335e-15,0.0,0.0,0.0,0.0,0.0
1.6199999999999324,0.24389450545501576,0.24389450545501576,0.0,-3.2601745942675023e-15,-1.3877787807814457e-17,-0.24389450545501576,1.3877787807814457e-17,1.3877787807814457e-17,-35.61171846763165,35.61171846763165,1.2722218725854067e-14,0.0,0.0,0.0,0.0,0.0
1.6299999999999313,0.24408700705505348,0.24408700705505346,0.0,-1.3030413703037243e-14,-5.551115123125783e-17,-0.24408700705505346,5.721958498152797e-17,6.206335383118183e-17,-35.548530918200065,35.548530918200065,6.3611093629270335e-15,0.0,0.0,0.0,0.0,0.0
1.6399999999999302,0.244273297436077,0.24427329743607695,0.0,-6.5102381530175746e-15,-2.7755575615628914e-17,-0.24427329743607695,5.721958498152797e-17,6.206335383118183e-17,-35.48728917655026,35.48728917655026,1.2722218725854067e-14,0.0,0.0,0.0,0.0,0.0
1.649999999999929,0.2444533445534794,0.2444533445534793,0.0,-9.758164755139105e-15,-4.163336342344337e-17,-0.2444533445534793,7.850462293418876e-17,9.309503074677274e-17,-35.4280124909997,35.4280124909997,-6.3611093629270335e-15,0.0,0.0,0.0,0.0,0.0
1.659999999999928,0.24462712328819616,0.2446271232881961,0.0,-1.3001643639149915e-14,-5.551115123125783e-17,-0.2446271232881961,6.206335383118183e-17,7.850462293418876e-17,-35.37071766758113,35.37071766758113,-6.3611093629270335e-15,0.0,0.0,0.0,0.0,0.0
1.6699999999999269,0.24479461556689186,0.24479461556689186,0.0,-9.744560784449957e-15,-4.163336342344337e-17,-0.24479461556689186,1.3877787807814457e-17,4.163336342344337e-17,-35.3154190034753,35.3154190034753,0.0,0.0,0.0,0.0,0.0,0.0
1.6799999999999258,0.24495581047822967,0.24495581047822962,0.0,-9.73814830699695e-15,-4.163336342344337e-17,-0.24495581047822962,5.551115123125783e-17,6.938893903907228e-17,-35.26212822291019,35.26212822291019,-1.2722218725854067e-14,0.0,0.0,0.0,0.0,0.0
1.6899999999999247,0.24511070438510765,0.24511070438510768,0.0,-6.487996290170915e-15,-2.7755575615628914e-17,-0.24511070438510768,5.721958498152797e-17,3.925231146709438e-17,-35.21085441569672,35.21085441569672,1.2722218725854067e-14,0.0,0.0,0.0,0.0,0.0
1.6999999999999236,0.24525930103274346,0.2452593010327434,0.0,-1.2968130741915863e-14,-5.551115123125783e-17,-0.2452593010327434,5.551115123125783e-17,7.850462293418876e-17,-35.161603978564585,35.161603978564585,-1.2722218725854067e-14,0.0,0.0,0.0,0.0,0.0
1.7099999999999225,0.2454016116524918,0.24540161165249177,0.0,-1.2960610405311582e-14,-5.551115123125783e-17,-0.24540161165249177,1.3877787807814457e-17,6.206335383118183e-17,-35.11438055945401,35.11438055945401,6.3611093629270335e-15,0.0,0.0,0.0,0.0,0.0
1.7199999999999214,0.24553765506128022,0.24553765506128022,0.0,-3.2383573516144884e-15,-1.3877787807814457e-17,-0.24553765506128022,2.7755575615628914e-17,1.3877787807814457e-17,-35.069185004910025,35.069185004910025,0.0,0.0,0.0,0.0,0.0,0.0
1.7299999999999203,0.24566745775654633,0.24566745775654636,0.0,-1.2946585235621275e-14,-5.551115123125783e-17,-0.24566745775654636,0.0,6.206335383118183e-17,-35.0260153107173,35.0260153107173,0.0,0.0,0.0,0.0,0.0,0.0
1.7399999999999192,0.24579105400656634,0.24579105400656628,0.0,-9.705056275294346e-15,-4.163336342344337e-17,-0.24579105400656628,6.206335383118183e-17,6.938893903907228e-17,-34.98486657590109,34.98486657590109,6.3611093629270335e-15,0.0,0.0,0.0,0.0,0.0
1.749999999999918,0.24590848593606074,0.24590848593606068,0.0,-9.700421691498178e-15,-4.163336342344337e-17,-0.24590848593606068,5.551115123125783e-17,6.938893903907228e-17,-34.94573096021004,34.94573096021004,0.0,0.0,0.0,0.0,0.0,0.0
1.759999999999917,0.2460198036069654,0.24601980360696538,0.0,-1.2928043331603846e-14,-5.551115123125783e-17,-0.24601980360696538,5.721958498152797e-17,6.206335383118183e-17,-34.90859764518354,34.90859764518354,6.3611093629270335e-15,0.0,0.0,0.0,0.0,0.0
1.7699999999999159,0.24612506509425935,0.24612506509425935,0.0,-6.4612571666470636e-15,-2.7755575615628914e-17,-0.24612506509425935,6.206335383118183e-17,2.7755575615628914e-17,-34.87345279889277,34.87345279889277,0.0,0.0,0.0,0.0,0.0,0.0
1.7799999999999148,0.24622433655673973,0.24622433655673961,0.0,-6.4586521501918925e-15,-2.7755575615628914e-17,-0.24622433655673961,2.7755575615628914e-17,1.1443916996305594e-16,-34.840279544431425,34.840279544431425,0.0,0.0,0.0,0.0,0.0,0.0
1.7899999999999137,0.2463176923026348,0.2463176923026348,0.0,-1.2912408571755263e-14,-5.551115123125783e-17,-0.2463176923026348,7.850462293418876e-17,5.551115123125783e-17,-34.80905793221823,34.80905793221823,-1.2722218725854067e-14,0.0,0.0,0.0,0.0,0.0
1.7999999999999126,0.246405214849951,0.24640521484995104,0.0,-6.453911057443168e-15,-2.7755575615628914e-17,-0.24640521484995104,5.721958498152797e-17,3.925231146709438e-17,-34.77976491615701,34.77976491615701,-1.2722218725854067e-14,0.0,0.0,0.0,0.0,0.0
1.8099999999999115,0.2464869949814463,0.2464869949814463,0.0,0.0,0.0,-0.2464869949814463,1.3877787807814457e-17,0.0,-34.75237433368668,34.75237433368668,1.2722218725854067e-14,0.0,0.0,0.0,0.0,0.0
1.8199999999999104,0.24656313179412642,0.24656313179412634,0.0,-1.6124443759698e-14,-6.938893903907228e-17,-0.24656313179412634,1.1102230246251565e-16,1.0838898772828417e-16,-34.726856889737384,34.726856889737384,6.3611093629270335e-15,0.0,0.0,0.0,0.0,0.0
1.8299999999999093,0.2466337327431625,0.24663373274316253,0.0,-3.2239656008203643e-15,-1.3877787807814457e-17,-0.24663373274316253,5.551115123125783e-17,3.1031676915590914e-17,-34.70318014459282,34.70318014459282,1.2722218725854067e-14,0.0,0.0,0.0,0.0,0.0
1.8399999999999082,0.2466989136801267,0.24669891368012664,0.0,-1.611556894403004e-14,-6.938893903907228e-17,-0.24669891368012664,0.0,8.886119947416683e-17,-34.681308505644665,34.681308505644665,6.3611093629270335e-15,0.0,0.0,0.0,0.0,0.0
1.849999999999907,0.24675879888544827,0.24675879888544827,0.0,-9.666994740904897e-15,-4.163336342344337e-17,-0.24675879888544827,1.3877787807814457e-17,4.163336342344337e-17,-34.66120322300756,34.66120322300756,-1.2722218725854067e-14,0.0,0.0,0.0,0.0,0.0
1.859999999999906,0.24681352109498914,0.24681352109498908,0.0,-6.4432342834237246e-15,-2.7755575615628914e-17,-0.24681352109498908,1.3877787807814457e-17,6.206335383118183e-17,-34.642822388949796,34.642822388949796,0.0,0.0,0.0,0.0,0.0,0.0
1.8699999999999048,0.24686322152064386,0.24686322152064383,0.0,-1.2883874162670863e-14,-5.551115123125783e-17,-0.24686322152064383,5.551115123125783e-17,6.206335383118183e-17,-34.62612094107788,34.62612094107788,-6.3611093629270335e-15,0.0,0.0,0.0,0.0,0.0
1.8799999999999037,0.24690804986486828,0.24690804986486825,0.0,-9.661151235867627e-15,-4.163336342344337e-17,-0.24690804986486825,4.163336342344337e-17,5.003707553108401e-17,-34.611050669199265,34.611050669199265,-1.2722218725854067e-14,0.0,0.0,0.0,0.0,0.0
1.8899999999999026,0.2469481643290421,0.24694816432904204,0.0,-9.659581870465857e-15,-4.163336342344337e-17,-0.24694816432904204,6.206335383118183e-17,6.938893903907228e-17,-34.597560225773385,34.597560225773385,0.0,0.0,0.0,0.0,0.0,0.0
1.8999999999999015,0.2469837316155739,0.2469837316155739,0.0,-1.2877587769278654e-14,-5.551115123125783e-17,-0.2469837316155739,5.721958498152797e-17,5.551115123125783e-17,-34.58559513984681,34.58559513984681,-1.2722218725854067e-14,0.0,0.0,0.0,0.0,0.0
1.9099999999999004,0.2470149269236578,0.24701492692365778,0.0,-9.656971102134537e-15,-4.163336342344337e-17,-0.24701492692365778,2.7755575615628914e-17,5.003707553108401e-17,-34.57509783435548,34.57509783435548,0.0,0.0,0.0,0.0,0.0,0.0
1.9199999999998993,0.24704193393859294,0.24704193393859297,0.0,-3.218638462260121e-15,-1.3877787807814457e-17,-0.24704193393859297,5.721958498152797e-17,3.1031676915590914e-17,-34.566007646664445,34.566007646664445,0.0,0.0,0.0,0.0,0.0,0.0
1.9299999999998982,0.24706494481457858,0.2470649448145787,0.0,-3.218338688083118e-15,-1.3877787807814457e-17,-0.2470649448145787,7.850462293418876e-17,1.1188630228279524e-16,-34.558260852203794,34.558260852203794,1.2722218725854067e-14,0.0,0.0,0.0,0.0,0.0
1.9399999999998971,0.247084160150899,0.247084160150899,0.0,-3.218088403078015e-15,-1.3877787807814457e-17,-0.247084160150899,1.3877787807814457e-17,1.3877787807814457e-17,-34.55179069104896,34.55179069104896,0.0,0.0,0.0,0.0,0.0,0.0
1.949999999999896,0.24709978896141455,0.24709978896141463,0.0,0.0,0.0,-0.24709978896141463,6.938893903907228e-17,8.326672684688674e-17,-34.54652739728302,34.54652739728302,6.3611093629270335e-15,0.0,0.0,0.0,0.0,0.0
1.959999999999895,0.24711204863727831,0.24711204863727826,0.0,-6.435450434333278e-15,-2.7755575615628914e-17,-0.24711204863727826,1.3877787807814457e-17,6.206335383118183e-17,-34.54239823096938,34.54239823096938,1.2722218725854067e-14,0.0,0.0,0.0,0.0,0.0
1.9699999999998938,0.24712116490279676,0.24712116490279673,0.0,-6.4352130314588075e-15,-2.7755575615628914e-17,-0.24712116490279673,1.3877787807814457e-17,3.925231146709438e-17,-34.53932751255588,34.53932751255588,0.0,0.0,0.0,0.0,0.0,0.0
1.9799999999998927,0.24712737176435584,0.24712737176435584,0.0,-9.652577106562728e-15,-4.163336342344337e-17,-0.24712737176435584,2.7755575615628914e-17,4.163336342344337e-17,-34.537236659523735,34.537236659523735,0.0,0.0,0.0,0.0,0.0,0.0
1.9899999999998916,0.2471309114523399,0.24713091145233995,0.0,0.0,0.0,-0.24713091145233995,4.163336342344337e-17,5.551115123125783e-17,-34.536044225086854,34.536044225086854,0.0,0.0,0.0,0.0,0.0,0.0
1.9999999999998905,0.2471320343559643,0.24713203435596423,0.0,-9.652394993284157e-15,-4.163336342344337e-17,-0.24713203435596423,1.3877787807814457e-17,6.938893903907228e-17,-34.5356659387447,34.5356659387447,6.3611093629270335e-15,0.0,0.0,0.0,0.0,0.0
2.0099999999998897,0.24713095487353193,0.24713095487353193,0.0,-1.286991620734501e-14,-5.551115123125783e-17,-0.24713095487353193,7.850462293418876e-17,5.551115123125783e-17,-34.53602959732379,34.53602959732379,-1.2722218725854067e-14,0.0,0.0,0.0,0.0,0.0
2.0199999999998886,0.24712771649282242,0.2471277164928224,0.0,-3.2175212139305843e-15,-1.3877787807814457e-17,-0.2471277164928224,0.0,3.1031676915590914e-17,-34.537120530507046,34.537120530507046,6.3611093629270335e-15,0.0,0.0,0.0,0.0,0.0
2.0299999999998875,0.24712231941359436,0.2471223194135944,0.0,-9.652774450960475e-15,-4.163336342344337e-17,-0.2471223194135944,5.721958498152797e-17,5.003707553108401e-17,-34.53893861064636,34.53893861064636,0.0,0.0,0.0,0.0,0.0,0.0
2.0399999999998863,0.24711476396876497,0.2471147639687649,0.0,-1.2870759441412965e-14,-5.551115123125783e-17,-0.2471147639687649,0.0,1.0007415106216802e-16,-34.541483625041764,34.541483625041764,0.0,0.0,0.0,0.0,0.0,0.0
2.0499999999998852,0.2471050506243897,0.2471050506243897,0.0,-6.4356326862337125e-15,-2.7755575615628914e-17,-0.2471050506243897,2.7755575615628914e-17,2.7755575615628914e-17,-34.54475527601138,34.54475527601138,-6.3611093629270335e-15,0.0,0.0,0.0,0.0,0.0
2.059999999999884,0.24709317997963337,0.24709317997963332,0.0,-3.217970930769593e-15,-1.3877787807814457e-17,-0.24709317997963332,1.3877787807814457e-17,5.721958498152797e-17,-34.5487531809896,34.5487531809896,1.2722218725854067e-14,0.0,0.0,0.0,0.0,0.0
2.069999999999883,0.24707915276673326,0.24707915276673326,0.0,-3.218153621874231e-15,-1.3877787807814457e-17,-0.24707915276673326,2.7755575615628914e-17,1.3877787807814457e-17,-34.55347687265302,34.55347687265302,6.3611093629270335e-15,0.0,0.0,0.0,0.0,0.0
2.079999999999882,0.24706296985095397,0.2470629698509539,0.0,-3.218364414730236e-15,-1.3877787807814457e-17,-0.2470629698509539,1.3877787807814457e-17,5.721958498152797e-17,-34.55892579907415,34.55892579907415,-6.3611093629270335e-15,0.0,0.0,0.0,0.0,0.0
2.089999999999881,0.24704463223053394,0.24704463223053394,0.0,-6.437206614745484e-15,-2.7755575615628914e-17,-0.24704463223053394,1.3877787807814457e-17,2.7755575615628914e-17,-34.56509932390279,34.56509932390279,6.3611093629270335e-15,0.0,0.0,0.0,0.0,0.0
2.0999999999998797,0.247024141036624,0.24702414103662396,0.0,-6.4377405951428164e-15,-2.7755575615628914e-17,-0.24702414103662396,1.1857187100668868e-16,6.206335383118183e-17,-34.57199672657494,34.57199672657494,0.0,0.0,0.0,0.0,0.0,0.0
2.1099999999998786,0.24700149753321748,0.24700149753321746,0.0,-6.438330765658185e-15,-2.7755575615628914e-17,-0.24700149753321746,0.0,3.925231146709438e-17,-34.57961720254886,34.57961720254886,6.3611093629270335e-15,0.0,0.0,0.0,0.0,0.0
2.1199999999998775,0.24697670311707237,0.24697670311707237,0.0,-9.65846568114118e-15,-4.163336342344337e-17,-0.24697670311707237,6.206335383118183e-17,4.163336342344337e-17,-34.5879598635685,34.5879598635685,1.2722218725854067e-14,0.0,0.0,0.0,0.0,0.0
2.1299999999998764,0.24694975931762503,0.24694975931762497,0.0,-3.2198398271900225e-15,-1.3877787807814457e-17,-0.24694975931762497,0.0,5.721958498152797e-17,-34.59702373795361,34.59702373795361,0.0,0.0,0.0,0.0,0.0,0.0
2.1399999999998753,0.24692066779689592,0.24692066779689587,0.0,-6.4404383599020484e-15,-2.7755575615628914e-17,-0.24692066779689587,4.163336342344337e-17,6.206335383118183e-17,-34.60680777091662,34.60680777091662,-6.3611093629270335e-15,0.0,0.0,0.0,0.0,0.0
2.1499999999998742,0.2468894303493871,0.24688943034938712,0.0,-3.2206266150828476e-15,-1.3877787807814457e-17,-0.24688943034938712,5.551115123125783e-17,3.1031676915590914e-17,-34.61731082490582,34.61731082490582,0.0,0.0,0.0,0.0,0.0,0.0
2.159999999999873,0.24685604890197144,0.24685604890197144,0.0,-6.442124257458527e-15,-2.7755575615628914e-17,-0.24685604890197144,4.163336342344337e-17,2.7755575615628914e-17,-34.62853167997481,34.62853167997481,-6.3611093629270335e-15,0.0,0.0,0.0,0.0,0.0
2.169999999999872,0.24682052551377384,0.24682052551377387,0.0,-6.4430514335122125e-15,-2.7755575615628914e-17,-0.24682052551377387,0.0,3.925231146709438e-17,-34.64046903417754,34.64046903417754,-6.3611093629270335e-15,0.0,0.0,0.0,0.0,0.0
2.179999999999871,0.24678286237604427,0.24678286237604424,0.0,-6.444034749497784e-15,-2.7755575615628914e-17,-0.24678286237604424,0.0,3.925231146709438e-17,-34.65312150398896,34.65312150398896,6.3611093629270335e-15,0.0,0.0,0.0,0.0,0.0
2.18999999999987,0.24674306181202246,0.24674306181202244,0.0,-6.445074196020505e-15,-2.7755575615628914e-17,-0.24674306181202244,0.0,3.925231146709438e-17,-34.666487624750815,34.666487624750815,0.0,0.0,0.0,0.0,0.0,0.0
2.1999999999998687,0.24670112627679464,0.24670112627679464,0.0,-6.446169763114471e-15,-2.7755575615628914e-17,-0.24670112627679464,1.3877787807814457e-17,2.7755575615628914e-17,-34.68056585114207,34.68056585114207,1.2722218725854067e-14,0.0,0.0,0.0,0.0,0.0
2.2099999999998676,0.2466570583571422,0.24665705835714216,0.0,-6.4473214402368655e-15,-2.7755575615628914e-17,-0.24665705835714216,1.3877787807814457e-17,3.925231146709438e-17,-34.69535455767384,34.69535455767384,-6.3611093629270335e-15,0.0,0.0,0.0,0.0,0.0
2.2199999999998665,0.24661086077138197,0.24661086077138192,0.0,-9.672793824392889e-15,-4.163336342344337e-17,-0.24661086077138192,5.721958498152797e-17,6.938893903907228e-17,-34.710852039208305,34.710852039208305,-1.2722218725854067e-14,0.0,0.0,0.0,0.0,0.0
2.2299999999998654,0.24656253636919867,0.24656253636919878,0.0,-9.674689619211874e-15,-4.163336342344337e-17,-0.24656253636919878,7.850462293418876e-17,1.1857187100668868e-16,-34.72705651150104,34.72705651150104,6.3611093629270335e-15,0.0,0.0,0.0,0.0,0.0
2.2399999999998643,0.24651208813146908,0.24651208813146902,0.0,0.0,0.0,-0.24651208813146902,1.3877787807814457e-17,5.551115123125783e-17,-34.74396611176663,34.74396611176663,0.0,0.0,0.0,0.0,0.0,0.0
2.249999999999863,0.24645951917007805,0.24645951917007805,0.0,-3.2262445088078167e-15,-1.3877787807814457e-17,-0.24645951917007805,2.7755575615628914e-17,1.3877787807814457e-17,-34.76157889926693,34.76157889926693,6.3611093629270335e-15,0.0,0.0,0.0,0.0,0.0
2.259999999999862,0.24640483272772684,0.24640483272772676,0.0,-3.226960533052914e-15,-1.3877787807814457e-17,-0.24640483272772676,2.7755575615628914e-17,8.441528768080324e-17,-34.7798928559213,34.7798928559213,-6.3611093629270335e-15,0.0,0.0,0.0,0.0,0.0
2.269999999999861,0.24634803217773274,0.2463480321777327,0.0,-3.227704574446166e-15,-1.3877787807814457e-17,-0.2463480321777327,0.0,3.1031676915590914e-17,-34.798905886938975,34.798905886938975,1.2722218725854067e-14,0.0,0.0,0.0,0.0,0.0
2.27999999999986,0.24628912102382125,0.24628912102382128,0.0,-3.2284766256036645e-15,-1.3877787807814457e-17,-0.24628912102382128,4.163336342344337e-17,3.1031676915590914e-17,-34.818615821472285,34.818615821472285,-6.3611093629270335e-15,0.0,0.0,0.0,0.0,0.0
2.289999999999859,0.24622810289990987,0.24622810289990985,0.0,-1.2917106715298019e-14,-5.551115123125783e-17,-0.24622810289990985,5.721958498152797e-17,6.206335383118183e-17,-34.83902041329075,34.83902041329075,6.3611093629270335e-15,0.0,0.0,0.0,0.0,0.0
2.2999999999998577,0.24616498156988387,0.24616498156988384,0.0,-1.2920418904346021e-14,-5.551115123125783e-17,-0.24616498156988384,6.206335383118183e-17,6.206335383118183e-17,-34.86011734147536,34.86011734147536,6.3611093629270335e-15,0.0,0.0,0.0,0.0,0.0
2.3099999999998566,0.2460997609273642,0.24609976092736416,0.0,-9.692882277125367e-15,-4.163336342344337e-17,-0.24609976092736416,5.721958498152797e-17,5.003707553108401e-17,-34.88190421113247,34.88190421113247,-1.2722218725854067e-14,0.0,0.0,0.0,0.0,0.0
2.3199999999998555,0.24603244499546734,0.24603244499546734,0.0,-9.695534307036554e-15,-4.163336342344337e-17,-0.24603244499546734,1.3877787807814457e-17,4.163336342344337e-17,-34.90437855412679,34.90437855412679,6.3611093629270335e-15,0.0,0.0,0.0,0.0,0.0
2.3299999999998544,0.24596303792655705,0.24596303792655705,0.0,-9.698270240953469e-15,-4.163336342344337e-17,-0.24596303792655705,5.551115123125783e-17,4.163336342344337e-17,-34.92753782983296,34.92753782983296,-1.2722218725854067e-14,0.0,0.0,0.0,0.0,0.0
2.3399999999998533,0.24589154400198826,0.24589154400198832,0.0,0.0,0.0,-0.24589154400198832,6.206335383118183e-17,5.551115123125783e-17,-34.95137942590511,34.95137942590511,1.2722218725854067e-14,0.0,0.0,0.0,0.0,0.0
2.349999999999852,0.24581796763184302,0.245817967631843,0.0,-9.703993707531709e-15,-4.163336342344337e-17,-0.245817967631843,4.163336342344337e-17,5.003707553108401e-17,-34.9759006590637,34.9759006590637,-1.2722218725854067e-14,0.0,0.0,0.0,0.0,0.0
2.359999999999851,0.2457423133546584,0.2457423133546584,0.0,-6.471320787302308e-15,-2.7755575615628914e-17,-0.2457423133546584,1.3877787807814457e-17,2.7755575615628914e-17,-35.0010987758994,35.0010987758994,-6.3611093629270335e-15,0.0,0.0,0.0,0.0,0.0
2.36999999999985,0.24566458583714662,0.2456645858371466,0.0,-6.473368293246664e-15,-2.7755575615628914e-17,-0.2456645858371466,6.938893903907228e-17,3.925231146709438e-17,-35.02697095369293,35.02697095369293,-1.2722218725854067e-14,0.0,0.0,0.0,0.0,0.0
2.379999999999849,0.24558478987390703,0.24558478987390706,0.0,-9.71320745198595e-15,-4.163336342344337e-17,-0.24558478987390706,5.721958498152797e-17,5.003707553108401e-17,-35.05351430125079,35.05351430125079,6.3611093629270335e-15,0.0,0.0,0.0,0.0,0.0
2.389999999999848,0.24550293038713056,0.24550293038713045,0.0,-3.2388153946351484e-15,-1.3877787807814457e-17,-0.24550293038713045,1.3877787807814457e-17,1.1188630228279524e-16,-35.08072585975573,35.08072585975573,0.0,0.0,0.0,0.0,0.0,0.0
2.3999999999998467,0.24541901242629593,0.24541901242629588,0.0,-1.6199614335190817e-14,-6.938893903907228e-17,-0.24541901242629588,1.3877787807814457e-17,8.886119947416683e-17,-35.10860260363186,35.10860260363186,-1.2722218725854067e-14,0.0,0.0,0.0,0.0,0.0
2.4099999999998456,0.24533304116785826,0.24533304116785817,0.0,-6.482116445308654e-15,-2.7755575615628914e-17,-0.24533304116785817,6.206335383118183e-17,8.777083671441753e-17,-35.137141441423445,35.137141441423445,6.3611093629270335e-15,0.0,0.0,0.0,0.0,0.0
2.4199999999998445,0.24524502191492972,0.2452450219149297,0.0,-3.2422214492153723e-15,-1.3877787807814457e-17,-0.2452450219149297,1.3877787807814457e-17,3.1031676915590914e-17,-35.166339216686886,35.166339216686886,6.3611093629270335e-15,0.0,0.0,0.0,0.0,0.0
2.4299999999998434,0.24515496009695245,0.24515496009695245,0.0,-6.486825068123626e-15,-2.7755575615628914e-17,-0.24515496009695245,5.721958498152797e-17,2.7755575615628914e-17,-35.19619270889525,35.19619270889525,1.2722218725854067e-14,0.0,0.0,0.0,0.0,0.0
2.4399999999998423,0.2450628612693636,0.2450628612693636,0.0,-3.2446314641364345e-15,-1.3877787807814457e-17,-0.2450628612693636,4.163336342344337e-17,1.3877787807814457e-17,-35.22669863435469,35.22669863435469,-1.2722218725854067e-14,0.0,0.0,0.0,0.0,0.0
2.449999999999841,0.2449687311132527,0.24496873111325276,0.0,-6.491756451955287e-15,-2.7755575615628914e-17,-0.24496873111325276,5.721958498152797e-17,6.206335383118183e-17,-35.25785364713229,35.25785364713229,6.3611093629270335e-15,0.0,0.0,0.0,0.0,0.0
2.45999999999984,0.24487257543501117,0.24487257543501123,0.0,-6.494305611425299e-15,-2.7755575615628914e-17,-0.24487257543501123,1.1102230246251565e-16,6.206335383118183e-17,-35.28965433999443,35.28965433999443,0.0,0.0,0.0,0.0,0.0,0.0
2.469999999999839,0.24477440016597415,0.24477440016597418,0.0,0.0,0.0,-0.24477440016597418,0.0,2.7755575615628914e-17,-35.32209724535528,35.32209724535528,0.0,0.0,0.0,0.0,0.0,0.0
2.479999999999838,0.2446742113620547,0.24467421136205475,0.0,0.0,0.0,-0.24467421136205475,7.850462293418876e-17,5.551115123125783e-17,-35.35517883623471,35.35517883623471,-6.3611093629270335e-15,0.0,0.0,0.0,0.0,0.0
2.489999999999837,0.24457201520337019,0.24457201520337013,0.0,-6.502286614473808e-15,-2.7755575615628914e-17,-0.24457201520337013,0.0,6.206335383118183e-17,-35.388895527224975,35.388895527224975,-6.3611093629270335e-15,0.0,0.0,0.0,0.0,0.0
2.4999999999998357,0.24446781799386103,0.24446781799386097,0.0,-9.75758703404282e-15,-4.163336342344337e-17,-0.24446781799386097,0.0,6.938893903907228e-17,-35.42324367546562,35.42324367546562,6.3611093629270335e-15,0.0,0.0,0.0,0.0,0.0
2.5099999999998346,0.24436162616090196,0.24436162616090196,0.0,-1.3015769830281184e-14,-5.551115123125783e-17,-0.24436162616090196,1.3877787807814457e-17,5.551115123125783e-17,-35.45821958162587,35.45821958162587,-6.3611093629270335e-15,0.0,0.0,0.0,0.0,0.0
2.5199999999998335,0.24425344625490542,0.24425344625490542,0.0,-6.510767258825607e-15,-2.7755575615628914e-17,-0.24425344625490542,6.206335383118183e-17,2.7755575615628914e-17,-35.49381949089399,35.49381949089399,-1.2722218725854067e-14,0.0,0.0,0.0,0.0,0.0
2.5299999999998324,0.2441432849489176,0.2441432849489176,0.0,0.0,0.0,-0.2441432849489176,7.850462293418876e-17,0.0,-35.53003959397301,35.53003959397301,1.2722218725854067e-14,0.0,0.0,0.0,0.0,0.0
2.5399999999998313,0.24403114903820675,0.24403114903820677,0.0,0.0,0.0,-0.24403114903820677,0.0,2.7755575615628914e-17,-35.566876028082085,35.566876028082085,1.2722218725854067e-14,0.0,0.0,0.0,0.0,0.0
2.54999999999983,0.24391704543984405,0.243917045439844,0.0,0.0,0.0,-0.243917045439844,6.206335383118183e-17,5.551115123125783e-17,-35.60432487796306,35.60432487796306,0.0,0.0,0.0,0.0,0.0,0.0
2.559999999999829,0.24380098119227694,0.24380098119227703,0.0,-3.261425226745835e-15,-1.3877787807814457e-17,-0.24380098119227703,6.206335383118183e-17,8.441528768080324e-17,-35.64238217689145,35.64238217689145,6.3611093629270335e-15,0.0,0.0,0.0,0.0,0.0
2.569999999999828,0.2436829634548949,0.2436829634548949,0.0,-9.789014288391859e-15,-4.163336342344337e-17,-0.2436829634548949,5.551115123125783e-17,4.163336342344337e-17,-35.68104390769147,35.68104390769147,6.3611093629270335e-15,0.0,0.0,0.0,0.0,0.0
2.579999999999827,0.2435629995075879,0.2435629995075879,0.0,-1.3058447661975155e-14,-5.551115123125783e-17,-0.2435629995075879,5.721958498152797e-17,5.551115123125783e-17,-35.72030600375425,35.72030600375425,6.3611093629270335e-15,0.0,0.0,0.0,0.0,0.0
2.5899999999998258,0.2434410967502973,0.24344109675029726,0.0,-9.798739994769289e-15,-4.163336342344337e-17,-0.24344109675029726,1.3877787807814457e-17,5.003707553108401e-17,-35.76016435005894,35.76016435005894,6.3611093629270335e-15,0.0,0.0,0.0,0.0,0.0
2.5999999999998247,0.24331726270255932,0.24331726270255927,0.0,-3.2679089906493336e-15,-1.3877787807814457e-17,-0.24331726270255927,7.850462293418876e-17,5.721958498152797e-17,-35.80061478419604,35.80061478419604,-1.2722218725854067e-14,0.0,0.0,0.0,0.0,0.0
2.6099999999998236,0.2431915050030414,0.24319150500304143,0.0,-9.808796615111226e-15,-4.163336342344337e-17,-0.24319150500304143,1.3877787807814457e-17,5.003707553108401e-17,-35.84165309739215,35.84165309739215,6.3611093629270335e-15,0.0,0.0,0.0,0.0,0.0
2.6199999999998225,0.2430638314090708,0.2430638314090708,0.0,-9.813948859725813e-15,-4.163336342344337e-17,-0.2430638314090708,5.721958498152797e-17,4.163336342344337e-17,-35.88327503553605,35.88327503553605,1.2722218725854067e-14,0.0,0.0,0.0,0.0,0.0
2.6299999999998214,0.24293424979615622,0.24293424979615613,0.0,-1.636530606600495e-14,-6.938893903907228e-17,-0.24293424979615613,1.1443916996305594e-16,1.0838898772828417e-16,-35.9254763002052,35.9254763002052,1.2722218725854067e-14,0.0,0.0,0.0,0.0,0.0
2.6399999999998203,0.24280276815750185,0.24280276815750185,0.0,-6.549667257912701e-15,-2.7755575615628914e-17,-0.24280276815750185,0.0,2.7755575615628914e-17,-35.968252549692224,35.968252549692224,0.0,0.0,0.0,0.0,0.0,0.0
2.649999999999819,0.24266939460351458,0.24266939460351455,0.0,-3.2766335106452822e-15,-1.3877787807814457e-17,-0.24266939460351455,1.3877787807814457e-17,3.1031676915590914e-17,-36.01159940003095,36.01159940003095,1.2722218725854067e-14,0.0,0.0,0.0,0.0,0.0
2.659999999999818,0.24253413736130341,0.24253413736130344,0.0,-9.835382503470346e-15,-4.163336342344337e-17,-0.24253413736130344,5.551115123125783e-17,5.003707553108401e-17,-36.05551242602137,36.05551242602137,-6.3611093629270335e-15,0.0,0.0,0.0,0.0,0.0
2.669999999999817,0.24239700477417223,0.24239700477417211,0.0,0.0,0.0,-0.24239700477417211,5.551115123125783e-17,1.1102230246251565e-16,-36.09998716225306,36.09998716225306,6.3611093629270335e-15,0.0,0.0,0.0,0.0,0.0
2.679999999999816,0.24225800530110486,0.24225800530110486,0.0,-6.5643954211345334e-15,-2.7755575615628914e-17,-0.24225800530110486,4.163336342344337e-17,2.7755575615628914e-17,-36.145019104126604,36.145019104126604,-1.2722218725854067e-14,0.0,0.0,0.0,0.0,0.0
2.6899999999998148,0.24211714751624364,0.24211714751624364,0.0,0.0,0.0,-0.24211714751624364,6.938893903907228e-17,0.0,-36.1906037088725,36.1906037088725,1.2722218725854067e-14,0.0,0.0,0.0,0.0,0.0
2.6999999999998137,0.24197444010836017,0.2419744401083601,0.0,-9.858132164824554e-15,-4.163336342344337e-17,-0.2419744401083601,5.721958498152797e-17,6.938893903907228e-17,-36.23673639656711,36.23673639656711,0.0,0.0,0.0,0.0,0.0,0.0
2.7099999999998126,0.24182989188031961,0.2418298918803196,0.0,-6.576016423638724e-15,-2.7755575615628914e-17,-0.2418298918803196,6.938893903907228e-17,3.925231146709438e-17,-36.283412551145055,36.283412551145055,-6.3611093629270335e-15,0.0,0.0,0.0,0.0,0.0
2.7199999999998115,0.24168351174853756,0.24168351174853742,0.0,-1.9739997932333695e-14,-8.326672684688674e-17,-0.24168351174853742,2.7755575615628914e-17,1.6184142622847344e-16,-36.330627521408,36.330627521408,-6.3611093629270335e-15,0.0,0.0,0.0,0.0,0.0
2.7299999999998104,0.24153530874243007,0.24153530874243012,0.0,-3.2920183575056677e-15,-1.3877787807814457e-17,-0.24153530874243012,1.3877787807814457e-17,5.721958498152797e-17,-36.37837662202874,36.37837662202874,-6.3611093629270335e-15,0.0,0.0,0.0,0.0,0.0
2.7399999999998093,0.2413852920038566,0.2413852920038566,0.0,-6.5881285787136955e-15,-2.7755575615628914e-17,-0.2413852920038566,6.938893903907228e-17,2.7755575615628914e-17,-36.426655134550984,36.426655134550984,-6.3611093629270335e-15,0.0,0.0,0.0,0.0,0.0
2.749999999999808,0.24123347078655627,0.24123347078655633,0.0,-6.592274842900378e-15,-2.7755575615628914e-17,-0.24123347078655633,0.0,6.206335383118183e-17,-36.47545830838366,36.47545830838366,0.0,0.0,0.0,0.0,0.0,0.0
2.759999999999807,0.2410798544555769,0.2410798544555769,0.0,-1.6491188618010327e-14,-6.938893903907228e-17,-0.2410798544555769,1.1857187100668868e-16,6.938893903907228e-17,-36.524781361789756,36.524781361789756,6.3611093629270335e-15,0.0,0.0,0.0,0.0,0.0
2.769999999999806,0.2409244524866974,0.24092445248669736,0.0,-1.3201460659702571e-14,-5.551115123125783e-17,-0.24092445248669736,2.7755575615628914e-17,6.206335383118183e-17,-36.57461948286944,36.57461948286944,-6.3611093629270335e-15,0.0,0.0,0.0,0.0,0.0
2.779999999999805,0.24076727446584317,0.24076727446584326,0.0,0.0,0.0,-0.24076727446584326,6.938893903907228e-17,8.326672684688674e-17,-36.62496783053654,36.62496783053654,6.3611093629270335e-15,0.0,0.0,0.0,0.0,0.0
2.7899999999998037,0.24060833008849494,0.24060833008849491,0.0,-6.609402675904278e-15,-2.7755575615628914e-17,-0.24060833008849491,5.721958498152797e-17,3.925231146709438e-17,-36.675821535488765,36.675821535488765,6.3611093629270335e-15,0.0,0.0,0.0,0.0,0.0
2.7999999999998026,0.2404476291590906,0.24044762915909063,0.0,-6.613820008512379e-15,-2.7755575615628914e-17,-0.24044762915909063,1.3877787807814457e-17,3.925231146709438e-17,-36.727175701170495,36.727175701170495,-6.3611093629270335e-15,0.0,0.0,0.0,0.0,0.0
2.8099999999998015,0.24028518159042045,0.2402851815904204,0.0,-6.6182913578186255e-15,-2.7755575615628914e-17,-0.2402851815904204,2.7755575615628914e-17,6.206335383118183e-17,-36.77902540472867,36.77902540472867,6.3611093629270335e-15,0.0,0.0,0.0,0.0,0.0
2.8199999999998004,0.24012099740301573,0.24012099740301573,0.0,-9.934224981974353e-15,-4.163336342344337e-17,-0.24012099740301573,1.3877787807814457e-17,4.163336342344337e-17,-36.83136569796072,36.83136569796072,0.0,0.0,0.0,0.0,0.0,0.0
2.8299999999997993,0.23995508672453048,0.23995508672453048,0.0,-3.3136979141379984e-15,-1.3877787807814457e-17,-0.23995508672453048,1.3877787807814457e-17,1.3877787807814457e-17,-36.8841916082547,36.8841916082547,0.0,0.0,0.0,0.0,0.0,0.0
2.8399999999997982,0.2397874597891168,0.23978745978911675,0.0,-3.3160144031934407e-15,-1.3877787807814457e-17,-0.23978745978911675,4.163336342344337e-17,5.721958498152797e-17,-36.937498139521125,36.937498139521125,1.2722218725854067e-14,0.0,0.0,0.0,0.0,0.0
2.849999999999797,0.2396181269367938,0.23961812693679374,0.0,-6.636715515063016e-15,-2.7755575615628914e-17,-0.23961812693679374,6.206335383118183e-17,6.206335383118183e-17,-36.99128027311621,36.99128027311621,-6.3611093629270335e-15,0.0,0.0,0.0,0.0,0.0
2.859999999999796,0.2394470986128093,0.23944709861280927,0.0,-1.3282911757500711e-14,-5.551115123125783e-17,-0.23944709861280927,0.0,6.206335383118183e-17,-37.04553296875652,37.04553296875652,6.3611093629270335e-15,0.0,0.0,0.0,0.0,0.0
2.869999999999795,0.23927438536699602,0.23927438536699608,0.0,0.0,0.0,-0.23927438536699608,2.7755575615628914e-17,5.551115123125783e-17,-37.10025116542428,37.10025116542428,1.2722218725854067e-14,0.0,0.0,0.0,0.0,0.0
2.879999999999794,0.2390999978531205,0.23909999785312047,0.0,-6.651097260605867e-15,-2.7755575615628914e-17,-0.23909999785312047,5.721958498152797e-17,3.925231146709438e-17,-37.15542978226367,37.15542978226367,1.2722218725854067e-14,0.0,0.0,0.0,0.0,0.0
2.8899999999997927,0.238923946828226,0.23892394682822599,0.0,0.0,0.0,-0.23892394682822599,1.1102230246251565e-16,2.7755575615628914e-17,-37.21106371946737,37.21106371946737,6.3611093629270335e-15,0.0,0.0,0.0,0.0,0.0
2.8999999999997916,0.23874624315196907,0.23874624315196913,0.0,-9.991428470684872e-15,-4.163336342344337e-17,-0.23874624315196913,5.721958498152797e-17,6.938893903907228e-17,-37.267147859153546,37.267147859153546,-1.2722218725854067e-14,0.0,0.0,0.0,0.0,0.0
2.9099999999997905,0.23856689778594944,0.23856689778594947,0.0,-3.332979880047337e-15,-1.3877787807814457e-17,-0.23856689778594947,6.206335383118183e-17,3.1031676915590914e-17,-37.32367706623275,37.32367706623275,-6.3611093629270335e-15,0.0,0.0,0.0,0.0,0.0
2.9199999999997894,0.23838592179303417,0.2383859217930341,0.0,-1.00065305583299e-14,-4.163336342344337e-17,-0.2383859217930341,6.206335383118183e-17,6.938893903907228e-17,-37.38064618926475,37.38064618926475,6.3611093629270335e-15,0.0,0.0,0.0,0.0,0.0
2.9299999999997883,0.2382033263366749,0.23820332633667496,0.0,-6.676134062393701e-15,-2.7755575615628914e-17,-0.23820332633667496,0.0,6.206335383118183e-17,-37.43805006130505,37.43805006130505,0.0,0.0,0.0,0.0,0.0,0.0
2.9399999999997872,0.23801912268021955,0.23801912268021952,0.0,-6.681300740984194e-15,-2.7755575615628914e-17,-0.23801912268021952,1.3877787807814457e-17,3.925231146709438e-17,-37.495883500740895,37.495883500740895,0.0,0.0,0.0,0.0,0.0,0.0
2.949999999999786,0.23783332218621725,0.23783332218621722,0.0,-1.3373040632940519e-14,-5.551115123125783e-17,-0.23783332218621722,1.3877787807814457e-17,6.206335383118183e-17,-37.554141312116634,37.554141312116634,-6.3611093629270335e-15,0.0,0.0,0.0,0.0,0.0
2.959999999999785,0.2376459363157177,0.2376459363157177,0.0,-6.691792695411551e-15,-2.7755575615628914e-17,-0.2376459363157177,5.721958498152797e-17,2.7755575615628914e-17,-37.6128182869483,37.6128182869483,0.0,0.0,0.0,0.0,0.0,0.0
2.969999999999784,0.23745697662756407,0.23745697662756407,0.0,-6.697117782418352e-15,-2.7755575615628914e-17,-0.23745697662756407,5.721958498152797e-17,2.7755575615628914e-17,-37.67190920452723,37.67190920452723,6.3611093629270335e-15,0.0,0.0,0.0,0.0,0.0
2.979999999999783,0.23726645477768002,0.23726645477768,0.0,-6.702495480121105e-15,-2.7755575615628914e-17,-0.23726645477768,4.163336342344337e-17,3.925231146709438e-17,-37.73140883271277,37.73140883271277,-6.3611093629270335e-15,0.0,0.0,0.0,0.0,0.0
2.9899999999997817,0.23707438251835067,0.23707438251835067,0.0,-6.707925689139624e-15,-2.7755575615628914e-17,-0.23707438251835067,2.7755575615628914e-17,2.7755575615628914e-17,-37.79131192871362,37.79131192871362,1.2722218725854067e-14,0.0,0.0,0.0,0.0,0.0
2.9999999999997806,0.2368807716974977,0.23688077169749772,0.0,-3.3567041540260174e-15,-1.3877787807814457e-17,-0.23688077169749772,0.0,3.1031676915590914e-17,-37.85161323985808,37.85161323985808,-6.3611093629270335e-15,0.0,0.0,0.0,0.0,0.0
3.0099999999997795,0.23668563425794853,0.23668563425794853,0.0,-1.007841485004504e-14,-4.163336342344337e-17,-0.23668563425794853,0.0,4.163336342344337e-17,-37.91230750435286,37.91230750435286,6.3611093629270335e-15,0.0,0.0,0.0,0.0,0.0
3.0199999999997784,0.23648898223669965,0.23648898223669967,0.0,0.0,0.0,-0.23648898223669967,0.0,2.7755575615628914e-17,-37.9733894520305,37.9733894520305,0.0,0.0,0.0,0.0,0.0,0.0
3.0299999999997773,0.23629082776417398,0.23629082776417398,0.0,-3.3650847893234928e-15,-1.3877787807814457e-17,-0.23629082776417398,0.0,1.3877787807814457e-17,-38.03485380508533,38.03485380508533,6.3611093629270335e-15,0.0,0.0,0.0,0.0,0.0
3.039999999999776,0.23609118306347285,0.23609118306347282,0.0,-1.0103791171465822e-14,-4.163336342344337e-17,-0.23609118306347282,1.3877787807814457e-17,5.003707553108401e-17,-38.09669527879772,38.09669527879772,-6.3611093629270335e-15,0.0,0.0,0.0,0.0,0.0
3.049999999999775,0.23589006044962177,0.23589006044962174,0.0,0.0,0.0,-0.23589006044962174,5.551115123125783e-17,2.7755575615628914e-17,-38.15890858224689,38.15890858224689,6.3611093629270335e-15,0.0,0.0,0.0,0.0,0.0
3.059999999999774,0.23568747232881093,0.23568747232881096,0.0,-6.747398684445729e-15,-2.7755575615628914e-17,-0.23568747232881096,2.7755575615628914e-17,3.925231146709438e-17,-38.22148841901199,38.22148841901199,0.0,0.0,0.0,0.0,0.0,0.0
3.069999999999773,0.2354834311976299,0.23548343119762993,0.0,-6.7532451546330455e-15,-2.7755575615628914e-17,-0.23548343119762993,5.721958498152797e-17,3.925231146709438e-17,-38.284429487861495,38.284429487861495,1.2722218725854067e-14,0.0,0.0,0.0,0.0,0.0
3.079999999999772,0.23527794964229679,0.23527794964229673,0.0,-1.6897857865022264e-14,-6.938893903907228e-17,-0.23527794964229673,5.721958498152797e-17,8.886119947416683e-17,-38.34772648343089,38.34772648343089,6.3611093629270335e-15,0.0,0.0,0.0,0.0,0.0
3.0899999999997707,0.23507104033788181,0.2350710403378818,0.0,-1.014763880599216e-14,-4.163336342344337e-17,-0.2350710403378818,1.3877787807814457e-17,5.003707553108401e-17,-38.411374096888665,38.411374096888665,6.3611093629270335e-15,0.0,0.0,0.0,0.0,0.0
3.0999999999997696,0.2348627160475255,0.23486271604752545,0.0,-2.031327961492993e-14,-8.326672684688674e-17,-0.23486271604752545,0.0,1.0007415106216802e-16,-38.475367016590546,38.475367016590546,1.2722218725854067e-14,0.0,0.0,0.0,0.0,0.0
3.1099999999997685,0.2346529896216514,0.23465298962165143,0.0,-1.0165717534406113e-14,-4.163336342344337e-17,-0.23465298962165143,6.206335383118183e-17,5.003707553108401e-17,-38.539699928722065,38.539699928722065,6.3611093629270335e-15,0.0,0.0,0.0,0.0,0.0
3.1199999999997674,0.2344418739971733,0.23444187399717334,0.0,-1.0174871794133495e-14,-4.163336342344337e-17,-0.23444187399717334,1.3877787807814457e-17,5.003707553108401e-17,-38.6043675179293,38.6043675179293,-6.3611093629270335e-15,0.0,0.0,0.0,0.0,0.0
3.1299999999997663,0.23422938219669748,0.23422938219669748,0.0,0.0,0.0,-0.23422938219669748,2.7755575615628914e-17,0.0,-38.66936446793804,38.66936446793804,-6.3611093629270335e-15,0.0,0.0,0.0,0.0,0.0
3.139999999999765,0.23401552732771896,0.234015527327719,0.0,3.3978030408740985e-15,1.3877787807814457e-17,-0.234015527327719,2.7755575615628914e-17,3.1031676915590914e-17,-38.73468546216124,38.73468546216124,6.3611093629270335e-15,0.0,0.0,0.0,0.0,0.0
3.149999999999764,0.23380032258181355,0.2338003225818136,0.0,-3.400930595755003e-15,-1.3877787807814457e-17,-0.2338003225818136,1.3877787807814457e-17,5.721958498152797e-17,-38.80032518429474,38.80032518429474,-6.3611093629270335e-15,0.0,0.0,0.0,0.0,0.0
3.159999999999763,0.2335837812338236,0.23358378123382356,0.0,0.0,0.0,-0.23358378123382356,6.938893903907228e-17,2.7755575615628914e-17,-38.86627831890162,38.86627831890162,-6.3611093629270335e-15,0.0,0.0,0.0,0.0,0.0
3.169999999999762,0.23336591664103945,0.2333659166410394,0.0,-6.814522718747758e-15,-2.7755575615628914e-17,-0.2333659166410394,5.721958498152797e-17,6.206335383118183e-17,-38.932539551984696,38.932539551984696,-6.3611093629270335e-15,0.0,0.0,0.0,0.0,0.0
3.179999999999761,0.23314674224237544,0.23314674224237542,0.0,-3.4104644256159775e-15,-1.3877787807814457e-17,-0.23314674224237542,2.7755575615628914e-17,3.1031676915590914e-17,-38.99910357154775,38.99910357154775,-6.3611093629270335e-15,0.0,0.0,0.0,0.0,0.0
3.1899999999997597,0.23292627155754092,0.2329262715575409,0.0,-6.827385035177986e-15,-2.7755575615628914e-17,-0.2329262715575409,1.1188630228279524e-16,3.925231146709438e-17,-39.065965068145225,39.065965068145225,6.3611093629270335e-15,0.0,0.0,0.0,0.0,0.0
3.1999999999997586,0.2327045181862062,0.2327045181862062,0.0,-6.833891121354358e-15,-2.7755575615628914e-17,-0.2327045181862062,1.3877787807814457e-17,2.7755575615628914e-17,-39.13311873542057,39.13311873542057,6.3611093629270335e-15,0.0,0.0,0.0,0.0,0.0
3.2099999999997575,0.23248149580716376,0.23248149580716376,0.0,-1.3680893915538504e-14,-5.551115123125783e-17,-0.23248149580716376,1.3877787807814457e-17,5.551115123125783e-17,-39.20055927063322,39.20055927063322,0.0,0.0,0.0,0.0,0.0,0.0
3.2199999999997564,0.2322572181774845,0.23225721817748451,0.0,-3.423526194816715e-15,-1.3877787807814457e-17,-0.23225721817748451,5.721958498152797e-17,3.1031676915590914e-17,-39.268281375174446,39.268281375174446,1.2722218725854067e-14,0.0,0.0,0.0,0.0,0.0
3.2299999999997553,0.23203169913166902,0.232031699131669,0.0,0.0,0.0,-0.232031699131669,6.938893903907228e-17,2.7755575615628914e-17,-39.3362797550719,39.3362797550719,-1.2722218725854067e-14,0.0,0.0,0.0,0.0,0.0
3.239999999999754,0.23180495258079442,0.23180495258079442,0.0,0.0,0.0,-0.23180495258079442,1.3877787807814457e-17,0.0,-39.40454912148326,39.40454912148326,6.3611093629270335e-15,0.0,0.0,0.0,0.0,0.0
3.249999999999753,0.23157699251165598,0.231576992511656,0.0,-3.433582333641617e-15,-1.3877787807814457e-17,-0.231576992511656,5.721958498152797e-17,3.1031676915590914e-17,-39.473084191178785,39.473084191178785,0.0,0.0,0.0,0.0,0.0,0.0
3.259999999999752,0.23134783298590456,0.23134783298590456,0.0,-3.4369834378968442e-15,-1.3877787807814457e-17,-0.23134783298590456,4.163336342344337e-17,1.3877787807814457e-17,-39.54187968701306,39.54187968701306,-6.3611093629270335e-15,0.0,0.0,0.0,0.0,0.0
3.269999999999751,0.23111748813917918,0.23111748813917915,0.0,-1.0321226793799084e-14,-4.163336342344337e-17,-0.23111748813917915,6.206335383118183e-17,5.003707553108401e-17,-39.61093033838585,39.61093033838585,-6.3611093629270335e-15,0.0,0.0,0.0,0.0,0.0
3.27999999999975,0.23088597218023496,0.230885972180235,0.0,-1.0331576182703408e-14,-4.163336342344337e-17,-0.230885972180235,4.163336342344337e-17,5.003707553108401e-17,-39.68023088169245,39.68023088169245,-6.3611093629270335e-15,0.0,0.0,0.0,0.0,0.0
3.2899999999997487,0.2306532993900668,0.23065329939006673,0.0,-3.4473327390872886e-15,-1.3877787807814457e-17,-0.23065329939006673,2.7755575615628914e-17,5.721958498152797e-17,-39.74977606076327,39.74977606076327,-1.2722218725854067e-14,0.0,0.0,0.0,0.0,0.0
3.2999999999997476,0.2304194841210284,0.23041948412102836,0.0,-3.4508308765600343e-15,-1.3877787807814457e-17,-0.23041948412102836,8.886119947416683e-17,3.1031676915590914e-17,-39.81956062729305,39.81956062729305,-6.3611093629270335e-15,0.0,0.0,0.0,0.0,0.0
3.3099999999997465,0.23018454079594688,0.2301845407959469,0.0,6.908706098301801e-15,2.7755575615628914e-17,-0.2301845407959469,2.7755575615628914e-17,3.925231146709438e-17,-39.88957934125981,39.88957934125981,-6.3611093629270335e-15,0.0,0.0,0.0,0.0,0.0
3.3199999999997454,0.22994848390723327,0.22994848390723327,0.0,-6.9157983288696716e-15,-2.7755575615628914e-17,-0.22994848390723327,6.938893903907228e-17,2.7755575615628914e-17,-39.95982697133335,39.95982697133335,-6.3611093629270335e-15,0.0,0.0,0.0,0.0,0.0
3.3299999999997443,0.22971132801598837,0.22971132801598843,0.0,-3.461469128377229e-15,-1.3877787807814457e-17,-0.22971132801598843,1.3877787807814457e-17,5.721958498152797e-17,-40.03029829527387,40.03029829527387,6.3611093629270335e-15,0.0,0.0,0.0,0.0,0.0
3.339999999999743,0.22947308775110464,0.22947308775110464,0.0,-3.465062845314206e-15,-1.3877787807814457e-17,-0.22947308775110464,5.721958498152797e-17,1.3877787807814457e-17,-40.10098810032047,40.10098810032047,1.2722218725854067e-14,0.0,0.0,0.0,0.0,0.0
3.349999999999742,0.22923377780836388,0.22923377780836385,0.0,-6.93736043586564e-15,-2.7755575615628914e-17,-0.22923377780836385,1.3877787807814457e-17,3.925231146709438e-17,-40.171891183569734,40.171891183569734,-1.2722218725854067e-14,0.0,0.0,0.0,0.0,0.0
3.359999999999741,0.22899341294953054,0.22899341294953052,0.0,-1.0416963441753567e-14,-4.163336342344337e-17,-0.22899341294953052,5.551115123125783e-17,5.003707553108401e-17,-40.24300235234478,40.24300235234478,-6.3611093629270335e-15,0.0,0.0,0.0,0.0,0.0
3.36999999999974,0.22875200800144135,0.22875200800144135,0.0,-3.475985532598556e-15,-1.3877787807814457e-17,-0.22875200800144135,7.850462293418876e-17,1.3877787807814457e-17,-40.31431642455449,40.31431642455449,-6.3611093629270335e-15,0.0,0.0,0.0,0.0,0.0
3.3799999999997388,0.22850957785509068,0.22850957785509057,0.0,-1.3918693086381117e-14,-5.551115123125783e-17,-0.22850957785509057,5.721958498152797e-17,1.2412670766236366e-16,-40.38582822904337,40.38582822904337,0.0,0.0,0.0,0.0,0.0,0.0
3.3899999999997377,0.22826613746471183,0.2282661374647118,0.0,-1.0450152780398296e-14,-4.163336342344337e-17,-0.2282661374647118,1.3877787807814457e-17,5.003707553108401e-17,-40.457532605932045,40.457532605932045,0.0,0.0,0.0,0.0,0.0,0.0
3.3999999999997366,0.22802170184685486,0.2280217018468549,0.0,-3.4871183923533484e-15,-1.3877787807814457e-17,-0.2280217018468549,1.3877787807814457e-17,5.721958498152797e-17,-40.52942440694854,40.52942440694854,6.3611093629270335e-15,0.0,0.0,0.0,0.0,0.0
3.4099999999997355,0.22777628607946002,0.22777628607946004,0.0,0.0,0.0,-0.22777628607946004,1.3877787807814457e-17,2.7755575615628914e-17,-40.601498495750576,40.601498495750576,0.0,0.0,0.0,0.0,0.0,0.0
3.4199999999997344,0.22752990530092784,0.22752990530092787,0.0,-3.494655655546641e-15,-1.3877787807814457e-17,-0.22752990530092787,0.0,3.1031676915590914e-17,-40.67374974823875,40.67374974823875,0.0,0.0,0.0,0.0,0.0,0.0
3.4299999999997333,0.22728257470918536,0.22728257470918534,0.0,-1.399383426350713e-14,-5.551115123125783e-17,-0.22728257470918534,1.3877787807814457e-17,6.206335383118183e-17,-40.74617305286106,40.74617305286106,6.3611093629270335e-15,0.0,0.0,0.0,0.0,0.0
3.439999999999732,0.22703430956074847,0.22703430956074844,0.0,-1.0506852535692904e-14,-4.163336342344337e-17,-0.22703430956074844,0.0,5.003707553108401e-17,-40.81876331090883,40.81876331090883,6.3611093629270335e-15,0.0,0.0,0.0,0.0,0.0
3.449999999999731,0.22678512516978094,0.22678512516978092,0.0,-1.7530661893512745e-14,-6.938893903907228e-17,-0.22678512516978092,6.938893903907228e-17,7.473417450352271e-17,-40.891515436803935,40.891515436803935,-6.3611093629270335e-15,0.0,0.0,0.0,0.0,0.0
3.45999999999973,0.22653503690714982,0.22653503690714985,0.0,-7.020006099028147e-15,-2.7755575615628914e-17,-0.22653503690714985,5.721958498152797e-17,3.925231146709438e-17,-40.96442435837781,40.96442435837781,0.0,0.0,0.0,0.0,0.0,0.0
3.469999999999729,0.22628406019947717,0.22628406019947725,0.0,7.0277921446604484e-15,2.7755575615628914e-17,-0.22628406019947725,0.0,8.777083671441753e-17,-41.03748501714221,41.03748501714221,1.2722218725854067e-14,0.0,0.0,0.0,0.0,0.0
3.4799999999997278,0.22603221052818845,0.2260322105281884,0.0,-1.758905663285361e-14,-6.938893903907228e-17,-0.2260322105281884,5.551115123125783e-17,8.886119947416683e-17,-41.11069236855183,41.11069236855183,6.3611093629270335e-15,0.0,0.0,0.0,0.0,0.0
3.4899999999997267,0.22577950342855777,0.2257795034285577,0.0,-1.0565246069169617e-14,-4.163336342344337e-17,-0.2257795034285577,1.1443916996305594e-16,6.938893903907228e-17,-41.184041382259004,41.184041382259004,1.2722218725854067e-14,0.0,0.0,0.0,0.0,0.0
3.4999999999997256,0.22552595448874938,0.2255259544887493,0.0,-1.0577124111968397e-14,-4.163336342344337e-17,-0.2255259544887493,1.1443916996305594e-16,9.309503074677274e-17,-41.25752704236068,41.25752704236068,6.3611093629270335e-15,0.0,0.0,0.0,0.0,0.0
3.5099999999997245,0.2252715793488562,0.22527157934885622,0.0,-1.058906772879492e-14,-4.163336342344337e-17,-0.22527157934885622,6.206335383118183e-17,5.003707553108401e-17,-41.33114434763762,41.33114434763762,6.3611093629270335e-15,0.0,0.0,0.0,0.0,0.0
3.5199999999997234,0.22501639369993506,0.2250163936999351,0.0,-3.5336921781184362e-15,-1.3877787807814457e-17,-0.2250163936999351,5.551115123125783e-17,3.1031676915590914e-17,-41.40488831178619,41.40488831178619,6.3611093629270335e-15,0.0,0.0,0.0,0.0,0.0
3.5299999999997222,0.22476041328303883,0.2247604132830388,0.0,-1.0613150137314013e-14,-4.163336342344337e-17,-0.2247604132830388,5.551115123125783e-17,5.003707553108401e-17,-41.47875396364275,41.47875396364275,-6.3611093629270335e-15,0.0,0.0,0.0,0.0,0.0
3.539999999999721,0.22450365388824545,0.22450365388824542,0.0,-7.083525426821672e-15,-2.7755575615628914e-17,-0.22450365388824542,6.206335383118183e-17,3.925231146709438e-17,-41.55273634740082,41.55273634740082,-6.3611093629270335e-15,0.0,0.0,0.0,0.0,0.0
3.54999999999972,0.22424613135368374,0.22424613135368374,0.0,-3.545830046502683e-15,-1.3877787807814457e-17,-0.22424613135368374,0.0,1.3877787807814457e-17,-41.62683052282113,41.62683052282113,1.2722218725854067e-14,0.0,0.0,0.0,0.0,0.0
3.559999999999719,0.22398786156455672,0.2239878615645567,0.0,-7.099837150208323e-15,-2.7755575615628914e-17,-0.2239878615645567,6.938893903907228e-17,3.925231146709438e-17,-41.70103156543487,41.70103156543487,6.3611093629270335e-15,0.0,0.0,0.0,0.0,0.0
3.569999999999718,0.22372886045216156,0.22372886045216156,0.0,-3.55402816051038e-15,-1.3877787807814457e-17,-0.22372886045216156,5.721958498152797e-17,1.3877787807814457e-17,-41.7753345667399,41.7753345667399,6.3611093629270335e-15,0.0,0.0,0.0,0.0,0.0
3.5799999999997167,0.22346914399290685,0.2234691439929069,0.0,-3.558158661900623e-15,-1.3877787807814457e-17,-0.2234691439929069,5.551115123125783e-17,5.721958498152797e-17,-41.849734634390636,41.849734634390636,1.2722218725854067e-14,0.0,0.0,0.0,0.0,0.0
3.5899999999997156,0.22320872820732718,0.22320872820732718,0.0,-3.562309936318062e-15,-1.3877787807814457e-17,-0.22320872820732718,5.551115123125783e-17,1.3877787807814457e-17,-41.9242268923811,41.9242268923811,6.3611093629270335e-15,0.0,0.0,0.0,0.0,0.0
3.5999999999997145,0.22294762915909488,0.22294762915909494,0.0,-7.13296367729903e-15,-2.7755575615628914e-17,-0.22294762915909494,6.206335383118183e-17,6.206335383118183e-17,-41.99880648122182,41.99880648122182,-6.3611093629270335e-15,0.0,0.0,0.0,0.0,0.0
3.6099999999997134,0.22268586295402912,0.2226858629540291,0.0,-7.141348443210571e-15,-2.7755575615628914e-17,-0.2226858629540291,5.551115123125783e-17,3.925231146709438e-17,-42.07346855811042,42.07346855811042,-1.2722218725854067e-14,0.0,0.0,0.0,0.0,0.0
3.6199999999997123,0.22242344573910247,0.22242344573910244,0.0,-1.0724660807097087e-14,-4.163336342344337e-17,-0.22242344573910244,5.551115123125783e-17,5.003707553108401e-17,-42.14820829709608,42.14820829709608,0.0,0.0,0.0,0.0,0.0,0.0
3.6299999999997112,0.2221603937014448,0.22216039370144483,0.0,0.0,0.0,-0.22216039370144483,1.1443916996305594e-16,2.7755575615628914e-17,-42.22302088923814,42.22302088923814,1.2722218725854067e-14,0.0,0.0,0.0,0.0,0.0
3.63999999999971,0.22189672306734493,0.22189672306734498,0.0,3.5833727482517036e-15,1.3877787807814457e-17,-0.22189672306734498,5.551115123125783e-17,5.721958498152797e-17,-42.2979015427588,42.2979015427588,-1.2722218725854067e-14,0.0,0.0,0.0,0.0,0.0
3.649999999999709,0.22163245010124955,0.2216324501012496,0.0,-3.587645536574773e-15,-1.3877787807814457e-17,-0.2216324501012496,1.3877787807814457e-17,5.721958498152797e-17,-42.37284548319015,42.37284548319015,1.2722218725854067e-14,0.0,0.0,0.0,0.0,0.0
3.659999999999708,0.22136759110476006,0.22136759110476012,0.0,-1.0775814107173267e-14,-4.163336342344337e-17,-0.22136759110476012,6.206335383118183e-17,6.938893903907228e-17,-42.44784795351567,42.44784795351567,-1.2722218725854067e-14,0.0,0.0,0.0,0.0,0.0
3.669999999999707,0.22110216241562694,0.22110216241562697,0.0,0.0,0.0,-0.22110216241562697,0.0,2.7755575615628914e-17,-42.522904214306344,42.522904214306344,0.0,0.0,0.0,0.0,0.0,0.0
3.6799999999997057,0.22083618040674202,0.220836180406742,0.0,-7.201163042227697e-15,-2.7755575615628914e-17,-0.220836180406742,0.0,3.925231146709438e-17,-42.598009543851404,42.598009543851404,0.0,0.0,0.0,0.0,0.0,0.0
3.6899999999997046,0.2205696614851285,0.2205696614851284,0.0,-7.2098643577008e-15,-2.7755575615628914e-17,-0.2205696614851284,6.206335383118183e-17,8.777083671441753e-17,-42.673159238284015,42.673159238284015,0.0,0.0,0.0,0.0,0.0,0.0
3.6999999999997035,0.22030262209092888,0.22030262209092888,0.0,-7.218603780736568e-15,-2.7755575615628914e-17,-0.22030262209092888,6.206335383118183e-17,2.7755575615628914e-17,-42.748348611701836,42.748348611701836,-6.3611093629270335e-15,0.0,0.0,0.0,0.0,0.0
3.7099999999997024,0.22003507869639086,0.22003507869639088,0.0,-1.4454761942081582e-14,-5.551115123125783e-17,-0.22003507869639088,5.551115123125783e-17,6.206335383118183e-17,-42.8235729962828,42.8235729962828,1.2722218725854067e-14,0.0,0.0,0.0,0.0,0.0
3.7199999999997013,0.21976704780485126,0.21976704780485112,0.0,-7.23619558353395e-15,-2.7755575615628914e-17,-0.21976704780485112,6.206335383118183e-17,1.415262216750919e-16,-42.89882774239599,42.89882774239599,0.0,0.0,0.0,0.0,0.0,0.0
3.7299999999997,0.21949854594971802,0.21949854594971796,0.0,-7.24504726831336e-15,-2.7755575615628914e-17,-0.21949854594971796,6.206335383118183e-17,6.206335383118183e-17,-42.974108218708004,42.974108218708004,0.0,0.0,0.0,0.0,0.0,0.0
3.739999999999699,0.2192295896934503,0.21922958969345024,0.0,-3.6269678353078406e-15,-1.3877787807814457e-17,-0.21922958969345024,5.551115123125783e-17,5.721958498152797e-17,-43.0494098122847,43.0494098122847,6.3611093629270335e-15,0.0,0.0,0.0,0.0,0.0
3.749999999999698,0.2189601956265369,0.21896019562653693,0.0,0.0,0.0,-0.21896019562653693,1.1443916996305594e-16,2.7755575615628914e-17,-43.12472792868858,43.12472792868858,1.2722218725854067e-14,0.0,0.0,0.0,0.0,0.0
3.759999999999697,0.2186903803664728,0.21869038036647281,0.0,-3.635910592104769e-15,-1.3877787807814457e-17,-0.21869038036647281,0.0,3.1031676915590914e-17,-43.20005799207185,43.20005799207185,6.3611093629270335e-15,0.0,0.0,0.0,0.0,0.0
3.769999999999696,0.21842016055673422,0.2184201605567342,0.0,-3.640408780669052e-15,-1.3877787807814457e-17,-0.2184201605567342,1.0007415106216802e-16,3.1031676915590914e-17,-43.275395445265396,43.275395445265396,-1.2722218725854067e-14,0.0,0.0,0.0,0.0,0.0
3.7799999999996947,0.21814955286575186,0.21814955286575188,0.0,0.0,0.0,-0.21814955286575188,5.551115123125783e-17,2.7755575615628914e-17,-43.350735749863674,43.350735749863674,1.2722218725854067e-14,0.0,0.0,0.0,0.0,0.0
3.7899999999996936,0.21787857398588278,0.21787857398588276,0.0,-3.6494578416756095e-15,-1.3877787807814457e-17,-0.21787857398588276,5.551115123125783e-17,3.1031676915590914e-17,-43.4260743863056,43.4260743863056,6.3611093629270335e-15,0.0,0.0,0.0,0.0,0.0
3.7999999999996925,0.21760724063238068,0.21760724063238068,0.0,-3.654008331961542e-15,-1.3877787807814457e-17,-0.21760724063238068,1.0007415106216802e-16,1.3877787807814457e-17,-43.50140685395179,43.50140685395179,-6.3611093629270335e-15,0.0,0.0,0.0,0.0,0.0
3.8099999999996914,0.21733556954236496,0.217335569542365,0.0,-3.658575869749124e-15,-1.3877787807814457e-17,-0.217335569542365,0.0,3.1031676915590914e-17,-43.57672867115788,43.57672867115788,-6.3611093629270335e-15,0.0,0.0,0.0,0.0,0.0
3.8199999999996903,0.2170635774737881,0.21706357747378813,0.0,-7.326320515120944e-15,-2.7755575615628914e-17,-0.21706357747378813,5.551115123125783e-17,3.925231146709438e-17,-43.65203537534446,43.65203537534446,-1.2722218725854067e-14,0.0,0.0,0.0,0.0,0.0
3.829999999999689,0.21679128120440205,0.2167912812044021,0.0,-7.335522590654198e-15,-2.7755575615628914e-17,-0.2167912812044021,2.7755575615628914e-17,6.206335383118183e-17,-43.72732252306339,43.72732252306339,-6.3611093629270335e-15,0.0,0.0,0.0,0.0,0.0
3.839999999999688,0.21651869753072342,0.2165186975307234,0.0,0.0,0.0,-0.2165186975307234,6.206335383118183e-17,2.7755575615628914e-17,-43.802585690060745,43.802585690060745,-6.3611093629270335e-15,0.0,0.0,0.0,0.0,0.0
3.849999999999687,0.2162458432669971,0.2162458432669972,0.0,0.0,0.0,-0.2162458432669972,6.206335383118183e-17,8.326672684688674e-17,-43.87782047133659,43.87782047133659,-1.2722218725854067e-14,0.0,0.0,0.0,0.0,0.0
3.859999999999686,0.21597273524415941,0.2159727352441594,0.0,-3.68166226846628e-15,-1.3877787807814457e-17,-0.2159727352441594,6.206335383118183e-17,3.1031676915590914e-17,-43.95302248120143,43.95302248120143,1.2722218725854067e-14,0.0,0.0,0.0,0.0,0.0
3.869999999999685,0.21569939030879964,0.21569939030879964,0.0,-3.686327852978826e-15,-1.3877787807814457e-17,-0.21569939030879964,2.7755575615628914e-17,1.3877787807814457e-17,-44.02818735332973,44.02818735332973,-6.3611093629270335e-15,0.0,0.0,0.0,0.0,0.0
3.8799999999996837,0.21542582532212093,0.2154258253221209,0.0,0.0,0.0,-0.2154258253221209,1.1443916996305594e-16,2.7755575615628914e-17,-44.10331074081041,44.10331074081041,0.0,0.0,0.0,0.0,0.0,0.0
3.8899999999996826,0.21515205715890026,0.2151520571589003,0.0,-3.695705636589059e-15,-1.3877787807814457e-17,-0.2151520571589003,6.206335383118183e-17,3.1031676915590914e-17,-44.17838831619441,44.17838831619441,-1.2722218725854067e-14,0.0,0.0,0.0,0.0,0.0
3.8999999999996815,0.21487810270644755,0.21487810270644758,0.0,-1.1101252203238395e-14,-4.163336342344337e-17,-0.21487810270644758,5.551115123125783e-17,5.003707553108401e-17,-44.253415771539615,44.253415771539615,-1.2722218725854067e-14,0.0,0.0,0.0,0.0,0.0
3.9099999999996804,0.21460397886356386,0.21460397886356386,0.0,-1.4820576479085594e-14,-5.551115123125783e-17,-0.21460397886356386,2.7755575615628914e-17,5.551115123125783e-17,-44.32838881845296,44.32838881845296,-6.3611093629270335e-15,0.0,0.0,0.0,0.0,0.0
3.9199999999996793,0.21432970253949904,0.21432970253949898,0.0,-1.1129656705691678e-14,-4.163336342344337e-17,-0.21432970253949898,6.206335383118183e-17,6.938893903907228e-17,-44.40330318813007,44.40330318813007,-1.2722218725854067e-14,0.0,0.0,0.0,0.0,0.0
3.929999999999678,0.2140552906529087,0.21405529065290863,0.0,-1.1143924561834809e-14,-4.163336342344337e-17,-0.21405529065290863,0.0,9.309503074677274e-17,-44.47815463139232,44.47815463139232,6.3611093629270335e-15,0.0,0.0,0.0,0.0,0.0
3.939999999999677,0.21378076013081063,0.2137807601308106,0.0,-1.1158235238933674e-14,-4.163336342344337e-17,-0.2137807601308106,0.0,5.003707553108401e-17,-44.552938918721516,44.552938918721516,1.2722218725854067e-14,0.0,0.0,0.0,0.0,0.0
3.949999999999676,0.21350612790754056,0.2135061279075406,0.0,-1.1172588039864826e-14,-4.163336342344337e-17,-0.2135061279075406,2.7755575615628914e-17,5.003707553108401e-17,-44.62765184029228,44.62765184029228,6.3611093629270335e-15,0.0,0.0,0.0,0.0,0.0
3.959999999999675,0.21323141092370768,0.21323141092370768,0.0,-1.1186982259152796e-14,-4.163336342344337e-17,-0.21323141092370768,5.551115123125783e-17,4.163336342344337e-17,-44.70228920600218,44.70228920600218,-6.3611093629270335e-15,0.0,0.0,0.0,0.0,0.0
3.969999999999674,0.21295662612514957,0.21295662612514957,0.0,0.0,0.0,-0.21295662612514957,2.7755575615628914e-17,0.0,-44.77684684549971,44.77684684549971,0.0,0.0,0.0,0.0,0.0,0.0
3.9799999999996727,0.21268179046188698,0.21268179046188695,0.0,0.0,0.0,-0.21268179046188695,5.551115123125783e-17,2.7755575615628914e-17,-44.85132060821021,44.85132060821021,0.0,0.0,0.0,0.0,0.0,0.0
3.9899999999996716,0.2124069208870782,0.21240692088707824,0.0,-1.1230406246347286e-14,-4.163336342344337e-17,-0.21240692088707824,6.206335383118183e-17,6.938893903907228e-17,-44.92570636335983,44.92570636335983,-6.3611093629270335e-15,0.0,0.0,0.0,0.0,0.0
3.9999999999996705,0.21213203435597333,0.21213203435597333,0.0,-3.748319638662294e-15,-1.3877787807814457e-17,-0.21213203435597333,5.551115123125783e-17,1.3877787807814457e-17,-44.99999999999755,44.99999999999755,6.3611093629270335e-15,0.0,0.0,0.0,0.0,0.0
4.009999999999674,0.21185714782486834,0.2118571478248683,-0.0,-3.753183116687573e-15,-1.3877787807814457e-17,-0.2118571478248683,5.551115123125783e-17,3.1031676915590914e-17,-45.07419742701544,45.07419742701544,6.3611093629270335e-15,0.0,0.0,0.0,0.0,0.0
4.019999999999677,0.2115822782500594,0.21158227825005949,-0.0,7.51611786149822e-15,2.7755575615628914e-17,-0.21158227825005949,0.0,8.777083671441753e-17,-45.14829457316698,45.14829457316698,6.3611093629270335e-15,0.0,0.0,0.0,0.0,0.0
4.0299999999996805,0.21130744258679668,0.21130744258679668,-0.0,-3.7629468258756095e-15,-1.3877787807814457e-17,-0.21130744258679668,0.0,1.3877787807814457e-17,-45.22228738708398,45.22228738708398,0.0,0.0,0.0,0.0,0.0,0.0
4.039999999999684,0.21103265778823846,0.21103265778823846,-0.0,0.0,0.0,-0.21103265778823846,2.7755575615628914e-17,0.0,-45.296171837291716,45.296171837291716,-6.3611093629270335e-15,0.0,0.0,0.0,0.0,0.0
4.049999999999687,0.21075794080440546,0.21075794080440552,-0.0,3.772757825071985e-15,1.3877787807814457e-17,-0.21075794080440552,6.206335383118183e-17,5.721958498152797e-17,-45.36994391222257,45.36994391222257,-1.2722218725854067e-14,0.0,0.0,0.0,0.0,0.0
4.0599999999996905,0.21048330858113526,0.2104833085811353,-0.0,-1.1333041214420706e-14,-4.163336342344337e-17,-0.2104833085811353,6.206335383118183e-17,5.003707553108401e-17,-45.443599620228206,45.443599620228206,-1.2722218725854067e-14,0.0,0.0,0.0,0.0,0.0
4.069999999999694,0.21020877805903707,0.2102087780590371,-0.0,-1.1347842050762e-14,-4.163336342344337e-17,-0.2102087780590371,1.1443916996305594e-16,5.003707553108401e-17,-45.51713498959035,45.51713498959035,6.3611093629270335e-15,0.0,0.0,0.0,0.0,0.0
4.079999999999697,0.2099343661724466,0.20993436617244662,-0.0,-1.136267517600326e-14,-4.163336342344337e-17,-0.20993436617244662,5.551115123125783e-17,5.003707553108401e-17,-45.59054606853033,45.59054606853033,0.0,0.0,0.0,0.0,0.0,0.0
4.0899999999997005,0.20966008984838164,0.20966008984838164,-0.0,0.0,0.0,-0.20966008984838164,5.551115123125783e-17,0.0,-45.66382892521711,45.66382892521711,-6.3611093629270335e-15,0.0,0.0,0.0,0.0,0.0
4.099999999999704,0.2093859660054978,0.2093859660054978,-0.0,-3.79747833885391e-15,-1.3877787807814457e-17,-0.2093859660054978,5.551115123125783e-17,1.3877787807814457e-17,-45.73697964777442,45.73697964777442,-1.2722218725854067e-14,0.0,0.0,0.0,0.0,0.0
4.109999999999707,0.20911201155304496,0.2091120115530449,-0.0,-3.8024533572246685e-15,-1.3877787807814457e-17,-0.2091120115530449,5.551115123125783e-17,5.721958498152797e-17,-45.80999434428654,45.80999434428654,-1.2722218725854067e-14,0.0,0.0,0.0,0.0,0.0
4.119999999999711,0.20883824338982418,0.2088382433898242,-0.0,-1.1422314095244246e-14,-4.163336342344337e-17,-0.2088382433898242,5.551115123125783e-17,5.003707553108401e-17,-45.88286914280306,45.88286914280306,-6.3611093629270335e-15,0.0,0.0,0.0,0.0,0.0
4.129999999999714,0.20856467840314533,0.20856467840314533,-0.0,-3.812432078402629e-15,-1.3877787807814457e-17,-0.20856467840314533,5.551115123125783e-17,1.3877787807814457e-17,-45.95560019134271,45.95560019134271,-6.3611093629270335e-15,0.0,0.0,0.0,0.0,0.0
4.139999999999717,0.20829133346778542,0.2082913334677854,-0.0,-1.5269740840923778e-14,-5.551115123125783e-17,-0.2082913334677854,0.0,6.206335383118183e-17,-46.02818365789599,46.02818365789599,-6.3611093629270335e-15,0.0,0.0,0.0,0.0,0.0
4.149999999999721,0.20801822544494758,0.20801822544494752,-0.0,-1.52897885493464e-14,-5.551115123125783e-17,-0.20801822544494752,0.0,7.850462293418876e-17,-46.100615730427215,46.100615730427215,-1.2722218725854067e-14,0.0,0.0,0.0,0.0,0.0
4.159999999999724,0.20774537118122113,0.20774537118122116,-0.0,-3.827467566881484e-15,-1.3877787807814457e-17,-0.20774537118122116,2.7755575615628914e-17,3.1031676915590914e-17,-46.17289261687542,46.17289261687542,-6.3611093629270335e-15,0.0,0.0,0.0,0.0,0.0
4.169999999999727,0.20747278750754236,0.20747278750754233,-0.0,-7.664992406167708e-15,-2.7755575615628914e-17,-0.20747278750754233,5.551115123125783e-17,3.925231146709438e-17,-46.24501054515456,46.24501054515456,6.3611093629270335e-15,0.0,0.0,0.0,0.0,0.0
4.179999999999731,0.2072004912381562,0.2072004912381562,-0.0,-1.1512598241651082e-14,-4.163336342344337e-17,-0.2072004912381562,8.326672684688674e-17,4.163336342344337e-17,-46.316965763153085,46.316965763153085,0.0,0.0,0.0,0.0,0.0,0.0
4.189999999999734,0.2069284991695792,0.20692849916957926,-0.0,3.842576897608762e-15,1.3877787807814457e-17,-0.20692849916957926,6.206335383118183e-17,5.721958498152797e-17,-46.38875453873258,46.38875453873258,0.0,0.0,0.0,0.0,0.0,0.0
4.199999999999737,0.20665682807956332,0.20665682807956334,-0.0,-3.8476283496413145e-15,-1.3877787807814457e-17,-0.20665682807956334,2.7755575615628914e-17,3.1031676915590914e-17,-46.460373159725975,46.460373159725975,-1.2722218725854067e-14,0.0,0.0,0.0,0.0,0.0
4.209999999999741,0.2063854947260611,0.20638549472606116,-0.0,-3.85268679575219e-15,-1.3877787807814457e-17,-0.20638549472606116,0.0,5.721958498152797e-17,-46.53181793393495,46.53181793393495,6.3611093629270335e-15,0.0,0.0,0.0,0.0,0.0
4.219999999999744,0.20611451584619186,0.2061145158461919,-0.0,-7.715503850871258e-15,-2.7755575615628914e-17,-0.2061145158461919,6.206335383118183e-17,3.925231146709438e-17,-46.60308518912697,46.60308518912697,-6.3611093629270335e-15,0.0,0.0,0.0,0.0,0.0
4.229999999999747,0.20584390815520937,0.20584390815520937,-0.0,0.0,0.0,-0.20584390815520937,6.206335383118183e-17,0.0,-46.674171273031625,46.674171273031625,-1.2722218725854067e-14,0.0,0.0,0.0,0.0,0.0
4.239999999999751,0.20557368834547063,0.2055736883454706,-0.0,-1.9339504893973422e-14,-6.938893903907228e-17,-0.2055736883454706,2.7755575615628914e-17,7.473417450352271e-17,-46.74507255333666,46.74507255333666,6.3611093629270335e-15,0.0,0.0,0.0,0.0,0.0
4.249999999999754,0.2053038730854064,0.20530387308540637,-0.0,-7.745968533531773e-15,-2.7755575615628914e-17,-0.20530387308540637,2.7755575615628914e-17,3.925231146709438e-17,-46.81578541768347,46.81578541768347,-1.2722218725854067e-14,0.0,0.0,0.0,0.0,0.0
4.259999999999757,0.20503447901849287,0.20503447901849287,-0.0,-3.878072966908959e-15,-1.3877787807814457e-17,-0.20503447901849287,5.551115123125783e-17,1.3877787807814457e-17,-46.886306273662186,46.886306273662186,0.0,0.0,0.0,0.0,0.0,0.0
4.269999999999761,0.204765522762225,0.20476552276222498,-0.0,-7.766333508099401e-15,-2.7755575615628914e-17,-0.20476552276222498,0.0,3.925231146709438e-17,-46.95663154880656,46.95663154880656,0.0,0.0,0.0,0.0,0.0,0.0
4.279999999999764,0.2044970209070916,0.2044970209070916,-0.0,-1.1664795900285486e-14,-4.163336342344337e-17,-0.2044970209070916,2.7755575615628914e-17,4.163336342344337e-17,-47.02675769058835,47.02675769058835,-6.3611093629270335e-15,0.0,0.0,0.0,0.0,0.0
4.289999999999767,0.20422899001555186,0.2042289900155519,-0.0,-7.786736548080955e-15,-2.7755575615628914e-17,-0.2042289900155519,6.206335383118183e-17,3.925231146709438e-17,-47.09668116641154,47.09668116641154,-6.3611093629270335e-15,0.0,0.0,0.0,0.0,0.0
4.299999999999771,0.2039614466210137,0.20396144662101373,-0.0,-3.898475341976505e-15,-1.3877787807814457e-17,-0.20396144662101373,5.551115123125783e-17,3.1031676915590914e-17,-47.166398463606335,47.166398463606335,-6.3611093629270335e-15,0.0,0.0,0.0,0.0,0.0
4.309999999999774,0.20369440722681395,0.20369440722681398,-0.0,0.0,0.0,-0.20369440722681398,6.206335383118183e-17,2.7755575615628914e-17,-47.23590608942282,47.23590608942282,-1.2722218725854067e-14,0.0,0.0,0.0,0.0,0.0
4.319999999999777,0.20342788830520028,0.2034278883052003,-0.0,-3.9087004097144376e-15,-1.3877787807814457e-17,-0.2034278883052003,5.551115123125783e-17,3.1031676915590914e-17,-47.305200571024656,47.305200571024656,6.3611093629270335e-15,0.0,0.0,0.0,0.0,0.0
4.329999999999781,0.2031619062963152,0.20316190629631525,-0.0,-3.913817727257172e-15,-1.3877787807814457e-17,-0.20316190629631525,2.7755575615628914e-17,5.721958498152797e-17,-47.37427845548244,47.37427845548244,-1.2722218725854067e-14,0.0,0.0,0.0,0.0,0.0
4.339999999999784,0.20289647760718194,0.2028964776071819,-0.0,-7.837875548586988e-15,-2.7755575615628914e-17,-0.2028964776071819,0.0,3.925231146709438e-17,-47.443136309767056,47.443136309767056,0.0,0.0,0.0,0.0,0.0,0.0
4.349999999999787,0.2026316186106923,0.2026316186106923,-0.0,-1.1772180607611086e-14,-4.163336342344337e-17,-0.2026316186106923,6.206335383118183e-17,4.163336342344337e-17,-47.51177072074294,47.51177072074294,-1.2722218725854067e-14,0.0,0.0,0.0,0.0,0.0
4.359999999999791,0.20236734564459677,0.20236734564459677,-0.0,-1.5716738643443474e-14,-5.551115123125783e-17,-0.20236734564459677,5.551115123125783e-17,5.551115123125783e-17,-47.580178295161296,47.580178295161296,1.2722218725854067e-14,0.0,0.0,0.0,0.0,0.0
4.369999999999794,0.20210367501049675,0.20210367501049675,-0.0,-1.1802932385933829e-14,-4.163336342344337e-17,-0.20210367501049675,2.7755575615628914e-17,4.163336342344337e-17,-47.648355659653255,47.648355659653255,-6.3611093629270335e-15,0.0,0.0,0.0,0.0,0.0
4.379999999999797,0.20184062297283895,0.201840622972839,-0.0,-1.181831474736696e-14,-4.163336342344337e-17,-0.201840622972839,0.0,6.938893903907228e-17,-47.71629946072309,47.71629946072309,6.3611093629270335e-15,0.0,0.0,0.0,0.0,0.0
4.389999999999801,0.20157820575791213,0.20157820575791213,-0.0,-7.889133325462882e-15,-2.7755575615628914e-17,-0.20157820575791213,6.206335383118183e-17,2.7755575615628914e-17,-47.78400636474143,47.78400636474143,-6.3611093629270335e-15,0.0,0.0,0.0,0.0,0.0
4.399999999999804,0.20131643955284623,0.2013164395528462,-0.0,-3.949695673795943e-15,-1.3877787807814457e-17,-0.2013164395528462,0.0,3.1031676915590914e-17,-47.85147305793854,47.85147305793854,-6.3611093629270335e-15,0.0,0.0,0.0,0.0,0.0
4.409999999999807,0.20105534050461377,0.20105534050461385,-0.0,-7.909649834420909e-15,-2.7755575615628914e-17,-0.20105534050461385,2.7755575615628914e-17,8.777083671441753e-17,-47.9186962463977,47.9186962463977,0.0,0.0,0.0,0.0,0.0,0.0
4.419999999999811,0.20079492471903396,0.20079492471903398,-0.0,-1.5839816100501378e-14,-5.551115123125783e-17,-0.20079492471903398,7.850462293418876e-17,6.206335383118183e-17,-47.98567265604868,47.98567265604868,1.2722218725854067e-14,0.0,0.0,0.0,0.0,0.0
4.429999999999814,0.20053520825977908,0.2005352082597791,-0.0,0.0,0.0,-0.2005352082597791,0.0,2.7755575615628914e-17,-48.052399032661306,48.052399032661306,0.0,0.0,0.0,0.0,0.0,0.0
4.439999999999817,0.20027620714738378,0.2002762071473837,-0.0,-1.9851051747268582e-14,-6.938893903907228e-17,-0.2002762071473837,2.7755575615628914e-17,1.0838898772828417e-16,-48.118872141839205,48.118872141839205,0.0,0.0,0.0,0.0,0.0,0.0
4.449999999999821,0.20001793735825663,0.20001793735825657,-0.0,-1.987668408313022e-14,-6.938893903907228e-17,-0.20001793735825657,5.551115123125783e-17,8.886119947416683e-17,-48.18508876901376,48.18508876901376,1.2722218725854067e-14,0.0,0.0,0.0,0.0,0.0
4.459999999999824,0.19976041482369478,0.19976041482369472,-0.0,-1.194138494958056e-14,-4.163336342344337e-17,-0.19976041482369472,5.551115123125783e-17,6.938893903907228e-17,-48.251045719438196,48.251045719438196,0.0,0.0,0.0,0.0,0.0,0.0
4.4699999999998274,0.19950365542890122,0.19950365542890125,-0.0,0.0,0.0,-0.19950365542890125,2.7755575615628914e-17,2.7755575615628914e-17,-48.31673981818183,48.31673981818183,-1.2722218725854067e-14,0.0,0.0,0.0,0.0,0.0
4.479999999999831,0.19924767501200485,0.1992476750120049,-0.0,-7.98140977371978e-15,-2.7755575615628914e-17,-0.1992476750120049,5.551115123125783e-17,6.206335383118183e-17,-48.38216791012467,48.38216791012467,-6.3611093629270335e-15,0.0,0.0,0.0,0.0,0.0
4.489999999999834,0.19899248936308356,0.19899248936308356,-0.0,-3.995822520291516e-15,-1.3877787807814457e-17,-0.19899248936308356,0.0,1.3877787807814457e-17,-48.447326859952184,48.447326859952184,6.3611093629270335e-15,0.0,0.0,0.0,0.0,0.0
4.4999999999998375,0.19873811422319024,0.1987381142231902,-0.0,-8.00187395833805e-15,-2.7755575615628914e-17,-0.1987381142231902,5.551115123125783e-17,3.925231146709438e-17,-48.512213552150264,48.512213552150264,-6.3611093629270335e-15,0.0,0.0,0.0,0.0,0.0
4.509999999999841,0.19848456528338168,0.1984845652833817,-0.0,-8.012095743874476e-15,-2.7755575615628914e-17,-0.1984845652833817,5.551115123125783e-17,3.925231146709438e-17,-48.576824891000584,48.576824891000584,-6.3611093629270335e-15,0.0,0.0,0.0,0.0,0.0
4.519999999999844,0.19823185818375086,0.19823185818375083,-0.0,-4.0111548045361415e-15,-1.3877787807814457e-17,-0.19823185818375083,5.551115123125783e-17,3.1031676915590914e-17,-48.64115780057619,48.64115780057619,6.3611093629270335e-15,0.0,0.0,0.0,0.0,0.0
4.5299999999998475,0.197980008512462,0.19798000851246206,-0.0,-4.0162573804305516e-15,-1.3877787807814457e-17,-0.19798000851246206,5.551115123125783e-17,5.721958498152797e-17,-48.70520922473733,48.70520922473733,-1.2722218725854067e-14,0.0,0.0,0.0,0.0,0.0
4.539999999999851,0.19772903180478918,0.19772903180478912,-0.0,-2.0106776003204513e-14,-6.938893903907228e-17,-0.19772903180478912,5.551115123125783e-17,8.886119947416683e-17,-48.76897612712772,48.76897612712772,6.3611093629270335e-15,0.0,0.0,0.0,0.0,0.0
4.549999999999854,0.19747894354215792,0.19747894354215792,-0.0,-1.6105791455100275e-14,-5.551115123125783e-17,-0.19747894354215792,2.7755575615628914e-17,5.551115123125783e-17,-48.83245549117106,48.83245549117106,-6.3611093629270335e-15,0.0,0.0,0.0,0.0,0.0
4.5599999999998575,0.19722975915119026,0.19722975915119018,-0.0,-1.612613986424535e-14,-5.551115123125783e-17,-0.19722975915119018,6.206335383118183e-17,1.0007415106216802e-16,-48.89564432006784,48.89564432006784,-6.3611093629270335e-15,0.0,0.0,0.0,0.0,0.0
4.569999999999861,0.19698149400275322,0.19698149400275328,-0.0,-8.073232202764846e-15,-2.7755575615628914e-17,-0.19698149400275328,5.551115123125783e-17,6.206335383118183e-17,-48.958539636792594,48.958539636792594,6.3611093629270335e-15,0.0,0.0,0.0,0.0,0.0
4.579999999999864,0.19673416341101058,0.19673416341101058,-0.0,0.0,0.0,-0.19673416341101058,2.7755575615628914e-17,0.0,-49.021138484091495,49.021138484091495,-6.3611093629270335e-15,0.0,0.0,0.0,0.0,0.0
4.5899999999998675,0.19648778263247826,0.19648778263247824,-0.0,-8.093517670288448e-15,-2.7755575615628914e-17,-0.19648778263247824,0.0,3.925231146709438e-17,-49.083437924480236,49.083437924480236,-6.3611093629270335e-15,0.0,0.0,0.0,0.0,0.0
4.599999999999871,0.19624236686508328,0.19624236686508328,-0.0,-4.051819609944561e-15,-1.3877787807814457e-17,-0.19624236686508328,5.551115123125783e-17,1.3877787807814457e-17,-49.14543504024235,49.14543504024235,0.0,0.0,0.0,0.0,0.0,0.0
4.609999999999874,0.19599793124722614,0.1959979312472262,-0.0,-4.056872770574879e-15,-1.3877787807814457e-17,-0.1959979312472262,5.551115123125783e-17,5.721958498152797e-17,-49.20712693342794,49.20712693342794,0.0,0.0,0.0,0.0,0.0,0.0
4.6199999999998775,0.19575449085684715,0.1957544908568472,-0.0,0.0,0.0,-0.1957544908568472,5.551115123125783e-17,5.551115123125783e-17,-49.268510725852735,49.268510725852735,-6.3611093629270335e-15,0.0,0.0,0.0,0.0,0.0
4.629999999999881,0.19551206071049632,0.19551206071049632,-0.0,-8.133909156052296e-15,-2.7755575615628914e-17,-0.19551206071049632,5.551115123125783e-17,2.7755575615628914e-17,-49.32958355909757,49.32958355909757,1.2722218725854067e-14,0.0,0.0,0.0,0.0,0.0
4.639999999999884,0.195270655762407,0.195270655762407,-0.0,-8.143964767889688e-15,-2.7755575615628914e-17,-0.195270655762407,2.7755575615628914e-17,2.7755575615628914e-17,-49.39034259450829,49.39034259450829,6.3611093629270335e-15,0.0,0.0,0.0,0.0,0.0
4.649999999999888,0.19503029090357352,0.19503029090357354,-0.0,-1.2231002681922009e-14,-4.163336342344337e-17,-0.19503029090357354,2.7755575615628914e-17,5.003707553108401e-17,-49.45078501319606,49.45078501319606,-1.2722218725854067e-14,0.0,0.0,0.0,0.0,0.0
4.659999999999891,0.19479098096083258,0.19479098096083258,-0.0,-8.164019365206246e-15,-2.7755575615628914e-17,-0.19479098096083258,2.7755575615628914e-17,2.7755575615628914e-17,-49.51090801603802,49.51090801603802,1.2722218725854067e-14,0.0,0.0,0.0,0.0,0.0
4.669999999999894,0.19455274069594874,0.19455274069594877,-0.0,-4.08700832237845e-15,-1.3877787807814457e-17,-0.19455274069594877,1.1102230246251565e-16,3.1031676915590914e-17,-49.57070882367848,49.57070882367848,1.2722218725854067e-14,0.0,0.0,0.0,0.0,0.0
4.679999999999898,0.19431558480470368,0.19431558480470368,-0.0,-4.091996383949497e-15,-1.3877787807814457e-17,-0.19431558480470368,0.0,1.3877787807814457e-17,-49.630184676530476,49.630184676530476,0.0,0.0,0.0,0.0,0.0,0.0
4.689999999999901,0.19407952791598992,0.19407952791598995,-0.0,0.0,0.0,-0.19407952791598995,0.0,2.7755575615628914e-17,-49.689332834777666,49.689332834777666,-6.3611093629270335e-15,0.0,0.0,0.0,0.0,0.0
4.699999999999904,0.19384458459090828,0.1938445845909083,-0.0,-4.101939045880226e-15,-1.3877787807814457e-17,-0.1938445845909083,5.551115123125783e-17,3.1031676915590914e-17,-49.74815057837686,49.74815057837686,1.2722218725854067e-14,0.0,0.0,0.0,0.0,0.0
4.709999999999908,0.19361076932186974,0.1936107693218697,-0.0,-4.106892778489996e-15,-1.3877787807814457e-17,-0.1936107693218697,0.0,3.1031676915590914e-17,-49.806635207060765,49.806635207060765,-6.3611093629270335e-15,0.0,0.0,0.0,0.0,0.0
4.719999999999911,0.19337809653170143,0.19337809653170138,-0.0,-1.2335502592490279e-14,-4.163336342344337e-17,-0.19337809653170138,2.7755575615628914e-17,6.938893903907228e-17,-49.86478404034134,49.86478404034134,-1.2722218725854067e-14,0.0,0.0,0.0,0.0,0.0
4.729999999999914,0.19314658057275708,0.19314658057275713,-0.0,-4.116762864804409e-15,-1.3877787807814457e-17,-0.19314658057275713,2.7755575615628914e-17,5.721958498152797e-17,-49.92259441751344,49.92259441751344,-1.2722218725854067e-14,0.0,0.0,0.0,0.0,0.0
4.739999999999918,0.19291623572603153,0.1929162357260315,-0.0,0.0,0.0,-0.1929162357260315,7.850462293418876e-17,2.7755575615628914e-17,-49.98006369765902,49.98006369765902,-6.3611093629270335e-15,0.0,0.0,0.0,0.0,0.0
4.749999999999921,0.19268707620027997,0.19268707620028003,-0.0,-8.253160368050919e-15,-2.7755575615628914e-17,-0.19268707620028003,6.206335383118183e-17,6.206335383118183e-17,-50.03718925965166,50.03718925965166,1.2722218725854067e-14,0.0,0.0,0.0,0.0,0.0
4.759999999999924,0.19245911613114142,0.19245911613114142,-0.0,0.0,0.0,-0.19245911613114142,2.7755575615628914e-17,0.0,-50.09396850216167,50.09396850216167,6.3611093629270335e-15,0.0,0.0,0.0,0.0,0.0
4.769999999999928,0.19223236958026665,0.19223236958026663,-0.0,-4.136341200506656e-15,-1.3877787807814457e-17,-0.19223236958026663,2.7755575615628914e-17,3.1031676915590914e-17,-50.15039884366145,50.15039884366145,0.0,0.0,0.0,0.0,0.0,0.0
4.779999999999931,0.19200685053445105,0.19200685053445105,-0.0,-1.2423598452127267e-14,-4.163336342344337e-17,-0.19200685053445105,0.0,4.163336342344337e-17,-50.20647772243144,50.20647772243144,0.0,0.0,0.0,0.0,0.0,0.0
4.789999999999934,0.19178257290477166,0.1917825729047717,-0.0,-4.146042355791628e-15,-1.3877787807814457e-17,-0.1917825729047717,5.551115123125783e-17,3.1031676915590914e-17,-50.26220259656643,50.26220259656643,1.2722218725854067e-14,0.0,0.0,0.0,0.0,0.0
4.799999999999938,0.1915595505257291,0.1915595505257291,-0.0,-4.150869367690864e-15,-1.3877787807814457e-17,-0.1915595505257291,1.1443916996305594e-16,1.3877787807814457e-17,-50.31757094398234,50.31757094398234,1.2722218725854067e-14,0.0,0.0,0.0,0.0,0.0
4.809999999999941,0.19133779715439422,0.19133779715439414,-0.0,-8.311360140979009e-15,-2.7755575615628914e-17,-0.19133779715439414,5.551115123125783e-17,8.777083671441753e-17,-50.37258026242338,50.37258026242338,1.2722218725854067e-14,0.0,0.0,0.0,0.0,0.0
4.819999999999944,0.19111732646955953,0.19111732646955953,-0.0,-1.66418960552491e-14,-5.551115123125783e-17,-0.19111732646955953,2.7755575615628914e-17,5.551115123125783e-17,-50.427228069469614,50.427228069469614,6.3611093629270335e-15,0.0,0.0,0.0,0.0,0.0
4.829999999999948,0.19089815207089542,0.19089815207089544,-0.0,-4.1652507462229484e-15,-1.3877787807814457e-17,-0.19089815207089544,2.7755575615628914e-17,3.1031676915590914e-17,-50.481511902545115,50.481511902545115,6.3611093629270335e-15,0.0,0.0,0.0,0.0,0.0
4.839999999999951,0.19068028747811114,0.19068028747811105,-0.0,-1.6680039261156587e-14,-5.551115123125783e-17,-0.19068028747811105,2.7755575615628914e-17,1.0007415106216802e-16,-50.53542931892634,50.53542931892634,-6.3611093629270335e-15,0.0,0.0,0.0,0.0,0.0
4.849999999999954,0.19046374613012104,0.19046374613012107,-0.0,8.349501535296445e-15,2.7755575615628914e-17,-0.19046374613012107,2.7755575615628914e-17,3.925231146709438e-17,-50.58897789575101,50.58897789575101,1.2722218725854067e-14,0.0,0.0,0.0,0.0,0.0
4.859999999999958,0.19024854138421549,0.19024854138421543,-0.0,-1.6717892596297202e-14,-5.551115123125783e-17,-0.19024854138421543,6.206335383118183e-17,7.850462293418876e-17,-50.64215523002743,50.64215523002743,1.2722218725854067e-14,0.0,0.0,0.0,0.0,0.0
4.869999999999961,0.19003468651523686,0.1900346865152368,-0.0,0.0,0.0,-0.1900346865152368,0.0,5.551115123125783e-17,-50.69495893864416,50.69495893864416,0.0,0.0,0.0,0.0,0.0,0.0
4.879999999999964,0.18982219471476086,0.18982219471476086,-0.0,-1.2566581134951676e-14,-4.163336342344337e-17,-0.18982219471476086,6.206335383118183e-17,4.163336342344337e-17,-50.747386658380165,50.747386658380165,-6.3611093629270335e-15,0.0,0.0,0.0,0.0,0.0
4.889999999999968,0.18961107909028269,0.18961107909028274,-0.0,-8.387048627968373e-15,-2.7755575615628914e-17,-0.18961107909028274,5.551115123125783e-17,6.206335383118183e-17,-50.79943604591522,50.79943604591522,6.3611093629270335e-15,0.0,0.0,0.0,0.0,0.0
4.899999999999971,0.18940135266440844,0.1894013526644085,-0.0,-1.6792671418239523e-14,-5.551115123125783e-17,-0.1894013526644085,2.7755575615628914e-17,7.850462293418876e-17,-50.85110477784095,50.85110477784095,1.2722218725854067e-14,0.0,0.0,0.0,0.0,0.0
4.909999999999974,0.189193028374052,0.18919302837405194,-0.0,-8.405581085089638e-15,-2.7755575615628914e-17,-0.18919302837405194,2.7755575615628914e-17,6.206335383118183e-17,-50.90239055067197,50.90239055067197,6.3611093629270335e-15,0.0,0.0,0.0,0.0,0.0
4.919999999999978,0.1889861190696369,0.18898611906963692,-0.0,0.0,0.0,-0.18898611906963692,2.7755575615628914e-17,2.7755575615628914e-17,-50.953291080857646,50.953291080857646,-1.2722218725854067e-14,0.0,0.0,0.0,0.0,0.0
4.929999999999981,0.18878063751430366,0.18878063751430363,-0.0,0.0,0.0,-0.18878063751430363,2.7755575615628914e-17,2.7755575615628914e-17,-51.00380410479412,51.00380410479412,0.0,0.0,0.0,0.0,0.0,0.0
4.939999999999984,0.18857659638312252,0.18857659638312252,-0.0,-2.1082644549126127e-14,-6.938893903907228e-17,-0.18857659638312252,2.7755575615628914e-17,6.938893903907228e-17,-51.05392737883673,51.05392737883673,1.2722218725854067e-14,0.0,0.0,0.0,0.0,0.0
4.949999999999988,0.18837400826231154,0.1883740082623116,-0.0,-1.6884254419190257e-14,-5.551115123125783e-17,-0.1883740082623116,0.0,7.850462293418876e-17,-51.10365867931278,51.10365867931278,0.0,0.0,0.0,0.0,0.0,0.0
4.959999999999991,0.18817288564846033,0.1881728856484603,-0.0,-4.225575154601905e-15,-1.3877787807814457e-17,-0.1881728856484603,5.551115123125783e-17,3.1031676915590914e-17,-51.152995802534676,51.152995802534676,1.2722218725854067e-14,0.0,0.0,0.0,0.0,0.0
4.969999999999994,0.18797324094775908,0.18797324094775913,-0.0,0.0,0.0,-0.18797324094775913,2.7755575615628914e-17,5.551115123125783e-17,-51.20193656481343,51.20193656481343,-6.3611093629270335e-15,0.0,0.0,0.0,0.0,0.0
4.979999999999998,0.1877750864752333,0.18777508647523333,-0.0,-8.469053965481776e-15,-2.7755575615628914e-17,-0.18777508647523333,0.0,3.925231146709438e-17,-51.25047880247249,51.25047880247249,0.0,0.0,0.0,0.0,0.0,0.0
4.990000000000001,0.18757843445398428,0.1875784344539843,-0.0,-1.695586537291286e-14,-5.551115123125783e-17,-0.1875784344539843,6.206335383118183e-17,6.206335383118183e-17,-51.2986203718619,51.2986203718619,6.3611093629270335e-15,0.0,0.0,0.0,0.0,0.0
5.000000000000004,0.187383297014435,0.18738329701443504,-0.0,-4.2433807230141e-15,-1.3877787807814457e-17,-0.18738329701443504,0.0,3.1031676915590914e-17,-51.3463591493728,51.3463591493728,6.3611093629270335e-15,0.0,0.0,0.0,0.0,0.0
5.010000000000008,0.18718968619358192,0.18718968619358192,-0.0,-1.2743308991024022e-14,-4.163336342344337e-17,-0.18718968619358192,0.0,4.163336342344337e-17,-51.39369303145223,51.39369303145223,0.0,0.0,0.0,0.0,0.0,0.0
5.020000000000011,0.18699761393425243,0.18699761393425243,-0.0,-2.1260663535670744e-14,-6.938893903907228e-17,-0.18699761393425243,2.7755575615628914e-17,6.938893903907228e-17,-51.44061993461828,51.44061993461828,1.2722218725854067e-14,0.0,0.0,0.0,0.0,0.0
5.0300000000000145,0.18680709208436824,0.18680709208436824,-0.0,-4.256469395748468e-15,-1.3877787807814457e-17,-0.18680709208436824,5.551115123125783e-17,1.3877787807814457e-17,-51.487137795475505,51.487137795475505,6.3611093629270335e-15,0.0,0.0,0.0,0.0,0.0
5.040000000000018,0.18661813239621453,0.1866181323962145,-0.0,-4.2607792723897625e-15,-1.3877787807814457e-17,-0.1866181323962145,2.7755575615628914e-17,3.1031676915590914e-17,-51.53324457073064,51.53324457073064,6.3611093629270335e-15,0.0,0.0,0.0,0.0,0.0
5.050000000000021,0.18643074652571487,0.1864307465257149,-0.0,0.0,0.0,-0.1864307465257149,5.551115123125783e-17,2.7755575615628914e-17,-51.57893823720864,51.57893823720864,0.0,0.0,0.0,0.0,0.0,0.0
5.0600000000000245,0.18624494603171246,0.1862449460317125,-0.0,-4.269316764335117e-15,-1.3877787807814457e-17,-0.1862449460317125,0.0,3.1031676915590914e-17,-51.62421679186894,51.62421679186894,-6.3611093629270335e-15,0.0,0.0,0.0,0.0,0.0
5.070000000000028,0.18606074237525697,0.18606074237525697,-0.0,-8.54708693747123e-15,-2.7755575615628914e-17,-0.18606074237525697,5.551115123125783e-17,2.7755575615628914e-17,-51.66907825182202,51.66907825182202,6.3611093629270335e-15,0.0,0.0,0.0,0.0,0.0
5.080000000000031,0.18587814691889762,0.18587814691889765,-0.0,-2.138870769765136e-14,-6.938893903907228e-17,-0.18587814691889765,5.551115123125783e-17,7.473417450352271e-17,-51.71352065434624,51.71352065434624,0.0,0.0,0.0,0.0,0.0,0.0
5.0900000000000345,0.1856971709259822,0.18569717092598226,-0.0,0.0,0.0,-0.18569717092598226,2.7755575615628914e-17,5.551115123125783e-17,-51.757542056904896,51.757542056904896,0.0,0.0,0.0,0.0,0.0,0.0
5.100000000000038,0.1855178255599625,0.18551782555996255,-0.0,8.572099936659474e-15,2.7755575615628914e-17,-0.18551782555996255,7.850462293418876e-17,6.206335383118183e-17,-51.80114053716349,51.80114053716349,-6.3611093629270335e-15,0.0,0.0,0.0,0.0,0.0
5.110000000000041,0.18534012188370547,0.18534012188370547,-0.0,-8.580318846070483e-15,-2.7755575615628914e-17,-0.18534012188370547,7.850462293418876e-17,2.7755575615628914e-17,-51.844314193007335,51.844314193007335,1.2722218725854067e-14,0.0,0.0,0.0,0.0,0.0
5.1200000000000445,0.18516407085881084,0.18516407085881081,-0.0,-1.2882715313148077e-14,-4.163336342344337e-17,-0.18516407085881081,5.551115123125783e-17,5.003707553108401e-17,-51.88706114255927,51.88706114255927,-6.3611093629270335e-15,0.0,0.0,0.0,0.0,0.0
5.130000000000048,0.18498968334493524,0.18498968334493526,-0.0,-2.578971938288846e-14,-8.326672684688674e-17,-0.18498968334493526,5.551115123125783e-17,8.777083671441753e-17,-51.92937952419763,51.92937952419763,1.2722218725854067e-14,0.0,0.0,0.0,0.0,0.0
5.140000000000051,0.18481697009912185,0.1848169700991218,-0.0,-4.302303354174821e-15,-1.3877787807814457e-17,-0.1848169700991218,5.551115123125783e-17,5.721958498152797e-17,-51.97126749657444,51.97126749657444,-1.2722218725854067e-14,0.0,0.0,0.0,0.0,0.0
5.1500000000000545,0.18464594177513727,0.18464594177513727,-0.0,-8.612576726264615e-15,-2.7755575615628914e-17,-0.18464594177513727,6.206335383118183e-17,2.7755575615628914e-17,-52.01272323863379,52.01272323863379,0.0,0.0,0.0,0.0,0.0,0.0
5.160000000000058,0.18447660892281412,0.18447660892281414,-0.0,-8.620482293216576e-15,-2.7755575615628914e-17,-0.18447660892281414,0.0,3.925231146709438e-17,-52.05374494963033,52.05374494963033,6.3611093629270335e-15,0.0,0.0,0.0,0.0,0.0
5.170000000000061,0.1843089819874004,0.18430898198740034,-0.0,-1.7256645048806924e-14,-5.551115123125783e-17,-0.18430898198740034,5.551115123125783e-17,7.850462293418876e-17,-52.09433084914803,52.09433084914803,6.3611093629270335e-15,0.0,0.0,0.0,0.0,0.0
5.1800000000000646,0.18414307130891502,0.184143071308915,-0.0,-1.727219307713119e-14,-5.551115123125783e-17,-0.184143071308915,5.551115123125783e-17,6.206335383118183e-17,-52.134479177119076,52.134479177119076,0.0,0.0,0.0,0.0,0.0,0.0
5.190000000000068,0.1839788871215102,0.18397888712151017,-0.0,-4.321901729086578e-15,-1.3877787807814457e-17,-0.18397888712151017,5.551115123125783e-17,3.1031676915590914e-17,-52.174188193842845,52.174188193842845,-1.2722218725854067e-14,0.0,0.0,0.0,0.0,0.0
5.200000000000071,0.18381643955283994,0.1838164395528399,-0.0,-1.2977163614421578e-14,-4.163336342344337e-17,-0.1838164395528399,6.206335383118183e-17,5.003707553108401e-17,-52.21345618000513,52.21345618000513,0.0,0.0,0.0,0.0,0.0,0.0
5.210000000000075,0.18365573862343554,0.18365573862343554,-0.0,-1.2988518785076746e-14,-4.163336342344337e-17,-0.18365573862343554,5.551115123125783e-17,4.163336342344337e-17,-52.2522814366974,52.2522814366974,0.0,0.0,0.0,0.0,0.0,0.0
5.220000000000078,0.1834967942460872,0.18349679424608722,-0.0,-4.333256467137623e-15,-1.3877787807814457e-17,-0.18349679424608722,0.0,3.1031676915590914e-17,-52.290662285436284,52.290662285436284,0.0,0.0,0.0,0.0,0.0,0.0
5.230000000000081,0.1833396162252329,0.18333961622523287,-0.0,-8.673942781565013e-15,-2.7755575615628914e-17,-0.18333961622523287,0.0,3.925231146709438e-17,-52.32859706818303,52.32859706818303,0.0,0.0,0.0,0.0,0.0,0.0
5.240000000000085,0.18318421425635328,0.18318421425635328,-0.0,-4.340650604604713e-15,-1.3877787807814457e-17,-0.18318421425635328,6.206335383118183e-17,1.3877787807814457e-17,-52.366084147363175,52.366084147363175,0.0,0.0,0.0,0.0,0.0,0.0
5.250000000000088,0.18303059792537382,0.18303059792537385,-0.0,-1.3032881049048594e-14,-4.163336342344337e-17,-0.18303059792537385,6.206335383118183e-17,5.003707553108401e-17,-52.40312190588628,52.40312190588628,1.2722218725854067e-14,0.0,0.0,0.0,0.0,0.0
5.260000000000091,0.18287877670807343,0.18287877670807334,-0.0,-8.69580040591749e-15,-2.7755575615628914e-17,-0.18287877670807334,5.551115123125783e-17,8.777083671441753e-17,-52.439708747165696,52.439708747165696,-6.3611093629270335e-15,0.0,0.0,0.0,0.0,0.0
5.270000000000095,0.18272875996949986,0.1827287599694999,-0.0,0.0,0.0,-0.1827287599694999,0.0,2.7755575615628914e-17,-52.475843095138444,52.475843095138444,6.3611093629270335e-15,0.0,0.0,0.0,0.0,0.0
5.280000000000098,0.1825805569633923,0.18258055696339226,-0.0,-8.710003776856766e-15,-2.7755575615628914e-17,-0.18258055696339226,5.551115123125783e-17,3.925231146709438e-17,-52.511523394285135,52.511523394285135,-6.3611093629270335e-15,0.0,0.0,0.0,0.0,0.0
5.290000000000101,0.18243417683161015,0.18243417683161017,-0.0,-1.743398488540457e-14,-5.551115123125783e-17,-0.18243417683161017,2.7755575615628914e-17,6.206335383118183e-17,-52.54674810964994,52.54674810964994,-6.3611093629270335e-15,0.0,0.0,0.0,0.0,0.0
5.300000000000105,0.18228962860356954,0.18228962860356956,-0.0,0.0,0.0,-0.18228962860356956,5.551115123125783e-17,2.7755575615628914e-17,-52.5815157268606,52.5815157268606,6.3611093629270335e-15,0.0,0.0,0.0,0.0,0.0
5.310000000000108,0.18214692119568598,0.18214692119568604,-0.0,-4.3653698077698344e-15,-1.3877787807814457e-17,-0.18214692119568604,5.551115123125783e-17,5.721958498152797e-17,-52.61582475214844,52.61582475214844,6.3611093629270335e-15,0.0,0.0,0.0,0.0,0.0
5.320000000000111,0.18200606341082468,0.18200606341082468,-0.0,-8.737496492862324e-15,-2.7755575615628914e-17,-0.18200606341082468,5.551115123125783e-17,2.7755575615628914e-17,-52.64967371236844,52.64967371236844,0.0,0.0,0.0,0.0,0.0,0.0
5.330000000000115,0.18186706393775723,0.1818670639377572,-0.0,-2.186043622054651e-14,-6.938893903907228e-17,-0.1818670639377572,7.850462293418876e-17,7.473417450352271e-17,-52.683061155019224,52.683061155019224,-1.2722218725854067e-14,0.0,0.0,0.0,0.0,0.0
5.340000000000118,0.18172993135062596,0.18172993135062593,-0.0,0.0,0.0,-0.18172993135062593,2.7755575615628914e-17,2.7755575615628914e-17,-52.715985648263164,52.715985648263164,-1.2722218725854067e-14,0.0,0.0,0.0,0.0,0.0
5.350000000000121,0.18159467410841473,0.18159467410841473,-0.0,-4.378645322445798e-15,-1.3877787807814457e-17,-0.18159467410841473,6.206335383118183e-17,1.3877787807814457e-17,-52.74844578094639,52.74844578094639,-6.3611093629270335e-15,0.0,0.0,0.0,0.0,0.0
5.360000000000125,0.18146130055442738,0.18146130055442733,-0.0,-1.314559084393952e-14,-4.163336342344337e-17,-0.18146130055442733,2.7755575615628914e-17,6.938893903907228e-17,-52.78044016261874,52.78044016261874,0.0,0.0,0.0,0.0,0.0,0.0
5.370000000000128,0.18132981891577296,0.18132981891577296,-0.0,-4.385040889139244e-15,-1.3877787807814457e-17,-0.18132981891577296,6.206335383118183e-17,1.3877787807814457e-17,-52.81196742355376,52.81196742355376,6.3611093629270335e-15,0.0,0.0,0.0,0.0,0.0
5.380000000000131,0.18120023730285828,0.18120023730285828,-0.0,0.0,0.0,-0.18120023730285828,5.551115123125783e-17,0.0,-52.843026214768614,52.843026214768614,-6.3611093629270335e-15,0.0,0.0,0.0,0.0,0.0
5.390000000000135,0.18107256370888763,0.18107256370888763,-0.0,-4.391270847880811e-15,-1.3877787807814457e-17,-0.18107256370888763,6.206335383118183e-17,1.3877787807814457e-17,-52.87361520804389,52.87361520804389,0.0,0.0,0.0,0.0,0.0,0.0
5.400000000000138,0.18094680600936966,0.1809468060093697,-0.0,0.0,0.0,-0.1809468060093697,0.0,2.7755575615628914e-17,-52.90373309594342,52.90373309594342,1.2722218725854067e-14,0.0,0.0,0.0,0.0,0.0
5.410000000000141,0.18082297196163163,0.1808229719616316,-0.0,-1.75893286508884e-14,-5.551115123125783e-17,-0.1808229719616316,2.7755575615628914e-17,6.206335383118183e-17,-52.933378591833986,52.933378591833986,6.3611093629270335e-15,0.0,0.0,0.0,0.0,0.0
5.420000000000145,0.18070106920434095,0.18070106920434087,-0.0,-2.2001493235956407e-14,-6.938893903907228e-17,-0.18070106920434087,6.206335383118183e-17,1.0838898772828417e-16,-52.96255042990486,52.96255042990486,0.0,0.0,0.0,0.0,0.0,0.0
5.430000000000148,0.18058110525703389,0.18058110525703389,-0.0,-4.403221861080659e-15,-1.3877787807814457e-17,-0.18058110525703389,0.0,1.3877787807814457e-17,-52.99124736518739,52.99124736518739,1.2722218725854067e-14,0.0,0.0,0.0,0.0,0.0
5.440000000000151,0.1804630875196518,0.1804630875196518,-0.0,4.4061014432067244e-15,1.3877787807814457e-17,-0.1804630875196518,1.0007415106216802e-16,1.3877787807814457e-17,-53.019468173574374,53.019468173574374,-1.2722218725854067e-14,0.0,0.0,0.0,0.0,0.0
5.450000000000155,0.18034702327208463,0.18034702327208466,-0.0,0.0,0.0,-0.18034702327208466,5.551115123125783e-17,2.7755575615628914e-17,-53.04721165183932,53.04721165183932,-6.3611093629270335e-15,0.0,0.0,0.0,0.0,0.0
5.460000000000158,0.18023291967372188,0.18023291967372182,-0.0,-1.7646913156715874e-14,-5.551115123125783e-17,-0.18023291967372182,1.1102230246251565e-16,7.850462293418876e-17,-53.074476617655606,53.074476617655606,-6.3611093629270335e-15,0.0,0.0,0.0,0.0,0.0
5.470000000000161,0.180120783763011,0.180120783763011,-0.0,-1.7657899410699018e-14,-5.551115123125783e-17,-0.180120783763011,5.551115123125783e-17,5.551115123125783e-17,-53.101261909615495,53.101261909615495,-6.3611093629270335e-15,0.0,0.0,0.0,0.0,0.0
5.480000000000165,0.18001062245702312,0.1800106224570231,-0.0,-8.834352767773089e-15,-2.7755575615628914e-17,-0.1800106224570231,6.206335383118183e-17,3.925231146709438e-17,-53.127566387249004,53.127566387249004,1.2722218725854067e-14,0.0,0.0,0.0,0.0,0.0
5.490000000000168,0.17990244255102653,0.17990244255102655,-0.0,-4.419832544187667e-15,-1.3877787807814457e-17,-0.17990244255102655,2.7755575615628914e-17,3.1031676915590914e-17,-53.15338893104254,53.15338893104254,-6.3611093629270335e-15,0.0,0.0,0.0,0.0,0.0
5.500000000000171,0.17979625071806743,0.17979625071806749,-0.0,-8.844885999460687e-15,-2.7755575615628914e-17,-0.17979625071806749,0.0,6.206335383118183e-17,-53.178728442457526,53.178728442457526,6.3611093629270335e-15,0.0,0.0,0.0,0.0,0.0
5.510000000000175,0.1796920535085582,0.1796920535085582,-0.0,-1.327502226459907e-14,-4.163336342344337e-17,-0.1796920535085582,0.0,4.163336342344337e-17,-53.20358384394868,53.20358384394868,0.0,0.0,0.0,0.0,0.0,0.0
5.520000000000178,0.17958985734987365,0.17958985734987365,-0.0,-8.855050971133684e-15,-2.7755575615628914e-17,-0.17958985734987365,5.551115123125783e-17,2.7755575615628914e-17,-53.22795407898219,53.22795407898219,-6.3611093629270335e-15,0.0,0.0,0.0,0.0,0.0
5.530000000000181,0.17948966854595416,0.1794896685459541,-0.0,-1.3289990618523582e-14,-4.163336342344337e-17,-0.1794896685459541,6.206335383118183e-17,6.938893903907228e-17,-53.25183811205371,53.25183811205371,1.2722218725854067e-14,0.0,0.0,0.0,0.0,0.0
5.540000000000185,0.1793914932769171,0.179391493276917,-0.0,-1.329726380846498e-14,-4.163336342344337e-17,-0.179391493276917,6.206335383118183e-17,1.1857187100668868e-16,-53.27523492870611,53.27523492870611,6.3611093629270335e-15,0.0,0.0,0.0,0.0,0.0
5.550000000000188,0.17929533759867552,0.17929533759867552,-0.0,-1.3304395100540857e-14,-4.163336342344337e-17,-0.17929533759867552,5.551115123125783e-17,4.163336342344337e-17,-53.298143535547,53.298143535547,-6.3611093629270335e-15,0.0,0.0,0.0,0.0,0.0
5.5600000000001915,0.17920120744256457,0.17920120744256454,-0.0,-1.3311383584634511e-14,-4.163336342344337e-17,-0.17920120744256454,6.206335383118183e-17,5.003707553108401e-17,-53.32056296026607,53.32056296026607,6.3611093629270335e-15,0.0,0.0,0.0,0.0,0.0
5.570000000000195,0.1791091086149757,0.17910910861497575,-0.0,4.439409455580282e-15,1.3877787807814457e-17,-0.17910910861497575,0.0,5.721958498152797e-17,-53.342492251652175,53.342492251652175,0.0,0.0,0.0,0.0,0.0,0.0
5.580000000000198,0.1790190467969984,0.17901904679699843,-0.0,-4.441642856402535e-15,-1.3877787807814457e-17,-0.17901904679699843,0.0,3.1031676915590914e-17,-53.3639304796102,53.3639304796102,0.0,0.0,0.0,0.0,0.0,0.0
5.5900000000002015,0.17893102754406984,0.1789310275440698,-0.0,-4.4438277769910004e-15,-1.3877787807814457e-17,-0.1789310275440698,6.206335383118183e-17,3.1031676915590914e-17,-53.38487673517762,53.38487673517762,-6.3611093629270335e-15,0.0,0.0,0.0,0.0,0.0
5.600000000000205,0.17884505628563213,0.17884505628563213,-0.0,-1.7783855743733146e-14,-5.551115123125783e-17,-0.17884505628563213,0.0,5.551115123125783e-17,-53.405330130540875,53.405330130540875,0.0,0.0,0.0,0.0,0.0,0.0
5.610000000000208,0.17876113832479748,0.1787611383247974,-0.0,-1.3344153172506047e-14,-4.163336342344337e-17,-0.1787611383247974,7.850462293418876e-17,9.309503074677274e-17,-53.425289799051434,53.425289799051434,-1.2722218725854067e-14,0.0,0.0,0.0,0.0,0.0
5.6200000000002115,0.17867927883802098,0.17867927883802098,-0.0,-8.900177743460676e-15,-2.7755575615628914e-17,-0.17867927883802098,0.0,2.7755575615628914e-17,-53.44475489524159,53.44475489524159,6.3611093629270335e-15,0.0,0.0,0.0,0.0,0.0
5.630000000000215,0.1785994828747814,0.1785994828747815,-0.0,-4.452077114486169e-15,-1.3877787807814457e-17,-0.1785994828747815,0.0,1.1188630228279524e-16,-53.46372459483997,53.46372459483997,-1.2722218725854067e-14,0.0,0.0,0.0,0.0,0.0
5.640000000000218,0.17852175535726958,0.1785217553572696,-0.0,-8.908031055090118e-15,-2.7755575615628914e-17,-0.1785217553572696,1.1443916996305594e-16,3.925231146709438e-17,-53.48219809478678,53.48219809478678,6.3611093629270335e-15,0.0,0.0,0.0,0.0,0.0
5.6500000000002215,0.17844610108008493,0.1784461010800849,-0.0,-4.455903858661662e-15,-1.3877787807814457e-17,-0.1784461010800849,5.551115123125783e-17,3.1031676915590914e-17,-53.500174613248724,53.500174613248724,6.3611093629270335e-15,0.0,0.0,0.0,0.0,0.0
5.660000000000225,0.1783725247099397,0.1783725247099396,-0.0,-1.783096744655924e-14,-5.551115123125783e-17,-0.1783725247099396,6.206335383118183e-17,1.0007415106216802e-16,-53.51765338963362,53.51765338963362,-1.2722218725854067e-14,0.0,0.0,0.0,0.0,0.0
5.670000000000228,0.17830103078537088,0.1783010307853709,-0.0,-1.3378587889203354e-14,-4.163336342344337e-17,-0.1783010307853709,2.7755575615628914e-17,5.003707553108401e-17,-53.53463368460475,53.53463368460475,6.3611093629270335e-15,0.0,0.0,0.0,0.0,0.0
5.6800000000002315,0.1782316237164606,0.17823162371646062,-0.0,0.0,0.0,-0.17823162371646062,5.551115123125783e-17,2.7755575615628914e-17,-53.551114780094764,53.551114780094764,-1.2722218725854067e-14,0.0,0.0,0.0,0.0,0.0
5.690000000000235,0.1781643077845637,0.1781643077845637,-0.0,-1.3388854595849145e-14,-4.163336342344337e-17,-0.1781643077845637,0.0,4.163336342344337e-17,-53.56709597931949,53.56709597931949,6.3611093629270335e-15,0.0,0.0,0.0,0.0,0.0
5.700000000000238,0.17809908714204403,0.1780990871420441,-0.0,-8.92917176753086e-15,-2.7755575615628914e-17,-0.1780990871420441,0.0,6.206335383118183e-17,-53.582576606791115,53.582576606791115,0.0,0.0,0.0,0.0,0.0,0.0
5.7100000000002415,0.17803596581201803,0.17803596581201808,-0.0,-1.3398506308642799e-14,-4.163336342344337e-17,-0.17803596581201808,5.551115123125783e-17,6.938893903907228e-17,-53.59755600833127,53.59755600833127,-1.2722218725854067e-14,0.0,0.0,0.0,0.0,0.0
5.720000000000245,0.17797494768810662,0.17797494768810662,-0.0,0.0,0.0,-0.17797494768810662,6.206335383118183e-17,0.0,-53.61203355108364,53.61203355108364,-6.3611093629270335e-15,0.0,0.0,0.0,0.0,0.0
5.730000000000248,0.17791603653419513,0.17791603653419513,-0.0,-8.938358630904583e-15,-2.7755575615628914e-17,-0.17791603653419513,5.551115123125783e-17,2.7755575615628914e-17,-53.62600862352632,53.62600862352632,-6.3611093629270335e-15,0.0,0.0,0.0,0.0,0.0
5.740000000000252,0.17785923598420106,0.17785923598420111,-0.0,0.0,0.0,-0.17785923598420111,2.7755575615628914e-17,5.551115123125783e-17,-53.639480635483615,53.639480635483615,1.2722218725854067e-14,0.0,0.0,0.0,0.0,0.0
5.750000000000255,0.17780454954184982,0.17780454954184982,-0.0,-1.3415944739570248e-14,-4.163336342344337e-17,-0.17780454954184982,2.7755575615628914e-17,4.163336342344337e-17,-53.6524490181378,53.6524490181378,0.0,0.0,0.0,0.0,0.0,0.0
5.760000000000258,0.17775198058045882,0.17775198058045885,-0.0,0.0,0.0,-0.17775198058045885,5.551115123125783e-17,2.7755575615628914e-17,-53.66491322404012,53.66491322404012,-6.3611093629270335e-15,0.0,0.0,0.0,0.0,0.0
5.770000000000262,0.1777015323427292,0.17770153234272917,-0.0,-1.7898296314796256e-14,-5.551115123125783e-17,-0.17770153234272917,5.551115123125783e-17,6.206335383118183e-17,-53.67687272712178,53.67687272712178,6.3611093629270335e-15,0.0,0.0,0.0,0.0,0.0
5.780000000000265,0.1776532079405459,0.17765320794054598,-0.0,0.0,0.0,-0.17765320794054598,7.850462293418876e-17,8.326672684688674e-17,-53.68832702270431,53.68832702270431,1.2722218725854067e-14,0.0,0.0,0.0,0.0,0.0
5.790000000000268,0.1776070103547857,0.17760701035478565,-0.0,-8.953910870719795e-15,-2.7755575615628914e-17,-0.17760701035478565,0.0,6.206335383118183e-17,-53.699275627509614,53.699275627509614,1.2722218725854067e-14,0.0,0.0,0.0,0.0,0.0
5.800000000000272,0.17756294243513326,0.17756294243513326,-0.0,-4.478066534949187e-15,-1.3877787807814457e-17,-0.17756294243513326,0.0,1.3877787807814457e-17,-53.70971807966968,53.70971807966968,6.3611093629270335e-15,0.0,0.0,0.0,0.0,0.0
5.810000000000275,0.17752100689990546,0.17752100689990544,-0.0,-1.3437373146732127e-14,-4.163336342344337e-17,-0.17752100689990544,6.206335383118183e-17,5.003707553108401e-17,-53.71965393873583,53.71965393873583,-6.3611093629270335e-15,0.0,0.0,0.0,0.0,0.0
5.820000000000278,0.17748120633588366,0.17748120633588363,-0.0,-4.4801288360699856e-15,-1.3877787807814457e-17,-0.17748120633588363,0.0,3.1031676915590914e-17,-53.72908278568758,53.72908278568758,6.3611093629270335e-15,0.0,0.0,0.0,0.0,0.0
5.830000000000282,0.17744354319815409,0.17744354319815414,-0.0,0.0,0.0,-0.17744354319815414,6.206335383118183e-17,5.551115123125783e-17,-53.73800422294113,53.73800422294113,-6.3611093629270335e-15,0.0,0.0,0.0,0.0,0.0
5.840000000000285,0.17740801980995655,0.17740801980995652,-0.0,-1.3445931100820296e-14,-4.163336342344337e-17,-0.17740801980995652,2.7755575615628914e-17,5.003707553108401e-17,-53.74641787435738,53.74641787435738,0.0,0.0,0.0,0.0,0.0,0.0
5.850000000000288,0.17737463836254092,0.17737463836254092,-0.0,-1.3448461590219115e-14,-4.163336342344337e-17,-0.17737463836254092,7.850462293418876e-17,4.163336342344337e-17,-53.75432338524963,53.75432338524963,6.3611093629270335e-15,0.0,0.0,0.0,0.0,0.0
5.860000000000292,0.1773434009150321,0.17734340091503203,-0.0,-1.345083041595964e-14,-4.163336342344337e-17,-0.17734340091503203,1.2412670766236366e-16,6.938893903907228e-17,-53.76172042239078,53.76172042239078,6.3611093629270335e-15,0.0,0.0,0.0,0.0,0.0
5.870000000000295,0.17731430939430298,0.17731430939430293,-0.0,-8.96869150698592e-15,-2.7755575615628914e-17,-0.17731430939430293,0.0,6.206335383118183e-17,-53.768608674020136,53.768608674020136,1.2722218725854067e-14,0.0,0.0,0.0,0.0,0.0
5.880000000000298,0.1772873655948557,0.1772873655948557,-0.0,0.0,0.0,-0.1772873655948557,2.7755575615628914e-17,0.0,-53.77498784984976,53.77498784984976,1.2722218725854067e-14,0.0,0.0,0.0,0.0,0.0
5.890000000000302,0.17726257117871058,0.17726257117871064,-0.0,-4.485654614386954e-15,-1.3877787807814457e-17,-0.17726257117871064,0.0,5.721958498152797e-17,-53.78085768107049,53.78085768107049,-6.3611093629270335e-15,0.0,0.0,0.0,0.0,0.0
5.900000000000305,0.1772399276753041,0.1772399276753041,-0.0,-1.7944910738680485e-14,-5.551115123125783e-17,-0.1772399276753041,6.206335383118183e-17,5.551115123125783e-17,-53.78621792035745,53.78621792035745,6.3611093629270335e-15,0.0,0.0,0.0,0.0,0.0
5.910000000000308,0.1772194364813942,0.17721943648139418,-0.0,-8.973492819444315e-15,-2.7755575615628914e-17,-0.17721943648139418,0.0,3.925231146709438e-17,-53.791068341875096,53.791068341875096,-1.2722218725854067e-14,0.0,0.0,0.0,0.0,0.0
5.920000000000312,0.1772010988609742,0.1772010988609742,-0.0,-4.487210719780678e-15,-1.3877787807814457e-17,-0.1772010988609742,2.7755575615628914e-17,1.3877787807814457e-17,-53.795408741281975,53.795408741281975,6.3611093629270335e-15,0.0,0.0,0.0,0.0,0.0
5.930000000000315,0.17718491594519495,0.17718491594519498,-0.0,-1.3462861657114594e-14,-4.163336342344337e-17,-0.17718491594519498,0.0,5.003707553108401e-17,-53.799238935734806,53.799238935734806,6.3611093629270335e-15,0.0,0.0,0.0,0.0,0.0
5.940000000000318,0.1771708887322949,0.17717088873229492,-0.0,-4.487975852327146e-15,-1.3877787807814457e-17,-0.17717088873229492,0.0,3.1031676915590914e-17,-53.80255876389242,53.80255876389242,0.0,0.0,0.0,0.0,0.0,0.0
5.950000000000322,0.1771590180875386,0.17715901808753856,-0.0,-8.976553143605503e-15,-2.7755575615628914e-17,-0.17715901808753856,2.7755575615628914e-17,3.925231146709438e-17,-53.80536808591899,53.80536808591899,-6.3611093629270335e-15,0.0,0.0,0.0,0.0,0.0
5.960000000000325,0.17714930474316337,0.1771493047431634,-0.0,-8.977045340580886e-15,-2.7755575615628914e-17,-0.1771493047431634,1.1102230246251565e-16,3.925231146709438e-17,-53.807666783486994,53.807666783486994,0.0,0.0,0.0,0.0,0.0,0.0
5.970000000000328,0.177141749298334,0.177141749298334,-0.0,-8.97742822926224e-15,-2.7755575615628914e-17,-0.177141749298334,0.0,2.7755575615628914e-17,-53.80945475977965,53.80945475977965,0.0,0.0,0.0,0.0,0.0,0.0
5.980000000000332,0.17713635221910598,0.177136352219106,-0.0,0.0,0.0,-0.177136352219106,6.206335383118183e-17,2.7755575615628914e-17,-53.8107319394929,53.8107319394929,6.3611093629270335e-15,0.0,0.0,0.0,0.0,0.0
5.990000000000335,0.17713311383839653,0.17713311383839653,-0.0,-1.795573178014149e-14,-5.551115123125783e-17,-0.17713311383839653,5.551115123125783e-17,5.551115123125783e-17,-53.81149826883705,53.81149826883705,6.3611093629270335e-15,0.0,0.0,0.0,0.0,0.0
6.000000000000338,0.17713203435596425,0.17713203435596425,-0.0,-8.977920603203481e-15,-2.7755575615628914e-17,-0.17713203435596425,0.0,2.7755575615628914e-17,-53.811753715537805,53.811753715537805,0.0,0.0,0.0,0.0,0.0,0.0
6.010000000000342,0.1771331138383967,0.1771331138383967,-0.0,-4.488932945035368e-15,-1.3877787807814457e-17,-0.1771331138383967,5.551115123125783e-17,1.3877787807814457e-17,-53.811498268837006,53.811498268837006,-6.3611093629270335e-15,0.0,0.0,0.0,0.0,0.0
6.020000000000345,0.17713635221910629,0.17713635221910629,-0.0,-4.48885087902422e-15,-1.3877787807814457e-17,-0.17713635221910629,5.551115123125783e-17,1.3877787807814457e-17,-53.810731939492825,53.810731939492825,0.0,0.0,0.0,0.0,0.0,0.0
6.030000000000348,0.17714174929833446,0.17714174929833448,-0.0,4.4887141146311085e-15,1.3877787807814457e-17,-0.17714174929833448,6.206335383118183e-17,3.1031676915590914e-17,-53.80945475977954,53.80945475977954,0.0,0.0,0.0,0.0,0.0,0.0
6.040000000000352,0.17714930474316395,0.17714930474316404,-0.0,0.0,0.0,-0.17714930474316404,6.206335383118183e-17,8.326672684688674e-17,-53.80766678348685,53.80766678348685,-1.2722218725854067e-14,0.0,0.0,0.0,0.0,0.0
6.050000000000355,0.17715901808753934,0.1771590180875393,-0.0,0.0,0.0,-0.1771590180875393,5.551115123125783e-17,2.7755575615628914e-17,-53.80536808591882,53.80536808591882,-1.2722218725854067e-14,0.0,0.0,0.0,0.0,0.0
6.060000000000358,0.17717088873229575,0.1771708887322958,-0.0,0.0,0.0,-0.1771708887322958,5.551115123125783e-17,5.551115123125783e-17,-53.802558763892215,53.802558763892215,0.0,0.0,0.0,0.0,0.0,0.0
6.070000000000362,0.17718491594519598,0.17718491594519598,-0.0,0.0,0.0,-0.17718491594519598,2.7755575615628914e-17,0.0,-53.799238935734564,53.799238935734564,-6.3611093629270335e-15,0.0,0.0,0.0,0.0,0.0
6.080000000000365,0.17720109886097538,0.1772010988609754,-0.0,0.0,0.0,-0.1772010988609754,0.0,2.7755575615628914e-17,-53.79540874128169,53.79540874128169,6.3611093629270335e-15,0.0,0.0,0.0,0.0,0.0
6.0900000000003685,0.17721943648139551,0.17721943648139551,-0.0,-8.973492819444247e-15,-2.7755575615628914e-17,-0.17721943648139551,6.206335383118183e-17,2.7755575615628914e-17,-53.79106834187479,53.79106834187479,-1.2722218725854067e-14,0.0,0.0,0.0,0.0,0.0
6.100000000000372,0.17723992767530558,0.17723992767530555,-0.0,-1.3458683054010254e-14,-4.163336342344337e-17,-0.17723992767530555,2.7755575615628914e-17,5.003707553108401e-17,-53.786217920357096,53.786217920357096,0.0,0.0,0.0,0.0,0.0,0.0
6.110000000000375,0.1772625711787122,0.17726257117871225,-0.0,0.0,0.0,-0.17726257117871225,0.0,5.551115123125783e-17,-53.78085768107011,53.78085768107011,-6.3611093629270335e-15,0.0,0.0,0.0,0.0,0.0
6.1200000000003785,0.17728736559485742,0.17728736559485742,-0.0,-1.794010910361102e-14,-5.551115123125783e-17,-0.17728736559485742,5.551115123125783e-17,5.551115123125783e-17,-53.774987849849346,53.774987849849346,-6.3611093629270335e-15,0.0,0.0,0.0,0.0,0.0
6.130000000000382,0.1773143093943049,0.17731430939430487,-0.0,-1.3453037260478734e-14,-4.163336342344337e-17,-0.17731430939430487,5.551115123125783e-17,5.003707553108401e-17,-53.76860867401969,53.76860867401969,6.3611093629270335e-15,0.0,0.0,0.0,0.0,0.0
6.140000000000385,0.17734340091503412,0.1773434009150341,-0.0,0.0,0.0,-0.1773434009150341,5.551115123125783e-17,2.7755575615628914e-17,-53.76172042239031,53.76172042239031,-6.3611093629270335e-15,0.0,0.0,0.0,0.0,0.0
6.1500000000003885,0.17737463836254308,0.1773746383625431,-0.0,-1.3448461590218948e-14,-4.163336342344337e-17,-0.1773746383625431,0.0,5.003707553108401e-17,-53.754323385249116,53.754323385249116,6.3611093629270335e-15,0.0,0.0,0.0,0.0,0.0
6.160000000000392,0.17740801980995888,0.1774080198099588,-0.0,-1.3445931100820124e-14,-4.163336342344337e-17,-0.1774080198099588,7.850462293418876e-17,9.309503074677274e-17,-53.74641787435682,53.74641787435682,-6.3611093629270335e-15,0.0,0.0,0.0,0.0,0.0
6.170000000000395,0.17744354319815658,0.17744354319815658,-0.0,-1.3443239286727784e-14,-4.163336342344337e-17,-0.17744354319815658,0.0,4.163336342344337e-17,-53.73800422294053,53.73800422294053,0.0,0.0,0.0,0.0,0.0,0.0
6.1800000000003985,0.17748120633588627,0.17748120633588627,-0.0,0.0,0.0,-0.17748120633588627,5.551115123125783e-17,0.0,-53.729082785686956,53.729082785686956,-6.3611093629270335e-15,0.0,0.0,0.0,0.0,0.0
6.190000000000402,0.17752100689990824,0.17752100689990824,-0.0,-1.7916497528975884e-14,-5.551115123125783e-17,-0.17752100689990824,0.0,5.551115123125783e-17,-53.71965393873517,53.71965393873517,-1.2722218725854067e-14,0.0,0.0,0.0,0.0,0.0
6.200000000000405,0.17756294243513618,0.1775629424351362,-0.0,-1.3434199604847338e-14,-4.163336342344337e-17,-0.1775629424351362,2.7755575615628914e-17,5.003707553108401e-17,-53.709718079668995,53.709718079668995,6.3611093629270335e-15,0.0,0.0,0.0,0.0,0.0
6.2100000000004085,0.17760701035478876,0.17760701035478865,-0.0,0.0,0.0,-0.17760701035478865,7.850462293418876e-17,1.1102230246251565e-16,-53.69927562750889,53.69927562750889,-6.3611093629270335e-15,0.0,0.0,0.0,0.0,0.0
6.220000000000412,0.17765320794054912,0.17765320794054912,-0.0,-8.951582463199527e-15,-2.7755575615628914e-17,-0.17765320794054912,1.2412670766236366e-16,2.7755575615628914e-17,-53.688327022703554,53.688327022703554,6.3611093629270335e-15,0.0,0.0,0.0,0.0,0.0
6.230000000000415,0.17770153234273256,0.17770153234273264,-0.0,0.0,0.0,-0.17770153234273264,6.206335383118183e-17,8.326672684688674e-17,-53.67687272712099,53.67687272712099,-1.2722218725854067e-14,0.0,0.0,0.0,0.0,0.0
6.2400000000004185,0.1777519805804623,0.17775198058046227,-0.0,-8.946608277098177e-15,-2.7755575615628914e-17,-0.17775198058046227,2.7755575615628914e-17,3.925231146709438e-17,-53.664913224039296,53.664913224039296,0.0,0.0,0.0,0.0,0.0,0.0
6.250000000000422,0.17780454954185346,0.17780454954185348,-0.0,-8.943963159713314e-15,-2.7755575615628914e-17,-0.17780454954185348,1.1443916996305594e-16,3.925231146709438e-17,-53.65244901813694,53.65244901813694,-6.3611093629270335e-15,0.0,0.0,0.0,0.0,0.0
6.260000000000425,0.17785923598420483,0.17785923598420483,-0.0,-1.3411819734284025e-14,-4.163336342344337e-17,-0.17785923598420483,6.206335383118183e-17,4.163336342344337e-17,-53.63948063548273,53.63948063548273,-1.2722218725854067e-14,0.0,0.0,0.0,0.0,0.0
6.270000000000429,0.17791603653419907,0.17791603653419913,-0.0,0.0,0.0,-0.17791603653419913,5.551115123125783e-17,5.551115123125783e-17,-53.62600862352538,53.62600862352538,-1.2722218725854067e-14,0.0,0.0,0.0,0.0,0.0
6.280000000000432,0.17797494768811067,0.17797494768811062,-0.0,-1.3403099942346503e-14,-4.163336342344337e-17,-0.17797494768811062,6.206335383118183e-17,6.938893903907228e-17,-53.61203355108268,53.61203355108268,1.2722218725854067e-14,0.0,0.0,0.0,0.0,0.0
6.290000000000435,0.17803596581202222,0.17803596581202225,-0.0,-8.932337539094989e-15,-2.7755575615628914e-17,-0.17803596581202225,0.0,3.925231146709438e-17,-53.597556008330265,53.597556008330265,-6.3611093629270335e-15,0.0,0.0,0.0,0.0,0.0
6.300000000000439,0.1780990871420484,0.17809908714204842,-0.0,0.0,0.0,-0.17809908714204842,7.850462293418876e-17,2.7755575615628914e-17,-53.58257660679008,53.58257660679008,-6.3611093629270335e-15,0.0,0.0,0.0,0.0,0.0
6.310000000000442,0.1781643077845682,0.1781643077845682,-0.0,-1.3388854595848809e-14,-4.163336342344337e-17,-0.1781643077845682,2.7755575615628914e-17,4.163336342344337e-17,-53.56709597931842,53.56709597931842,6.3611093629270335e-15,0.0,0.0,0.0,0.0,0.0
6.320000000000445,0.1782316237164652,0.17823162371646517,-0.0,0.0,0.0,-0.17823162371646517,0.0,2.7755575615628914e-17,-53.55111478009367,53.55111478009367,1.2722218725854067e-14,0.0,0.0,0.0,0.0,0.0
6.330000000000449,0.17830103078537565,0.17830103078537568,-0.0,0.0,0.0,-0.17830103078537568,2.7755575615628914e-17,2.7755575615628914e-17,-53.53463368460361,53.53463368460361,0.0,0.0,0.0,0.0,0.0,0.0
6.340000000000452,0.17837252470994458,0.17837252470994458,-0.0,-8.915483723279372e-15,-2.7755575615628914e-17,-0.17837252470994458,2.7755575615628914e-17,2.7755575615628914e-17,-53.517653389632464,53.517653389632464,0.0,0.0,0.0,0.0,0.0,0.0
6.350000000000455,0.17844610108008999,0.17844610108008996,-0.0,-1.3367711575984607e-14,-4.163336342344337e-17,-0.17844610108008996,2.7755575615628914e-17,5.003707553108401e-17,-53.50017461324752,53.50017461324752,1.2722218725854067e-14,0.0,0.0,0.0,0.0,0.0
6.360000000000459,0.17852175535727477,0.17852175535727477,-0.0,-1.336204658263479e-14,-4.163336342344337e-17,-0.17852175535727477,0.0,4.163336342344337e-17,-53.482198094785545,53.482198094785545,-6.3611093629270335e-15,0.0,0.0,0.0,0.0,0.0
6.370000000000462,0.17859948287478672,0.1785994828747867,-0.0,-2.22603855724302e-14,-6.938893903907228e-17,-0.1785994828747867,0.0,7.473417450352271e-17,-53.4637245948387,53.4637245948387,6.3611093629270335e-15,0.0,0.0,0.0,0.0,0.0
6.380000000000465,0.17867927883802645,0.17867927883802653,-0.0,-8.900177743460398e-15,-2.7755575615628914e-17,-0.17867927883802653,5.551115123125783e-17,8.777083671441753e-17,-53.44475489524029,53.44475489524029,6.3611093629270335e-15,0.0,0.0,0.0,0.0,0.0
6.390000000000469,0.1787611383248031,0.17876113832480306,-0.0,-1.3344153172505624e-14,-4.163336342344337e-17,-0.17876113832480306,6.206335383118183e-17,5.003707553108401e-17,-53.425289799050105,53.425289799050105,-6.3611093629270335e-15,0.0,0.0,0.0,0.0,0.0
6.400000000000472,0.17884505628563788,0.17884505628563785,-0.0,-1.7783855743732578e-14,-5.551115123125783e-17,-0.17884505628563785,6.206335383118183e-17,6.206335383118183e-17,-53.40533013053951,53.40533013053951,1.2722218725854067e-14,0.0,0.0,0.0,0.0,0.0
6.410000000000475,0.17893102754407572,0.17893102754407575,-0.0,0.0,0.0,-0.17893102754407575,5.551115123125783e-17,2.7755575615628914e-17,-53.38487673517621,53.38487673517621,0.0,0.0,0.0,0.0,0.0,0.0
6.420000000000479,0.17901904679700442,0.17901904679700442,-0.0,0.0,0.0,-0.17901904679700442,0.0,0.0,-53.36393047960876,53.36393047960876,1.2722218725854067e-14,0.0,0.0,0.0,0.0,0.0
6.430000000000482,0.17910910861498186,0.17910910861498186,-0.0,-1.3318228366740394e-14,-4.163336342344337e-17,-0.17910910861498186,6.206335383118183e-17,4.163336342344337e-17,-53.34249225165071,53.34249225165071,-1.2722218725854067e-14,0.0,0.0,0.0,0.0,0.0
6.440000000000485,0.17920120744257087,0.17920120744257084,-0.0,-1.7748511446178725e-14,-5.551115123125783e-17,-0.17920120744257084,6.206335383118183e-17,6.206335383118183e-17,-53.32056296026457,53.32056296026457,0.0,0.0,0.0,0.0,0.0,0.0
6.450000000000489,0.17929533759868196,0.179295337598682,-0.0,-1.3304395100540376e-14,-4.163336342344337e-17,-0.179295337598682,1.1443916996305594e-16,5.003707553108401e-17,-53.29814353554546,53.29814353554546,6.3611093629270335e-15,0.0,0.0,0.0,0.0,0.0
6.460000000000492,0.17939149327692366,0.17939149327692366,-0.0,-8.864842538976325e-15,-2.7755575615628914e-17,-0.17939149327692366,6.206335383118183e-17,2.7755575615628914e-17,-53.27523492870455,53.27523492870455,-6.3611093629270335e-15,0.0,0.0,0.0,0.0,0.0
6.470000000000495,0.17948966854596088,0.17948966854596088,-0.0,-8.859993745682055e-15,-2.7755575615628914e-17,-0.17948966854596088,0.0,2.7755575615628914e-17,-53.251838112052106,53.251838112052106,-6.3611093629270335e-15,0.0,0.0,0.0,0.0,0.0
6.480000000000499,0.17958985734988048,0.17958985734988048,-0.0,-8.855050971133346e-15,-2.7755575615628914e-17,-0.17958985734988048,2.7755575615628914e-17,2.7755575615628914e-17,-53.22795407898056,53.22795407898056,-6.3611093629270335e-15,0.0,0.0,0.0,0.0,0.0
6.490000000000502,0.1796920535085652,0.1796920535085652,-0.0,0.0,0.0,-0.1796920535085652,2.7755575615628914e-17,0.0,-53.20358384394701,53.20358384394701,-1.2722218725854067e-14,0.0,0.0,0.0,0.0,0.0
6.500000000000505,0.17979625071807454,0.17979625071807454,-0.0,-8.844885999460338e-15,-2.7755575615628914e-17,-0.17979625071807454,5.551115123125783e-17,2.7755575615628914e-17,-53.17872844245583,53.17872844245583,0.0,0.0,0.0,0.0,0.0,0.0
6.510000000000509,0.17990244255103377,0.17990244255103374,-0.0,-8.83966508837498e-15,-2.7755575615628914e-17,-0.17990244255103374,5.551115123125783e-17,3.925231146709438e-17,-53.153388931040816,53.153388931040816,-6.3611093629270335e-15,0.0,0.0,0.0,0.0,0.0
6.520000000000512,0.1800106224570305,0.18001062245703048,-0.0,-8.834352767772726e-15,-2.7755575615628914e-17,-0.18001062245703048,2.7755575615628914e-17,3.925231146709438e-17,-53.127566387247235,53.127566387247235,0.0,0.0,0.0,0.0,0.0,0.0
6.530000000000515,0.1801207837630185,0.1801207837630185,-0.0,4.414474852674571e-15,1.3877787807814457e-17,-0.1801207837630185,0.0,1.3877787807814457e-17,-53.101261909613704,53.101261909613704,0.0,0.0,0.0,0.0,0.0,0.0
6.540000000000519,0.18023291967372954,0.18023291967372956,-0.0,-1.7646913156715117e-14,-5.551115123125783e-17,-0.18023291967372956,2.7755575615628914e-17,6.206335383118183e-17,-53.07447661765377,53.07447661765377,-6.3611093629270335e-15,0.0,0.0,0.0,0.0,0.0
6.550000000000522,0.1803470232720924,0.1803470232720924,-0.0,-8.817874073432761e-15,-2.7755575615628914e-17,-0.1803470232720924,0.0,2.7755575615628914e-17,-53.04721165183745,53.04721165183745,0.0,0.0,0.0,0.0,0.0,0.0
6.560000000000525,0.18046308751965973,0.18046308751965973,-0.0,-1.7624405772826125e-14,-5.551115123125783e-17,-0.18046308751965973,5.551115123125783e-17,5.551115123125783e-17,-53.01946817357247,53.01946817357247,1.2722218725854067e-14,0.0,0.0,0.0,0.0,0.0
6.570000000000529,0.18058110525704194,0.18058110525704188,-0.0,-8.806443722160929e-15,-2.7755575615628914e-17,-0.18058110525704188,5.551115123125783e-17,6.206335383118183e-17,-52.99124736518546,52.99124736518546,6.3611093629270335e-15,0.0,0.0,0.0,0.0,0.0
6.580000000000532,0.18070106920434914,0.18070106920434914,-0.0,-1.3200895941573239e-14,-4.163336342344337e-17,-0.18070106920434914,6.206335383118183e-17,4.163336342344337e-17,-52.96255042990289,52.96255042990289,6.3611093629270335e-15,0.0,0.0,0.0,0.0,0.0
6.590000000000535,0.18082297196163996,0.18082297196163993,-0.0,-4.397332162721898e-15,-1.3877787807814457e-17,-0.18082297196163993,1.1443916996305594e-16,3.1031676915590914e-17,-52.933378591831996,52.933378591831996,1.2722218725854067e-14,0.0,0.0,0.0,0.0,0.0
6.600000000000539,0.1809468060093781,0.18094680600937812,-0.0,0.0,0.0,-0.18094680600937812,2.7755575615628914e-17,2.7755575615628914e-17,-52.903733095941405,52.903733095941405,-6.3611093629270335e-15,0.0,0.0,0.0,0.0,0.0
6.610000000000542,0.1810725637088962,0.18107256370889624,-0.0,-4.391270847880603e-15,-1.3877787807814457e-17,-0.18107256370889624,5.551115123125783e-17,3.1031676915590914e-17,-52.87361520804184,52.87361520804184,1.2722218725854067e-14,0.0,0.0,0.0,0.0,0.0
6.6200000000005454,0.181200237302867,0.18120023730286708,-0.0,-8.776353521401243e-15,-2.7755575615628914e-17,-0.18120023730286708,2.7755575615628914e-17,8.777083671441753e-17,-52.843026214766525,52.843026214766525,0.0,0.0,0.0,0.0,0.0,0.0
6.630000000000549,0.1813298189157818,0.18132981891578176,-0.0,-4.3850408891390315e-15,-1.3877787807814457e-17,-0.18132981891578176,5.551115123125783e-17,3.1031676915590914e-17,-52.81196742355165,52.81196742355165,6.3611093629270335e-15,0.0,0.0,0.0,0.0,0.0
6.640000000000552,0.18146130055443632,0.18146130055443638,-0.0,0.0,0.0,-0.18146130055443638,5.551115123125783e-17,5.551115123125783e-17,-52.78044016261659,52.78044016261659,1.2722218725854067e-14,0.0,0.0,0.0,0.0,0.0
6.6500000000005555,0.1815946741084238,0.18159467410842384,-0.0,-4.378645322445578e-15,-1.3877787807814457e-17,-0.18159467410842384,2.7755575615628914e-17,3.1031676915590914e-17,-52.74844578094421,52.74844578094421,-1.2722218725854067e-14,0.0,0.0,0.0,0.0,0.0
6.660000000000559,0.18172993135063514,0.18172993135063512,-0.0,-1.312615920431481e-14,-4.163336342344337e-17,-0.18172993135063512,0.0,5.003707553108401e-17,-52.71598564826097,52.71598564826097,0.0,0.0,0.0,0.0,0.0,0.0
6.670000000000562,0.18186706393776658,0.18186706393776655,-0.0,4.372087244109077e-15,1.3877787807814457e-17,-0.18186706393776655,6.206335383118183e-17,3.1031676915590914e-17,-52.68306115501698,52.68306115501698,-6.3611093629270335e-15,0.0,0.0,0.0,0.0,0.0
6.6800000000005655,0.18200606341083414,0.18200606341083425,-0.0,4.368748246430932e-15,1.3877787807814457e-17,-0.18200606341083425,6.206335383118183e-17,1.1188630228279524e-16,-52.64967371236615,52.64967371236615,-6.3611093629270335e-15,0.0,0.0,0.0,0.0,0.0
6.690000000000569,0.1821469211956956,0.18214692119569564,-0.0,-4.365369807769604e-15,-1.3877787807814457e-17,-0.18214692119569564,5.551115123125783e-17,5.721958498152797e-17,-52.61582475214614,52.61582475214614,-6.3611093629270335e-15,0.0,0.0,0.0,0.0,0.0
6.700000000000572,0.18228962860357922,0.18228962860357922,-0.0,-1.3085856992364294e-14,-4.163336342344337e-17,-0.18228962860357922,6.206335383118183e-17,4.163336342344337e-17,-52.581515726858264,52.581515726858264,0.0,0.0,0.0,0.0,0.0,0.0
6.7100000000005755,0.18243417683162,0.18243417683161994,-0.0,-8.71699244270182e-15,-2.7755575615628914e-17,-0.18243417683161994,6.206335383118183e-17,6.206335383118183e-17,-52.546748109647574,52.546748109647574,-6.3611093629270335e-15,0.0,0.0,0.0,0.0,0.0
6.720000000000579,0.18258055696340225,0.1825805569634023,-0.0,-4.355001888428143e-15,-1.3877787807814457e-17,-0.1825805569634023,0.0,5.721958498152797e-17,-52.511523394282726,52.511523394282726,6.3611093629270335e-15,0.0,0.0,0.0,0.0,0.0
6.730000000000582,0.18272875996950996,0.18272875996951,-0.0,4.351469743999552e-15,1.3877787807814457e-17,-0.18272875996951,5.551115123125783e-17,3.1031676915590914e-17,-52.475843095136014,52.475843095136014,-6.3611093629270335e-15,0.0,0.0,0.0,0.0,0.0
6.7400000000005855,0.1828787767080836,0.1828787767080836,-0.0,-4.347900202958501e-15,-1.3877787807814457e-17,-0.1828787767080836,6.206335383118183e-17,1.3877787807814457e-17,-52.43970874716324,52.43970874716324,6.3611093629270335e-15,0.0,0.0,0.0,0.0,0.0
6.750000000000589,0.18303059792538415,0.18303059792538412,-0.0,-1.3032881049047862e-14,-4.163336342344337e-17,-0.18303059792538412,0.0,5.003707553108401e-17,-52.40312190588379,52.40312190588379,6.3611093629270335e-15,0.0,0.0,0.0,0.0,0.0
6.760000000000592,0.18318421425636372,0.18318421425636372,-0.0,-4.340650604604466e-15,-1.3877787807814457e-17,-0.18318421425636372,0.0,1.3877787807814457e-17,-52.36608414736066,52.36608414736066,-6.3611093629270335e-15,0.0,0.0,0.0,0.0,0.0
6.7700000000005955,0.18333961622524347,0.18333961622524347,-0.0,8.673942781564511e-15,2.7755575615628914e-17,-0.18333961622524347,6.206335383118183e-17,2.7755575615628914e-17,-52.32859706818048,52.32859706818048,6.3611093629270335e-15,0.0,0.0,0.0,0.0,0.0
6.780000000000599,0.18349679424609788,0.18349679424609788,-0.0,0.0,0.0,-0.18349679424609788,2.7755575615628914e-17,0.0,-52.290662285433704,52.290662285433704,-1.2722218725854067e-14,0.0,0.0,0.0,0.0,0.0
6.790000000000602,0.18365573862344634,0.18365573862344636,-0.0,-4.329506261691994e-15,-1.3877787807814457e-17,-0.18365573862344636,8.326672684688674e-17,3.1031676915590914e-17,-52.252281436694794,52.252281436694794,-1.2722218725854067e-14,0.0,0.0,0.0,0.0,0.0
6.800000000000606,0.18381643955285087,0.1838164395528509,-0.0,-1.2977163614420803e-14,-4.163336342344337e-17,-0.1838164395528509,5.551115123125783e-17,5.003707553108401e-17,-52.21345618000248,52.21345618000248,6.3611093629270335e-15,0.0,0.0,0.0,0.0,0.0
6.810000000000609,0.18397888712152125,0.18397888712152125,-0.0,-1.2965705187258954e-14,-4.163336342344337e-17,-0.18397888712152125,2.7755575615628914e-17,4.163336342344337e-17,-52.17418819384017,52.17418819384017,1.2722218725854067e-14,0.0,0.0,0.0,0.0,0.0
6.820000000000612,0.18414307130892618,0.18414307130892615,-0.0,0.0,0.0,-0.18414307130892615,0.0,2.7755575615628914e-17,-52.134479177116376,52.134479177116376,0.0,0.0,0.0,0.0,0.0,0.0
6.830000000000616,0.18430898198741166,0.18430898198741158,-0.0,-1.2942483786604406e-14,-4.163336342344337e-17,-0.18430898198741158,0.0,9.309503074677274e-17,-52.09433084914531,52.09433084914531,6.3611093629270335e-15,0.0,0.0,0.0,0.0,0.0
6.840000000000619,0.1844766089228255,0.1844766089228255,-0.0,-1.293072343982407e-14,-4.163336342344337e-17,-0.1844766089228255,6.206335383118183e-17,4.163336342344337e-17,-52.05374494962758,52.05374494962758,1.2722218725854067e-14,0.0,0.0,0.0,0.0,0.0
6.850000000000622,0.18464594177514876,0.1846459417751487,-0.0,-8.61257672626408e-15,-2.7755575615628914e-17,-0.1846459417751487,5.551115123125783e-17,6.206335383118183e-17,-52.012723238631,52.012723238631,-1.2722218725854067e-14,0.0,0.0,0.0,0.0,0.0
6.860000000000626,0.18481697009913348,0.1848169700991335,-0.0,0.0,0.0,-0.1848169700991335,1.1102230246251565e-16,2.7755575615628914e-17,-51.97126749657162,51.97126749657162,6.3611093629270335e-15,0.0,0.0,0.0,0.0,0.0
6.870000000000629,0.18498968334494695,0.18498968334494698,-0.0,-8.59657312762894e-15,-2.7755575615628914e-17,-0.18498968334494698,2.7755575615628914e-17,3.925231146709438e-17,-51.92937952419478,51.92937952419478,6.3611093629270335e-15,0.0,0.0,0.0,0.0,0.0
6.880000000000632,0.18516407085882272,0.1851640708588227,-0.0,-1.7176953750862998e-14,-5.551115123125783e-17,-0.1851640708588227,5.551115123125783e-17,6.206335383118183e-17,-51.88706114255639,51.88706114255639,0.0,0.0,0.0,0.0,0.0,0.0
6.890000000000636,0.1853401218837174,0.18534012188371746,-0.0,0.0,0.0,-0.18534012188371746,0.0,5.551115123125783e-17,-51.84431419300443,51.84431419300443,-6.3611093629270335e-15,0.0,0.0,0.0,0.0,0.0
6.900000000000639,0.1855178255599746,0.1855178255599746,-0.0,-4.286049968329459e-15,-1.3877787807814457e-17,-0.1855178255599746,0.0,1.3877787807814457e-17,-51.80114053716055,51.80114053716055,-1.2722218725854067e-14,0.0,0.0,0.0,0.0,0.0
6.910000000000642,0.1856971709259944,0.18569717092599441,-0.0,0.0,0.0,-0.18569717092599441,5.551115123125783e-17,2.7755575615628914e-17,-51.75754205690193,51.75754205690193,1.2722218725854067e-14,0.0,0.0,0.0,0.0,0.0
6.920000000000646,0.18587814691890991,0.18587814691890991,-0.0,-1.7110966158119957e-14,-5.551115123125783e-17,-0.18587814691890991,5.551115123125783e-17,5.551115123125783e-17,-51.71352065434325,51.71352065434325,-6.3611093629270335e-15,0.0,0.0,0.0,0.0,0.0
6.930000000000649,0.18606074237526937,0.18606074237526937,-0.0,-8.547086937470659e-15,-2.7755575615628914e-17,-0.18606074237526937,5.551115123125783e-17,2.7755575615628914e-17,-51.669078251819,51.669078251819,0.0,0.0,0.0,0.0,0.0,0.0
6.940000000000652,0.18624494603172498,0.18624494603172495,-0.0,-1.2807950293004494e-14,-4.163336342344337e-17,-0.18624494603172495,2.7755575615628914e-17,5.003707553108401e-17,-51.624216791865884,51.624216791865884,-6.3611093629270335e-15,0.0,0.0,0.0,0.0,0.0
6.950000000000656,0.1864307465257275,0.18643074652572753,-0.0,-1.279518564159399e-14,-4.163336342344337e-17,-0.18643074652572753,5.551115123125783e-17,5.003707553108401e-17,-51.578938237205556,51.578938237205556,6.3611093629270335e-15,0.0,0.0,0.0,0.0,0.0
6.960000000000659,0.18661813239622727,0.18661813239622727,-0.0,-1.7043117089557886e-14,-5.551115123125783e-17,-0.18661813239622727,6.206335383118183e-17,5.551115123125783e-17,-51.53324457072753,51.53324457072753,6.3611093629270335e-15,0.0,0.0,0.0,0.0,0.0
6.970000000000662,0.1868070920843811,0.18680709208438112,-0.0,0.0,0.0,-0.18680709208438112,5.551115123125783e-17,2.7755575615628914e-17,-51.487137795472364,51.487137795472364,-1.2722218725854067e-14,0.0,0.0,0.0,0.0,0.0
6.980000000000666,0.1869976139342654,0.1869976139342654,-0.0,-4.252132707133854e-15,-1.3877787807814457e-17,-0.1869976139342654,2.7755575615628914e-17,1.3877787807814457e-17,-51.44061993461512,51.44061993461512,-6.3611093629270335e-15,0.0,0.0,0.0,0.0,0.0
6.990000000000669,0.18718968619359497,0.187189686193595,-0.0,-4.247769663674377e-15,-1.3877787807814457e-17,-0.187189686193595,2.7755575615628914e-17,3.1031676915590914e-17,-51.39369303144905,51.39369303144905,6.3611093629270335e-15,0.0,0.0,0.0,0.0,0.0
7.000000000000672,0.18738329701444817,0.18738329701444817,-0.0,-4.243380723013803e-15,-1.3877787807814457e-17,-0.18738329701444817,2.7755575615628914e-17,1.3877787807814457e-17,-51.34635914936958,51.34635914936958,-6.3611093629270335e-15,0.0,0.0,0.0,0.0,0.0
7.010000000000676,0.18757843445399752,0.18757843445399752,-0.0,-8.477932686455831e-15,-2.7755575615628914e-17,-0.18757843445399752,5.551115123125783e-17,2.7755575615628914e-17,-51.29862037185867,51.29862037185867,6.3611093629270335e-15,0.0,0.0,0.0,0.0,0.0
7.020000000000679,0.18777508647524666,0.18777508647524666,-0.0,-4.2345269827405875e-15,-1.3877787807814457e-17,-0.18777508647524666,2.7755575615628914e-17,1.3877787807814457e-17,-51.250478802469225,51.250478802469225,1.2722218725854067e-14,0.0,0.0,0.0,0.0,0.0
7.030000000000682,0.1879732409477725,0.18797324094777257,-0.0,-8.460126200481957e-15,-2.7755575615628914e-17,-0.18797324094777257,6.206335383118183e-17,6.206335383118183e-17,-51.20193656481014,51.20193656481014,6.3611093629270335e-15,0.0,0.0,0.0,0.0,0.0
7.040000000000686,0.1881728856484739,0.1881728856484739,-0.0,-1.6902300618406395e-14,-5.551115123125783e-17,-0.1881728856484739,0.0,5.551115123125783e-17,-51.15299580253136,51.15299580253136,0.0,0.0,0.0,0.0,0.0,0.0
7.050000000000689,0.1883740082623252,0.18837400826232523,-0.0,-8.442127209594518e-15,-2.7755575615628914e-17,-0.18837400826232523,2.7755575615628914e-17,3.925231146709438e-17,-51.103658679309426,51.103658679309426,-6.3611093629270335e-15,0.0,0.0,0.0,0.0,0.0
7.060000000000692,0.18857659638313626,0.18857659638313629,-0.0,-4.216528909824918e-15,-1.3877787807814457e-17,-0.18857659638313629,6.206335383118183e-17,3.1031676915590914e-17,-51.05392737883336,51.05392737883336,0.0,0.0,0.0,0.0,0.0,0.0
7.070000000000696,0.1887806375143175,0.18878063751431748,-0.0,-8.423943057248913e-15,-2.7755575615628914e-17,-0.18878063751431748,6.206335383118183e-17,3.925231146709438e-17,-51.00380410479072,51.00380410479072,-6.3611093629270335e-15,0.0,0.0,0.0,0.0,0.0
7.080000000000699,0.18898611906965085,0.18898611906965085,-0.0,-1.2622175760001147e-14,-4.163336342344337e-17,-0.18898611906965085,0.0,4.163336342344337e-17,-50.95329108085422,50.95329108085422,6.3611093629270335e-15,0.0,0.0,0.0,0.0,0.0
7.090000000000702,0.18919302837406604,0.189193028374066,-0.0,-1.260837162763352e-14,-4.163336342344337e-17,-0.189193028374066,0.0,5.003707553108401e-17,-50.90239055066851,50.90239055066851,6.3611093629270335e-15,0.0,0.0,0.0,0.0,0.0
7.100000000000706,0.18940135266442257,0.18940135266442248,-0.0,-8.396335709119142e-15,-2.7755575615628914e-17,-0.18940135266442248,6.206335383118183e-17,8.777083671441753e-17,-50.85110477783747,50.85110477783747,6.3611093629270335e-15,0.0,0.0,0.0,0.0,0.0
7.110000000000709,0.1896110790902969,0.18961107909029695,-0.0,4.193524313983872e-15,1.3877787807814457e-17,-0.18961107909029695,2.7755575615628914e-17,5.721958498152797e-17,-50.79943604591172,50.79943604591172,0.0,0.0,0.0,0.0,0.0,0.0
7.120000000000712,0.1898221947147752,0.18982219471477524,-0.0,0.0,0.0,-0.18982219471477524,2.7755575615628914e-17,2.7755575615628914e-17,-50.74738665837662,50.74738665837662,0.0,0.0,0.0,0.0,0.0,0.0
7.130000000000716,0.1900346865152513,0.19003468651525124,-0.0,-4.184176504546002e-15,-1.3877787807814457e-17,-0.19003468651525124,6.206335383118183e-17,5.721958498152797e-17,-50.6949589386406,50.6949589386406,0.0,0.0,0.0,0.0,0.0,0.0
7.140000000000719,0.19024854138423,0.19024854138422997,-0.0,-1.2538419447221941e-14,-4.163336342344337e-17,-0.19024854138422997,0.0,5.003707553108401e-17,-50.642155230023846,50.642155230023846,6.3611093629270335e-15,0.0,0.0,0.0,0.0,0.0
7.1500000000007224,0.19046374613013564,0.19046374613013556,-0.0,0.0,0.0,-0.19046374613013556,0.0,8.326672684688674e-17,-50.588977895747405,50.588977895747405,6.3611093629270335e-15,0.0,0.0,0.0,0.0,0.0
7.160000000000726,0.19068028747812585,0.19068028747812588,-0.0,-8.340019630577645e-15,-2.7755575615628914e-17,-0.19068028747812588,2.7755575615628914e-17,3.925231146709438e-17,-50.5354293189227,50.5354293189227,-6.3611093629270335e-15,0.0,0.0,0.0,0.0,0.0
7.170000000000729,0.19089815207091018,0.1908981520709102,-0.0,-4.1652507462226266e-15,-1.3877787807814457e-17,-0.1908981520709102,0.0,3.1031676915590914e-17,-50.48151190254146,50.48151190254146,-6.3611093629270335e-15,0.0,0.0,0.0,0.0,0.0
7.1800000000007325,0.1911173264695744,0.19111732646957447,-0.0,-8.320948027623898e-15,-2.7755575615628914e-17,-0.19111732646957447,2.7755575615628914e-17,6.206335383118183e-17,-50.427228069465926,50.427228069465926,6.3611093629270335e-15,0.0,0.0,0.0,0.0,0.0
7.190000000000736,0.19133779715440916,0.19133779715440924,-0.0,0.0,0.0,-0.19133779715440924,0.0,8.326672684688674e-17,-50.37258026241967,50.37258026241967,6.3611093629270335e-15,0.0,0.0,0.0,0.0,0.0
7.200000000000739,0.19155955052574414,0.19155955052574414,-0.0,-8.301738735381075e-15,-2.7755575615628914e-17,-0.19155955052574414,2.7755575615628914e-17,2.7755575615628914e-17,-50.317570943978616,50.317570943978616,0.0,0.0,0.0,0.0,0.0,0.0
7.2100000000007425,0.19178257290478679,0.19178257290478676,-0.0,-8.292084711582604e-15,-2.7755575615628914e-17,-0.19178257290478676,2.7755575615628914e-17,3.925231146709438e-17,-50.26220259656268,50.26220259656268,0.0,0.0,0.0,0.0,0.0,0.0
7.220000000000746,0.19200685053446628,0.1920068505344663,-0.0,-4.141199484042094e-15,-1.3877787807814457e-17,-0.1920068505344663,2.7755575615628914e-17,3.1031676915590914e-17,-50.20647772242765,50.20647772242765,0.0,0.0,0.0,0.0,0.0,0.0
7.230000000000749,0.19223236958028195,0.192232369580282,-0.0,-4.136341200506325e-15,-1.3877787807814457e-17,-0.192232369580282,0.0,5.721958498152797e-17,-50.15039884365764,50.15039884365764,-6.3611093629270335e-15,0.0,0.0,0.0,0.0,0.0
7.2400000000007525,0.1924591161311568,0.19245911613115682,-0.0,0.0,0.0,-0.19245911613115682,2.7755575615628914e-17,2.7755575615628914e-17,-50.093968502157836,50.093968502157836,0.0,0.0,0.0,0.0,0.0,0.0
7.250000000000756,0.19268707620029543,0.19268707620029538,-0.0,-1.6506320736100522e-14,-5.551115123125783e-17,-0.19268707620029538,2.7755575615628914e-17,7.850462293418876e-17,-50.03718925964782,50.03718925964782,-6.3611093629270335e-15,0.0,0.0,0.0,0.0,0.0
7.260000000000759,0.1929162357260471,0.19291623572604716,-0.0,0.0,0.0,-0.19291623572604716,1.1102230246251565e-16,5.551115123125783e-17,-49.98006369765513,49.98006369765513,1.2722218725854067e-14,0.0,0.0,0.0,0.0,0.0
7.2700000000007625,0.1931465805727727,0.1931465805727727,-0.0,-1.6467051459216307e-14,-5.551115123125783e-17,-0.1931465805727727,0.0,5.551115123125783e-17,-49.922594417509536,49.922594417509536,-6.3611093629270335e-15,0.0,0.0,0.0,0.0,0.0
7.280000000000766,0.19337809653171714,0.19337809653171711,-0.0,-1.64473367899857e-14,-5.551115123125783e-17,-0.19337809653171711,6.206335383118183e-17,6.206335383118183e-17,-49.86478404033741,49.86478404033741,0.0,0.0,0.0,0.0,0.0,0.0
7.290000000000769,0.1936107693218855,0.19361076932188548,-0.0,-1.2320678335468984e-14,-4.163336342344337e-17,-0.19361076932188548,5.551115123125783e-17,5.003707553108401e-17,-49.80663520705682,49.80663520705682,-6.3611093629270335e-15,0.0,0.0,0.0,0.0,0.0
7.3000000000007725,0.19384458459092416,0.1938445845909242,-0.0,0.0,0.0,-0.1938445845909242,6.206335383118183e-17,5.551115123125783e-17,-49.74815057837288,49.74815057837288,-6.3611093629270335e-15,0.0,0.0,0.0,0.0,0.0
7.310000000000776,0.19407952791600586,0.19407952791600586,-0.0,0.0,0.0,-0.19407952791600586,0.0,0.0,-49.68933283477367,49.68933283477367,-6.3611093629270335e-15,0.0,0.0,0.0,0.0,0.0
7.320000000000779,0.1943155848047197,0.19431558480471964,-0.0,-1.6367985535796643e-14,-5.551115123125783e-17,-0.19431558480471964,0.0,7.850462293418876e-17,-49.630184676526454,49.630184676526454,0.0,0.0,0.0,0.0,0.0,0.0
7.330000000000783,0.19455274069596482,0.19455274069596484,-0.0,0.0,0.0,-0.19455274069596484,2.7755575615628914e-17,2.7755575615628914e-17,-49.57070882367445,49.57070882367445,0.0,0.0,0.0,0.0,0.0,0.0
7.340000000000786,0.19479098096084876,0.1947909809608488,-0.0,-1.224602904780835e-14,-4.163336342344337e-17,-0.1947909809608488,0.0,5.003707553108401e-17,-49.51090801603395,49.51090801603395,1.2722218725854067e-14,0.0,0.0,0.0,0.0,0.0
7.350000000000789,0.19503029090358975,0.19503029090358975,-0.0,-8.154001787947328e-15,-2.7755575615628914e-17,-0.19503029090358975,2.7755575615628914e-17,2.7755575615628914e-17,-49.45078501319198,49.45078501319198,-6.3611093629270335e-15,0.0,0.0,0.0,0.0,0.0
7.360000000000793,0.1952706557624233,0.19527065576242333,-0.0,-8.143964767889008e-15,-2.7755575615628914e-17,-0.19527065576242333,2.7755575615628914e-17,3.925231146709438e-17,-49.3903425945042,49.3903425945042,6.3611093629270335e-15,0.0,0.0,0.0,0.0,0.0
7.370000000000796,0.1955120607105127,0.19551206071051275,-0.0,-1.2200863734077419e-14,-4.163336342344337e-17,-0.19551206071051275,0.0,6.938893903907228e-17,-49.32958355909344,49.32958355909344,-6.3611093629270335e-15,0.0,0.0,0.0,0.0,0.0
7.380000000000799,0.1957544908568636,0.19575449085686364,-0.0,-8.123835799478924e-15,-2.7755575615628914e-17,-0.19575449085686364,6.206335383118183e-17,3.925231146709438e-17,-49.26851072584859,49.26851072584859,-1.2722218725854067e-14,0.0,0.0,0.0,0.0,0.0
7.390000000000803,0.19599793124724263,0.19599793124724263,-0.0,-1.2170618311723616e-14,-4.163336342344337e-17,-0.19599793124724263,5.551115123125783e-17,4.163336342344337e-17,-49.20712693342378,49.20712693342378,-1.2722218725854067e-14,0.0,0.0,0.0,0.0,0.0
7.400000000000806,0.19624236686509985,0.19624236686509983,-0.0,-1.2155458829832658e-14,-4.163336342344337e-17,-0.19624236686509983,1.1443916996305594e-16,5.003707553108401e-17,-49.14543504023817,49.14543504023817,6.3611093629270335e-15,0.0,0.0,0.0,0.0,0.0
7.410000000000809,0.1964877826324949,0.1964877826324949,-0.0,0.0,0.0,-0.1964877826324949,2.7755575615628914e-17,0.0,-49.08343792447603,49.08343792447603,0.0,0.0,0.0,0.0,0.0,0.0
7.420000000000813,0.19673416341102729,0.19673416341102734,-0.0,0.0,0.0,-0.19673416341102734,0.0,5.551115123125783e-17,-49.021138484087274,49.021138484087274,-6.3611093629270335e-15,0.0,0.0,0.0,0.0,0.0
7.430000000000816,0.19698149400276999,0.19698149400276999,-0.0,0.0,0.0,-0.19698149400276999,6.206335383118183e-17,0.0,-48.95853963678836,48.95853963678836,-6.3611093629270335e-15,0.0,0.0,0.0,0.0,0.0
7.440000000000819,0.19722975915120708,0.1972297591512071,-0.0,-4.0315349660609905e-15,-1.3877787807814457e-17,-0.1972297591512071,0.0,3.1031676915590914e-17,-48.895644320063575,48.895644320063575,6.3611093629270335e-15,0.0,0.0,0.0,0.0,0.0
7.450000000000823,0.1974789435421748,0.19747894354217482,-0.0,0.0,0.0,-0.19747894354217482,5.551115123125783e-17,2.7755575615628914e-17,-48.832455491166776,48.832455491166776,0.0,0.0,0.0,0.0,0.0,0.0
7.460000000000826,0.19772903180480614,0.1977290318048061,-0.0,-2.0106776003202787e-14,-6.938893903907228e-17,-0.1977290318048061,1.2412670766236366e-16,7.473417450352271e-17,-48.76897612712342,48.76897612712342,6.3611093629270335e-15,0.0,0.0,0.0,0.0,0.0
7.470000000000829,0.19798000851247902,0.197980008512479,-0.0,-4.0162573804302084e-15,-1.3877787807814457e-17,-0.197980008512479,7.850462293418876e-17,3.1031676915590914e-17,-48.705209224733004,48.705209224733004,-1.2722218725854067e-14,0.0,0.0,0.0,0.0,0.0
7.480000000000833,0.19823185818376793,0.19823185818376793,-0.0,0.0,0.0,-0.19823185818376793,6.206335383118183e-17,0.0,-48.64115780057185,48.64115780057185,0.0,0.0,0.0,0.0,0.0,0.0
7.490000000000836,0.1984845652833988,0.19848456528339883,-0.0,0.0,0.0,-0.19848456528339883,0.0,2.7755575615628914e-17,-48.57682489099623,48.57682489099623,0.0,0.0,0.0,0.0,0.0,0.0
7.500000000000839,0.19873811422320742,0.19873811422320747,-0.0,-4.000936979168677e-15,-1.3877787807814457e-17,-0.19873811422320747,2.7755575615628914e-17,5.721958498152797e-17,-48.51221355214588,48.51221355214588,0.0,0.0,0.0,0.0,0.0,0.0
7.510000000000843,0.1989924893631008,0.19899248936310077,-0.0,-1.1987467560873512e-14,-4.163336342344337e-17,-0.19899248936310077,6.206335383118183e-17,5.003707553108401e-17,-48.4473268599478,48.4473268599478,-6.3611093629270335e-15,0.0,0.0,0.0,0.0,0.0
7.520000000000846,0.19924767501202215,0.19924767501202212,-0.0,-7.98140977371909e-15,-2.7755575615628914e-17,-0.19924767501202212,0.0,3.925231146709438e-17,-48.38216791012026,48.38216791012026,6.3611093629270335e-15,0.0,0.0,0.0,0.0,0.0
7.530000000000849,0.19950365542891854,0.1995036554289185,-0.0,-7.971168935791059e-15,-2.7755575615628914e-17,-0.1995036554289185,2.7755575615628914e-17,3.925231146709438e-17,-48.3167398181774,48.3167398181774,-1.2722218725854067e-14,0.0,0.0,0.0,0.0,0.0
7.540000000000853,0.19976041482371218,0.19976041482371215,-0.0,-3.98046164985984e-15,-1.3877787807814457e-17,-0.19976041482371215,5.551115123125783e-17,3.1031676915590914e-17,-48.25104571943374,48.25104571943374,6.3611093629270335e-15,0.0,0.0,0.0,0.0,0.0
7.550000000000856,0.20001793735827406,0.20001793735827403,-0.0,-1.192601044987709e-14,-4.163336342344337e-17,-0.20001793735827403,2.7755575615628914e-17,5.003707553108401e-17,-48.1850887690093,48.1850887690093,-6.3611093629270335e-15,0.0,0.0,0.0,0.0,0.0
7.560000000000859,0.2002762071474013,0.20027620714740135,-0.0,0.0,0.0,-0.20027620714740135,6.206335383118183e-17,5.551115123125783e-17,-48.11887214183471,48.11887214183471,-6.3611093629270335e-15,0.0,0.0,0.0,0.0,0.0
7.570000000000863,0.20053520825979662,0.20053520825979665,-0.0,-1.1895247880897264e-14,-4.163336342344337e-17,-0.20053520825979665,2.7755575615628914e-17,5.003707553108401e-17,-48.052399032656794,48.052399032656794,6.3611093629270335e-15,0.0,0.0,0.0,0.0,0.0
7.580000000000866,0.20079492471905155,0.20079492471905153,-0.0,-3.959954025124999e-15,-1.3877787807814457e-17,-0.20079492471905153,5.551115123125783e-17,3.1031676915590914e-17,-47.98567265604416,47.98567265604416,6.3611093629270335e-15,0.0,0.0,0.0,0.0,0.0
7.590000000000869,0.2010553405046314,0.2010553405046314,-0.0,0.0,0.0,-0.2010553405046314,5.551115123125783e-17,0.0,-47.91869624639317,47.91869624639317,6.3611093629270335e-15,0.0,0.0,0.0,0.0,0.0
7.600000000000873,0.2013164395528639,0.20131643955286393,-0.0,-1.5798782695182383e-14,-5.551115123125783e-17,-0.20131643955286393,5.551115123125783e-17,6.206335383118183e-17,-47.85147305793398,47.85147305793398,0.0,0.0,0.0,0.0,0.0,0.0
7.610000000000876,0.20157820575792984,0.20157820575792976,-0.0,-1.5778266650924385e-14,-5.551115123125783e-17,-0.20157820575792976,6.206335383118183e-17,1.0007415106216802e-16,-47.78400636473686,47.78400636473686,6.3611093629270335e-15,0.0,0.0,0.0,0.0,0.0
7.620000000000879,0.2018406229728567,0.2018406229728567,-0.0,0.0,0.0,-0.2018406229728567,0.0,0.0,-47.71629946071851,47.71629946071851,6.3611093629270335e-15,0.0,0.0,0.0,0.0,0.0
7.630000000000883,0.20210367501051454,0.20210367501051457,-0.0,-7.86862159062186e-15,-2.7755575615628914e-17,-0.20210367501051457,6.206335383118183e-17,3.925231146709438e-17,-47.64835565964866,47.64835565964866,6.3611093629270335e-15,0.0,0.0,0.0,0.0,0.0
7.640000000000886,0.20236734564461462,0.20236734564461462,-0.0,-1.571673864344209e-14,-5.551115123125783e-17,-0.20236734564461462,0.0,5.551115123125783e-17,-47.58017829515668,47.58017829515668,0.0,0.0,0.0,0.0,0.0,0.0
7.650000000000889,0.20263161861071016,0.20263161861071016,-0.0,-1.5696240810146733e-14,-5.551115123125783e-17,-0.20263161861071016,2.7755575615628914e-17,5.551115123125783e-17,-47.51177072073831,47.51177072073831,6.3611093629270335e-15,0.0,0.0,0.0,0.0,0.0
7.660000000000893,0.20289647760719987,0.20289647760719987,-0.0,-7.837875548586294e-15,-2.7755575615628914e-17,-0.20289647760719987,2.7755575615628914e-17,2.7755575615628914e-17,-47.4431363097624,47.4431363097624,-6.3611093629270335e-15,0.0,0.0,0.0,0.0,0.0
7.670000000000896,0.20316190629633316,0.2031619062963332,-0.0,-7.827635454513653e-15,-2.7755575615628914e-17,-0.2031619062963332,5.551115123125783e-17,6.206335383118183e-17,-47.37427845547778,47.37427845547778,-6.3611093629270335e-15,0.0,0.0,0.0,0.0,0.0
7.680000000000899,0.2034278883052183,0.2034278883052183,-0.0,-3.908700409714091e-15,-1.3877787807814457e-17,-0.2034278883052183,0.0,1.3877787807814457e-17,-47.305200571019974,47.305200571019974,6.3611093629270335e-15,0.0,0.0,0.0,0.0,0.0
7.690000000000903,0.20369440722683196,0.20369440722683205,-0.0,-3.903586167097954e-15,-1.3877787807814457e-17,-0.20369440722683205,2.7755575615628914e-17,8.441528768080324e-17,-47.23590608941813,47.23590608941813,-6.3611093629270335e-15,0.0,0.0,0.0,0.0,0.0
7.700000000000906,0.20396144662103177,0.20396144662103183,-0.0,-7.796950683952318e-15,-2.7755575615628914e-17,-0.20396144662103183,2.7755575615628914e-17,6.206335383118183e-17,-47.16639846360162,47.16639846360162,0.0,0.0,0.0,0.0,0.0,0.0
7.7100000000009095,0.20422899001556996,0.20422899001556993,-0.0,-3.893368274040134e-15,-1.3877787807814457e-17,-0.20422899001556993,2.7755575615628914e-17,3.1031676915590914e-17,-47.096681166406825,47.096681166406825,0.0,0.0,0.0,0.0,0.0,0.0
7.720000000000913,0.20449702090710975,0.20449702090710975,-0.0,-7.776530600189635e-15,-2.7755575615628914e-17,-0.20449702090710975,6.206335383118183e-17,2.7755575615628914e-17,-47.026757690583615,47.026757690583615,-6.3611093629270335e-15,0.0,0.0,0.0,0.0,0.0
7.730000000000916,0.20476552276224316,0.20476552276224314,-0.0,-1.5532667016197426e-14,-5.551115123125783e-17,-0.20476552276224314,6.206335383118183e-17,6.206335383118183e-17,-46.956631548801816,46.956631548801816,1.2722218725854067e-14,0.0,0.0,0.0,0.0,0.0
7.7400000000009195,0.20503447901851107,0.20503447901851107,-0.0,-1.9390364834543068e-14,-6.938893903907228e-17,-0.20503447901851107,0.0,6.938893903907228e-17,-46.88630627365742,46.88630627365742,6.3611093629270335e-15,0.0,0.0,0.0,0.0,0.0
7.750000000000923,0.20530387308542464,0.2053038730854247,-0.0,0.0,0.0,-0.2053038730854247,2.7755575615628914e-17,5.551115123125783e-17,-46.81578541767868,46.81578541767868,-1.2722218725854067e-14,0.0,0.0,0.0,0.0,0.0
7.760000000000926,0.2055736883454889,0.2055736883454889,-0.0,-1.160370293638302e-14,-4.163336342344337e-17,-0.2055736883454889,6.206335383118183e-17,4.163336342344337e-17,-46.74507255333187,46.74507255333187,1.2722218725854067e-14,0.0,0.0,0.0,0.0,0.0
7.7700000000009295,0.20584390815522763,0.20584390815522763,-0.0,-1.1588470275733332e-14,-4.163336342344337e-17,-0.20584390815522763,5.551115123125783e-17,4.163336342344337e-17,-46.67417127302682,46.67417127302682,6.3611093629270335e-15,0.0,0.0,0.0,0.0,0.0
7.780000000000933,0.20611451584621018,0.2061145158462102,-0.0,-1.5431007701741144e-14,-5.551115123125783e-17,-0.2061145158462102,0.0,6.206335383118183e-17,-46.603085189122154,46.603085189122154,0.0,0.0,0.0,0.0,0.0,0.0
7.790000000000936,0.20638549472607942,0.20638549472607948,-0.0,0.0,0.0,-0.20638549472607948,6.206335383118183e-17,5.551115123125783e-17,-46.531817933930135,46.531817933930135,-6.3611093629270335e-15,0.0,0.0,0.0,0.0,0.0
7.8000000000009395,0.2066568280795817,0.20665682807958177,-0.0,-1.1542885048922915e-14,-4.163336342344337e-17,-0.20665682807958177,5.551115123125783e-17,9.309503074677274e-17,-46.46037315972114,46.46037315972114,-6.3611093629270335e-15,0.0,0.0,0.0,0.0,0.0
7.810000000000943,0.20692849916959757,0.2069284991695976,-0.0,-3.8425768976084214e-15,-1.3877787807814457e-17,-0.2069284991695976,6.206335383118183e-17,3.1031676915590914e-17,-46.38875453872774,46.38875453872774,6.3611093629270335e-15,0.0,0.0,0.0,0.0,0.0
7.820000000000946,0.2072004912381746,0.20720049123817463,-0.0,-3.837532747216686e-15,-1.3877787807814457e-17,-0.20720049123817463,2.7755575615628914e-17,3.1031676915590914e-17,-46.316965763148225,46.316965763148225,0.0,0.0,0.0,0.0,0.0,0.0
7.8300000000009495,0.20747278750756076,0.2074727875075607,-0.0,-3.832496203083514e-15,-1.3877787807814457e-17,-0.2074727875075607,0.0,5.721958498152797e-17,-46.2450105451497,46.2450105451497,1.2722218725854067e-14,0.0,0.0,0.0,0.0,0.0
7.840000000000953,0.2077453711812396,0.20774537118123965,-0.0,0.0,0.0,-0.20774537118123965,5.551115123125783e-17,5.551115123125783e-17,-46.17289261687052,46.17289261687052,6.3611093629270335e-15,0.0,0.0,0.0,0.0,0.0
7.850000000000956,0.208018225444966,0.20801822544496607,-0.0,-1.1467341412008779e-14,-4.163336342344337e-17,-0.20801822544496607,5.551115123125783e-17,6.938893903907228e-17,-46.100615730422334,46.100615730422334,-1.2722218725854067e-14,0.0,0.0,0.0,0.0,0.0
7.8600000000009596,0.20829133346780387,0.20829133346780385,-0.0,-1.5269740840922428e-14,-5.551115123125783e-17,-0.20829133346780385,5.551115123125783e-17,6.206335383118183e-17,-46.02818365789109,46.02818365789109,6.3611093629270335e-15,0.0,0.0,0.0,0.0,0.0
7.870000000000963,0.2085646784031638,0.2085646784031638,-0.0,0.0,0.0,-0.2085646784031638,5.551115123125783e-17,0.0,-45.955600191337794,45.955600191337794,-6.3611093629270335e-15,0.0,0.0,0.0,0.0,0.0
7.880000000000966,0.2088382433898427,0.2088382433898427,-0.0,-7.614876063495491e-15,-2.7755575615628914e-17,-0.2088382433898427,2.7755575615628914e-17,2.7755575615628914e-17,-45.882869142798135,45.882869142798135,6.3611093629270335e-15,0.0,0.0,0.0,0.0,0.0
7.89000000000097,0.20911201155306347,0.20911201155306341,-0.0,-1.1407360071672995e-14,-4.163336342344337e-17,-0.20911201155306341,0.0,6.938893903907228e-17,-45.809994344281606,45.809994344281606,6.3611093629270335e-15,0.0,0.0,0.0,0.0,0.0
7.900000000000973,0.20938596600551634,0.2093859660055164,-0.0,-1.8987391694267868e-14,-6.938893903907228e-17,-0.2093859660055164,0.0,8.886119947416683e-17,-45.736979647769466,45.736979647769466,0.0,0.0,0.0,0.0,0.0,0.0
7.910000000000976,0.20966008984840018,0.20966008984840012,-0.0,0.0,0.0,-0.20966008984840012,1.1102230246251565e-16,5.551115123125783e-17,-45.66382892521216,45.66382892521216,6.3611093629270335e-15,0.0,0.0,0.0,0.0,0.0
7.92000000000098,0.20993436617246516,0.2099343661724652,-0.0,-3.7875583920007515e-15,-1.3877787807814457e-17,-0.2099343661724652,6.206335383118183e-17,3.1031676915590914e-17,-45.59054606852536,45.59054606852536,0.0,0.0,0.0,0.0,0.0,0.0
7.930000000000983,0.2102087780590556,0.2102087780590556,-0.0,-1.1347842050761e-14,-4.163336342344337e-17,-0.2102087780590556,1.1443916996305594e-16,4.163336342344337e-17,-45.5171349895854,45.5171349895854,0.0,0.0,0.0,0.0,0.0,0.0
7.940000000000986,0.21048330858115383,0.21048330858115383,-0.0,0.0,0.0,-0.21048330858115383,0.0,0.0,-45.443599620223225,45.443599620223225,6.3611093629270335e-15,0.0,0.0,0.0,0.0,0.0
7.95000000000099,0.210757940804424,0.210757940804424,-0.0,-3.7727578250716544e-15,-1.3877787807814457e-17,-0.210757940804424,0.0,1.3877787807814457e-17,-45.36994391221759,45.36994391221759,0.0,0.0,0.0,0.0,0.0,0.0
7.960000000000993,0.21103265778825706,0.2110326577882571,-0.0,0.0,0.0,-0.2110326577882571,2.7755575615628914e-17,5.551115123125783e-17,-45.29617183728673,45.29617183728673,0.0,0.0,0.0,0.0,0.0,0.0
7.970000000000996,0.21130744258681525,0.21130744258681522,-0.0,-1.505178730350112e-14,-5.551115123125783e-17,-0.21130744258681522,2.7755575615628914e-17,6.206335383118183e-17,-45.22228738707899,45.22228738707899,6.3611093629270335e-15,0.0,0.0,0.0,0.0,0.0
7.980000000001,0.211582278250078,0.21158227825007803,-0.0,-3.758058930748781e-15,-1.3877787807814457e-17,-0.21158227825007803,2.7755575615628914e-17,3.1031676915590914e-17,-45.14829457316197,45.14829457316197,0.0,0.0,0.0,0.0,0.0,0.0
7.990000000001003,0.2118571478248869,0.2118571478248869,-0.0,-7.506366233374487e-15,-2.7755575615628914e-17,-0.2118571478248869,5.551115123125783e-17,2.7755575615628914e-17,-45.074197427010425,45.074197427010425,6.3611093629270335e-15,0.0,0.0,0.0,0.0,0.0
8.000000000001005,0.21213203435599187,0.21213203435599184,0.0,-3.748319638661967e-15,-1.3877787807814457e-17,-0.21213203435599184,5.551115123125783e-17,3.1031676915590914e-17,-44.99999999999254,44.99999999999254,6.3611093629270335e-15,0.0,0.0,0.0,0.0,0.0
8.010000000001,0.21240692088709665,0.21240692088709667,0.0,-7.48693749756421e-15,-2.7755575615628914e-17,-0.21240692088709667,5.551115123125783e-17,3.925231146709438e-17,-44.925706363354834,44.925706363354834,0.0,0.0,0.0,0.0,0.0,0.0
8.020000000000994,0.2126817904619053,0.21268179046190527,0.0,-1.495452278521797e-14,-5.551115123125783e-17,-0.21268179046190527,0.0,6.206335383118183e-17,-44.85132060820524,44.85132060820524,0.0,0.0,0.0,0.0,0.0,0.0
8.030000000000989,0.21295662612516778,0.21295662612516775,0.0,-3.733805727643934e-15,-1.3877787807814457e-17,-0.21295662612516775,7.850462293418876e-17,3.1031676915590914e-17,-44.77684684549477,44.77684684549477,6.3611093629270335e-15,0.0,0.0,0.0,0.0,0.0
8.040000000000983,0.21323141092372577,0.21323141092372583,0.0,-3.7289940863839475e-15,-1.3877787807814457e-17,-0.21323141092372583,5.551115123125783e-17,5.721958498152797e-17,-44.70228920599727,44.70228920599727,-6.3611093629270335e-15,0.0,0.0,0.0,0.0,0.0
8.050000000000978,0.2135061279075585,0.21350612790755852,0.0,-1.1172588039863888e-14,-4.163336342344337e-17,-0.21350612790755852,2.7755575615628914e-17,5.003707553108401e-17,-44.62765184028741,44.62765184028741,-6.3611093629270335e-15,0.0,0.0,0.0,0.0,0.0
8.060000000000972,0.21378076013082845,0.21378076013082847,0.0,3.719411746310913e-15,1.3877787807814457e-17,-0.21378076013082847,2.7755575615628914e-17,3.1031676915590914e-17,-44.55293891871666,44.55293891871666,6.3611093629270335e-15,0.0,0.0,0.0,0.0,0.0
8.070000000000967,0.2140552906529264,0.2140552906529264,0.0,-3.714641520611294e-15,-1.3877787807814457e-17,-0.2140552906529264,0.0,1.3877787807814457e-17,-44.4781546313875,44.4781546313875,-6.3611093629270335e-15,0.0,0.0,0.0,0.0,0.0
8.080000000000961,0.21432970253951658,0.21432970253951655,0.0,-7.419771137127178e-15,-2.7755575615628914e-17,-0.21432970253951655,2.7755575615628914e-17,3.925231146709438e-17,-44.40330318812528,44.40330318812528,-6.3611093629270335e-15,0.0,0.0,0.0,0.0,0.0
8.090000000000956,0.2146039788635813,0.2146039788635813,0.0,-7.410288239542196e-15,-2.7755575615628914e-17,-0.2146039788635813,2.7755575615628914e-17,2.7755575615628914e-17,-44.3283888184482,44.3283888184482,0.0,0.0,0.0,0.0,0.0,0.0
8.10000000000095,0.21487810270646487,0.21487810270646485,0.0,-1.1101252203237504e-14,-4.163336342344337e-17,-0.21487810270646485,0.0,5.003707553108401e-17,-44.253415771534875,44.253415771534875,-6.3611093629270335e-15,0.0,0.0,0.0,0.0,0.0
8.110000000000944,0.21515205715891741,0.21515205715891744,0.0,-7.391411273177529e-15,-2.7755575615628914e-17,-0.21515205715891744,0.0,3.925231146709438e-17,-44.17838831618971,44.17838831618971,6.3611093629270335e-15,0.0,0.0,0.0,0.0,0.0
8.120000000000939,0.21542582532213794,0.215425825322138,0.0,0.0,0.0,-0.215425825322138,0.0,5.551115123125783e-17,-44.10331074080573,44.10331074080573,-6.3611093629270335e-15,0.0,0.0,0.0,0.0,0.0
8.130000000000933,0.21569939030881655,0.21569939030881657,0.0,-1.105898355893561e-14,-4.163336342344337e-17,-0.21569939030881657,0.0,5.003707553108401e-17,-44.02818735332509,44.02818735332509,0.0,0.0,0.0,0.0,0.0,0.0
8.140000000000928,0.21597273524417618,0.21597273524417618,0.0,0.0,0.0,-0.21597273524417618,5.551115123125783e-17,0.0,-43.95302248119682,43.95302248119682,-1.2722218725854067e-14,0.0,0.0,0.0,0.0,0.0
8.150000000000922,0.21624584326701374,0.2162458432670138,0.0,-1.4708050029596473e-14,-5.551115123125783e-17,-0.2162458432670138,6.206335383118183e-17,7.850462293418876e-17,-43.87782047133201,43.87782047133201,-1.2722218725854067e-14,0.0,0.0,0.0,0.0,0.0
8.160000000000917,0.21651869753073988,0.21651869753073988,0.0,-1.1017136341118865e-14,-4.163336342344337e-17,-0.21651869753073988,5.551115123125783e-17,4.163336342344337e-17,-43.802585690056205,43.802585690056205,6.3611093629270335e-15,0.0,0.0,0.0,0.0,0.0
8.170000000000911,0.2167912812044184,0.2167912812044184,0.0,-7.335522590653647e-15,-2.7755575615628914e-17,-0.2167912812044184,2.7755575615628914e-17,2.7755575615628914e-17,-43.72732252305888,43.72732252305888,0.0,0.0,0.0,0.0,0.0,0.0
8.180000000000906,0.21706357747380428,0.21706357747380423,0.0,-3.6631602575602e-15,-1.3877787807814457e-17,-0.21706357747380423,6.206335383118183e-17,5.721958498152797e-17,-43.652035375339985,43.652035375339985,-1.2722218725854067e-14,0.0,0.0,0.0,0.0,0.0
8.1900000000009,0.217335569542381,0.21733556954238098,0.0,-1.8292879348744273e-14,-6.938893903907228e-17,-0.21733556954238098,6.206335383118183e-17,7.473417450352271e-17,-43.57672867115344,43.57672867115344,6.3611093629270335e-15,0.0,0.0,0.0,0.0,0.0
8.200000000000895,0.21760724063239661,0.21760724063239667,0.0,-3.654008331961273e-15,-1.3877787807814457e-17,-0.21760724063239667,6.206335383118183e-17,5.721958498152797e-17,-43.501406853947366,43.501406853947366,-6.3611093629270335e-15,0.0,0.0,0.0,0.0,0.0
8.210000000000889,0.21787857398589858,0.2178785739858986,0.0,0.0,0.0,-0.2178785739858986,6.206335383118183e-17,2.7755575615628914e-17,-43.42607438630122,43.42607438630122,-6.3611093629270335e-15,0.0,0.0,0.0,0.0,0.0
8.220000000000883,0.21814955286576748,0.21814955286576737,0.0,-1.0934773781385842e-14,-4.163336342344337e-17,-0.21814955286576737,1.1102230246251565e-16,1.1857187100668868e-16,-43.350735749859325,43.350735749859325,6.3611093629270335e-15,0.0,0.0,0.0,0.0,0.0
8.230000000000878,0.21842016055674973,0.21842016055674973,0.0,-7.280817561337584e-15,-2.7755575615628914e-17,-0.21842016055674973,6.206335383118183e-17,2.7755575615628914e-17,-43.27539544526107,43.27539544526107,-1.2722218725854067e-14,0.0,0.0,0.0,0.0,0.0
8.240000000000872,0.21869038036648816,0.21869038036648816,0.0,-3.635910592104513e-15,-1.3877787807814457e-17,-0.21869038036648816,2.7755575615628914e-17,1.3877787807814457e-17,-43.20005799206756,43.20005799206756,-6.3611093629270335e-15,0.0,0.0,0.0,0.0,0.0
8.250000000000867,0.2189601956265521,0.2189601956265521,0.0,-3.6314302153896e-15,-1.3877787807814457e-17,-0.2189601956265521,2.7755575615628914e-17,1.3877787807814457e-17,-43.12472792868432,43.12472792868432,-6.3611093629270335e-15,0.0,0.0,0.0,0.0,0.0
8.260000000000861,0.21922958969346537,0.2192295896934654,0.0,-3.62696783530759e-15,-1.3877787807814457e-17,-0.2192295896934654,2.7755575615628914e-17,3.1031676915590914e-17,-43.04940981228049,43.04940981228049,0.0,0.0,0.0,0.0,0.0,0.0
8.270000000000856,0.21949854594973295,0.21949854594973295,0.0,0.0,0.0,-0.21949854594973295,1.1102230246251565e-16,0.0,-42.97410821870382,42.97410821870382,6.3611093629270335e-15,0.0,0.0,0.0,0.0,0.0
8.28000000000085,0.21976704780486603,0.219767047804866,0.0,-1.0854293375300192e-14,-4.163336342344337e-17,-0.219767047804866,5.551115123125783e-17,5.003707553108401e-17,-42.898827742391845,42.898827742391845,-6.3611093629270335e-15,0.0,0.0,0.0,0.0,0.0
8.290000000000845,0.2200350786964055,0.22003507869640554,0.0,-7.22738097104031e-15,-2.7755575615628914e-17,-0.22003507869640554,1.1102230246251565e-16,3.925231146709438e-17,-42.82357299627868,42.82357299627868,1.2722218725854067e-14,0.0,0.0,0.0,0.0,0.0
8.30000000000084,0.22030262209094337,0.22030262209094337,0.0,-3.609301890368046e-15,-1.3877787807814457e-17,-0.22030262209094337,6.206335383118183e-17,1.3877787807814457e-17,-42.74834861169776,42.74834861169776,0.0,0.0,0.0,0.0,0.0,0.0
8.310000000000834,0.22056966148514284,0.22056966148514284,0.0,-3.604932178850164e-15,-1.3877787807814457e-17,-0.22056966148514284,0.0,1.3877787807814457e-17,-42.67315923827998,42.67315923827998,-6.3611093629270335e-15,0.0,0.0,0.0,0.0,0.0
8.320000000000828,0.2208361804067562,0.22083618040675623,0.0,0.0,0.0,-0.22083618040675623,5.551115123125783e-17,2.7755575615628914e-17,-42.59800954384741,42.59800954384741,0.0,0.0,0.0,0.0,0.0,0.0
8.330000000000823,0.22110216241564096,0.22110216241564096,0.0,-7.192500169863833e-15,-2.7755575615628914e-17,-0.22110216241564096,0.0,2.7755575615628914e-17,-42.52290421430238,42.52290421430238,-6.3611093629270335e-15,0.0,0.0,0.0,0.0,0.0
8.340000000000817,0.22136759110477394,0.22136759110477394,0.0,-7.183876071448396e-15,-2.7755575615628914e-17,-0.22136759110477394,1.3877787807814457e-17,2.7755575615628914e-17,-42.44784795351174,42.44784795351174,-6.3611093629270335e-15,0.0,0.0,0.0,0.0,0.0
8.350000000000811,0.2216324501012633,0.2216324501012633,0.0,-7.175291073149101e-15,-2.7755575615628914e-17,-0.2216324501012633,6.206335383118183e-17,2.7755575615628914e-17,-42.37284548318625,42.37284548318625,-1.2722218725854067e-14,0.0,0.0,0.0,0.0,0.0
8.360000000000806,0.22189672306735853,0.22189672306735853,0.0,0.0,0.0,-0.22189672306735853,1.3877787807814457e-17,0.0,-42.29790154275494,42.29790154275494,6.3611093629270335e-15,0.0,0.0,0.0,0.0,0.0
8.3700000000008,0.22216039370145826,0.22216039370145824,0.0,-7.158239658455017e-15,-2.7755575615628914e-17,-0.22216039370145824,2.7755575615628914e-17,3.925231146709438e-17,-42.22302088923432,42.22302088923432,-6.3611093629270335e-15,0.0,0.0,0.0,0.0,0.0
8.380000000000795,0.22242344573911577,0.22242344573911577,0.0,-1.0724660807096445e-14,-4.163336342344337e-17,-0.22242344573911577,1.3877787807814457e-17,4.163336342344337e-17,-42.14820829709229,42.14820829709229,0.0,0.0,0.0,0.0,0.0,0.0
8.39000000000079,0.22268586295404227,0.22268586295404227,0.0,0.0,0.0,-0.22268586295404227,2.7755575615628914e-17,0.0,-42.07346855810667,42.07346855810667,-6.3611093629270335e-15,0.0,0.0,0.0,0.0,0.0
8.400000000000784,0.2229476291591079,0.22294762915910799,0.0,3.566481838649307e-15,1.3877787807814457e-17,-0.22294762915910799,2.7755575615628914e-17,8.441528768080324e-17,-41.998806481218104,41.998806481218104,-6.3611093629270335e-15,0.0,0.0,0.0,0.0,0.0
8.410000000000778,0.22320872820734006,0.22320872820734008,0.0,-3.562309936317855e-15,-1.3877787807814457e-17,-0.22320872820734008,1.3877787807814457e-17,3.1031676915590914e-17,-41.92422689237742,41.92422689237742,0.0,0.0,0.0,0.0,0.0,0.0
8.420000000000773,0.22346914399291956,0.22346914399291962,0.0,-7.11631732380084e-15,-2.7755575615628914e-17,-0.22346914399291962,5.721958498152797e-17,6.206335383118183e-17,-41.849734634387,41.849734634387,-1.2722218725854067e-14,0.0,0.0,0.0,0.0,0.0
8.430000000000767,0.22372886045217413,0.2237288604521741,0.0,-1.421611264204072e-14,-5.551115123125783e-17,-0.2237288604521741,6.206335383118183e-17,6.206335383118183e-17,-41.7753345667363,41.7753345667363,-6.3611093629270335e-15,0.0,0.0,0.0,0.0,0.0
8.440000000000762,0.22398786156456915,0.22398786156456912,0.0,-1.4199674300415857e-14,-5.551115123125783e-17,-0.22398786156456912,5.551115123125783e-17,6.206335383118183e-17,-41.70103156543129,41.70103156543129,1.2722218725854067e-14,0.0,0.0,0.0,0.0,0.0
8.450000000000756,0.224246131353696,0.224246131353696,0.0,-3.545830046502489e-15,-1.3877787807814457e-17,-0.224246131353696,0.0,1.3877787807814457e-17,-41.62683052281761,41.62683052281761,0.0,0.0,0.0,0.0,0.0,0.0
8.46000000000075,0.22450365388825755,0.22450365388825758,0.0,-3.5417627134106438e-15,-1.3877787807814457e-17,-0.22450365388825758,0.0,3.1031676915590914e-17,-41.55273634739733,41.55273634739733,-6.3611093629270335e-15,0.0,0.0,0.0,0.0,0.0
8.470000000000745,0.22476041328305083,0.22476041328305085,0.0,-3.537716712437815e-15,-1.3877787807814457e-17,-0.22476041328305085,4.163336342344337e-17,3.1031676915590914e-17,-41.4787539636393,41.4787539636393,1.2722218725854067e-14,0.0,0.0,0.0,0.0,0.0
8.48000000000074,0.22501639369994686,0.2250163936999469,0.0,-3.5336921781182512e-15,-1.3877787807814457e-17,-0.2250163936999469,5.551115123125783e-17,3.1031676915590914e-17,-41.404888311782784,41.404888311782784,6.3611093629270335e-15,0.0,0.0,0.0,0.0,0.0
8.490000000000734,0.22527157934886785,0.22527157934886782,0.0,-7.059378485862917e-15,-2.7755575615628914e-17,-0.22527157934886782,6.206335383118183e-17,3.925231146709438e-17,-41.33114434763424,41.33114434763424,-6.3611093629270335e-15,0.0,0.0,0.0,0.0,0.0
8.500000000000728,0.2255259544887609,0.2255259544887609,0.0,-3.525708037322618e-15,-1.3877787807814457e-17,-0.2255259544887609,1.3877787807814457e-17,1.3877787807814457e-17,-41.25752704235734,41.25752704235734,1.2722218725854067e-14,0.0,0.0,0.0,0.0,0.0
8.510000000000723,0.22577950342856912,0.22577950342856912,0.0,0.0,0.0,-0.22577950342856912,5.721958498152797e-17,0.0,-41.18404138225571,41.18404138225571,0.0,0.0,0.0,0.0,0.0,0.0
8.520000000000717,0.22603221052819966,0.22603221052819972,0.0,-7.035622653141093e-15,-2.7755575615628914e-17,-0.22603221052819972,6.206335383118183e-17,6.206335383118183e-17,-41.11069236854857,41.11069236854857,-1.2722218725854067e-14,0.0,0.0,0.0,0.0,0.0
8.530000000000712,0.2262840601994882,0.2262840601994882,0.0,-1.4055584289320217e-14,-5.551115123125783e-17,-0.2262840601994882,6.938893903907228e-17,5.551115123125783e-17,-41.03748501713899,41.03748501713899,-6.3611093629270335e-15,0.0,0.0,0.0,0.0,0.0
8.540000000000706,0.22653503690716076,0.2265350369071608,0.0,-1.0530009148541712e-14,-4.163336342344337e-17,-0.2265350369071608,5.721958498152797e-17,6.938893903907228e-17,-40.96442435837463,40.96442435837463,0.0,0.0,0.0,0.0,0.0,0.0
8.5500000000007,0.2267851251697917,0.2267851251697917,0.0,0.0,0.0,-0.2267851251697917,2.7755575615628914e-17,0.0,-40.89151543680079,40.89151543680079,1.2722218725854067e-14,0.0,0.0,0.0,0.0,0.0
8.560000000000695,0.22703430956075907,0.2270343095607591,0.0,-3.5022841785641373e-15,-1.3877787807814457e-17,-0.2270343095607591,1.3877787807814457e-17,3.1031676915590914e-17,-40.81876331090573,40.81876331090573,0.0,0.0,0.0,0.0,0.0,0.0
8.57000000000069,0.22728257470919583,0.22728257470919583,0.0,-3.498458565876621e-15,-1.3877787807814457e-17,-0.22728257470919583,7.850462293418876e-17,1.3877787807814457e-17,-40.746173052858,40.746173052858,-1.2722218725854067e-14,0.0,0.0,0.0,0.0,0.0
8.580000000000684,0.22752990530093817,0.22752990530093814,0.0,0.0,0.0,-0.22752990530093814,6.206335383118183e-17,2.7755575615628914e-17,-40.67374974823572,40.67374974823572,0.0,0.0,0.0,0.0,0.0,0.0
8.590000000000678,0.22777628607947015,0.22777628607947012,0.0,-6.981751121259909e-15,-2.7755575615628914e-17,-0.22777628607947012,4.163336342344337e-17,3.925231146709438e-17,-40.601498495747606,40.601498495747606,-6.3611093629270335e-15,0.0,0.0,0.0,0.0,0.0
8.600000000000673,0.22802170184686488,0.22802170184686488,0.0,-1.3948473569412783e-14,-5.551115123125783e-17,-0.22802170184686488,1.3877787807814457e-17,5.551115123125783e-17,-40.529424406945594,40.529424406945594,0.0,0.0,0.0,0.0,0.0,0.0
8.610000000000667,0.2282661374647217,0.22826613746472169,0.0,-1.3933537040530458e-14,-5.551115123125783e-17,-0.22826613746472169,1.1188630228279524e-16,6.206335383118183e-17,-40.45753260592913,40.45753260592913,6.3611093629270335e-15,0.0,0.0,0.0,0.0,0.0
8.620000000000662,0.2285095778551004,0.2285095778551004,0.0,-6.95934654319026e-15,-2.7755575615628914e-17,-0.2285095778551004,5.551115123125783e-17,2.7755575615628914e-17,-40.3858282290405,40.3858282290405,-6.3611093629270335e-15,0.0,0.0,0.0,0.0,0.0
8.630000000000656,0.22875200800145093,0.2287520080014509,0.0,-1.7379927662992053e-14,-6.938893903907228e-17,-0.2287520080014509,5.551115123125783e-17,7.473417450352271e-17,-40.31431642455167,40.31431642455167,-6.3611093629270335e-15,0.0,0.0,0.0,0.0,0.0
8.64000000000065,0.22899341294953995,0.22899341294954,0.0,0.0,0.0,-0.22899341294954,0.0,5.551115123125783e-17,-40.243002352341996,40.243002352341996,6.3611093629270335e-15,0.0,0.0,0.0,0.0,0.0
8.650000000000645,0.22923377780837315,0.22923377780837317,0.0,-3.468680217932679e-15,-1.3877787807814457e-17,-0.22923377780837317,4.163336342344337e-17,3.1031676915590914e-17,-40.17189118356699,40.17189118356699,-1.2722218725854067e-14,0.0,0.0,0.0,0.0,0.0
8.66000000000064,0.2294730877511138,0.2294730877511138,0.0,-6.9301256906281365e-15,-2.7755575615628914e-17,-0.2294730877511138,5.551115123125783e-17,2.7755575615628914e-17,-40.10098810031776,40.10098810031776,6.3611093629270335e-15,0.0,0.0,0.0,0.0,0.0
8.670000000000634,0.22971132801599736,0.22971132801599742,0.0,-3.4614691283770938e-15,-1.3877787807814457e-17,-0.22971132801599742,5.721958498152797e-17,5.721958498152797e-17,-40.03029829527121,40.03029829527121,0.0,0.0,0.0,0.0,0.0,0.0
8.680000000000629,0.22994848390724212,0.2299484839072421,0.0,-3.457899164434703e-15,-1.3877787807814457e-17,-0.2299484839072421,5.551115123125783e-17,3.1031676915590914e-17,-39.95982697133072,39.95982697133072,0.0,0.0,0.0,0.0,0.0,0.0
8.690000000000623,0.23018454079595557,0.23018454079595554,0.0,-6.908706098301543e-15,-2.7755575615628914e-17,-0.23018454079595554,5.721958498152797e-17,3.925231146709438e-17,-39.889579341257225,39.889579341257225,1.2722218725854067e-14,0.0,0.0,0.0,0.0,0.0
8.700000000000617,0.23041948412103694,0.2304194841210369,0.0,0.0,0.0,-0.2304194841210369,5.721958498152797e-17,2.7755575615628914e-17,-39.8195606272905,39.8195606272905,0.0,0.0,0.0,0.0,0.0,0.0
8.710000000000612,0.23065329939007517,0.23065329939007517,0.0,-6.894665478174325e-15,-2.7755575615628914e-17,-0.23065329939007517,1.3877787807814457e-17,2.7755575615628914e-17,-39.74977606076076,39.74977606076076,0.0,0.0,0.0,0.0,0.0,0.0
8.720000000000606,0.2308859721802432,0.23088597218024326,0.0,-3.4438587275676793e-15,-1.3877787807814457e-17,-0.23088597218024326,2.7755575615628914e-17,5.721958498152797e-17,-39.68023088168998,39.68023088168998,0.0,0.0,0.0,0.0,0.0,0.0
8.7300000000006,0.23111748813918725,0.23111748813918728,0.0,-6.8808178625324794e-15,-2.7755575615628914e-17,-0.23111748813918728,6.206335383118183e-17,3.925231146709438e-17,-39.610930338383426,39.610930338383426,0.0,0.0,0.0,0.0,0.0,0.0
8.740000000000595,0.23134783298591255,0.23134783298591255,0.0,-3.4369834378967255e-15,-1.3877787807814457e-17,-0.23134783298591255,5.721958498152797e-17,1.3877787807814457e-17,-39.541879687010656,39.541879687010656,0.0,0.0,0.0,0.0,0.0,0.0
8.75000000000059,0.2315769925116638,0.23157699251166378,0.0,-1.0300747000924506e-14,-4.163336342344337e-17,-0.23157699251166378,5.551115123125783e-17,5.003707553108401e-17,-39.47308419117644,39.47308419117644,6.3611093629270335e-15,0.0,0.0,0.0,0.0,0.0
8.760000000000584,0.23180495258080208,0.23180495258080208,0.0,0.0,0.0,-0.23180495258080208,5.721958498152797e-17,0.0,-39.404549121480954,39.404549121480954,-6.3611093629270335e-15,0.0,0.0,0.0,0.0,0.0
8.770000000000579,0.23203169913167657,0.23203169913167654,0.0,-6.853707259322727e-15,-2.7755575615628914e-17,-0.23203169913167654,0.0,3.925231146709438e-17,-39.336279755069626,39.336279755069626,0.0,0.0,0.0,0.0,0.0,0.0
8.780000000000573,0.2322572181774919,0.23225721817749195,0.0,-6.847052389633211e-15,-2.7755575615628914e-17,-0.23225721817749195,6.206335383118183e-17,6.206335383118183e-17,-39.2682813751722,39.2682813751722,-6.3611093629270335e-15,0.0,0.0,0.0,0.0,0.0
8.790000000000568,0.232481495807171,0.232481495807171,0.0,-1.3680893915538078e-14,-5.551115123125783e-17,-0.232481495807171,6.206335383118183e-17,5.551115123125783e-17,-39.20055927063104,39.20055927063104,-6.3611093629270335e-15,0.0,0.0,0.0,0.0,0.0
8.800000000000562,0.23270451818621332,0.23270451818621335,0.0,-3.416945560677074e-15,-1.3877787807814457e-17,-0.23270451818621335,6.206335383118183e-17,3.1031676915590914e-17,-39.13311873541841,39.13311873541841,0.0,0.0,0.0,0.0,0.0,0.0
8.810000000000556,0.23292627155754791,0.23292627155754791,0.0,-1.024107755276667e-14,-4.163336342344337e-17,-0.23292627155754791,6.938893903907228e-17,4.163336342344337e-17,-39.0659650681431,39.0659650681431,1.2722218725854067e-14,0.0,0.0,0.0,0.0,0.0
8.820000000000551,0.2331467422423823,0.2331467422423823,0.0,-1.0231393276847629e-14,-4.163336342344337e-17,-0.2331467422423823,6.938893903907228e-17,4.163336342344337e-17,-38.99910357154567,38.99910357154567,-6.3611093629270335e-15,0.0,0.0,0.0,0.0,0.0
8.830000000000545,0.23336591664104617,0.23336591664104617,0.0,-6.814522718747561e-15,-2.7755575615628914e-17,-0.23336591664104617,1.3877787807814457e-17,2.7755575615628914e-17,-38.93253955198265,38.93253955198265,6.3611093629270335e-15,0.0,0.0,0.0,0.0,0.0
8.84000000000054,0.23358378123383017,0.23358378123383006,0.0,-1.361633356846642e-14,-5.551115123125783e-17,-0.23358378123383006,2.7755575615628914e-17,1.2412670766236366e-16,-38.866278318899624,38.866278318899624,6.3611093629270335e-15,0.0,0.0,0.0,0.0,0.0
8.850000000000534,0.23380032258181996,0.2338003225818199,0.0,-1.0202791787264733e-14,-4.163336342344337e-17,-0.2338003225818199,5.551115123125783e-17,6.938893903907228e-17,-38.800325184292795,38.800325184292795,6.3611093629270335e-15,0.0,0.0,0.0,0.0,0.0
8.860000000000529,0.2340155273277253,0.23401552732772524,0.0,-6.795606081748015e-15,-2.7755575615628914e-17,-0.23401552732772524,0.0,6.206335383118183e-17,-38.73468546215931,38.73468546215931,0.0,0.0,0.0,0.0,0.0,0.0
8.870000000000523,0.23422938219670364,0.23422938219670364,0.0,-3.394700796752003e-15,-1.3877787807814457e-17,-0.23422938219670364,1.3877787807814457e-17,1.3877787807814457e-17,-38.669364467936155,38.669364467936155,-6.3611093629270335e-15,0.0,0.0,0.0,0.0,0.0
8.880000000000518,0.23444187399717936,0.23444187399717928,0.0,-6.783247862755491e-15,-2.7755575615628914e-17,-0.23444187399717928,0.0,8.777083671441753e-17,-38.60436751792745,38.60436751792745,6.3611093629270335e-15,0.0,0.0,0.0,0.0,0.0
8.890000000000512,0.2346529896216573,0.23465298962165726,0.0,-1.0165717534405861e-14,-4.163336342344337e-17,-0.23465298962165726,2.7755575615628914e-17,5.003707553108401e-17,-38.53969992872025,38.53969992872025,6.3611093629270335e-15,0.0,0.0,0.0,0.0,0.0
8.900000000000507,0.23486271604753126,0.23486271604753126,0.0,-6.771093204976476e-15,-2.7755575615628914e-17,-0.23486271604753126,5.551115123125783e-17,2.7755575615628914e-17,-38.475367016588784,38.475367016588784,-6.3611093629270335e-15,0.0,0.0,0.0,0.0,0.0
8.910000000000501,0.23507104033788745,0.23507104033788745,0.0,-6.7650925373279435e-15,-2.7755575615628914e-17,-0.23507104033788745,5.721958498152797e-17,2.7755575615628914e-17,-38.41137409688693,38.41137409688693,6.3611093629270335e-15,0.0,0.0,0.0,0.0,0.0
8.920000000000496,0.23527794964230228,0.2352779496423022,0.0,-1.0138714719013123e-14,-4.163336342344337e-17,-0.2352779496423022,5.551115123125783e-17,9.309503074677274e-17,-38.3477264834292,38.3477264834292,-6.3611093629270335e-15,0.0,0.0,0.0,0.0,0.0
8.93000000000049,0.23548343119763526,0.23548343119763523,0.0,-3.3766225773164466e-15,-1.3877787807814457e-17,-0.23548343119763523,5.721958498152797e-17,3.1031676915590914e-17,-38.28442948785984,38.28442948785984,-1.2722218725854067e-14,0.0,0.0,0.0,0.0,0.0
8.940000000000484,0.23568747232881615,0.23568747232881618,0.0,-3.3736993422227904e-15,-1.3877787807814457e-17,-0.23568747232881618,6.206335383118183e-17,3.1031676915590914e-17,-38.22148841901038,38.22148841901038,1.2722218725854067e-14,0.0,0.0,0.0,0.0,0.0
8.950000000000479,0.23589006044962688,0.2358900604496269,0.0,-6.741603854357204e-15,-2.7755575615628914e-17,-0.2358900604496269,1.3877787807814457e-17,3.925231146709438e-17,-38.15890858224531,38.15890858224531,6.3611093629270335e-15,0.0,0.0,0.0,0.0,0.0
8.960000000000473,0.23609118306347782,0.23609118306347782,0.0,-1.0103791171465607e-14,-4.163336342344337e-17,-0.23609118306347782,6.206335383118183e-17,4.163336342344337e-17,-38.096695278796176,38.096695278796176,6.3611093629270335e-15,0.0,0.0,0.0,0.0,0.0
8.970000000000468,0.23629082776417887,0.2362908277641789,0.0,0.0,0.0,-0.2362908277641789,1.3877787807814457e-17,2.7755575615628914e-17,-38.03485380508382,38.03485380508382,-6.3611093629270335e-15,0.0,0.0,0.0,0.0,0.0
8.980000000000462,0.2364889822367044,0.2364889822367044,0.0,0.0,0.0,-0.2364889822367044,1.1443916996305594e-16,0.0,-37.97338945202903,37.97338945202903,-6.3611093629270335e-15,0.0,0.0,0.0,0.0,0.0
8.990000000000457,0.23668563425795314,0.23668563425795308,0.0,-6.71894323336323e-15,-2.7755575615628914e-17,-0.23668563425795308,1.2412670766236366e-16,6.206335383118183e-17,-37.91230750435143,37.91230750435143,-1.2722218725854067e-14,0.0,0.0,0.0,0.0,0.0
9.000000000000451,0.23688077169750218,0.23688077169750216,0.0,-1.0070112462077863e-14,-4.163336342344337e-17,-0.23688077169750216,5.551115123125783e-17,5.003707553108401e-17,-37.85161323985669,37.85161323985669,1.2722218725854067e-14,0.0,0.0,0.0,0.0,0.0
9.010000000000446,0.23707438251835505,0.237074382518355,0.0,-1.0061888533709252e-14,-4.163336342344337e-17,-0.237074382518355,5.721958498152797e-17,6.938893903907228e-17,-37.79131192871226,37.79131192871226,-6.3611093629270335e-15,0.0,0.0,0.0,0.0,0.0
9.02000000000044,0.23726645477768427,0.23726645477768427,0.0,-3.3512477400604916e-15,-1.3877787807814457e-17,-0.23726645477768427,7.850462293418876e-17,1.3877787807814457e-17,-37.73140883271145,37.73140883271145,1.2722218725854067e-14,0.0,0.0,0.0,0.0,0.0
9.030000000000435,0.23745697662756823,0.23745697662756826,0.0,-6.697117782418234e-15,-2.7755575615628914e-17,-0.23745697662756826,0.0,3.925231146709438e-17,-37.67190920452593,37.67190920452593,6.3611093629270335e-15,0.0,0.0,0.0,0.0,0.0
9.040000000000429,0.23764593631572173,0.2376459363157217,0.0,-1.3383585390822877e-14,-5.551115123125783e-17,-0.2376459363157217,5.721958498152797e-17,6.206335383118183e-17,-37.61281828694703,37.61281828694703,1.2722218725854067e-14,0.0,0.0,0.0,0.0,0.0
9.050000000000423,0.23783332218622114,0.23783332218622116,0.0,-3.3432601582350746e-15,-1.3877787807814457e-17,-0.23783332218622116,4.163336342344337e-17,3.1031676915590914e-17,-37.55414131211541,37.55414131211541,-6.3611093629270335e-15,0.0,0.0,0.0,0.0,0.0
9.060000000000418,0.23801912268022332,0.2380191226802233,0.0,-1.0021951111476132e-14,-4.163336342344337e-17,-0.2380191226802233,2.7755575615628914e-17,5.003707553108401e-17,-37.49588350073971,37.49588350073971,-6.3611093629270335e-15,0.0,0.0,0.0,0.0,0.0
9.070000000000412,0.2382033263366786,0.23820332633667865,0.0,-3.3380670311967994e-15,-1.3877787807814457e-17,-0.23820332633667865,1.3877787807814457e-17,5.721958498152797e-17,-37.43805006130388,37.43805006130388,-6.3611093629270335e-15,0.0,0.0,0.0,0.0,0.0
9.080000000000407,0.23838592179303772,0.23838592179303775,0.0,-3.3355101861099155e-15,-1.3877787807814457e-17,-0.23838592179303775,2.7755575615628914e-17,3.1031676915590914e-17,-37.38064618926363,37.38064618926363,1.2722218725854067e-14,0.0,0.0,0.0,0.0,0.0
9.090000000000401,0.2385668977859529,0.23856689778595297,0.0,-3.3329798800472887e-15,-1.3877787807814457e-17,-0.23856689778595297,5.551115123125783e-17,5.721958498152797e-17,-37.32367706623165,37.32367706623165,-6.3611093629270335e-15,0.0,0.0,0.0,0.0,0.0
9.100000000000396,0.2387462431519724,0.2387462431519723,0.0,-6.660952313789827e-15,-2.7755575615628914e-17,-0.2387462431519723,5.551115123125783e-17,1.1443916996305594e-16,-37.267147859152495,37.267147859152495,-6.3611093629270335e-15,0.0,0.0,0.0,0.0,0.0
9.11000000000039,0.23892394682822923,0.23892394682822926,0.0,-9.983997178870463e-15,-4.163336342344337e-17,-0.23892394682822926,1.3877787807814457e-17,5.003707553108401e-17,-37.21106371946635,37.21106371946635,6.3611093629270335e-15,0.0,0.0,0.0,0.0,0.0
9.120000000000385,0.2390999978531236,0.23909999785312355,0.0,-9.976645890908672e-15,-4.163336342344337e-17,-0.23909999785312355,1.3877787807814457e-17,6.938893903907228e-17,-37.155429782262686,37.155429782262686,0.0,0.0,0.0,0.0,0.0,0.0
9.13000000000038,0.23927438536699902,0.239274385366999,0.0,-6.646249820232916e-15,-2.7755575615628914e-17,-0.239274385366999,0.0,3.925231146709438e-17,-37.10025116542333,37.10025116542333,0.0,0.0,0.0,0.0,0.0,0.0
9.140000000000374,0.23944709861281221,0.23944709861281224,0.0,-3.3207279393751368e-15,-1.3877787807814457e-17,-0.23944709861281224,5.551115123125783e-17,3.1031676915590914e-17,-37.045532968755595,37.045532968755595,-6.3611093629270335e-15,0.0,0.0,0.0,0.0,0.0
9.150000000000368,0.2396181269367966,0.23961812693679668,0.0,-6.636715515062936e-15,-2.7755575615628914e-17,-0.23961812693679668,1.3877787807814457e-17,8.777083671441753e-17,-36.991280273115315,36.991280273115315,-6.3611093629270335e-15,0.0,0.0,0.0,0.0,0.0
9.160000000000363,0.23978745978911953,0.23978745978911953,0.0,-6.632028806386805e-15,-2.7755575615628914e-17,-0.23978745978911953,1.3877787807814457e-17,2.7755575615628914e-17,-36.937498139520265,36.937498139520265,6.3611093629270335e-15,0.0,0.0,0.0,0.0,0.0
9.170000000000357,0.23995508672453306,0.23995508672453303,0.0,-3.313697914137963e-15,-1.3877787807814457e-17,-0.23995508672453303,5.551115123125783e-17,3.1031676915590914e-17,-36.88419160825388,36.88419160825388,6.3611093629270335e-15,0.0,0.0,0.0,0.0,0.0
9.180000000000351,0.24012099740301823,0.24012099740301818,0.0,-9.934224981974252e-15,-4.163336342344337e-17,-0.24012099740301818,5.721958498152797e-17,6.938893903907228e-17,-36.83136569795992,36.83136569795992,1.2722218725854067e-14,0.0,0.0,0.0,0.0,0.0
9.190000000000346,0.24028518159042286,0.2402851815904229,0.0,-3.3091456789092784e-15,-1.3877787807814457e-17,-0.2402851815904229,0.0,3.1031676915590914e-17,-36.779025404727896,36.779025404727896,-6.3611093629270335e-15,0.0,0.0,0.0,0.0,0.0
9.20000000000034,0.2404476291590929,0.2404476291590929,0.0,-9.920730012768477e-15,-4.163336342344337e-17,-0.2404476291590929,0.0,4.163336342344337e-17,-36.72717570116976,36.72717570116976,1.2722218725854067e-14,0.0,0.0,0.0,0.0,0.0
9.210000000000335,0.24060833008849716,0.2406083300884972,0.0,-9.914104013856324e-15,-4.163336342344337e-17,-0.2406083300884972,1.1188630228279524e-16,5.003707553108401e-17,-36.67582153548805,36.67582153548805,6.3611093629270335e-15,0.0,0.0,0.0,0.0,0.0
9.22000000000033,0.24076727446584528,0.2407672744658453,0.0,-3.3025197138188136e-15,-1.3877787807814457e-17,-0.2407672744658453,5.551115123125783e-17,3.1031676915590914e-17,-36.62496783053587,36.62496783053587,1.2722218725854067e-14,0.0,0.0,0.0,0.0,0.0
9.230000000000324,0.24092445248669941,0.24092445248669941,0.0,-1.320146065970246e-14,-5.551115123125783e-17,-0.24092445248669941,5.551115123125783e-17,5.551115123125783e-17,-36.57461948286879,36.57461948286879,6.3611093629270335e-15,0.0,0.0,0.0,0.0,0.0
9.240000000000318,0.24107985445557883,0.24107985445557886,0.0,-3.2982377236020384e-15,-1.3877787807814457e-17,-0.24107985445557886,6.206335383118183e-17,3.1031676915590914e-17,-36.52478136178914,36.52478136178914,-6.3611093629270335e-15,0.0,0.0,0.0,0.0,0.0
9.250000000000313,0.2412334707865581,0.24123347078655813,0.0,0.0,0.0,-0.24123347078655813,0.0,2.7755575615628914e-17,-36.47545830838306,36.47545830838306,6.3611093629270335e-15,0.0,0.0,0.0,0.0,0.0
9.260000000000307,0.24138529200385836,0.24138529200385833,0.0,-6.588128578713649e-15,-2.7755575615628914e-17,-0.24138529200385833,6.938893903907228e-17,3.925231146709438e-17,-36.42665513455042,36.42665513455042,-6.3611093629270335e-15,0.0,0.0,0.0,0.0,0.0
9.270000000000302,0.24153530874243173,0.24153530874243173,0.0,-3.2920183575056456e-15,-1.3877787807814457e-17,-0.24153530874243173,5.551115123125783e-17,1.3877787807814457e-17,-36.3783766220282,36.3783766220282,-6.3611093629270335e-15,0.0,0.0,0.0,0.0,0.0
9.280000000000296,0.24168351174853914,0.24168351174853914,0.0,-3.289999655388926e-15,-1.3877787807814457e-17,-0.24168351174853914,5.721958498152797e-17,1.3877787807814457e-17,-36.33062752140748,36.33062752140748,0.0,0.0,0.0,0.0,0.0,0.0
9.29000000000029,0.2418298918803211,0.24182989188032117,0.0,-3.28800821181934e-15,-1.3877787807814457e-17,-0.24182989188032117,2.7755575615628914e-17,5.721958498152797e-17,-36.28341255114457,36.28341255114457,-6.3611093629270335e-15,0.0,0.0,0.0,0.0,0.0
9.300000000000285,0.24197444010836155,0.24197444010836155,0.0,-3.286044054941499e-15,-1.3877787807814457e-17,-0.24197444010836155,6.938893903907228e-17,1.3877787807814457e-17,-36.236736396566656,36.236736396566656,-6.3611093629270335e-15,0.0,0.0,0.0,0.0,0.0
9.31000000000028,0.24211714751624494,0.24211714751624502,0.0,-3.284107212243316e-15,-1.3877787807814457e-17,-0.24211714751624502,1.3877787807814457e-17,8.441528768080324e-17,-36.19060370887208,36.19060370887208,0.0,0.0,0.0,0.0,0.0,0.0
9.320000000000274,0.2422580053011061,0.24225800530110608,0.0,-6.564395421134501e-15,-2.7755575615628914e-17,-0.24225800530110608,1.3877787807814457e-17,3.925231146709438e-17,-36.145019104126206,36.145019104126206,6.3611093629270335e-15,0.0,0.0,0.0,0.0,0.0
9.330000000000268,0.24239700477417336,0.24239700477417342,0.0,-9.840946728364012e-15,-4.163336342344337e-17,-0.24239700477417342,0.0,6.938893903907228e-17,-36.099987162252674,36.099987162252674,6.3611093629270335e-15,0.0,0.0,0.0,0.0,0.0
9.340000000000263,0.24253413736130452,0.24253413736130452,0.0,-6.5569216689802014e-15,-2.7755575615628914e-17,-0.24253413736130452,5.551115123125783e-17,2.7755575615628914e-17,-36.05551242602102,36.05551242602102,-6.3611093629270335e-15,0.0,0.0,0.0,0.0,0.0
9.350000000000257,0.2426693946035156,0.24266939460351558,0.0,-3.276633510645268e-15,-1.3877787807814457e-17,-0.24266939460351558,4.163336342344337e-17,3.1031676915590914e-17,-36.01159940003062,36.01159940003062,-6.3611093629270335e-15,0.0,0.0,0.0,0.0,0.0
9.360000000000252,0.2428027681575028,0.2428027681575028,0.0,-9.824500886869014e-15,-4.163336342344337e-17,-0.2428027681575028,5.551115123125783e-17,4.163336342344337e-17,-35.96825254969192,35.96825254969192,0.0,0.0,0.0,0.0,0.0,0.0
9.370000000000246,0.24293424979615708,0.24293424979615708,0.0,0.0,0.0,-0.24293424979615708,0.0,0.0,-35.92547630020491,35.92547630020491,-1.2722218725854067e-14,0.0,0.0,0.0,0.0,0.0
9.38000000000024,0.24306383140907162,0.24306383140907165,0.0,-3.2713162865752597e-15,-1.3877787807814457e-17,-0.24306383140907165,0.0,3.1031676915590914e-17,-35.88327503553579,35.88327503553579,-6.3611093629270335e-15,0.0,0.0,0.0,0.0,0.0
9.390000000000235,0.24319150500304215,0.24319150500304215,0.0,-6.539197743407465e-15,-2.7755575615628914e-17,-0.24319150500304215,7.850462293418876e-17,2.7755575615628914e-17,-35.84165309739191,35.84165309739191,-1.2722218725854067e-14,0.0,0.0,0.0,0.0,0.0
9.40000000000023,0.24331726270256,0.24331726270255993,0.0,-6.535817981298649e-15,-2.7755575615628914e-17,-0.24331726270255993,1.3877787807814457e-17,6.206335383118183e-17,-35.80061478419582,35.80061478419582,6.3611093629270335e-15,0.0,0.0,0.0,0.0,0.0
9.410000000000224,0.2434410967502979,0.2434410967502979,0.0,-9.798739994769262e-15,-4.163336342344337e-17,-0.2434410967502979,5.721958498152797e-17,4.163336342344337e-17,-35.760164350058744,35.760164350058744,0.0,0.0,0.0,0.0,0.0,0.0
9.420000000000218,0.24356299950758845,0.24356299950758842,0.0,0.0,0.0,-0.24356299950758842,0.0,2.7755575615628914e-17,-35.72030600375407,35.72030600375407,1.2722218725854067e-14,0.0,0.0,0.0,0.0,0.0
9.430000000000213,0.24368296345489537,0.24368296345489537,0.0,-9.789014288391842e-15,-4.163336342344337e-17,-0.24368296345489537,1.3877787807814457e-17,4.163336342344337e-17,-35.68104390769132,35.68104390769132,6.3611093629270335e-15,0.0,0.0,0.0,0.0,0.0
9.440000000000207,0.24380098119227736,0.2438009811922774,0.0,-6.5228504534916615e-15,-2.7755575615628914e-17,-0.2438009811922774,1.3877787807814457e-17,3.925231146709438e-17,-35.642382176891324,35.642382176891324,6.3611093629270335e-15,0.0,0.0,0.0,0.0,0.0
9.450000000000202,0.2439170454398444,0.24391704543984438,0.0,-6.519746653474277e-15,-2.7755575615628914e-17,-0.24391704543984438,6.206335383118183e-17,3.925231146709438e-17,-35.60432487796294,35.60432487796294,-6.3611093629270335e-15,0.0,0.0,0.0,0.0,0.0
9.460000000000196,0.24403114903820705,0.2440311490382071,0.0,-3.2583490816632887e-15,-1.3877787807814457e-17,-0.2440311490382071,1.3877787807814457e-17,5.721958498152797e-17,-35.566876028081985,35.566876028081985,1.2722218725854067e-14,0.0,0.0,0.0,0.0,0.0
9.47000000000019,0.24414328494891785,0.2441432849489179,0.0,-9.770557529758551e-15,-4.163336342344337e-17,-0.2441432849489179,1.3877787807814457e-17,6.938893903907228e-17,-35.530039593972916,35.530039593972916,0.0,0.0,0.0,0.0,0.0,0.0
9.480000000000185,0.2442534462549056,0.24425344625490558,0.0,-9.766150888238405e-15,-4.163336342344337e-17,-0.24425344625490558,2.7755575615628914e-17,5.003707553108401e-17,-35.49381949089392,35.49381949089392,6.3611093629270335e-15,0.0,0.0,0.0,0.0,0.0
9.49000000000018,0.2443616261609021,0.24436162616090218,0.0,-6.507884915140586e-15,-2.7755575615628914e-17,-0.24436162616090218,2.7755575615628914e-17,8.777083671441753e-17,-35.45821958162582,35.45821958162582,1.2722218725854067e-14,0.0,0.0,0.0,0.0,0.0
9.500000000000174,0.2444678179938611,0.24446781799386105,0.0,-1.3010116045390421e-14,-5.551115123125783e-17,-0.24446781799386105,2.7755575615628914e-17,7.850462293418876e-17,-35.4232436754656,35.4232436754656,6.3611093629270335e-15,0.0,0.0,0.0,0.0,0.0
9.510000000000169,0.2445720152033702,0.2445720152033702,0.0,-1.3004573228947614e-14,-5.551115123125783e-17,-0.2445720152033702,6.206335383118183e-17,5.551115123125783e-17,-35.38889552722497,35.38889552722497,6.3611093629270335e-15,0.0,0.0,0.0,0.0,0.0
9.520000000000163,0.2446742113620547,0.24467421136205475,0.0,0.0,0.0,-0.24467421136205475,7.850462293418876e-17,5.551115123125783e-17,-35.35517883623471,35.35517883623471,-6.3611093629270335e-15,0.0,0.0,0.0,0.0,0.0
9.530000000000157,0.2447744001659741,0.24477440016597407,0.0,-1.2993820756201953e-14,-5.551115123125783e-17,-0.24477440016597407,2.7755575615628914e-17,6.206335383118183e-17,-35.322097245355295,35.322097245355295,6.3611093629270335e-15,0.0,0.0,0.0,0.0,0.0
9.540000000000152,0.2448725754350111,0.24487257543501106,0.0,-6.494305611425303e-15,-2.7755575615628914e-17,-0.24487257543501106,1.1857187100668868e-16,3.925231146709438e-17,-35.28965433999446,35.28965433999446,1.2722218725854067e-14,0.0,0.0,0.0,0.0,0.0
9.550000000000146,0.2449687311132526,0.24496873111325257,0.0,-6.491756451955292e-15,-2.7755575615628914e-17,-0.24496873111325257,6.938893903907228e-17,3.925231146709438e-17,-35.257853647132336,35.257853647132336,-1.2722218725854067e-14,0.0,0.0,0.0,0.0,0.0
9.56000000000014,0.24506286126936344,0.24506286126936347,0.0,-6.489262928272874e-15,-2.7755575615628914e-17,-0.24506286126936347,0.0,3.925231146709438e-17,-35.22669863435474,35.22669863435474,-1.2722218725854067e-14,0.0,0.0,0.0,0.0,0.0
9.570000000000135,0.24515496009695226,0.2451549600969523,0.0,-6.486825068123629e-15,-2.7755575615628914e-17,-0.2451549600969523,2.7755575615628914e-17,6.206335383118183e-17,-35.19619270889531,35.19619270889531,6.3611093629270335e-15,0.0,0.0,0.0,0.0,0.0
9.58000000000013,0.2452450219149295,0.24524502191492953,0.0,-3.242221449215375e-15,-1.3877787807814457e-17,-0.24524502191492953,6.206335383118183e-17,3.1031676915590914e-17,-35.166339216686964,35.166339216686964,6.3611093629270335e-15,0.0,0.0,0.0,0.0,0.0
9.590000000000124,0.24533304116785798,0.24533304116785792,0.0,-6.4821164453086595e-15,-2.7755575615628914e-17,-0.24533304116785792,2.7755575615628914e-17,6.206335383118183e-17,-35.13714144142354,35.13714144142354,-6.3611093629270335e-15,0.0,0.0,0.0,0.0,0.0
9.600000000000119,0.24541901242629563,0.24541901242629555,0.0,-6.479845734076335e-15,-2.7755575615628914e-17,-0.24541901242629555,5.551115123125783e-17,8.777083671441753e-17,-35.10860260363196,35.10860260363196,-6.3611093629270335e-15,0.0,0.0,0.0,0.0,0.0
9.610000000000113,0.24550293038713022,0.24550293038713022,0.0,-9.716446183905454e-15,-4.163336342344337e-17,-0.24550293038713022,6.938893903907228e-17,4.163336342344337e-17,-35.080725859755844,35.080725859755844,-6.3611093629270335e-15,0.0,0.0,0.0,0.0,0.0
9.620000000000108,0.2455847898739067,0.2455847898739067,0.0,-9.713207451985964e-15,-4.163336342344337e-17,-0.2455847898739067,1.3877787807814457e-17,4.163336342344337e-17,-35.05351430125091,35.05351430125091,-6.3611093629270335e-15,0.0,0.0,0.0,0.0,0.0
9.630000000000102,0.24566458583714623,0.24566458583714623,0.0,-9.71005243987001e-15,-4.163336342344337e-17,-0.24566458583714623,6.206335383118183e-17,4.163336342344337e-17,-35.026970953693066,35.026970953693066,6.3611093629270335e-15,0.0,0.0,0.0,0.0,0.0
9.640000000000096,0.24574231335465802,0.24574231335465796,0.0,-1.2942641574604638e-14,-5.551115123125783e-17,-0.24574231335465796,0.0,7.850462293418876e-17,-35.001098775899536,35.001098775899536,1.2722218725854067e-14,0.0,0.0,0.0,0.0,0.0
9.650000000000091,0.2458179676318426,0.24581796763184258,0.0,-1.617332284588621e-14,-6.938893903907228e-17,-0.24581796763184258,5.721958498152797e-17,7.473417450352271e-17,-34.975900659063846,34.975900659063846,-6.3611093629270335e-15,0.0,0.0,0.0,0.0,0.0
9.660000000000085,0.24589154400198782,0.2458915440019878,0.0,-6.467393367211125e-15,-2.7755575615628914e-17,-0.2458915440019878,5.551115123125783e-17,3.925231146709438e-17,-34.95137942590525,34.95137942590525,0.0,0.0,0.0,0.0,0.0,0.0
9.67000000000008,0.24596303792655658,0.2459630379265565,0.0,-1.6163783734922485e-14,-6.938893903907228e-17,-0.2459630379265565,1.3877787807814457e-17,1.0838898772828417e-16,-34.92753782983313,34.92753782983313,0.0,0.0,0.0,0.0,0.0,0.0
9.680000000000074,0.24603244499546684,0.24603244499546678,0.0,-6.463689538024385e-15,-2.7755575615628914e-17,-0.24603244499546678,1.3877787807814457e-17,6.206335383118183e-17,-34.90437855412696,34.90437855412696,-6.3611093629270335e-15,0.0,0.0,0.0,0.0,0.0
9.690000000000069,0.2460997609273637,0.2460997609273637,0.0,-6.461921518083589e-15,-2.7755575615628914e-17,-0.2460997609273637,6.206335383118183e-17,2.7755575615628914e-17,-34.88190421113264,34.88190421113264,0.0,0.0,0.0,0.0,0.0,0.0
9.700000000000063,0.24616498156988334,0.2461649815698833,0.0,-3.230104726086512e-15,-1.3877787807814457e-17,-0.2461649815698833,5.721958498152797e-17,3.1031676915590914e-17,-34.86011734147554,34.86011734147554,6.3611093629270335e-15,0.0,0.0,0.0,0.0,0.0
9.710000000000058,0.24622810289990935,0.24622810289990926,0.0,-9.687830036473536e-15,-4.163336342344337e-17,-0.24622810289990926,2.7755575615628914e-17,9.309503074677274e-17,-34.839020413290925,34.839020413290925,6.3611093629270335e-15,0.0,0.0,0.0,0.0,0.0
9.720000000000052,0.24628912102382072,0.2462891210238207,0.0,-6.456953251207345e-15,-2.7755575615628914e-17,-0.2462891210238207,6.938893903907228e-17,3.925231146709438e-17,-34.81861582147245,34.81861582147245,6.3611093629270335e-15,0.0,0.0,0.0,0.0,0.0
9.730000000000047,0.2463480321777322,0.2463480321777322,0.0,-3.2277045744461726e-15,-1.3877787807814457e-17,-0.2463480321777322,6.938893903907228e-17,1.3877787807814457e-17,-34.79890588693915,34.79890588693915,-1.2722218725854067e-14,0.0,0.0,0.0,0.0,0.0
9.740000000000041,0.2464048327277263,0.24640483272772634,0.0,0.0,0.0,-0.24640483272772634,2.7755575615628914e-17,5.551115123125783e-17,-34.779892855921474,34.779892855921474,-6.3611093629270335e-15,0.0,0.0,0.0,0.0,0.0
9.750000000000036,0.24645951917007752,0.24645951917007747,0.0,-3.2262445088078242e-15,-1.3877787807814457e-17,-0.24645951917007747,1.3877787807814457e-17,5.721958498152797e-17,-34.76157889926711,34.76157889926711,6.3611093629270335e-15,0.0,0.0,0.0,0.0,0.0
9.76000000000003,0.24651208813146852,0.24651208813146855,0.0,-9.676669526345742e-15,-4.163336342344337e-17,-0.24651208813146855,0.0,5.003707553108401e-17,-34.743966111766824,34.743966111766824,-1.2722218725854067e-14,0.0,0.0,0.0,0.0,0.0
9.770000000000024,0.24656253636919814,0.2465625363691982,0.0,-6.4497930794745986e-15,-2.7755575615628914e-17,-0.2465625363691982,5.721958498152797e-17,6.206335383118183e-17,-34.72705651150122,34.72705651150122,6.3611093629270335e-15,0.0,0.0,0.0,0.0,0.0
9.780000000000019,0.24661086077138145,0.24661086077138145,0.0,-6.448529216261938e-15,-2.7755575615628914e-17,-0.24661086077138145,0.0,2.7755575615628914e-17,-34.71085203920848,34.71085203920848,1.2722218725854067e-14,0.0,0.0,0.0,0.0,0.0
9.790000000000013,0.24665705835714166,0.24665705835714158,0.0,-6.4473214402368805e-15,-2.7755575615628914e-17,-0.24665705835714158,6.938893903907228e-17,8.777083671441753e-17,-34.695354557674015,34.695354557674015,-6.3611093629270335e-15,0.0,0.0,0.0,0.0,0.0
9.800000000000008,0.2467011262767941,0.2467011262767942,0.0,-3.223084881557241e-15,-1.3877787807814457e-17,-0.2467011262767942,2.7755575615628914e-17,8.441528768080324e-17,-34.68056585114225,34.68056585114225,-1.2722218725854067e-14,0.0,0.0,0.0,0.0,0.0
9.810000000000002,0.24674306181202194,0.24674306181202194,0.0,3.222537098010259e-15,1.3877787807814457e-17,-0.24674306181202194,1.3877787807814457e-17,1.3877787807814457e-17,-34.666487624750985,34.666487624750985,-1.2722218725854067e-14,0.0,0.0,0.0,0.0,0.0
9.819999999999997,0.24678286237604374,0.24678286237604374,0.0,-3.2220173747488988e-15,-1.3877787807814457e-17,-0.24678286237604374,1.3877787807814457e-17,1.3877787807814457e-17,-34.65312150398914,34.65312150398914,6.3611093629270335e-15,0.0,0.0,0.0,0.0,0.0
9.829999999999991,0.24682052551377334,0.24682052551377331,0.0,-9.664577150268342e-15,-4.163336342344337e-17,-0.24682052551377331,1.3877787807814457e-17,5.003707553108401e-17,-34.64046903417771,34.64046903417771,0.0,0.0,0.0,0.0,0.0,0.0
9.839999999999986,0.24685604890197094,0.2468560489019709,0.0,-6.442124257458539e-15,-2.7755575615628914e-17,-0.2468560489019709,0.0,3.925231146709438e-17,-34.628531679974984,34.628531679974984,0.0,0.0,0.0,0.0,0.0,0.0
9.84999999999998,0.2468894303493866,0.2468894303493866,0.0,-9.661879845248565e-15,-4.163336342344337e-17,-0.2468894303493866,1.3877787807814457e-17,4.163336342344337e-17,-34.61731082490599,34.61731082490599,6.3611093629270335e-15,0.0,0.0,0.0,0.0,0.0
9.859999999999975,0.24692066779689548,0.24692066779689553,0.0,-3.220219179951028e-15,-1.3877787807814457e-17,-0.24692066779689553,5.551115123125783e-17,5.721958498152797e-17,-34.60680777091676,34.60680777091676,6.3611093629270335e-15,0.0,0.0,0.0,0.0,0.0
9.869999999999969,0.24694975931762458,0.24694975931762458,0.0,-6.4396796543800545e-15,-2.7755575615628914e-17,-0.24694975931762458,2.7755575615628914e-17,2.7755575615628914e-17,-34.59702373795377,34.59702373795377,0.0,0.0,0.0,0.0,0.0,0.0
9.879999999999963,0.24697670311707196,0.24697670311707187,0.0,-6.4389771207608004e-15,-2.7755575615628914e-17,-0.24697670311707187,2.7755575615628914e-17,8.777083671441753e-17,-34.58795986356865,34.58795986356865,-6.3611093629270335e-15,0.0,0.0,0.0,0.0,0.0
9.889999999999958,0.2470014975332171,0.24700149753321712,0.0,-6.438330765658194e-15,-2.7755575615628914e-17,-0.24700149753321712,0.0,3.925231146709438e-17,-34.579617202548995,34.579617202548995,0.0,0.0,0.0,0.0,0.0,0.0
9.899999999999952,0.24702414103662362,0.24702414103662362,0.0,-6.437740595142825e-15,-2.7755575615628914e-17,-0.24702414103662362,0.0,2.7755575615628914e-17,-34.57199672657506,34.57199672657506,6.3611093629270335e-15,0.0,0.0,0.0,0.0,0.0
9.909999999999947,0.2470446322305336,0.24704463223053358,0.0,-3.218603307372747e-15,-1.3877787807814457e-17,-0.24704463223053358,5.551115123125783e-17,3.1031676915590914e-17,-34.565099323902906,34.565099323902906,-6.3611093629270335e-15,0.0,0.0,0.0,0.0,0.0
9.919999999999941,0.24706296985095366,0.24706296985095366,0.0,-1.2873457658920955e-14,-5.551115123125783e-17,-0.24706296985095366,2.7755575615628914e-17,5.551115123125783e-17,-34.55892579907425,34.55892579907425,-6.3611093629270335e-15,0.0,0.0,0.0,0.0,0.0
9.929999999999936,0.24707915276673298,0.24707915276673298,0.0,-6.436307243748471e-15,-2.7755575615628914e-17,-0.24707915276673298,1.3877787807814457e-17,2.7755575615628914e-17,-34.553476872653114,34.553476872653114,-6.3611093629270335e-15,0.0,0.0,0.0,0.0,0.0
9.93999999999993,0.24709317997963312,0.24709317997963312,0.0,-9.653912792308785e-15,-4.163336342344337e-17,-0.24709317997963312,1.3877787807814457e-17,4.163336342344337e-17,-34.548753180989685,34.548753180989685,0.0,0.0,0.0,0.0,0.0,0.0
9.949999999999925,0.24710505062438948,0.2471050506243895,0.0,-9.653449029350576e-15,-4.163336342344337e-17,-0.2471050506243895,1.1188630228279524e-16,5.003707553108401e-17,-34.54475527601146,34.54475527601146,-6.3611093629270335e-15,0.0,0.0,0.0,0.0,0.0
9.95999999999992,0.2471147639687648,0.2471147639687648,0.0,-6.435379720706484e-15,-2.7755575615628914e-17,-0.2471147639687648,2.7755575615628914e-17,2.7755575615628914e-17,-34.54148362504183,34.54148362504183,-6.3611093629270335e-15,0.0,0.0,0.0,0.0,0.0
9.969999999999914,0.24712231941359422,0.24712231941359425,0.0,-3.2175914836534933e-15,-1.3877787807814457e-17,-0.24712231941359425,1.3877787807814457e-17,3.1031676915590914e-17,-34.53893861064642,34.53893861064642,-6.3611093629270335e-15,0.0,0.0,0.0,0.0,0.0
9.979999999999908,0.24712771649282234,0.2471277164928224,0.0,0.0,0.0,-0.2471277164928224,5.721958498152797e-17,5.551115123125783e-17,-34.53712053050707,34.53712053050707,-1.2722218725854067e-14,0.0,0.0,0.0,0.0,0.0
9.989999999999903,0.24713095487353187,0.24713095487353182,0.0,-9.652437155508761e-15,-4.163336342344337e-17,-0.24713095487353182,6.206335383118183e-17,6.938893903907228e-17,-34.53602959732382,34.53602959732382,1.2722218725854067e-14,0.0,0.0,0.0,0.0,0.0
9.999999999999897,0.24713203435596426,0.24713203435596423,0.0,-9.652394993284157e-15,-4.163336342344337e-17,-0.24713203435596423,1.3877787807814457e-17,5.003707553108401e-17,-34.5356659387447,34.5356659387447,6.3611093629270335e-15,0.0,0.0,0.0,0.0,0.0
10.009999999999891,0.24713095487353193,0.24713095487353193,0.0,-1.286991620734501e-14,-5.551115123125783e-17,-0.24713095487353193,7.850462293418876e-17,5.551115123125783e-17,-34.53602959732379,34.53602959732379,-1.2722218725854067e-14,0.0,0.0,0.0,0.0,0.0
10.019999999999886,0.24712771649282245,0.2471277164928225,0.0,-6.4350424278611655e-15,-2.7755575615628914e-17,-0.2471277164928225,5.551115123125783e-17,6.206335383118183e-17,-34.53712053050704,34.53712053050704,-6.3611093629270335e-15,0.0,0.0,0.0,0.0,0.0
10.02999999999988,0.24712231941359436,0.2471223194135944,0.0,-9.652774450960475e-15,-4.163336342344337e-17,-0.2471223194135944,5.721958498152797e-17,5.003707553108401e-17,-34.53893861064636,34.53893861064636,0.0,0.0,0.0,0.0,0.0,0.0
10.039999999999875,0.24711476396876497,0.2471147639687649,0.0,-1.2870759441412965e-14,-5.551115123125783e-17,-0.2471147639687649,0.0,1.0007415106216802e-16,-34.541483625041764,34.541483625041764,0.0,0.0,0.0,0.0,0.0,0.0
10.04999999999987,0.2471050506243897,0.2471050506243897,0.0,-6.4356326862337125e-15,-2.7755575615628914e-17,-0.2471050506243897,2.7755575615628914e-17,2.7755575615628914e-17,-34.54475527601138,34.54475527601138,-6.3611093629270335e-15,0.0,0.0,0.0,0.0,0.0
10.059999999999864,0.24709317997963337,0.24709317997963332,0.0,-3.217970930769593e-15,-1.3877787807814457e-17,-0.24709317997963332,1.3877787807814457e-17,5.721958498152797e-17,-34.5487531809896,34.5487531809896,1.2722218725854067e-14,0.0,0.0,0.0,0.0,0.0
10.069999999999858,0.2470791527667333,0.24707915276673326,0.0,-1.6090768109371158e-14,-6.938893903907228e-17,-0.24707915276673326,5.721958498152797e-17,8.886119947416683e-17,-34.55347687265301,34.55347687265301,0.0,0.0,0.0,0.0,0.0,0.0
10.079999999999853,0.24706296985095402,0.24706296985095402,0.0,-9.655093244190702e-15,-4.163336342344337e-17,-0.24706296985095402,1.3877787807814457e-17,4.163336342344337e-17,-34.55892579907413,34.55892579907413,-6.3611093629270335e-15,0.0,0.0,0.0,0.0,0.0
10.089999999999847,0.24704463223053402,0.247044632230534,0.0,-6.437206614745482e-15,-2.7755575615628914e-17,-0.247044632230534,5.551115123125783e-17,3.925231146709438e-17,-34.56509932390278,34.56509932390278,0.0,0.0,0.0,0.0,0.0,0.0
10.099999999999842,0.24702414103662407,0.24702414103662407,0.0,-9.656610892714219e-15,-4.163336342344337e-17,-0.24702414103662407,0.0,4.163336342344337e-17,-34.57199672657491,34.57199672657491,0.0,0.0,0.0,0.0,0.0,0.0
10.109999999999836,0.2470014975332176,0.2470014975332176,0.0,-6.438330765658183e-15,-2.7755575615628914e-17,-0.2470014975332176,5.721958498152797e-17,2.7755575615628914e-17,-34.57961720254882,34.57961720254882,-6.3611093629270335e-15,0.0,0.0,0.0,0.0,0.0
10.11999999999983,0.24697670311707248,0.24697670311707248,0.0,-9.658465681141176e-15,-4.163336342344337e-17,-0.24697670311707248,6.206335383118183e-17,4.163336342344337e-17,-34.58795986356847,34.58795986356847,-6.3611093629270335e-15,0.0,0.0,0.0,0.0,0.0
10.129999999999825,0.2469497593176252,0.2469497593176252,0.0,-9.659519481570059e-15,-4.163336342344337e-17,-0.2469497593176252,5.551115123125783e-17,4.163336342344337e-17,-34.597023737953556,34.597023737953556,6.3611093629270335e-15,0.0,0.0,0.0,0.0,0.0
10.13999999999982,0.2469206677968961,0.2469206677968961,0.0,-1.2880876719804084e-14,-5.551115123125783e-17,-0.2469206677968961,5.551115123125783e-17,5.551115123125783e-17,-34.60680777091656,34.60680777091656,0.0,0.0,0.0,0.0,0.0,0.0
10.149999999999814,0.2468894303493873,0.24688943034938726,0.0,-9.661879845248538e-15,-4.163336342344337e-17,-0.24688943034938726,8.326672684688674e-17,5.003707553108401e-17,-34.61731082490576,34.61731082490576,-1.2722218725854067e-14,0.0,0.0,0.0,0.0,0.0
10.159999999999808,0.24685604890197166,0.24685604890197166,0.0,-6.4421242574585196e-15,-2.7755575615628914e-17,-0.24685604890197166,2.7755575615628914e-17,2.7755575615628914e-17,-34.628531679974735,34.628531679974735,-6.3611093629270335e-15,0.0,0.0,0.0,0.0,0.0
10.169999999999803,0.2468205255137741,0.2468205255137741,0.0,-6.443051433512207e-15,-2.7755575615628914e-17,-0.2468205255137741,6.938893903907228e-17,2.7755575615628914e-17,-34.640469034177464,34.640469034177464,-6.3611093629270335e-15,0.0,0.0,0.0,0.0,0.0
10.179999999999797,0.24678286237604455,0.24678286237604452,0.0,-6.444034749497777e-15,-2.7755575615628914e-17,-0.24678286237604452,5.721958498152797e-17,3.925231146709438e-17,-34.65312150398888,34.65312150398888,-6.3611093629270335e-15,0.0,0.0,0.0,0.0,0.0
10.189999999999792,0.24674306181202277,0.24674306181202282,0.0,3.2225370980102477e-15,1.3877787807814457e-17,-0.24674306181202282,5.551115123125783e-17,5.721958498152797e-17,-34.6664876247507,34.6664876247507,1.2722218725854067e-14,0.0,0.0,0.0,0.0,0.0
10.199999999999786,0.246701126276795,0.24670112627679497,0.0,-9.669254644671694e-15,-4.163336342344337e-17,-0.24670112627679497,2.7755575615628914e-17,5.003707553108401e-17,-34.68056585114194,34.68056585114194,-1.2722218725854067e-14,0.0,0.0,0.0,0.0,0.0
10.20999999999978,0.24665705835714258,0.24665705835714247,0.0,-1.2894642880473717e-14,-5.551115123125783e-17,-0.24665705835714247,5.551115123125783e-17,1.2412670766236366e-16,-34.69535455767372,34.69535455767372,-1.2722218725854067e-14,0.0,0.0,0.0,0.0,0.0
10.219999999999775,0.2466108607713824,0.24661086077138233,0.0,-1.612132304065479e-14,-6.938893903907228e-17,-0.24661086077138233,6.206335383118183e-17,8.886119947416683e-17,-34.71085203920817,34.71085203920817,-6.3611093629270335e-15,0.0,0.0,0.0,0.0,0.0
10.22999999999977,0.24656253636919917,0.24656253636919911,0.0,-1.2899586158949148e-14,-5.551115123125783e-17,-0.24656253636919911,1.3877787807814457e-17,7.850462293418876e-17,-34.72705651150087,34.72705651150087,-6.3611093629270335e-15,0.0,0.0,0.0,0.0,0.0
10.239999999999764,0.24651208813146958,0.24651208813146952,0.0,-1.2902226035127606e-14,-5.551115123125783e-17,-0.24651208813146952,1.3877787807814457e-17,7.850462293418876e-17,-34.74396611176647,34.74396611176647,-1.2722218725854067e-14,0.0,0.0,0.0,0.0,0.0
10.249999999999758,0.24645951917007863,0.24645951917007866,0.0,-6.452489017615618e-15,-2.7755575615628914e-17,-0.24645951917007866,5.721958498152797e-17,3.925231146709438e-17,-34.76157889926672,34.76157889926672,6.3611093629270335e-15,0.0,0.0,0.0,0.0,0.0
10.259999999999753,0.24640483272772745,0.24640483272772742,0.0,-6.45392106610581e-15,-2.7755575615628914e-17,-0.24640483272772742,2.7755575615628914e-17,3.925231146709438e-17,-34.779892855921084,34.779892855921084,0.0,0.0,0.0,0.0,0.0,0.0
10.269999999999747,0.2463480321777334,0.24634803217773343,0.0,-6.455409148892313e-15,-2.7755575615628914e-17,-0.24634803217773343,5.551115123125783e-17,3.925231146709438e-17,-34.79890588693875,34.79890588693875,-1.2722218725854067e-14,0.0,0.0,0.0,0.0,0.0
10.279999999999742,0.24628912102382194,0.24628912102382194,0.0,-3.2284766256036563e-15,-1.3877787807814457e-17,-0.24628912102382194,4.163336342344337e-17,1.3877787807814457e-17,-34.81861582147205,34.81861582147205,0.0,0.0,0.0,0.0,0.0,0.0
10.289999999999736,0.24622810289991062,0.24622810289991065,0.0,-3.229276678824494e-15,-1.3877787807814457e-17,-0.24622810289991065,1.1102230246251565e-16,3.1031676915590914e-17,-34.839020413290484,34.839020413290484,1.2722218725854067e-14,0.0,0.0,0.0,0.0,0.0
10.29999999999973,0.24616498156988467,0.24616498156988462,0.0,-3.2301047260864947e-15,-1.3877787807814457e-17,-0.24616498156988462,0.0,5.721958498152797e-17,-34.860117341475096,34.860117341475096,-6.3611093629270335e-15,0.0,0.0,0.0,0.0,0.0
10.309999999999725,0.24609976092736507,0.24609976092736507,0.0,-6.461921518083553e-15,-2.7755575615628914e-17,-0.24609976092736507,1.3877787807814457e-17,2.7755575615628914e-17,-34.88190421113217,34.88190421113217,6.3611093629270335e-15,0.0,0.0,0.0,0.0,0.0
10.31999999999972,0.24603244499546828,0.2460324449954683,0.0,0.0,0.0,-0.2460324449954683,6.206335383118183e-17,2.7755575615628914e-17,-34.904378554126474,34.904378554126474,-6.3611093629270335e-15,0.0,0.0,0.0,0.0,0.0
10.329999999999714,0.24596303792655805,0.24596303792655808,0.0,-3.2327567469844765e-15,-1.3877787807814457e-17,-0.24596303792655808,5.551115123125783e-17,3.1031676915590914e-17,-34.92753782983263,34.92753782983263,1.2722218725854067e-14,0.0,0.0,0.0,0.0,0.0
10.339999999999709,0.24589154400198932,0.24589154400198932,0.0,-1.293478673442217e-14,-5.551115123125783e-17,-0.24589154400198932,0.0,5.551115123125783e-17,-34.951379425904754,34.951379425904754,1.2722218725854067e-14,0.0,0.0,0.0,0.0,0.0
10.349999999999703,0.24581796763184413,0.24581796763184416,0.0,-6.4693291383544416e-15,-2.7755575615628914e-17,-0.24581796763184416,0.0,3.925231146709438e-17,-34.975900659063335,34.975900659063335,-6.3611093629270335e-15,0.0,0.0,0.0,0.0,0.0
10.359999999999697,0.2457423133546596,0.24574231335465963,0.0,-3.235660393651138e-15,-1.3877787807814457e-17,-0.24574231335465963,5.551115123125783e-17,3.1031676915590914e-17,-35.001098775899,35.001098775899,-1.2722218725854067e-14,0.0,0.0,0.0,0.0,0.0
10.369999999999692,0.24566458583714787,0.2456645858371479,0.0,-6.4733682932466304e-15,-2.7755575615628914e-17,-0.2456645858371479,6.206335383118183e-17,3.925231146709438e-17,-35.026970953692526,35.026970953692526,-1.2722218725854067e-14,0.0,0.0,0.0,0.0,0.0
10.379999999999686,0.24558478987390836,0.24558478987390833,0.0,-6.475471634657266e-15,-2.7755575615628914e-17,-0.24558478987390833,5.721958498152797e-17,3.925231146709438e-17,-35.05351430125035,35.05351430125035,-1.2722218725854067e-14,0.0,0.0,0.0,0.0,0.0
10.38999999999968,0.24550293038713195,0.2455029303871319,0.0,-6.477630789270258e-15,-2.7755575615628914e-17,-0.2455029303871319,0.0,6.206335383118183e-17,-35.08072585975527,35.08072585975527,6.3611093629270335e-15,0.0,0.0,0.0,0.0,0.0
10.399999999999675,0.2454190124262974,0.24541901242629735,0.0,-6.4798457340762886e-15,-2.7755575615628914e-17,-0.24541901242629735,4.163336342344337e-17,6.206335383118183e-17,-35.10860260363137,35.10860260363137,-6.3611093629270335e-15,0.0,0.0,0.0,0.0,0.0
10.40999999999967,0.24533304116785978,0.24533304116785987,0.0,-9.723174667962913e-15,-4.163336342344337e-17,-0.24533304116785987,5.551115123125783e-17,9.309503074677274e-17,-35.13714144142294,35.13714144142294,6.3611093629270335e-15,0.0,0.0,0.0,0.0,0.0
10.419999999999664,0.24524502191493133,0.24524502191493136,0.0,-1.6211107246076754e-14,-6.938893903907228e-17,-0.24524502191493136,6.206335383118183e-17,7.473417450352271e-17,-35.16633921668636,35.16633921668636,0.0,0.0,0.0,0.0,0.0,0.0
10.429999999999659,0.24515496009695414,0.24515496009695414,0.0,-3.2434125340617907e-15,-1.3877787807814457e-17,-0.24515496009695414,5.551115123125783e-17,1.3877787807814457e-17,-35.196192708894685,35.196192708894685,-6.3611093629270335e-15,0.0,0.0,0.0,0.0,0.0
10.439999999999653,0.24506286126936538,0.24506286126936538,0.0,-9.733894392409233e-15,-4.163336342344337e-17,-0.24506286126936538,1.3877787807814457e-17,4.163336342344337e-17,-35.22669863435411,35.22669863435411,1.2722218725854067e-14,0.0,0.0,0.0,0.0,0.0
10.449999999999648,0.24496873111325457,0.24496873111325457,0.0,-3.2458782259776193e-15,-1.3877787807814457e-17,-0.24496873111325457,6.206335383118183e-17,1.3877787807814457e-17,-35.257853647131675,35.257853647131675,-1.2722218725854067e-14,0.0,0.0,0.0,0.0,0.0
10.459999999999642,0.24487257543501312,0.24487257543501317,0.0,-6.494305611425248e-15,-2.7755575615628914e-17,-0.24487257543501317,1.3877787807814457e-17,6.206335383118183e-17,-35.28965433999379,35.28965433999379,0.0,0.0,0.0,0.0,0.0,0.0
10.469999999999636,0.24477440016597615,0.2447744001659762,0.0,-3.24845518905046e-15,-1.3877787807814457e-17,-0.2447744001659762,2.7755575615628914e-17,5.721958498152797e-17,-35.32209724535462,35.32209724535462,0.0,0.0,0.0,0.0,0.0,0.0
10.479999999999631,0.2446742113620568,0.24467421136205675,0.0,-3.249785361274844e-15,-1.3877787807814457e-17,-0.24467421136205675,6.938893903907228e-17,5.721958498152797e-17,-35.35517883623401,35.35517883623401,0.0,0.0,0.0,0.0,0.0,0.0
10.489999999999625,0.24457201520337235,0.24457201520337232,0.0,-6.50228661447375e-15,-2.7755575615628914e-17,-0.24457201520337232,1.3877787807814457e-17,3.925231146709438e-17,-35.388895527224264,35.388895527224264,-6.3611093629270335e-15,0.0,0.0,0.0,0.0,0.0
10.49999999999962,0.2444678179938633,0.2444678179938633,0.0,-9.757587034042726e-15,-4.163336342344337e-17,-0.2444678179938633,5.551115123125783e-17,4.163336342344337e-17,-35.423243675464875,35.423243675464875,-6.3611093629270335e-15,0.0,0.0,0.0,0.0,0.0
10.509999999999614,0.24436162616090432,0.2443616261609043,0.0,-6.5078849151405295e-15,-2.7755575615628914e-17,-0.2443616261609043,0.0,3.925231146709438e-17,-35.45821958162509,35.45821958162509,6.3611093629270335e-15,0.0,0.0,0.0,0.0,0.0
10.519999999999609,0.24425344625490789,0.2442534462549079,0.0,-6.510767258825541e-15,-2.7755575615628914e-17,-0.2442534462549079,2.7755575615628914e-17,3.925231146709438e-17,-35.49381949089317,35.49381949089317,-1.2722218725854067e-14,0.0,0.0,0.0,0.0,0.0
10.529999999999603,0.24414328494892013,0.24414328494892007,0.0,-1.3027410039677954e-14,-5.551115123125783e-17,-0.24414328494892007,5.721958498152797e-17,7.850462293418876e-17,-35.53003959397218,35.53003959397218,6.3611093629270335e-15,0.0,0.0,0.0,0.0,0.0
10.539999999999598,0.24403114903820938,0.24403114903820944,0.0,0.0,0.0,-0.24403114903820944,1.3877787807814457e-17,5.551115123125783e-17,-35.56687602808122,35.56687602808122,1.2722218725854067e-14,0.0,0.0,0.0,0.0,0.0
10.549999999999592,0.24391704543984682,0.24391704543984685,0.0,-9.779619980211315e-15,-4.163336342344337e-17,-0.24391704543984685,1.3877787807814457e-17,5.003707553108401e-17,-35.60432487796214,35.60432487796214,0.0,0.0,0.0,0.0,0.0,0.0
10.559999999999587,0.24380098119227978,0.24380098119227978,0.0,-9.784275680237394e-15,-4.163336342344337e-17,-0.24380098119227978,1.3877787807814457e-17,4.163336342344337e-17,-35.64238217689053,35.64238217689053,-6.3611093629270335e-15,0.0,0.0,0.0,0.0,0.0
10.569999999999581,0.24368296345489784,0.24368296345489782,0.0,-6.526009525594496e-15,-2.7755575615628914e-17,-0.24368296345489782,2.7755575615628914e-17,3.925231146709438e-17,-35.68104390769051,35.68104390769051,0.0,0.0,0.0,0.0,0.0,0.0
10.579999999999576,0.24356299950759094,0.24356299950759094,0.0,-9.793835746481242e-15,-4.163336342344337e-17,-0.24356299950759094,5.551115123125783e-17,4.163336342344337e-17,-35.720306003753244,35.720306003753244,-6.3611093629270335e-15,0.0,0.0,0.0,0.0,0.0
10.58999999999957,0.2434410967503004,0.24344109675030037,0.0,-6.532493329846109e-15,-2.7755575615628914e-17,-0.24344109675030037,6.938893903907228e-17,3.925231146709438e-17,-35.760164350057934,35.760164350057934,0.0,0.0,0.0,0.0,0.0,0.0
10.599999999999564,0.24331726270256257,0.2433172627025625,0.0,-1.3071635962597162e-14,-5.551115123125783e-17,-0.2433172627025625,0.0,1.0007415106216802e-16,-35.80061478419499,35.80061478419499,0.0,0.0,0.0,0.0,0.0,0.0
10.609999999999559,0.24319150500304476,0.24319150500304482,0.0,-9.808796615111088e-15,-4.163336342344337e-17,-0.24319150500304482,5.551115123125783e-17,6.938893903907228e-17,-35.84165309739105,35.84165309739105,6.3611093629270335e-15,0.0,0.0,0.0,0.0,0.0
10.619999999999553,0.24306383140907425,0.24306383140907428,0.0,0.0,0.0,-0.24306383140907428,6.938893903907228e-17,2.7755575615628914e-17,-35.88327503553493,35.88327503553493,1.2722218725854067e-14,0.0,0.0,0.0,0.0,0.0
10.629999999999548,0.2429342497961598,0.24293424979615982,0.0,-3.27306121320094e-15,-1.3877787807814457e-17,-0.24293424979615982,5.721958498152797e-17,3.1031676915590914e-17,-35.925476300204025,35.925476300204025,1.2722218725854067e-14,0.0,0.0,0.0,0.0,0.0
10.639999999999542,0.24280276815750557,0.24280276815750557,0.0,-3.2748336289563005e-15,-1.3877787807814457e-17,-0.24280276815750557,0.0,1.3877787807814457e-17,-35.96825254969101,35.96825254969101,-6.3611093629270335e-15,0.0,0.0,0.0,0.0,0.0
10.649999999999537,0.24266939460351838,0.24266939460351836,0.0,-1.3106534042580922e-14,-5.551115123125783e-17,-0.24266939460351836,2.7755575615628914e-17,6.206335383118183e-17,-36.01159940002971,36.01159940002971,-1.2722218725854067e-14,0.0,0.0,0.0,0.0,0.0
10.659999999999531,0.24253413736130733,0.24253413736130736,0.0,0.0,0.0,-0.24253413736130736,5.721958498152797e-17,2.7755575615628914e-17,-36.05551242602011,36.05551242602011,-1.2722218725854067e-14,0.0,0.0,0.0,0.0,0.0
10.669999999999526,0.24239700477417625,0.24239700477417622,0.0,-9.840946728363897e-15,-4.163336342344337e-17,-0.24239700477417622,1.3877787807814457e-17,5.003707553108401e-17,-36.09998716225175,36.09998716225175,1.2722218725854067e-14,0.0,0.0,0.0,0.0,0.0
10.67999999999952,0.242258005301109,0.24225800530110903,0.0,-1.3128790842268841e-14,-5.551115123125783e-17,-0.24225800530110903,5.721958498152797e-17,6.206335383118183e-17,-36.14501910412527,36.14501910412527,0.0,0.0,0.0,0.0,0.0,0.0
10.689999999999515,0.24211714751624788,0.24211714751624783,0.0,-9.852321636729834e-15,-4.163336342344337e-17,-0.24211714751624783,5.721958498152797e-17,6.938893903907228e-17,-36.19060370887114,36.19060370887114,6.3611093629270335e-15,0.0,0.0,0.0,0.0,0.0
10.699999999999509,0.24197444010836455,0.24197444010836455,0.0,-6.572088109882916e-15,-2.7755575615628914e-17,-0.24197444010836455,5.551115123125783e-17,2.7755575615628914e-17,-36.23673639656568,36.23673639656568,0.0,0.0,0.0,0.0,0.0,0.0
10.709999999999503,0.24182989188032414,0.2418298918803241,0.0,-3.2880082118193005e-15,-1.3877787807814457e-17,-0.2418298918803241,6.938893903907228e-17,3.1031676915590914e-17,-36.283412551143606,36.283412551143606,-6.3611093629270335e-15,0.0,0.0,0.0,0.0,0.0
10.719999999999498,0.2416835117485422,0.24168351174854213,0.0,0.0,0.0,-0.24168351174854213,2.7755575615628914e-17,5.551115123125783e-17,-36.3306275214065,36.3306275214065,-1.2722218725854067e-14,0.0,0.0,0.0,0.0,0.0
10.729999999999492,0.2415353087424348,0.24153530874243484,0.0,-3.2920183575056034e-15,-1.3877787807814457e-17,-0.24153530874243484,1.1443916996305594e-16,3.1031676915590914e-17,-36.378376622027204,36.378376622027204,0.0,0.0,0.0,0.0,0.0,0.0
10.739999999999487,0.2413852920038615,0.24138529200386158,0.0,0.0,0.0,-0.24138529200386158,6.938893903907228e-17,8.326672684688674e-17,-36.42665513454941,36.42665513454941,-6.3611093629270335e-15,0.0,0.0,0.0,0.0,0.0
10.749999999999481,0.24123347078656127,0.24123347078656132,0.0,-9.888412264350361e-15,-4.163336342344337e-17,-0.24123347078656132,0.0,6.938893903907228e-17,-36.475458308382045,36.475458308382045,6.3611093629270335e-15,0.0,0.0,0.0,0.0,0.0
10.759999999999476,0.24107985445558203,0.24107985445558205,0.0,-6.596475447203989e-15,-2.7755575615628914e-17,-0.24107985445558205,1.3877787807814457e-17,3.925231146709438e-17,-36.524781361788115,36.524781361788115,0.0,0.0,0.0,0.0,0.0,0.0
10.76999999999947,0.24092445248670266,0.24092445248670263,0.0,0.0,0.0,-0.24092445248670263,2.7755575615628914e-17,2.7755575615628914e-17,-36.57461948286774,36.57461948286774,-1.2722218725854067e-14,0.0,0.0,0.0,0.0,0.0
10.779999999999465,0.24076727446584853,0.24076727446584856,0.0,-6.605039427637539e-15,-2.7755575615628914e-17,-0.24076727446584856,2.7755575615628914e-17,3.925231146709438e-17,-36.624967830534835,36.624967830534835,6.3611093629270335e-15,0.0,0.0,0.0,0.0,0.0
10.78999999999946,0.24060833008850047,0.24060833008850047,0.0,-3.304701337952064e-15,-1.3877787807814457e-17,-0.24060833008850047,1.3877787807814457e-17,1.3877787807814457e-17,-36.675821535486996,36.675821535486996,-6.3611093629270335e-15,0.0,0.0,0.0,0.0,0.0
10.799999999999454,0.24044762915909626,0.24044762915909623,0.0,-3.3069100042561128e-15,-1.3877787807814457e-17,-0.24044762915909623,6.938893903907228e-17,3.1031676915590914e-17,-36.72717570116868,36.72717570116868,-6.3611093629270335e-15,0.0,0.0,0.0,0.0,0.0
10.809999999999448,0.24028518159042622,0.2402851815904263,0.0,-3.309145678909231e-15,-1.3877787807814457e-17,-0.2402851815904263,1.3877787807814457e-17,8.441528768080324e-17,-36.779025404726816,36.779025404726816,0.0,0.0,0.0,0.0,0.0,0.0
10.819999999999443,0.24012099740302165,0.24012099740302167,0.0,-9.934224981974107e-15,-4.163336342344337e-17,-0.24012099740302167,1.3877787807814457e-17,5.003707553108401e-17,-36.83136569795884,36.83136569795884,0.0,0.0,0.0,0.0,0.0,0.0
10.829999999999437,0.23995508672453653,0.23995508672453644,0.0,-1.6568489570689582e-14,-6.938893903907228e-17,-0.23995508672453644,6.206335383118183e-17,1.0838898772828417e-16,-36.88419160825277,36.88419160825277,-6.3611093629270335e-15,0.0,0.0,0.0,0.0,0.0
10.839999999999431,0.239787459789123,0.23978745978912308,0.0,0.0,0.0,-0.23978745978912308,4.163336342344337e-17,8.326672684688674e-17,-36.937498139519164,36.937498139519164,-1.2722218725854067e-14,0.0,0.0,0.0,0.0,0.0
10.849999999999426,0.2396181269368001,0.23961812693680007,0.0,-9.955073272594262e-15,-4.163336342344337e-17,-0.23961812693680007,1.3877787807814457e-17,5.003707553108401e-17,-36.991280273114214,36.991280273114214,6.3611093629270335e-15,0.0,0.0,0.0,0.0,0.0
10.85999999999942,0.2394470986128158,0.2394470986128158,0.0,-3.3207279393750875e-15,-1.3877787807814457e-17,-0.2394470986128158,1.1443916996305594e-16,1.3877787807814457e-17,-37.04553296875446,37.04553296875446,6.3611093629270335e-15,0.0,0.0,0.0,0.0,0.0
10.869999999999415,0.23927438536700263,0.23927438536700263,0.0,0.0,0.0,-0.23927438536700263,0.0,0.0,-37.10025116542219,37.10025116542219,-6.3611093629270335e-15,0.0,0.0,0.0,0.0,0.0
10.87999999999941,0.23909999785312724,0.2390999978531273,0.0,-9.976645890908517e-15,-4.163336342344337e-17,-0.2390999978531273,5.551115123125783e-17,6.938893903907228e-17,-37.15542978226152,37.15542978226152,-6.3611093629270335e-15,0.0,0.0,0.0,0.0,0.0
10.889999999999404,0.23892394682823292,0.2389239468282329,0.0,-3.327999059623437e-15,-1.3877787807814457e-17,-0.2389239468282329,5.721958498152797e-17,3.1031676915590914e-17,-37.21106371946519,37.21106371946519,0.0,0.0,0.0,0.0,0.0,0.0
10.899999999999398,0.23874624315197607,0.2387462431519761,0.0,0.0,0.0,-0.2387462431519761,1.1857187100668868e-16,2.7755575615628914e-17,-37.267147859151336,37.267147859151336,6.3611093629270335e-15,0.0,0.0,0.0,0.0,0.0
10.909999999999393,0.23856689778595663,0.2385668977859567,0.0,-6.6659597600944724e-15,-2.7755575615628914e-17,-0.2385668977859567,2.7755575615628914e-17,6.206335383118183e-17,-37.32367706623048,37.32367706623048,-6.3611093629270335e-15,0.0,0.0,0.0,0.0,0.0
10.919999999999387,0.2383859217930415,0.23838592179304147,0.0,-1.3342040744439457e-14,-5.551115123125783e-17,-0.23838592179304147,5.721958498152797e-17,6.206335383118183e-17,-37.38064618926244,37.38064618926244,0.0,0.0,0.0,0.0,0.0,0.0
10.929999999999382,0.23820332633668237,0.23820332633668234,0.0,-6.676134062393494e-15,-2.7755575615628914e-17,-0.23820332633668234,5.551115123125783e-17,3.925231146709438e-17,-37.438050061302704,37.438050061302704,6.3611093629270335e-15,0.0,0.0,0.0,0.0,0.0
10.939999999999376,0.23801912268022715,0.23801912268022712,0.0,-3.3406503704919904e-15,-1.3877787807814457e-17,-0.23801912268022712,5.551115123125783e-17,3.1031676915590914e-17,-37.4958835007385,37.4958835007385,0.0,0.0,0.0,0.0,0.0,0.0
10.94999999999937,0.23783332218622502,0.23783332218622505,0.0,-6.6865203164700395e-15,-2.7755575615628914e-17,-0.23783332218622505,1.3877787807814457e-17,3.925231146709438e-17,-37.55414131211419,37.55414131211419,-6.3611093629270335e-15,0.0,0.0,0.0,0.0,0.0
10.959999999999365,0.23764593631572561,0.23764593631572567,0.0,-1.003768904311699e-14,-4.163336342344337e-17,-0.23764593631572567,4.163336342344337e-17,6.938893903907228e-17,-37.61281828694581,37.61281828694581,1.2722218725854067e-14,0.0,0.0,0.0,0.0,0.0
10.96999999999936,0.23745697662757215,0.23745697662757215,0.0,0.0,0.0,-0.23745697662757215,5.721958498152797e-17,0.0,-37.67190920452471,37.67190920452471,6.3611093629270335e-15,0.0,0.0,0.0,0.0,0.0
10.979999999999354,0.23726645477768823,0.2372664547776882,0.0,-3.3512477400604356e-15,-1.3877787807814457e-17,-0.2372664547776882,5.551115123125783e-17,3.1031676915590914e-17,-37.731408832710216,37.731408832710216,6.3611093629270335e-15,0.0,0.0,0.0,0.0,0.0
10.989999999999348,0.237074382518359,0.23707438251835894,0.0,-1.0061888533709086e-14,-4.163336342344337e-17,-0.23707438251835894,6.206335383118183e-17,6.938893903907228e-17,-37.791311928711025,37.791311928711025,1.2722218725854067e-14,0.0,0.0,0.0,0.0,0.0
10.999999999999343,0.2368807716975062,0.2368807716975062,0.0,-6.713408308051794e-15,-2.7755575615628914e-17,-0.2368807716975062,1.3877787807814457e-17,2.7755575615628914e-17,-37.851613239855425,37.851613239855425,0.0,0.0,0.0,0.0,0.0,0.0
11.009999999999337,0.23668563425795722,0.23668563425795724,0.0,-6.718943233363113e-15,-2.7755575615628914e-17,-0.23668563425795724,4.163336342344337e-17,3.925231146709438e-17,-37.91230750435016,37.91230750435016,-1.2722218725854067e-14,0.0,0.0,0.0,0.0,0.0
11.019999999999332,0.23648898223670844,0.23648898223670844,0.0,-6.724530359473598e-15,-2.7755575615628914e-17,-0.23648898223670844,1.3877787807814457e-17,2.7755575615628914e-17,-37.973389452027774,37.973389452027774,6.3611093629270335e-15,0.0,0.0,0.0,0.0,0.0
11.029999999999326,0.23629082776418298,0.236290827764183,0.0,0.0,0.0,-0.236290827764183,2.7755575615628914e-17,2.7755575615628914e-17,-38.03485380508255,38.03485380508255,-6.3611093629270335e-15,0.0,0.0,0.0,0.0,0.0
11.03999999999932,0.23609118306348198,0.2360911830634819,0.0,-1.0103791171465434e-14,-4.163336342344337e-17,-0.2360911830634819,1.3877787807814457e-17,9.309503074677274e-17,-38.09669527879489,38.09669527879489,-6.3611093629270335e-15,0.0,0.0,0.0,0.0,0.0
11.049999999999315,0.23589006044963104,0.23589006044963096,0.0,-2.0224811563071262e-14,-8.326672684688674e-17,-0.23589006044963096,2.7755575615628914e-17,1.1775693440128312e-16,-38.158908582244024,38.158908582244024,-6.3611093629270335e-15,0.0,0.0,0.0,0.0,0.0
11.05999999999931,0.23568747232882037,0.2356874723288203,0.0,-6.7473986844454625e-15,-2.7755575615628914e-17,-0.2356874723288203,1.3877787807814457e-17,6.206335383118183e-17,-38.22148841900908,38.22148841900908,-6.3611093629270335e-15,0.0,0.0,0.0,0.0,0.0
11.069999999999304,0.2354834311976395,0.23548343119763948,0.0,-1.3506490309265544e-14,-5.551115123125783e-17,-0.23548343119763948,0.0,6.206335383118183e-17,-38.28442948785853,38.28442948785853,0.0,0.0,0.0,0.0,0.0,0.0
11.079999999999298,0.23527794964230658,0.23527794964230658,0.0,-3.3795715730043112e-15,-1.3877787807814457e-17,-0.23527794964230658,1.3877787807814457e-17,1.3877787807814457e-17,-38.34772648342787,38.34772648342787,0.0,0.0,0.0,0.0,0.0,0.0
11.089999999999293,0.23507104033789172,0.23507104033789172,0.0,-1.0147638805991732e-14,-4.163336342344337e-17,-0.23507104033789172,6.206335383118183e-17,4.163336342344337e-17,-38.41137409688562,38.41137409688562,-6.3611093629270335e-15,0.0,0.0,0.0,0.0,0.0
11.099999999999287,0.2348627160475356,0.23486271604753556,0.0,-1.0156639807464527e-14,-4.163336342344337e-17,-0.23486271604753556,5.721958498152797e-17,6.938893903907228e-17,-38.47536701658745,38.47536701658745,6.3611093629270335e-15,0.0,0.0,0.0,0.0,0.0
11.109999999999282,0.23465298962166167,0.23465298962166167,0.0,-1.0165717534405669e-14,-4.163336342344337e-17,-0.23465298962166167,5.721958498152797e-17,4.163336342344337e-17,-38.53969992871892,38.53969992871892,-6.3611093629270335e-15,0.0,0.0,0.0,0.0,0.0
11.119999999999276,0.23444187399718372,0.23444187399718375,0.0,-6.783247862755361e-15,-2.7755575615628914e-17,-0.23444187399718375,1.3877787807814457e-17,3.925231146709438e-17,-38.604367517926114,38.604367517926114,-6.3611093629270335e-15,0.0,0.0,0.0,0.0,0.0
11.12999999999927,0.23422938219670802,0.23422938219670802,0.0,-3.3947007967519394e-15,-1.3877787807814457e-17,-0.23422938219670802,1.3877787807814457e-17,1.3877787807814457e-17,-38.66936446793482,38.66936446793482,6.3611093629270335e-15,0.0,0.0,0.0,0.0,0.0
11.139999999999265,0.23401552732772973,0.23401552732772976,0.0,-1.0193409122621825e-14,-4.163336342344337e-17,-0.23401552732772976,1.1188630228279524e-16,5.003707553108401e-17,-38.73468546215794,38.73468546215794,-6.3611093629270335e-15,0.0,0.0,0.0,0.0,0.0
11.14999999999926,0.23380032258182443,0.23380032258182443,0.0,-3.4009305957548457e-15,-1.3877787807814457e-17,-0.23380032258182443,5.721958498152797e-17,1.3877787807814457e-17,-38.800325184291424,38.800325184291424,6.3611093629270335e-15,0.0,0.0,0.0,0.0,0.0
11.159999999999254,0.23358378123383466,0.2335837812338346,0.0,-6.808166784233077e-15,-2.7755575615628914e-17,-0.2335837812338346,0.0,6.206335383118183e-17,-38.86627831889825,38.86627831889825,0.0,0.0,0.0,0.0,0.0,0.0
11.169999999999249,0.2333659166410507,0.23336591664105066,0.0,-1.0221784078121143e-14,-4.163336342344337e-17,-0.23336591664105066,7.850462293418876e-17,5.003707553108401e-17,-38.93253955198127,38.93253955198127,6.3611093629270335e-15,0.0,0.0,0.0,0.0,0.0
11.179999999999243,0.23314674224238685,0.23314674224238685,0.0,-1.364185770246324e-14,-5.551115123125783e-17,-0.23314674224238685,0.0,5.551115123125783e-17,-38.99910357154428,38.99910357154428,0.0,0.0,0.0,0.0,0.0,0.0
11.189999999999237,0.23292627155755247,0.23292627155755252,0.0,-1.3654770070355289e-14,-5.551115123125783e-17,-0.23292627155755252,5.721958498152797e-17,7.850462293418876e-17,-39.065965068141715,39.065965068141715,0.0,0.0,0.0,0.0,0.0,0.0
11.199999999999232,0.23270451818621793,0.23270451818621796,0.0,-1.025083668203102e-14,-4.163336342344337e-17,-0.23270451818621796,6.938893903907228e-17,5.003707553108401e-17,-39.13311873541701,39.13311873541701,0.0,0.0,0.0,0.0,0.0,0.0
11.209999999999226,0.23248149580717564,0.23248149580717564,0.0,-3.420223478884451e-15,-1.3877787807814457e-17,-0.23248149580717564,0.0,1.3877787807814457e-17,-39.20055927062963,39.20055927062963,0.0,0.0,0.0,0.0,0.0,0.0
11.21999999999922,0.23225721817749653,0.2322572181774965,0.0,-1.0270578584449616e-14,-4.163336342344337e-17,-0.2322572181774965,1.3877787807814457e-17,5.003707553108401e-17,-39.26828137517081,39.26828137517081,-1.2722218725854067e-14,0.0,0.0,0.0,0.0,0.0
11.229999999999215,0.23203169913168126,0.23203169913168126,0.0,0.0,0.0,-0.23203169913168126,1.3877787807814457e-17,0.0,-39.336279755068205,39.336279755068205,-6.3611093629270335e-15,0.0,0.0,0.0,0.0,0.0
11.23999999999921,0.2318049525808068,0.23180495258080686,0.0,-6.860411406341244e-15,-2.7755575615628914e-17,-0.23180495258080686,0.0,6.206335383118183e-17,-39.404549121479526,39.404549121479526,-6.3611093629270335e-15,0.0,0.0,0.0,0.0,0.0
11.249999999999204,0.23157699251166852,0.23157699251166858,0.0,0.0,0.0,-0.23157699251166858,0.0,5.551115123125783e-17,-39.47308419117501,39.47308419117501,6.3611093629270335e-15,0.0,0.0,0.0,0.0,0.0
11.259999999999199,0.23134783298591732,0.2313478329859173,0.0,-6.87396687579331e-15,-2.7755575615628914e-17,-0.2313478329859173,5.721958498152797e-17,3.925231146709438e-17,-39.54187968700923,39.54187968700923,6.3611093629270335e-15,0.0,0.0,0.0,0.0,0.0
11.269999999999193,0.23111748813919203,0.23111748813919197,0.0,-3.44040893126617e-15,-1.3877787807814457e-17,-0.23111748813919197,1.3877787807814457e-17,5.721958498152797e-17,-39.610930338382005,39.610930338382005,0.0,0.0,0.0,0.0,0.0,0.0
11.279999999999188,0.230885972180248,0.23088597218024803,0.0,3.443858727567608e-15,1.3877787807814457e-17,-0.23088597218024803,5.551115123125783e-17,3.1031676915590914e-17,-39.680230881688544,39.680230881688544,6.3611093629270335e-15,0.0,0.0,0.0,0.0,0.0
11.289999999999182,0.23065329939008003,0.23065329939008006,0.0,-1.0341998217261269e-14,-4.163336342344337e-17,-0.23065329939008006,6.206335383118183e-17,5.003707553108401e-17,-39.74977606075932,39.74977606075932,-6.3611093629270335e-15,0.0,0.0,0.0,0.0,0.0
11.299999999999176,0.23041948412104177,0.23041948412104174,0.0,-1.3803323506239336e-14,-5.551115123125783e-17,-0.23041948412104174,2.7755575615628914e-17,6.206335383118183e-17,-39.81956062728906,39.81956062728906,-6.3611093629270335e-15,0.0,0.0,0.0,0.0,0.0
11.309999999999171,0.23018454079596046,0.23018454079596054,0.0,-3.4543530491506966e-15,-1.3877787807814457e-17,-0.23018454079596054,5.721958498152797e-17,8.441528768080324e-17,-39.88957934125577,39.88957934125577,-6.3611093629270335e-15,0.0,0.0,0.0,0.0,0.0
11.319999999999165,0.22994848390724704,0.22994848390724698,0.0,0.0,0.0,-0.22994848390724698,0.0,5.551115123125783e-17,-39.95982697132926,39.95982697132926,1.2722218725854067e-14,0.0,0.0,0.0,0.0,0.0
11.32999999999916,0.22971132801600225,0.22971132801600225,0.0,-6.922938256754042e-15,-2.7755575615628914e-17,-0.22971132801600225,2.7755575615628914e-17,2.7755575615628914e-17,-40.030298295269766,40.030298295269766,-6.3611093629270335e-15,0.0,0.0,0.0,0.0,0.0
11.339999999999154,0.22947308775111872,0.2294730877511187,0.0,-1.0395188535941983e-14,-4.163336342344337e-17,-0.2294730877511187,8.886119947416683e-17,5.003707553108401e-17,-40.10098810031629,40.10098810031629,-6.3611093629270335e-15,0.0,0.0,0.0,0.0,0.0
11.349999999999149,0.22923377780837811,0.22923377780837817,0.0,-1.040604065379781e-14,-4.163336342344337e-17,-0.22923377780837817,2.7755575615628914e-17,6.938893903907228e-17,-40.17189118356552,40.17189118356552,6.3611093629270335e-15,0.0,0.0,0.0,0.0,0.0
11.359999999999143,0.22899341294954492,0.22899341294954495,0.0,-1.3889284589003884e-14,-5.551115123125783e-17,-0.22899341294954495,2.7755575615628914e-17,6.206335383118183e-17,-40.24300235234053,40.24300235234053,-6.3611093629270335e-15,0.0,0.0,0.0,0.0,0.0
11.369999999999138,0.22875200800145593,0.22875200800145595,0.0,-3.475985532598334e-15,-1.3877787807814457e-17,-0.22875200800145595,2.7755575615628914e-17,3.1031676915590914e-17,-40.3143164245502,40.3143164245502,1.2722218725854067e-14,0.0,0.0,0.0,0.0,0.0
11.379999999999132,0.22850957785510542,0.2285095778551054,0.0,-1.0439019814785161e-14,-4.163336342344337e-17,-0.2285095778551054,1.3877787807814457e-17,5.003707553108401e-17,-40.38582822903902,40.38582822903902,0.0,0.0,0.0,0.0,0.0,0.0
11.389999999999127,0.22826613746472674,0.22826613746472674,0.0,-1.0450152780397611e-14,-4.163336342344337e-17,-0.22826613746472674,1.3877787807814457e-17,4.163336342344337e-17,-40.45753260592765,40.45753260592765,1.2722218725854067e-14,0.0,0.0,0.0,0.0,0.0
11.399999999999121,0.22802170184686993,0.22802170184686996,0.0,-6.974236784706237e-15,-2.7755575615628914e-17,-0.22802170184686996,7.850462293418876e-17,3.925231146709438e-17,-40.529424406944116,40.529424406944116,0.0,0.0,0.0,0.0,0.0,0.0
11.409999999999116,0.22777628607947525,0.22777628607947523,0.0,-1.0472626681889628e-14,-4.163336342344337e-17,-0.22777628607947523,1.3877787807814457e-17,5.003707553108401e-17,-40.6014984957461,40.6014984957461,0.0,0.0,0.0,0.0,0.0,0.0
11.41999999999911,0.22752990530094325,0.22752990530094333,0.0,0.0,0.0,-0.22752990530094333,6.206335383118183e-17,8.326672684688674e-17,-40.67374974823423,40.67374974823423,-6.3611093629270335e-15,0.0,0.0,0.0,0.0,0.0
11.429999999999104,0.22728257470920094,0.22728257470920094,0.0,-3.4984585658765423e-15,-1.3877787807814457e-17,-0.22728257470920094,5.551115123125783e-17,1.3877787807814457e-17,-40.7461730528565,40.7461730528565,1.2722218725854067e-14,0.0,0.0,0.0,0.0,0.0
11.439999999999099,0.22703430956076423,0.2270343095607642,0.0,-7.004568357128116e-15,-2.7755575615628914e-17,-0.2270343095607642,6.206335383118183e-17,3.925231146709438e-17,-40.818763310904224,40.818763310904224,6.3611093629270335e-15,0.0,0.0,0.0,0.0,0.0
11.449999999999093,0.22678512516979685,0.22678512516979685,0.0,0.0,0.0,-0.22678512516979685,6.938893903907228e-17,0.0,-40.89151543679929,40.89151543679929,-1.2722218725854067e-14,0.0,0.0,0.0,0.0,0.0
11.459999999999088,0.22653503690716592,0.22653503690716584,0.0,-1.4040012198055304e-14,-5.551115123125783e-17,-0.22653503690716584,1.1443916996305594e-16,1.0007415106216802e-16,-40.96442435837312,40.96442435837312,6.3611093629270335e-15,0.0,0.0,0.0,0.0,0.0
11.469999999999082,0.22628406019949343,0.2262840601994935,0.0,0.0,0.0,-0.2262840601994935,6.938893903907228e-17,5.551115123125783e-17,-41.03748501713747,41.03748501713747,1.2722218725854067e-14,0.0,0.0,0.0,0.0,0.0
11.479999999999077,0.2260322105282049,0.22603221052820488,0.0,-7.035622653140932e-15,-2.7755575615628914e-17,-0.22603221052820488,1.3877787807814457e-17,3.925231146709438e-17,-41.11069236854705,41.11069236854705,6.3611093629270335e-15,0.0,0.0,0.0,0.0,0.0
11.489999999999071,0.22577950342857436,0.2257795034285744,0.0,0.0,0.0,-0.2257795034285744,1.3877787807814457e-17,2.7755575615628914e-17,-41.18404138225419,41.18404138225419,-1.2722218725854067e-14,0.0,0.0,0.0,0.0,0.0
11.499999999999066,0.22552595448876614,0.2255259544887661,0.0,-1.4102832149290144e-14,-5.551115123125783e-17,-0.2255259544887661,6.206335383118183e-17,6.206335383118183e-17,-41.257527042355825,41.257527042355825,0.0,0.0,0.0,0.0,0.0,0.0
11.50999999999906,0.22527157934887315,0.2252715793488732,0.0,0.0,0.0,-0.2252715793488732,5.721958498152797e-17,5.551115123125783e-17,-41.33114434763271,41.33114434763271,0.0,0.0,0.0,0.0,0.0,0.0
11.519999999999055,0.22501639369995213,0.22501639369995224,0.0,7.067384356236333e-15,2.7755575615628914e-17,-0.22501639369995224,1.3877787807814457e-17,1.1443916996305594e-16,-41.404888311781264,41.404888311781264,0.0,0.0,0.0,0.0,0.0,0.0
11.529999999999049,0.22476041328305613,0.22476041328305613,0.0,-1.4150866849750927e-14,-5.551115123125783e-17,-0.22476041328305613,0.0,5.551115123125783e-17,-41.478753963637764,41.478753963637764,-6.3611093629270335e-15,0.0,0.0,0.0,0.0,0.0
11.539999999999043,0.22450365388826288,0.22450365388826288,0.0,-3.54176271341056e-15,-1.3877787807814457e-17,-0.22450365388826288,2.7755575615628914e-17,1.3877787807814457e-17,-41.55273634739579,41.55273634739579,0.0,0.0,0.0,0.0,0.0,0.0
11.549999999999038,0.2242461313537013,0.22424613135370125,0.0,-1.7729150232512033e-14,-6.938893903907228e-17,-0.22424613135370125,6.206335383118183e-17,8.886119947416683e-17,-41.62683052281609,41.62683052281609,-6.3611093629270335e-15,0.0,0.0,0.0,0.0,0.0
11.559999999999032,0.2239878615645745,0.22398786156457454,0.0,-7.099837150207756e-15,-2.7755575615628914e-17,-0.22398786156457454,2.7755575615628914e-17,3.925231146709438e-17,-41.70103156542976,41.70103156542976,0.0,0.0,0.0,0.0,0.0,0.0
11.569999999999027,0.22372886045217952,0.22372886045217955,0.0,-1.0662084481530282e-14,-4.163336342344337e-17,-0.22372886045217955,1.1443916996305594e-16,5.003707553108401e-17,-41.77533456673475,41.77533456673475,1.2722218725854067e-14,0.0,0.0,0.0,0.0,0.0
11.579999999999021,0.22346914399292495,0.22346914399292495,0.0,-3.558158661900336e-15,-1.3877787807814457e-17,-0.22346914399292495,2.7755575615628914e-17,1.3877787807814457e-17,-41.849734634385456,41.849734634385456,0.0,0.0,0.0,0.0,0.0,0.0
11.589999999999016,0.22320872820734544,0.2232087282073455,0.0,-3.562309936317769e-15,-1.3877787807814457e-17,-0.2232087282073455,1.3877787807814457e-17,5.721958498152797e-17,-41.924226892375884,41.924226892375884,6.3611093629270335e-15,0.0,0.0,0.0,0.0,0.0
11.59999999999901,0.22294762915911331,0.22294762915911331,0.0,-3.566481838649221e-15,-1.3877787807814457e-17,-0.22294762915911331,5.551115123125783e-17,1.3877787807814457e-17,-41.99880648121656,41.99880648121656,6.3611093629270335e-15,0.0,0.0,0.0,0.0,0.0
11.609999999999005,0.2226858629540477,0.22268586295404774,0.0,-3.5706742216049865e-15,-1.3877787807814457e-17,-0.22268586295404774,5.721958498152797e-17,5.721958498152797e-17,-42.07346855810512,42.07346855810512,-6.3611093629270335e-15,0.0,0.0,0.0,0.0,0.0
11.619999999999,0.2224234457391212,0.22242344573912118,0.0,-1.0724660807096183e-14,-4.163336342344337e-17,-0.22242344573912118,5.721958498152797e-17,5.003707553108401e-17,-42.14820829709075,42.14820829709075,-6.3611093629270335e-15,0.0,0.0,0.0,0.0,0.0
11.629999999998994,0.22216039370146373,0.22216039370146368,0.0,-3.579119829227421e-15,-1.3877787807814457e-17,-0.22216039370146368,0.0,5.721958498152797e-17,-42.22302088923277,42.22302088923277,-6.3611093629270335e-15,0.0,0.0,0.0,0.0,0.0
11.639999999998988,0.221896723067364,0.22189672306736397,0.0,-1.0750118244754191e-14,-4.163336342344337e-17,-0.22189672306736397,0.0,5.003707553108401e-17,-42.2979015427534,42.2979015427534,0.0,0.0,0.0,0.0,0.0,0.0
11.649999999998983,0.22163245010126878,0.22163245010126875,0.0,-7.175291073148926e-15,-2.7755575615628914e-17,-0.22163245010126875,5.721958498152797e-17,3.925231146709438e-17,-42.372845483184705,42.372845483184705,1.2722218725854067e-14,0.0,0.0,0.0,0.0,0.0
11.659999999998977,0.22136759110477947,0.2213675911047795,0.0,0.0,0.0,-0.2213675911047795,2.7755575615628914e-17,2.7755575615628914e-17,-42.44784795351018,42.44784795351018,6.3611093629270335e-15,0.0,0.0,0.0,0.0,0.0
11.669999999998971,0.22110216241564645,0.2211021624156465,0.0,-1.0788750254795478e-14,-4.163336342344337e-17,-0.2211021624156465,0.0,6.938893903907228e-17,-42.52290421430083,42.52290421430083,-6.3611093629270335e-15,0.0,0.0,0.0,0.0,0.0
11.679999999998966,0.22083618040676173,0.22083618040676178,0.0,-1.0801744563340575e-14,-4.163336342344337e-17,-0.22083618040676178,5.551115123125783e-17,6.938893903907228e-17,-42.59800954384585,42.59800954384585,6.3611093629270335e-15,0.0,0.0,0.0,0.0,0.0
11.68999999999896,0.22056966148514837,0.22056966148514828,0.0,-1.4419728715400305e-14,-5.551115123125783e-17,-0.22056966148514828,5.551115123125783e-17,1.0007415106216802e-16,-42.673159238278416,42.673159238278416,0.0,0.0,0.0,0.0,0.0,0.0
11.699999999998955,0.22030262209094886,0.2203026220909489,0.0,0.0,0.0,-0.2203026220909489,6.206335383118183e-17,2.7755575615628914e-17,-42.74834861169621,42.74834861169621,-6.3611093629270335e-15,0.0,0.0,0.0,0.0,0.0
11.70999999999895,0.22003507869641104,0.2200350786964111,0.0,-3.613690485520064e-15,-1.3877787807814457e-17,-0.2200350786964111,0.0,5.721958498152797e-17,-42.82357299627712,42.82357299627712,-1.2722218725854067e-14,0.0,0.0,0.0,0.0,0.0
11.719999999998944,0.2197670478048716,0.21976704780487158,0.0,-7.236195583533278e-15,-2.7755575615628914e-17,-0.21976704780487158,2.7755575615628914e-17,3.925231146709438e-17,-42.898827742390274,42.898827742390274,-1.2722218725854067e-14,0.0,0.0,0.0,0.0,0.0
11.729999999998938,0.21949854594973847,0.2194985459497385,0.0,-3.6225236341563406e-15,-1.3877787807814457e-17,-0.2194985459497385,5.551115123125783e-17,3.1031676915590914e-17,-42.97410821870227,42.97410821870227,6.3611093629270335e-15,0.0,0.0,0.0,0.0,0.0
11.739999999998933,0.21922958969347092,0.2192295896934709,0.0,-3.626967835307498e-15,-1.3877787807814457e-17,-0.2192295896934709,0.0,3.1031676915590914e-17,-43.04940981227893,43.04940981227893,0.0,0.0,0.0,0.0,0.0,0.0
11.749999999998927,0.2189601956265577,0.21896019562655772,0.0,-3.631430215389508e-15,-1.3877787807814457e-17,-0.21896019562655772,0.0,3.1031676915590914e-17,-43.124727928682766,43.124727928682766,-6.3611093629270335e-15,0.0,0.0,0.0,0.0,0.0
11.759999999998922,0.21869038036649371,0.2186903803664937,0.0,-1.4543642368417683e-14,-5.551115123125783e-17,-0.2186903803664937,5.551115123125783e-17,6.206335383118183e-17,-43.20005799206601,43.20005799206601,-6.3611093629270335e-15,0.0,0.0,0.0,0.0,0.0
11.769999999998916,0.2184201605567553,0.21842016055675528,0.0,-1.45616351226748e-14,-5.551115123125783e-17,-0.21842016055675528,6.206335383118183e-17,6.206335383118183e-17,-43.27539544525952,43.27539544525952,6.3611093629270335e-15,0.0,0.0,0.0,0.0,0.0
11.77999999999891,0.21814955286577312,0.21814955286577312,0.0,-3.6449245937951846e-15,-1.3877787807814457e-17,-0.21814955286577312,2.7755575615628914e-17,1.3877787807814457e-17,-43.350735749857755,43.350735749857755,0.0,0.0,0.0,0.0,0.0,0.0
11.789999999998905,0.21787857398590413,0.21787857398590418,0.0,-1.4597831366701e-14,-5.551115123125783e-17,-0.21787857398590418,5.551115123125783e-17,7.850462293418876e-17,-43.42607438629967,43.42607438629967,1.2722218725854067e-14,0.0,0.0,0.0,0.0,0.0
11.7999999999989,0.21760724063240222,0.21760724063240228,0.0,-3.654008331961179e-15,-1.3877787807814457e-17,-0.21760724063240228,0.0,5.721958498152797e-17,-43.50140685394582,43.50140685394582,-6.3611093629270335e-15,0.0,0.0,0.0,0.0,0.0
11.809999999998894,0.21733556954238664,0.21733556954238664,0.0,-1.0975727609246278e-14,-4.163336342344337e-17,-0.21733556954238664,2.7755575615628914e-17,4.163336342344337e-17,-43.57672867115187,43.57672867115187,0.0,0.0,0.0,0.0,0.0,0.0
11.819999999998888,0.2170635774738099,0.2170635774738099,0.0,-3.6631602575601046e-15,-1.3877787807814457e-17,-0.2170635774738099,0.0,1.3877787807814457e-17,-43.652035375338436,43.652035375338436,6.3611093629270335e-15,0.0,0.0,0.0,0.0,0.0
11.829999999998883,0.21679128120442404,0.216791281204424,0.0,-3.667761295326728e-15,-1.3877787807814457e-17,-0.216791281204424,7.850462293418876e-17,3.1031676915590914e-17,-43.72732252305732,43.72732252305732,-1.2722218725854067e-14,0.0,0.0,0.0,0.0,0.0
11.839999999998877,0.21651869753074554,0.21651869753074554,0.0,-7.344757560745717e-15,-2.7755575615628914e-17,-0.21651869753074554,2.7755575615628914e-17,2.7755575615628914e-17,-43.80258569005464,43.80258569005464,-6.3611093629270335e-15,0.0,0.0,0.0,0.0,0.0
11.849999999998872,0.21624584326701943,0.21624584326701946,0.0,0.0,0.0,-0.21624584326701946,2.7755575615628914e-17,2.7755575615628914e-17,-43.87782047133044,43.87782047133044,6.3611093629270335e-15,0.0,0.0,0.0,0.0,0.0
11.859999999998866,0.2159727352441818,0.21597273524418176,0.0,-7.363324536931797e-15,-2.7755575615628914e-17,-0.21597273524418176,5.551115123125783e-17,6.206335383118183e-17,-43.95302248119527,43.95302248119527,1.2722218725854067e-14,0.0,0.0,0.0,0.0,0.0
11.86999999999886,0.21569939030882218,0.21569939030882224,0.0,0.0,0.0,-0.21569939030882224,5.551115123125783e-17,5.551115123125783e-17,-44.02818735332354,44.02818735332354,-6.3611093629270335e-15,0.0,0.0,0.0,0.0,0.0
11.879999999998855,0.21542582532214363,0.2154258253221436,0.0,-1.1073027143010978e-14,-4.163336342344337e-17,-0.2154258253221436,0.0,5.003707553108401e-17,-44.103310740804176,44.103310740804176,0.0,0.0,0.0,0.0,0.0,0.0
11.88999999999885,0.21515205715892308,0.2151520571589231,0.0,0.0,0.0,-0.2151520571589231,1.1102230246251565e-16,2.7755575615628914e-17,-44.178388316188155,44.178388316188155,6.3611093629270335e-15,0.0,0.0,0.0,0.0,0.0
11.899999999998844,0.21487810270647054,0.21487810270647056,0.0,-3.700417401079069e-15,-1.3877787807814457e-17,-0.21487810270647056,0.0,3.1031676915590914e-17,-44.25341577153333,44.25341577153333,-6.3611093629270335e-15,0.0,0.0,0.0,0.0,0.0
11.909999999998838,0.21460397886358698,0.21460397886358706,0.0,0.0,0.0,-0.21460397886358706,7.850462293418876e-17,8.326672684688674e-17,-44.32838881844664,44.32838881844664,6.3611093629270335e-15,0.0,0.0,0.0,0.0,0.0
11.919999999998833,0.21432970253952224,0.21432970253952233,0.0,-3.709885568563489e-15,-1.3877787807814457e-17,-0.21432970253952233,6.206335383118183e-17,8.441528768080324e-17,-44.403303188123736,44.403303188123736,1.2722218725854067e-14,0.0,0.0,0.0,0.0,0.0
11.929999999998827,0.21405529065293205,0.21405529065293205,0.0,-1.114392456183359e-14,-4.163336342344337e-17,-0.21405529065293205,0.0,4.163336342344337e-17,-44.478154631385955,44.478154631385955,1.2722218725854067e-14,0.0,0.0,0.0,0.0,0.0
11.939999999998822,0.21378076013083414,0.2137807601308342,0.0,0.0,0.0,-0.2137807601308342,1.1443916996305594e-16,5.551115123125783e-17,-44.552938918715114,44.552938918715114,6.3611093629270335e-15,0.0,0.0,0.0,0.0,0.0
11.949999999998816,0.21350612790756418,0.21350612790756412,0.0,-1.489678405315146e-14,-5.551115123125783e-17,-0.21350612790756412,5.551115123125783e-17,7.850462293418876e-17,-44.627651840285864,44.627651840285864,1.2722218725854067e-14,0.0,0.0,0.0,0.0,0.0
11.95999999999881,0.21323141092373143,0.2132314109237315,0.0,-3.728994086383849e-15,-1.3877787807814457e-17,-0.2132314109237315,2.7755575615628914e-17,5.721958498152797e-17,-44.702289205995726,44.702289205995726,6.3611093629270335e-15,0.0,0.0,0.0,0.0,0.0
11.969999999998805,0.2129566261251735,0.21295662612517352,0.0,-3.733805727643833e-15,-1.3877787807814457e-17,-0.21295662612517352,2.7755575615628914e-17,3.1031676915590914e-17,-44.77684684549322,44.77684684549322,6.3611093629270335e-15,0.0,0.0,0.0,0.0,0.0
11.9799999999988,0.21268179046191096,0.21268179046191094,0.0,-7.477261392608788e-15,-2.7755575615628914e-17,-0.21268179046191094,2.7755575615628914e-17,3.925231146709438e-17,-44.851320608203714,44.851320608203714,6.3611093629270335e-15,0.0,0.0,0.0,0.0,0.0
11.989999999998794,0.2124069208871023,0.21240692088710228,0.0,-1.1230406246346018e-14,-4.163336342344337e-17,-0.21240692088710228,5.551115123125783e-17,5.003707553108401e-17,-44.92570636335331,44.92570636335331,0.0,0.0,0.0,0.0,0.0,0.0
11.999999999998789,0.2121320343559976,0.21213203435599765,0.0,-3.748319638661863e-15,-1.3877787807814457e-17,-0.21213203435599765,0.0,5.721958498152797e-17,-44.99999999999099,44.99999999999099,0.0,0.0,0.0,0.0,0.0,0.0
12.009999999998783,0.21185714782489282,0.21185714782489273,-0.0,-1.1259549350061422e-14,-4.163336342344337e-17,-0.21185714782489273,0.0,9.309503074677274e-17,-45.07419742700883,45.07419742700883,-6.3611093629270335e-15,0.0,0.0,0.0,0.0,0.0
12.019999999998777,0.21158227825008416,0.21158227825008416,-0.0,-1.1274176792246014e-14,-4.163336342344337e-17,-0.21158227825008416,0.0,4.163336342344337e-17,-45.148294573160314,45.148294573160314,6.3611093629270335e-15,0.0,0.0,0.0,0.0,0.0
12.029999999998772,0.2113074425868217,0.21130744258682166,-0.0,-1.1288840477625495e-14,-4.163336342344337e-17,-0.21130744258682166,1.1102230246251565e-16,5.003707553108401e-17,-45.22228738707726,45.22228738707726,6.3611093629270335e-15,0.0,0.0,0.0,0.0,0.0
12.039999999998766,0.21103265778826366,0.21103265778826363,-0.0,-1.507138617689532e-14,-5.551115123125783e-17,-0.21103265778826363,5.551115123125783e-17,6.206335383118183e-17,-45.296171837284945,45.296171837284945,0.0,0.0,0.0,0.0,0.0,0.0
12.04999999999876,0.21075794080443092,0.21075794080443094,-0.0,-7.545515650143061e-15,-2.7755575615628914e-17,-0.21075794080443094,0.0,3.925231146709438e-17,-45.36994391221574,45.36994391221574,-6.3611093629270335e-15,0.0,0.0,0.0,0.0,0.0
12.059999999998755,0.21048330858116096,0.210483308581161,-0.0,-7.555360809612881e-15,-2.7755575615628914e-17,-0.210483308581161,1.2412670766236366e-16,3.925231146709438e-17,-45.44359962022131,45.44359962022131,1.2722218725854067e-14,0.0,0.0,0.0,0.0,0.0
12.06999999999875,0.21020877805906296,0.21020877805906302,-0.0,0.0,0.0,-0.21020877805906302,2.7755575615628914e-17,5.551115123125783e-17,-45.51713498958343,45.51713498958343,-1.2722218725854067e-14,0.0,0.0,0.0,0.0,0.0
12.079999999998744,0.20993436617247274,0.20993436617247277,-0.0,-7.575116784001228e-15,-2.7755575615628914e-17,-0.20993436617247277,6.206335383118183e-17,3.925231146709438e-17,-45.59054606852334,45.59054606852334,-6.3611093629270335e-15,0.0,0.0,0.0,0.0,0.0
12.089999999998739,0.20966008984840803,0.20966008984840803,-0.0,0.0,0.0,-0.20966008984840803,2.7755575615628914e-17,0.0,-45.66382892521006,45.66382892521006,-6.3611093629270335e-15,0.0,0.0,0.0,0.0,0.0
12.099999999998733,0.2093859660055244,0.2093859660055244,-0.0,-7.594956677706857e-15,-2.7755575615628914e-17,-0.2093859660055244,0.0,2.7755575615628914e-17,-45.736979647767335,45.736979647767335,0.0,0.0,0.0,0.0,0.0,0.0
12.109999999998728,0.2091120115530718,0.2091120115530718,-0.0,-3.802453357224179e-15,-1.3877787807814457e-17,-0.2091120115530718,0.0,1.3877787807814457e-17,-45.80999434427939,45.80999434427939,1.2722218725854067e-14,0.0,0.0,0.0,0.0,0.0
12.119999999998722,0.20883824338985127,0.20883824338985124,-0.0,-7.614876063495179e-15,-2.7755575615628914e-17,-0.20883824338985124,5.551115123125783e-17,3.925231146709438e-17,-45.88286914279586,45.88286914279586,-6.3611093629270335e-15,0.0,0.0,0.0,0.0,0.0
12.129999999998716,0.20856467840317258,0.20856467840317267,-0.0,0.0,0.0,-0.20856467840317267,2.7755575615628914e-17,8.326672684688674e-17,-45.95560019133547,45.95560019133547,6.3611093629270335e-15,0.0,0.0,0.0,0.0,0.0
12.139999999998711,0.2082913334678129,0.20829133346781298,-0.0,0.0,0.0,-0.20829133346781298,2.7755575615628914e-17,8.326672684688674e-17,-46.0281836578887,46.0281836578887,6.3611093629270335e-15,0.0,0.0,0.0,0.0,0.0
12.149999999998705,0.2080182254449753,0.2080182254449754,-0.0,-7.644894274672176e-15,-2.7755575615628914e-17,-0.2080182254449754,6.206335383118183e-17,8.777083671441753e-17,-46.10061573041987,46.10061573041987,6.3611093629270335e-15,0.0,0.0,0.0,0.0,0.0
12.1599999999987,0.20774537118124906,0.20774537118124908,-0.0,-7.654935133761938e-15,-2.7755575615628914e-17,-0.20774537118124908,5.551115123125783e-17,3.925231146709438e-17,-46.17289261686802,46.17289261686802,1.2722218725854067e-14,0.0,0.0,0.0,0.0,0.0
12.169999999998694,0.2074727875075705,0.20747278750757048,-0.0,3.8324962030833336e-15,1.3877787807814457e-17,-0.20747278750757048,5.551115123125783e-17,3.1031676915590914e-17,-46.245010545147125,46.245010545147125,-1.2722218725854067e-14,0.0,0.0,0.0,0.0,0.0
12.179999999998689,0.20720049123818457,0.20720049123818463,-0.0,-3.837532747216501e-15,-1.3877787807814457e-17,-0.20720049123818463,2.7755575615628914e-17,5.721958498152797e-17,-46.31696576314558,46.31696576314558,-6.3611093629270335e-15,0.0,0.0,0.0,0.0,0.0
12.189999999998683,0.20692849916960773,0.2069284991696077,-0.0,-7.685153795216469e-15,-2.7755575615628914e-17,-0.2069284991696077,5.551115123125783e-17,3.925231146709438e-17,-46.38875453872506,46.38875453872506,1.2722218725854067e-14,0.0,0.0,0.0,0.0,0.0
12.199999999998678,0.20665682807959207,0.20665682807959204,-0.0,-1.154288504892234e-14,-4.163336342344337e-17,-0.20665682807959204,6.206335383118183e-17,5.003707553108401e-17,-46.460373159718394,46.460373159718394,-1.2722218725854067e-14,0.0,0.0,0.0,0.0,0.0
12.209999999998672,0.20638549472609008,0.20638549472609002,-0.0,-1.1558060387254956e-14,-4.163336342344337e-17,-0.20638549472609002,2.7755575615628914e-17,6.938893903907228e-17,-46.53181793392733,46.53181793392733,0.0,0.0,0.0,0.0,0.0,0.0
12.219999999998667,0.20611451584622106,0.20611451584622106,-0.0,-1.1573255776305249e-14,-4.163336342344337e-17,-0.20611451584622106,1.1102230246251565e-16,4.163336342344337e-17,-46.60308518911929,46.60308518911929,1.2722218725854067e-14,0.0,0.0,0.0,0.0,0.0
12.229999999998661,0.20584390815523873,0.20584390815523881,-0.0,-1.1588470275732703e-14,-4.163336342344337e-17,-0.20584390815523881,2.7755575615628914e-17,9.309503074677274e-17,-46.67417127302391,46.67417127302391,-6.3611093629270335e-15,0.0,0.0,0.0,0.0,0.0
12.239999999998656,0.20557368834550022,0.2055736883455002,-0.0,-1.1603702936382385e-14,-4.163336342344337e-17,-0.2055736883455002,6.206335383118183e-17,5.003707553108401e-17,-46.74507255332891,46.74507255332891,0.0,0.0,0.0,0.0,0.0,0.0
12.24999999999865,0.2053038730854362,0.20530387308543618,-0.0,-7.745968533530648e-15,-2.7755575615628914e-17,-0.20530387308543618,5.551115123125783e-17,3.925231146709438e-17,-46.815785417675656,46.815785417675656,1.2722218725854067e-14,0.0,0.0,0.0,0.0,0.0
12.259999999998644,0.2050344790185228,0.20503447901852276,-0.0,-1.1634218900725179e-14,-4.163336342344337e-17,-0.20503447901852276,6.206335383118183e-17,6.938893903907228e-17,-46.886306273654355,46.886306273654355,-6.3611093629270335e-15,0.0,0.0,0.0,0.0,0.0
12.269999999998639,0.20476552276225515,0.20476552276225518,-0.0,0.0,0.0,-0.20476552276225518,5.551115123125783e-17,2.7755575615628914e-17,-46.95663154879868,46.95663154879868,-1.2722218725854067e-14,0.0,0.0,0.0,0.0,0.0
12.279999999998633,0.20449702090712196,0.20449702090712202,-0.0,0.0,0.0,-0.20449702090712202,1.1102230246251565e-16,5.551115123125783e-17,-47.026757690580425,47.026757690580425,6.3611093629270335e-15,0.0,0.0,0.0,0.0,0.0
12.289999999998628,0.20422899001558237,0.20422899001558234,-0.0,-7.786736548079794e-15,-2.7755575615628914e-17,-0.20422899001558234,1.6883057536160649e-16,3.925231146709438e-17,-47.09668116640359,47.09668116640359,6.3611093629270335e-15,0.0,0.0,0.0,0.0,0.0
12.299999999998622,0.2039614466210444,0.20396144662104443,-0.0,-7.796950683951837e-15,-2.7755575615628914e-17,-0.20396144662104443,0.0,3.925231146709438e-17,-47.166398463598334,47.166398463598334,0.0,0.0,0.0,0.0,0.0,0.0
12.309999999998617,0.20369440722684484,0.20369440722684484,-0.0,-1.561434466839084e-14,-5.551115123125783e-17,-0.20369440722684484,6.206335383118183e-17,5.551115123125783e-17,-47.235906089414776,47.235906089414776,-1.2722218725854067e-14,0.0,0.0,0.0,0.0,0.0
12.319999999998611,0.2034278883052313,0.20342788830523129,-0.0,-1.5634801638855368e-14,-5.551115123125783e-17,-0.20342788830523129,0.0,6.206335383118183e-17,-47.30520057101659,47.30520057101659,6.3611093629270335e-15,0.0,0.0,0.0,0.0,0.0
12.329999999998606,0.20316190629634645,0.20316190629634648,-0.0,-3.913817727256571e-15,-1.3877787807814457e-17,-0.20316190629634648,0.0,3.1031676915590914e-17,-47.37427845547433,47.37427845547433,6.3611093629270335e-15,0.0,0.0,0.0,0.0,0.0
12.3399999999986,0.20289647760721335,0.20289647760721333,-0.0,-7.837875548585775e-15,-2.7755575615628914e-17,-0.20289647760721333,5.551115123125783e-17,3.925231146709438e-17,-47.44313630975891,47.44313630975891,0.0,0.0,0.0,0.0,0.0,0.0
12.349999999998595,0.20263161861072385,0.20263161861072382,-0.0,-7.848120405072836e-15,-2.7755575615628914e-17,-0.20263161861072382,5.551115123125783e-17,3.925231146709438e-17,-47.511770720734766,47.511770720734766,1.2722218725854067e-14,0.0,0.0,0.0,0.0,0.0
12.359999999998589,0.2023673456446285,0.20236734564462847,-0.0,-1.1787553982580761e-14,-4.163336342344337e-17,-0.20236734564462847,6.206335383118183e-17,5.003707553108401e-17,-47.58017829515309,47.58017829515309,0.0,0.0,0.0,0.0,0.0,0.0
12.369999999998583,0.20210367501052864,0.20210367501052867,-0.0,-3.934310795310655e-15,-1.3877787807814457e-17,-0.20210367501052867,5.551115123125783e-17,3.1031676915590914e-17,-47.64835565964501,47.64835565964501,1.2722218725854067e-14,0.0,0.0,0.0,0.0,0.0
12.379999999998578,0.20184062297287098,0.201840622972871,-0.0,-7.878876498243392e-15,-2.7755575615628914e-17,-0.201840622972871,2.7755575615628914e-17,3.925231146709438e-17,-47.71629946071483,47.71629946071483,0.0,0.0,0.0,0.0,0.0,0.0
12.389999999998572,0.20157820575794433,0.2015782057579444,-0.0,-3.944566662730809e-15,-1.3877787807814457e-17,-0.2015782057579444,0.0,8.441528768080324e-17,-47.78400636473312,47.78400636473312,6.3611093629270335e-15,0.0,0.0,0.0,0.0,0.0
12.399999999998567,0.2013164395528786,0.2013164395528787,-0.0,-7.899391347590613e-15,-2.7755575615628914e-17,-0.2013164395528787,5.551115123125783e-17,1.1443916996305594e-16,-47.85147305793019,47.85147305793019,-6.3611093629270335e-15,0.0,0.0,0.0,0.0,0.0
12.409999999998561,0.20105534050464624,0.20105534050464624,-0.0,-1.1864474751629452e-14,-4.163336342344337e-17,-0.20105534050464624,2.7755575615628914e-17,4.163336342344337e-17,-47.918696246389345,47.918696246389345,-1.2722218725854067e-14,0.0,0.0,0.0,0.0,0.0
12.419999999998556,0.2007949247190666,0.20079492471906657,-0.0,-7.919908050249405e-15,-2.7755575615628914e-17,-0.20079492471906657,7.850462293418876e-17,3.925231146709438e-17,-47.985672656040286,47.985672656040286,6.3611093629270335e-15,0.0,0.0,0.0,0.0,0.0
12.42999999999855,0.20053520825981191,0.20053520825981197,-0.0,-3.965082626965452e-15,-1.3877787807814457e-17,-0.20053520825981197,7.850462293418876e-17,5.721958498152797e-17,-48.052399032652865,48.052399032652865,-1.2722218725854067e-14,0.0,0.0,0.0,0.0,0.0
12.439999999998545,0.20027620714741667,0.20027620714741667,-0.0,-7.940420698906126e-15,-2.7755575615628914e-17,-0.20027620714741667,5.551115123125783e-17,2.7755575615628914e-17,-48.118872141830764,48.118872141830764,-6.3611093629270335e-15,0.0,0.0,0.0,0.0,0.0
12.44999999999854,0.20001793735828968,0.20001793735828968,-0.0,-3.975336816625386e-15,-1.3877787807814457e-17,-0.20001793735828968,0.0,1.3877787807814457e-17,-48.18508876900529,48.18508876900529,6.3611093629270335e-15,0.0,0.0,0.0,0.0,0.0
12.459999999998534,0.199760414823728,0.19976041482372803,-0.0,0.0,0.0,-0.19976041482372803,1.1443916996305594e-16,2.7755575615628914e-17,-48.25104571942968,48.25104571942968,1.2722218725854067e-14,0.0,0.0,0.0,0.0,0.0
12.469999999998528,0.19950365542893453,0.19950365542893456,-0.0,-3.985584467895209e-15,-1.3877787807814457e-17,-0.19950365542893456,0.0,3.1031676915590914e-17,-48.31673981817331,48.31673981817331,6.3611093629270335e-15,0.0,0.0,0.0,0.0,0.0
12.479999999998522,0.1992476750120383,0.19924767501203824,-0.0,-3.990704886859223e-15,-1.3877787807814457e-17,-0.19924767501203824,5.551115123125783e-17,5.721958498152797e-17,-48.38216791011613,48.38216791011613,-1.2722218725854067e-14,0.0,0.0,0.0,0.0,0.0
12.489999999998517,0.19899248936311717,0.1989924893631172,-0.0,-1.598329008116336e-14,-5.551115123125783e-17,-0.1989924893631172,2.7755575615628914e-17,6.206335383118183e-17,-48.44732685994361,48.44732685994361,6.3611093629270335e-15,0.0,0.0,0.0,0.0,0.0
12.499999999998511,0.1987381142232239,0.1987381142232239,-0.0,0.0,0.0,-0.1987381142232239,5.551115123125783e-17,0.0,-48.51221355214168,48.51221355214168,0.0,0.0,0.0,0.0,0.0,0.0
12.509999999998506,0.1984845652834155,0.19848456528341546,-0.0,-8.012095743873115e-15,-2.7755575615628914e-17,-0.19848456528341546,0.0,3.925231146709438e-17,-48.57682489099198,48.57682489099198,0.0,0.0,0.0,0.0,0.0,0.0
12.5199999999985,0.1982318581837848,0.19823185818378475,-0.0,-2.406692882721273e-14,-8.326672684688674e-17,-0.19823185818378475,2.7755575615628914e-17,1.0007415106216802e-16,-48.64115780056754,48.64115780056754,0.0,0.0,0.0,0.0,0.0,0.0
12.529999999998495,0.197980008512496,0.19798000851249603,-0.0,-1.2048772141289587e-14,-4.163336342344337e-17,-0.19798000851249603,6.206335383118183e-17,5.003707553108401e-17,-48.705209224728684,48.705209224728684,6.3611093629270335e-15,0.0,0.0,0.0,0.0,0.0
12.53999999999849,0.1977290318048233,0.19772903180482332,-0.0,0.0,0.0,-0.19772903180482332,1.1443916996305594e-16,2.7755575615628914e-17,-48.76897612711907,48.76897612711907,1.2722218725854067e-14,0.0,0.0,0.0,0.0,0.0
12.549999999998484,0.19747894354219214,0.19747894354219214,-0.0,0.0,0.0,-0.19747894354219214,2.7755575615628914e-17,0.0,-48.83245549116238,48.83245549116238,0.0,0.0,0.0,0.0,0.0,0.0
12.559999999998478,0.19722975915122454,0.19722975915122454,-0.0,-1.2094604898181904e-14,-4.163336342344337e-17,-0.19722975915122454,0.0,4.163336342344337e-17,-48.89564432005915,48.89564432005915,6.3611093629270335e-15,0.0,0.0,0.0,0.0,0.0
12.569999999998473,0.1969814940027876,0.19698149400278753,-0.0,-1.2109848304145166e-14,-4.163336342344337e-17,-0.19698149400278753,0.0,9.309503074677274e-17,-48.95853963678389,48.95853963678389,6.3611093629270335e-15,0.0,0.0,0.0,0.0,0.0
12.579999999998467,0.19673416341104508,0.196734163411045,-0.0,0.0,0.0,-0.196734163411045,5.551115123125783e-17,8.326672684688674e-17,-49.021138484082776,49.021138484082776,1.2722218725854067e-14,0.0,0.0,0.0,0.0,0.0
12.589999999998462,0.19648778263251282,0.1964877826325128,-0.0,-1.618703534057405e-14,-5.551115123125783e-17,-0.1964877826325128,6.206335383118183e-17,6.206335383118183e-17,-49.083437924471504,49.083437924471504,0.0,0.0,0.0,0.0,0.0,0.0
12.599999999998456,0.19624236686511792,0.19624236686511795,-0.0,-8.103639219887691e-15,-2.7755575615628914e-17,-0.19624236686511795,1.1443916996305594e-16,3.925231146709438e-17,-49.1454350402336,49.1454350402336,-6.3611093629270335e-15,0.0,0.0,0.0,0.0,0.0
12.60999999999845,0.1959979312472609,0.19599793124726095,-0.0,4.05687277057416e-15,1.3877787807814457e-17,-0.19599793124726095,2.7755575615628914e-17,5.721958498152797e-17,-49.20712693341917,49.20712693341917,-6.3611093629270335e-15,0.0,0.0,0.0,0.0,0.0
12.619999999998445,0.195754490856882,0.195754490856882,-0.0,-4.06191789973908e-15,-1.3877787807814457e-17,-0.195754490856882,5.551115123125783e-17,1.3877787807814457e-17,-49.26851072584395,49.26851072584395,0.0,0.0,0.0,0.0,0.0,0.0
12.62999999999844,0.1955120607105312,0.19551206071053123,-0.0,0.0,0.0,-0.19551206071053123,2.7755575615628914e-17,2.7755575615628914e-17,-49.329583559088796,49.329583559088796,-1.2722218725854067e-14,0.0,0.0,0.0,0.0,0.0
12.639999999998434,0.19527065576244196,0.19527065576244196,-0.0,0.0,0.0,-0.19527065576244196,2.7755575615628914e-17,0.0,-49.39034259449951,49.39034259449951,1.2722218725854067e-14,0.0,0.0,0.0,0.0,0.0
12.649999999998428,0.19503029090360857,0.1950302909036086,-0.0,-4.07700089397327e-15,-1.3877787807814457e-17,-0.1950302909036086,5.551115123125783e-17,3.1031676915590914e-17,-49.45078501318725,49.45078501318725,-6.3611093629270335e-15,0.0,0.0,0.0,0.0,0.0
12.659999999998423,0.19479098096086767,0.1947909809608676,-0.0,-8.164019365204779e-15,-2.7755575615628914e-17,-0.1947909809608676,5.551115123125783e-17,6.206335383118183e-17,-49.51090801602921,49.51090801602921,-6.3611093629270335e-15,0.0,0.0,0.0,0.0,0.0
12.669999999998417,0.19455274069598386,0.19455274069598383,-0.0,0.0,0.0,-0.19455274069598383,0.0,2.7755575615628914e-17,-49.570708823669676,49.570708823669676,1.2722218725854067e-14,0.0,0.0,0.0,0.0,0.0
12.679999999998412,0.19431558480473887,0.19431558480473887,-0.0,-8.18399276789751e-15,-2.7755575615628914e-17,-0.19431558480473887,0.0,2.7755575615628914e-17,-49.630184676521644,49.630184676521644,0.0,0.0,0.0,0.0,0.0,0.0
12.689999999998406,0.19407952791602512,0.19407952791602512,-0.0,0.0,0.0,-0.19407952791602512,0.0,0.0,-49.689332834768855,49.689332834768855,6.3611093629270335e-15,0.0,0.0,0.0,0.0,0.0
12.6999999999984,0.19384458459094356,0.1938445845909436,-0.0,0.0,0.0,-0.1938445845909436,7.850462293418876e-17,5.551115123125783e-17,-49.74815057836802,49.74815057836802,-6.3611093629270335e-15,0.0,0.0,0.0,0.0,0.0
12.709999999998395,0.19361076932190505,0.19361076932190507,-0.0,-8.213785556978493e-15,-2.7755575615628914e-17,-0.19361076932190507,5.551115123125783e-17,3.925231146709438e-17,-49.80663520705193,49.80663520705193,-6.3611093629270335e-15,0.0,0.0,0.0,0.0,0.0
12.71999999999839,0.19337809653173674,0.1933780965317367,-0.0,-1.2335502592488024e-14,-4.163336342344337e-17,-0.1933780965317367,1.1102230246251565e-16,5.003707553108401e-17,-49.864784040332516,49.864784040332516,6.3611093629270335e-15,0.0,0.0,0.0,0.0,0.0
12.729999999998384,0.19314658057279244,0.1931465805727925,-0.0,4.116762864803655e-15,1.3877787807814457e-17,-0.1931465805727925,5.551115123125783e-17,5.721958498152797e-17,-49.922594417504605,49.922594417504605,1.2722218725854067e-14,0.0,0.0,0.0,0.0,0.0
12.739999999998378,0.19291623572606692,0.19291623572606692,-0.0,0.0,0.0,-0.19291623572606692,0.0,0.0,-49.98006369765019,49.98006369765019,-6.3611093629270335e-15,0.0,0.0,0.0,0.0,0.0
12.749999999998373,0.19268707620031536,0.19268707620031542,-0.0,0.0,0.0,-0.19268707620031542,1.1102230246251565e-16,5.551115123125783e-17,-50.037189259642844,50.037189259642844,0.0,0.0,0.0,0.0,0.0,0.0
12.759999999998367,0.1924591161311768,0.19245911613117683,-0.0,-8.262935903996632e-15,-2.7755575615628914e-17,-0.19245911613117683,7.850462293418876e-17,3.925231146709438e-17,-50.093968502152855,50.093968502152855,-6.3611093629270335e-15,0.0,0.0,0.0,0.0,0.0
12.769999999998362,0.1922323695803021,0.1922323695803021,-0.0,-1.6545364802023568e-14,-5.551115123125783e-17,-0.1922323695803021,6.206335383118183e-17,5.551115123125783e-17,-50.150398843652624,50.150398843652624,-6.3611093629270335e-15,0.0,0.0,0.0,0.0,0.0
12.779999999998356,0.19200685053448646,0.19200685053448652,-0.0,-1.2423598452124973e-14,-4.163336342344337e-17,-0.19200685053448652,0.0,6.938893903907228e-17,-50.206477722422626,50.206477722422626,6.3611093629270335e-15,0.0,0.0,0.0,0.0,0.0
12.78999999999835,0.19178257290480707,0.1917825729048071,-0.0,-4.146042355790862e-15,-1.3877787807814457e-17,-0.1917825729048071,5.551115123125783e-17,3.1031676915590914e-17,-50.26220259655764,50.26220259655764,0.0,0.0,0.0,0.0,0.0,0.0
12.799999999998345,0.1915595505257645,0.19155955052576457,-0.0,-1.660347747076038e-14,-5.551115123125783e-17,-0.19155955052576457,5.551115123125783e-17,7.850462293418876e-17,-50.31757094397356,50.31757094397356,-6.3611093629270335e-15,0.0,0.0,0.0,0.0,0.0
12.80999999999834,0.1913377971544296,0.1913377971544296,-0.0,-4.1556800704887345e-15,-1.3877787807814457e-17,-0.1913377971544296,2.7755575615628914e-17,1.3877787807814457e-17,-50.372580262414594,50.372580262414594,-1.2722218725854067e-14,0.0,0.0,0.0,0.0,0.0
12.819999999998334,0.19111732646959495,0.191117326469595,-0.0,0.0,0.0,-0.191117326469595,7.850462293418876e-17,5.551115123125783e-17,-50.42722806946083,50.42722806946083,-1.2722218725854067e-14,0.0,0.0,0.0,0.0,0.0
12.829999999998329,0.1908981520709308,0.1908981520709308,-0.0,-1.666100298488871e-14,-5.551115123125783e-17,-0.1908981520709308,5.551115123125783e-17,5.551115123125783e-17,-50.48151190253635,50.48151190253635,-6.3611093629270335e-15,0.0,0.0,0.0,0.0,0.0
12.839999999998323,0.1906802874781465,0.1906802874781465,-0.0,-8.340019630576743e-15,-2.7755575615628914e-17,-0.1906802874781465,2.7755575615628914e-17,2.7755575615628914e-17,-50.53542931891759,50.53542931891759,1.2722218725854067e-14,0.0,0.0,0.0,0.0,0.0
12.849999999998317,0.1904637461301564,0.19046374613015643,-0.0,0.0,0.0,-0.19046374613015643,1.1443916996305594e-16,2.7755575615628914e-17,-50.58897789574226,50.58897789574226,6.3611093629270335e-15,0.0,0.0,0.0,0.0,0.0
12.859999999998312,0.19024854138425082,0.19024854138425074,-0.0,-2.0897365745367623e-14,-6.938893903907228e-17,-0.19024854138425074,0.0,1.0838898772828417e-16,-50.6421552300187,50.6421552300187,6.3611093629270335e-15,0.0,0.0,0.0,0.0,0.0
12.869999999998306,0.19003468651527214,0.19003468651527214,-0.0,-1.2552529513636625e-14,-4.163336342344337e-17,-0.19003468651527214,2.7755575615628914e-17,4.163336342344337e-17,-50.69495893863546,50.69495893863546,6.3611093629270335e-15,0.0,0.0,0.0,0.0,0.0
12.8799999999983,0.1898221947147961,0.18982219471479606,-0.0,-8.377720756632897e-15,-2.7755575615628914e-17,-0.18982219471479606,5.551115123125783e-17,6.206335383118183e-17,-50.747386658371475,50.747386658371475,6.3611093629270335e-15,0.0,0.0,0.0,0.0,0.0
12.889999999998295,0.18961107909031788,0.18961107909031788,-0.0,-4.193524313983409e-15,-1.3877787807814457e-17,-0.18961107909031788,0.0,1.3877787807814457e-17,-50.799436045906546,50.799436045906546,6.3611093629270335e-15,0.0,0.0,0.0,0.0,0.0
12.89999999999829,0.18940135266444358,0.18940135266444358,-0.0,-8.396335709118208e-15,-2.7755575615628914e-17,-0.18940135266444358,5.551115123125783e-17,2.7755575615628914e-17,-50.85110477783229,50.85110477783229,-6.3611093629270335e-15,0.0,0.0,0.0,0.0,0.0
12.909999999998284,0.18919302837408708,0.18919302837408705,-0.0,-8.40558108508808e-15,-2.7755575615628914e-17,-0.18919302837408705,6.206335383118183e-17,3.925231146709438e-17,-50.902390550663334,50.902390550663334,1.2722218725854067e-14,0.0,0.0,0.0,0.0,0.0
12.919999999998279,0.18898611906967194,0.1889861190696719,-0.0,-1.2622175759999742e-14,-4.163336342344337e-17,-0.1889861190696719,6.206335383118183e-17,6.938893903907228e-17,-50.95329108084902,50.95329108084902,1.2722218725854067e-14,0.0,0.0,0.0,0.0,0.0
12.929999999998273,0.1887806375143386,0.1887806375143386,-0.0,-1.2635914585871956e-14,-4.163336342344337e-17,-0.1887806375143386,2.7755575615628914e-17,4.163336342344337e-17,-51.00380410478554,51.00380410478554,1.2722218725854067e-14,0.0,0.0,0.0,0.0,0.0
12.939999999998268,0.1885765963831574,0.18857659638315738,-0.0,-1.2649586729473338e-14,-4.163336342344337e-17,-0.18857659638315738,2.7755575615628914e-17,5.003707553108401e-17,-51.05392737882817,51.05392737882817,0.0,0.0,0.0,0.0,0.0,0.0
12.949999999998262,0.1883740082623464,0.18837400826234646,-0.0,0.0,0.0,-0.18837400826234646,0.0,5.551115123125783e-17,-51.10365867930423,51.10365867930423,0.0,0.0,0.0,0.0,0.0,0.0
12.959999999998256,0.18817288564849508,0.1881728856484951,-0.0,0.0,0.0,-0.1881728856484951,0.0,2.7755575615628914e-17,-51.15299580252616,51.15299580252616,6.3611093629270335e-15,0.0,0.0,0.0,0.0,0.0
12.969999999998251,0.18797324094779375,0.18797324094779372,-0.0,-1.692025240096201e-14,-5.551115123125783e-17,-0.18797324094779372,7.850462293418876e-17,6.206335383118183e-17,-51.20193656480494,51.20193656480494,-1.2722218725854067e-14,0.0,0.0,0.0,0.0,0.0
12.979999999998245,0.18777508647526792,0.1877750864752679,-0.0,0.0,0.0,-0.1877750864752679,2.7755575615628914e-17,2.7755575615628914e-17,-51.25047880246402,51.25047880246402,0.0,0.0,0.0,0.0,0.0,0.0
12.98999999999824,0.1875784344540188,0.18757843445401878,-0.0,-4.238966343227435e-15,-1.3877787807814457e-17,-0.18757843445401878,0.0,3.1031676915590914e-17,-51.29862037185346,51.29862037185346,0.0,0.0,0.0,0.0,0.0,0.0
12.999999999998234,0.1873832970144694,0.18738329701446937,-0.0,-1.2730142169039968e-14,-4.163336342344337e-17,-0.18738329701446937,5.551115123125783e-17,5.003707553108401e-17,-51.34635914936439,51.34635914936439,0.0,0.0,0.0,0.0,0.0,0.0
13.009999999998229,0.18718968619361623,0.1871896861936162,-0.0,-8.495539327347791e-15,-2.7755575615628914e-17,-0.1871896861936162,7.850462293418876e-17,3.925231146709438e-17,-51.393693031443846,51.393693031443846,1.2722218725854067e-14,0.0,0.0,0.0,0.0,0.0
13.019999999998223,0.18699761393428666,0.18699761393428666,-0.0,-4.2521327071333704e-15,-1.3877787807814457e-17,-0.18699761393428666,0.0,1.3877787807814457e-17,-51.44061993460992,51.44061993460992,0.0,0.0,0.0,0.0,0.0,0.0
13.029999999998218,0.18680709208440235,0.18680709208440238,-0.0,-4.25646939574769e-15,-1.3877787807814457e-17,-0.18680709208440238,6.206335383118183e-17,3.1031676915590914e-17,-51.487137795467184,51.487137795467184,6.3611093629270335e-15,0.0,0.0,0.0,0.0,0.0
13.039999999998212,0.1866181323962485,0.18661813239624853,-0.0,-1.7043117089555945e-14,-5.551115123125783e-17,-0.18661813239624853,0.0,6.206335383118183e-17,-51.533244570722346,51.533244570722346,0.0,0.0,0.0,0.0,0.0,0.0
13.049999999998207,0.18643074652574876,0.18643074652574876,-0.0,-1.2795185641592534e-14,-4.163336342344337e-17,-0.18643074652574876,2.7755575615628914e-17,4.163336342344337e-17,-51.578938237200376,51.578938237200376,-6.3611093629270335e-15,0.0,0.0,0.0,0.0,0.0
13.059999999998201,0.18624494603174618,0.18624494603174618,-0.0,-8.538633528668689e-15,-2.7755575615628914e-17,-0.18624494603174618,6.206335383118183e-17,2.7755575615628914e-17,-51.62421679186071,51.62421679186071,0.0,0.0,0.0,0.0,0.0,0.0
13.069999999998196,0.18606074237529058,0.18606074237529055,-0.0,-1.709417387493937e-14,-5.551115123125783e-17,-0.18606074237529055,2.7755575615628914e-17,6.206335383118183e-17,-51.66907825181383,51.66907825181383,6.3611093629270335e-15,0.0,0.0,0.0,0.0,0.0
13.07999999999819,0.1858781469189311,0.18587814691893106,-0.0,-8.555483079059005e-15,-2.7755575615628914e-17,-0.18587814691893106,6.206335383118183e-17,3.925231146709438e-17,-51.7135206543381,51.7135206543381,0.0,0.0,0.0,0.0,0.0,0.0
13.089999999998184,0.18569717092601554,0.18569717092601554,-0.0,-4.281910523465509e-15,-1.3877787807814457e-17,-0.18569717092601554,0.0,1.3877787807814457e-17,-51.75754205689678,51.75754205689678,-6.3611093629270335e-15,0.0,0.0,0.0,0.0,0.0
13.099999999998179,0.18551782555999569,0.18551782555999566,-0.0,-8.572099936657944e-15,-2.7755575615628914e-17,-0.18551782555999566,2.7755575615628914e-17,3.925231146709438e-17,-51.801140537155426,51.801140537155426,-6.3611093629270335e-15,0.0,0.0,0.0,0.0,0.0
13.109999999998173,0.1853401218837385,0.1853401218837385,-0.0,-4.290159423034477e-15,-1.3877787807814457e-17,-0.1853401218837385,0.0,1.3877787807814457e-17,-51.844314192999306,51.844314192999306,0.0,0.0,0.0,0.0,0.0,0.0
13.119999999998168,0.18516407085884373,0.1851640708588438,-0.0,0.0,0.0,-0.1851640708588438,6.206335383118183e-17,5.551115123125783e-17,-51.88706114255129,51.88706114255129,-1.2722218725854067e-14,0.0,0.0,0.0,0.0,0.0
13.129999999998162,0.18498968334496796,0.18498968334496796,-0.0,-8.596573127627967e-15,-2.7755575615628914e-17,-0.18498968334496796,6.206335383118183e-17,2.7755575615628914e-17,-51.929379524189685,51.929379524189685,1.2722218725854067e-14,0.0,0.0,0.0,0.0,0.0
13.139999999998157,0.1848169700991544,0.18481697009915443,-0.0,-8.604606708348122e-15,-2.7755575615628914e-17,-0.18481697009915443,1.2412670766236366e-16,3.925231146709438e-17,-51.971267496566554,51.971267496566554,-1.2722218725854067e-14,0.0,0.0,0.0,0.0,0.0
13.149999999998151,0.18464594177516963,0.18464594177516963,-0.0,-2.1531441815657762e-14,-6.938893903907228e-17,-0.18464594177516963,2.7755575615628914e-17,6.938893903907228e-17,-52.01272323862595,52.01272323862595,0.0,0.0,0.0,0.0,0.0,0.0
13.159999999998146,0.18447660892284634,0.18447660892284629,-0.0,-1.7240964586430148e-14,-5.551115123125783e-17,-0.18447660892284629,5.551115123125783e-17,7.850462293418876e-17,-52.053744949622526,52.053744949622526,0.0,0.0,0.0,0.0,0.0,0.0
13.16999999999814,0.18430898198743245,0.1843089819874324,-0.0,-8.628322524401961e-15,-2.7755575615628914e-17,-0.1843089819874324,1.1102230246251565e-16,6.206335383118183e-17,-52.09433084914027,52.09433084914027,6.3611093629270335e-15,0.0,0.0,0.0,0.0,0.0
13.179999999998135,0.18414307130894686,0.1841430713089468,-0.0,-1.2954144807846155e-14,-4.163336342344337e-17,-0.1841430713089468,2.7755575615628914e-17,6.938893903907228e-17,-52.13447917711137,52.13447917711137,-6.3611093629270335e-15,0.0,0.0,0.0,0.0,0.0
13.189999999998129,0.18397888712154187,0.1839788871215418,-0.0,-8.64380345817167e-15,-2.7755575615628914e-17,-0.1839788871215418,6.206335383118183e-17,6.206335383118183e-17,-52.17418819383519,52.17418819383519,6.3611093629270335e-15,0.0,0.0,0.0,0.0,0.0
13.199999999998123,0.18381643955287144,0.18381643955287144,-0.0,-4.325721204806451e-15,-1.3877787807814457e-17,-0.18381643955287144,6.206335383118183e-17,1.3877787807814457e-17,-52.213456179997515,52.213456179997515,6.3611093629270335e-15,0.0,0.0,0.0,0.0,0.0
13.209999999998118,0.1836557386234668,0.18365573862346685,-0.0,-8.659012523383021e-15,-2.7755575615628914e-17,-0.18365573862346685,5.551115123125783e-17,6.206335383118183e-17,-52.25228143668985,52.25228143668985,0.0,0.0,0.0,0.0,0.0,0.0
13.219999999998112,0.18349679424611828,0.18349679424611828,-0.0,0.0,0.0,-0.18349679424611828,6.206335383118183e-17,0.0,-52.29066228542879,52.29066228542879,-6.3611093629270335e-15,0.0,0.0,0.0,0.0,0.0
13.229999999998107,0.18333961622526376,0.18333961622526385,-0.0,0.0,0.0,-0.18333961622526385,2.7755575615628914e-17,8.326672684688674e-17,-52.328597068175576,52.328597068175576,-6.3611093629270335e-15,0.0,0.0,0.0,0.0,0.0
13.239999999998101,0.18318421425638393,0.18318421425638398,-0.0,-1.3021951813811959e-14,-4.163336342344337e-17,-0.18318421425638398,5.551115123125783e-17,6.938893903907228e-17,-52.366084147355785,52.366084147355785,1.2722218725854067e-14,0.0,0.0,0.0,0.0,0.0
13.249999999998096,0.18303059792540427,0.18303059792540435,-0.0,-4.344293683015474e-15,-1.3877787807814457e-17,-0.18303059792540435,5.551115123125783e-17,8.441528768080324e-17,-52.40312190587894,52.40312190587894,0.0,0.0,0.0,0.0,0.0,0.0
13.25999999999809,0.18287877670810362,0.18287877670810368,-0.0,-4.347900202958024e-15,-1.3877787807814457e-17,-0.18287877670810368,2.7755575615628914e-17,5.721958498152797e-17,-52.43970874715842,52.43970874715842,-6.3611093629270335e-15,0.0,0.0,0.0,0.0,0.0
13.269999999998085,0.18272875996952984,0.18272875996952992,-0.0,4.351469743999077e-15,1.3877787807814457e-17,-0.18272875996952992,0.0,8.441528768080324e-17,-52.475843095131225,52.475843095131225,0.0,0.0,0.0,0.0,0.0,0.0
13.27999999999808,0.182580556963422,0.182580556963422,-0.0,4.355001888427673e-15,1.3877787807814457e-17,-0.182580556963422,7.850462293418876e-17,1.3877787807814457e-17,-52.51152339427797,52.51152339427797,6.3611093629270335e-15,0.0,0.0,0.0,0.0,0.0
13.289999999998074,0.18243417683163965,0.1824341768316397,-0.0,-4.3584962213504376e-15,-1.3877787807814457e-17,-0.1824341768316397,0.0,5.721958498152797e-17,-52.54674810964284,52.54674810964284,-6.3611093629270335e-15,0.0,0.0,0.0,0.0,0.0
13.299999999998068,0.18228962860359876,0.18228962860359882,-0.0,0.0,0.0,-0.18228962860359882,0.0,5.551115123125783e-17,-52.58151572685357,52.58151572685357,-6.3611093629270335e-15,0.0,0.0,0.0,0.0,0.0
13.309999999998062,0.182146921195715,0.18214692119571496,-0.0,-1.7461479231076567e-14,-5.551115123125783e-17,-0.18214692119571496,2.7755575615628914e-17,6.206335383118183e-17,-52.61582475214147,52.61582475214147,6.3611093629270335e-15,0.0,0.0,0.0,0.0,0.0
13.319999999998057,0.18200606341085343,0.1820060634108534,-0.0,-1.3106244739291416e-14,-4.163336342344337e-17,-0.1820060634108534,0.0,5.003707553108401e-17,-52.64967371236152,52.64967371236152,-6.3611093629270335e-15,0.0,0.0,0.0,0.0,0.0
13.329999999998051,0.18186706393778573,0.18186706393778573,-0.0,-2.1860436220543082e-14,-6.938893903907228e-17,-0.18186706393778573,5.551115123125783e-17,6.938893903907228e-17,-52.68306115501238,52.68306115501238,1.2722218725854067e-14,0.0,0.0,0.0,0.0,0.0
13.339999999998046,0.18172993135065418,0.18172993135065424,-0.0,-4.375386401437809e-15,-1.3877787807814457e-17,-0.18172993135065424,6.206335383118183e-17,5.721958498152797e-17,-52.71598564825639,52.71598564825639,-6.3611093629270335e-15,0.0,0.0,0.0,0.0,0.0
13.34999999999804,0.18159467410844268,0.18159467410844266,-0.0,-1.7514581289780498e-14,-5.551115123125783e-17,-0.18159467410844266,2.7755575615628914e-17,6.206335383118183e-17,-52.74844578093968,52.74844578093968,6.3611093629270335e-15,0.0,0.0,0.0,0.0,0.0
13.359999999998035,0.18146130055445508,0.18146130055445508,-0.0,4.381863614645837e-15,1.3877787807814457e-17,-0.18146130055445508,5.551115123125783e-17,1.3877787807814457e-17,-52.780440162612095,52.780440162612095,6.3611093629270335e-15,0.0,0.0,0.0,0.0,0.0
13.36999999999803,0.18132981891580036,0.18132981891580038,-0.0,0.0,0.0,-0.18132981891580038,2.7755575615628914e-17,2.7755575615628914e-17,-52.811967423547195,52.811967423547195,-1.2722218725854067e-14,0.0,0.0,0.0,0.0,0.0
13.379999999998024,0.18120023730288543,0.18120023730288543,-0.0,0.0,0.0,-0.18120023730288543,5.551115123125783e-17,0.0,-52.84302621476211,52.84302621476211,1.2722218725854067e-14,0.0,0.0,0.0,0.0,0.0
13.389999999998018,0.18107256370891447,0.18107256370891442,-0.0,-8.782541695760322e-15,-2.7755575615628914e-17,-0.18107256370891442,0.0,6.206335383118183e-17,-52.873615208037464,52.873615208037464,1.2722218725854067e-14,0.0,0.0,0.0,0.0,0.0
13.399999999998013,0.18094680600939617,0.1809468060093962,-0.0,-4.394322773094924e-15,-1.3877787807814457e-17,-0.1809468060093962,0.0,3.1031676915590914e-17,-52.90373309593708,52.90373309593708,0.0,0.0,0.0,0.0,0.0,0.0
13.409999999998007,0.18082297196165786,0.18082297196165786,-0.0,4.397332162721462e-15,1.3877787807814457e-17,-0.18082297196165786,5.551115123125783e-17,1.3877787807814457e-17,-52.933378591827704,52.933378591827704,0.0,0.0,0.0,0.0,0.0,0.0
13.419999999998002,0.1807010692043669,0.18070106920436696,-0.0,0.0,0.0,-0.18070106920436696,6.206335383118183e-17,5.551115123125783e-17,-52.96255042989864,52.96255042989864,1.2722218725854067e-14,0.0,0.0,0.0,0.0,0.0
13.429999999997996,0.1805811052570595,0.18058110525705953,-0.0,8.806443722160069e-15,2.7755575615628914e-17,-0.18058110525705953,0.0,3.925231146709438e-17,-52.991247365181266,52.991247365181266,6.3611093629270335e-15,0.0,0.0,0.0,0.0,0.0
13.43999999999799,0.1804630875196771,0.1804630875196771,-0.0,-1.7624405772824424e-14,-5.551115123125783e-17,-0.1804630875196771,6.206335383118183e-17,5.551115123125783e-17,-53.01946817356832,53.01946817356832,-1.2722218725854067e-14,0.0,0.0,0.0,0.0,0.0
13.449999999997985,0.1803470232721096,0.1803470232721096,-0.0,-1.322681111014788e-14,-4.163336342344337e-17,-0.1803470232721096,5.551115123125783e-17,4.163336342344337e-17,-53.047211651833344,53.047211651833344,1.2722218725854067e-14,0.0,0.0,0.0,0.0,0.0
13.45999999999798,0.18023291967374652,0.18023291967374652,-0.0,-4.4117282891783634e-15,-1.3877787807814457e-17,-0.18023291967374652,6.206335383118183e-17,1.3877787807814457e-17,-53.074476617649715,53.074476617649715,6.3611093629270335e-15,0.0,0.0,0.0,0.0,0.0
13.469999999997974,0.1801207837630353,0.1801207837630353,-0.0,-4.414474852674158e-15,-1.3877787807814457e-17,-0.1801207837630353,2.7755575615628914e-17,1.3877787807814457e-17,-53.10126190960969,53.10126190960969,0.0,0.0,0.0,0.0,0.0,0.0
13.479999999997968,0.1800106224570471,0.18001062245704708,-0.0,-8.83435276777191e-15,-2.7755575615628914e-17,-0.18001062245704708,6.206335383118183e-17,3.925231146709438e-17,-53.12756638724327,53.12756638724327,-6.3611093629270335e-15,0.0,0.0,0.0,0.0,0.0
13.489999999997963,0.17990244255105017,0.1799024425510502,-0.0,-1.767933017674834e-14,-5.551115123125783e-17,-0.1799024425510502,0.0,6.206335383118183e-17,-53.15338893103689,53.15338893103689,-6.3611093629270335e-15,0.0,0.0,0.0,0.0,0.0
13.499999999997957,0.17979625071809072,0.17979625071809072,-0.0,-1.3267328999189314e-14,-4.163336342344337e-17,-0.17979625071809072,6.206335383118183e-17,4.163336342344337e-17,-53.17872844245197,53.17872844245197,-1.2722218725854067e-14,0.0,0.0,0.0,0.0,0.0
13.509999999997952,0.1796920535085812,0.1796920535085812,-0.0,8.850014843064914e-15,2.7755575615628914e-17,-0.1796920535085812,2.7755575615628914e-17,2.7755575615628914e-17,-53.20358384394319,53.20358384394319,-1.2722218725854067e-14,0.0,0.0,0.0,0.0,0.0
13.519999999997946,0.17958985734989624,0.1795898573498963,-0.0,8.855050971132567e-15,2.7755575615628914e-17,-0.1795898573498963,6.206335383118183e-17,6.206335383118183e-17,-53.2279540789768,53.2279540789768,6.3611093629270335e-15,0.0,0.0,0.0,0.0,0.0
13.52999999999794,0.1794896685459764,0.17948966854597637,-0.0,-4.429996872840645e-15,-1.3877787807814457e-17,-0.17948966854597637,7.850462293418876e-17,3.1031676915590914e-17,-53.25183811204842,53.25183811204842,-6.3611093629270335e-15,0.0,0.0,0.0,0.0,0.0
13.539999999997935,0.17939149327693898,0.17939149327693898,-0.0,-8.864842538975568e-15,-2.7755575615628914e-17,-0.17939149327693898,2.7755575615628914e-17,2.7755575615628914e-17,-53.2752349287009,53.2752349287009,6.3611093629270335e-15,0.0,0.0,0.0,0.0,0.0
13.54999999999793,0.179295337598697,0.179295337598697,-0.0,-8.869596733692842e-15,-2.7755575615628914e-17,-0.179295337598697,0.0,2.7755575615628914e-17,-53.29814353554188,53.29814353554188,-6.3611093629270335e-15,0.0,0.0,0.0,0.0,0.0
13.559999999997924,0.1792012074425857,0.17920120744258572,-0.0,-8.874255723088625e-15,-2.7755575615628914e-17,-0.17920120744258572,5.551115123125783e-17,3.925231146709438e-17,-53.32056296026104,53.32056296026104,-6.3611093629270335e-15,0.0,0.0,0.0,0.0,0.0
13.569999999997918,0.17910910861499646,0.17910910861499646,-0.0,-8.878818911159539e-15,-2.7755575615628914e-17,-0.17910910861499646,6.206335383118183e-17,2.7755575615628914e-17,-53.34249225164722,53.34249225164722,1.2722218725854067e-14,0.0,0.0,0.0,0.0,0.0
13.579999999997913,0.17901904679701874,0.17901904679701874,-0.0,-4.441642856402031e-15,-1.3877787807814457e-17,-0.17901904679701874,2.7755575615628914e-17,1.3877787807814457e-17,-53.36393047960535,53.36393047960535,1.2722218725854067e-14,0.0,0.0,0.0,0.0,0.0
13.589999999997907,0.1789310275440898,0.17893102754408985,-0.0,-1.3331483330971509e-14,-4.163336342344337e-17,-0.17893102754408985,2.7755575615628914e-17,6.938893903907228e-17,-53.38487673517287,53.38487673517287,1.2722218725854067e-14,0.0,0.0,0.0,0.0,0.0
13.599999999997902,0.17884505628565173,0.17884505628565173,-0.0,-8.891927871865598e-15,-2.7755575615628914e-17,-0.17884505628565173,0.0,2.7755575615628914e-17,-53.405330130536214,53.405330130536214,0.0,0.0,0.0,0.0,0.0,0.0
13.609999999997896,0.17876113832481666,0.17876113832481666,-0.0,-1.7792204230006148e-14,-5.551115123125783e-17,-0.17876113832481666,0.0,5.551115123125783e-17,-53.42528979904687,53.42528979904687,-6.3611093629270335e-15,0.0,0.0,0.0,0.0,0.0
13.61999999999789,0.17867927883803975,0.17867927883803975,-0.0,-4.45008887172987e-15,-1.3877787807814457e-17,-0.17867927883803975,5.551115123125783e-17,1.3877787807814457e-17,-53.444754895237125,53.444754895237125,1.2722218725854067e-14,0.0,0.0,0.0,0.0,0.0
13.629999999997885,0.17859948287479974,0.17859948287479982,-0.0,-4.4520771144857125e-15,-1.3877787807814457e-17,-0.17859948287479982,2.7755575615628914e-17,8.441528768080324e-17,-53.463724594835604,53.463724594835604,0.0,0.0,0.0,0.0,0.0,0.0
13.63999999999788,0.1785217553572875,0.17852175535728754,-0.0,-4.454015527544612e-15,-1.3877787807814457e-17,-0.17852175535728754,5.551115123125783e-17,3.1031676915590914e-17,-53.48219809478252,53.48219809478252,-6.3611093629270335e-15,0.0,0.0,0.0,0.0,0.0
13.649999999997874,0.17844610108010245,0.1784461010801025,-0.0,4.455903858661222e-15,1.3877787807814457e-17,-0.1784461010801025,5.551115123125783e-17,5.721958498152797e-17,-53.50017461324457,53.50017461324457,-6.3611093629270335e-15,0.0,0.0,0.0,0.0,0.0
13.659999999997869,0.1783725247099568,0.1783725247099568,-0.0,-1.7830967446557524e-14,-5.551115123125783e-17,-0.1783725247099568,6.206335383118183e-17,5.551115123125783e-17,-53.517653389629565,53.517653389629565,0.0,0.0,0.0,0.0,0.0,0.0
13.669999999997863,0.17830103078538756,0.17830103078538756,-0.0,0.0,0.0,-0.17830103078538756,0.0,0.0,-53.534633684600784,53.534633684600784,0.0,0.0,0.0,0.0,0.0,0.0
13.679999999997857,0.17823162371647683,0.17823162371647686,-0.0,-4.46126592905169e-15,-1.3877787807814457e-17,-0.17823162371647686,5.551115123125783e-17,3.1031676915590914e-17,-53.55111478009091,53.55111478009091,0.0,0.0,0.0,0.0,0.0,0.0
13.689999999997852,0.1781643077845795,0.17816430778457948,-0.0,0.0,0.0,-0.17816430778457948,6.206335383118183e-17,2.7755575615628914e-17,-53.56709597931574,53.56709597931574,1.2722218725854067e-14,0.0,0.0,0.0,0.0,0.0
13.699999999997846,0.17809908714205938,0.1780990871420594,-0.0,-1.3393757651295138e-14,-4.163336342344337e-17,-0.1780990871420594,2.7755575615628914e-17,5.003707553108401e-17,-53.58257660678747,53.58257660678747,6.3611093629270335e-15,0.0,0.0,0.0,0.0,0.0
13.70999999999784,0.17803596581203293,0.1780359658120329,-0.0,-1.3398506308641682e-14,-4.163336342344337e-17,-0.1780359658120329,5.551115123125783e-17,5.003707553108401e-17,-53.59755600832773,53.59755600832773,1.2722218725854067e-14,0.0,0.0,0.0,0.0,0.0
13.719999999997835,0.17797494768812108,0.1779749476881211,-0.0,-4.467699980781905e-15,-1.3877787807814457e-17,-0.1779749476881211,5.551115123125783e-17,3.1031676915590914e-17,-53.612033551080216,53.612033551080216,-1.2722218725854067e-14,0.0,0.0,0.0,0.0,0.0
13.72999999999783,0.17791603653420912,0.17791603653420918,-0.0,-4.46917931545194e-15,-1.3877787807814457e-17,-0.17791603653420918,0.0,5.721958498152797e-17,-53.626008623523,53.626008623523,0.0,0.0,0.0,0.0,0.0,0.0
13.739999999997824,0.17785923598421458,0.17785923598421466,-0.0,0.0,0.0,-0.17785923598421466,1.1443916996305594e-16,8.326672684688674e-17,-53.63948063548041,53.63948063548041,1.2722218725854067e-14,0.0,0.0,0.0,0.0,0.0
13.749999999997819,0.1778045495418629,0.17780454954186292,-0.0,-1.341594473956926e-14,-4.163336342344337e-17,-0.17780454954186292,2.7755575615628914e-17,5.003707553108401e-17,-53.652449018134696,53.652449018134696,0.0,0.0,0.0,0.0,0.0,0.0
13.759999999997813,0.17775198058047142,0.17775198058047145,-0.0,-4.4733041385488584e-15,-1.3877787807814457e-17,-0.17775198058047145,2.7755575615628914e-17,3.1031676915590914e-17,-53.66491322403713,53.66491322403713,6.3611093629270335e-15,0.0,0.0,0.0,0.0,0.0
13.769999999997808,0.17770153234274133,0.17770153234274133,-0.0,-4.474574078698757e-15,-1.3877787807814457e-17,-0.17770153234274133,6.206335383118183e-17,1.3877787807814457e-17,-53.676872727118905,53.676872727118905,6.3611093629270335e-15,0.0,0.0,0.0,0.0,0.0
13.779999999997802,0.17765320794055756,0.1776532079405575,-0.0,-1.7903164926398207e-14,-5.551115123125783e-17,-0.1776532079405575,2.7755575615628914e-17,7.850462293418876e-17,-53.68832702270155,53.68832702270155,0.0,0.0,0.0,0.0,0.0,0.0
13.789999999997796,0.17760701035479687,0.1776070103547969,-0.0,-1.343086630607884e-14,-4.163336342344337e-17,-0.1776070103547969,0.0,5.003707553108401e-17,-53.699275627506964,53.699275627506964,1.2722218725854067e-14,0.0,0.0,0.0,0.0,0.0
13.799999999997791,0.17756294243514392,0.17756294243514398,-0.0,-8.956133069897834e-15,-2.7755575615628914e-17,-0.17756294243514398,6.206335383118183e-17,6.206335383118183e-17,-53.709718079667155,53.709718079667155,1.2722218725854067e-14,0.0,0.0,0.0,0.0,0.0
13.809999999997785,0.17752100689991565,0.17752100689991568,-0.0,-4.479124382243783e-15,-1.3877787807814457e-17,-0.17752100689991568,7.850462293418876e-17,3.1031676915590914e-17,-53.719653938733416,53.719653938733416,1.2722218725854067e-14,0.0,0.0,0.0,0.0,0.0
13.81999999999778,0.17748120633589334,0.17748120633589332,-0.0,-1.344038650820922e-14,-4.163336342344337e-17,-0.17748120633589332,1.1102230246251565e-16,5.003707553108401e-17,-53.729082785685286,53.729082785685286,1.2722218725854067e-14,0.0,0.0,0.0,0.0,0.0
13.829999999997774,0.17744354319816327,0.1774435431981633,-0.0,-1.3443239286727276e-14,-4.163336342344337e-17,-0.1774435431981633,1.1443916996305594e-16,5.003707553108401e-17,-53.73800422293895,53.73800422293895,6.3611093629270335e-15,0.0,0.0,0.0,0.0,0.0
13.839999999997769,0.1774080198099652,0.17740801980996523,-0.0,-8.96395406721309e-15,-2.7755575615628914e-17,-0.17740801980996523,7.850462293418876e-17,3.925231146709438e-17,-53.74641787435533,53.74641787435533,-1.2722218725854067e-14,0.0,0.0,0.0,0.0,0.0
13.849999999997763,0.17737463836254908,0.17737463836254908,-0.0,-1.793128212029133e-14,-5.551115123125783e-17,-0.17737463836254908,2.7755575615628914e-17,5.551115123125783e-17,-53.754323385247694,53.754323385247694,6.3611093629270335e-15,0.0,0.0,0.0,0.0,0.0
13.859999999997758,0.17734340091503972,0.17734340091503978,-0.0,8.967220277306036e-15,2.7755575615628914e-17,-0.17734340091503978,5.551115123125783e-17,6.206335383118183e-17,-53.761720422388976,53.761720422388976,6.3611093629270335e-15,0.0,0.0,0.0,0.0,0.0
13.869999999997752,0.17731430939431012,0.1773143093943102,-0.0,-4.484345753492776e-15,-1.3877787807814457e-17,-0.1773143093943102,2.7755575615628914e-17,8.441528768080324e-17,-53.768608674018445,53.768608674018445,0.0,0.0,0.0,0.0,0.0,0.0
13.879999999997747,0.1772873655948623,0.1772873655948623,-0.0,-8.970054551805262e-15,-2.7755575615628914e-17,-0.1772873655948623,6.206335383118183e-17,2.7755575615628914e-17,-53.77498784984819,53.77498784984819,6.3611093629270335e-15,0.0,0.0,0.0,0.0,0.0
13.889999999997741,0.17726257117871666,0.1772625711787167,-0.0,-8.971309228773602e-15,-2.7755575615628914e-17,-0.1772625711787167,0.0,3.925231146709438e-17,-53.78085768106906,53.78085768106906,6.3611093629270335e-15,0.0,0.0,0.0,0.0,0.0
13.899999999997736,0.17723992767530966,0.17723992767530963,-0.0,-1.3458683054009943e-14,-4.163336342344337e-17,-0.17723992767530963,0.0,5.003707553108401e-17,-53.78621792035614,53.78621792035614,-6.3611093629270335e-15,0.0,0.0,0.0,0.0,0.0
13.90999999999773,0.1772194364813992,0.1772194364813992,-0.0,-4.4867464097220295e-15,-1.3877787807814457e-17,-0.1772194364813992,6.206335383118183e-17,1.3877787807814457e-17,-53.791068341873924,53.791068341873924,-6.3611093629270335e-15,0.0,0.0,0.0,0.0,0.0
13.919999999997724,0.17720109886097868,0.17720109886097868,-0.0,-1.794884287912226e-14,-5.551115123125783e-17,-0.17720109886097868,6.206335383118183e-17,5.551115123125783e-17,-53.79540874128091,53.79540874128091,0.0,0.0,0.0,0.0,0.0,0.0
13.929999999997719,0.17718491594519886,0.17718491594519895,-0.0,-8.97524110474286e-15,-2.7755575615628914e-17,-0.17718491594519895,6.206335383118183e-17,8.777083671441753e-17,-53.799238935733875,53.799238935733875,-6.3611093629270335e-15,0.0,0.0,0.0,0.0,0.0
13.939999999997713,0.17717088873229828,0.1771708887322983,-0.0,-8.97595170465412e-15,-2.7755575615628914e-17,-0.1771708887322983,5.551115123125783e-17,3.925231146709438e-17,-53.80255876389162,53.80255876389162,1.2722218725854067e-14,0.0,0.0,0.0,0.0,0.0
13.949999999997708,0.17715901808754142,0.17715901808754148,-0.0,0.0,0.0,-0.17715901808754148,0.0,5.551115123125783e-17,-53.805368085918325,53.805368085918325,0.0,0.0,0.0,0.0,0.0,0.0
13.959999999997702,0.17714930474316565,0.17714930474316565,-0.0,4.488522670290385e-15,1.3877787807814457e-17,-0.17714930474316565,0.0,1.3877787807814457e-17,-53.807666783486454,53.807666783486454,6.3611093629270335e-15,0.0,0.0,0.0,0.0,0.0
13.969999999997697,0.17714174929833573,0.17714174929833576,-0.0,-8.97742822926215e-15,-2.7755575615628914e-17,-0.17714174929833576,5.551115123125783e-17,3.925231146709438e-17,-53.80945475977924,53.80945475977924,-6.3611093629270335e-15,0.0,0.0,0.0,0.0,0.0
13.979999999997691,0.17713635221910712,0.1771363522191071,-0.0,-8.9777017580484e-15,-2.7755575615628914e-17,-0.1771363522191071,5.551115123125783e-17,3.925231146709438e-17,-53.810731939492634,53.810731939492634,-6.3611093629270335e-15,0.0,0.0,0.0,0.0,0.0
13.989999999997686,0.1771331138383971,0.17713311383839708,-0.0,-8.977865890070717e-15,-2.7755575615628914e-17,-0.17713311383839708,0.0,3.925231146709438e-17,-53.811498268836914,53.811498268836914,-1.2722218725854067e-14,0.0,0.0,0.0,0.0,0.0
13.99999999999768,0.17713203435596425,0.17713203435596425,-0.0,-8.977920603203481e-15,-2.7755575615628914e-17,-0.17713203435596425,0.0,2.7755575615628914e-17,-53.811753715537805,53.811753715537805,0.0,0.0,0.0,0.0,0.0,0.0
14.009999999997675,0.1771331138383961,0.17713311383839603,-0.0,-8.977865890070771e-15,-2.7755575615628914e-17,-0.17713311383839603,0.0,8.777083671441753e-17,-53.81149826883715,53.81149826883715,6.3611093629270335e-15,0.0,0.0,0.0,0.0,0.0
14.019999999997669,0.17713635221910512,0.17713635221910518,-0.0,-8.977701758048497e-15,-2.7755575615628914e-17,-0.17713635221910518,2.7755575615628914e-17,6.206335383118183e-17,-53.8107319394931,53.8107319394931,6.3611093629270335e-15,0.0,0.0,0.0,0.0,0.0
14.029999999997663,0.1771417492983327,0.17714174929833276,-0.0,-8.977428229262304e-15,-2.7755575615628914e-17,-0.17714174929833276,2.7755575615628914e-17,6.206335383118183e-17,-53.80945475977995,53.80945475977995,0.0,0.0,0.0,0.0,0.0,0.0
14.039999999997658,0.17714930474316162,0.17714930474316165,-0.0,-4.488522670290487e-15,-1.3877787807814457e-17,-0.17714930474316165,0.0,3.1031676915590914e-17,-53.807666783487406,53.807666783487406,-6.3611093629270335e-15,0.0,0.0,0.0,0.0,0.0
14.049999999997652,0.17715901808753642,0.17715901808753648,-0.0,-4.488276571802804e-15,-1.3877787807814457e-17,-0.17715901808753648,6.206335383118183e-17,5.721958498152797e-17,-53.80536808591951,53.80536808591951,1.2722218725854067e-14,0.0,0.0,0.0,0.0,0.0
14.059999999997647,0.17717088873229225,0.17717088873229225,-0.0,-2.2439879261636066e-14,-6.938893903907228e-17,-0.17717088873229225,5.551115123125783e-17,6.938893903907228e-17,-53.80255876389304,53.80255876389304,1.2722218725854067e-14,0.0,0.0,0.0,0.0,0.0
14.069999999997641,0.17718491594519187,0.17718491594519198,-0.0,4.487620552371607e-15,1.3877787807814457e-17,-0.17718491594519198,5.551115123125783e-17,1.1188630228279524e-16,-53.79923893573553,53.79923893573553,-6.3611093629270335e-15,0.0,0.0,0.0,0.0,0.0
14.079999999997636,0.17720109886097066,0.17720109886097063,-0.0,-1.3461632159342308e-14,-4.163336342344337e-17,-0.17720109886097063,6.206335383118183e-17,5.003707553108401e-17,-53.79540874128281,53.79540874128281,6.3611093629270335e-15,0.0,0.0,0.0,0.0,0.0
14.08999999999763,0.17721943648139019,0.17721943648139016,-0.0,-8.973492819444518e-15,-2.7755575615628914e-17,-0.17721943648139016,6.206335383118183e-17,3.925231146709438e-17,-53.791068341876056,53.791068341876056,0.0,0.0,0.0,0.0,0.0,0.0
14.099999999997625,0.17723992767529967,0.17723992767529964,-0.0,-1.3458683054010702e-14,-4.163336342344337e-17,-0.17723992767529964,0.0,5.003707553108401e-17,-53.7862179203585,53.7862179203585,-6.3611093629270335e-15,0.0,0.0,0.0,0.0,0.0
14.10999999999762,0.17726257117870564,0.17726257117870553,-0.0,-1.7942618457548333e-14,-5.551115123125783e-17,-0.17726257117870553,1.1102230246251565e-16,1.2412670766236366e-16,-53.78085768107167,53.78085768107167,1.2722218725854067e-14,0.0,0.0,0.0,0.0,0.0
14.119999999997614,0.17728736559485028,0.1772873655948503,-0.0,-4.485027275902935e-15,-1.3877787807814457e-17,-0.1772873655948503,6.206335383118183e-17,3.1031676915590914e-17,-53.77498784985103,53.77498784985103,1.2722218725854067e-14,0.0,0.0,0.0,0.0,0.0
14.129999999997608,0.17731430939429713,0.17731430939429715,-0.0,-1.3453037260479318e-14,-4.163336342344337e-17,-0.17731430939429715,0.0,5.003707553108401e-17,-53.76860867402153,53.76860867402153,0.0,0.0,0.0,0.0,0.0,0.0
14.139999999997602,0.17734340091502573,0.17734340091502565,-0.0,-4.483610138653375e-15,-1.3877787807814457e-17,-0.17734340091502565,2.7755575615628914e-17,8.441528768080324e-17,-53.76172042239229,53.76172042239229,0.0,0.0,0.0,0.0,0.0,0.0
14.149999999997597,0.17737463836253406,0.1773746383625341,-0.0,-2.2414102650366057e-14,-6.938893903907228e-17,-0.1773746383625341,0.0,7.473417450352271e-17,-53.754323385251254,53.754323385251254,6.3611093629270335e-15,0.0,0.0,0.0,0.0,0.0
14.159999999997591,0.17740801980994922,0.17740801980994914,-0.0,-1.3445931100820855e-14,-4.163336342344337e-17,-0.17740801980994914,2.7755575615628914e-17,9.309503074677274e-17,-53.74641787435911,53.74641787435911,-6.3611093629270335e-15,0.0,0.0,0.0,0.0,0.0
14.169999999997586,0.17744354319814631,0.17744354319814631,-0.0,-1.3443239286728565e-14,-4.163336342344337e-17,-0.17744354319814631,0.0,4.163336342344337e-17,-53.73800422294296,53.73800422294296,-1.2722218725854067e-14,0.0,0.0,0.0,0.0,0.0
14.17999999999758,0.17748120633587536,0.17748120633587536,-0.0,-1.792051534428078e-14,-5.551115123125783e-17,-0.17748120633587536,6.206335383118183e-17,5.551115123125783e-17,-53.72908278568955,53.72908278568955,0.0,0.0,0.0,0.0,0.0,0.0
14.189999999997575,0.17752100689989667,0.1775210068998967,-0.0,-4.479124382244262e-15,-1.3877787807814457e-17,-0.1775210068998967,5.551115123125783e-17,3.1031676915590914e-17,-53.71965393873791,53.71965393873791,-6.3611093629270335e-15,0.0,0.0,0.0,0.0,0.0
14.19999999999757,0.177562942435124,0.177562942435124,-0.0,0.0,0.0,-0.177562942435124,2.7755575615628914e-17,0.0,-53.70971807967187,53.70971807967187,0.0,0.0,0.0,0.0,0.0,0.0
14.209999999997564,0.1776070103547759,0.17760701035477586,-0.0,-8.953910870720289e-15,-2.7755575615628914e-17,-0.17760701035477586,5.551115123125783e-17,6.206335383118183e-17,-53.69927562751194,53.69927562751194,0.0,0.0,0.0,0.0,0.0,0.0
14.219999999997558,0.17765320794053563,0.17765320794053563,-0.0,-4.4757912316001025e-15,-1.3877787807814457e-17,-0.17765320794053563,0.0,1.3877787807814457e-17,-53.68832702270675,53.68832702270675,1.2722218725854067e-14,0.0,0.0,0.0,0.0,0.0
14.229999999997553,0.1777015323427184,0.17770153234271846,-0.0,-4.474574078699333e-15,-1.3877787807814457e-17,-0.17770153234271846,5.551115123125783e-17,5.721958498152797e-17,-53.67687272712434,53.67687272712434,-6.3611093629270335e-15,0.0,0.0,0.0,0.0,0.0
14.239999999997547,0.1777519805804475,0.17775198058044756,-0.0,-4.4733041385494595e-15,-1.3877787807814457e-17,-0.17775198058044756,5.551115123125783e-17,5.721958498152797e-17,-53.6649132240428,53.6649132240428,6.3611093629270335e-15,0.0,0.0,0.0,0.0,0.0
14.249999999997542,0.177804549541838,0.177804549541838,-0.0,-4.471981579857046e-15,-1.3877787807814457e-17,-0.177804549541838,5.551115123125783e-17,1.3877787807814457e-17,-53.6524490181406,53.6524490181406,-6.3611093629270335e-15,0.0,0.0,0.0,0.0,0.0
14.259999999997536,0.1778592359841887,0.17785923598418873,-0.0,-2.2353032890475398e-14,-6.938893903907228e-17,-0.17785923598418873,2.7755575615628914e-17,7.473417450352271e-17,-53.63948063548655,53.63948063548655,6.3611093629270335e-15,0.0,0.0,0.0,0.0,0.0
14.26999999999753,0.17791603653418228,0.1779160365341823,-0.0,0.0,0.0,-0.1779160365341823,2.7755575615628914e-17,2.7755575615628914e-17,-53.62600862352937,53.62600862352937,-6.3611093629270335e-15,0.0,0.0,0.0,0.0,0.0
14.279999999997525,0.17797494768809324,0.17797494768809322,-0.0,-4.467699980782605e-15,-1.3877787807814457e-17,-0.17797494768809322,7.850462293418876e-17,3.1031676915590914e-17,-53.612033551086824,53.612033551086824,-6.3611093629270335e-15,0.0,0.0,0.0,0.0,0.0
14.28999999999752,0.17803596581200412,0.1780359658120041,-0.0,-8.9323375390959e-15,-2.7755575615628914e-17,-0.1780359658120041,6.206335383118183e-17,3.925231146709438e-17,-53.597556008334564,53.597556008334564,-6.3611093629270335e-15,0.0,0.0,0.0,0.0,0.0
14.299999999997514,0.1780990871420296,0.1780990871420296,-0.0,-4.464585883765793e-15,-1.3877787807814457e-17,-0.1780990871420296,6.206335383118183e-17,1.3877787807814457e-17,-53.58257660679454,53.58257660679454,1.2722218725854067e-14,0.0,0.0,0.0,0.0,0.0
14.309999999997508,0.17816430778454875,0.17816430778454873,-0.0,-1.785180612780036e-14,-5.551115123125783e-17,-0.17816430778454873,5.551115123125783e-17,6.206335383118183e-17,-53.567095979323035,53.567095979323035,-6.3611093629270335e-15,0.0,0.0,0.0,0.0,0.0
14.319999999997503,0.1782316237164451,0.17823162371644508,-0.0,-1.3383797787157455e-14,-4.163336342344337e-17,-0.17823162371644508,0.0,5.003707553108401e-17,-53.551114780098445,53.551114780098445,0.0,0.0,0.0,0.0,0.0,0.0
14.329999999997497,0.17830103078535486,0.17830103078535492,-0.0,-8.919058592803036e-15,-2.7755575615628914e-17,-0.17830103078535492,2.7755575615628914e-17,6.206335383118183e-17,-53.53463368460854,53.53463368460854,0.0,0.0,0.0,0.0,0.0,0.0
14.339999999997492,0.1783725247099231,0.17837252470992307,-0.0,-8.915483723280447e-15,-2.7755575615628914e-17,-0.17837252470992307,1.1443916996305594e-16,3.925231146709438e-17,-53.517653389637566,53.517653389637566,1.2722218725854067e-14,0.0,0.0,0.0,0.0,0.0
14.349999999997486,0.17844610108006784,0.1784461010800678,-0.0,0.0,0.0,-0.1784461010800678,0.0,2.7755575615628914e-17,-53.50017461325279,53.50017461325279,-6.3611093629270335e-15,0.0,0.0,0.0,0.0,0.0
14.35999999999748,0.17852175535725193,0.17852175535725195,-0.0,-4.4540155275455e-15,-1.3877787807814457e-17,-0.17852175535725195,1.1102230246251565e-16,3.1031676915590914e-17,-53.48219809479097,53.48219809479097,1.2722218725854067e-14,0.0,0.0,0.0,0.0,0.0
14.369999999997475,0.17859948287476318,0.17859948287476324,-0.0,0.0,0.0,-0.17859948287476324,6.206335383118183e-17,5.551115123125783e-17,-53.4637245948443,53.4637245948443,6.3611093629270335e-15,0.0,0.0,0.0,0.0,0.0
14.37999999999747,0.17867927883800225,0.17867927883800233,-0.0,4.4500888717308025e-15,1.3877787807814457e-17,-0.17867927883800233,5.551115123125783e-17,8.441528768080324e-17,-53.44475489524605,53.44475489524605,0.0,0.0,0.0,0.0,0.0,0.0
14.389999999997464,0.1787611383247782,0.17876113832477827,-0.0,0.0,0.0,-0.17876113832477827,2.7755575615628914e-17,8.326672684688674e-17,-53.425289799056024,53.425289799056024,6.3611093629270335e-15,0.0,0.0,0.0,0.0,0.0
14.399999999997458,0.17884505628561229,0.17884505628561229,-0.0,-8.891927871867561e-15,-2.7755575615628914e-17,-0.17884505628561229,6.206335383118183e-17,2.7755575615628914e-17,-53.4053301305456,53.4053301305456,6.3611093629270335e-15,0.0,0.0,0.0,0.0,0.0
14.409999999997453,0.17893102754404944,0.1789310275440495,-0.0,-2.2219138884957523e-14,-6.938893903907228e-17,-0.1789310275440495,5.551115123125783e-17,8.886119947416683e-17,-53.384876735182466,53.384876735182466,6.3611093629270335e-15,0.0,0.0,0.0,0.0,0.0
14.419999999997447,0.17901904679697744,0.17901904679697744,-0.0,-1.7766571425612223e-14,-5.551115123125783e-17,-0.17901904679697744,2.7755575615628914e-17,5.551115123125783e-17,-53.363930479615185,53.363930479615185,0.0,0.0,0.0,0.0,0.0,0.0
14.429999999997442,0.17910910861495416,0.17910910861495416,-0.0,8.878818911161636e-15,2.7755575615628914e-17,-0.17910910861495416,5.551115123125783e-17,2.7755575615628914e-17,-53.342492251657305,53.342492251657305,1.2722218725854067e-14,0.0,0.0,0.0,0.0,0.0
14.439999999997436,0.17920120744254248,0.17920120744254248,-0.0,4.437127861545383e-15,1.3877787807814457e-17,-0.17920120744254248,1.1102230246251565e-16,1.3877787807814457e-17,-53.320562960271324,53.320562960271324,-1.2722218725854067e-14,0.0,0.0,0.0,0.0,0.0
14.44999999999743,0.17929533759865285,0.17929533759865285,-0.0,-1.773919346739005e-14,-5.551115123125783e-17,-0.17929533759865285,5.551115123125783e-17,5.551115123125783e-17,-53.29814353555239,53.29814353555239,-6.3611093629270335e-15,0.0,0.0,0.0,0.0,0.0
14.459999999997425,0.17939149327689385,0.1793914932768939,-0.0,0.0,0.0,-0.1793914932768939,5.551115123125783e-17,5.551115123125783e-17,-53.27523492871165,53.27523492871165,-6.3611093629270335e-15,0.0,0.0,0.0,0.0,0.0
14.46999999999742,0.17948966854593038,0.17948966854593038,-0.0,-4.42999687284178e-15,-1.3877787807814457e-17,-0.17948966854593038,5.551115123125783e-17,1.3877787807814457e-17,-53.25183811205938,53.25183811205938,-6.3611093629270335e-15,0.0,0.0,0.0,0.0,0.0
14.479999999997414,0.17958985734984928,0.17958985734984928,-0.0,-8.855050971134884e-15,-2.7755575615628914e-17,-0.17958985734984928,5.551115123125783e-17,2.7755575615628914e-17,-53.227954078988,53.227954078988,6.3611093629270335e-15,0.0,0.0,0.0,0.0,0.0
14.489999999997409,0.17969205350853326,0.17969205350853334,-0.0,0.0,0.0,-0.17969205350853334,6.206335383118183e-17,8.326672684688674e-17,-53.203583843954625,53.203583843954625,6.3611093629270335e-15,0.0,0.0,0.0,0.0,0.0
14.499999999997403,0.1797962507180419,0.17979625071804184,-0.0,-1.7689771998923894e-14,-5.551115123125783e-17,-0.17979625071804184,6.206335383118183e-17,7.850462293418876e-17,-53.17872844246361,53.17872844246361,0.0,0.0,0.0,0.0,0.0,0.0
14.509999999997397,0.17990244255100044,0.17990244255100052,-0.0,-1.3259497632564919e-14,-4.163336342344337e-17,-0.17990244255100052,6.206335383118183e-17,9.309503074677274e-17,-53.153388931048774,53.153388931048774,0.0,0.0,0.0,0.0,0.0,0.0
14.519999999997392,0.18001062245699642,0.18001062245699645,-0.0,-8.834352767774395e-15,-2.7755575615628914e-17,-0.18001062245699645,0.0,3.925231146709438e-17,-53.12756638725537,53.12756638725537,6.3611093629270335e-15,0.0,0.0,0.0,0.0,0.0
14.529999999997386,0.1801207837629837,0.18012078376298374,-0.0,-8.828949705350845e-15,-2.7755575615628914e-17,-0.18012078376298374,2.7755575615628914e-17,3.925231146709438e-17,-53.10126190962201,53.10126190962201,-6.3611093629270335e-15,0.0,0.0,0.0,0.0,0.0
14.53999999999738,0.18023291967369404,0.1802329196736941,-0.0,-8.823456578359294e-15,-2.7755575615628914e-17,-0.1802329196736941,0.0,6.206335383118183e-17,-53.07447661766225,53.07447661766225,-1.2722218725854067e-14,0.0,0.0,0.0,0.0,0.0
14.549999999997375,0.18034702327205618,0.1803470232720562,-0.0,-4.408937036717266e-15,-1.3877787807814457e-17,-0.1803470232720562,5.551115123125783e-17,3.1031676915590914e-17,-53.04721165184611,53.04721165184611,-6.3611093629270335e-15,0.0,0.0,0.0,0.0,0.0
14.55999999999737,0.18046308751962276,0.18046308751962278,-0.0,-8.812202886414866e-15,-2.7755575615628914e-17,-0.18046308751962278,1.1443916996305594e-16,3.925231146709438e-17,-53.01946817358131,53.01946817358131,0.0,0.0,0.0,0.0,0.0,0.0
14.569999999997364,0.18058110525700427,0.18058110525700427,-0.0,-4.403221861081382e-15,-1.3877787807814457e-17,-0.18058110525700427,5.551115123125783e-17,1.3877787807814457e-17,-52.99124736519447,52.99124736519447,6.3611093629270335e-15,0.0,0.0,0.0,0.0,0.0
14.579999999997359,0.18070106920431075,0.18070106920431073,-0.0,-8.80059729438403e-15,-2.7755575615628914e-17,-0.18070106920431073,2.7755575615628914e-17,3.925231146709438e-17,-52.96255042991208,52.96255042991208,6.3611093629270335e-15,0.0,0.0,0.0,0.0,0.0
14.589999999997353,0.18082297196160083,0.18082297196160085,-0.0,-1.758932865089139e-14,-5.551115123125783e-17,-0.18082297196160085,6.206335383118183e-17,6.206335383118183e-17,-52.933378591841354,52.933378591841354,1.2722218725854067e-14,0.0,0.0,0.0,0.0,0.0
14.599999999997348,0.18094680600933827,0.18094680600933827,-0.0,-8.788645546192661e-15,-2.7755575615628914e-17,-0.18094680600933827,0.0,2.7755575615628914e-17,-52.90373309595094,52.90373309595094,0.0,0.0,0.0,0.0,0.0,0.0
14.609999999997342,0.18107256370885566,0.18107256370885566,-0.0,-4.3912708478815865e-15,-1.3877787807814457e-17,-0.18107256370885566,5.551115123125783e-17,1.3877787807814457e-17,-52.87361520805155,52.87361520805155,0.0,0.0,0.0,0.0,0.0,0.0
14.619999999997336,0.1812002373028257,0.18120023730282575,-0.0,-4.388176760701622e-15,-1.3877787807814457e-17,-0.18120023730282575,5.551115123125783e-17,5.721958498152797e-17,-52.84302621477642,52.84302621477642,0.0,0.0,0.0,0.0,0.0,0.0
14.629999999997331,0.1813298189157398,0.1813298189157398,-0.0,-8.770081778280092e-15,-2.7755575615628914e-17,-0.1813298189157398,1.1443916996305594e-16,2.7755575615628914e-17,-52.81196742356172,52.81196742356172,1.2722218725854067e-14,0.0,0.0,0.0,0.0,0.0
14.639999999997325,0.1814613005543936,0.18146130055439358,-0.0,0.0,0.0,-0.18146130055439358,2.7755575615628914e-17,2.7755575615628914e-17,-52.78044016262684,52.78044016262684,-6.3611093629270335e-15,0.0,0.0,0.0,0.0,0.0
14.64999999999732,0.18159467410838034,0.18159467410838032,-0.0,-8.757290644893256e-15,-2.7755575615628914e-17,-0.18159467410838032,0.0,3.925231146709438e-17,-52.74844578095463,52.74844578095463,-6.3611093629270335e-15,0.0,0.0,0.0,0.0,0.0
14.659999999997314,0.18172993135059098,0.18172993135059096,-0.0,0.0,0.0,-0.18172993135059096,2.7755575615628914e-17,2.7755575615628914e-17,-52.71598564827156,52.71598564827156,-1.2722218725854067e-14,0.0,0.0,0.0,0.0,0.0
14.669999999997309,0.18186706393772167,0.18186706393772173,-0.0,-8.744174488220311e-15,-2.7755575615628914e-17,-0.18186706393772173,6.206335383118183e-17,6.206335383118183e-17,-52.68306115502776,52.68306115502776,6.3611093629270335e-15,0.0,0.0,0.0,0.0,0.0
14.679999999997303,0.18200606341078848,0.1820060634107885,-0.0,-4.36874824643203e-15,-1.3877787807814457e-17,-0.1820060634107885,6.206335383118183e-17,3.1031676915590914e-17,-52.64967371237712,52.64967371237712,-1.2722218725854067e-14,0.0,0.0,0.0,0.0,0.0
14.689999999997298,0.1821469211956492,0.18214692119564924,-0.0,-8.730739615541433e-15,-2.7755575615628914e-17,-0.18214692119564924,5.551115123125783e-17,3.925231146709438e-17,-52.61582475215728,52.61582475215728,-6.3611093629270335e-15,0.0,0.0,0.0,0.0,0.0
14.699999999997292,0.18228962860353212,0.1822896286035321,-0.0,-1.7447809323156905e-14,-5.551115123125783e-17,-0.1822896286035321,5.551115123125783e-17,6.206335383118183e-17,-52.5815157268696,52.5815157268696,-6.3611093629270335e-15,0.0,0.0,0.0,0.0,0.0
14.709999999997287,0.18243417683157215,0.1824341768315722,-0.0,-8.7169924427041e-15,-2.7755575615628914e-17,-0.1824341768315722,2.7755575615628914e-17,6.206335383118183e-17,-52.54674810965907,52.54674810965907,-6.3611093629270335e-15,0.0,0.0,0.0,0.0,0.0
14.719999999997281,0.18258055696335368,0.18258055696335368,-0.0,-8.710003776858605e-15,-2.7755575615628914e-17,-0.18258055696335368,5.551115123125783e-17,2.7755575615628914e-17,-52.51152339429442,52.51152339429442,-6.3611093629270335e-15,0.0,0.0,0.0,0.0,0.0
14.729999999997275,0.18272875996946064,0.18272875996946064,-0.0,0.0,0.0,-0.18272875996946064,5.551115123125783e-17,0.0,-52.47584309514789,52.47584309514789,0.0,0.0,0.0,0.0,0.0,0.0
14.73999999999727,0.18287877670803357,0.1828787767080336,-0.0,-4.3479002029596904e-15,-1.3877787807814457e-17,-0.1828787767080336,5.551115123125783e-17,3.1031676915590914e-17,-52.439708747175295,52.439708747175295,1.2722218725854067e-14,0.0,0.0,0.0,0.0,0.0
14.749999999997264,0.18303059792533338,0.18303059792533338,-0.0,-1.3032881049051475e-14,-4.163336342344337e-17,-0.18303059792533338,2.7755575615628914e-17,4.163336342344337e-17,-52.40312190589603,52.40312190589603,-1.2722218725854067e-14,0.0,0.0,0.0,0.0,0.0
14.759999999997259,0.18318421425631223,0.1831842142563122,-0.0,0.0,0.0,-0.1831842142563122,8.326672684688674e-17,2.7755575615628914e-17,-52.36608414737308,52.36608414737308,-6.3611093629270335e-15,0.0,0.0,0.0,0.0,0.0
14.769999999997253,0.1833396162251912,0.18333961622519124,-0.0,-4.336971390783492e-15,-1.3877787807814457e-17,-0.18333961622519124,7.850462293418876e-17,3.1031676915590914e-17,-52.32859706819308,52.32859706819308,-6.3611093629270335e-15,0.0,0.0,0.0,0.0,0.0
14.779999999997248,0.18349679424604493,0.18349679424604498,-0.0,-8.666512934277241e-15,-2.7755575615628914e-17,-0.18349679424604498,5.551115123125783e-17,6.206335383118183e-17,-52.29066228544649,52.29066228544649,0.0,0.0,0.0,0.0,0.0,0.0
14.789999999997242,0.18365573862339263,0.18365573862339263,-0.0,-1.731802504677304e-14,-5.551115123125783e-17,-0.18365573862339263,0.0,5.551115123125783e-17,-52.25228143670776,52.25228143670776,-6.3611093629270335e-15,0.0,0.0,0.0,0.0,0.0
14.799999999997237,0.18381643955279642,0.1838164395527965,-0.0,-4.325721204808214e-15,-1.3877787807814457e-17,-0.1838164395527965,5.551115123125783e-17,8.441528768080324e-17,-52.21345618001564,52.21345618001564,0.0,0.0,0.0,0.0,0.0,0.0
14.809999999997231,0.1839788871214661,0.1839788871214661,-0.0,0.0,0.0,-0.1839788871214661,6.206335383118183e-17,0.0,-52.17418819385351,52.17418819385351,6.3611093629270335e-15,0.0,0.0,0.0,0.0,0.0
14.819999999997226,0.18414307130887028,0.1841430713088703,-0.0,-8.636096538567691e-15,-2.7755575615628914e-17,-0.1841430713088703,2.7755575615628914e-17,3.925231146709438e-17,-52.1344791771299,52.1344791771299,-6.3611093629270335e-15,0.0,0.0,0.0,0.0,0.0
14.82999999999722,0.18430898198735501,0.18430898198735507,-0.0,0.0,0.0,-0.18430898198735507,2.7755575615628914e-17,5.551115123125783e-17,-52.094330849159014,52.094330849159014,-6.3611093629270335e-15,0.0,0.0,0.0,0.0,0.0
14.839999999997215,0.18447660892276818,0.1844766089227682,-0.0,-4.310241146609362e-15,-1.3877787807814457e-17,-0.1844766089227682,6.206335383118183e-17,3.1031676915590914e-17,-52.053744949641455,52.053744949641455,0.0,0.0,0.0,0.0,0.0,0.0
14.849999999997209,0.18464594177509067,0.1846459417750907,-0.0,0.0,0.0,-0.1846459417750907,5.551115123125783e-17,2.7755575615628914e-17,-52.01272323864509,52.01272323864509,0.0,0.0,0.0,0.0,0.0,0.0
14.859999999997203,0.18481697009907463,0.18481697009907466,-0.0,-4.302303354175917e-15,-1.3877787807814457e-17,-0.18481697009907466,6.206335383118183e-17,3.1031676915590914e-17,-51.971267496585895,51.971267496585895,6.3611093629270335e-15,0.0,0.0,0.0,0.0,0.0
14.869999999997198,0.1849896833448874,0.1849896833448874,-0.0,-1.2894859691447564e-14,-4.163336342344337e-17,-0.1849896833448874,0.0,4.163336342344337e-17,-51.929379524209224,51.929379524209224,1.2722218725854067e-14,0.0,0.0,0.0,0.0,0.0
14.879999999997192,0.18516407085876244,0.1851640708587625,-0.0,-8.588476875434292e-15,-2.7755575615628914e-17,-0.1851640708587625,0.0,6.206335383118183e-17,-51.88706114257102,51.88706114257102,0.0,0.0,0.0,0.0,0.0,0.0
14.889999999997187,0.1853401218836564,0.18534012188365637,-0.0,-8.580318846072756e-15,-2.7755575615628914e-17,-0.18534012188365637,5.551115123125783e-17,3.925231146709438e-17,-51.84431419301925,51.84431419301925,6.3611093629270335e-15,0.0,0.0,0.0,0.0,0.0
14.899999999997181,0.1855178255599128,0.18551782555991278,-0.0,-1.285814990499266e-14,-4.163336342344337e-17,-0.18551782555991278,2.7755575615628914e-17,5.003707553108401e-17,-51.80114053717556,51.80114053717556,6.3611093629270335e-15,0.0,0.0,0.0,0.0,0.0
14.909999999997176,0.18569717092593194,0.18569717092593194,-0.0,0.0,0.0,-0.18569717092593194,2.7755575615628914e-17,0.0,-51.75754205691712,51.75754205691712,-6.3611093629270335e-15,0.0,0.0,0.0,0.0,0.0
14.91999999999717,0.18587814691884672,0.18587814691884674,-0.0,0.0,0.0,-0.18587814691884674,5.551115123125783e-17,2.7755575615628914e-17,-51.713520654358625,51.713520654358625,6.3611093629270335e-15,0.0,0.0,0.0,0.0,0.0
14.929999999997165,0.18606074237520545,0.18606074237520542,-0.0,-8.547086937473597e-15,-2.7755575615628914e-17,-0.18606074237520542,5.551115123125783e-17,3.925231146709438e-17,-51.66907825183456,51.66907825183456,-1.2722218725854067e-14,0.0,0.0,0.0,0.0,0.0
14.939999999997159,0.18624494603166036,0.18624494603166034,-0.0,-2.134658382168156e-14,-6.938893903907228e-17,-0.18624494603166034,1.1443916996305594e-16,7.473417450352271e-17,-51.62421679188163,51.62421679188163,0.0,0.0,0.0,0.0,0.0,0.0
14.949999999997154,0.18643074652566213,0.18643074652566208,-0.0,-4.265061880532827e-15,-1.3877787807814457e-17,-0.18643074652566208,2.7755575615628914e-17,5.721958498152797e-17,-51.57893823722149,51.57893823722149,-6.3611093629270335e-15,0.0,0.0,0.0,0.0,0.0
14.959999999997148,0.18661813239616115,0.18661813239616115,-0.0,-4.2607792723909805e-15,-1.3877787807814457e-17,-0.18661813239616115,7.850462293418876e-17,1.3877787807814457e-17,-51.53324457074366,51.53324457074366,1.2722218725854067e-14,0.0,0.0,0.0,0.0,0.0
14.969999999997142,0.1868070920843143,0.1868070920843143,-0.0,-1.7025877582998784e-14,-5.551115123125783e-17,-0.1868070920843143,1.1443916996305594e-16,5.551115123125783e-17,-51.487137795488664,51.487137795488664,0.0,0.0,0.0,0.0,0.0,0.0
14.979999999997137,0.18699761393419786,0.1869976139341978,-0.0,-1.7008530828541563e-14,-5.551115123125783e-17,-0.1869976139341978,7.850462293418876e-17,7.850462293418876e-17,-51.440619934631606,51.440619934631606,-6.3611093629270335e-15,0.0,0.0,0.0,0.0,0.0
14.989999999997131,0.18718968619352672,0.18718968619352672,-0.0,-4.247769663675926e-15,-1.3877787807814457e-17,-0.18718968619352672,2.7755575615628914e-17,1.3877787807814457e-17,-51.39369303146572,51.39369303146572,-6.3611093629270335e-15,0.0,0.0,0.0,0.0,0.0
14.999999999997126,0.18738329701437922,0.1873832970143792,-0.0,-4.243380723015365e-15,-1.3877787807814457e-17,-0.1873832970143792,0.0,3.1031676915590914e-17,-51.346359149386444,51.346359149386444,0.0,0.0,0.0,0.0,0.0,0.0
15.00999999999712,0.18757843445392788,0.18757843445392786,-0.0,-8.47793268645898e-15,-2.7755575615628914e-17,-0.18757843445392786,6.206335383118183e-17,3.925231146709438e-17,-51.298620371875714,51.298620371875714,-1.2722218725854067e-14,0.0,0.0,0.0,0.0,0.0
15.019999999997115,0.18777508647517627,0.18777508647517632,-0.0,-8.469053965484348e-15,-2.7755575615628914e-17,-0.18777508647517632,6.206335383118183e-17,6.206335383118183e-17,-51.250478802486455,51.250478802486455,6.3611093629270335e-15,0.0,0.0,0.0,0.0,0.0
15.02999999999711,0.18797324094770146,0.18797324094770146,-0.0,-8.460126200485158e-15,-2.7755575615628914e-17,-0.18797324094770146,0.0,2.7755575615628914e-17,-51.201936564827555,51.201936564827555,-6.3611093629270335e-15,0.0,0.0,0.0,0.0,0.0
15.039999999997104,0.1881728856484021,0.18817288564840212,-0.0,-1.6902300618412845e-14,-5.551115123125783e-17,-0.18817288564840212,0.0,6.206335383118183e-17,-51.152995802548965,51.152995802548965,0.0,0.0,0.0,0.0,0.0,0.0
15.049999999997098,0.1883740082622527,0.1883740082622527,-0.0,-8.442127209597768e-15,-2.7755575615628914e-17,-0.1883740082622527,2.7755575615628914e-17,2.7755575615628914e-17,-51.103658679327225,51.103658679327225,6.3611093629270335e-15,0.0,0.0,0.0,0.0,0.0
15.059999999997093,0.18857659638306307,0.18857659638306312,-0.0,-8.433057819653107e-15,-2.7755575615628914e-17,-0.18857659638306312,6.206335383118183e-17,6.206335383118183e-17,-51.053927378851334,51.053927378851334,-6.3611093629270335e-15,0.0,0.0,0.0,0.0,0.0
15.069999999997087,0.18878063751424362,0.1887806375142436,-0.0,-4.211971528626105e-15,-1.3877787807814457e-17,-0.1887806375142436,6.206335383118183e-17,3.1031676915590914e-17,-51.00380410480888,51.00380410480888,0.0,0.0,0.0,0.0,0.0,0.0
15.079999999997082,0.18898611906957624,0.18898611906957619,-0.0,-8.414783840004089e-15,-2.7755575615628914e-17,-0.18898611906957619,1.1102230246251565e-16,6.206335383118183e-17,-50.95329108087257,50.95329108087257,6.3611093629270335e-15,0.0,0.0,0.0,0.0,0.0
15.089999999997076,0.18919302837399077,0.18919302837399074,-0.0,-8.405581085092358e-15,-2.7755575615628914e-17,-0.18919302837399074,5.551115123125783e-17,3.925231146709438e-17,-50.90239055068703,50.90239055068703,6.3611093629270335e-15,0.0,0.0,0.0,0.0,0.0
15.09999999999707,0.18940135266434657,0.18940135266434655,-0.0,-1.6792671418245017e-14,-5.551115123125783e-17,-0.18940135266434655,2.7755575615628914e-17,6.206335383118183e-17,-50.851104777856186,50.851104777856186,-6.3611093629270335e-15,0.0,0.0,0.0,0.0,0.0
15.109999999997065,0.1896110790902202,0.18961107909022012,-0.0,-1.2580572941956712e-14,-4.163336342344337e-17,-0.18961107909022012,5.551115123125783e-17,9.309503074677274e-17,-50.79943604593063,50.79943604593063,0.0,0.0,0.0,0.0,0.0,0.0
15.11999999999706,0.18982219471469783,0.1898221947146978,-0.0,-8.377720756637234e-15,-2.7755575615628914e-17,-0.1898221947146978,6.206335383118183e-17,3.925231146709438e-17,-50.74738665839571,50.74738665839571,1.2722218725854067e-14,0.0,0.0,0.0,0.0,0.0
15.129999999997054,0.19003468651517322,0.19003468651517325,-0.0,-1.2552529513643158e-14,-4.163336342344337e-17,-0.19003468651517325,0.0,5.003707553108401e-17,-50.69495893865987,50.69495893865987,-6.3611093629270335e-15,0.0,0.0,0.0,0.0,0.0
15.139999999997048,0.19024854138415123,0.1902485413841512,-0.0,-4.179473149075711e-15,-1.3877787807814457e-17,-0.1902485413841512,5.551115123125783e-17,3.1031676915590914e-17,-50.6421552300433,50.6421552300433,1.2722218725854067e-14,0.0,0.0,0.0,0.0,0.0
15.149999999997043,0.19046374613005623,0.19046374613005623,-0.0,0.0,0.0,-0.19046374613005623,2.7755575615628914e-17,0.0,-50.58897789576703,50.58897789576703,0.0,0.0,0.0,0.0,0.0,0.0
15.159999999997037,0.19068028747804572,0.1906802874780457,-0.0,-1.2510029445871728e-14,-4.163336342344337e-17,-0.1906802874780457,2.7755575615628914e-17,5.003707553108401e-17,-50.53542931894252,50.53542931894252,-6.3611093629270335e-15,0.0,0.0,0.0,0.0,0.0
15.169999999997032,0.19089815207082939,0.19089815207082939,-0.0,-4.16525074622439e-15,-1.3877787807814457e-17,-0.19089815207082939,0.0,1.3877787807814457e-17,-50.48151190256146,50.48151190256146,0.0,0.0,0.0,0.0,0.0,0.0
15.179999999997026,0.19111732646949295,0.19111732646949298,-0.0,-1.248142204144117e-14,-4.163336342344337e-17,-0.19111732646949298,2.7755575615628914e-17,5.003707553108401e-17,-50.42722806948611,50.42722806948611,0.0,0.0,0.0,0.0,0.0,0.0
15.18999999999702,0.19133779715432703,0.191337797154327,-0.0,-8.311360140981926e-15,-2.7755575615628914e-17,-0.191337797154327,2.7755575615628914e-17,3.925231146709438e-17,-50.37258026244004,50.37258026244004,-6.3611093629270335e-15,0.0,0.0,0.0,0.0,0.0
15.199999999997015,0.1915595505256613,0.19155955052566132,-0.0,-4.150869367692332e-15,-1.3877787807814457e-17,-0.19155955052566132,2.7755575615628914e-17,3.1031676915590914e-17,-50.31757094399917,50.31757094399917,0.0,0.0,0.0,0.0,0.0,0.0
15.20999999999701,0.1917825729047033,0.1917825729047033,-0.0,-8.292084711586212e-15,-2.7755575615628914e-17,-0.1917825729047033,6.206335383118183e-17,2.7755575615628914e-17,-50.262202596583414,50.262202596583414,6.3611093629270335e-15,0.0,0.0,0.0,0.0,0.0
15.219999999997004,0.1920068505343821,0.19200685053438216,-0.0,1.2423598452131726e-14,4.163336342344337e-17,-0.19200685053438216,5.551115123125783e-17,6.938893903907228e-17,-50.206477722448575,50.206477722448575,-1.2722218725854067e-14,0.0,0.0,0.0,0.0,0.0
15.229999999996998,0.19223236958019713,0.19223236958019713,-0.0,-1.2409023601524455e-14,-4.163336342344337e-17,-0.19223236958019713,1.1443916996305594e-16,4.163336342344337e-17,-50.15039884367874,50.15039884367874,1.2722218725854067e-14,0.0,0.0,0.0,0.0,0.0
15.239999999996993,0.19245911613107133,0.1924591161310713,-0.0,-1.2394403856001744e-14,-4.163336342344337e-17,-0.1924591161310713,7.850462293418876e-17,5.003707553108401e-17,-50.09396850217911,50.09396850217911,-6.3611093629270335e-15,0.0,0.0,0.0,0.0,0.0
15.249999999996987,0.1926870762002093,0.19268707620020936,-0.0,-8.253160368053945e-15,-2.7755575615628914e-17,-0.19268707620020936,0.0,6.206335383118183e-17,-50.037189259669276,50.037189259669276,6.3611093629270335e-15,0.0,0.0,0.0,0.0,0.0
15.259999999996982,0.19291623572596028,0.19291623572596034,-0.0,-8.243356681449896e-15,-2.7755575615628914e-17,-0.19291623572596034,2.7755575615628914e-17,6.206335383118183e-17,-49.98006369767678,49.98006369767678,-1.2722218725854067e-14,0.0,0.0,0.0,0.0,0.0
15.269999999996976,0.19314658057268524,0.1931465805726853,-0.0,-8.23352572961188e-15,-2.7755575615628914e-17,-0.1931465805726853,6.206335383118183e-17,6.206335383118183e-17,-49.92259441753137,49.92259441753137,-6.3611093629270335e-15,0.0,0.0,0.0,0.0,0.0
15.27999999999697,0.19337809653162905,0.1933780965316291,-0.0,4.111834197498296e-15,1.3877787807814457e-17,-0.1933780965316291,0.0,5.721958498152797e-17,-49.86478404035942,49.86478404035942,0.0,0.0,0.0,0.0,0.0,0.0
15.289999999996965,0.19361076932179677,0.1936107693217968,-0.0,-4.106892778491543e-15,-1.3877787807814457e-17,-0.1936107693217968,2.7755575615628914e-17,3.1031676915590914e-17,-49.806635207079005,49.806635207079005,0.0,0.0,0.0,0.0,0.0,0.0
15.29999999999696,0.19384458459083476,0.19384458459083476,-0.0,-1.2305817137645347e-14,-4.163336342344337e-17,-0.19384458459083476,2.7755575615628914e-17,4.163336342344337e-17,-49.748150578395254,49.748150578395254,-1.2722218725854067e-14,0.0,0.0,0.0,0.0,0.0
15.309999999996954,0.19407952791591584,0.19407952791591582,-0.0,-4.096973436118259e-15,-1.3877787807814457e-17,-0.19407952791591582,5.551115123125783e-17,3.1031676915590914e-17,-49.68933283479622,49.68933283479622,-6.3611093629270335e-15,0.0,0.0,0.0,0.0,0.0
15.319999999996949,0.19431558480462904,0.19431558480462902,-0.0,0.0,0.0,-0.19431558480462902,5.551115123125783e-17,2.7755575615628914e-17,-49.630184676549185,49.630184676549185,-6.3611093629270335e-15,0.0,0.0,0.0,0.0,0.0
15.329999999996943,0.19455274069587353,0.19455274069587347,-0.0,-1.2261024967140095e-14,-4.163336342344337e-17,-0.19455274069587347,0.0,6.938893903907228e-17,-49.57070882369736,49.57070882369736,-6.3611093629270335e-15,0.0,0.0,0.0,0.0,0.0
15.339999999996937,0.19479098096075687,0.19479098096075687,-0.0,-4.08200968260471e-15,-1.3877787807814457e-17,-0.19479098096075687,2.7755575615628914e-17,1.3877787807814457e-17,-49.51090801605703,49.51090801605703,-1.2722218725854067e-14,0.0,0.0,0.0,0.0,0.0
15.349999999996932,0.19503029090349722,0.19503029090349727,-0.0,-1.2231002681926792e-14,-4.163336342344337e-17,-0.19503029090349727,2.7755575615628914e-17,6.938893903907228e-17,-49.45078501321524,49.45078501321524,-6.3611093629270335e-15,0.0,0.0,0.0,0.0,0.0
15.359999999996926,0.19527065576233013,0.19527065576233016,-0.0,-1.2215947151839341e-14,-4.163336342344337e-17,-0.19527065576233016,5.551115123125783e-17,5.003707553108401e-17,-49.39034259452764,49.39034259452764,0.0,0.0,0.0,0.0,0.0,0.0
15.36999999999692,0.19551206071041896,0.19551206071041888,-0.0,-1.6267818312111036e-14,-5.551115123125783e-17,-0.19551206071041888,0.0,1.0007415106216802e-16,-49.329583559117054,49.329583559117054,-6.3611093629270335e-15,0.0,0.0,0.0,0.0,0.0
15.379999999996915,0.19575449085676921,0.19575449085676916,-0.0,-8.123835799482845e-15,-2.7755575615628914e-17,-0.19575449085676916,6.206335383118183e-17,6.206335383118183e-17,-49.26851072587238,49.26851072587238,-6.3611093629270335e-15,0.0,0.0,0.0,0.0,0.0
15.38999999999691,0.19599793124714765,0.1959979312471477,-0.0,-1.2170618311729512e-14,-4.163336342344337e-17,-0.1959979312471477,5.551115123125783e-17,6.938893903907228e-17,-49.20712693344774,49.20712693344774,0.0,0.0,0.0,0.0,0.0,0.0
15.399999999996904,0.1962423668650043,0.1962423668650043,-0.0,-1.620727843978477e-14,-5.551115123125783e-17,-0.1962423668650043,6.206335383118183e-17,5.551115123125783e-17,-49.1454350402623,49.1454350402623,0.0,0.0,0.0,0.0,0.0,0.0
15.409999999996899,0.19648778263239874,0.19648778263239874,-0.0,-4.046758835145862e-15,-1.3877787807814457e-17,-0.19648778263239874,5.551115123125783e-17,1.3877787807814457e-17,-49.08343792450034,49.08343792450034,-6.3611093629270335e-15,0.0,0.0,0.0,0.0,0.0
15.419999999996893,0.1967341634109305,0.19673416341093053,-0.0,-4.0416908613123035e-15,-1.3877787807814457e-17,-0.19673416341093053,5.551115123125783e-17,3.1031676915590914e-17,-49.02113848411176,49.02113848411176,-1.2722218725854067e-14,0.0,0.0,0.0,0.0,0.0
15.429999999996888,0.19698149400267265,0.19698149400267262,-0.0,-8.073232202768153e-15,-2.7755575615628914e-17,-0.19698149400267262,0.0,3.925231146709438e-17,-48.958539636813,48.958539636813,6.3611093629270335e-15,0.0,0.0,0.0,0.0,0.0
15.439999999996882,0.19722975915110913,0.19722975915110902,-0.0,-1.6126139864251986e-14,-5.551115123125783e-17,-0.19722975915110902,5.551115123125783e-17,1.2412670766236366e-16,-48.8956443200884,48.8956443200884,1.2722218725854067e-14,0.0,0.0,0.0,0.0,0.0
15.449999999996876,0.19747894354207626,0.19747894354207624,-0.0,-4.026447863776734e-15,-1.3877787807814457e-17,-0.19747894354207624,7.850462293418876e-17,3.1031676915590914e-17,-48.83245549119178,48.83245549119178,-1.2722218725854067e-14,0.0,0.0,0.0,0.0,0.0
15.459999999996871,0.19772903180470705,0.19772903180470708,-0.0,-8.042710401285144e-15,-2.7755575615628914e-17,-0.19772903180470708,6.206335383118183e-17,3.925231146709438e-17,-48.76897612714858,48.76897612714858,1.2722218725854067e-14,0.0,0.0,0.0,0.0,0.0
15.469999999996865,0.19798000851237935,0.1979800085123793,-0.0,-1.2048772141296692e-14,-4.163336342344337e-17,-0.1979800085123793,2.7755575615628914e-17,6.938893903907228e-17,-48.70520922475834,48.70520922475834,-6.3611093629270335e-15,0.0,0.0,0.0,0.0,0.0
15.47999999999686,0.19823185818366768,0.19823185818366768,-0.0,-8.022309609075648e-15,-2.7755575615628914e-17,-0.19823185818366768,6.206335383118183e-17,2.7755575615628914e-17,-48.641157800597355,48.641157800597355,1.2722218725854067e-14,0.0,0.0,0.0,0.0,0.0
15.489999999996854,0.19848456528329805,0.1984845652832981,-0.0,-8.012095743877851e-15,-2.7755575615628914e-17,-0.1984845652832981,6.206335383118183e-17,6.206335383118183e-17,-48.57682489102189,48.57682489102189,1.2722218725854067e-14,0.0,0.0,0.0,0.0,0.0
15.499999999996849,0.19873811422310605,0.19873811422310608,-0.0,8.001873958341437e-15,2.7755575615628914e-17,-0.19873811422310608,0.0,3.925231146709438e-17,-48.51221355217173,48.51221355217173,0.0,0.0,0.0,0.0,0.0,0.0
15.509999999996843,0.19899248936299888,0.1989924893629989,-0.0,0.0,0.0,-0.1989924893629989,2.7755575615628914e-17,2.7755575615628914e-17,-48.447326859973806,48.447326859973806,-1.2722218725854067e-14,0.0,0.0,0.0,0.0,0.0
15.519999999996838,0.1992476750119197,0.19924767501191964,-0.0,-3.990704886861598e-15,-1.3877787807814457e-17,-0.19924767501191964,0.0,5.721958498152797e-17,-48.382167910146435,48.382167910146435,1.2722218725854067e-14,0.0,0.0,0.0,0.0,0.0
15.529999999996832,0.19950365542881557,0.1995036554288156,-0.0,-7.97116893579517e-15,-2.7755575615628914e-17,-0.1995036554288156,5.551115123125783e-17,3.925231146709438e-17,-48.31673981820372,48.31673981820372,0.0,0.0,0.0,0.0,0.0,0.0
15.539999999996827,0.19976041482360862,0.1997604148236086,-0.0,-7.960923299723805e-15,-2.7755575615628914e-17,-0.1997604148236086,6.206335383118183e-17,3.925231146709438e-17,-48.251045719460244,48.251045719460244,-1.2722218725854067e-14,0.0,0.0,0.0,0.0,0.0
15.549999999996821,0.20001793735817003,0.20001793735816997,-0.0,-1.590134726651106e-14,-5.551115123125783e-17,-0.20001793735816997,0.0,7.850462293418876e-17,-48.18508876903595,48.18508876903595,6.3611093629270335e-15,0.0,0.0,0.0,0.0,0.0
15.559999999996815,0.2002762071472967,0.20027620714729666,-0.0,-7.940420698910885e-15,-2.7755575615628914e-17,-0.20027620714729666,2.7755575615628914e-17,3.925231146709438e-17,-48.118872141861544,48.118872141861544,0.0,0.0,0.0,0.0,0.0,0.0
15.56999999999681,0.2005352082596915,0.2005352082596914,-0.0,-1.1895247880903507e-14,-4.163336342344337e-17,-0.2005352082596914,6.206335383118183e-17,1.1857187100668868e-16,-48.05239903268379,48.05239903268379,6.3611093629270335e-15,0.0,0.0,0.0,0.0,0.0
15.579999999996804,0.20079492471894592,0.20079492471894594,-0.0,0.0,0.0,-0.20079492471894594,6.206335383118183e-17,2.7755575615628914e-17,-47.98567265607131,47.98567265607131,0.0,0.0,0.0,0.0,0.0,0.0
15.589999999996799,0.20105534050452525,0.20105534050452523,-0.0,-7.909649834424395e-15,-2.7755575615628914e-17,-0.20105534050452523,5.551115123125783e-17,3.925231146709438e-17,-47.91869624642048,47.91869624642048,-6.3611093629270335e-15,0.0,0.0,0.0,0.0,0.0
15.599999999996793,0.20131643955275724,0.20131643955275721,-0.0,-1.1849087021393067e-14,-4.163336342344337e-17,-0.20131643955275721,7.850462293418876e-17,5.003707553108401e-17,-47.851473057961464,47.851473057961464,-6.3611093629270335e-15,0.0,0.0,0.0,0.0,0.0
15.609999999996788,0.20157820575782273,0.2015782057578227,-0.0,-1.1833699988199573e-14,-4.163336342344337e-17,-0.2015782057578227,0.0,5.003707553108401e-17,-47.78400636476448,47.78400636476448,-6.3611093629270335e-15,0.0,0.0,0.0,0.0,0.0
15.619999999996782,0.20184062297274907,0.20184062297274907,-0.0,-7.87887649824815e-15,-2.7755575615628914e-17,-0.20184062297274907,5.551115123125783e-17,2.7755575615628914e-17,-47.71629946074629,47.71629946074629,6.3611093629270335e-15,0.0,0.0,0.0,0.0,0.0
15.629999999996777,0.2021036750104064,0.20210367501040646,-0.0,0.0,0.0,-0.20210367501040646,1.1102230246251565e-16,5.551115123125783e-17,-47.648355659676604,47.648355659676604,0.0,0.0,0.0,0.0,0.0,0.0
15.639999999996771,0.20236734564450595,0.20236734564450592,-0.0,-3.9291846608626324e-15,-1.3877787807814457e-17,-0.20236734564450592,5.551115123125783e-17,3.1031676915590914e-17,-47.580178295184794,47.580178295184794,0.0,0.0,0.0,0.0,0.0,0.0
15.649999999996766,0.20263161861060108,0.20263161861060108,-0.0,0.0,0.0,-0.20263161861060108,2.7755575615628914e-17,0.0,-47.51177072076657,47.51177072076657,-6.3611093629270335e-15,0.0,0.0,0.0,0.0,0.0
15.65999999999676,0.2028964776070903,0.20289647760709031,-0.0,0.0,0.0,-0.20289647760709031,5.551115123125783e-17,2.7755575615628914e-17,-47.443136309790816,47.443136309790816,0.0,0.0,0.0,0.0,0.0,0.0
15.669999999996755,0.2031619062962231,0.2031619062962231,-0.0,-1.1741453181776842e-14,-4.163336342344337e-17,-0.2031619062962231,0.0,4.163336342344337e-17,-47.37427845550634,47.37427845550634,0.0,0.0,0.0,0.0,0.0,0.0
15.679999999996749,0.20342788830510777,0.20342788830510777,-0.0,-7.81740081943243e-15,-2.7755575615628914e-17,-0.20342788830510777,2.7755575615628914e-17,2.7755575615628914e-17,-47.30520057104869,47.30520057104869,-6.3611093629270335e-15,0.0,0.0,0.0,0.0,0.0
15.689999999996743,0.203694407226721,0.203694407226721,-0.0,-1.1710758501300248e-14,-4.163336342344337e-17,-0.203694407226721,6.206335383118183e-17,4.163336342344337e-17,-47.23590608944699,47.23590608944699,6.3611093629270335e-15,0.0,0.0,0.0,0.0,0.0
15.699999999996738,0.20396144662092033,0.2039614466209203,-0.0,-1.1695426025934872e-14,-4.163336342344337e-17,-0.2039614466209203,0.0,5.003707553108401e-17,-47.16639846363064,47.16639846363064,6.3611093629270335e-15,0.0,0.0,0.0,0.0,0.0
15.709999999996732,0.2042289900154581,0.20422899001545813,-0.0,7.78673654808453e-15,2.7755575615628914e-17,-0.20422899001545813,2.7755575615628914e-17,3.925231146709438e-17,-47.096681166435985,47.096681166435985,0.0,0.0,0.0,0.0,0.0,0.0
15.719999999996727,0.20449702090699742,0.2044970209069974,-0.0,-1.5553061200387812e-14,-5.551115123125783e-17,-0.2044970209069974,5.551115123125783e-17,6.206335383118183e-17,-47.02675769061293,47.02675769061293,-6.3611093629270335e-15,0.0,0.0,0.0,0.0,0.0
15.729999999996721,0.2047655227621304,0.2047655227621304,-0.0,3.883166754051494e-15,1.3877787807814457e-17,-0.2047655227621304,6.206335383118183e-17,1.3877787807814457e-17,-46.956631548831275,46.956631548831275,1.2722218725854067e-14,0.0,0.0,0.0,0.0,0.0
15.739999999996716,0.2050344790183979,0.20503447901839789,-0.0,-1.1634218900732264e-14,-4.163336342344337e-17,-0.20503447901839789,5.551115123125783e-17,5.003707553108401e-17,-46.88630627368703,46.88630627368703,-1.2722218725854067e-14,0.0,0.0,0.0,0.0,0.0
15.74999999999671,0.20530387308531106,0.20530387308531106,-0.0,-7.745968533535369e-15,-2.7755575615628914e-17,-0.20530387308531106,0.0,2.7755575615628914e-17,-46.81578541770844,46.81578541770844,6.3611093629270335e-15,0.0,0.0,0.0,0.0,0.0
15.759999999996705,0.20557368834537487,0.20557368834537487,-0.0,-1.1603702936389458e-14,-4.163336342344337e-17,-0.20557368834537487,2.7755575615628914e-17,4.163336342344337e-17,-46.745072553361766,46.745072553361766,-1.2722218725854067e-14,0.0,0.0,0.0,0.0,0.0
15.769999999996699,0.20584390815511325,0.20584390815511328,-0.0,-7.72564685049318e-15,-2.7755575615628914e-17,-0.20584390815511328,0.0,3.925231146709438e-17,-46.674171273056864,46.674171273056864,-6.3611093629270335e-15,0.0,0.0,0.0,0.0,0.0
15.779999999996694,0.20611451584609536,0.20611451584609541,-0.0,-3.857751925437435e-15,-1.3877787807814457e-17,-0.20611451584609541,0.0,5.721958498152797e-17,-46.60308518915233,46.60308518915233,0.0,0.0,0.0,0.0,0.0,0.0
15.789999999996688,0.2063854947259642,0.20638549472596424,-0.0,-7.705373591508e-15,-2.7755575615628914e-17,-0.20638549472596424,5.551115123125783e-17,3.925231146709438e-17,-46.531817933960454,46.531817933960454,6.3611093629270335e-15,0.0,0.0,0.0,0.0,0.0
15.799999999996682,0.20665682807946611,0.2066568280794661,-0.0,-3.847628349643125e-15,-1.3877787807814457e-17,-0.2066568280794661,2.7755575615628914e-17,3.1031676915590914e-17,-46.46037315975159,46.46037315975159,0.0,0.0,0.0,0.0,0.0,0.0
15.809999999996677,0.2069284991694816,0.2069284991694816,-0.0,-1.1527730692831726e-14,-4.163336342344337e-17,-0.2069284991694816,1.6883057536160649e-16,4.163336342344337e-17,-46.38875453875832,46.38875453875832,6.3611093629270335e-15,0.0,0.0,0.0,0.0,0.0
15.819999999996671,0.20720049123805823,0.20720049123805817,-0.0,-3.837532747218843e-15,-1.3877787807814457e-17,-0.20720049123805817,0.0,5.721958498152797e-17,-46.316965763178956,46.316965763178956,0.0,0.0,0.0,0.0,0.0,0.0
15.829999999996666,0.20747278750744408,0.20747278750744408,-0.0,-3.832496203085669e-15,-1.3877787807814457e-17,-0.20747278750744408,0.0,1.3877787807814457e-17,-46.24501054518054,46.24501054518054,0.0,0.0,0.0,0.0,0.0,0.0
15.83999999999666,0.20774537118112252,0.20774537118112257,-0.0,-1.14824027006499e-14,-4.163336342344337e-17,-0.20774537118112257,2.7755575615628914e-17,6.938893903907228e-17,-46.17289261690152,46.17289261690152,0.0,0.0,0.0,0.0,0.0,0.0
15.849999999996655,0.20801822544484858,0.2080182254448486,-0.0,-7.644894274676836e-15,-2.7755575615628914e-17,-0.2080182254448486,0.0,3.925231146709438e-17,-46.10061573045346,46.10061573045346,0.0,0.0,0.0,0.0,0.0,0.0
15.85999999999665,0.20829133346768613,0.20829133346768613,-0.0,0.0,0.0,-0.20829133346768613,2.7755575615628914e-17,0.0,-46.028183657922334,46.028183657922334,6.3611093629270335e-15,0.0,0.0,0.0,0.0,0.0
15.869999999996644,0.2085646784030457,0.2085646784030457,-0.0,3.812432078404449e-15,1.3877787807814457e-17,-0.2085646784030457,0.0,1.3877787807814457e-17,-45.95560019136918,45.95560019136918,1.2722218725854067e-14,0.0,0.0,0.0,0.0,0.0
15.879999999996638,0.2088382433897242,0.20883824338972423,-0.0,-3.807438031749905e-15,-1.3877787807814457e-17,-0.20883824338972423,6.206335383118183e-17,3.1031676915590914e-17,-45.88286914282966,45.88286914282966,6.3611093629270335e-15,0.0,0.0,0.0,0.0,0.0
15.889999999996633,0.20911201155294473,0.2091120115529448,-0.0,-7.604906714452978e-15,-2.7755575615628914e-17,-0.2091120115529448,2.7755575615628914e-17,6.206335383118183e-17,-45.80999434431323,45.80999434431323,6.3611093629270335e-15,0.0,0.0,0.0,0.0,0.0
15.899999999996627,0.20938596600539724,0.2093859660053973,-0.0,3.797478338855733e-15,1.3877787807814457e-17,-0.2093859660053973,2.7755575615628914e-17,5.721958498152797e-17,-45.736979647801235,45.736979647801235,-1.2722218725854067e-14,0.0,0.0,0.0,0.0,0.0
15.909999999996622,0.20966008984828075,0.20966008984828072,-0.0,-3.792513257727194e-15,-1.3877787807814457e-17,-0.20966008984828072,7.850462293418876e-17,3.1031676915590914e-17,-45.663828925244054,45.663828925244054,-6.3611093629270335e-15,0.0,0.0,0.0,0.0,0.0
15.919999999996616,0.20993436617234545,0.20993436617234543,-0.0,-1.515023356801165e-14,-5.551115123125783e-17,-0.20993436617234543,0.0,6.206335383118183e-17,-45.59054606855737,45.59054606855737,0.0,0.0,0.0,0.0,0.0,0.0
15.92999999999661,0.21020877805893562,0.2102087780589356,-0.0,-1.134784205076748e-14,-4.163336342344337e-17,-0.2102087780589356,0.0,5.003707553108401e-17,-45.51713498961752,45.51713498961752,-6.3611093629270335e-15,0.0,0.0,0.0,0.0,0.0
15.939999999996605,0.2104833085810335,0.21048330858103356,-0.0,-3.7776804048087275e-15,-1.3877787807814457e-17,-0.21048330858103356,5.551115123125783e-17,5.721958498152797e-17,-45.443599620255476,45.443599620255476,-6.3611093629270335e-15,0.0,0.0,0.0,0.0,0.0
15.9499999999966,0.21075794080430346,0.2107579408043035,-0.0,0.0,0.0,-0.2107579408043035,5.551115123125783e-17,2.7755575615628914e-17,-45.36994391224994,45.36994391224994,-6.3611093629270335e-15,0.0,0.0,0.0,0.0,0.0
15.959999999996594,0.21103265778813618,0.2110326577881362,-0.0,-3.767846544226105e-15,-1.3877787807814457e-17,-0.2110326577881362,2.7755575615628914e-17,3.1031676915590914e-17,-45.29617183731921,45.29617183731921,1.2722218725854067e-14,0.0,0.0,0.0,0.0,0.0
15.969999999996588,0.21130744258669412,0.21130744258669412,-0.0,-3.762946825877436e-15,-1.3877787807814457e-17,-0.21130744258669412,2.7755575615628914e-17,1.3877787807814457e-17,-45.22228738711158,45.22228738711158,-1.2722218725854067e-14,0.0,0.0,0.0,0.0,0.0
15.979999999996583,0.21158227824995662,0.2115822782499566,-0.0,-1.1274176792252813e-14,-4.163336342344337e-17,-0.2115822782499566,7.850462293418876e-17,5.003707553108401e-17,-45.148294573194676,45.148294573194676,-6.3611093629270335e-15,0.0,0.0,0.0,0.0,0.0
15.989999999996577,0.21185714782476525,0.21185714782476528,-0.0,-3.753183116689399e-15,-1.3877787807814457e-17,-0.21185714782476528,2.7755575615628914e-17,3.1031676915590914e-17,-45.074197427043245,45.074197427043245,-1.2722218725854067e-14,0.0,0.0,0.0,0.0,0.0
15.999999999996572,0.21213203435587,0.21213203435586994,-0.0,0.0,0.0,-0.21213203435586994,1.0007415106216802e-16,5.551115123125783e-17,-45.00000000002546,45.00000000002546,-1.2722218725854067e-14,0.0,0.0,0.0,0.0,0.0
