time_s,x_m,y_m,height_m,roll_deg,pitch_deg,vx_m_s,tilt_deg,floor_normal_n,wheel_contacts,both_wheels_contact,startup_phase,hip_motor_left_nm,knee_motor_left_nm,wheel_motor_left_nm,hip_motor_right_nm,knee_motor_right_nm,wheel_motor_right_nm,target_leg_length_m,target_height_m,left_leg_length_m,right_leg_length_m
0.0,0.0,0.0,0.1346291201783626,0.0,90.0,0.0,89.99999999999999,0.0,0,False,idle,0.0,0.0,0.0,0.0,0.0,0.0,0.18384776310850237,0.23256755992208045,0.18314082580289956,0.18314082580289956
0.010000000000000002,3.803296445620569e-05,6.067550367988901e-22,0.13408451686450226,2.34858605480697e-15,89.99162908977546,0.0029859940888579844,89.99162908985812,0.0,0,False,idle,0.0,0.0,0.0,0.0,0.0,0.0,0.18384776310850237,0.23256755992208045,0.18325431408193915,0.18325431408193915
0.02000000000000001,5.4115013576725796e-05,7.113047799139247e-21,0.1325622317232966,9.90912061918426e-15,89.98747475834189,0.0008886051097951287,89.98747475843969,0.0,0,False,idle,0.0,0.0,0.0,0.0,0.0,0.0,0.18384776310850237,0.23256755992208045,0.18330278000744935,0.18330278000744935
0.03000000000000002,6.007936734489235e-05,1.61433865245255e-20,0.13006038914479875,1.7307546346457638e-14,89.98534824803063,0.0004672467298786266,89.98534824817685,0.0,0,False,idle,0.0,0.0,0.0,0.0,0.0,0.0,0.18384776310850237,0.23256755992208045,0.18332112803999215,0.18332112803999215
0.04000000000000003,6.427420799221362e-05,2.71952530876742e-20,0.12657776951483668,4.0707815999729364e-14,89.98355219813728,0.00039634989880119346,89.98355219812007,0.0,0,False,idle,0.0,0.0,0.0,0.0,0.0,0.0,0.18384776310850237,0.23256755992208045,0.18333419680335308,0.18333419680335308
0.05000000000000004,6.809839349622044e-05,3.788251083896881e-20,0.12211417291953415,6.762825512003425e-14,89.98180339609624,0.0003729184415599399,89.98180339607009,0.0,0,False,idle,0.0,0.0,0.0,0.0,0.0,0.0,0.18384776310850237,0.23256755992208045,0.183346143944237,0.183346143944237
0.060000000000000046,7.172903686774043e-05,4.720030429986743e-20,0.11666957595313975,8.433051186497304e-14,89.98006870871157,0.0003552901064582412,89.98006870868474,0.0,0,False,idle,0.0,0.0,0.0,0.0,0.0,0.0,0.18384776310850237,0.23256755992208045,0.1833574941512701,0.1833574941512701
0.07000000000000005,7.519113243297818e-05,6.558449829935575e-20,0.1102439766208215,1.0825036353255373e-13,89.97834588117172,0.00033891147943939916,89.9783458812337,0.0,0,False,idle,0.0,0.0,0.0,0.0,0.0,0.0,0.18384776310850237,0.23256755992208045,0.18336832176133458,0.18336832176133458
0.08000000000000006,7.849397272923903e-05,8.851937826715122e-20,0.10283737496505338,1.4037089027806839e-13,89.97663564800226,0.00032333944068422074,89.97663564805774,0.0,0,False,idle,0.0,0.0,0.0,0.0,0.0,0.0,0.18384776310850237,0.23256755992208045,0.1833786551250091,0.1833786551250091
0.09000000000000007,8.399083605575929e-05,7.301079581206064e-20,0.09623908613284769,1.808183608995435e-13,89.97542861497021,0.000855393350745903,89.97542861493382,184.51848132945932,0,False,idle,0.0,0.0,0.0,0.0,0.0,0.0,0.18384776310850237,0.23256755992208045,0.18327859798730814,0.18327859798730814
0.10000000000000007,9.313453651393845e-05,4.748141919029753e-20,0.09442035277173746,2.8420594713396967e-13,89.97587846778595,0.0008599606881657187,89.97587846770556,88.40697861992737,0,False,idle,0.0,0.0,0.0,0.0,0.0,0.0,0.18384776310850237,0.23256755992208045,0.18297799506297427,0.18297799506297427
0.11000000000000008,9.989998577322366e-05,2.7138575338868626e-20,0.09471443577965076,4.0962145434427786e-13,89.9767902689967,0.0005125287384786858,89.97679026888899,46.58895891451047,0,False,idle,0.0,0.0,0.0,0.0,0.0,0.0,0.18384776310850237,0.23256755992208045,0.18290060086565402,0.18290060086565402
0.12000000000000009,0.00010307100139141586,-1.3916230829342367e-21,0.09566583940262596,4.977883635861795e-13,89.97726075631404,0.00016594537320695492,89.97726075617,29.78566283545581,0,False,idle,0.0,0.0,0.0,0.0,0.0,0.0,0.18384776310850237,0.23256755992208045,0.1832964798475516,0.1832964798475516
0.1300000000000001,0.00010311759129520549,-4.936185590772556e-20,0.09668163366655752,5.792544816077278e-13,89.97698222552808,-0.00011861225567391224,89.97698222541871,24.098417463790696,0,False,idle,0.0,0.0,0.0,0.0,0.0,0.0,0.18384776310850237,0.23256755992208045,0.18429532356255568,0.18429532356255568
0.1400000000000001,0.00010059050087068867,-1.015034816840098e-19,0.0975533909517026,6.330031368146756e-13,89.97587511940159,-0.0003573716269254223,89.97587511927189,23.13291942985541,0,False,idle,0.0,0.0,0.0,0.0,0.0,0.0,0.18384776310850237,0.23256755992208045,0.1859779087666253,0.1859779087666253
0.1500000000000001,0.00019323856999235782,-2.1544169874172138e-19,0.09828236397253881,179.99999999999943,89.9672676598505,0.020412112014469092,90.03273234022778,153.87771803423266,4,True,idle,0.0,0.0,0.0,0.0,0.0,0.0,0.18384776310850237,0.23256755992208045,0.18780371468617488,0.18780371468617488
0.16000000000000011,0.00040660008795716707,-2.5140297614626583e-19,0.0988912665195019,179.9999999999999,89.84047074259348,0.017922506679653182,90.15952925740825,59.219531759619535,4,True,idle,0.0,0.0,0.0,0.0,0.0,0.0,0.18384776310850237,0.23256755992208045,0.1886847462527978,0.1886847462527978
0.17000000000000012,0.0004942129141732095,-2.574766804706909e-19,0.09929312419604992,179.99999999999991,89.78980048938841,0.0019758540247035417,90.21019951061545,35.69481118276504,4,True,idle,0.0,0.0,0.0,0.0,0.0,0.0,0.18384776310850237,0.23256755992208045,0.18917842961124565,0.18917842961124565
0.18000000000000013,0.0004671626568321295,-2.5649451109944567e-19,0.09953298403517521,179.99999999999991,89.80608296971403,-0.005368407318263844,90.19391703029147,32.95540896685515,4,True,idle,0.0,0.0,0.0,0.0,0.0,0.0,0.18384776310850237,0.23256755992208045,0.18962030537110378,0.18962030537110378
0.19000000000000014,0.00040091107792977293,-2.6712135263435517e-19,0.09967600117651874,179.9999999999999,89.84490012922674,-0.0070984226601981575,90.15509987077877,34.9803538703046,4,True,idle,0.0,0.0,0.0,0.0,0.0,0.0,0.18384776310850237,0.23256755992208045,0.19013978651998492,0.19013978651998492
0.20000000000000015,0.0003324839520359037,-2.5998483622963145e-19,0.09976132568651828,179.99999999999986,89.88474094101586,-0.006441102723572352,90.11525905898603,37.44724898965262,4,True,idle,0.0,0.0,0.0,0.0,0.0,0.0,0.18384776310850237,0.23256755992208045,0.1907589923939625,0.1907589923939625
0.21000000000000016,0.00027527912482602063,-2.6149070323678945e-19,0.09981264071571888,179.9999999999998,89.91794861389165,-0.0050983468381752125,90.08205138610442,39.255674353231704,4,True,idle,0.0,0.0,0.0,0.0,0.0,0.0,0.18384776310850237,0.23256755992208045,0.19146867440000498,0.19146867440000498
0.22000000000000017,0.00023179123469356232,-2.648954364295851e-19,0.09984397546904847,179.9999999999997,89.94318819427632,-0.0037608276416454876,90.05681180569812,40.486704043177355,4,True,idle,0.0,0.0,0.0,0.0,0.0,0.0,0.18384776310850237,0.23256755992208045,0.19225453654571972,0.19225453654571972
0.23000000000000018,0.00020050229245150965,-2.712377665050947e-19,0.09986346691368672,179.99999999999955,89.9614010082971,-0.002651886851678759,90.03859899167101,41.35204188471799,4,True,idle,0.0,0.0,0.0,0.0,0.0,0.0,0.18384776310850237,0.23256755992208045,0.1931036429450218,0.1931036429450218
0.24000000000000019,0.0001788275762076384,-2.7398401583712017e-19,0.09987582639465094,179.99999999999932,89.97410592094647,-0.0018099110394451856,90.02589407899836,41.86326371253861,4,True,idle,0.0,0.0,0.0,0.0,0.0,0.0,0.18384776310850237,0.23256755992208045,0.19400535909572092,0.19400535909572092
0.25000000000000017,0.0001642350064728065,-2.7072040778769183e-19,0.0998838041734662,179.99999999999895,89.98276945116271,-0.001204075320214707,90.01723054884782,42.146575470666065,4,True,idle,0.0,0.0,0.0,0.0,0.0,0.0,0.18384776310850237,0.23256755992208045,0.19495215834543042,0.19495215834543042
0.2600000000000002,0.00015464061207188858,-2.6753902545706185e-19,0.09988903237424496,179.9999999999984,89.98858881549842,-0.0007830902438186252,90.01141118451338,42.302360965431426,4,True,idle,0.0,0.0,0.0,0.0,0.0,0.0,0.18384776310850237,0.23256755992208045,0.19593895672128706,0.19593895672128703
0.2700000000000002,0.00014847415893356528,-2.6705111050208744e-19,0.09989250024843334,179.99999999999756,89.99246107553053,-0.0004974630181633949,90.00753892452819,42.38893300578181,4,True,idle,0.0,0.0,0.0,0.0,0.0,0.0,0.18384776310850237,0.23256755992208045,0.19696225004741327,0.19696225004741333
0.2800000000000002,0.00014461170893768409,-2.7137639091702433e-19,0.09989482099177213,179.9999999999963,89.99502573236293,-0.0003070078782090382,90.00497426761429,42.43770476357519,4,True,idle,0.0,0.0,0.0,0.0,0.0,0.0,0.18384776310850237,0.23256755992208045,0.19801951723444117,0.19801951723444122
0.2900000000000002,0.00014227455902937592,-2.4603698306751106e-19,0.0998963829940707,179.99999999999457,89.99672452614128,-0.00018170877476668518,90.00327547357033,42.46541582684369,4,True,idle,0.0,0.0,0.0,0.0,0.0,0.0,0.18384776310850237,0.23256755992208045,0.19910884921018834,0.1991088492101884
0.3000000000000002,0.0001409349764052069,-2.6283501898898036e-19,0.09989743708101693,179.99999999999136,89.99785614887328,-0.00010019628781718186,90.00214385071405,42.481107151658335,4,True,idle,0.0,0.0,0.0,0.0,0.0,0.0,0.18384776310850237,0.23256755992208045,0.20022872122180393,0.20022872122180393
0.3100000000000002,0.00014024089107250026,-2.4650299405446405e-19,0.09989814794426441,179.99999999998693,89.99861951401537,-4.771594122436838e-05,90.00138048482444,42.489770864745786,4,True,idle,0.0,0.0,0.0,0.0,0.0,0.0,0.18384776310850237,0.23256755992208045,0.20137785142840112,0.20137785142840112
0.32000000000000023,0.00013996012622859312,-2.5786983127088943e-19,0.09989862519321384,179.99999999997826,89.9991456033263,-1.4293395792543471e-05,90.00085439509705,42.49422864856383,4,True,idle,0.0,0.0,0.0,0.0,0.0,0.0,0.18384776310850237,0.23256755992208045,0.20255511154408848,0.20255511154408848
0.33000000000000024,0.00013994087946511504,-2.759637664260593e-19,0.09989894255964406,179.9999999999599,89.9995199346867,6.710572723407414e-06,90.00048006461753,42.496109563794334,4,True,idle,0.0,0.0,0.0,0.0,0.0,0.0,0.18384776310850237,0.23256755992208045,0.20375946936384923,0.20375946936384928
0.34000000000000025,0.000140084505045064,-2.618045513276404e-19,0.09989915004726117,179.9999999999066,89.99979797831975,1.966241870968014e-05,90.00020201135915,42.49637098589197,4,True,idle,0.0,0.0,0.0,0.0,0.0,0.0,0.18384776310850237,0.23256755992208045,0.20498995108359358,0.2049899510835936
0.35000000000000026,0.000140327134824839,-2.3409439487029477e-19,0.09989928177412848,1.1418999910788262e-09,89.99998416485785,2.740562286673919e-05,89.99998439274061,42.4955835826303,4,True,idle,0.0,0.0,0.0,0.0,0.0,0.0,0.18384776310850237,0.23256755992208045,0.20624561599667013,0.20624561599667018
0.36000000000000026,0.00014062744599024093,-2.224040079405782e-19,0.0998993611217198,8.610719497627613e-11,89.99980407615462,3.177592474400718e-05,89.99980409893745,42.49409120814556,4,True,idle,0.0,0.0,0.0,0.0,0.0,0.0,0.18384776310850237,0.23256755992208045,0.20752553892851774,0.20752553892851774
0.3700000000000003,0.0001409586094332213,-2.0612765550278382e-19,0.09989940416254674,4.285319096954441e-11,89.9996462027527,3.39487505849546e-05,89.99964621335695,42.49210262238033,4,True,idle,0.0,0.0,0.0,0.0,0.0,0.0,0.18384776310850237,0.23256755992208045,0.20882879747218402,0.20882879747218397
0.3800000000000003,0.00014130303580797522,-2.181585102870959e-19,0.09989942196664253,2.945355511484685e-11,89.99950104910037,3.467020347515771e-05,89.99950105448983,42.48974508542331,4,True,idle,0.0,0.0,0.0,0.0,0.0,0.0,0.18384776310850237,0.23256755992208045,0.21015446214936337,0.2101544621493634
0.3900000000000003,0.00014164897065083716,-2.261494225954895e-19,0.09989942216642055,2.3141412401917002e-11,89.99936225851731,3.440894397173897e-05,89.99936226162613,42.48709615753829,4,True,idle,0.0,0.0,0.0,0.0,0.0,0.0,0.18384776310850237,0.23256755992208045,0.2115015882917626,0.21150158829176266
0.4000000000000003,0.0001419882994328959,-1.8971726947931313e-19,0.099899410024855,1.797417384118894e-11,89.99922556329601,3.3455147256130484e-05,89.99922556301841,42.484202815380534,4,True,idle,0.0,0.0,0.0,0.0,0.0,0.0,0.18384776310850237,0.23256755992208045,0.2128692088620372,0.21286920886203722
0.4100000000000003,0.00014231513769273916,-2.119302528182871e-19,0.09989938916784431,1.544858936982844e-11,89.99908798549959,3.198447340212462e-05,89.99908798662179,42.481093081257164,4,True,idle,0.0,0.0,0.0,0.0,0.0,0.0,0.18384776310850237,0.23256755992208045,0.21425632770186626,0.21425632770186628
0.4200000000000003,0.00014262492680230116,-2.2682598294476477e-19,0.09989936208788346,1.4446636299338872e-11,89.99894735491416,3.0099126619430657e-05,89.99894735584081,42.477783184722036,4,True,idle,0.0,0.0,0.0,0.0,0.0,0.0,0.18384776310850237,0.23256755992208045,0.21566191286327352,0.21566191286327352
0.4300000000000003,0.00014291385312459722,-2.023414146038086e-19,0.09989933049116918,1.2820580402057927e-11,89.99880196663929,2.785402755470891e-05,89.99880196764138,42.47428203744365,4,True,idle,0.0,0.0,0.0,0.0,0.0,0.0,0.18384776310850237,0.23256755992208045,0.2170848897839543,0.21708488978395438
0.44000000000000034,0.0001431784725551417,-1.8066031161680926e-19,0.09989929553709889,1.1243690534485469e-11,89.99865038638842,2.527337530749631e-05,89.99865038663701,42.47059408587272,4,True,idle,0.0,0.0,0.0,0.0,0.0,0.0,0.18384776310850237,0.23256755992208045,0.2185241341311888,0.21852413413118876
0.45000000000000034,0.0001434154644893632,-1.7289880429040178e-19,0.09989925800360397,1.025622336058124e-11,89.99849131239115,2.2361039918847983e-05,89.99849131246758,42.46672118604097,4,True,idle,0.0,0.0,0.0,0.0,0.0,0.0,0.18384776310850237,0.23256755992208045,0.21997846417666628,0.2199784641766663
0.46000000000000035,0.0001436214665772228,-1.960614564302449e-19,0.09989921840125816,9.837827830460693e-12,89.99832349310186,1.910701342871209e-05,89.99832349317741,42.46266389617179,4,True,idle,0.0,0.0,0.0,0.0,0.0,0.0,0.18384776310850237,0.23256755992208045,0.2214466325857803,0.22144663258578035
0.47000000000000036,0.00014379295926482316,-1.976473865078697e-19,0.09989917705195121,9.03337170545388e-12,89.99814566653441,1.5491354436886045e-05,89.99814566722762,42.45842243454607,4,True,idle,0.0,0.0,0.0,0.0,0.0,0.0,0.18384776310850237,0.23256755992208045,0.2229273175158193,0.2229273175158193
0.48000000000000037,0.000143926180458793,-2.1750166197490255e-19,0.09989913414301797,8.72902441197981e-12,89.99795652242891,1.1486546898015644e-05,89.99795652315214,42.45399746175662,4,True,idle,0.0,0.0,0.0,0.0,0.0,0.0,0.18384776310850237,0.23256755992208045,0.22441911292208008,0.22441911292208014
0.4900000000000004,0.00014401705791821767,-2.0990541009944378e-19,0.0998990897643488,7.602624305594136e-12,89.99775466994149,7.058863574790351e-06,89.99775466994758,42.449390793919314,4,True,idle,0.0,0.0,0.0,0.0,0.0,0.0,0.18384776310850237,0.23256755992208045,0.22592051797204726,0.22592051797204732
0.5000000000000003,0.00014406115164971036,-2.0557439744694883e-19,0.09989904393368837,6.656569108538851e-12,89.99753861411074,2.169114782006578e-06,89.99753861390126,42.44460612287639,4,True,idle,0.0,0.0,0.0,0.0,0.0,0.0,0.18384776310850237,0.23256755992208045,0.2274299254675208,0.2274299254675208
0.5100000000000003,0.00014405360161534342,-1.99093724763225e-19,0.0998989966137316,6.115511390017106e-12,89.99730674021227,-3.226967869651585e-06,89.99730673924768,42.43964980211562,4,True,idle,0.0,0.0,0.0,0.0,0.0,0.0,0.18384776310850237,0.23256755992208045,0.2289456091747159,0.2289456091747159
0.5200000000000004,0.00014398907809054336,-2.0232596163615235e-19,0.0998989477235254,5.8017150690855795e-12,89.99705729154758,-9.178542166706045e-06,89.99705729115553,42.43453174811937,4,True,idle,0.0,0.0,0.0,0.0,0.0,0.0,0.18384776310850237,0.23256755992208045,0.23046570996467297,0.23046570996467297
0.5300000000000004,0.0001338724747478143,-9.177393175519082e-20,0.09990268638992096,1.8543780780984123e-12,89.99155092235071,-0.01000499823295288,89.99155092242701,49.724844030758426,4,True,idle,0.0,0.0,0.0,0.0,0.0,0.0,0.18384776310850237,0.23256755992208045,0.2319296871146436,0.23192968711464354
0.5400000000000004,-3.973226096234281e-05,-2.584921814819288e-19,0.0999617323451693,1.904891924605745e-13,89.90254087332589,-0.016945710119850372,89.90254087334893,40.979125164917825,4,True,idle,0.0,0.0,0.0,0.0,0.0,0.0,0.18384776310850237,0.23256755992208045,0.23212870053441076,0.2321287005344107
0.5500000000000004,-9.562638055006558e-05,-8.046477137045566e-19,0.09996078426263866,2.1478859714319078e-13,89.88229083943402,0.00586217555186334,89.8822908394559,38.32054825841171,4,True,idle,0.0,0.0,0.0,0.0,0.0,0.0,0.18384776310850237,0.23256755992208045,0.23190410428900873,0.23190410428900873
0.5600000000000004,3.608931020081684e-05,-5.942681226718011e-19,0.09988078973926563,7.156683774748553e-13,89.96578590744639,0.011044773679545915,89.9657859075538,44.13180614205333,4,True,idle,0.0,0.0,0.0,0.0,0.0,0.0,0.18384776310850237,0.23256755992208045,0.23178053902308882,0.23178053902308873
0.5700000000000004,0.00010979078689698464,-4.883020182325329e-19,0.0998517257359184,179.99999999999753,89.99052692830617,0.0049055420730328555,90.00947307135054,43.20200413458959,4,True,idle,0.0,0.0,0.0,0.0,0.0,0.0,0.18384776310850237,0.23256755992208045,0.2317335906428353,0.23173359064283533
0.5800000000000004,0.0001383725634133959,-4.007599116682889e-19,0.09984950912000343,179.99999999999915,89.97456552565843,0.001492105725154171,90.02543447417789,42.88617263683812,4,True,idle,0.0,0.0,0.0,0.0,0.0,0.0,0.18384776310850237,0.23256755992208045,0.2317428703313145,0.2317428703313145
0.5900000000000004,0.00014268424850408956,-3.7511346985216166e-19,0.09985658936364815,179.99999999999926,89.97259110404826,-0.00023479019833298306,90.02740889577741,42.720095049295864,4,True,idle,0.0,0.0,0.0,0.0,0.0,0.0,0.18384776310850237,0.23256755992208045,0.2317598837141258,0.23175988371412573
0.6000000000000004,0.0001360005294480015,-4.029623417874619e-19,0.09986561781744217,179.99999999999915,89.97668212972097,-0.0009065173549780743,90.0233178700306,42.61932326488902,4,True,idle,0.0,0.0,0.0,0.0,0.0,0.0,0.18384776310850237,0.23256755992208045,0.23176742695320998,0.23176742695321007
0.6100000000000004,0.0001259984384360371,-6.24278329289781e-19,0.09987385257496137,179.9999999999986,89.98251313772678,-0.0010232395517479208,90.01748686189487,42.57386505428446,4,True,idle,0.0,0.0,0.0,0.0,0.0,0.0,0.18384776310850237,0.23256755992208045,0.23176855028653115,0.23176855028653082
0.6200000000000004,0.00011628035819430777,-3.1141317549023843e-19,0.09988050890735832,179.99999999999844,89.98810532950355,-0.0009114360730513686,90.0118946706245,42.563992134672525,4,True,idle,0.0,0.0,0.0,0.0,0.0,0.0,0.18384776310850237,0.23256755992208045,0.2317682161717932,0.2317682161717932
0.6300000000000004,0.0001081175999542641,-6.04572720886973e-20,0.09988557421666999,179.99999999999815,89.99277187238496,-0.0007355883974015512,90.00722812784193,42.568483197574835,4,True,idle,0.0,0.0,0.0,0.0,0.0,0.0,0.18384776310850237,0.23256755992208045,0.23176813283042086,0.23176813283042086
0.6400000000000005,0.00010173060125209385,-2.1215197848334178e-19,0.09988929793707534,179.99999999999525,89.9964054618684,-0.0005621862703878172,90.00359453886396,42.57566591864242,4,True,idle,0.0,0.0,0.0,0.0,0.0,0.0,0.18384776310850237,0.23256755992208045,0.23176823008570915,0.2317682300857091
0.6500000000000005,9.694957551275164e-05,-3.836530059678999e-19,0.0998919789438275,179.99999999997735,89.99911447208191,-0.0004137291741717758,90.00088552994374,42.58192602504235,4,True,idle,0.0,0.0,0.0,0.0,0.0,0.0,0.18384776310850237,0.23256755992208045,0.23176826421718336,0.23176826421718336
0.6600000000000005,9.348687255756211e-05,-3.1671632659916935e-19,0.09989388464905109,1.6913354375148202e-11,89.9989297015113,-0.0002956365666839721,89.99892969867976,42.586892000506566,4,True,idle,0.0,0.0,0.0,0.0,0.0,0.0,0.18384776310850237,0.23256755992208045,0.23176820745560506,0.23176820745560506
0.6700000000000005,9.104365665107388e-05,-2.731656558113908e-19,0.099895228454051,6.703401408669613e-12,89.99755297451014,-0.00020636786053452333,89.99755297301354,42.59077487362114,4,True,idle,0.0,0.0,0.0,0.0,0.0,0.0,0.18384776310850237,0.23256755992208045,0.23176812144660172,0.23176812144660172
0.6800000000000005,8.93550983570128e-05,-3.2428224618588764e-19,0.0998961711831498,5.154107844210687e-12,89.99660322455696,-0.00014141331997040554,89.99660322384152,42.59373582379213,4,True,idle,0.0,0.0,0.0,0.0,0.0,0.0,0.18384776310850237,0.23256755992208045,0.23176804716740274,0.23176804716740276
0.6900000000000005,8.820724136324385e-05,-3.2177037661395535e-19,0.09989683031679665,4.288224858342457e-12,89.99595857697348,-9.546131548687279e-05,89.99595857619023,42.59591753167357,4,True,idle,0.0,0.0,0.0,0.0,0.0,0.0,0.18384776310850237,0.23256755992208045,0.23176799284452163,0.23176799284452163
0.7000000000000005,8.74375936809064e-05,-1.8500286230676494e-19,0.09989729013894108,3.0991318557615127e-12,89.99552691454122,-6.362264773803416e-05,89.99552691359679,42.59748335603901,4,True,idle,0.0,0.0,0.0,0.0,0.0,0.0,0.18384776310850237,0.23256755992208045,0.23176795404696654,0.2317679540469665
0.7100000000000005,8.692770595872915e-05,-3.414137622320932e-19,0.09989761044372795,3.553512271024912e-12,89.99524128557609,-4.192109792913128e-05,89.99524128479234,42.59859284753527,4,True,idle,0.0,0.0,0.0,0.0,0.0,0.0,0.18384776310850237,0.23256755992208045,0.23176792606587648,0.23176792606587643
0.7200000000000005,8.659357033597871e-05,-3.5289437171956595e-19,0.0998978333418007,3.5828270885398314e-12,89.99505431314135,-2.7334418189162382e-05,89.99505431224887,42.599375735158,4,True,idle,0.0,0.0,0.0,0.0,0.0,0.0,0.18384776310850237,0.23256755992208045,0.23176790609457326,0.23176790609457332
0.7300000000000005,8.637679234591521e-05,-4.3145798038747973e-19,0.09989798834802001,3.873963381080085e-12,89.99493312868,-1.7651947903534254e-05,89.99493312870129,42.599927133697456,4,True,idle,0.0,0.0,0.0,0.0,0.0,0.0,0.18384776310850237,0.23256755992208045,0.23176789224052838,0.23176789224052838
0.7400000000000005,8.623745360908379e-05,-4.642827328258204e-19,0.09989809608597523,4.004985152376023e-12,89.99485530537339,-1.1297267334043957e-05,89.99485530558454,42.60031456802118,4,True,idle,0.0,0.0,0.0,0.0,0.0,0.0,0.18384776310850237,0.23256755992208045,0.23176788290004594,0.23176788290004582
0.7500000000000006,8.61486664853736e-05,-4.2259778520085287e-19,0.09989817093908639,3.9280297037467126e-12,89.99480575852262,-7.169282823859376e-06,89.99480575833704,42.600586081574754,4,True,idle,0.0,0.0,0.0,0.0,0.0,0.0,0.18384776310850237,0.23256755992208045,0.2317678767252376,0.23176787672523755
0.7600000000000006,8.609255684142974e-05,-4.195096704988649e-19,0.09989822292656977,3.804985013149181e-12,89.99477447213653,-4.512908149462022e-06,89.99477447176741,42.60077598271118,4,True,idle,0.0,0.0,0.0,0.0,0.0,0.0,0.18384776310850237,0.23256755992208045,0.23176787269422308,0.23176787269422314
0.7700000000000006,8.605737938113985e-05,-3.562567279667368e-19,0.09989825902188432,3.4153745487255324e-12,89.9947548721937,-2.8185404057285556e-06,89.99475487199557,42.60090865215585,4,True,idle,0.0,0.0,0.0,0.0,0.0,0.0,0.18384776310850237,0.23256755992208045,0.23176787009096433,0.23176787009096433
0.7800000000000006,8.603549555417457e-05,-3.288645577315215e-19,0.09989828407572927,3.236758907117904e-12,89.99474268822678,-1.7468641856123518e-06,89.99474268799733,42.601001276589905,4,True,idle,0.0,0.0,0.0,0.0,0.0,0.0,0.18384776310850237,0.23256755992208045,0.23176786843006467,0.23176786843006472
0.7900000000000006,8.602198463105629e-05,-3.2452370732459313e-19,0.0998983014606959,3.2104721792981163e-12,89.99473517152788,-1.0745467552466887e-06,89.99473517099624,42.601065906427785,4,True,idle,0.0,0.0,0.0,0.0,0.0,0.0,0.18384776310850237,0.23256755992208045,0.23176786738469257,0.23176786738469257
0.8000000000000006,8.601370504835214e-05,-3.0909494850534396e-19,0.09989831352082072,3.2000592081116505e-12,89.99473056825911,-6.561109641163177e-07,89.99473056764975,42.601110975591546,4,True,idle,0.0,0.0,0.0,0.0,0.0,0.0,0.18384776310850237,0.23256755992208045,0.23176786673587843,0.23176786673587843
0.8100000000000006,8.600866835536375e-05,-2.197189695799571e-19,0.09989832188475002,2.9083360654006892e-12,89.99472776999852,-3.977095403619552e-07,89.99472776912151,42.601142385462815,4,True,idle,0.0,0.0,0.0,0.0,0.0,0.0,0.18384776310850237,0.23256755992208045,0.23176786633880408,0.23176786633880408
0.8200000000000006,8.60056264240943e-05,-1.8012240394979436e-19,0.09989832768373565,2.8139328241383992e-12,89.99472608109853,-2.393588095390949e-07,89.99472607996977,42.60116426381264,4,True,idle,0.0,0.0,0.0,0.0,0.0,0.0,0.18384776310850237,0.23256755992208045,0.23176786609934072,0.23176786609934066
0.8300000000000006,8.600380215741616e-05,-4.1505996690804903e-19,0.09989833170330978,3.807148362669074e-12,89.99472506753443,-1.4305692836641183e-07,89.9947250675429,42.60117949542366,4,True,idle,0.0,0.0,0.0,0.0,0.0,0.0,0.18384776310850237,0.23256755992208045,0.23176786595728452,0.23176786595728452
0.8400000000000006,8.600271557025e-05,-3.711807937530422e-19,0.09989833448877906,3.692254340764119e-12,89.99472446472613,-8.493205238108741e-08,89.99472446481012,42.60119009455796,4,True,idle,0.0,0.0,0.0,0.0,0.0,0.0,0.18384776310850237,0.23256755992208045,0.23176786587463363,0.23176786587463363
0.8500000000000006,8.600207252655305e-05,-3.455871632595465e-19,0.09989833641857672,3.6157665957820567e-12,89.99472410790992,-5.011183298973119e-08,89.9947241082557,42.60119746664061,4,True,idle,0.0,0.0,0.0,0.0,0.0,0.0,0.18384776310850237,0.23256755992208045,0.23176786582767367,0.23176786582767367
0.8600000000000007,8.600169419454986e-05,-3.5642309093342277e-19,0.09989833775525127,3.763436264323908e-12,89.99472389797646,-2.9405815598681285e-08,89.99472389853563,42.60120259179683,4,True,idle,0.0,0.0,0.0,0.0,0.0,0.0,0.18384776310850237,0.23256755992208045,0.23176786580178887,0.23176786580178887
0.8700000000000007,8.600147270108646e-05,-4.103077081395548e-19,0.09989833868089991,4.203617129393577e-12,89.99472377501833,-1.718060990199668e-08,89.99472377576673,42.60120615323775,4,True,idle,0.0,0.0,0.0,0.0,0.0,0.0,0.18384776310850237,0.23256755992208045,0.23176786578809702,0.231767865788097
0.8800000000000007,8.600134348800372e-05,-2.8855950965116884e-19,0.09989833932178432,4.0121423199130444e-12,89.99472370352433,-1.0011167235017432e-08,89.9947237041353,42.60120862697204,4,True,idle,0.0,0.0,0.0,0.0,0.0,0.0,0.18384776310850237,0.23256755992208045,0.2317678657812862,0.23176786578128614
0.8900000000000007,8.600126822279024e-05,-3.6256029444490845e-19,0.09989833976542682,4.445269828033173e-12,89.99472366180268,-5.832094246043263e-09,89.99472366238982,42.601210344472214,4,True,idle,0.0,0.0,0.0,0.0,0.0,0.0,0.18384776310850237,0.23256755992208045,0.23176786577823602,0.23176786577823605
0.9000000000000007,8.600122432141529e-05,-4.1496544424369616e-19,0.09989834007247991,4.62285491020395e-12,89.99472363748822,-3.408170731202966e-09,89.9947236380171,42.60121153644152,4,True,idle,0.0,0.0,0.0,0.0,0.0,0.0,0.18384776310850237,0.23256755992208045,0.23176786577715203,0.23176786577715205
0.9100000000000007,8.600119857853295e-05,-4.635677624071658e-19,0.09989834028496464,4.865913024468129e-12,89.99472362325878,-2.0068130793555135e-09,89.99472362370395,42.60121236336755,4,True,idle,0.0,0.0,0.0,0.0,0.0,0.0,0.18384776310850237,0.23256755992208045,0.2317678657770285,0.23176786577702857
0.9200000000000007,8.600118332746568e-05,-4.208638410955293e-19,0.09989834043198678,4.797342330245284e-12,89.99472361476259,-1.1971786726737218e-09,89.99472361520611,42.60121293683565,4,True,idle,0.0,0.0,0.0,0.0,0.0,0.0,0.18384776310850237,0.23256755992208045,0.23176786577732061,0.23176786577732061
0.9300000000000007,8.6001174145105e-05,-3.885493975512986e-19,0.09989834053370189,4.529871705985245e-12,89.99472360965107,-7.279955301752143e-10,89.9947236100754,42.60121333439734,4,True,idle,0.0,0.0,0.0,0.0,0.0,0.0,0.18384776310850237,0.23256755992208045,0.23176786577774708,0.23176786577774708
0.9400000000000007,8.600116849216552e-05,-3.8013856151882007e-19,0.09989834060406458,4.4286759073357165e-12,89.99472360647364,-4.53913659295275e-10,89.99472360690612,42.601213609924464,4,True,idle,0.0,0.0,0.0,0.0,0.0,0.0,0.18384776310850237,0.23256755992208045,0.2317678657781736,0.2317678657781736
0.9500000000000007,8.600116491481027e-05,-3.712400637085336e-19,0.0998983406527344,4.506577098356887e-12,89.99472360433232,-2.9149496356491886e-10,89.99472360489305,42.60121380081992,4,True,idle,0.0,0.0,0.0,0.0,0.0,0.0,0.18384776310850237,0.23256755992208045,0.2317678657785441,0.2317678657785441
0.9600000000000007,8.600116258012443e-05,-3.75435260226911e-19,0.09989834068639666,4.506600178892032e-12,89.99472360322713,-1.9316411570118062e-10,89.99472360357441,42.60121393304322,4,True,idle,0.0,0.0,0.0,0.0,0.0,0.0,0.18384776310850237,0.23256755992208045,0.23176786577884326,0.23176786577884326
0.9700000000000008,8.600116100828265e-05,-3.6866030529518224e-19,0.09989834070967751,4.577763482517787e-12,89.99472360232916,-1.319279089027809e-10,89.9947236026837,42.60121402460508,4,True,idle,0.0,0.0,0.0,0.0,0.0,0.0,0.18384776310850237,0.23256755992208045,0.23176786577907338,0.23176786577907338
0.9800000000000008,8.600115991952207e-05,-3.646221728380385e-19,0.09989834072577769,4.665349191489187e-12,89.99472360163841,-9.250397922786893e-11,89.99472360206511,42.60121408799562,4,True,idle,0.0,0.0,0.0,0.0,0.0,0.0,0.18384776310850237,0.23256755992208045,0.2317678657792448,0.2317678657792448
0.9900000000000008,8.600115914743234e-05,-3.501356854763345e-19,0.09989834073691149,4.772413534764278e-12,89.99472360122397,-6.621878239689074e-11,89.99472360162558,42.601214131874826,4,True,idle,0.0,0.0,0.0,0.0,0.0,0.0,0.18384776310850237,0.23256755992208045,0.23176786577936975,0.23176786577936975
1.0000000000000007,8.600115859018548e-05,-4.647284999482323e-19,0.09989834074461065,5.235000802064204e-12,89.99472360101674,-4.810640396875554e-11,89.99472360130802,42.601214162242194,4,True,idle,0.0,0.0,0.0,0.0,0.0,0.0,0.18384776310850237,0.23256755992208045,0.23176786577945896,0.231767865779459
1.0099999999999996,8.263297243861708e-05,-3.878886996184277e-19,0.09989827432476635,3.4706035310869323e-12,89.99324055821894,-0.0016215035696458932,89.99324055864467,46.61403037436246,4,True,righting,0.0,1.1415599999998998,0.0,0.0,1.1415599999998998,0.0,0.18384776310850237,0.23256755992208045,0.23171073807189643,0.23171073807189646
1.0199999999999985,-0.00019499324361028848,-2.262093615103639e-19,0.10000004097243545,2.4656073357184936e-13,89.84822970961513,-0.06917690086756867,89.84822970962973,71.12503856833928,0,False,righting,0.0,5.168806913579709,0.0,0.0,5.168806913579709,0.0,0.18384776310850237,0.23256755992208045,0.22977866084518275,0.22977866084518275
1.0299999999999974,-0.0018031314699072625,-1.667704418953393e-19,0.10069846639137131,4.254885664448223e-14,88.9678549123869,-0.24447211303375696,88.96785491239002,84.11947099553336,0,False,righting,0.0,6.997535308641959,0.0,0.0,6.997535308641959,0.0,0.18384776310850237,0.23256755992208045,0.22012285886183292,0.22012285886183292
1.0399999999999963,-0.005383336194741765,-3.8810573409101985e-19,0.1022779161161053,-2.729645383142089e-15,86.98661544634854,-0.4535694931544238,86.98661544634959,80.10228187477298,0,False,righting,0.0,7.0,0.0,0.0,7.0,0.0,0.18384776310850237,0.23256755992208045,0.2000241618168976,0.20002416181689758
1.0499999999999952,-0.011126452200866757,-5.183180397996925e-19,0.10467027661718857,-4.533007651300898e-15,83.81999634702564,-0.673084572952741,83.81999634702612,74.5971823951163,0,False,righting,0.0,7.0,0.0,0.0,7.0,0.0,0.18384776310850237,0.23256755992208045,0.16919778089663792,0.16919778089663792
1.059999999999994,-0.01906234078598893,-5.669160597308291e-19,0.10737547640136005,-3.678556963865611e-15,79.58487993403423,-0.9048439536499935,79.58487993403453,102.77192161968843,0,False,righting,0.0,7.0,0.0,0.0,7.0,0.0,0.18384776310850237,0.23256755992208045,0.12827208880343327,0.1282720888034333
1.069999999999993,-0.021753315613288693,-3.52759483201919e-18,0.11309266627914637,2.995369562862682e-14,74.28133140735694,0.4175217852850426,74.28133140735713,0.0,0,False,righting,0.0,7.0,0.0,0.0,7.0,0.0,0.18384776310850237,0.23256755992208045,0.10541191953094826,0.10541191953094838
1.0799999999999919,-0.016912081195728658,7.346832641669187e-18,0.12208634902191541,2.3586112853419414e-14,67.57410039132165,0.4296964168670017,67.57410039132182,0.0,0,False,righting,0.0,7.0,0.0,0.0,7.0,0.0,0.18384776310850237,0.23256755992208045,0.11145032539701459,0.11145032539701447
1.0899999999999908,-0.013476792495109293,7.172441566804298e-18,0.12955175675355804,2.944572013466497e-14,61.271521861910244,0.2697934806856548,61.271521861910344,60.633730328102466,4,True,righting,0.0,7.0,0.0,0.0,7.0,0.0,0.18384776310850237,0.23256755992208045,0.11467058675996902,0.11467058675996901
1.0999999999999897,-0.01128748699876315,5.304392799166667e-19,0.13554769038514916,3.439546991057663e-14,55.651973301608614,0.1947810449192186,55.651973301608756,28.15845874014741,4,True,righting,0.0,7.0,0.0,0.0,7.0,0.0,0.18384776310850237,0.23256755992208045,0.1142166523009332,0.11421665230093314
1.1099999999999886,-0.009382690756203137,-1.0758361365643036e-17,0.1405634726142158,3.752138918610358e-14,50.26083487544643,0.19198051518178602,50.26083487544659,24.3353317692699,4,True,righting,0.0,7.0,0.0,0.0,7.0,0.0,0.18384776310850237,0.23256755992208045,0.11296704387530587,0.11296704387530576
1.1199999999999875,-0.0073906183330934416,-1.942096428249048e-17,0.1449784957201583,3.778819401495222e-14,44.94647637987844,0.2056713455864635,44.94647637987858,25.335360812328666,4,True,righting,0.0,7.0,0.0,0.0,7.0,0.0,0.18384776310850237,0.23256755992208045,0.1122118072948483,0.11221180729484838
1.1299999999999863,-0.005269173312104263,-2.1174211469078975e-17,0.1489004172410225,3.495811315003237e-14,39.69042982464203,0.2162094635198459,39.69042982464218,24.158555893040706,4,True,righting,0.0,7.0,0.0,0.0,7.0,0.0,0.18384776310850237,0.23256755992208045,0.1120876945344017,0.11208769453440176
1.1399999999999852,-0.0030859457677779555,-9.803930618298534e-18,0.15219971793880024,2.502536968288557e-14,34.48944582546422,0.2165779760770919,34.48944582546443,27.30334397763354,4,True,righting,0.0,7.0,0.0,0.0,7.0,0.0,0.18384776310850237,0.23256755992208045,0.11243955545124713,0.11243955545124722
1.1499999999999841,-0.0009469222853943818,-7.786426014946608e-18,0.15475777254555548,2.155019450510306e-14,29.40243864000971,0.21264525027820627,29.402438640009894,0.0,0,False,righting,0.0,7.0,0.0,0.0,7.0,0.0,0.18384776310850237,0.23256755992208045,0.11246477546786425,0.11246477546786436
1.159999999999983,0.0011799106555856862,3.405139870068301e-19,0.1566342580969027,1.561367473047257e-14,24.40907676977005,0.21197863294755726,24.409076769770227,30.745752013748152,4,True,righting,0.0,7.0,0.0,0.0,7.0,0.0,0.18384776310850237,0.23256755992208045,0.11234202040593451,0.11234202040593458
1.169999999999982,0.0033138723975299086,6.346944933478125e-18,0.15798746809404582,1.258093457838016e-14,19.511341743467426,0.21448315542938834,19.51134174346758,36.15427107162742,4,True,righting,0.0,7.0,0.0,0.0,7.0,0.0,0.18384776310850237,0.23256755992208045,0.11204127783763124,0.11204127783763126
1.1799999999999808,0.005479931732208706,1.1207051123710063e-17,0.1589948245660427,1.0127182401182633e-14,14.689623244792712,0.21807568403086755,14.689623244792909,40.983297372556464,4,True,righting,0.0,7.0,0.0,0.0,7.0,0.0,0.18384776310850237,0.23256755992208045,0.11177613147810206,0.11177613147810207
1.1899999999999797,0.007672275193086034,2.250109705072357e-17,0.15980833287008978,5.8296064874792166e-15,9.93704854037563,0.22016690586939497,9.937048540376127,41.948787809730476,4,True,righting,0.0,7.0,0.0,0.0,7.0,0.0,0.18384776310850237,0.23256755992208045,0.11156118843371002,0.11156118843370998
1.1999999999999786,0.00988091215217529,2.453652647945893e-17,0.16053756772742167,6.3018643373118494e-15,5.2365305223237995,0.22113254511612282,5.236530522324274,42.34166552748928,4,True,righting,0.0,7.0,0.0,0.0,7.0,0.0,0.18384776310850237,0.23256755992208045,0.11155053962765696,0.1115505396276569
1.2099999999999775,0.012070948628566685,2.22488627775369e-17,0.1611126005772504,8.543742729966228e-15,0.5871724690930541,0.21709323576857675,0.5871724690975432,38.531662011694266,4,True,righting,0.0,7.0,0.0,0.0,7.0,0.0,0.18384776310850237,0.23256755992208045,0.11161929450563508,0.11161929450563501
1.2199999999999764,0.01421222227477883,1.0821885215565923e-17,0.16150458739880974,1.3541235826660643e-14,-4.011938005504067,0.21139163438137015,4.01193800550527,37.00081149721697,4,True,righting,0.0,7.0,0.0,0.0,7.0,0.0,0.18384776310850237,0.23256755992208045,0.11163900026687835,0.1116390002668784
1.2299999999999753,0.016289120553820077,1.409133563759288e-18,0.161676160403482,1.8063879495983458e-14,-8.575496232779365,0.2040337981779678,8.575496232780083,36.96531643936555,4,True,righting,0.0,7.0,0.0,0.0,7.0,0.0,0.18384776310850237,0.23256755992208045,0.11173237583945642,0.11173237583945657
1.2399999999999742,0.01827378573163189,2.762052660410521e-18,0.16157963742653092,1.847100881788862e-14,-13.10239254527606,0.19362635675936435,13.10239254527602,36.27275724250266,4,True,righting,0.0,7.0,0.0,0.0,7.0,0.0,0.18384776310850237,0.23256755992208045,0.11171109706201916,0.11171109706201922
1.2499999999999731,0.020145644537356032,1.4561131232032863e-17,0.16124696849103398,1.3479539712921372e-14,-17.61039678708212,0.18172778291870884,17.610396787082088,37.419331100354086,4,True,righting,0.0,7.0,0.0,0.0,7.0,0.0,0.18384776310850237,0.23256755992208045,0.11172224139007106,0.11172224139007118
1.259999999999972,0.02188073203984851,3.820460363691375e-17,0.16065017172535867,3.822087512460848e-15,-22.10720516368182,0.1664391490320269,22.10720516368177,35.572120879237616,4,True,righting,0.0,7.0,0.0,0.0,7.0,0.0,0.18384776310850237,0.23256755992208045,0.11170933689846503,0.11170933689846502
1.269999999999971,0.023457089647214286,5.558833058370764e-17,0.15978007223701834,-3.842361743686474e-15,-26.607843132207883,0.14995247909255635,26.607843132207805,34.70563136874947,4,True,righting,0.0,7.0,0.0,0.0,7.0,0.0,0.18384776310850237,0.23256755992208045,0.11177194700745105,0.11177194700745098
1.2799999999999698,0.024856800398097834,5.997410126536054e-17,0.15857814101542136,-5.525113020149541e-15,-31.119530210332176,0.1319168357278156,31.119530210332083,33.448816191245946,4,True,righting,0.0,7.0,0.0,0.0,7.0,0.0,0.18384776310850237,0.23256755992208045,0.11184560959412101,0.11184560959412097
1.2899999999999687,0.02607165900881396,5.020934887051251e-17,0.1569705993462142,-5.352008914959413e-16,-35.65147346870653,0.11315466338880466,35.6514734687064,31.378245790148785,4,True,righting,0.0,7.0,0.0,0.0,7.0,0.0,0.18384776310850237,0.23256755992208045,0.11194695358006715,0.11194695358006716
1.2999999999999676,0.02709965463525158,3.6309092630337456e-17,0.15487524328588395,5.781487902605913e-15,-40.211036949569994,0.09433798785734147,40.211036949569824,28.849333214943933,4,True,righting,0.0,7.0,0.0,0.0,7.0,0.0,0.18384776310850237,0.23256755992208045,0.11205613303248024,0.11205613303248027
1.3099999999999665,0.027946011749890195,3.051729428093477e-17,0.15220827351432534,6.6635084514395966e-15,-44.8058751218837,0.07675722127341263,44.805875121883496,28.04381393508624,4,True,righting,0.0,7.0,0.0,0.0,7.0,0.0,0.18384776310850237,0.23256755992208045,0.11218818417029126,0.1121881841702912
1.3199999999999654,0.02862104820519701,6.094414631370731e-18,0.14888964894384324,1.984315651110637e-14,-49.44282366540926,0.060204176049850955,49.442823665409065,26.76885784000454,4,True,righting,0.0,7.0,0.0,0.0,7.0,0.0,0.18384776310850237,0.23256755992208045,0.11231036124885498,0.11231036124885495
1.3299999999999643,0.02914192936938666,-2.7513486514188892e-17,0.1448431352179853,3.8419869294687984e-14,-54.12941893365297,0.04554360017327228,54.12941893365282,0.0,0,False,righting,0.0,7.0,0.0,0.0,7.0,0.0,0.18384776310850237,0.23256755992208045,0.11243814318458892,0.11243814318458902
1.3399999999999632,0.029533432213968685,-4.694638765671007e-17,0.13999454445173296,5.0473896749651524e-14,-58.87222060232672,0.03435321641527557,58.8722206023266,23.889336946699085,4,True,righting,0.0,7.0,0.0,0.0,7.0,0.0,0.18384776310850237,0.23256755992208045,0.1125977403846847,0.11259774038468472
1.3499999999999621,0.029953210484461045,-5.2121417136966335e-17,0.13463160762573365,5.819459138527892e-14,-63.56180801936225,0.08714515649066519,63.56180801936219,185.3208692218571,4,True,righting,0.0,7.0,0.0,0.0,7.0,0.0,0.18384776310850237,0.23256755992208045,0.11263158390421432,0.11263158390421436
1.359999999999961,0.031483756263671524,-4.162188376433375e-17,0.13209181573668208,5.4674848373451404e-14,-67.17611916945971,0.18983095133336494,67.1761191694597,113.66707094094897,4,True,righting,0.0,7.0,0.0,0.0,7.0,0.0,0.18384776310850237,0.23256755992208045,0.1121750754975699,0.11217507549756991
1.36999999999996,0.033486992106247906,-2.791153346006336e-17,0.13170963971387456,4.702617570349666e-14,-70.12972382971029,0.19864938557632358,70.1297238297103,71.76599595069528,4,True,righting,0.0,7.0,0.0,0.0,7.0,0.0,0.18384776310850237,0.23256755992208045,0.11165389602102489,0.11165389602102488
1.3799999999999588,0.03532270389896491,-1.522913706295098e-17,0.13227869648289098,3.829543242987706e-14,-72.82246995754053,0.16987880984033527,72.82246995754058,53.07050488662578,4,True,righting,0.0,7.0,0.0,0.0,7.0,0.0,0.18384776310850237,0.23256755992208045,0.11153071785421768,0.11153071785421767
1.3899999999999577,0.0368722721509948,-5.66652320088537e-18,0.13319724674399502,3.09648102106138e-14,-75.39333761058644,0.14435358592070133,75.39333761058647,40.5411415941269,4,True,righting,0.0,7.0,0.0,0.0,7.0,0.0,0.18384776310850237,0.23256755992208045,0.11176947240849867,0.11176947240849858
1.3999999999999566,0.038197051662867236,-1.2331553982729016e-17,0.13409890892480952,5.1763507019029936e-14,-77.73179295721891,0.11651178040681887,77.73179295721899,40.06703497080317,4,True,righting,0.0,7.0,0.0,0.0,7.0,0.0,0.18384776310850237,0.23256755992208045,0.11209429489615658,0.11209429489615665
1.4099999999999555,0.03919302816252193,-1.2467075033888616e-17,0.13493357659524047,5.752323281638096e-14,-78.57697863223808,0.0906450448197497,78.57697863223804,30.622411959807277,4,True,righting,0.0,7.0,0.0,0.0,7.0,0.0,0.18384776310850237,0.23256755992208045,0.11255643557142689,0.11255643557142696
1.4199999999999544,0.04005455327804013,-6.896823095510599e-18,0.13544571436963335,4.579313413992031e-14,-78.4170003078195,0.0834868273516882,78.41700030781946,30.82420975464881,4,True,righting,0.0,7.0,0.0,0.0,7.0,0.0,0.18384776310850237,0.23256755992208045,0.11271284488540285,0.11271284488540297
1.4299999999999533,0.040857855012909026,-1.6200580165712685e-18,0.13561083880159944,3.431428727067955e-14,-77.8389047358886,0.07737928378558964,77.83890473588862,36.75849618720274,4,True,righting,0.0,7.0,0.0,0.0,7.0,0.0,0.18384776310850237,0.23256755992208045,0.11248702855322902,0.11248702855322906
1.4399999999999522,0.041565184969258505,1.60538344649525e-18,0.13559199124294738,2.7819194433592252e-14,-77.16313854218228,0.06335848812837899,77.16313854218227,41.33394527738369,4,True,righting,0.0,7.0,0.0,0.0,7.0,0.0,0.18384776310850237,0.23256755992208045,0.11210855246917943,0.11210855246917945
1.449999999999951,0.04206937062882828,4.166040655158018e-18,0.13554535642806403,2.2719589208426746e-14,-76.47285433063257,0.03892250260310803,76.47285433063269,44.43563302789372,4,True,righting,0.0,7.0,0.0,0.0,7.0,0.0,0.18384776310850237,0.23256755992208045,0.11181771002751563,0.11181771002751564
1.45999999999995,0.042313104754492424,1.3548994354678361e-17,0.1355635998963362,5.848003650173359e-15,-75.77941466292452,0.012841837745668532,75.77941466292465,43.804320044926015,4,True,righting,0.0,7.0,0.0,0.0,7.0,0.0,0.18384776310850237,0.23256755992208045,0.11174405793334019,0.11174405793334007
1.469999999999949,0.04232457675680602,1.5348515725686097e-17,0.1356352436501337,2.836291975770478e-15,-75.07934555834831,-0.006824296462441911,75.07934555834835,43.14346541844289,4,True,righting,0.0,7.0,0.0,0.0,7.0,0.0,0.18384776310850237,0.23256755992208045,0.11183973430787354,0.11183973430787342
1.4799999999999478,0.04220027082128527,1.5800156133325452e-17,0.1357273774742436,1.579360261112059e-15,-74.36151277555892,-0.015414758776037266,74.36151277555915,42.25933415199596,4,True,righting,0.0,7.0,0.0,0.0,7.0,0.0,0.18384776310850237,0.23256755992208045,0.11201243423326517,0.11201243423326511
1.4899999999999467,0.04204251064671979,1.56035658874203e-17,0.13580876602491485,1.182536950019475e-15,-73.61431242268416,-0.015008352374527169,73.61431242268443,41.680245105939896,4,True,righting,0.0,7.0,0.0,0.0,7.0,0.0,0.18384776310850237,0.23256755992208045,0.11217906947432357,0.11217906947432352
1.4999999999999456,0.041919746924457234,1.4179302526813973e-17,0.13585924399966504,2.59785344514685e-15,-72.82994944620094,-0.009594123228569337,72.82994944620116,41.54400925754451,4,True,righting,0.0,7.0,0.0,0.0,7.0,0.0,0.18384776310850237,0.23256755992208045,0.11228827103138501,0.11228827103138495
1.5099999999999445,0.04186078036908013,1.2130942915436924e-17,0.13587424546237103,4.945574787830881e-15,-72.0054454051831,-0.002915924877210924,72.00544540518331,41.75128280524513,4,True,righting,0.0,7.0,0.0,0.0,7.0,0.0,0.18384776310850237,0.23256755992208045,0.11232545545620556,0.11232545545620555
1.5199999999999434,0.04186266700540096,1.0089795572144977e-17,0.1358611137418853,7.170176295550574e-15,-71.14183569888837,0.0023892793909410636,71.14183569888857,42.13525819983767,4,True,righting,0.0,7.0,0.0,0.0,7.0,0.0,0.18384776310850237,0.23256755992208045,0.11230342153799973,0.11230342153799969
1.5299999999999423,0.04190352750010141,8.476751906689677e-18,0.1358332068561314,8.721743722316619e-15,-70.24268005041337,0.0050447181068627375,70.24268005041353,42.532479464345066,4,True,righting,0.0,7.0,0.0,0.0,7.0,0.0,0.18384776310850237,0.23256755992208045,0.11224920571272803,0.11224920571272802
1.5399999999999412,0.04195585881614902,6.265883140808674e-18,0.13580419827185491,1.0883752619724424e-14,-69.31241658527254,0.005035935006754876,69.31241658527267,42.818869479043485,4,True,righting,0.0,7.0,0.0,0.0,7.0,0.0,0.18384776310850237,0.23256755992208045,0.11219143208231401,0.11219143208231402
1.54999999999994,0.04199732911687407,4.267502983025381e-18,0.1357838018543659,1.2633793438909688e-14,-68.35494717796192,0.0032426468872486084,68.35494717796196,42.934153410322345,4,True,righting,0.0,7.0,0.0,0.0,7.0,0.0,0.18384776310850237,0.23256755992208045,0.11215075487123174,0.11215075487123163
1.559999999999939,0.04201678963718232,1.372981294487197e-18,0.13577576419463222,1.5305155369273124e-14,-67.3727832998649,0.0008899149593303502,67.37278329986489,42.891269128744334,4,True,righting,0.0,7.0,0.0,0.0,7.0,0.0,0.18384776310850237,0.23256755992208045,0.1121353199234554,0.11213531992345542
1.569999999999938,0.042014636432573874,-8.119405597397526e-19,0.1357783963643268,1.6943984412847534e-14,-66.3669193446056,-0.0009950735453786944,66.36691934460555,42.75687048477249,4,True,righting,0.0,7.0,0.0,0.0,7.0,0.0,0.18384776310850237,0.23256755992208045,0.11214179674097224,0.11214179674097229
1.5799999999999368,0.04199883691120615,-2.735205228100072e-18,0.13578691854034688,1.8151791291177793e-14,-65.33730435639792,-0.001899999262811153,65.33730435639792,42.61006249179834,4,True,righting,0.0,7.0,0.0,0.0,7.0,0.0,0.18384776310850237,0.23256755992208045,0.11216031267716509,0.11216031267716509
1.5899999999999357,0.04197948849210435,-3.937685232675429e-18,0.13579619038951077,1.8529578251873068e-14,-64.28354927174217,-0.001838716976776164,64.28354927174213,42.50700088957767,4,True,righting,0.0,7.0,0.0,0.0,7.0,0.0,0.18384776310850237,0.23256755992208045,0.1121801934101027,0.1121801934101028
1.5999999999999346,0.04196451570328892,-3.899668365498862e-18,0.1358026265348868,1.7779113606483894e-14,-63.205515700190105,-0.0011586102374269009,63.20551570019004,42.46830256998419,4,True,righting,0.0,7.0,0.0,0.0,7.0,0.0,0.18384776310850237,0.23256755992208045,0.11219398320178452,0.11219398320178452
1.6099999999999335,0.04195766992605473,-4.590107431093832e-18,0.13580487918099068,1.7766443588695676e-14,-62.10361275588855,-0.0003006833884603578,62.10361275588849,42.48527768947051,4,True,righting,0.0,7.0,0.0,0.0,7.0,0.0,0.18384776310850237,0.23256755992208045,0.1121988888891703,0.11219888888917032
1.6199999999999324,0.04195866837333849,-5.892883120623414e-18,0.1358035134228543,1.8287551332710363e-14,-60.9788059550001,0.0003829628148309951,60.978805955000084,42.533703386023426,4,True,righting,0.0,7.0,0.0,0.0,7.0,0.0,0.18384776310850237,0.23256755992208045,0.11219611869008304,0.11219611869008306
1.6299999999999313,0.041964647295365254,-8.524048061438278e-18,0.1358001567309056,1.983259694757441e-14,-59.83243725091275,0.0007171766267090415,59.83243725091268,42.587169840877955,4,True,righting,0.0,7.0,0.0,0.0,7.0,0.0,0.18384776310850237,0.23256755992208045,0.11218911089345354,0.11218911089345351
1.6399999999999302,0.04197199498774041,-1.1149352069631856e-17,0.13579658484294763,2.1166600650442628e-14,-58.66597860575935,0.0007038898962242331,58.66597860575935,42.62638735437225,4,True,righting,0.0,7.0,0.0,0.0,7.0,0.0,0.18384776310850237,0.23256755992208045,0.11218161675016798,0.11218161675016793
1.649999999999929,0.04197783291781221,-1.0028538854171854e-17,0.13579406279940803,1.9421836136857508e-14,-57.48082173829793,0.0004633592447169082,57.48082173829793,42.64327993858839,4,True,righting,0.0,7.0,0.0,0.0,7.0,0.0,0.18384776310850237,0.23256755992208045,0.11217631255604683,0.11217631255604689
1.659999999999928,0.04198076060864725,-8.82935914930666e-18,0.1357930772672775,1.7966775507868403e-14,-56.27816375920886,0.00015407229987316005,56.278163759208915,42.64015031139371,4,True,righting,0.0,7.0,0.0,0.0,7.0,0.0,0.18384776310850237,0.23256755992208045,0.11217423407913948,0.11217423407913957
1.6699999999999269,0.04198084528032642,-1.0712268806540024e-17,0.13579342601972594,1.8900111986917744e-14,-55.058998530125386,-9.478486897875143e-05,55.05899853012542,42.62552130118842,4,True,righting,0.0,7.0,0.0,0.0,7.0,0.0,0.18384776310850237,0.23256755992208045,0.11217496402583763,0.11217496402583772
1.6799999999999258,0.04197910544080911,-7.310998528813302e-18,0.13579451785306473,1.598839930668321e-14,-53.82418365602135,-0.0002184679031032801,53.82418365602139,42.60907988488987,4,True,righting,0.0,7.0,0.0,0.0,7.0,0.0,0.18384776310850237,0.23256755992208045,0.11217726320600087,0.11217726320600092
1.6899999999999247,0.041976837123544705,-6.6480620043124015e-18,0.13579570799919768,1.5278489546003856e-14,-52.57453529596947,-0.00021745386223767784,52.574535295969554,42.597871458239794,4,True,righting,0.0,7.0,0.0,0.0,7.0,0.0,0.18384776310850237,0.23256755992208045,0.1121797766165068,0.11217977661650688
1.6999999999999236,0.04197507164852387,-8.124027517770724e-18,0.13579653909162945,1.5974498019682857e-14,-51.3109083559093,-0.0001351701956687246,51.31090835590936,42.59473301368699,4,True,righting,0.0,7.0,0.0,0.0,7.0,0.0,0.18384776310850237,0.23256755992208045,0.11218154115747779,0.11218154115747786
1.7099999999999225,0.04197430882359666,-9.87874999974006e-18,0.1357968356078634,1.6729750162118542e-14,-50.03423879243336,-2.842833341382497e-05,50.03423879243341,42.59874609356998,4,True,righting,0.0,7.0,0.0,0.0,7.0,0.0,0.18384776310850237,0.23256755992208045,0.1121821855104513,0.1121821855104514
1.7199999999999214,0.04197452382515407,-8.864778346735385e-18,0.1357966691191839,1.561201712505247e-14,-48.745545734421476,5.667366041143552e-05,48.745545734421555,42.606829940703264,4,True,righting,0.0,7.0,0.0,0.0,7.0,0.0,0.18384776310850237,0.23256755992208045,0.11218185825373392,0.11218185825373396
1.7299999999999203,0.04197535235839424,-6.766547645470929e-18,0.13579625030285963,1.402289160629144e-14,-47.44590572034897,9.700011179057886e-05,47.445905720348996,42.61552693392652,4,True,righting,0.0,7.0,0.0,0.0,7.0,0.0,0.18384776310850237,0.23256755992208045,0.11218100143664644,0.11218100143664647
1.7399999999999192,0.0419763303207493,-6.483356503638363e-18,0.1357958095201901,1.363359408120239e-14,-46.13641681685891,9.262241858259611e-05,46.13641681685895,42.622312262201504,4,True,righting,0.0,7.0,0.0,0.0,7.0,0.0,0.18384776310850237,0.23256755992208045,0.11218009947556361,0.11218009947556364
1.749999999999918,0.04197708734789581,-6.352540858680373e-18,0.13579551075173457,1.3353696431072442e-14,-44.818168042268894,5.900483648793027e-05,44.818168042268944,42.62614708299981,4,True,righting,0.0,7.0,0.0,0.0,7.0,0.0,0.18384776310850237,0.23256755992208045,0.112179497799576,0.11217949779957606
1.759999999999917,0.04197744305510263,-8.708850368655507e-18,0.1357954173075603,1.443977704129657e-14,-43.4922227017262,1.649874567404067e-05,43.492222701726334,42.627337333087326,4,True,righting,0.0,7.0,0.0,0.0,7.0,0.0,0.18384776310850237,0.23256755992208045,0.11217933028999481,0.11217933028999481
1.7699999999999159,0.04197740532379309,-8.79555846334378e-18,0.13579550382237301,1.418833031568487e-14,-42.1596166452148,-1.8333943963914853e-05,42.159616645214854,42.62697478301054,4,True,righting,0.0,7.0,0.0,0.0,7.0,0.0,0.18384776310850237,0.23256755992208045,0.11217954416815343,0.11217954416815344
1.7799999999999148,0.04197710407546855,-8.988583079506087e-18,0.13579569488124585,1.406062861874087e-14,-40.821366925990866,-3.7172429133310846e-05,40.82136692599095,42.62629217404812,4,True,righting,0.0,7.0,0.0,0.0,7.0,0.0,0.18384776310850237,0.23256755992208045,0.11217998106456226,0.11217998106456227
1.7899999999999137,0.04197670516057716,-8.930096950938828e-18,0.13579590794901814,1.378062298043678e-14,-39.478484151016495,-4.003509146828035e-05,39.47848415101654,42.62618608716608,4,True,righting,0.0,7.0,0.0,0.0,7.0,0.0,0.18384776310850237,0.23256755992208045,0.11218046730078735,0.11218046730078735
1.7999999999999126,0.04197634089008368,-7.465169372414895e-18,0.13579608427823908,1.276485928059039e-14,-38.131982685624365,-3.245643917077224e-05,38.131982685624365,42.62701770323406,4,True,righting,0.0,7.0,0.0,0.0,7.0,0.0,0.18384776310850237,0.23256755992208045,0.1121808789987234,0.1121808789987234
1.8099999999999115,0.04197607564172464,-6.900114871649217e-18,0.13579620114923469,1.2351876563170723e-14,-36.78288550765096,-2.1708213961391403e-05,36.78288550765097,42.62866672180372,4,True,righting,0.0,7.0,0.0,0.0,7.0,0.0,0.18384776310850237,0.23256755992208045,0.11218116797060979,0.1121811679706098
1.8199999999999104,0.041975906597066036,-9.128353548281653e-18,0.1357962675116299,1.3358436868989528e-14,-35.432223398324886,-1.36954971366963e-05,35.432223398324886,42.63073380184913,4,True,righting,0.0,7.0,0.0,0.0,7.0,0.0,0.18384776310850237,0.23256755992208045,0.11218135267828133,0.11218135267828135
1.8299999999999093,0.04197578749794105,-8.405701327949757e-18,0.13579631013819937,1.2706022212715401e-14,-34.08103021185809,-1.137252440371973e-05,34.08103021185805,42.63277118826391,4,True,righting,0.0,7.0,0.0,0.0,7.0,0.0,0.18384776310850237,0.23256755992208045,0.11218148917907501,0.11218148917907508
1.8399999999999082,0.04197565944604448,-6.242827096600861e-18,0.1357963582775607,1.1448109607920977e-14,-32.73033674473964,-1.4712716106047418e-05,32.73033674473962,42.63445242437902,4,True,righting,0.0,7.0,0.0,0.0,7.0,0.0,0.18384776310850237,0.23256755992208045,0.11218163885125247,0.1121816388512526
1.849999999999907,0.04197547572284033,-4.908863940696655e-18,0.13579643261677235,1.0799276937482216e-14,-31.38116537785528,-2.1719538097318073e-05,31.3811653778553,42.63564314281067,4,True,righting,0.0,7.0,0.0,0.0,7.0,0.0,0.18384776310850237,0.23256755992208045,0.11218184514138332,0.1121818451413834
1.859999999999906,0.0419752140606863,-4.461639189804719e-18,0.13579654091797805,1.0573453875656627e-14,-30.034526678038475,-2.977817239216449e-05,30.034526678038496,42.63638178353738,4,True,righting,0.0,7.0,0.0,0.0,7.0,0.0,0.18384776310850237,0.23256755992208045,0.11218212433481707,0.11218212433481718
1.8699999999999048,0.04197487634888348,-3.494872330598267e-18,0.13579667958928743,1.005837407277612e-14,-28.69141807038163,-3.676552680496414e-05,28.6914180703816,42.63680722322542,4,True,righting,0.0,7.0,0.0,0.0,7.0,0.0,0.18384776310850237,0.23256755992208045,0.11218246881663471,0.11218246881663474
1.8799999999999037,0.04197448011278416,-7.015679521279914e-19,0.13579683864560066,8.72651055091714e-15,-27.352823931459533,-4.1615731300199305e-05,27.352823931459426,42.637076273056394,4,True,righting,0.0,7.0,0.0,0.0,7.0,0.0,0.18384776310850237,0.23256755992208045,0.11218285748365867,0.11218285748365867
1.8899999999999026,0.04197404749005701,1.5973336211057967e-18,0.1357970071989141,7.655953744632442e-15,-26.019716169814036,-4.432895084495242e-05,26.019716169814025,42.637303071873816,4,True,righting,0.0,7.0,0.0,0.0,7.0,0.0,0.18384776310850237,0.23256755992208045,0.112183267291836,0.11218326729183603
1.8999999999999015,0.041973596363305915,2.85301862260908e-18,0.1357971773993811,7.061271560354284e-15,-24.69305449702309,-4.560839429684019e-05,24.693054497023084,42.637533997751525,4,True,righting,0.0,7.0,0.0,0.0,7.0,0.0,0.18384776310850237,0.23256755992208045,0.11218368155996862,0.11218368155996863
1.9099999999999004,0.041973135988041976,3.634808260264115e-18,0.1357973459868889,6.672320639776775e-15,-23.373785964852132,-4.637681500321851e-05,23.37378596485208,42.6377547839526,4,True,righting,0.0,7.0,0.0,0.0,7.0,0.0,0.18384776310850237,0.23256755992208045,0.11218409325285938,0.11218409325285938
1.9199999999998993,0.04197266710817887,4.2355457389919205e-18,0.13579751372421225,6.368347762747032e-15,-22.06284374415104,-4.738063293250179e-05,22.062843744151007,42.6379164738654,4,True,righting,0.0,7.0,0.0,0.0,7.0,0.0,0.18384776310850237,0.23256755992208045,0.11218450380570383,0.11218450380570384
1.9299999999998982,0.04197218500017427,4.763402466888318e-18,0.13579768362462272,6.105141939768586e-15,-20.7611454003866,-4.898912620785663e-05,20.7611454003866,42.637964844241374,4,True,righting,0.0,7.0,0.0,0.0,7.0,0.0,0.18384776310850237,0.23256755992208045,0.11218491940527717,0.11218491940527718
1.9399999999998971,0.041971683399799224,5.246433656646322e-18,0.1357978589956484,5.8629058622296124e-15,-19.469591021322504,-5.1192297116280696e-05,19.469591021322575,42.6378619260137,4,True,righting,0.0,7.0,0.0,0.0,7.0,0.0,0.18384776310850237,0.23256755992208045,0.11218534687648193,0.11218534687648195
1.949999999999896,0.04197115765127777,5.7006266652901184e-18,0.13579804203905607,5.634493465162283e-15,-18.189061498004705,-5.3731023611987356e-05,18.189061498004687,42.63759483320418,4,True,righting,0.0,7.0,0.0,0.0,7.0,0.0,0.18384776310850237,0.23256755992208045,0.1121857907333812,0.11218579073338121
1.959999999999895,0.041970606248719025,6.104286711269015e-18,0.13579823330449578,5.426414060469732e-15,-16.920417120760618,-5.62697406340547e-05,16.920417120760682,42.63717312305365,4,True,righting,0.0,7.0,0.0,0.0,7.0,0.0,0.18384776310850237,0.23256755992208045,0.11218625202387601,0.11218625202387603
1.9699999999998938,0.04197003077683734,6.790543107830397e-18,0.13579843189821125,5.091469017445471e-15,-15.664496503917947,-5.853749704645626e-05,15.664496503918093,42.63661946724751,4,True,righting,0.0,7.0,0.0,0.0,7.0,0.0,0.18384776310850237,0.23256755992208045,0.11218672876363145,0.11218672876363146
1.9799999999998927,0.04183306299729132,6.403792476887741e-14,0.1360083783463126,4.90628011147842e-11,-14.605412556951745,-0.06456992232619936,14.605412556951986,139.72329833086894,4,True,balance,-0.18333981794577764,-7.0,-2.0,-0.18333982678260735,-7.0,-2.0,0.18384776310850237,0.23256755992208045,0.11232639694784237,0.11232639694715485
1.9899999999998916,0.03983117435443103,5.166783173962332e-13,0.138683545781617,3.7657001907008615e-10,-14.045709539256453,-0.3039167573892993,14.045709539256634,128.46664923803766,4,True,balance,0.06003730198234797,-7.0,-2.0,0.06003729723508772,-7.0,-2.0,0.18384776310850237,0.23256755992208045,0.11520903450556115,0.11520903449985692
1.9999999999998905,0.035567223629942885,1.2516556896580947e-12,0.1442223875276283,7.975360738573973e-10,-13.612905770237923,-0.5271706127321147,13.61290577023814,131.17459956777446,4,True,balance,0.0790094317514981,-7.0,-2.0,0.0790094289271725,-7.0,-2.0,0.18384776310850237,0.23256755992208045,0.12126248205029705,0.12126248203678353
2.0099999999998897,0.02916315872133041,2.156810240742658e-12,0.15250951424294704,1.2223372008794982e-09,-13.293002134244317,-0.7150793056242888,13.29300213424474,96.11701900720472,4,True,balance,0.006175086735215721,-4.18875744727465,-2.0,0.006175084498968256,-4.188757449889394,-2.0,0.18384776310850237,0.23256755992208045,0.13016258614266446,0.13016258611997947
2.0199999999998886,0.021564887058419444,2.9787494525733925e-12,0.16240291376154845,1.759383285306603e-09,-12.935692419354947,-0.7834076140159074,12.935692419355405,73.6398396748097,4,True,balance,-0.10386929513836285,-1.659030884614187,-2.0,-0.10386929637300973,-1.6590308858093166,-2.0,0.18384776310850237,0.23256755992208045,0.13959025378064388,0.13959025374961176
2.0299999999998875,0.013663760938340543,3.7939786796468454e-12,0.1728409929154051,2.4786926387051278e-09,-12.480909739832915,-0.7835803795182175,12.480909739833326,0.0,0,False,balance,-0.037349586721860034,-0.008353740057166714,-2.0,-0.03734958672857308,-0.008353739603168986,-2.0,0.18384776310850237,0.23256755992208045,0.14774908981904256,0.14774908978131837
2.0399999999998863,0.006052101770976774,4.7056216758748e-12,0.18305903262288684,3.079734231916416e-09,-11.923721935122245,-0.7393936781577004,11.923721935122641,0.0,0,False,balance,-0.07104745635665399,0.7000388121088932,-2.0,-0.07104745581073241,0.700038813912903,-2.0,0.18384776310850237,0.23256755992208045,0.15486924362566692,0.15486924358181023
2.0499999999998852,-0.0010159862673814004,5.836426775989184e-12,0.19264043284255267,3.296365226635182e-09,-11.235527828753053,-0.6830006926006248,11.235527828753419,0.0,0,False,balance,-0.09250139592934098,0.6738587298982188,-2.0,-0.09250139489271336,0.6738587329542143,-2.0,0.18384776310850237,0.23256755992208045,0.1602777259498184,0.16027772589936654
2.059999999999884,-0.00751712075691989,7.471400258186781e-12,0.20134210234792815,2.5952311035361263e-09,-10.471258159769201,-0.6279647196617729,10.471258159769599,0.0,0,False,balance,-0.07245711120742948,1.0564708727926018,-0.4406533982378882,-0.0724571126532472,1.0564708713070035,-0.4406533893013844,0.18384776310850237,0.23256755992208045,0.1647211552178346,0.16472115515658725
2.069999999999883,-0.013678225759693479,9.492317087372764e-12,0.2085524385067313,1.1055102022081064e-09,-9.686003257269956,-0.6108652725676967,9.686003257270341,0.0,0,False,balance,-0.039200143533931975,0.5607301330885106,0.20510080085525506,-0.03920014603229183,0.5607301305107706,0.20510080339078374,0.18384776310850237,0.23256755992208045,0.16800530041132086,0.16800530033607966
2.079999999999882,-0.019791149457920734,1.1394479998950471e-11,0.21429204274185715,-3.064580924529472e-10,-8.914913539984202,-0.6133481986482138,8.914913539984484,0.0,0,False,balance,-0.022276643058920017,0.1920607406906205,0.28017091971487784,-0.022276645048453055,0.19206073855662598,0.28017092137519817,0.18384776310850237,0.23256755992208045,0.17040875601303143,0.17040875592672902
2.089999999999881,-0.025975221857099027,1.315585897940128e-11,0.21874558937226576,-1.5704403865967445e-09,-8.17729820906088,-0.6232006012119325,8.17729820906134,0.0,0,False,balance,-0.014803501516453928,-0.02025649340525182,0.2831505827264238,-0.014803502832256673,-0.02025649523069717,0.2831505840792452,0.18384776310850237,0.23256755992208045,0.1724966237524256,0.17249662365816246
2.0999999999998797,-0.032283749135522795,1.4946391826764132e-11,0.22209768964521104,-2.7002162529513077e-09,-7.4385366603436225,-0.6381438800459079,7.438536660344026,0.0,0,False,balance,-0.23180228207391462,-0.9015302467821275,-0.005791706777435358,-0.23180228404044717,-0.9015302415324244,-0.005791702152446078,0.18384776310850237,0.23256755992208045,0.17416707394426198,0.1741670738496458
2.1099999999998786,-0.03875395287949024,1.7595898037306808e-11,0.22473212322377328,-4.162156057225687e-09,-6.7043335689943,-0.654920225748823,6.704333568994791,38.29269063769674,4,True,balance,-0.13138636121567698,-0.7064347553973191,0.19170436757032872,-0.1313863612305743,-0.7064347512062031,0.19170436966399929,0.18384776310850237,0.23256755992208045,0.17565200265381617,0.1756520025672398
2.1199999999998775,-0.04539891350526095,2.1543951893606864e-11,0.22679362189625388,-5.182454782792084e-09,-5.94763346111038,-0.6724972854017627,5.947633461111,0.0,0,False,balance,0.000195047167687038,-0.8370163443991512,0.26807686020862986,0.0001950489184334192,-0.837016336798887,0.2680768609929849,0.18384776310850237,0.23256755992208045,0.17685756317414156,0.17685756310912704
2.1299999999998764,-0.052229547487488266,2.6270209207775318e-11,0.22828084291343306,-6.218901983183497e-09,-5.257134447904155,-0.691585502834675,5.257134447905081,29.514778789133388,4,True,balance,-0.0009502396850254413,-0.917190918198074,0.3191386453630687,-0.0009502358298035218,-0.9171909127883872,0.31913864441521667,0.18384776310850237,0.23256755992208045,0.17839824325703466,0.17839824320991945
2.1399999999998753,-0.05923655401741787,3.0812862957571786e-11,0.22925771370744338,-6.9518976136423685e-09,-4.62978569172502,-0.7076810109855783,4.629785691725773,35.397380691266136,4,True,balance,0.005331036894706102,-1.0130123840259753,0.3263075814781845,0.005331042042892423,-1.0130123807827078,0.32630757972025015,0.18384776310850237,0.23256755992208045,0.17991342708546526,0.17991342705337404
2.1499999999998742,-0.06638536261959324,3.458954286884316e-11,0.2298139332150662,-7.393984870855477e-09,-4.065299972499247,-0.7199861821395422,4.065299972500334,35.47405206650198,4,True,balance,0.0026717593201405106,-1.1443300819410442,0.31795089456441605,0.0026717648647520166,-1.144330080143435,0.31795089278327526,0.18384776310850237,0.23256755992208045,0.1814195507590946,0.18141955073799682
2.159999999999873,-0.0736281809656633,3.730682477061545e-11,0.23009441285640328,-7.531678143616728e-09,-3.557705116204809,-0.7271603674199132,3.557705116205537,38.34565922003087,4,True,balance,-0.0005463548070457868,-1.2885469705861652,0.31513409778688195,-0.0005463494192532969,-1.2885469693137395,0.31513409631794587,0.18384776310850237,0.23256755992208045,0.18286505999814903,0.18286505998474137
2.169999999999872,-0.08091612305794645,3.8963864695088614e-11,0.23021714503394364,-7.398514717806354e-09,-3.102368774879664,-0.7296779025752759,3.1023687748805036,41.369349913960306,4,True,balance,0.008109265885559228,-1.3167867550004342,0.3265598522740317,0.008109270766386293,-1.3167867538019185,0.3265598509944325,0.18384776310850237,0.23256755992208045,0.1842643505734111,0.1842643505652887
2.179999999999871,-0.08820770542469482,3.972681570533295e-11,0.2302491433195357,-7.042725314101162e-09,-2.693011367673702,-0.7279991378672213,2.6930113676748473,41.283196839153064,4,True,balance,-0.0014259296102870445,-1.478122464801983,0.33234124938403675,-0.001425925332436514,-1.4781224631216354,0.33234124850990887,0.18384776310850237,0.23256755992208045,0.18560941290691224,0.1856094129025262
2.18999999999987,-0.09546027913439654,3.9790165417400433e-11,0.23026990198716152,-6.522289303923243e-09,-2.326281824821853,-0.7225752195320687,2.3262818248227006,41.35501151549995,4,True,balance,-0.0005213583554395906,-1.5061799492537717,0.3452451823157703,-0.0005213546983933692,-1.5061799471649266,0.34524518155456607,0.18384776310850237,0.23256755992208045,0.18687141491013495,0.1868714149083837
2.1999999999998687,-0.10264343804467391,3.939695646961809e-11,0.23030246351527622,-5.890665950770833e-09,-1.999823440198253,-0.714443429803322,1.9998234401993809,41.742451043712364,4,True,balance,-0.0014850514515411218,-1.5097064283135433,0.3519424153301375,-0.0014850483704045815,-1.5097064259458475,0.35194241463507114,0.18384776310850237,0.23256755992208045,0.188092878990234,0.1880928789904191
2.2099999999998676,-0.10973132717979368,3.873720349497947e-11,0.23035520754980154,-5.194740285167642e-09,-1.7096532160452966,-0.7037995414746181,1.7096532160465028,42.31920602165345,4,True,balance,-0.00258778064342231,-1.5141780390804707,0.35534998308790366,-0.0025877780687744677,-1.514178036563211,0.3553499824448465,0.18384776310850237,0.23256755992208045,0.1892568134003008,0.18925681340191838
2.2199999999998665,-0.11670004815287223,3.7953148697170183e-11,0.2304378604075254,-4.471345265149998e-09,-1.451875671052891,-0.6908897446333961,1.4518756710545382,42.82460452420605,4,True,balance,-0.0033667790780731975,-1.5171414634534617,0.3579341888474523,-0.003366776933595047,-1.5171414608972786,0.3579341882444178,0.18384776310850237,0.23256755992208045,0.19034790290168588,0.1903479029043377
2.2299999999998654,-0.1235288688637148,3.714809753893896e-11,0.23055870080464116,-3.748027814884037e-09,-1.2230318042204005,-0.6760725094617255,1.2230318042227053,43.14524921455544,4,True,balance,-0.003859544769583192,-1.5145697946243912,0.35943715363803874,-0.003859542983323413,-1.5145697921165457,0.3594371530664737,0.18384776310850237,0.23256755992208045,0.19135707464144222,0.191357074644801
2.2399999999998643,-0.13020075192519073,3.639568126583142e-11,0.23072179292168904,-3.0449171200374492e-09,-1.020039630063565,-0.6597138778812082,1.020039630065713,43.281272608265766,4,True,balance,-0.00418336949279768,-1.5057565730472615,0.35911779474832084,-0.004183368000363726,-1.5057565706518232,0.3591177942035946,0.18384776310850237,0.23256755992208045,0.19227875947552026,0.19227875947931475
2.249999999999863,-0.13670210436761418,3.574767871984001e-11,0.23092673280141596,-2.376539482392589e-09,-0.8401062751773585,-0.642137289008374,0.8401062751791564,43.27431015860663,4,True,balance,-0.004416387411560942,-1.4919116568681663,0.3567058027127641,-0.004416386155652593,-1.4919116546302833,0.35670580219290104,0.18384776310850237,0.23256755992208045,0.19310954283572676,0.19310954283973353
2.259999999999862,-0.1430222862400076,3.5239375588027524e-11,0.2311696036191234,-1.7530999797341952e-09,-0.6806821197011954,-0.6236152516886307,0.6806821197044848,43.17109851245212,4,True,balance,-0.00459641358364923,-1.4747574464837254,0.3523641264760782,-0.004596412513379441,-1.474757444433846,0.35236412598055034,0.18384776310850237,0.23256755992208045,0.19384775756212796,0.19384775756616457
2.269999999999861,-0.1491531223941423,3.489299165186774e-11,0.23144417223964284,-1.1813078383576794e-09,-0.5394422304513492,-0.6043739083588878,0.5394422304573492,43.01147272853884,4,True,balance,-0.0047388976214771915,-1.455901137852752,0.34646011786746866,-0.004738896692252633,-1.4559011360092655,0.34646011739631466,0.18384776310850237,0.23256755992208045,0.19449328043161423,0.19449328043553413
2.27999999999986,-0.15508847496751485,3.47200258353147e-11,0.23174295247478166,-6.649497866391632e-10,-0.4142778002407845,-0.5845996442679201,0.4142778002476879,42.825907935071314,4,True,balance,-0.004849137958455704,-1.4366374707256835,0.339406489847776,-0.004849137132167666,-1.4366374690968298,0.33940648940105844,0.18384776310850237,0.23256755992208045,0.19504732492567564,0.1950473249293631
2.289999999999859,-0.16082388160054067,3.472322555802436e-11,0.23205803749737317,-2.053868363117713e-10,-0.30328925934736517,-0.5644455339293002,0.30328925935460177,42.63609376491298,4,True,balance,-0.00492843473913487,-1.4179212936431715,0.33158199492412765,-0.004928433984172916,-1.4179212922281748,0.3315819945014902,0.18384776310850237,0.23256755992208045,0.19551222110795705,0.19551222111132402
2.2999999999998577,-0.166356255540223,3.4898410121409186e-11,0.23238170061068933,1.9796623948302452e-10,-0.20477804096328822,-0.54403729169856,0.20477804097853552,42.45640523588283,4,True,balance,-0.004976998633228005,-1.4004014644140426,0.32329955140552613,-0.0049769979241783245,-1.4004014632051383,0.3232995510060592,0.18384776310850237,0.23256755992208045,0.1958912011884508,0.19589120119143347
2.3099999999998566,-0.17168364168844258,3.5236218577720744e-11,0.23270679502775474,5.471706019747476e-10,-0.11723621512803155,-0.5234785495309837,0.11723621513976479,42.29554799627999,4,True,balance,-0.00499528123778192,-1.3844753458209513,0.31479918757019343,-0.0049952805548194,-1.3844753448047833,0.31479918719235855,0.18384776310850237,0.23256755992208045,0.19618820199698292,0.19618820199953846
2.3199999999998555,-0.1768050210805984,3.572370942924848e-11,0.23302699241021066,8.453236782417731e-10,-0.03933410840502672,-0.5028553320655407,0.039334108423890866,42.15807541947637,4,True,balance,-0.004984480472264793,-1.3703464939800012,0.30625344370584173,-0.004984479800320848,-1.3703464931398832,0.3062534433475814,0.18384776310850237,0.23256755992208045,0.19640768879309622,0.1964076887952003
2.3299999999998544,-0.18172015553268694,3.634569033765908e-11,0.23333689969152596,1.0961860641581426e-09,0.030093592602998334,-0.4822397024208275,0.030093592657976724,42.04564981207705,4,True,balance,-0.004946597001839633,-1.3580771811588597,0.29777829618318674,-0.004946596329807481,-1.3580771804760006,0.297778295842112,0.18384776310850237,0.23256755992208045,0.19655450154707235,0.19655450154871545
2.3399999999998533,-0.18642946445845787,3.708583192324765e-11,0.2336320890293351,1.3038685020839741e-09,0.09206262535359075,-0.4616926427895241,0.09206262535275331,41.95802000128815,4,True,balance,-0.004884269548236255,-1.3476321650268492,0.28944556645207853,-0.00488426886815246,-1.3476321644819076,0.28944556612561967,0.18384776310850237,0.23256755992208045,0.19663372328110906,0.19663372328229425
2.349999999999852,-0.19093392679897542,3.792748966872587e-11,0.23390906928596453,1.4725971610829405e-09,0.1474542092660515,-0.4412662819731844,0.14745420925524239,41.89374168660587,4,True,balance,-0.004800533579064039,-1.3389129688145902,0.2812945918624965,-0.004800532885420313,-1.3389129683886187,0.2812945915481049,0.18384776310850237,0.23256755992208045,0.1966505691908402,0.1966505691915804
2.359999999999851,-0.19523500221707368,3.885429744639911e-11,0.23416522087225713,1.6065442975581362e-09,0.19702985805803025,-0.42100559387053127,0.19702985805205317,41.85068823995488,4,True,balance,-0.004698586003200358,-1.3317834848621575,0.2733421290336975,-0.004698585292395582,-1.3317834845372674,0.2733421287289586,0.18384776310850237,0.23256755992208045,0.1966102947246046,0.19661029472492045
2.36999999999985,-0.19933456691184515,3.985057358424799e-11,0.234398709978201,1.7097126370762212e-09,0.24144555285110494,-0.40094968207411685,0.24144555283904476,41.82640150654212,4,True,balance,-0.00458159394206142,-1.3260883584445613,0.26559019649915516,-0.004581593211937792,-1.3260883582042329,0.2655901962018794,0.18384776310850237,0.23256755992208045,0.19651812050045375,0.19651812050037168
2.379999999999849,-0.20323486046767128,4.090158267838483e-11,0.23460839347875265,1.7858616121902895e-09,0.2812650075589275,-0.3811327483449036,0.28126500755220085,41.81832529886993,4,True,balance,-0.004452557913926566,-1.3216657131532192,0.25803196299143405,-0.004452557163414469,-1.32166571298254,0.25803196269970363,0.18384776310850237,0.23256755992208045,0.19637917185473588,0.19637917185428574
2.389999999999848,-0.20693844102538334,4.1993674744951185e-11,0.23479372215043423,1.8384695703099133e-09,0.3169718661161972,-0.36158482379801515,0.31697186610278144,41.82395513605692,4,True,balance,-0.004314225416074898,-1.3183556202062605,0.2506559655424381,-0.004314224644922645,-1.3183556200920385,0.2506559652546465,0.18384776310850237,0.23256755992208045,0.1961984308938081,0.19619843089302277
2.3999999999998467,-0.21044814675430165,4.311434929178492e-11,0.23495464712361677,1.8707181021304795e-09,0.34898075624845787,-0.3423323243303269,0.34898075623211716,41.84092934531469,4,True,balance,-0.00416904523792094,-1.316005463724547,0.24344899025685374,-0.004169044446482303,-1.3160054636552805,0.2434489899717036,0.18384776310850237,0.23256755992208045,0.19598069910454483,0.1959806991034583
2.4099999999998456,-0.21376706213663813,4.4252279292968044e-11,0.23509153254433537,1.8854894487203012e-09,0.37764718718056295,-0.32339847724156773,0.3776471871670095,41.867079850030166,4,True,balance,-0.004019151919511407,-1.314473100423333,0.23639793163697154,-0.004019151108594684,-1.3144731003889571,0.2363979313534279,0.18384776310850237,0.23256755992208045,0.1957305688165332,0.19573056881518008
2.4199999999998445,-0.21689848797843636,4.539728834046041e-11,0.23520507605354066,1.8853765386292867e-09,0.40327632218547227,-0.3048036542614727,0.4032763221730154,41.90045582158771,4,True,balance,-0.003866370966100787,-1.3136284913368075,0.2294909017063389,-0.0038663701368333823,-1.313628491328745,0.2294909014236317,0.18384776310850237,0.23256755992208045,0.19545240205856187,0.19545240205697625
2.4299999999998434,-0.21984591436093642,4.6540296002736395e-11,0.2352962377630734,1.872701773409532e-09,0.4261306851883314,-0.28656563702229393,0.42613068517681274,41.939329567776824,4,True,balance,-0.003712237298660683,-1.313354304237736,0.22271780827769816,-0.003712236452400094,-1.3133543042486195,0.22271780799527585,0.18384776310850237,0.23256755992208045,0.19515031558805557,0.1951503155862706
2.4399999999998423,-0.22261299596649667,4.76732761434021e-11,0.23536617779837246,1.8495333275990798e-09,0.446436877529321,-0.2686998340097942,0.4464368775192038,41.982191242450654,4,True,balance,-0.003558021285521403,-1.3135458460067655,0.2160705723498817,-0.0035580204237876632,-1.3135458460303602,0.21607057206739144,0.18384776310850237,0.23256755992208045,0.1948281710804918,0.19482817107853928
2.449999999999841,-0.22520352937336266,4.878918638416482e-11,0.23541620209679703,1.8177075751408182e-09,0.4643913896096414,-0.2512194627735468,0.46439138960381854,42.027736925612864,4,True,balance,-0.0034047583037378447,-1.3141105783495437,0.20954311187309327,-0.0034047574281546554,-1.3141105783806144,0.20954311159035854,0.18384776310850237,0.23256755992208045,0.19448956964133746,0.19448956963924768
2.45999999999984,-0.2276214320290652,4.988192119612454e-11,0.2354477159285507,1.7788464340576883e-09,0.4801655949850599,-0.2341357072991521,0.4801655949762245,42.07485314638823,4,True,balance,-0.0032532790595073656,-1.3149673915182276,0.20313118414545217,-0.003253278171739201,-1.3149673915524007,0.20313118386239593,0.18384776310850237,0.23256755992208045,0.1941378499459939,0.1941378499437951
2.469999999999839,-0.22987072269493464,5.094623212183109e-11,0.2354621844934177,1.7343800422849224e-09,0.4939100134141989,-0.2174578576134451,0.49391001340547624,42.12259986327214,4,True,balance,-0.003104238874035544,-1.3160457533159127,0.19683215163825918,-0.0031042379757750226,-1.316045753349521,0.1968321513549176,0.18384776310850237,0.23256755992208045,0.1937760894269789,0.19377608942469732
2.479999999999838,-0.23195550321309405,5.19776628318936e-11,0.23546109990375344,1.6855661239473922e-09,0.50575792580014,-0.20119343664082623,0.5057579257913066,42.17019317202038,4,True,balance,-0.0029581448607181003,-1.3172848097600909,0.19064471520615522,-0.002958143953653399,-1.3172848097901397,0.1906447149226571,0.18384776310850237,0.23256755992208045,0.19340710801679215,0.19340710801445202
2.489999999999837,-0.23387994148891092,5.2972514757944965e-11,0.23544595386608025,1.633501475898198e-09,0.5158284188786674,-0.18534831784412198,0.5158284188694539,42.21698850136575,4,True,balance,-0.0028153804306101336,-1.3186324853410454,0.18456864330152256,-0.0028153795163721705,-1.3186324853650448,0.18456864301803777,0.18384776310850237,0.23256755992208045,0.19303347402449575,0.19303347402211918
2.4999999999998357,-0.2356482556110232,5.3927753159711215e-11,0.2354182154020548,1.5791453685701301e-09,0.5242289316012972,-0.16992683610800252,0.5242289315939599,42.2624647175992,4,True,balance,-0.0026762269125096237,-1.3200446115671531,0.17860451485144657,-0.002676225992699118,-1.3200446115831692,0.17860451456820092,0.18384776310850237,0.23256755992208045,0.1926575117785743,0.19265751177618137
2.5099999999998346,-0.23726469905113154,5.4840967585242314e-11,0.23537931299235818,1.523330319670663e-09,0.5310573689116246,-0.15493189354085254,0.531057368901279,42.30620934211475,4,True,balance,-0.00254088230177801,-1.3214840998564135,0.17275348584532524,-0.0025408813779292903,-1.3214840998629038,0.1727534855625774,0.18384776310850237,0.23256755992208045,0.19228131071200136,0.19228131070961027
2.5199999999998335,-0.2387335468992168,5.571032145732637e-11,0.23533062057638598,1.466773959017884e-09,0.5364038423345053,-0.14036506129949933,0.5364038423291151,42.347904953082704,4,True,balance,-0.002409477290259473,-1.3229201668165715,0.16701708454907271,-0.0024094763638303728,-1.322920166812372,0.16701708426709216,0.18384776310850237,0.23256755992208045,0.19190673560079385,0.1919067355984209
2.5299999999998324,-0.24005908309847762,5.653449641266096e-11,0.23527344689167168,1.4100916534770479e-09,0.540352090690669,-0.126226678122615,0.5403520906825973,42.3873167662381,4,True,balance,-0.002282088806356438,-1.3243276150576695,0.16139703691240903,-0.002282087878721136,-1.324327615041873,0.16139703663146732,0.18384776310850237,0.23256755992208045,0.19153543769714731,0.19153543769480685
2.5399999999998313,-0.24124558864937887,5.731263541595458e-11,0.2352090276869739,1.3538088144829001e-09,0.5429806284375689,-0.11251594595291861,0.5429806284339858,42.424281349045074,4,True,balance,-0.002158751328242805,-1.3256861698198759,0.15589512163140795,-0.002158750400693129,-1.3256861697919975,0.1558951213517883,0.18384776310850237,0.23256755992208045,0.19116886652425985,0.1911688665219647
2.54999999999983,-0.24229733075472934,5.804429789698723e-11,0.23513852039040709,1.2983700618795434e-09,0.5443636636907065,-0.0992310228076849,0.5443636636896819,42.4586964042917,4,True,balance,-0.002039466240727022,-1.326979870117269,0.1505130530732035,-0.002039465314481289,-1.3269798700768107,0.1505130527951839,0.18384776310850237,0.23256755992208045,0.19080828212352788,0.19080828212128928
2.559999999999829,-0.24321855287839914,5.872943524358522e-11,0.2350630008582232,1.2441428737516638e-09,0.5445718229333544,-0.08636911290178316,0.5445718229317592,42.490511552858734,4,True,balance,-0.0019242094969437707,-1.3281965122831951,0.14525238958136022,-0.001924208573105043,-1.328196512230084,0.14525238930520157,0.18384776310850237,0.23256755992208045,0.1904547675666574,0.19045476756448534
2.569999999999828,-0.24401346568972077,5.936831516285796e-11,0.23498346187065672,1.1914332362472026e-09,0.543672714789109,-0.07392655392309962,0.5436727147851111,42.519720046166114,4,True,balance,-0.00181293782796561,-1.3293271434304885,0.14011446436100106,-0.0018129369075618985,-1.3293271433648222,0.1401144640869516,0.18384776310850237,0.23256755992208045,0.19010924156600295,0.19010924156390577
2.579999999999827,-0.24468623886423096,5.996149440528597e-11,0.23490081307867508,1.1404896110031403e-09,0.5417313610090676,-0.06189890129584265,0.5417313610099741,42.54635134207208,4,True,balance,-0.0017055937211052192,-1.3303656021941257,0.13510033605985716,-0.0017055928050950765,-1.3303656021160153,0.13510033578816605,0.18384776310850237,0.23256755992208045,0.18977247103631087,0.18977247103429584
2.5899999999998258,-0.2452409937095621,6.050979245418881e-11,0.2348158821397143,1.0915068361361338e-09,0.5388105190028,-0.05028100923420095,0.5388105190096703,42.570464482402784,4,True,balance,-0.0016021093637492124,-1.3313081040971637,0.1302107562258199,-0.001602108452986747,-1.3313081040069898,0.13021075595670106,0.18384776310850237,0.23256755992208045,0.18944508348015227,0.1894450834782259
2.5999999999998247,-0.24568179658325165,6.101424031951156e-11,0.23472941681174037,1.0446356494015442e-09,0.534970916803089,-0.039067108380071054,0.5349709168064649,42.59214221437906,4,True,balance,-0.0015024097260117437,-1.3321528688991675,0.12544615097360556,-0.001502408821278719,-1.3321528687972926,0.12544615070726217,0.18384776310850237,0.23256755992208045,0.18912757908764774,0.18912757908581515
2.6099999999998236,-0.24601265306721376,6.147604603494853e-11,0.23464208780348886,9.99988335030185e-10,0.5302714182786964,-0.028250879828230838,0.5302714182789097,42.611485801723255,4,True,balance,-0.001406414933565522,-1.3328997873170039,0.1208066143978027,-0.0014064140355784483,-1.332899787204115,0.12080661413444059,0.18384776310850237,0.23256755992208045,0.1888203424585594,0.18882034245682505
2.6199999999998225,-0.24623750286177018,6.189657677606578e-11,0.23455449220470725,9.576406344885776e-10,0.5247691336751332,-0.01782552536537057,0.5247691336780897,42.62861047422419,4,True,balance,-0.0013140420614037968,-1.3335501245469543,0.1162919114983919,-0.0013140411707991374,-1.3335501244236505,0.11629191123817205,0.18384776310850237,0.23256755992208045,0.18852365387135056,0.188523653869718
2.6299999999998214,-0.24636021536057184,6.227732106380051e-11,0.2344671573438421,9.176384387129316e-10,0.5185194881472633,-0.007783833781699131,0.5185194881553404,42.643641466721675,4,True,balance,-0.0012252064606304814,-1.3341062580456682,0.11190148862436343,-0.0012252055779755045,-1.3341062579126335,0.11190148836743162,0.18384776310850237,0.23256755992208045,0.18823770003924695,0.18823770003771922
2.6399999999998203,-0.24638458586653622,6.261986523752549e-11,0.2343805449420404,8.800013211180718e-10,0.5115762588257298,0.0018817568482045422,0.5115762588301149,42.65671060032474,4,True,balance,-0.0011398227138462414,-1.3345714470684473,0.10763448967992516,-0.0011398218396567706,-1.3345714469264478,0.10763448942642427,0.18384776310850237,0.23256755992208045,0.1879625843076321,0.18796258430621143
2.649999999999819,-0.24631433240811484,6.292587230981792e-11,0.23429505545171833,8.447256535016621e-10,0.5039915891076867,0.011179100977774968,0.5039915891094872,42.66795336040833,4,True,balance,-0.0010578052997425142,-1.33494963149843,0.10348977656848433,-0.001057804434475309,-1.334949631348146,0.10348977631853377,0.18384776310850237,0.23256755992208045,0.18769833626014581,0.18769833625883398
2.659999999999818,-0.24615309311480826,6.319706083946712e-11,0.23421103248541753,8.117878997238715e-10,0.49581598725748033,0.02011629151528235,0.49581598725934906,42.67750642727389,4,True,balance,-0.0009790690342487386,-1.335245257553865,0.09946595256803946,-0.000979068178301703,-1.335245257396167,0.09946595232173193,0.18384776310850237,0.23256755992208045,0.18744492071261804,0.18744492071141633
2.669999999999817,-0.24590442411085514,6.34351786149505e-11,0.2341287672563401,7.811493974105875e-10,0.4870983150214862,0.028701609846271226,0.48709831502946443,42.68550561698809,4,True,balance,-0.000903529344038253,-1.3354631280180758,0.09556138753562442,-0.0009035284977625923,-1.3354631278538807,0.09556138729305129,0.18384776310850237,0.23256755992208045,0.1872022460843889,0.187202246083298
2.679999999999816,-0.24557179788641947,6.364199204695732e-11,0.23404850296594554,7.52757589543836e-10,0.4778857707808841,0.0369434798954623,0.47788577078279804,42.692084191377305,4,True,balance,-0.0008311024179677129,-1.3356082747115696,0.0917742440243952,-0.0008311015816741784,-1.3356082745415696,0.09177424378562508,0.18384776310850237,0.23256755992208045,0.18697017214570102,0.1869701721447214
2.6899999999998148,-0.24515860210634915,6.381927249617765e-11,0.23397043908640375,7.265481080419289e-10,0.4682238707653433,0.044850426138226186,0.4682238707606735,42.69737149799399,4,True,balance,-0.0007617052732346413,-1.3356858510104312,0.08810250356569325,-0.0007617044471901446,-1.3356858508356053,0.08810250333078899,0.18384776310850237,0.23256755992208045,0.18674851714767945,0.18674851714681098
2.6999999999998137,-0.24466813881764374,6.39687825324901e-11,0.2338947354966442,7.024472308914469e-10,0.45815643100913345,0.05243103544226101,0.4581564309993128,42.70149190273143,4,True,balance,-0.0006952557654006619,-1.3357010423181337,0.08454399251917509,-0.0006952549498313276,-1.335701042139277,0.08454399228817015,0.18384776310850237,0.23256755992208045,0.18653706434803594,0.1865370643472784
2.7099999999998126,-0.24410362401810545,6.409224805696802e-11,0.23382151644032073,6.803777756697634e-10,0.4477255520300854,0.059693922595152965,0.44772555201673503,42.70456397977648,4,True,balance,-0.0006316725649014623,-1.335658992502282,0.08109640702652803,-0.0006316717600139099,-1.3356589923202964,0.0810964067994671,0.18384776310850237,0.23256755992208045,0.1863355679510663,0.18633556795041928
2.7199999999998115,-0.24346818755020452,6.419138156184103e-11,0.233750874282329,6.602527995739879e-10,0.43697160763344817,0.06664769935320816,0.4369716076225032,42.70669992581243,4,True,balance,-0.0005708751173089563,-1.3355647444316305,0.07775733671990791,-0.0005708743232750135,-1.3355647442470304,0.0777573364968112,0.18384776310850237,0.23256755992208045,0.1861437584848811,0.18614375848434384
2.7299999999998104,-0.24276487328592666,6.426785495570264e-11,0.23368287304766863,6.419818579861582e-10,0.42593323877093087,0.07330094683122652,0.42593323875871963,42.7080051676543,4,True,balance,-0.000512783599826091,-1.335423192871352,0.0745242869351223,-0.0005127828167794357,-1.3354231926852027,0.07452428671600299,0.18384776310850237,0.23256755992208045,0.18596134764218708,0.18596134764175828
2.7399999999998093,-0.24199663957024062,6.432329031231141e-11,0.23361755173254006,6.254729044478862e-10,0.41464735300525385,0.07966219104145776,0.41464735299480904,42.708578134994724,4,True,balance,-0.00045731888295927006,-1.3352390481274155,0.07139469926362273,-0.0004573181110151503,-1.3352390479403922,0.07139469904849623,0.18384776310850237,0.23256755992208045,0.185788032613417,0.18578803261309576
2.749999999999808,-0.2411663598927847,6.435925943601476e-11,0.23355492738269984,6.106323222154541e-10,0.4031491298290876,0.08573988138261082,0.40314912981688,42.70851017216733,4,True,balance,-0.0004044025031544643,-1.3350168089587697,0.06836597034732099,-0.0004044017424001645,-1.3350168087716328,0.06836597013616753,0.18384776310850237,0.23256755992208045,0.185623499942706,0.18562349994249097
2.759999999999807,-0.24027682375938555,6.437727656770905e-11,0.23349499793836653,5.973663872237522e-10,0.39147203185237855,0.0915423718759837,0.3914720318358785,42.70788556540015,4,True,balance,-0.00035395664968991216,-1.3347607434132351,0.06543546887732025,-0.00035395590020064984,-1.3347607432266682,0.0654354686701365,0.18384776310850237,0.23256755992208045,0.18546742893820173,0.18546742893809137
2.769999999999806,-0.23933073773705896,6.437879805826865e-11,0.23343774484846125,5.855815076428335e-10,0.37964782169315736,0.0970779049451492,0.3796478216921056,42.70678166440552,4,True,balance,-0.00030590416750160917,-1.3344748763666645,0.06260055080390241,-0.0003059034293333396,-1.334474876181412,0.06260055060067139,0.18384776310850237,0.23256755992208045,0.18531949466861072,0.18531949466860329
2.779999999999805,-0.23833072664816715,6.436521562037295e-11,0.23338313545977263,5.751859479209595e-10,0.3677065842747124,0.10235459753780414,0.3677065842613135,42.70526907935147,4,True,balance,-0.0002601685758527839,-1.334162982676313,0.059858572800768825,-0.0002601678490491666,-1.334162982492789,0.059858572601472926,0.18384776310850237,0.23256755992208045,0.18517937057777178,0.18517937057786563
2.7899999999998037,-0.23727933489139902,6.4337875791257e-11,0.233331125188837,5.660853420064161e-10,0.35567675413815003,0.10738042939275433,0.35567675412428257,42.703411936620014,4,True,balance,-0.0002166741020249477,-1.3338285849733138,0.057206904054293004,-0.00021667338659868085,-1.3338285847922142,0.05720690385889761,0.18384776310850237,0.23256755992208045,0.18504673074852815,0.18504673074872152
2.7999999999998026,-0.23617902786917688,6.429805639550707e-11,0.23328165948599663,5.581888361671634e-10,0.3435851473171079,0.1121632332613571,0.3435851473121669,42.7012681788402,4,True,balance,-0.00017534572836424095,-1.3334749552396825,0.05464293646820127,-0.00017534502430916976,-1.333474955061618,0.054642936276649415,0.18384776310850237,0.23256755992208045,0.18492125184632088,0.1849212518466117
2.8099999999998015,-0.23503219350295787,6.424695193056218e-11,0.2332346756023182,5.51412792606327e-10,0.33145699728423855,0.1167106869004952,0.3314569972799033,42.69888989646651,4,True,balance,-0.000136109250549018,-1.3331051194153438,0.05216409338801227,-0.00013610855787214382,-1.3331051192408325,0.052164093200296455,0.18384776310850237,0.23256755992208045,0.18480261477177112,0.1848026147721575
2.8199999999998004,-0.23384114381967974,6.41857054305553e-11,0.23319010417088185,5.456733467710566e-10,0.3193159944621586,0.12103030666307034,0.3193159944585198,42.69632368031516,4,True,balance,-9.889134482059262e-05,-1.3327218643835606,0.04976783695793151,-9.889066351155219e-05,-1.332721864212969,0.049767836774007396,0.18384776310850237,0.23256755992208045,0.18469050605020568,0.18469050605068543
2.8299999999997993,-0.2326081165942874,6.411540234070706e-11,0.23314787061445072,5.408883641376531e-10,0.307184328790298,0.12512944252171043,0.30718432878508667,42.693610985852466,4,True,balance,-6.361964172386604e-05,-1.3323277467712786,0.04745167422702316,-6.361897174626486e-05,-1.3323277466051304,0.04745167404684703,0.18384776310850237,0.23256755992208045,0.18458461898458556,0.1845846189851568
2.8399999999997982,-0.2313352770348646,6.403705652037163e-11,0.23310789639175675,5.369812925191561e-10,0.29508273484986497,0.12901527437161295,0.29508273484013775,42.69078850171522,4,True,balance,-3.0222803986124237e-05,-1.3319251030854653,0.045213162122601805,-3.0222145314448008e-05,-1.3319251029241606,0.045213161946125985,0.18384776310850237,0.23256755992208045,0.18448465459671326,0.18448465459737365
2.849999999999797,-0.23002471949837724,6.395163526160356e-11,0.23307010009463816,5.338754224523779e-10,0.2830305390688147,0.13269480946894643,0.2830305390462799,42.68788851620701,4,True,balance,1.3693936363640081e-06,-1.3315160607776397,0.04304991140643473,1.3700410592570823e-06,-1.3315160606215708,0.0430499112336023,0.18384776310850237,0.23256755992208045,0.18439032237995015,0.1843903223806976
2.859999999999796,-0.2286784692264136,6.386003119391356e-11,0.23303439840808102,5.315014217859402e-10,0.2710457085548055,0.1361748808718024,0.2710457085394898,42.684939276792626,4,True,balance,3.1225984615776966e-05,-1.3311025498973847,0.04095958972584325,3.122662083496541e-05,-1.331102549746774,0.04095958955662071,0.18384776310850237,0.23256755992208045,0.18430134088501346,0.18430134088584568
2.869999999999795,-0.22729848409157788,6.376310076338477e-11,0.23300070694488967,5.297881133596709e-10,0.25914490113456784,0.13946214676117252,0.2591449011279896,42.68196533865104,4,True,balance,5.941473279526252e-05,-1.330686315054629,0.03893992386596597,5.9415357886189454e-05,-1.3306863149098664,0.03893992370027562,0.18384776310850237,0.23256755992208045,0.18421743815875868,0.18421743815967337
2.879999999999794,-0.22588665634636287,6.366161319602822e-11,0.23296894096627294,5.286757987580037e-10,0.2473435162111703,0.14256309052964047,0.24734351620806583,42.678987899209986,4,True,balance,8.600205797644463e-05,-1.3302689274590977,0.03698870130342942,8.600267199018379e-05,-1.3302689273204926,0.03698870114124876,0.18384776310850237,0.23256755992208045,0.1841383520542187,0.18413835205521362
2.8899999999997927,-0.22444481436739627,6.355630500175987e-11,0.23293901599911018,5.281028865107508e-10,0.2356557460851172,0.1454840215353945,0.23565574607768489,42.67602511651069,4,True,balance,0.00011105296617547318,-1.3298517968552757,0.03510377115387482,0.00011105356918479968,-1.3298517967229826,0.035103770995141864,0.18384776310850237,0.23256755992208045,0.18406383042859562,0.18406383042966862
2.8999999999997916,-0.22297472438892585,6.344785958750406e-11,0.2329108483600814,5.280117723511905e-10,0.224094627419944,0.1482310764286014,0.22409462741124228,42.67309240982783,4,True,balance,0.0001346309856361283,-1.3294361832046029,0.03328304459897595,0.00013463157771747753,-1.329436183078836,0.03328304444363275,0.18384776310850237,0.23256755992208045,0.1839936312443772,0.18399363124552584
2.9099999999997905,-0.22147809222028886,6.333691212990697e-11,0.23288435559622825,5.283479108953757e-10,0.21267209256721412,0.1508102209661795,0.21267209254819722,42.6702027415846,4,True,balance,0.00015679810935662397,-1.3290232080052757,0.03152449487051909,0.00015679869059604168,-1.3290232078861839,0.031524494718516996,0.18384776310850237,0.23256755992208045,0.18392752258730197,0.18392752258852405
2.9199999999997894,-0.21995656494290408,6.322405006478267e-11,0.23285945685087134,5.290602618207003e-10,0.2013990204989728,0.1532272522394314,0.20139902050062478,42.667366880063504,4,True,balance,0.0001776147446782525,-1.3286138651641637,0.02982615686166487,0.00017761531516605534,-1.3286138650518367,0.02982615671294643,0.18384776310850237,0.23256755992208045,0.18386528261353108,0.18386528261482438
2.9299999999997883,-0.21841173258303617,6.310981916190817e-11,0.2328360731631664,5.301002583995301e-10,0.1902852871273533,0.15548780124692063,0.1902852871194594,42.66459364285557,4,True,balance,0.00019713967027985474,-1.3282090313621955,0.028186126428304897,0.00019714023012249227,-1.3282090312570316,0.028186126282801663,0.18384776310850237,0.23256755992208045,0.1838066994371125,0.18380669943847472
2.9399999999997872,-0.21684512975721698,6.29947057242613e-11,0.23281412770893664,5.314265788965293e-10,0.1793398148208509,0.15759733575228188,0.17933981479091582,42.66189012118068,4,True,balance,0.00021543000083756856,-1.3278094758735677,0.026602559436476908,0.0002154305501125725,-1.3278094757754717,0.026602559294153297,0.18384776310850237,0.23256755992208045,0.1837515709676103,0.18375157096903919
2.949999999999786,-0.21525823728777466,6.287916836236037e-11,0.232793545989794,5.329975723881092e-10,0.16857062095455666,0.1595611633734444,0.1685706209323186,42.65926188566918,4,True,balance,0.0002325411591740724,-1.3274158698132656,0.02507367060496317,0.0002325416979781987,-1.327415869722344,0.025073670465759382,0.18384776310850237,0.23256755992208045,0.18369970470669536,0.1836997047081885
2.959999999999785,-0.21365248378642127,6.276363282453051e-11,0.23277425597695214,5.347731325766984e-10,0.15798486535739448,0.1613844348559731,0.15798486534314654,42.65671317417015,4,True,balance,0.00024852685600197986,-1.3270287948060426,0.023597732186406456,0.00024852738444735065,-1.3270287947223398,0.023597732050266232,0.18384776310850237,0.23256755992208045,0.18365091751145624,0.18365091751301135
2.969999999999784,-0.2120292472042911,6.264848042287485e-11,0.23275618821555377,5.367180048380323e-10,0.1475888965429196,0.16307214748890794,0.14758889653852603,42.65424706238381,4,True,balance,0.00026343907691714856,-1.3266487510750828,0.022173072524502277,0.00026343959510549323,-1.3266487509986589,0.02217307239137463,0.18384776310850237,0.23256755992208045,0.18360503533126027,0.18360503533287537
2.979999999999783,-0.210389856347209,6.253406409726014e-11,0.23273927589478224,5.387980700983216e-10,0.13738829663165714,0.16462914862666997,0.13738829663661403,42.65186561832174,4,True,balance,0.0002773280763268061,-1.3262761649605916,0.020798074519679396,0.0002773285843680194,-1.3262761648913826,0.020798074389512547,0.18384776310850237,0.23256755992208045,0.18356189292415745,0.18356189292583017
2.9899999999997817,-0.20873559235530703,6.242069822375235e-11,0.23272345488850762,5.409833790457258e-10,0.12738792489230247,0.16606013928528784,0.12738792490978854,42.649570041409994,4,True,balance,0.0002902423779768281,-1.3259113958831814,0.01947117403105971,0.0002902428759818854,-1.3259113958213298,0.019471173903801195,0.18384776310850237,0.23256755992208045,0.183521333558035,0.18352133355976322
2.9999999999997806,-0.20706769014639972,6.230867520118695e-11,0.2327086637707303,5.432441361772938e-10,0.11759195984644837,0.16736967778542905,0.11759195988797026,42.647360787414165,4,True,balance,0.00030222878160470775,-1.3255547427739576,0.018190858238218505,0.000302229269690448,-1.3255547427193506,0.018190858113808203,0.18384776310850237,0.23256755992208045,0.1834832087010451,0.1834832087028267
3.0099999999997795,-0.2053873398227842,6.219824541067376e-11,0.23269484380963443,5.45556307184773e-10,0.10800393989694902,0.16856218341853033,0.10800393989793744,42.645237680034924,4,True,balance,0.00031333237529704885,-1.3252064499936362,0.016955663982742328,0.00031333285356549453,-1.3252064499462215,0.016955663861149287,0.18384776310850237,0.23256755992208045,0.18344737770519723,0.18344737770702998
3.0199999999997784,-0.2036956880413483,6.208965849033128e-11,0.2326819389436438,5.478913376309799e-10,0.09862680245368237,0.1696419401157077,0.09862680247622116,42.6432000103,4,True,balance,0.00032359655297788966,-1.3248667127676539,0.01576417610621135,0.00032359702157834237,-1.3248667127274691,0.01576417598734685,0.18384776310850237,0.23256755992208045,0.1834137074864398,0.1834137074883215
3.0299999999997773,-0.20199383934705598,6.198310853211297e-11,0.2326698957424884,5.50230620358412e-10,0.0894629215425056,0.17061310010218664,0.0894629215710168,42.64124662474413,4,True,balance,0.000333063036688663,-1.324535682166995,0.014615025797603898,0.0003330634957187495,-1.324535682133918,0.014615025681442005,0.18384776310850237,0.23256755992208045,0.18338207220407504,0.18338207220600367
3.039999999999776,-0.20028285747003746,6.187877518994478e-11,0.23265866335593965,5.525550121256899e-10,0.08051414389367519,0.1714796875226681,0.08051414392348827,42.63937600321984,4,True,balance,0.00034177190292095945,-1.3242134696596257,0.013506888962520879,0.0003417723524953233,-1.3242134696336718,0.013506888849012121,0.18384776310850237,0.23256755992208045,0.18335235294187568,0.1833523529438492
3.049999999999775,-0.19856376658664338,6.17768225105053e-11,0.2326481934525497,5.548455585370082e-10,0.07178182351504218,0.17224560202543623,0.07178182355015435,42.63758632742192,4,True,balance,0.00034976161273915924,-1.3239001512647701,0.012438484621736136,0.0003497620529900514,-1.323900151245768,0.012438484510830726,0.18384776310850237,0.23256755992208045,0.18332443739290646,0.1833244373949228
3.059999999999774,-0.19683755254493254,6.167739247779849e-11,0.23263844015043977,5.570855380192759e-10,0.06326685476317692,0.172914622295127,0.06326685479986068,42.635875540870934,4,True,balance,0.0003570690451103218,-1.3235957713358057,0.011408573346938433,0.00035706947615377576,-1.3235957713236748,0.01140857323859472,0.18384776310850237,0.23256755992208045,0.18329821954969008,0.1832982195517472
3.069999999999773,-0.19510516405515405,6.15806098408235e-11,0.23262935994192055,5.592593656080374e-10,0.05496970393218425,0.1734904095259155,0.054969703967003986,42.63424140123575,4,True,balance,0.0003637295329420663,-1.323300346001075,0.010415955738714415,0.0003637299549066364,-1.323300345995731,0.010415955632868722,0.18384776310850237,0.23256755992208045,0.18327359940105523,0.18327359940315127
3.079999999999772,-0.19336751384585624,6.14865805277278e-11,0.2326209116134896,5.613532932584468e-10,0.04689043938556528,0.17397651082849688,0.04689043943792435,42.632681525752304,4,True,balance,0.00036977690149591773,-1.3230138662880906,0.009459470950703678,0.0003697773145075396,-1.323013866289435,0.009459470847319839,0.18384776310850237,0.23256755992208045,0.18325048263674135,0.1832504826388742
3.0899999999997707,-0.19162547978631542,6.139539567819252e-11,0.23261305616253988,5.633545663682295e-10,0.039028760261128614,0.174376362565648,0.039028760348562036,42.631193430449635,4,True,balance,0.0003752435086766878,-1.3227363009567616,0.008537995262833732,0.00037524391286125597,-1.322736300964686,0.008537995161853483,0.18384776310850237,0.23256755992208045,0.18322878036059811,0.18322878036276602
3.0999999999997696,-0.18987990597602042,6.130712404233297e-11,0.23260575671192316,5.652535824977922e-10,0.031384023782774356,0.17469329361237265,0.03138402388590124,42.62977456384557,4,True,balance,0.00038016028685640223,-1.3224675990658934,0.007650440705255708,0.0003801606823372916,-1.3224675990802965,0.007650440606649088,0.18384776310850237,0.23256755992208045,0.18320840881302058,0.1832084088152217
3.1099999999997685,-0.18813160380198504,6.122182536607913e-11,0.2325989784233435,5.670406535844218e-10,0.023955271216032817,0.174930528537695,0.0239552713016233,42.62842233570924,4,True,balance,0.0003845567858882821,-1.3222076922955432,0.00679575373408633,0.0003845571727908134,-1.3222076923161878,0.006795753637804146,0.18384776310850237,0.23256755992208045,0.18318928910308194,0.18318928910531432
3.1199999999997674,-0.1863813529646832,6.113954668904542e-11,0.2325926884104068,5.687072252252984e-10,0.016741252506653887,0.17509119070606538,0.016741252642778637,42.62713414146768,4,True,balance,0.0003884612169417681,-1.3219564970458237,0.005972913959066741,0.0003884615953901013,-1.321956497072726,0.005972913865066308,0.18384776310850237,0.23256755992208045,0.18317134695068438,0.18317134695294626
3.1299999999997663,-0.18462990247341807,6.106032505364121e-11,0.2325868556520197,5.702452945053259e-10,0.009740449643377164,0.17517830529711892,0.009740449890884604,42.625907382744074,4,True,balance,0.000391900496901356,-1.3217139163330793,0.005180932923088084,0.0003919008670270825,-1.3217139163660818,0.005180932831320749,0.18384776310850237,0.23256755992208045,0.18315451243891787,0.1831545124412074
3.139999999999765,-0.18287797161194627,6.098418621597495e-11,0.2325814509067146,5.716479232671392e-10,0.0029510987873379566,0.1751948022431873,0.0029510994532142287,42.62473948451362,4,True,balance,0.00039490029307038974,-1.3214798415006637,0.004418852932586781,0.0003949006549999709,-1.3214798415395301,0.004418852843015174,0.18384776310850237,0.23256755992208045,0.1831387197767068,0.1831387197790224
3.149999999999764,-0.1811262508751792,6.091114332982803e-11,0.2325764466283766,5.729097833040092e-10,-0.003628788788559624,0.17514351908451778,0.003628789299257415,42.62362790923687,4,True,balance,0.0003974850678941083,-1.321254153761401,0.0036857459380531692,0.00039748542175702795,-1.3212541538060643,0.003685745850629961,0.18384776310850237,0.23256755992208045,0.18312390707174114,0.18312390707408102
3.159999999999763,-0.17937540287778314,6.084120345213112e-11,0.23257181688375694,5.740256000388333e-10,-0.010001406906462394,0.1750272037426112,0.010001407081948492,42.622570168411606,4,True,balance,0.0003996781235050166,-1.3210367255877549,0.0029807124630561906,0.00039967846943109853,-1.321036725638061,0.0029807123777358265,0.18384776310850237,0.23256755992208045,0.18311001611360692,0.18311001611596944
3.169999999999762,-0.1776260632354931,6.077436052440514e-11,0.23256753727208185,5.749920740185143e-10,-0.01616913579256087,0.17484851721249126,0.016169135940817727,42.621563831860875,4,True,balance,0.0004015016459541595,-1.3208274219639335,0.002302880580350054,0.00040150198407075036,-1.3208274220196976,0.0023028804971009106,0.18384776310850237,0.23256755992208045,0.1830969921669741,0.1830969921693578
3.179999999999761,-0.17587884141994434,6.071060132222011e-11,0.2325635848469974,5.758065503646165e-10,-0.022134524444365887,0.17461003617501428,0.0221345245572878,42.62060653500464,4,True,balance,0.0004029767488833018,-1.320626101512069,0.0016514049334903403,0.0004029770793169926,-1.320626101573186,0.0016514048522697654,0.18384776310850237,0.23256755992208045,0.18308478377464682,0.18308478377704995
3.1899999999997597,-0.17413432158781414,6.064990402877783e-11,0.23255993804103262,5.764673768479869e-10,-0.027900274012697696,0.17431425553059865,0.027900274125258168,42.61969598449266,4,True,balance,0.0004041235165485302,-1.3204326175059615,0.0010254658018552562,0.00040412383941739236,-1.320432617572288,0.001025465722624007,0.18384776310850237,0.23256755992208045,0.18307334257023988,0.18307334257266097
3.1999999999997586,-0.1723930633850516,6.05922433860578e-11,0.23255657659271461,5.769727653730634e-10,-0.033469222155383074,0.17396359085595497,0.033469222244866106,42.61882996230311,4,True,balance,0.00040496104604334466,-1.3202468187818193,0.00042426820761598863,0.00040496136147423115,-1.3202468188531433,0.0004242681303393435,0.18384776310850237,0.23256755992208045,0.18306262310021712,0.1830626231026546
3.2099999999997575,-0.17065560272695504,6.05375895094541e-11,0.23255348147642507,5.77321268442441e-10,-0.03884432832036506,0.1735603807855465,0.03884432837598159,42.61800632866384,4,True,balance,0.0004055074886538225,-1.320068550556552,-0.00015295893748024027,0.0004055077967712281,-1.3200685506327745,-0.00015295901283852846,0.18384776310850237,0.23256755992208045,0.18305258265499869,0.1830525826574511
3.2199999999997564,-0.16892245255484079,6.048591158131331e-11,0.23255063483505348,5.77510913570536e-10,-0.04402865991678608,0.17310688931964557,0.04402865996502648,42.61722302382807,4,True,balance,0.00040578009023079664,-1.3198976551627184,-0.0007069636473324514,0.00040578039116833856,-1.3198976552436492,-0.0007069637208203651,0.18384776310850237,0.23256755992208045,0.18304318110883017,0.18304318111129614
3.2299999999997553,-0.16719410357002526,6.04371662105942e-11,0.2325480199154696,5.775423152307214e-10,-0.04902537933355503,0.17260530806092556,0.04902537936576982,42.61647806902363,4,True,balance,0.0004057952305084594,-1.3197339727077388,-0.0012384716405430681,0.00040579552438942454,-1.3197339727932933,-0.00123847171219872,0.18384776310850237,0.23256755992208045,0.18303438076809123,0.1830343807705695
3.239999999999754,-0.16547102494582558,6.039130290389625e-11,0.2325456210068147,5.774171394873247e-10,-0.053837731765980126,0.17205775838159637,0.053837731806120045,42.61576956660916,4,True,balance,0.0004055684613397269,-1.3195773416654233,-0.0017481870851384451,0.00040556874827724407,-1.3195773417553096,-0.001748187154985549,0.18384776310850237,0.23256755992208045,0.1830261462277145,0.18302614623020363
3.249999999999753,-0.16375366501826075,6.034827895175919e-11,0.23254342338158762,5.771346159831882e-10,-0.058469033812158594,0.17146629352311998,0.05846903381888615,42.61509569959911,4,True,balance,0.00040511454374979615,-1.3194275994052242,-0.0022367933106584637,0.000405114823872999,-1.3194275994994793,-0.0022367933787413434,0.18384776310850237,0.23256755992208045,0.18301844423538255,0.1830184442378811
3.259999999999752,-0.16204245195611744,6.030803798658688e-11,0.23254141323948638,5.766969517596264e-10,-0.06292266280199427,0.17083290063056372,0.06292266281694534,42.61445473069744,4,True,balance,0.0004044474838703996,-1.3192845826671284,-0.0027049534895338683,0.0004044477572943092,-1.3192845827654607,-0.0027049535558851937,0.18384776310850237,0.23256755992208045,0.1830112435631667,0.18301124356567344
3.269999999999751,-0.16033779441102144,6.027052747515223e-11,0.23253957765395047,5.761050461730468e-10,-0.06720204682292243,0.17015950272364502,0.06720204683297774,42.613845000875,4,True,balance,0.0004035805676282671,-1.3191481279854511,-0.003153311289146007,0.00040358083447405627,-1.3191481280877702,-0.003153311353792278,0.18384776310850237,0.23256755992208045,0.18300451488627995,0.18300451488879355
3.27999999999975,-0.158640082148138,6.023569632981095e-11,0.2325379045213386,5.753590851536847e-10,-0.07131065540765104,0.16944796060650724,0.07131065541152365,42.61326492764386,4,True,balance,0.0004025263942420133,-1.3190180720679603,-0.0035824914963190195,0.000402526654641768,-1.319018072174094,-0.003582491559308744,0.18384776310850237,0.23256755992208045,0.1829982306686106,0.18299823067113002
3.2899999999997487,-0.15694968665810122,6.020347945990387e-11,0.2325363825126674,5.74462655143972e-10,-0.0752519908504876,0.1687000747182399,0.07525199085812088,42.612713003036845,4,True,balance,0.00040129690852707,-1.3188942521341516,-0.003993100615653592,0.00040129716259261814,-1.3188942522440232,-0.003993100677012541,0.18384776310850237,0.23256755992208045,0.18299236505472066,0.18299236505724478
3.2999999999997476,-0.15526696175075586,6.017381591311277e-11,0.2325350010278307,5.73417962818839e-10,-0.0790295801200498,0.16791758692612324,0.0790295801419203,42.61218779139879,4,True,balance,0.0003999034319579949,-1.3187765062167933,-0.004385727443279834,0.00039990367980131584,-1.3187765063301364,-0.004385727503041571,0.18384776310850237,0.23256755992208045,0.18298689376798954,0.1829868937705173
3.3099999999997465,-0.15359224413127162,6.01466436940346e-11,0.23253375015221275,5.722273269911338e-10,-0.08264696733743312,0.16710218226353285,0.08264696734966222,42.61168792701968,4,True,balance,0.0003983566925243015,-1.3186646734295726,-0.0047609436171325865,0.0003983569342656637,-1.3186646735463348,-0.004760943675331709,0.18384776310850237,0.23256755992208045,0.18298179401460088,0.18298179401713088
3.3199999999997454,-0.15192585395917463,6.012189440751917e-11,0.23253262061560706,5.708946025557731e-10,-0.08610770679011519,0.16625549061439274,0.08610770679750777,42.611212111660535,4,True,balance,0.00039666685344972604,-1.318558594205514,-0.005119304145281131,0.0003966670891957338,-1.3185585943254763,-0.00511930420193797,0.18384776310850237,0.23256755992208045,0.1829770443930728,0.18297704439560405
3.3299999999997443,-0.1502680953908192,6.009950697528519e-11,0.23253160375334941,5.694216665188799e-10,-0.08941535645311424,0.16537908834601486,0.08941535645118784,42.61075911200075,4,True,balance,0.0003948435406669895,-1.3184581105073914,-0.005461347913423809,0.0003948437705365118,-1.3184581106304436,-0.005461347968574682,0.18384776310850237,0.23256755992208045,0.18297262480904886,0.1829726248115804
3.339999999999743,-0.14861925710580753,6.007942298351201e-11,0.23253069146957245,5.678097729982686e-10,-0.09257347199010942,0.16447449989210697,0.09257347200529008,42.61032775707661,4,True,balance,0.0003928958692132571,-1.3183630660141399,-0.005787598172609024,0.00039289609333274437,-1.318363066140191,-0.005787598226303993,0.18384776310850237,0.23256755992208045,0.18296851639507025,0.18296851639760112
3.349999999999742,-0.14697961281784439,6.006157200600846e-11,0.23252987620249035,5.6606329801656e-10,-0.09558560120840293,0.16354319928767128,0.09558560123668582,42.609916935669006,4,True,balance,0.00039083246847744876,-1.3182733062845673,-0.006098563008422738,0.00039083268695036863,-1.3182733064134662,-0.006098563060673535,0.18384776310850237,0.23256755992208045,0.18296470143506693,0.18296470143759622
3.359999999999741,-0.14534942177050003,6.004587851111478e-11,0.2325291508916212,5.641878118505499e-10,-0.09845527894274606,0.16258661165746316,0.09845527897656797,42.60952559373773,4,True,balance,0.00038866150632081215,-1.3181886789010955,-0.006394735792469143,0.0003886617192458938,-1.318188679032651,-0.006394735843301648,0.18384776310850237,0.23256755992208045,0.18296116329331022,0.18296116329583686
3.36999999999974,-0.1437289292183366,6.003228337854922e-11,0.23252850894685734,5.621847135185785e-10,-0.10118602234417372,0.16160611465961727,0.10118602238461899,42.60915273185979,4,True,balance,0.00038639071216011925,-1.3181090335951418,-0.006676595617209137,0.00038639091965546655,-1.3181090337292731,-0.00667659566666552,0.18384776310850237,0.23256755992208045,0.1829578863475864,0.18295788635010962
3.3799999999997388,-0.14211836689383725,6.00207298778037e-11,0.232527944219295,5.600549903797209e-10,-0.10378132655106546,0.1606030398859865,0.10378132661099891,42.608797402723454,4,True,balance,0.0003840273990396522,-1.3180342223560175,-0.006944607715008365,0.0003840276012307442,-1.3180342224924826,-0.00694460776313195,0.18384776310850237,0.23256755992208045,0.18295485592635713,0.18295485592887595
3.3899999999997377,-0.14051795346056295,6.001112981722634e-11,0.23252745097373675,5.578080026564892e-10,-0.10624466072070064,0.15957867422068908,0.10624466070585073,42.60845870869211,4,True,balance,0.00038157848468373356,-1.3179640995244741,-0.007199223862184733,0.0003815786816437383,-1.317964099663433,-0.00719922390896134,0.18384776310850237,0.23256755992208045,0.18295205824968724,0.18295205825220096
3.3999999999997366,-0.1389278949529475,6.0003418486974e-11,0.23252702386278248,5.554466424294833e-10,-0.10857946440059874,0.1585342611582904,0.10857946438628772,42.608135799373095,4,True,balance,0.0003790505114932774,-1.3178985218731347,-0.007440882768768425,0.0003790507033356627,-1.317898522014231,-0.007440882814245665,0.18384776310850237,0.23256755992208045,0.18294948037372102,0.18294948037622885
3.4099999999997355,-0.13734838520312534,5.999754111076636e-11,0.23252665790242802,5.529718616678039e-10,-0.1107891442198995,0.15747100208300532,0.11078914421162173,42.60782786935885,4,True,balance,0.0003764496657626012,-1.3178373486742039,-0.007670010455018439,0.0003764498525986834,-1.3178373488173516,-0.007670010499234449,0.18384776310850237,0.23256755992208045,0.1829471101385213,0.18294711014102233
3.4199999999997344,-0.1357796062551764,5.999343129026846e-11,0.23252634844909303,5.503877712267281e-10,-0.11287707088199164,0.15639005751023274,0.11287707087064767,42.60753415595813,4,True,balance,0.0003737817958872562,-1.3177804417559889,-0.007887020614839124,0.0003737819778157866,-1.3177804419010986,-0.007887020657806177,0.18384776310850237,0.23256755992208045,0.1829449361190625,0.182944936121556
3.4299999999997333,-0.13422172876715638,5.999102603556655e-11,0.23252609117800235,5.476977072913898e-10,-0.11484657644051817,0.15529254829169592,0.11484657643042445,42.607253937028965,4,True,balance,0.000371052429716564,-1.3177276655490127,-0.008092314967163948,0.0003710526068413966,-1.317727665695953,-0.00809231500891845,0.18384776310850237,0.23256755992208045,0.1829429475792084,0.1829429475816937
3.439999999999732,-0.1326749124012702,5.9990258772588e-11,0.23252588206284835,5.44906140355542e-10,-0.11670095184174306,0.1541795567854072,0.11670095184361766,42.606986528921176,4,True,balance,0.0003682667911048285,-1.3176788871233736,-0.008286283595754918,0.0003682669635235827,-1.317678887272075,-0.008286283636320125,0.18384776310850237,0.23256755992208045,0.18294113442849919,0.18294113443097568
3.449999999999731,-0.13113930620253378,5.999106518392121e-11,0.2325257173566646,5.420171272830415e-10,-0.11844344471711454,0.15305212799161755,0.11844344471779006,42.60673128448552,4,True,balance,0.00036542981561185785,-1.317633976217133,-0.008469305277881605,0.0003654299834215216,-1.3176339763673646,-0.008469305317278809,0.18384776310850237,0.23256755992208045,0.18293948718158454,0.1829394871840516
3.45999999999973,-0.12961504896625806,5.999339417042246e-11,0.23252559357384522,5.39031649647535e-10,-0.12007725741066125,0.15191127065587848,0.12007725740245229,42.606487591159194,4,True,balance,0.00036254616547478957,-1.3175928052572747,-0.008641747802516466,0.0003625463287886646,-1.3175928054090724,-0.008641747840794368,0.18384776310850237,0.23256755992208045,0.18293799692014837,0.18293799692260537
3.469999999999729,-0.12810226959467844,5.999716686511939e-11,0.23252550747324582,5.359580648196685e-10,-0.12160554522664294,0.15075795834028274,0.12160554522286565,42.606254869142944,4,True,balance,0.00035962024386661007,-1.317555249373912,-0.008803968278484791,0.0003596204027528879,-1.3175552495271308,-0.008803968315628642,0.18384776310850237,0.23256755992208045,0.1829366552571801,0.18293665525962624
3.4799999999997278,-0.12660108744304188,6.000233160413282e-11,0.23252545604230557,5.327977897971792e-10,-0.12303141488360456,0.1495931304639169,0.1230314148843886,42.60603256967214,4,True,balance,0.0003566562083204162,-1.3175211864077825,-0.008956313432911573,0.000356656362887269,-1.3175211865622527,-0.008956313468969425,0.18384776310850237,0.23256755992208045,0.18293545430345454,0.18293545430588945
3.4899999999997267,-0.12511161265545423,6.000883048448246e-11,0.23252543648213353,5.29554319896061e-10,-0.1243579231616958,0.1484176933135111,0.12435792315951534,42.60582017335261,4,True,balance,0.00035365798366350016,-1.3174904969121657,-0.009099119900618841,0.0003536581340023817,-1.3174904970678616,-0.009099119935617362,0.18384776310850237,0.23256755992208045,0.18293438663608985,0.18293438663851286
3.4999999999997256,-0.12363394649078024,6.001660634143889e-11,0.23252544619350396,5.262311345654616e-10,-0.12558807573080366,0.14723252102523388,0.1255880757313647,42.605617188579316,4,True,balance,0.00035062927416696185,-1.3174630641497944,-0.009232714504631123,0.00035062942037036496,-1.3174630643066039,-0.009232714538587218,0.18384776310850237,0.23256755992208045,0.18293344526905814,0.1829334452714688
3.5099999999997245,-0.12216818163888073,6.002559832717912e-11,0.23252548276370896,5.228329518720559e-10,-0.12672482614768532,0.14603845653854167,0.1267248261498957,42.60542315004951,4,True,balance,0.00034757357513816165,-1.3174387740849145,-0.00935741452829855,0.0003475737172926768,-1.317438774242743,-0.009357414561240686,0.18384776310850237,0.23256755992208045,0.1829326236255369,0.18293262362793467
3.5199999999997234,-0.12071440252746017,6.003574597223772e-11,0.23252554395421948,5.193645809157789e-10,-0.12777107501091492,0.1448363125229517,0.1277710750067418,42.605237617317606,4,True,balance,0.0003444941839195542,-1.3174175153709178,-0.009473527979268237,0.0003444943221034799,-1.3174175155296337,-0.009473528011208944,0.18384776310850237,0.23256755992208045,0.18293191551198767,0.182931915514372
3.5299999999997222,-0.11927268561979192,6.004699634302549e-11,0.23252562768910734,5.158291317547544e-10,-0.1287296692630476,0.14362687227857984,0.12872966927260485,42.605060173457105,4,True,balance,0.0003413942103033081,-1.3173991793342614,-0.009581353845794787,0.00034139434460714655,-1.317399179493809,-0.009581353876753696,0.18384776310850237,0.23256755992208045,0.18293131509385824,0.182931315096229
3.539999999999721,-0.11784309970357845,6.005930463340717e-11,0.23252573204418464,5.122280057316363e-10,-0.1296034016299684,0.14241089061124357,0.1296034016334371,42.6048904237745,4,True,balance,0.0003382765864482858,-1.3173836599550643,-0.009681182345495266,0.000338276716966141,-1.317383660115389,-0.00968118237551381,0.18384776310850237,0.23256755992208045,0.1829308168728161,0.18293081687517257
3.54999999999972,-0.11642570617119699,6.007261679394511e-11,0.23252585523681882,5.085652795015109e-10,-0.1303950101879285,0.1411890946829074,0.1303950101953853,42.60472799459096,4,True,balance,0.0003351440762825781,-1.3173708538444107,-0.009773295167042962,0.00033514420309531027,-1.317370854005352,-0.009773295196131139,0.18384776310850237,0.23256755992208045,0.18293041566541163,0.18293041566775337
3.559999999999719,-0.11502055929157255,6.008688040367434e-11,0.2325259956163829,5.048448603698491e-10,-0.1311071780493004,0.13996218483820771,0.13110717805895197,42.60457253208518,4,True,balance,0.0003319992843814986,-1.3173606602185894,-0.009857965704805542,0.00033199940757110466,-1.3173606603801211,-0.009857965732983044,0.18384776310850237,0.23256755992208045,0.18293010658309375,0.1829301065854206
3.569999999999718,-0.11362770647391418,6.010204510326233e-11,0.23252615165530457,5.010703114504263e-10,-0.13174253315855278,0.13873083540777834,0.13174253315954784,42.604423701215765,4,True,balance,0.00032884466443690465,-1.3173529808714688,-0.009935459286980917,0.0003288447840832201,-1.3173529810334976,-0.009935459314274265,0.18384776310850237,0.23256755992208045,0.18292988501349064,0.1829298850158021
3.5799999999997167,-0.1122471885235422,6.011806017425594e-11,0.2325263219406786,4.972455746916001e-10,-0.1323036481904281,0.1374956954890569,0.13230364820191398,42.604281184682534,4,True,balance,0.0003256825272633941,-1.317347720143883,-0.01000603339724118,0.00032568264344404516,-1.3173477203062904,-0.010006033423661477,0.18384776310850237,0.23256755992208045,0.18292974660287856,0.18292974660517433
3.5899999999997156,-0.11087903989002816,6.013488687564742e-11,0.23252650516640844,4.933718716102152e-10,-0.13279304054274768,0.13625738970524132,0.13279304056035224,42.60414468193103,4,True,balance,0.00032251504837869477,-1.317344784891344,-0.010069937890158738,0.0003225151611747251,-1.3173447850541564,-0.010069937915736916,0.18384776310850237,0.23256755992208045,0.18292968723976996,0.1829296872420497
3.5999999999997145,-0.10952328890786249,6.015247904894068e-11,0.2325267001258461,4.894525652981878e-10,-0.13321317241668298,0.1350165189430254,0.1332131724255935,42.60401390827009,4,True,balance,0.0003193442752086266,-1.3173440844502309,-0.010127415200771336,0.00031934438469906676,-1.3173440846132753,-0.010127415225515203,0.18384776310850237,0.23256755992208045,0.1829297030395481,0.18292970304181172
3.6099999999997134,-0.10817995802985844,6.017079397466588e-11,0.2325269057049006,4.854904188069621e-10,-0.13356645097774794,0.13377366106973756,0.13356645098899678,42.60388859396106,4,True,balance,0.0003161721339142007,-1.3173455306018587,-0.010178700548241949,0.00031617224018016724,-1.3173455307651087,-0.010178700572188627,0.18384776310850237,0.23256755992208045,0.1829297903300862,0.18292979033233323
3.6199999999997123,-0.10684906405349535,6.018978448431039e-11,0.23252712087558705,4.814896033085483e-10,-0.133855228591143,0.13252937163046602,0.13385522860259932,42.603768483406405,4,True,balance,0.00031300043584791133,-1.3173490375355585,-0.010224022134026253,0.00031300053895754934,-1.317349037699017,-0.010224022157187774,0.18384776310850237,0.23256755992208045,0.18292994563829051,0.18292994564052056
3.6299999999997112,-0.10553061834039794,6.020940410529924e-11,0.2325273446899892,4.77454251104362e-10,-0.1340818031254438,0.1312841845257471,0.1340818031366111,42.603653334374314,4,True,balance,0.00030983088367460694,-1.3173545218106433,-0.010263601334605346,0.00030983098369463305,-1.3173545219741463,-0.010263601356989017,0.18384776310850237,0.23256755992208045,0.1829301656775095,0.18293016567972226
3.63999999999971,-0.10422462702914301,6.022961600420494e-11,0.23252757627461132,4.733863159082298e-10,-0.13424841831898265,0.13003861267036665,0.13424841832624518,42.60354291726126,4,True,balance,0.00030666507716805154,-1.3173619023168326,-0.01029765288896462,0.000306665174176674,-1.3173619024803278,-0.010297652910598433,0.18384776310850237,0.23256755992208045,0.18293044733575595,0.18293044733795147
3.649999999999709,-0.10293109124157968,6.025038025394841e-11,0.2325278148250956,4.692888788982656e-10,-0.13435726420359215,0.12879314863380656,0.13435726420367264,42.60343701438747,4,True,balance,0.00030350451872840687,-1.3173711002343433,-0.010326385081040472,0.0003035046127925314,-1.317371100397785,-0.010326385101935688,0.18384776310850237,0.23256755992208045,0.18293078766469165,0.1829307876668697
3.659999999999708,-0.10165000728284342,6.027166350501356e-11,0.23252805960128273,4.6516353635602887e-10,-0.13441047758069985,0.12754826526285237,0.13441047758191862,42.60333541934874,4,True,balance,0.00030035061856666865,-1.3173820389929753,-0.010349999917250411,0.0003003507097567476,-1.3173820391563482,-0.010349999937431865,0.18384776310850237,0.23256755992208045,0.18293118386932666,0.182931183871487
3.669999999999707,-0.10038136683524009,6.029342709645921e-11,0.232528309922595,4.6101350582073423e-10,-0.13441014254505246,0.1263044162868586,0.13441014254383188,42.60323793639327,4,True,balance,0.0002972046996442414,-1.3173946442308184,-0.010368693299260634,0.00029720478803198555,-1.3173946443940234,-0.010368693318745749,0.18384776310850237,0.23256755992208045,0.1829316332983891,0.18293163330053158
3.6799999999997057,-0.09912515714617025,6.031563397645162e-11,0.23252856516372236,4.5684184835672487e-10,-0.1343582910516391,0.1250620369061516,0.13435829104587965,42.603144379838795,4,True,balance,0.0002940680023502307,-1.317408843752072,-0.010382655192110643,0.00029406808799694787,-1.3174088439150338,-0.010382655210906934,0.18384776310850237,0.23256755992208045,0.18293213343532325,0.18293213343744755
3.6899999999997046,-0.09788136121026005,6.033825496091841e-11,0.2325288247505927,4.5264979751211614e-10,-0.13425690352164557,0.12382154436403923,0.1342569035126183,42.603054573515664,4,True,balance,0.0002909416889098182,-1.3174245674849039,-0.010392069787877585,0.0002909417718842086,-1.3174245676475909,-0.010392069806013716,0.18384776310850237,0.23256755992208045,0.18293268188987574,0.18293268189198186
3.6999999999997035,-0.09664995794586012,6.036125565074511e-11,0.23252908815660878,4.484402229174436e-10,-0.134107909483529,0.12258333850287328,0.1341079094732487,42.60296835024105,4,True,balance,0.0002878268475812122,-1.3174417474387743,-0.010397115664968272,0.0002878269279477477,-1.3174417476011757,-0.010397115682459447,0.18384776310850237,0.23256755992208045,0.1829332763902348,0.1829332763923224
3.7099999999997024,-0.09543092236606943,6.038459963245998e-11,0.23252935489913587,4.442166555727733e-10,-0.1339131882455418,0.12134780230460482,0.13391318822293075,42.602885551342126,4,True,balance,0.0002847244966219813,-1.3174603176618955,-0.010397965943214583,0.00028472457443854874,-1.3174603178239275,-0.010397965960067713,0.18384776310850237,0.23256755992208045,0.18293391477568494,0.18293391477775425
3.7199999999997013,-0.09422422574443699,6.040826251311167e-11,0.23252962453622408,4.3997980322783965e-10,-0.13367456959626095,0.12011530241625439,0.1336745695750273,42.60280602616714,4,True,balance,0.00028163558804329675,-1.3174802141982902,-0.010394788434827077,0.0002816356633785938,-1.3174802143598983,-0.01039478845106896,0.18384776310850237,0.23256755992208045,0.18293459498974646,0.18293459499179693
3.7299999999997,-0.09302983577548979,6.043221411914097e-11,0.2325298966635514,4.3573209115913916e-10,-0.13339383452990597,0.11888618966070552,0.13339383451104456,42.60272963167449,4,True,balance,0.0002785610111620972,-1.3175013750448457,-0.010387745791357343,0.00027856108407438627,-1.3175013752059797,-0.01038774580699704,0.18384776310850237,0.23256755992208045,0.18293531507376776,0.18293531507579966
3.739999999999699,-0.09184771673023169,6.045642683465961e-11,0.23253017091157313,4.314755042613377e-10,-0.13307271599341616,0.11766079953322148,0.13307271597460957,42.60265623199098,4,True,balance,0.000275501595976845,-1.3175237401087632,-0.010376995646757299,0.0002755016665263418,-1.3175237402694353,-0.010376995661817946,0.18384776310850237,0.23256755992208045,0.18293607316094282,0.18293607316295585
3.749999999999698,-0.09067782960675402,6.048086737234783e-11,0.23253044694286554,4.272136650579175e-10,-0.1327128996524765,0.11643945268406898,0.13271289963895286,42.6025856980392,4,True,balance,0.00027245811635135173,-1.317547251164824,-0.01036269075674613,0.0002724581845883858,-1.317547251324904,-0.010362690771230044,0.18384776310850237,0.23256755992208045,0.1829368674707242,0.18293686747271837
3.759999999999697,-0.08952013227609433,6.050551412588858e-11,0.23253072444965078,4.2294735877586637e-10,-0.1323160246738395,0.11522245538762545,0.13231602464959485,42.60251790715857,4,True,balance,0.00026943129301458085,-1.3175718518129773,-0.010344979134377574,0.0002694313590045244,-1.3175718519725383,-0.010344979148312517,0.18384776310850237,0.23256755992208045,0.18293769630360968,0.1829376963055849
3.769999999999696,-0.08837457962347685,6.053033563528403e-11,0.23253100315149228,4.186801580330911e-10,-0.1318836845214912,0.11401009999832995,0.13188368448354912,42.60245274276312,4,True,balance,0.0002664217964600585,-1.3175974874362752,-0.010324004182131431,0.00026642186024608186,-1.3175974875951868,-0.01032400419551628,0.18384776310850237,0.23256755992208045,0.18293855803627404,0.1829385580382302
3.7799999999996947,-0.0872411236850642,6.055531714937716e-11,0.23253128279314964,4.144114778172854e-10,-0.1314174277643587,0.11280266539383417,0.1314174277224024,42.60239009400992,4,True,balance,0.0002634302495921023,-1.3176241051587876,-0.010299904820457844,0.00026343031124264113,-1.317624105317019,-0.010299904833312957,0.18384776310850237,0.23256755992208045,0.18293945111702803,0.1829394511189652
3.7899999999996936,-0.08611971378034627,6.058043542457299e-11,0.23253156314258305,4.1014325029050815e-10,-0.13091875889341423,0.11160041740569354,0.13091875889487886,42.60232985547601,4,True,balance,0.0002604572303444139,-1.3176516538043441,-0.01027281561300422,0.0002604572899170368,-1.3176516539619112,-0.010272815625354715,0.18384776310850237,0.23256755992208045,0.1829403740615805,0.18294037406349856
3.7999999999996925,-0.08501029664028925,6.060566005856047e-11,0.23253184398909782,4.058792963648081e-10,-0.13038913914618733,0.11040360923793402,0.13038913915094405,42.60227192690389,4,True,balance,0.0002575032740799635,-1.3176800838553404,-0.01024286688845173,0.0002575033316156194,-1.317680084012169,-0.010242866900298698,0.18384776310850237,0.23256755992208045,0.18294132544908656,0.18294132545098565
3.8099999999996914,-0.08391281653136397,6.063096971857498e-11,0.23253212514161933,4.0162127624743567e-10,-0.12982998733682516,0.10921248187381416,0.12982998733762116,42.602216212871376,4,True,balance,0.00025456887586599344,-1.317709347411891,-0.01021018485919759,0.0002545689314138835,-1.3177093475679946,-0.01021018487055121,0.18384776310850237,0.23256755992208045,0.18294230391845645,0.18294230392033636
3.8199999999996903,-0.0828272153755704,6.065634780038612e-11,0.2325324064270913,3.9736975384193813e-10,-0.1292426806899901,0.10802726447110378,0.12924268069200479,42.60216262257281,4,True,balance,0.0002516544926795225,-1.317739398151926,-0.010174891736948998,0.00025165454629353154,-1.3177393983072598,-0.0101748917478386,0.18384776310850237,0.23256755992208045,0.18294330816491688,0.18294330816677778
3.829999999999689,-0.08175343286657082,6.068177650009066e-11,0.23253268768898858,3.9312592821813677e-10,-0.12862855567699408,0.10684817474617882,0.1286285556559809,42.60211106954813,4,True,balance,0.00024876054543828096,-1.3177701912911328,-0.01013710584514224,0.00024876059717162167,-1.317770191445641,-0.010137105855568552,0.18384776310850237,0.23256755992208045,0.18294433693680412,0.18294433693864595
3.839999999999688,-0.08069140658204219,6.070722980210202e-11,0.23253296878593693,3.888931812526189e-10,-0.12798890885268635,0.10567541934723461,0.12798890883288974,42.60206147146007,4,True,balance,0.00024588742098700917,-1.3178016835441198,-0.010096941728552895,0.0002458874708727887,-1.317801683697755,-0.010096941738513178,0.18384776310850237,0.23256755992208045,0.18294538903256993,0.18294538903439264
3.849999999999687,-0.079641072092355,6.073270578408626e-11,0.23253324959043362,3.846688698761315e-10,-0.12732499769173786,0.1045091942169038,0.127324997680479,42.60201374987869,4,True,balance,0.00024303547387065347,-1.3178338330854702,-0.010054510259841503,0.0002430355219780847,-1.3178338332382462,-0.010054510269375606,0.18384776310850237,0.23256755992208045,0.18294646329799388,0.18294646329979752
3.859999999999686,-0.07860236306568284,6.075817976618094e-11,0.23253352998766158,3.8045645885161155e-10,-0.1266380414230512,0.10334968494456483,0.1266380414117571,42.60196783006015,4,True,balance,0.00024020502816182284,-1.3178665995118906,-0.010009918743479706,0.00024020507453016343,-1.3178665996638146,-0.010009918752590287,0.18384776310850237,0.23256755992208045,0.18294755862358109,0.18294755862536566
3.869999999999685,-0.07757521136964414,6.078363339388414e-11,0.2325338098743913,3.7625775980203567e-10,-0.12592922186114175,0.10219706710861028,0.12592922184185454,42.60192364076585,4,True,balance,0.00023739637905698138,-1.3178999438047072,-0.009963271016720022,0.0002373964237270576,-1.317899943955701,-0.009963271025415511,0.18384776310850237,0.23256755992208045,0.18294867394213685,0.18294867394390252
3.8799999999996837,-0.07655954716957547,6.080905250326709e-11,0.23253408915796453,3.7207369477761963e-10,-0.12519968423341976,0.10105150660894759,0.12519968422426492,42.60188111406035,4,True,balance,0.00023460979446025937,-1.3179338282928905,-0.009914667548080782,0.00023460983747807307,-1.3179338284429487,-0.009914667556376612,0.18384776310850237,0.23256755992208045,0.18294980822650472,0.18294980822825138
3.8899999999996826,-0.07555529902353217,6.0834422827156e-11,0.23253436775535455,3.6790540824143594e-10,-0.1244505380023966,0.09991315998998675,0.12445053800073672,42.60184018515487,4,True,balance,0.00023184551646189704,-1.3179682166168787,-0.009864205533068016,0.00023184555787039346,-1.3179682167659705,-0.009864205540973793,0.18384776310850237,0.23256755992208045,0.18295096048745937,0.18295096048918705
3.8999999999996815,-0.07456239397411027,6.085973118298476e-11,0.2325346455922977,3.637538536929199e-10,-0.12368285768190354,0.09878217475437251,0.12368285767029435,42.60180079222821,4,True,balance,0.00022910376273532271,-1.318003073692944,-0.009811978987475644,0.00022910380258263696,-1.318003073841098,-0.0098119789950062,0.18384776310850237,0.23256755992208045,0.18295212977173964,0.1829521297734485
3.9099999999996804,-0.0735807576371808,6.088495920535653e-11,0.2325349226024914,3.596214559506839e-10,-0.1228976836465217,0.09765868966770543,0.12289768362449778,42.60176287627583,4,True,balance,0.00022638472788850893,-1.3180383656784147,-0.00975807883816177,0.00022638476620788828,-1.3180383658255899,-0.009758078845316277,0.18384776310850237,0.23256755992208045,0.1829533151602152,0.18295331516190522
3.9199999999996793,-0.07261031428762547,6.091009362710304e-11,0.23253519872685452,3.555094046763084e-10,-0.1220960229334685,0.09654283505449064,0.12209602290714407,42.60172638096665,4,True,balance,0.0002236885846864559,-1.3180740599370204,-0.009702593011351327,0.00022368862151315644,-1.318074060083142,-0.009702593018140039,0.18384776310850237,0.23256755992208045,0.18295451576617788,0.18295451576784919
3.929999999999678,-0.07165098694215981,6.093513374454409e-11,0.2325354739128453,3.514158329262473e-10,-0.12127885003626314,0.09543473308555131,0.12127885000374033,42.60169125249651,4,True,balance,0.00022101548525219568,-1.3181101250054095,-0.009645606518727057,0.00022101552064670072,-1.3181101251505298,-0.00964560652517425,0.18384776310850237,0.23256755992208045,0.18295573073374688,0.18295573073539959
3.939999999999677,-0.07070269743932818,6.096006224819492e-11,0.23253574811383343,3.4734337290623563e-10,-0.12044710768955653,0.09433449805713237,0.12044710765896081,42.60165743946096,4,True,balance,0.00021836556222766738,-1.3181465305603186,-0.009587201541094869,0.0002183655962196307,-1.3181465307044407,-0.009587201547209502,0.18384776310850237,0.23256755992208045,0.1829569592363821,0.18295695923801628
3.949999999999676,-0.06976536651675241,6.098486019338416e-11,0.2325360212885224,3.43294998514023e-10,-0.1196017076445808,0.09324223666191571,0.1196017076160231,42.6016248927339,4,True,balance,0.00021573892979820665,-1.318183247385932,-0.009527457509912898,0.00021573896241319418,-1.3181832475289896,-0.009527457515682554,0.18384776310850237,0.23256755992208045,0.18295820047549669,0.18295820047711236
3.959999999999675,-0.06883891388571375,6.100952691644801e-11,0.23253629340041823,3.392691008147788e-10,-0.11874353143472022,0.09215804825216596,0.11874353140462483,42.6015935653404,4,True,balance,0.00021313568471449128,-1.3182202473424576,-0.009466451186524638,0.0002131357160016048,-1.3182202474844031,-0.009466451191981152,0.18384776310850237,0.23256755992208045,0.1829594536791625,0.18295945368075972
3.969999999999674,-0.06792325830314552,6.10340558096378e-11,0.2325365644173421,3.3526583735949943e-10,-0.11787343113076108,0.09108202509521302,0.11787343108497916,42.60156341236065,4,True,balance,0.00021055590725939754,-1.3182575033348534,-0.009404256739443765,0.0002105559372587057,-1.318257503475748,-0.00940425674459562,0.18384776310850237,0.23256755992208045,0.18296071810090234,0.1829607181024812
3.9799999999996727,-0.06701831764111237,6.105843208901981e-11,0.2325368343109833,3.312875254533957e-10,-0.11699223008543437,0.09001425262148163,0.11699223004260131,42.60153439080966,4,True,balance,0.00020799966216527945,-1.3182949892828413,-0.009340945819390758,0.000207999690907911,-1.3182949894226585,-0.009340945824242509,0.18384776310850237,0.23256755992208045,0.1829619930185608,0.1829619930201215
3.9899999999996716,-0.06612400895384914,6.108264067454027e-11,0.23253710305648947,3.273365692951698e-10,-0.11610072366690138,0.08895480966526284,0.11610072363224924,42.601506459555,4,True,balance,0.0002054669994503978,-1.3183326800909971,-0.00927658763245033,0.00020546702696088215,-1.318332680229756,-0.009276587637003881,0.18384776310850237,0.23256755992208045,0.18296327773325252,0.18296327773479518
3.9999999999996705,-0.06524024854243107,6.110667748536744e-11,0.23253737063209226,3.2341261041827506e-10,-0.11519967998088392,0.0879037686984264,0.1151996799530817,42.60147957920458,4,True,balance,0.00020295795523254758,-1.3183705516198267,-0.009211249011175824,0.00020295798154822465,-1.318370551757479,-0.009211249015439944,0.18384776310850237,0.23256755992208045,0.182964571568377,0.18296457156990156
4.009999999999674,-0.06436695201714467,6.113054256269511e-11,0.23253763701876487,3.1951444773140644e-10,-0.11428984058118301,0.08686119605726121,0.11428984053757228,42.60145371203734,4,True,balance,0.00020047255252008352,-1.3184085806574612,-0.009144994483816367,0.0002004725776823152,-1.3184085807939354,-0.009144994487809295,0.18384776310850237,0.23256755992208045,0.18296587386869875,0.1829658738702055
4.019999999999677,-0.06350403435762735,6.115423125698258e-11,0.23253790219991002,3.1564220607061284e-10,-0.11337192116836063,0.08582715216262864,0.11337192113711943,42.60142882190501,4,True,balance,0.00019801080193248272,-1.3184467448916575,-0.009077886341700972,0.0001980108259762614,-1.3184467450270352,-0.00907788634543112,0.18384776310850237,0.23256755992208045,0.1829671839994863,0.1829671840009753
4.0299999999996805,-0.0626514099708413,6.117773255926908e-11,0.2325381661610756,3.117976644678434e-10,-0.11244661227640285,0.08480169173361267,0.11244661223793488,42.60140487416269,4,True,balance,0.00019557270239546086,-1.3184850228832983,-0.009009984704770766,0.00019557272534814402,-1.3184850230175378,-0.009009984708240782,0.18384776310850237,0.23256755992208045,0.1829685013457091,0.18296850134718043
4.039999999999684,-0.06180899274694595,6.120103875029576e-11,0.23253842888969614,3.079817368183874e-10,-0.11151457994720747,0.08378486399483596,0.11151457992590384,42.60138183558876,4,True,balance,0.00019315824178990884,-1.3185233940394592,-0.008941347585303976,0.00019315826367955952,-1.318523394172514,-0.008941347588524896,0.18384776310850237,0.23256755992208045,0.1829698253112817,0.18296982531273534
4.049999999999687,-0.060976696113131036,6.122414639410751e-11,0.23253869037485822,3.041944406956504e-10,-0.11057646639278002,0.08277671287761976,0.1105764663725735,42.60135967431869,4,True,balance,0.000190767397579514,-1.318561838587901,-0.008872030950040603,0.00019076741843696344,-1.3185618387198008,-0.00887203095301693,0.18384776310850237,0.23256755992208045,0.18297115531835967,0.18297115531979602
4.0599999999996905,-0.06015443308547145,6.124704552427903e-11,0.2325389506070878,3.004374598552972e-10,-0.10963289064503924,0.08177727721515,0.10963289062051759,42.601338359778836,4,True,balance,0.00018840013739466064,-1.3186003375518103,-0.008802088780446268,0.00018840015724732096,-1.3186003376826099,-0.008802088783181184,0.18384776310850237,0.23256755992208045,0.18297249080667644,0.18297249080809544
4.069999999999694,-0.059342116318862444,6.126973138438896e-11,0.2325392095781582,2.96711168122132e-10,-0.10868444919317449,0.08078659093181421,0.10868444919220338,42.601317862611,4,True,balance,0.00018605641960272264,-1.3186388727254776,-0.008731573131512465,0.00018605643847580456,-1.3186388728550984,-0.0087315731340198,0.18384776310850237,0.23256755992208045,0.182973831232922,0.1829738312343238
4.079999999999697,-0.05853965815509286,6.129220465160272e-11,0.23253946728091696,2.930146846862322e-10,-0.10773171660850435,0.07980468322686585,0.10773171662177201,42.601298154631486,4,True,balance,0.0001837361938231565,-1.3186774266501302,-0.008660534188846372,0.00018373621175148458,-1.318677426778553,-0.008660534191129455,0.18384776310850237,0.23256755992208045,0.18297517607016112,0.1829751760715459
4.0899999999997005,-0.05774697066911215,6.131446848935314e-11,0.23253972370912954,2.8934666497837597e-10,-0.10677524615682465,0.07883157875257256,0.10677524617952112,42.60127920877044,4,True,balance,0.00018143940143733315,-1.3187159825906238,-0.00858902032422962,0.00018143941845603556,-1.3187159827179395,-0.008589020326308995,0.18384776310850237,0.23256755992208045,0.1829765248072842,0.18297652480865206
4.099999999999704,-0.056963965713545624,6.133651087361683e-11,0.23253997885733985,2.8570963848669115e-10,-0.10581557039824459,0.07786729778699672,0.10581557042017199,42.60126099900287,4,True,balance,0.00017916597606957899,-1.3187545245130003,-0.008517078149695914,0.0001791659921996472,-1.3187545246391705,-0.008517078151566672,0.18384776310850237,0.23256755992208045,0.18297787694849105,0.1829778769498422
4.109999999999707,-0.05619055496151059,6.135833137910001e-11,0.23254023272074476,2.8210312812264766e-10,-0.10485320177453582,0.07691185640155655,0.10485320178093512,42.60124350032005,4,True,balance,0.00017691584402905282,-1.318793037062128,-0.008444752570069434,0.00017691585929875326,-1.3187930371870977,-0.008444752571742304,0.18384776310850237,0.23256755992208045,0.18297923201280628,0.18297923201414068
4.119999999999711,-0.055426649947785074,6.137992529179607e-11,0.2325404852950829,2.785278889302685e-10,-0.10388863318403523,0.0759652666235088,0.10388863318755098,42.60122668866835,4,True,balance,0.00017468892474473214,-1.3188315055400532,-0.008372086834118749,0.00017468893917687773,-1.3188315056638806,-0.008372086835599353,0.18384776310850237,0.23256755992208045,0.18298058953361981,0.18298058953493765
4.129999999999714,-0.054672162108378906,6.14012862076409e-11,0.2325407365765353,2.749851232733501e-10,-0.10292233854415483,0.07502753659349319,0.10292233856287065,42.6012105409046,4,True,balance,0.00017248513116697255,-1.3188699158853054,-0.008299122584296185,0.00017248514477743643,-1.3188699160079524,-0.008299122585580172,0.18384776310850237,0.23256755992208045,0.18298194905825554,0.18298194905955703
4.139999999999717,-0.05392700281855587,6.14224171826129e-11,0.23254098656163785,2.7147362491558256e-10,-0.10195477334156965,0.07409867071827497,0.10195477336732739,42.60119503476136,4,True,balance,0.00017030437014220497,-1.318908254652265,-0.008225899905082075,0.0001703043829698428,-1.3189082547737256,-0.008225899906187785,0.18384776310850237,0.23256755992208045,0.18298331014756294,0.18298331014884828
4.149999999999721,-0.053191083429354316,6.14433149412256e-11,0.23254123524720408,2.6799398117202086e-10,-0.10098637517017266,0.073178669818815,0.10098637519477484,42.601180148805724,4,True,balance,0.00016814654280711042,-1.3189465089912307,-0.00815245737003222,0.00016814655487197905,-1.3189465091115333,-0.008152457370967937,0.18384776310850237,0.23256755992208045,0.18298467237552907,0.18298467237679827
4.159999999999724,-0.05246431530265205,6.14639708154146e-11,0.2325414826302576,2.6454812961263884e-10,-0.10001756425689595,0.0722675312737996,0.10001756428840215,42.60116586238761,4,True,balance,0.00016601154491541667,-1.3189846666291885,-0.008078832087527065,0.0001660115562331052,-1.3189846667483605,-0.00807883208828898,0.18384776310850237,0.23256755992208045,0.18298603532891267,0.18298603533016583
4.169999999999727,-0.05174660984482038,6.148438953107505e-11,0.23254172870797316,2.611345396613861e-10,-0.09904874397550373,0.07136524915875167,0.0990487440109023,42.601152155616845,4,True,balance,0.0001638992671614195,-1.3190227158510273,-0.008005059745220316,0.00016389927775979974,-1.3190227159689536,-0.008005059745815985,0.18384776310850237,0.23256755992208045,0.18298739860689614,0.18298739860813348
4.179999999999731,-0.05103787853901079,6.150457471467456e-11,0.23254197347762595,2.577521545041671e-10,-0.09808030134847932,0.0704718143808487,0.09808030138356241,42.601139009331796,4,True,balance,0.00016180959550971753,-1.319060645480996,-0.007931174653306198,0.00016180960541770429,-1.3190606455978249,-0.00793117465375255,0.18384776310850237,0.23256755992208045,0.18298876182075482,0.18298876182197646
4.189999999999734,-0.05033803297611645,6.152451638657754e-11,0.23254221693654786,2.544033890836859e-10,-0.0971126075371367,0.06958721480956351,0.09711260757767706,42.601126405052796,4,True,balance,0.0001597424114853249,-1.3190984448651413,-0.007857209786579071,0.00015974242071213257,-1.3190984449807688,-0.007857209786865866,0.18384776310850237,0.23256755992208045,0.18299012459354208,0.18299012459474825
4.199999999999737,-0.04964698488444974,6.15442150285989e-11,0.23254245908209067,2.5108795166043803e-10,-0.09614601832009213,0.06871143540324727,0.09614601836854732,42.60111432496538,4,True,balance,0.00015769759244233338,-1.3191361038538056,-0.007783196825287509,0.00015769760101248448,-1.3191361039682707,-0.007783196825421846,0.18384776310850237,0.23256755992208045,0.18299148655979003,0.18299148656098085
4.209999999999741,-0.048964646158175806,6.156367211849571e-11,0.2325426999115949,2.478053778543976e-10,-0.0951808745602416,0.06784445833176395,0.09518087458977222,42.60110275187892,4,True,balance,0.0001556750118508679,-1.3191736127850733,-0.007709166194906606,0.00015567501978821702,-1.319173612898351,-0.007709166194905205,0.18384776310850237,0.23256755992208045,0.1829928473652221,0.18299284736639765
4.219999999999744,-0.0482909288845409,6.15828897460601e-11,0.2325429394223646,2.445550975376172e-10,-0.09421750266040356,0.06698626309528737,0.09421750269034354,42.601091669211186,4,True,balance,0.00015367453953665298,-1.3192109624679194,-0.007635147104744422,0.0001536745468665618,-1.3192109625800534,-0.0076351471046111185,0.18384776310850237,0.23256755992208045,0.1829942066664792,0.18299420666763946
4.229999999999747,-0.04762574536993335,6.160186058392652e-11,0.2325431776116464,2.413389958816006e-10,-0.09325621500777566,0.06613682663937033,0.09325621505197676,42.601081060955636,4,True,balance,0.00015169604194182118,-1.319248144166856,-0.007561167585584059,0.00015169604867052905,-1.3192481442778008,-0.007561167585303964,0.18384776310850237,0.23256755992208045,0.18299556413085732,0.18299556413200277
4.239999999999751,-0.046969008164813926,6.162059196044444e-11,0.2325434144766134,2.3815515137618275e-10,-0.09229731040737325,0.06529612346638691,0.09229731044961617,42.60107091165577,4,True,balance,0.00014973938231242277,-1.3192851495862385,-0.007487254526085079,0.0001497393884682291,-1.3192851496960354,-0.0074872545256851174,0.18384776310850237,0.23256755992208045,0.18299691943605703,0.18299691943718768
4.249999999999754,-0.04632063008755119,6.163908368185337e-11,0.2325436500143531,2.3500370370744223e-10,-0.09134107450461763,0.06446412574345066,0.09134107453545663,42.60106120638241,4,True,balance,0.0001478044209682216,-1.3193219708552015,-0.007413433708368151,0.00014780442657249038,-1.3193219709638986,-0.007413433707854395,0.18384776310850237,0.23256755992208045,0.18299827226993964,0.18299827227105556
4.259999999999757,-0.04568052424719661,6.165733096842185e-11,0.2325438842218584,2.3188592632946842e-10,-0.09038778019725258,0.06364080340690773,0.09038778024872282,42.601051930715066,4,True,balance,0.00014589101547806833,-1.3193586005133275,-0.007339729842504748,0.00014589102054396786,-1.3193586006208764,-0.007339729841875432,0.18384776310850237,0.23256755992208045,0.18299962233029468,0.18299962233139616
4.269999999999761,-0.045048604065233123,6.167533203774277e-11,0.2325441170960224,2.2880231426733017e-10,-0.08943768803675617,0.06282612426350258,0.08943768807756391,42.60104307071957,4,True,balance,0.00014399902085952677,-1.319395031496254,-0.00726616659999582,0.00014399902539892124,-1.3193950316026357,-0.007266166599243435,0.18384776310850237,0.23256755992208045,0.18300096932461757,0.18300096932570467
4.279999999999764,-0.04442478329632989,6.169309052994475e-11,0.23254434863363552,2.2575203192967505e-10,-0.08849104661942543,0.06202005408830703,0.08849104667790138,42.60103461292474,4,True,balance,0.00014212828976731249,-1.3194312571221047,-0.007192766646405934,0.00014212829380147785,-1.3194312572273668,-0.007192766645544342,0.18384776310850237,0.23256755992208045,0.1830023129698897,0.1830023129709625
4.289999999999767,-0.04380897604813513,6.1710609793646e-11,0.23254457883138527,2.2273436981250772e-10,-0.08754809296732918,0.06122255671950769,0.08754809300299868,42.601026544303885,4,True,balance,0.00014027867267459056,-1.319467271078165,-0.007119551673031818,0.00014027867622262353,-1.319467271182289,-0.007119551672070136,0.18384776310850237,0.23256755992208045,0.18300365299237178,0.18300365299343058
4.299999999999771,-0.04320109680013805,6.172788957826898e-11,0.23254480768585828,2.19749575701708e-10,-0.08660905289929414,0.060433594150136404,0.08660905295090332,42.601018852256644,4,True,balance,0.00013845001804505016,-1.3195030674078172,-0.007046542427650996,0.00013845002111998586,-1.3195030675108013,-0.007046542426587683,0.18384776310850237,0.23256755992208045,0.1830049891273986,0.18300498912844332
4.309999999999774,-0.042601060421629644,6.174493171527389e-11,0.23254503519354416,2.1679734237393736e-10,-0.08567414139212373,0.059653126616835715,0.08567414144300196,42.60101152460233,4,True,balance,0.00013664217247841095,-1.3195386404981446,-0.006973758744472551,0.00013664217509957985,-1.3195386406000433,-0.00697375874330995,0.18384776310850237,0.23256755992208045,0.18300632111918455,0.18300632112021561
4.319999999999777,-0.042008782188792004,6.176173563789673e-11,0.23254526135084103,2.138780213011756e-10,-0.08474356293221888,0.058881112685739055,0.08474356298705663,42.601004549548385,4,True,balance,0.0001348549808785408,-1.3195739850677708,-0.006901219573179488,0.00013485498305996338,-1.3195739851685446,-0.006901219571922175,0.18384776310850237,0.23256755992208045,0.18300764872063072,0.18300764872164815
4.329999999999781,-0.041424177800944144,6.177830380114392e-11,0.23254548615406267,2.1099118645960028e-10,-0.08381751185780575,0.05811750933554955,0.08381751191082401,42.600997915677794,4,True,balance,0.00013308828659609347,-1.3196090961548579,-0.006828943007135399,0.00013308828835262285,-1.3196090962545166,-0.006828943005790273,0.18384776310850237,0.23256755992208045,0.18300897169314032,0.1830089716941443
4.339999999999784,-0.040847163395972136,6.179463631885698e-11,0.23254570959944654,2.0813702269009165e-10,-0.08289617269194197,0.05736227203789692,0.08289617276410367,42.60099161194582,4,True,balance,0.00013134193155268348,-1.3196439691057715,-0.006756946310872798,0.00013134193290026741,-1.3196439692043807,-0.006756946309446716,0.18384776310850237,0.23256755992208045,0.18301028980643683,0.18301028980742748
4.349999999999787,-0.04027765556497028,6.181074028271279e-11,0.232545931683163,2.053139649912113e-10,-0.0819797204664943,0.056615354835053006,0.08197972053396423,42.60098562765224,4,True,balance,0.00012961575639673637,-1.319678599564291,-0.006685245946731878,0.00012961575735488312,-1.3196785996617073,-0.0066852459452260826,0.18384776310850237,0.23256755992208045,0.183011602838389,0.18301160283936646
4.359999999999791,-0.03971557136611929,6.182661399053632e-11,0.23254615240132562,2.0252271198593667e-10,-0.08106832103727173,0.055876710415075734,0.08106832111729798,42.6009799524409,4,True,balance,0.00012790960060080056,-1.3197129834599342,-0.006613857600719192,0.0001279096011809719,-1.319712983556251,-0.006613857599135282,0.18384776310850237,0.23256755992208045,0.1830129105748374,0.18301291057580224
4.369999999999794,-0.03916082833782681,6.184226158588291e-11,0.23254637175000178,1.9976252990086904e-10,-0.0801621313904991,0.055146290184462515,0.08016213146227506,42.600974576271604,4,True,balance,0.0001262233026080734,-1.3197471169986181,-0.006542796207726504,0.00012622330282613379,-1.319747117093913,-0.006542796206072217,0.18384776310850237,0.23256755992208045,0.18301421280942737,0.1830142128103789
4.379999999999797,-0.03861334451115478,6.185767758615514e-11,0.23254658972522402,1.9703502944367835e-10,-0.07926129994082307,0.054424044338377796,0.07926130001453459,42.60096948942099,4,True,balance,0.00012455669991744467,-1.319780996651795,-0.006472075975917339,0.0001245566997829689,-1.3197809967460254,-0.006472075974190984,0.18384776310850237,0.23256755992208045,0.18301550934344393,0.18301550934438268
4.389999999999801,-0.03807303842155756,6.18728610414293e-11,0.2325468063230019,1.94340701890892e-10,-0.07836596682101599,0.05370992192853188,0.078365966897609,42.60096468245783,4,True,balance,0.0001229096292195249,-1.3198146191470614,-0.0064017104104851525,0.00012290962873389905,-1.3198146192400824,-0.006401710408679718,0.18384776310850237,0.23256755992208045,0.1830167999856513,0.18301679998657747
4.399999999999804,-0.037539829119953856,6.188781921340652e-11,0.23254702153933396,1.9167802118284498e-10,-0.07747626416358175,0.053003870928771714,0.07747626423421948,42.600960146271305,4,True,balance,0.00012128192648364746,-1.3198479814583164,-0.006331712336713683,0.00012128192566965969,-1.3198479815504383,-0.006331712334842627,0.18384776310850237,0.23256755992208045,0.18301808455213528,0.183018084553049
4.409999999999807,-0.037013636183154966,6.190254290940338e-11,0.23254723537022007,1.890495618864108e-10,-0.07659231637443321,0.05230583829845426,0.07659231645829222,42.6009558719789,4,True,balance,0.00011967342704226538,-1.319881080796686,-0.0062620939223236635,0.00011967342589873696,-1.3198810808877437,-0.006262093920379642,0.18384776310850237,0.23256755992208045,0.18301936286614806,0.18301936286704953
4.419999999999811,-0.03649437972367123,6.191705103967567e-11,0.23254744781167375,1.8645074047374505e-10,-0.0757142403988197,0.051615770043665445,0.07571424047732989,42.600951851015026,4,True,balance,0.00011808396571172154,-1.3199139146017076,-0.006192866699258547,0.00011808396426415595,-1.3199139146915688,-0.006192866697263695,0.18384776310850237,0.23256755992208045,0.18302063475795766,0.18302063475884692
4.429999999999814,-0.03598198039891784,6.193134802831839e-11,0.23254765885973439,1.8388092966415554e-10,-0.07484214597968061,0.05093361127635236,0.07484214605271526,42.60094807504598,4,True,balance,0.00011651337685666373,-1.3199464805324856,-0.006124041584849067,0.00011651337512699394,-1.3199464806214583,-0.006124041582804841,0.18384776310850237,0.23256755992208045,0.18302190006469762,0.18302190006557473
4.439999999999817,-0.03547635941984058,6.194541702695919e-11,0.23254786851047982,1.813447117489261e-10,-0.07397613590860928,0.05025930627141607,0.07397613597253964,42.60094453600553,4,True,balance,0.00011496149452620522,-1.319978776459693,-0.00605562890225224,0.00011496149249662342,-1.319978776547543,-0.006055628900135652,0.18384776310850237,0.23256755992208045,0.18302315863022126,0.18302315863108654
4.449999999999821,-0.034977438558981395,6.195928125073914e-11,0.23254807676003825,1.7883640889066985e-10,-0.07311630626959408,0.0495927985218413,0.07311630630366406,42.60094122605862,4,True,balance,0.00011342815242508418,-1.3200108004567443,-0.005987638400294952,0.00011342815013531598,-1.320010800543614,-0.005987638398145851,0.18384776310850237,0.23256755992208045,0.18302441030495847,0.18302441030581199
4.459999999999824,-0.03448514015800341,6.197293560716905e-11,0.23254828360460045,1.7635776174966047e-10,-0.07226274667570688,0.04893403079190928,0.07226274671447433,42.60093813760619,4,True,balance,0.00011191318411916589,-1.3200425507927984,-0.005920079273024835,0.00011191318157269244,-1.3200425508786497,-0.005920079270827617,0.18384776310850237,0.23256755992208045,0.18302565494577225,0.18302565494661413
4.4699999999998274,-0.03399938713469397,6.198638043144804e-11,0.23254848904043118,1.7390902201999152e-10,-0.07141554049891301,0.0482829451685537,0.07141554054233343,42.60093526328095,4,True,balance,0.00011041642301710504,-1.3200740259245456,-0.00585296017825856,0.00011041642022329905,-1.3200740260093897,-0.005852960176020395,0.18384776310850237,0.23256755992208045,0.1830268924158216,0.1830268924166519
4.479999999999831,-0.03352010298946406,6.199960917587017e-11,0.23254869306388096,1.7149216032967242e-10,-0.07057476509316118,0.04763948311091519,0.07057476514702297,42.600932595930544,4,True,balance,0.00010893770248660208,-1.3201052244891376,-0.005786289255965039,0.00010893769944224001,-1.3201052245729512,-0.005786289253666961,0.18384776310850237,0.23256755992208045,0.1830281225844231,0.18302812258524212
4.489999999999834,-0.033047211811362,6.20126375902369e-11,0.23254889567139692,1.6910347080769398e-10,-0.06974049201092607,0.04700358549814461,0.06974049206733389,42.6009301286105,4,True,balance,0.00010747685587959059,-1.3201361452969447,-0.005720074145826695,0.00010747685261416533,-1.320136145379772,-0.005720074143493998,0.18384776310850237,0.23256755992208045,0.18302934532691612,0.18302934532772402
4.4999999999998375,-0.032580638283618235,6.20254592850777e-11,0.23254909685953376,1.6674502041103506e-10,-0.0689127872133614,0.046375192675510164,0.06891278730227818,42.60092785458814,4,True,balance,0.00010603371665440164,-1.3201667873246954,-0.005654322004548991,0.00010603371316270426,-1.3201667874065175,-0.005654322002173152,0.18384776310850237,0.23256755992208045,0.18303056052452973,0.18303056052532643
4.509999999999841,-0.032120307688738414,6.203808152483937e-11,0.23254929662496396,1.6441520293370924e-10,-0.06809171127422055,0.04575424449885824,0.06809171127772534,42.60092576732286,4,True,balance,0.0001046081183627994,-1.3201971497088045,-0.005589039522402245,0.00010460811466635868,-1.3201971497896365,-0.005589039519999893,0.18384776310850237,0.23256755992208045,0.18303176806425206,0.18303176806503785
4.519999999999844,-0.031666145913160526,6.205050536585485e-11,0.2325494949644877,1.6211423401530814e-10,-0.0672773195777076,0.0451406803774697,0.0672773195928117,42.600923860464896,4,True,balance,0.00010319989478272736,-1.32022723173875,-0.005524232939516932,0.00010319989088461766,-1.3202272318186803,-0.005524232937080304,0.18384776310850237,0.23256755992208045,0.18303296783869902,0.18303296783947393
4.5299999999998475,-0.03121807945149205,6.206272777630302e-11,0.23254969187504246,1.598431519804062e-10,-0.06646966251040431,0.044534439315376616,0.06646966252360424,42.60092212785514,4,True,balance,0.00010180887990833452,-1.320257032851399,-0.005459908061517306,0.0001018088758151929,-1.3202570329303318,-0.005459908059041922,0.18384776310850237,0.23256755992208045,0.18303415974599027,0.18303415974675463
4.539999999999851,-0.03077603541034238,6.207475287378283e-11,0.2325498873537119,1.57601255370519e-10,-0.06566878564742577,0.043935459951162686,0.06566878566289128,42.60092056350911,4,True,balance,0.00010043490803738639,-1.3202865526241723,-0.005396070274758745,0.0001004349037554314,-1.3202865527021705,-0.005396070272251361,0.18384776310850237,0.23256755992208045,0.18303534368962113,0.1830353436903749
4.549999999999854,-0.03033994151176515,6.20865883893932e-11,0.23255008139773461,1.5538691039967375e-10,-0.06487472993295978,0.04334368059631079,0.06487472994635551,42.600919161622215,4,True,balance,9.907781380665206e-05,-1.3203157907697003,-0.005332724561148678,9.907780935115142e-05,-1.3203157908467222,-0.005332724558619549,0.18384776310850237,0.23256755992208045,0.18303651957833963,0.18303651957908296
4.5599999999998575,-0.029909726096325,6.209822916425708e-11,0.23255027400451206,1.532018291816674e-10,-0.06408753185532759,0.04275903927213403,0.06408753186979697,42.60091791655189,4,True,balance,9.773743225233889e-05,-1.320344747130061,-0.005269875512513891,9.773742762371459e-05,-1.3203447472061831,-0.005269875509952044,0.18384776310850237,0.23256755992208045,0.18303768732602385,0.1830376873267569
4.569999999999861,-0.029485318125802584,6.210967684625191e-11,0.23255046517161626,1.510458717543456e-10,-0.06330722361671379,0.04218147374533264,0.06330722363759625,42.6009168228193,4,True,balance,9.64135988434244e-05,-1.3203734216713556,-0.005207527344458373,9.64135940470441e-05,-1.3203734217465601,-0.005207527341872393,0.18384776310850237,0.23256755992208045,0.18303884685156221,0.183038846852285
4.579999999999864,-0.02906664718555141,6.212094178835893e-11,0.23255065489679688,1.4891674101389367e-10,-0.06253383329770362,0.04161092156221789,0.06253383334096395,42.60091587511107,4,True,balance,9.510614951098566e-05,-1.3204018144782403,-0.0051456839099302525,9.51061445625989e-05,-1.3204018145524556,-0.005145683907321256,0.18384776310850237,0.23256755992208045,0.1830399980787342,0.183039998079447
4.5899999999998675,-0.02865364348651947,6.213202886339257e-11,0.23255084317798796,1.468136419711483e-10,-0.06176738501676056,0.041047320081649026,0.06176738508568585,42.60091506826015,4,True,balance,9.38149207258034e-05,-1.3204299257490384,-0.005084348712336222,9.381491563699772e-05,-1.3204299258223822,-0.005084348709705392,0.18384776310850237,0.23256755992208045,0.1830411409360934,0.1830411409367963
4.599999999999871,-0.028246237866948576,6.21429380665882e-11,0.23255103001331381,1.4473698330450894e-10,-0.061007899084787695,0.04049060650671227,0.06100789915421485,42.60091439725075,4,True,balance,9.253974949715992e-05,-1.3204577557906247,-0.005023524918182835,9.25397442717335e-05,-1.32045775586306,-0.005023524915536063,0.18384776310850237,0.23256755992208045,0.18304227535685227,0.1830422753575454
4.609999999999874,-0.02784436179376349,6.215366643659886e-11,0.232551215401095,1.4268783218063902e-10,-0.06025539215489621,0.03994071791519065,0.06025539223510242,42.60091385721404,4,True,balance,9.128047344459892e-05,-1.3204853050138585,-0.004963215369504002,9.128046808560052e-05,-1.3204853050854204,-0.0049632153668387035,0.18384776310850237,0.23256755992208045,0.18304340127876748,0.18304340127945093
4.6199999999998775,-0.027447947363662902,6.216421546714775e-11,0.23255139933985325,1.4066611341617826e-10,-0.059509877367516124,0.03939759128885227,0.059509877437473234,42.60091344342054,4,True,balance,9.00369308025017e-05,-1.320512573928747,-0.004903422595748897,9.003692531118683e-05,-1.320512573999398,-0.004903422593062019,0.18384776310850237,0.23256755992208045,0.1830445186440287,0.18304451864470264
4.629999999999881,-0.027056927303923835,6.217459494806226e-11,0.23255158182831637,1.3866965992832468e-10,-0.0587713644909698,0.03886116354160095,0.05877136456721066,42.60091315127475,4,True,balance,8.88089604558819e-05,-1.3205395631400851,-0.004844148825424548,8.880895485345929e-05,-1.3205395632098704,-0.004844148822732526,0.18384776310850237,0.23256755992208045,0.1830456273991469,0.18304562739981142
4.639999999999884,-0.02667123497293067,6.218479856046264e-11,0.23255176286542234,1.3670051612550133e-10,-0.05803986005763617,0.03833137154651861,0.058039860135332924,42.600912976315556,4,True,balance,8.75964020089053e-05,-1.3205662733431118,-0.0047853959973413775,8.759639628662718e-05,-1.3205662734120651,-0.004785395994631443,0.18384776310850237,0.23256755992208045,0.18304672749484588,0.18304672749550108
4.649999999999888,-0.026290804360439627,6.219483200762258e-11,0.23255194245032315,1.34757452955085e-10,-0.05731536749582276,0.03780815216183626,0.0573153675892484,42.60091291420744,4,True,balance,8.639909575693438e-05,-1.3205927053195143,-0.004727165771508276,8.639908992717756e-05,-1.3205927053875994,-0.004727165768784831,0.18384776310850237,0.23256755992208045,0.18304781888595453,0.1830478188866004
4.659999999999891,-0.02591557008758933,6.220469709358792e-11,0.23255212058238806,1.3284041687736459e-10,-0.05659788725746617,0.03729144225586497,0.0565978873423306,42.600912960749866,4,True,balance,8.521688276056582e-05,-1.3206188599330158,-0.00466945953972576,8.521687682445918e-05,-1.3206188600003583,-0.004669459536988758,0.18384776310850237,0.23256755992208045,0.1830489015313008,0.18304890153193765
4.669999999999894,-0.025545467406667598,6.221440411898539e-11,0.2325522972612067,1.309470615082976e-10,-0.05588741694177567,0.03678117873092234,0.055887417026719254,42.600913111848726,4,True,balance,8.404960485505358e-05,-1.3206447381263513,-0.004612278435845059,8.404959883322515e-05,-1.3206447381926585,-0.0046122784331065324,0.18384776310850237,0.23256755992208045,0.18304997539360723,0.18304997539423526
4.679999999999898,-0.025180432200644358,6.222395401734038e-11,0.23255247248659142,1.2907762283584902e-10,-0.05518395141493209,0.0362772985462776,0.05518395149384782,42.60091336353676,4,True,balance,8.289710467366928e-05,-1.3206703409159193,-0.0045556233456884795,8.289709856404411e-05,-1.3206703409814458,-0.00455562334294554,0.18384776310850237,0.23256755992208045,0.1830510404393883,0.18305104044000747
4.689999999999901,-0.02482040098248035,6.223333992148181e-11,0.23255264625857916,1.272341653564179e-10,-0.054487482925952464,0.03577973874016031,0.05448748301435505,42.600913711963805,4,True,balance,8.175922567940713e-05,-1.320695669390066,-0.004499494916758752,8.175921948150296e-05,-1.3206956694547842,-0.004499494913998715,0.18384776310850237,0.23256755992208045,0.18305209663884853,0.1830520966394591
4.699999999999904,-0.024465310894220795,6.224256842471986e-11,0.23255281857743346,1.254152406322625e-10,-0.05379800121882741,0.03528843645084313,0.053798001309099605,42.60091415338217,4,True,balance,8.063581217004994e-05,-1.3207207247042612,-0.004443893567455727,8.063580589504056e-05,-1.3207207247681034,-0.004443893564688604,0.18384776310850237,0.23256755992208045,0.1830531439657834,0.1830531439663853
4.709999999999908,-0.02411509970588315,6.225164344070258e-11,0.23255298944364552,1.2362022606665082e-10,-0.05311549364103663,0.034803328936845665,0.05311549371116053,42.600914684160514,4,True,balance,7.952670933051725e-05,-1.3207455080782284,-0.004388819496263704,7.952670298431981e-05,-1.3207455081412722,-0.0043888194935035995,0.18384776310850237,0.23256755992208045,0.18305418239748059,0.18305418239807403
4.719999999999911,-0.023769705814147554,6.226056317371909e-11,0.2325531588579351,1.2184989444449571e-10,-0.05243994524854479,0.03432435359627384,0.052439945303727954,42.60091530076936,4,True,balance,7.843176322397097e-05,-1.3207700207926218,-0.004334272690464991,7.843175680599653e-05,-1.320770020854881,-0.004334272687696065,0.18384776310850237,0.23256755992208045,0.18305521191462318,0.1830552119152082
4.729999999999914,-0.02342906824085848,6.226933011095415e-11,0.232553326821251,1.2010390075007224e-10,-0.05177133890737968,0.03385144798532961,0.05177133896082723,42.60091599978513,4,True,balance,7.73508208233897e-05,-1.3207942641858463,-0.004280252934645816,7.735081433945716e-05,-1.320794264247366,-0.0042802529318749765,0.18384776310850237,0.23256755992208045,0.1830562325011944,0.1830562325017712
4.739999999999918,-0.023093126631345787,6.227794673114757e-11,0.23255349333477138,1.1838191533107148e-10,-0.051109655391886125,0.033384549836013876,0.05110965544566786,42.60091677787651,4,True,balance,7.628373003060604e-05,-1.320818239651185,-0.0042267598189556985,7.628372348243344e-05,-1.3208182397118542,-0.004226759816180826,0.18384776310850237,0.23256755992208045,0.18305724414438448,0.18305724414495314
4.749999999999921,-0.022761821252572995,6.228642139289226e-11,0.23255365839990358,1.1668213389474973e-10,-0.05045487347975515,0.0329235970730493,0.0504548735283667,42.60091763181547,4,True,balance,7.523033968674204e-05,-1.320841948633567,-0.0041737927470662,7.523033308644274e-05,-1.3208419486934722,-0.004173792744294648,0.18384776310850237,0.23256755992208045,0.183058246834498,0.18305824683505853
4.759999999999924,-0.022435092991120533,6.229475326595168e-11,0.23255382201828362,1.1500511393813835e-10,-0.049806970043916994,0.03246852783004717,0.0498069700659542,42.60091855846839,4,True,balance,7.419049959720657e-05,-1.320865392626954,-0.0041213509439340865,7.419049294673018e-05,-1.3208653926861174,-0.004121350941163308,0.18384776310850237,0.23256755992208045,0.18305924056486308,0.18305924056541567
4.769999999999928,-0.022112883351011376,6.230294719650635e-11,0.2325539841917754,1.133499149768547e-10,-0.04916592014139319,0.032019280464943754,0.04916592015945171,42.6009195547879,4,True,balance,7.316406054061807e-05,-1.3208885731717181,-0.004069433463285494,7.316405384904716e-05,-1.3208885732300768,-0.0040694334605194515,0.18384776310850237,0.23256755992208045,0.18306022533174254,0.18306022533228733
4.779999999999931,-0.021795134451386214,6.23110018637437e-11,0.23255414492246967,1.1171721237573946e-10,-0.04853169709919161,0.03157579357472919,0.04853169711693688,42.600920617823284,4,True,balance,7.215087428676717e-05,-1.320911491851758,-0.004018039194871788,7.215086755266844e-05,-1.320911491909376,-0.004018039192108231,0.18384776310850237,0.23256755992208045,0.18306120113424604,0.1830612011347831
4.789999999999934,-0.02148178902403511,6.231891455824468e-11,0.23255430421268267,1.1010793108842027e-10,-0.04790427259733276,0.031138006009489072,0.04790427262275688,42.60092174470378,4,True,balance,7.115079360910176e-05,-1.3209341502922254,-0.003967166871502151,7.115078683038094e-05,-1.320934150349128,-0.003967166868738615,0.18384776310850237,0.23256755992208045,0.1830621679742442,0.1830621679747735
4.799999999999938,-0.021172790410792404,6.232668922983136e-11,0.2325544620649545,1.0852132532873244e-10,-0.04728361674909075,0.030705856885785466,0.04728361675421272,42.6009229326516,4,True,balance,7.016367228109744e-05,-1.320956550156873,-0.00391681507581856,7.016366546307841e-05,-1.3209565502130192,-0.003916815073061073,0.18384776310850237,0.23256755992208045,0.18306312585628362,0.1830631258568054
4.809999999999941,-0.020868082560801415,6.233433073631006e-11,0.2325546184820474,1.069564269367118e-10,-0.04666969817852974,0.030279285599396317,0.04666969821378145,42.60092417895767,4,True,balance,6.91893651205596e-05,-1.3209786931458956,-0.003866982246939176,6.918935826945984e-05,-1.3209786932013055,-0.003866982244183455,0.18384776310850237,0.23256755992208045,0.1830640747875035,0.18306407478801792
4.819999999999944,-0.020567610027655076,6.234184583556196e-11,0.2325547734669434,1.0541184584094327e-10,-0.04606248409541841,0.029858231837431613,0.04606248416368551,42.60092548100898,4,True,balance,6.822772796689942e-05,-1.3210005809934593,-0.0038176666868054263,6.82277210928872e-05,-1.3210005810481447,-0.0038176666840573762,0.18384776310850237,0.23256755992208045,0.18306501477755513,0.18306501477806225
4.829999999999948,-0.0202713179664188,6.234923253549046e-11,0.23255492702284225,1.0388841884576968e-10,-0.045461940367591894,0.02944263558985406,0.04546194045102708,42.60092683626228,4,True,balance,6.727861771683244e-05,-1.321022215465722,-0.0037688665663799547,6.727861081789659e-05,-1.3210222155197135,-0.0037688665636363265,0.18384776310850237,0.23256755992208045,0.1830659458385202,0.18306594583902
4.839999999999951,-0.019979152130541317,6.235649568051261e-11,0.23255507915315884,1.0238513799699429e-10,-0.044868031590848345,0.02903243716041467,0.04486803168341917,42.60092824224607,4,True,balance,6.634189232185355e-05,-1.3210435983587163,-0.0037205799315773347,6.634188540587101e-05,-1.3210435984119742,-0.0037205799288464307,0.18384776310850237,0.23256755992208045,0.1830668679848327,0.18306686798532548
4.849999999999954,-0.019691058868659298,6.236363548623533e-11,0.23255522986152039,1.0090226262248197e-10,-0.04428072115644508,0.028627577177029698,0.04428072126394844,42.6009296965737,4,True,balance,6.541741079648946e-05,-1.3210647314961192,-0.0036728047091306106,6.541740386564554e-05,-1.3210647315487358,-0.003672804706406531,0.18384776310850237,0.23256755992208045,0.18306778123320194,0.1830677812336877
4.859999999999958,-0.01940698512130112,6.237064895005237e-11,0.23255537915176352,9.944077810392267e-11,-0.043699971316266954,0.02822799660161307,0.04369997141477137,42.600931196923426,4,True,balance,6.450503322687409e-05,-1.3210856167275618,-0.003625538712116251,6.450502627760263e-05,-1.3210856167794633,-0.0036255387094032963,0.18384776310850237,0.23256755992208045,0.18306868560253634,0.18306868560301515
4.869999999999961,-0.019126878417495306,6.23775399389745e-11,0.2325555270279314,9.799992942626755e-11,-0.043125743245738146,0.027833636739386686,0.04312574334870944,42.600932741041966,4,True,balance,6.360462077790537e-05,-1.3211062559266065,-0.0035787796453974016,6.360461381358844e-05,-1.3211062559778193,-0.00357877964269286,0.18384776310850237,0.23256755992208045,0.18306958111386895,0.18306958111434082
4.879999999999964,-0.018850686871288658,6.238431434222115e-11,0.23255567349427028,9.657849890463202e-11,-0.04255799710454626,0.0274444392476796,0.042557997225737144,42.60093432674867,4,True,balance,6.271603569671083e-05,-1.3211266509889024,-0.003532525110880947,6.271602872549665e-05,-1.321126651039422,-0.0035325251081867307,0.18384776310850237,0.23256755992208045,0.18307046779028496,0.18307046779075004
4.889999999999968,-0.018578359178179002,6.239096590741916e-11,0.23255581855522614,9.517832409259238e-11,-0.041996692095240075,0.027060346144241056,0.04199669222078342,42.600935951930026,4,True,balance,6.183914133938075e-05,-1.3211468038307566,-0.0034867726125971496,6.183913435295152e-05,-1.3211468038805623,-0.0034867726099075667,0.18384776310850237,0.23256755992208045,0.18307134565684988,0.18307134565730832
4.899999999999971,-0.018309844611467552,6.239750373602036e-11,0.23255596221544125,9.379726519222589e-11,-0.041441786519770055,0.026681299815076456,0.041441786651824714,42.60093761453063,4,True,balance,6.0973802137178125e-05,-1.3211667163869516,-0.0034415195615109533,6.0973795143998e-05,-1.32116671643612,-0.0034415195588279033,0.18384776310850237,0.23256755992208045,0.18307221474053972,0.18307221474099147
4.909999999999974,-0.018045093018535352,6.240393498721248e-11,0.23255610447975045,9.243379378478294e-11,-0.04089323783402842,0.026307243021828342,0.04089323782608176,42.600939312568386,4,True,balance,6.0119883628577255e-05,-1.3211863906096852,-0.0033967632804295556,6.011987664545484e-05,-1.3211863906582295,-0.00339676327777466,0.18384776310850237,0.23256755992208045,0.18307307507017248,0.18307307507061785
4.919999999999978,-0.01778405481704842,6.241025278506718e-11,0.2325562453531775,9.109000686602944e-11,-0.04035100270045861,0.02593811890871378,0.040351002715424,42.60094104410746,4,True,balance,5.927725248786071e-05,-1.3212058284665527,-0.003352501008427182,5.927724550222078e-05,-1.321205828514486,-0.003352501005777024,0.18384776310850237,0.23256755992208045,0.1830739266763388,0.18307392667677785
4.929999999999981,-0.017526680991095833,6.241645973846197e-11,0.23255638484093105,8.97653842156169e-11,-0.03981503703878658,0.02557387100903453,0.039815037068028435,42.60094280728866,4,True,balance,5.844577646004679e-05,-1.321225031939439,-0.0033087299053672276,5.844576947732792e-05,-1.321225031986753,-0.0033087299027350484,0.18384776310850237,0.23256755992208045,0.18307476959134014,0.18307476959177268
4.939999999999984,-0.01727292308726501,6.242255425289317e-11,0.23255652294840068,8.846051491319991e-11,-0.03928529607492236,0.02521444325127655,0.03928529609987337,42.60094460030163,4,True,balance,5.7625324426256935e-05,-1.321244003022932,-0.0032654470561816616,5.762531744230012e-05,-1.3212440030696009,-0.003265447053552638,0.18384776310850237,0.23256755992208045,0.18307560384912067,0.18307560384954713
4.949999999999988,-0.017022733210658173,6.242854640579829e-11,0.23255665968115288,8.717308614006004e-11,-0.038761734388105526,0.024859779964810185,0.03876173439848,42.60094642139464,4,True,balance,5.681576636820919e-05,-1.3212627437228612,-0.0032226494749775484,5.681575939688897e-05,-1.321262743768922,-0.0032226494723640157,0.18384776310850237,0.23256755992208045,0.18307642948520597,0.1830764294856263
4.959999999999991,-0.01677606402085397,6.243443471515312e-11,0.23255679504492713,8.590374207301766e-11,-0.03824430595634242,0.02450982588520652,0.03824430600067676,42.60094826886854,4,True,balance,5.6016973411376196e-05,-1.3212812560551483,-0.003180334109044711,5.6016966449924165e-05,-1.3212812561005969,-0.0031803341064475786,0.18384776310850237,0.23256755992208045,0.18307724653664015,0.1830772465370544
4.969999999999994,-0.016532868727817986,6.244022292006817e-11,0.23255692904563136,8.465170500115966e-11,-0.03773296420018194,0.0241645261591822,0.03773296420722279,42.60095014108148,4,True,balance,5.522881778113178e-05,-1.3212995420444489,-0.0031384978427807836,5.522881083028216e-05,-1.3212995420892755,-0.0031384978401973866,0.18384776310850237,0.23256755992208045,0.18307805504192684,0.1830780550423352
4.979999999999998,-0.01629310108776572,6.244591428114408e-11,0.23255706168933807,8.341639503281304e-11,-0.03722766202488371,0.02382382634918813,0.0372276620390615,42.60095203644163,4,True,balance,5.445117283226318e-05,-1.321317603722909,-0.0030971375013421434,5.4451165897915554e-05,-1.3213176037671073,-0.003097137498773063,0.18384776310850237,0.23256755992208045,0.1830788550409684,0.18307885504137078
4.990000000000001,-0.016056715398981663,6.2451509584637e-11,0.23255719298227953,8.21978429192214e-11,-0.036728351861033674,0.02348767243765219,0.03672835185877013,42.6009539534105,4,True,balance,5.368391303924618e-05,-1.3213354431291622,-0.0030562498543316376,5.368390612716676e-05,-1.3213354431727953,-0.003056249851778241,0.18384776310850237,0.23256755992208045,0.18307964657500914,0.18307964657540574
5.000000000000004,-0.015823666497597744,6.245700519172074e-11,0.23255732293084377,8.09971927865767e-11,-0.03623498570365077,0.023156010830887978,0.03623498573566489,42.60095589049371,4,True,balance,5.29269140106214e-05,-1.3213530623070406,-0.0030158316191932232,5.2926907113320095e-05,-1.3213530623500664,-0.0030158316166556524,0.18384776310850237,0.23256755992208045,0.18308042968657856,0.1830804296869695
5.010000000000008,-0.015593909753334476,6.246240296848805e-11,0.2325574515415703,7.981409798647973e-11,-0.03574751514982942,0.022828788362684243,0.035747515199471974,42.60095784625549,4,True,balance,5.2180052467105366e-05,-1.3213704633045729,-0.0029758794646809737,5.218004558914232e-05,-1.3213704633470378,-0.002975879462157881,0.18384776310850237,0.23256755992208045,0.18308120441943657,0.18308120441982179
5.020000000000011,-0.015367401065207908,6.246770736329789e-11,0.2325575788211453,7.864761679801084e-11,-0.03526589143496965,0.02250595229758432,0.035265891480303686,42.600959819293976,4,True,balance,5.144320625767722e-05,-1.3213876481729836,-0.002936390014020565,5.1443199399264294e-05,-1.3213876482148832,-0.0029363900115101705,0.18384776310850237,0.23256755992208045,0.18308197081851887,0.18308197081889854
5.0300000000000145,-0.015144096857205457,6.247292292811879e-11,0.23255770477639756,7.749679725277371e-11,-0.03479006546763591,0.0221874503338669,0.034790065528065545,42.60096180826098,4,True,balance,5.071625435626824e-05,-1.3214046189656647,-0.0028973598480819614,5.0716247523214585e-05,-1.321404619006978,-0.0028973598455951503,0.18384776310850237,0.23256755992208045,0.18308272892988406,0.18308272893025834
5.040000000000018,-0.014923954073933494,6.247804530965827e-11,0.23255782941429376,7.636298582328014e-11,-0.03431998786308758,0.021873230606240118,0.03431998787423256,42.60096381185547,4,True,balance,4.999907685620616e-05,-1.3214213777372135,-0.002858785508411382,4.999907004919916e-05,-1.3214213777780128,-0.0028587855059427334,0.18384776310850237,0.23256755992208045,0.1830834788006637,0.18308347880103257
5.050000000000021,-0.01470693017623954,6.248307357158136e-11,0.23255795274193422,7.524654225644041e-11,-0.03385560897552369,0.021563241688257895,0.03385560899898787,42.60096582881003,4,True,balance,4.929155498455765e-05,-1.3214379265426677,-0.002820663500119116,4.929154819757045e-05,-1.3214379265829241,-0.0028206634976620363,0.18384776310850237,0.23256755992208045,0.18308422047900985,0.1830842204793733
5.0600000000000245,-0.01449298313681177,6.24880103809734e-11,0.2325580747665482,7.414693588272961e-11,-0.03339687892908258,0.02125743259446997,0.033396878943214255,42.600967857908756,4,True,balance,4.8593571066906064e-05,-1.3214542674364107,-0.0027829902947133296,4.85935643004582e-05,-1.3214542674760907,-0.0027829902922718087,0.18384776310850237,0.23256755992208045,0.18308495401404803,0.18308495401440614
5.070000000000028,-0.014282071435758416,6.249286172639048e-11,0.23255819549548967,7.30628101348184e-11,-0.03294374764763363,0.020955752782316626,0.032943747673342405,42.60096989797422,4,True,balance,4.790500856188283e-05,-1.3214704024715775,-0.0027457623328227617,4.790500182240059e-05,-1.321470402510708,-0.002745762330393037,0.18384776310850237,0.23256755992208045,0.1830856794558282,0.1830856794561811
5.080000000000031,-0.014074154056169625,6.24976341057362e-11,0.23255831493623275,7.199273499785598e-11,-0.032496164883404705,0.020658152153773875,0.0324961649271554,42.600971947862895,4,True,balance,4.722575203557443e-05,-1.321486333699085,-0.002708976026782691,4.722574533295116e-05,-1.321486333737672,-0.002708976024372907,0.18384776310850237,0.23256755992208045,0.1830863968552787,0.18308639685562658
5.0900000000000345,-0.013869190479664152,6.250232511698762e-11,0.23255843309636726,7.09375605622329e-11,-0.03205408024447736,0.02036458105676216,0.03205408028502287,42.600974006479035,4,True,balance,4.655568718017524e-05,-1.3215020631669576,-0.002672627763190116,4.655568051195588e-05,-1.3215020632050785,-0.0026726277608065383,0.18384776310850237,0.23256755992208045,0.18308710626416086,0.18308710626450375
5.100000000000038,-0.013667140681923247,6.250693288090996e-11,0.2325585499835943,6.989787524054185e-11,-0.03161744322118782,0.02007499028632646,0.03161744328141869,42.6009760727585,4,True,balance,4.589470079343149e-05,-1.3215175929197014,-0.0026367139053273246,4.589469415422299e-05,-1.321517592957265,-0.0026367139029527032,0.18384776310850237,0.23256755992208045,0.1830878077350239,0.1830878077353617
5.110000000000041,-0.013467965128213947,6.251146042980568e-11,0.2325586656057219,6.887305564577285e-11,-0.03118620321147059,0.019789331085595892,0.031186203268181632,42.600978145679186,4,True,balance,4.524268077292446e-05,-1.321532924997313,-0.0026012307954775085,4.524267416727831e-05,-1.321532925034349,-0.002601230793116484,0.18384776310850237,0.23256755992208045,0.18308850132116233,0.18308850132149532
5.1200000000000445,-0.013271624768903952,6.251591172357485e-11,0.23255877997066057,6.786228027392551e-11,-0.03076030954517623,0.01950755514653225,0.03076030960931746,42.60098022424844,4,True,balance,4.4599516132350025e-05,-1.3215480614349944,-0.0025661747572096505,4.45995095624279e-05,-1.3215480614715216,-0.0025661747548690107,0.18384776310850237,0.23256755992208045,0.18308918707657396,0.1830891870769021
5.130000000000048,-0.01307808103497014,6.252028548559346e-11,0.232558893086419,6.68660241511664e-11,-0.030339711507396096,0.019229614610474528,0.030339711543271974,42.60098230751605,4,True,balance,4.3965096978824544e-05,-1.3215630042622981,-0.00253154209754433,4.396509044511304e-05,-1.3215630042983217,-0.0025315420952261706,0.18384776310850237,0.23256755992208045,0.18308986505591848,0.1830898650562419
5.140000000000051,-0.012887295833502706,6.252458194205877e-11,0.2325590049610998,6.588437219447758e-11,-0.0299243583608283,0.018955462068489085,0.02992435834951265,42.60098439455754,4,True,balance,4.333931452673534e-05,-1.321577755502528,-0.0024973291090425545,4.333930802827623e-05,-1.3215777555381067,-0.0024973291067460894,0.18384776310850237,0.23256755992208045,0.18309053531447803,0.18309053531479663
5.1500000000000545,-0.012699231543206851,6.252879965700822e-11,0.23255911560289508,6.491777715299948e-11,-0.029514199367217296,0.01868505056153105,0.02951419933088232,42.60098648448601,4,True,balance,4.272206107737265e-05,-1.321592317172293,-0.0024635320718037466,4.2722054609762996e-05,-1.3215923172073523,-0.002463532069516805,0.18384776310850237,0.23256755992208045,0.1830911979081171,0.18309119790843115
5.160000000000058,-0.012513851009903846,6.253294863365628e-11,0.23255922502008236,6.396385266564065e-11,-0.02910918380789322,0.018418333580426553,0.02910918376844454,42.6009885764474,4,True,balance,4.2113230014163045e-05,-1.3216066912807767,-0.002430147255410241,4.2113223588588346e-05,-1.3216066913153617,-0.0024301472531450667,0.18384776310850237,0.23256755992208045,0.18309185289324684,0.18309185289355637
5.170000000000061,-0.012331117542033237,6.253702939032417e-11,0.2325593332210204,6.302267617548222e-11,-0.028709261003440647,0.018155265065682595,0.02870926093507172,42.60099066961642,4,True,balance,4.151271582179303e-05,-1.3216208798294296,-0.002397170920819741,4.1512709440522304e-05,-1.3216208798635762,-0.0023971709185792293,0.18384776310850237,0.23256755992208045,0.18309250032678656,0.18309250032709154
5.1800000000000646,-0.01215099490615785,6.25410391193835e-11,0.2325594402141449,6.209509603598322e-11,-0.02831438033252883,0.017895799407129476,0.028314380263785636,42.60099276320004,4,True,balance,4.0920414066061306e-05,-1.3216348848114299,-0.0023645993221151217,4.0920407725582166e-05,-1.3216348848450739,-0.0023645993198927796,0.18384776310850237,0.23256755992208045,0.18309314026612836,0.18309314026642895
5.190000000000068,-0.01197344732247328,6.254497710047323e-11,0.23255954600796458,6.118143648221753e-11,-0.027924491249929694,0.017639891443405747,0.02792449121605809,42.600994856432756,4,True,balance,4.0336221376013056e-05,-1.3216487082109416,-0.002332428708235445,4.033621507580444e-05,-1.3216487082441382,-0.0023324287060328464,0.18384776310850237,0.23256755992208045,0.1830937727691027,0.18309377276939884
5.200000000000071,-0.011798439460323351,6.254884002246949e-11,0.23255965061105702,6.028261722695434e-11,-0.02753954330374786,0.01738749646129021,0.027539543230340458,42.6009969485809,4,True,balance,3.9760035464954086e-05,-1.3216623520031485,-0.002300655324642789,3.976002919767518e-05,-1.3216623520358948,-0.0023006553224519375,0.18384776310850237,0.23256755992208045,0.18309439789394444,0.18309439789423634
5.210000000000075,-0.011625936433723076,6.255263593430767e-11,0.23255975403206472,5.939664872253454e-11,-0.027159486151891378,0.01713857019488804,0.027159486134933346,42.600999038936095,4,True,balance,3.9191755101113924e-05,-1.3216758181534627,-0.002269275414894858,3.919174887509986e-05,-1.321675818185766,-0.0022692754127255897,0.18384776310850237,0.23256755992208045,0.1830950156992595,0.1830950156995471
5.220000000000078,-0.011455903796890524,6.255636947179307e-11,0.23255985627969125,5.852255098518591e-11,-0.02678426957780961,0.016893068824676054,0.02678426951968207,42.601001126816975,4,True,balance,3.8631280119562295e-05,-1.3216891086171652,-0.002238285222161862,3.863127394044735e-05,-1.3216891086490112,-0.0022382852200140747,0.18384776310850237,0.23256755992208045,0.183095626243994,0.18309562624427736
5.230000000000081,-0.011288307539788978,6.256003612806145e-11,0.23255995736269722,5.766161511387053e-11,-0.026413843505517575,0.01665094897641652,0.02641384347399536,42.60100321156788,4,True,balance,3.8078511418980356e-05,-1.321702225339203,-0.0022076809907461583,3.807850527733414e-05,-1.3217022253706059,-0.0022076809886080657,0.18384776310850237,0.23256755992208045,0.18309622958740202,0.1830962295876813
5.240000000000085,-0.01112311408368066,6.256364733134268e-11,0.2325600572898966,5.6811041292676995e-11,-0.026048158013936118,0.01641216771994175,0.026048158001510304,42.601005292562675,4,True,balance,3.753335093702926e-05,-1.3217151702537848,-0.002177458967411588,3.753334484760104e-05,-1.321715170284752,-0.0021774589653039745,0.18384776310850237,0.23256755992208045,0.18309682578901645,0.18309682578929176
5.250000000000088,-0.010960290276693301,6.256719638788016e-11,0.23256015607015307,5.597273776154523e-11,-0.02568716335056691,0.016176682567814963,0.0256871633620567,42.60100736919953,4,True,balance,3.699570166540842e-05,-1.3217279452837822,-0.0021476154027862755,3.699569562140209e-05,-1.321727945314344,-0.0021476154006975557,0.18384776310850237,0.23256755992208045,0.18309741490861972,0.183097414908891
5.260000000000091,-0.010799803389400712,6.257068196682123e-11,0.23256025371237599,5.5147084398696165e-11,-0.025330809944526935,0.01594445147387695,0.025330809952539404,42.601009440892156,4,True,balance,3.6465467630670546e-05,-1.321740552340854,-0.002118146552617352,3.64654616303478e-05,-1.3217405523709869,-0.002118146550547087,0.18384776310850237,0.23256755992208045,0.1830979970062152,0.18309799700648252
5.270000000000095,-0.010641621110418567,6.257410760665223e-11,0.23256035022551713,5.433326693153791e-11,-0.024979048418963607,0.015715432831678595,0.024979048424092903,42.60101150709026,4,True,balance,3.594255389286195e-05,-1.3217529933247605,-0.002089048679030876,3.594254793649699e-05,-1.3217529933544603,-0.0020890486769779616,0.18384776310850237,0.23256755992208045,0.18309857214199968,0.18309857214226305
5.280000000000098,-0.010485711542016394,6.257746977395217e-11,0.2325604456185669,5.353229901536151e-11,-0.024631829602871434,0.015489585472808633,0.024631829556220602,42.60101356725297,4,True,balance,3.542686654220826e-05,-1.3217652701232352,-0.002060318051701249,3.542686062177842e-05,-1.321765270152537,-0.0020603180496567065,0.18384776310850237,0.23256755992208045,0.18309914037633715,0.1830991403765966
5.290000000000101,-0.010332043195746881,6.258078207398978e-11,0.232560539900551,5.274077175567881e-11,-0.02428910454232898,0.015266868665119716,0.024289104433670956,42.60101562087866,4,True,balance,3.491831267416777e-05,-1.3217773846118372,-0.002031950949015556,3.4918306811704474e-05,-1.3217773846407246,-0.0020319509470127493,0.18384776310850237,0.23256755992208045,0.1830997017697327,0.1830997017699883
5.300000000000105,-0.010180584988093452,6.258403143719774e-11,0.23256063308052694,5.1962216281659574e-11,-0.023950824511179622,0.01504724211085596,0.0239508244086705,42.60101766747394,4,True,balance,3.441680043611981e-05,-1.321789338653423,-0.002003943659116219,3.441679461190977e-05,-1.3217893386819164,-0.002003943657119532,0.18384776310850237,0.23256755992208045,0.18310025638280755,0.1831002563830595
5.310000000000108,-0.010031306236137074,6.258722184772971e-11,0.23256072516758058,5.11956300625833e-11,-0.023616941021172157,0.014830665944690086,0.0236169409346165,42.601019706566596,4,True,balance,3.3922238942522884e-05,-1.3218011340981677,-0.0019762924809740034,3.392223316116778e-05,-1.3218011341262628,-0.0019762924789927514,0.18384776310850237,0.23256755992208045,0.18310080427627537,0.1831008042765236
5.320000000000111,-0.009884176653243185,6.259035657820718e-11,0.23256081617082303,5.044025805495976e-11,-0.023287405831577117,0.014617100731672073,0.023287405728188718,42.60102173771513,4,True,balance,3.343453833160576e-05,-1.3218127727832136,-0.001948993725345635,3.3434532594682344e-05,-1.3218127728108837,-0.0019489937233860331,0.18384776310850237,0.23256755992208045,0.1831013455109184,0.183101345511163
5.330000000000115,-0.009739166344769597,6.259343961515924e-11,0.23256090609938737,4.9695240531166546e-11,-0.02296217095830497,0.014406507465095326,0.02296217078519919,42.60102376048388,4,True,balance,3.2953609734742325e-05,-1.3218242565324827,-0.0019220437157752214,3.295360404425941e-05,-1.3218242565598302,-0.0019220437138373332,0.18384776310850237,0.23256755992208045,0.18310188014756487,0.18310188014780587
5.340000000000118,-0.009596245803796163,6.259647102486313e-11,0.23256099496242547,4.89606397249268e-11,-0.02264118868253861,0.01419884756428184,0.022641188573079372,42.601025774467445,4,True,balance,3.247936526942597e-05,-1.3218355871565453,-0.0018954387894180409,3.2479359630700266e-05,-1.3218355871834961,-0.0018954387875034977,0.18384776310850237,0.23256755992208045,0.1831024082470669,0.1831024082473043
5.350000000000121,-0.009455385906877032,6.259944907048673e-11,0.23256108276910492,4.82370032844433e-11,-0.022324411558894714,0.013994082872293652,0.02232441140530474,42.60102777927616,4,True,balance,3.201171804331247e-05,-1.3218467664524254,-0.0018691752980058987,3.201171244728611e-05,-1.3218467664789857,-0.0018691752961031967,0.18384776310850237,0.23256755992208045,0.18310292987028026,0.18310292987051419
5.360000000000125,-0.009316557909816168,6.260237679581536e-11,0.232561169528606,4.752362764959456e-11,-0.022011792423134245,0.0137921756535727,0.02201179229999495,42.601029774532236,4,True,balance,3.155058212404531e-05,-1.321857796203251,-0.0018432496085492198,3.15505765780499e-05,-1.3218577962294649,-0.0018432496066694405,0.18384776310850237,0.23256755992208045,0.1831034450780425,0.18310344507827297
5.370000000000128,-0.009179733443466844,6.260525687806385e-11,0.23256125525011884,4.6819936979400245e-11,-0.021703284399436532,0.013593088591513538,0.02170328419824656,42.60103175988281,4,True,balance,3.109587255830474e-05,-1.3218686781785165,-0.0018176581042468715,3.1095867061693216e-05,-1.321868678204343,-0.0018176581023832945,0.18384776310850237,0.23256755992208045,0.18310395393115464,0.1831039539313818
5.380000000000131,-0.00904488450955578,6.26080881047167e-11,0.2325613399428404,4.61263613896785e-11,-0.021398840907252387,0.013396784785971233,0.021398840781805137,42.60103373499253,4,True,balance,3.0647505355675966e-05,-1.3218794141334922,-0.0017923971851234405,3.0647499908513714e-05,-1.3218794141589536,-0.0017923971832819587,0.18384776310850237,0.23256755992208045,0.1831044564903606,0.18310445649058446
5.390000000000135,-0.00891198347653251,6.261086996179917e-11,0.2325614236159719,4.5443063353587934e-11,-0.021098415667753282,0.013203227750710056,0.021098415459573663,42.601035699532375,4,True,balance,3.0205397478078462e-05,-1.32189000580937,-0.001767463268801316,3.0205392078045394e-05,-1.3218900058344731,-0.0017674632669753886,0.18384776310850237,0.23256755992208045,0.18310495281633057,0.1831049528165511
5.400000000000138,-0.008781003075444598,6.261360571702564e-11,0.2325615062787157,4.476929984843315e-11,-0.020801962709885033,0.01301238141079475,0.020801962471881288,42.60103765320204,4,True,balance,2.9769466828349288e-05,-1.321900454933137,-0.0017428527911567493,2.976946148113855e-05,-1.3219004549579116,-0.0017428527893542988,0.18384776310850237,0.23256755992208045,0.18310544296964135,0.18310544296985864
5.410000000000141,-0.008651916395839234,6.261628768142049e-11,0.23256158794027312,4.410711072200619e-11,-0.020509436376046783,0.012824210099928355,0.020509436116455608,42.60103959570994,4,True,balance,2.9339632265348626e-05,-1.3219107632173217,-0.0017185622069657398,2.9339626960005222e-05,-1.321910763241763,-0.001718562205174126,0.18384776310850237,0.23256755992208045,0.18310592701076067,0.1831059270109748
5.420000000000145,-0.008524696881691727,6.261892211678934e-11,0.23256166860984162,4.3454920648714365e-11,-0.020220791327408102,0.012638678557739454,0.02022079102213809,42.60104152677699,4,True,balance,2.891581356185751e-05,-1.321920932360047,-0.0016945879904642195,2.8915808300702284e-05,-1.3219209323840715,-0.001694587988690528,0.18384776310850237,0.23256755992208045,0.18310640500003014,0.18310640500024122
5.430000000000148,-0.008399318327361394,6.262151440614862e-11,0.2325617482966121,4.2811430125037685e-11,-0.01993598254887166,0.012455751927022784,0.01993598259109968,42.6010434461456,4,True,balance,2.849793142943804e-05,-1.3219309640448293,-0.0016709266360241143,2.8497926217315096e-05,-1.3219309640685053,-0.0016709266342674388,0.18384776310850237,0.23256755992208045,0.18310687699764863,0.1831068769978565
5.440000000000151,-0.008275754873575285,6.262407097214249e-11,0.23256182700976671,4.2175159718222224e-11,-0.019654965353693533,0.012275395750935022,0.01965496536305374,42.60104535356956,4,True,balance,2.8085907481379894e-05,-1.3219408599406832,-0.0016475746585790697,2.808590233057444e-05,-1.321940859964077,-0.0016475746568559212,0.18384776310850237,0.23256755992208045,0.18310734306366,0.18310734306386484
5.450000000000155,-0.008153981003440171,6.262657674920109e-11,0.23256190475847646,4.1550039923319154e-11,-0.019377695387786546,0.012097575970148584,0.01937769543001554,42.60104724881525,4,True,balance,2.767966427991312e-05,-1.3219506217017984,-0.0016245285942358657,2.7679659170635536e-05,-1.3219506217248902,-0.0016245285925203855,0.18384776310850237,0.23256755992208045,0.18310780325793352,0.18310780325813542
5.460000000000158,-0.008033971538483241,6.262903775120868e-11,0.2325619815518987,4.093449911004051e-11,-0.0191041286337097,0.011922258919967859,0.019104128710263027,42.60104913165782,4,True,balance,2.727912525006924e-05,-1.3219602509677437,-0.0016017850006737942,2.727912018804758e-05,-1.3219602509904547,-0.0016017849989747783,0.18384776310850237,0.23256755992208045,0.1831082576401539,0.1831082576403527
5.470000000000161,-0.007915701634721809,6.263145600796258e-11,0.2325620573991751,4.0328099861993135e-11,-0.018834221414348224,0.011749411327408444,0.018834221564569775,42.60105100189429,4,True,balance,2.6884214730894184e-05,-1.3219697493631244,-0.001579340457666911,2.6884209718136397e-05,-1.3219697493855473,-0.001579340455988265,0.18384776310850237,0.23256755992208045,0.18310870626980535,0.1831087062700013
5.480000000000165,-0.007799146778762397,6.26338296332448e-11,0.23256213230942926,3.9731402221280846e-11,-0.01856793039630693,0.011579000308243612,0.018567930601269572,42.60105285932853,4,True,balance,2.649485795489422e-05,-1.3219791184978922,-0.0015571915675096058,2.6494852986321357e-05,-1.3219791185200547,-0.0015571915658499204,0.18384776310850237,0.23256755992208045,0.18310914920615992,0.18310914920635302
5.490000000000168,-0.007684282783929577,6.263616347154915e-11,0.23256220629176477,3.914317440852488e-11,-0.018305212593021394,0.011410993364019968,0.018305212800655134,42.60105470378045,4,True,balance,2.6110981029463227e-05,-1.3219883599671587,-0.00153533495537224,2.6110976107535995e-05,-1.3219883599889388,-0.001535334953728684,0.18384776310850237,0.23256755992208045,0.18310958650826425,0.18310958650845452
5.500000000000171,-0.007571085786424786,6.26384577446707e-11,0.23256227935526297,3.856347672988116e-11,-0.018046025367601547,0.011245358379043162,0.018046025567529773,42.601056535073255,4,True,balance,2.573251093259458e-05,-1.3219974753508918,-0.0015137672697157379,2.5732506056233763e-05,-1.3219974753723784,-0.0015137672680870433,0.18384776310850237,0.23256755992208045,0.1831100182349273,0.18311001823511475
5.510000000000175,-0.007459532241515419,6.264071695556657e-11,0.23256235150898114,3.7991216436543295e-11,-0.017790326435416632,0.011082063617339244,0.017790326663219006,42.60105835305224,4,True,balance,2.5359375515501875e-05,-1.3220064662143987,-0.0014924851826437614,2.5359370694530453e-05,-1.3220064662355655,-0.0014924851810443568,0.18384776310850237,0.23256755992208045,0.1831104444447096,0.1831104444448941
5.520000000000178,-0.007349598919754468,6.264293537284016e-11,0.2325624227619505,3.7427964720559624e-11,-0.01753807386642713,0.010921077719590498,0.017538074170971276,42.6010601575639,4,True,balance,2.49915034945915e-05,-1.3220153341079146,-0.001471485390248534,2.4991498716381663e-05,-1.3220153341287812,-0.001471485388654893,0.18384776310850237,0.23256755992208045,0.18311086519591122,0.18311086519609318
5.530000000000181,-0.0072412629032309024,6.264511609619448e-11,0.23256249312317434,3.687293063875541e-11,-0.017289226087277062,0.010762369700050817,0.017289226371946662,42.601061948475376,4,True,balance,2.4628824423478946e-05,-1.3220240805668757,-0.001450764612873302,2.4628819691538087e-05,-1.322024080587462,-0.0014507646112991073,0.18384776310850237,0.23256755992208045,0.18311128054656312,0.18311128054674228
5.540000000000185,-0.007134501581851023,6.264726508958667e-11,0.23256256260162608,3.632466364611442e-11,-0.017043741883156934,0.01060590894343973,0.017043742185859318,42.60106372565761,4,True,balance,2.4271268703904222e-05,-1.3220327071117761,-0.0014303195954399348,2.4271264028464065e-05,-1.3220327071320297,-0.00143031959389499,0.18384776310850237,0.23256755992208045,0.18311169055441442,0.183111690554591
5.550000000000188,-0.007029292649650963,6.264937510185249e-11,0.23256263120624793,3.578517135491442e-11,-0.01680158039944528,0.010451665201820058,0.01680158067194031,42.60106548898229,4,True,balance,2.3918767587714324e-05,-1.322041215248008,-0.0014101471076946187,2.391876295948922e-05,-1.3220412152680936,-0.001410147106161287,0.18384776310850237,0.23256755992208045,0.1831120952769248,0.18311209527709876
5.5600000000001915,-0.006925614101140515,6.265143813041984e-11,0.2325626989459488,3.5256393172394484e-11,-0.016562701143134743,0.010299608591458037,0.016562701407983507,42.60106723835181,4,True,balance,2.3571253148846366e-05,-1.3220496064664058,-0.0013902439444952324,2.3571248553598573e-05,-1.3220496064860976,-0.001390243942962574,0.18384776310850237,0.23256755992208045,0.18311249477125444,0.1831124947714259
5.570000000000195,-0.006823444227678417,6.265347259738472e-11,0.23256276582960272,3.4733625462371795e-11,-0.016327063984054334,0.010149709589671811,0.01632706429805171,42.601068973660276,4,True,balance,2.322865825721999e-05,-1.3220578822425575,-0.0013706069259281789,2.3228653720186482e-05,-1.322057882261976,-0.0013706069244246671,0.18384776310850237,0.23256755992208045,0.18311288909425533,0.18311288909442433
5.580000000000198,-0.006722761613879234,6.265547298064422e-11,0.23256283186604756,3.4218473666743895e-11,-0.016094629155894227,0.010001939031665573,0.01609462954209269,42.60107069481808,4,True,balance,2.2890916643572335e-05,-1.322066044037502,-0.0013512328976902565,2.2890912151363213e-05,-1.3220660440566394,-0.0013512328962003077,0.18384776310850237,0.23256755992208045,0.18311327830246332,0.18311327830262988
5.5900000000002015,-0.006623545134051953,6.265744353554314e-11,0.2325628970640832,3.370985127921712e-11,-0.015865357257038696,0.009856268107355032,0.015865357256330048,42.6010724017492,4,True,balance,2.2557962803374405e-05,-1.3220740932972541,-0.0013321187310827382,2.2557958362695786e-05,-1.3220740933161352,-0.0013321187296172056,0.18384776310850237,0.23256755992208045,0.18311366245209035,0.18311366245225444
5.600000000000205,-0.006525773948670395,6.265937843272996e-11,0.2325629614324703,3.3209319370498864e-11,-0.01563920925122954,0.009712668358179999,0.015639209365954643,42.601074094371896,4,True,balance,2.2229732065834693e-05,-1.3220820314530446,-0.0013132613233338578,2.2229727668524595e-05,-1.3220820314716917,-0.0013132613218823903,0.18384776310850237,0.23256755992208045,0.18311404159901412,0.18311404159917577
5.610000000000208,-0.006429427500875494,6.26612813595969e-11,0.2325630249799288,3.271591515793497e-11,-0.0154161464680403,0.00957111167391598,0.01541614650745509,42.601075772621016,4,True,balance,2.19061605186331e-05,-1.3220898599214697,-0.001294657597674087,2.1906156169187167e-05,-1.3220898599398445,-0.001294657596247315,0.18384776310850237,0.23256755992208045,0.18311441579877602,0.18311441579893525
5.6200000000002115,-0.00633448551300954,6.266314506053012e-11,0.2325630877151365,3.223155805214309e-11,-0.015196130603187816,0.009431570289475421,0.015196130603409927,42.60107743644291,4,True,balance,2.1587185059707208e-05,-1.3220975801043688,-0.00127630450352497,2.1587180749210587e-05,-1.3220975801224897,-0.0012763045021052784,0.18384776310850237,0.23256755992208045,0.1831147851065699,0.1831147851067267
5.630000000000215,-0.0062409279831824125,6.266497371487234e-11,0.23256314964672806,3.1755169606793575e-11,-0.014979123718688616,0.009294016781705754,0.014979123746631936,42.60107908578368,4,True,balance,2.1272743352644507e-05,-1.322105193388917,-0.00125819901655136,2.127273908011567e-05,-1.3221051934067698,-0.0012581990151407983,0.18384776310850237,0.23256755992208045,0.18311514957723743,0.183115149577392
5.640000000000218,-0.006148735181869856,6.266677940004541e-11,0.23256321078329348,3.128372932939219e-11,-0.01476508824285913,0.009158424066184263,0.01476508831527739,42.6010807206003,4,True,balance,2.0962773815457332e-05,-1.3221127011475544,-0.0012403381388246383,2.09627695970806e-05,-1.3221127011651266,-0.0012403381374389481,0.18384776310850237,0.23256755992208045,0.18311550926526238,0.1831155092654145
5.6500000000002215,-0.006057887648543814,6.266855550354249e-11,0.23256327113337702,3.081905223882383e-11,-0.01455398697016826,0.009024765394012962,0.014553987096462167,42.601082340857,4,True,balance,2.0657215661150348e-05,-1.3221201047383413,-0.0012227188989308911,2.065721148627224e-05,-1.3221201047556599,-0.0012227188975534895,0.18384776310850237,0.23256755992208045,0.1831158642247635,0.18311586422491358
5.660000000000225,-0.005968366188334816,6.267030606784394e-11,0.23256333070547613,3.036012966340388e-11,-0.014345783060948275,0.0088930143486114,0.014345783139313834,42.6010839465206,4,True,balance,2.0356008826266957e-05,-1.3221274055047438,-0.001205338351979178,2.0356004702208115e-05,-1.322127405521825,-0.001205338350626596,0.18384776310850237,0.23256755992208045,0.18311621450949092,0.18311621450963875
5.670000000000228,-0.005880151868726438,6.267202584688253e-11,0.2325633895080402,2.9908354210470417e-11,-0.014140440040971335,0.008763144842510971,0.014140440108471286,42.60108553757249,4,True,balance,2.0059094011382415e-05,-1.3221346047757694,-0.0011881935797357797,2.0059089933452255e-05,-1.3221346047926357,-0.001188193578401652,0.18384776310850237,0.23256755992208045,0.18311656017281924,0.18311656017296482
5.6800000000002315,-0.0057932260162817965,6.26737119855056e-11,0.23256344754946967,2.946442317647754e-11,-0.013937921800898975,0.008635131114153255,0.01393792180369117,42.60108711399178,4,True,balance,1.9766412656718058e-05,-1.3221417038662096,-0.0011712816906517705,1.9766408612598527e-05,-1.3221417038828236,-0.0011712816893219207,0.18384776310850237,0.23256755992208045,0.18311690126774385,0.18311690126788727
5.690000000000235,-0.005707570213402056,6.267537124838176e-11,0.232563504838115,2.9026596392841742e-11,-0.013738192595606581,0.008508947724687991,0.013738192616266545,42.60108867576931,4,True,balance,1.947790691644615e-05,-1.3221487040763718,-0.0011545998198723105,1.94779029167286e-05,-1.3221487040927116,-0.0011545998185575944,0.18384776310850237,0.23256755992208045,0.183117237846876,0.18311723784701725
5.700000000000238,-0.005623166295116922,6.267700747922478e-11,0.2325635613822756,2.859399784419384e-11,-0.013541217043388806,0.008384569554778986,0.013541217054946519,42.60109022290091,4,True,balance,1.9193519679561042e-05,-1.3221556066923665,-0.0011381451293179018,1.919351572871808e-05,-1.3221556067085038,-0.0011381451280267649,0.18384776310850237,0.23256755992208045,0.18311756996243908,0.1831175699625783
5.7100000000002415,-0.005539996345907046,6.267861667812407e-11,0.23256361719019927,2.8167698135511216e-11,-0.01334696012505433,0.008261971801415153,0.01334696015610371,42.60109175538527,4,True,balance,1.891319456279131e-05,-1.3221624129862575,-0.001121914807680519,1.8913190656890046e-05,-1.322162413002197,-0.0011219148064043427,0.18384776310850237,0.23256755992208045,0.18311789766626435,0.1831178976664015
5.720000000000245,-0.005458042696558301,6.268019365449156e-11,0.232563672270081,2.774901055469945e-11,-0.013155387182912816,0.00814112997472476,0.013155387208097032,42.60109327322639,4,True,balance,1.8636875882685993e-05,-1.3221691242159397,-0.00110590607040464,1.8636872011906808e-05,-1.3221691242316094,-0.0011059060691347002,0.18384776310850237,0.23256755992208045,0.18311822100978747,0.18311822100992262
5.730000000000248,-0.005377287921047852,6.268175248279998e-11,0.2325637266300623,2.7334360663298324e-11,-0.012966463919655832,0.00802201989480131,0.012966463898682086,42.60109477643651,4,True,balance,1.836450864608305e-05,-1.3221757416253135,-0.0010901161597125987,1.8364504828616145e-05,-1.3221757416407316,-0.0010901161584680344,0.18384776310850237,0.23256755992208045,0.1831185400440451,0.18311854004417827
5.740000000000252,-0.005297714833461929,6.268328310543652e-11,0.23256378027823046,2.6926448598700528e-11,-0.012780156397144334,0.007904617688536305,0.01278015647358532,42.6010962650314,4,True,balance,1.8096038585091842e-05,-1.3221822664443905,-0.001074542344602757,1.8096034811821246e-05,-1.3221822664596374,-0.0010745423433765075,0.18384776310850237,0.23256755992208045,0.1831188548196715,0.18311885481980272
5.750000000000255,-0.0052193064849452376,6.268478553012014e-11,0.2325638332226178,2.652520995833304e-11,-0.012596431035100891,0.007788899786459598,0.012596431212356247,42.60109773903016,4,True,balance,1.783141209323569e-05,-1.3221886998892807,-0.0010591819207617541,1.7831408360778477e-05,-1.3221886999042924,-0.0010591819195456145,0.18384776310850237,0.23256755992208045,0.1831191653868966,0.1831191653870259
5.760000000000258,-0.005142046160681883,6.268626211923036e-11,0.232563885471201,2.6130069398915378e-11,-0.012415254609712132,0.007674842919592972,0.012415254736346071,42.60109919845863,4,True,balance,1.7570576255532576e-05,-1.322195043162442,-0.0010440322106037155,1.7570572564537042e-05,-1.3221950431772893,-0.0010440322094054293,0.18384776310850237,0.23256755992208045,0.18311947179554278,0.18311947179567006
5.770000000000262,-0.005065917376907723,6.268771323793012e-11,0.23256393703190043,2.5740971724364413e-11,-0.01223659425214499,0.007562424116312211,0.012236594372415787,42.601100643348154,4,True,balance,1.7313478828244136e-05,-1.3222012974526638,-0.001029090563174978,1.7313475180033767e-05,-1.3222012974672706,-0.00102909056199744,0.18384776310850237,0.23256755992208045,0.18311977409502206,0.1831197740951475
5.780000000000265,-0.004990903877954028,6.268913311294958e-11,0.2325639879125795,2.5359394754939465e-11,-0.012060417446988261,0.007451620699222072,0.012060417609707106,42.60110207372802,4,True,balance,1.706006824006287e-05,-1.322207463935034,-0.0010143543541504092,1.706006462248967e-05,-1.322207463949437,-0.0010143543529680754,0.18384776310850237,0.23256755992208045,0.1831200723343349,0.18312007233445843
5.790000000000268,-0.0049169896333223165,6.269053037163533e-11,0.23256403812104423,2.4983102387810817e-11,-0.011886692030612312,0.007342410282043141,0.011886692149551384,42.601103489637126,4,True,balance,1.681029356189288e-05,-1.3222135437713216,-0.0009998209857004327,1.68102899861772e-05,-1.3222135437854514,-0.000999820984533365,0.18384776310850237,0.23256755992208045,0.18312036656206776,0.18312036656218958
5.800000000000272,-0.004844158834790261,6.269191231995987e-11,0.23256408766504266,2.461038713494383e-11,-0.011715386189455357,0.007234770766513038,0.011715386300552617,42.601104891118666,4,True,balance,1.6564104534971678e-05,-1.3222195381098016,-0.000985487886518416,1.656410101131825e-05,-1.3222195381237876,-0.0009854878853756326,0.18384776310850237,0.23256755992208045,0.18312065682639175,0.18312065682651169
5.810000000000275,-0.004772395893548499,6.269327079112721e-11,0.2325641365522643,2.4243363902115186e-11,-0.011546468458247056,0.007128680339298793,0.01154646849139003,42.60110627821446,4,True,balance,1.6321451541766527e-05,-1.3222254480854791,-0.0009713525116472413,1.6321448058101457e-05,-1.3222254480992488,-0.0009713525105186414,0.18384776310850237,0.23256755992208045,0.18312094317506086,0.1831209431751791
5.820000000000278,-0.004701685437368246,6.26946025527697e-11,0.2325641847903396,2.3882818082527545e-11,-0.01137990771815901,0.007024117468927109,0.011379907634790161,42.60110765097612,4,True,balance,1.608228560501627e-05,-1.3222312748202183,-0.0009574123424982322,1.6082282153987257e-05,-1.3222312748338105,-0.0009574123413769507,0.18384776310850237,0.23256755992208045,0.18312122565541092,0.18312122565552738
5.830000000000282,-0.004632012307799524,6.269591363237591e-11,0.2325642323868398,2.3527179345502012e-11,-0.011215673194898032,0.006921060902727189,0.011215673099760504,42.60110900945422,4,True,balance,1.584655836553847e-05,-1.322237019422793,-0.0009436648866729431,1.5846554957737086e-05,-1.3222370194361575,-0.0009436648855698038,0.18384776310850237,0.23256755992208045,0.18312150431435786,0.18312150431447255
5.840000000000285,-0.004563361557399865,6.269720359251269e-11,0.23256427934927623,2.317663741642604e-11,-0.011053734456740199,0.006819489663790333,0.011053734382224624,42.601110353705195,4,True,balance,1.561422210173801e-05,-1.3222426829888516,-0.0009301076779157146,1.5614218735763897e-05,-1.3222426830020266,-0.0009301076768254825,0.18384776310850237,0.23256755992208045,0.1831217791983982,0.1831217791985112
5.850000000000288,-0.004495718446993348,6.269847281807855e-11,0.23256432568510016,2.283112132205686e-11,-0.010894061412507393,0.006719383047944828,0.010894061346578813,42.60111168378724,4,True,balance,1.538522970480427e-05,-1.322248266601308,-0.0009167382760020091,1.5385226382130048e-05,-1.322248266614299,-0.0009167382749264172,0.18384776310850237,0.23256755992208045,0.18312205035360685,0.18312205035371823
5.860000000000292,-0.004429068442959785,6.269972046306821e-11,0.23256437140170252,2.2490884196644827e-11,-0.01073662430949451,0.006620720620748112,0.010736624147771849,42.60111299975857,4,True,balance,1.5159534682943333e-05,-1.322253771330084,-0.0009035542666198674,1.5159531396748775e-05,-1.3222537713429063,-0.0009035542655581616,0.18384776310850237,0.23256755992208045,0.18312231782563776,0.18312231782574742
5.870000000000295,-0.004363397214553883,6.270094514617823e-11,0.2325644165064133,2.215623058228176e-11,-0.010581393731345772,0.006523482214496699,0.01058139348893403,42.601114301684916,4,True,balance,1.49370911399653e-05,-1.3222591982326057,-0.0008905532612937556,1.4937087889783004e-05,-1.3222591982452636,-0.0008905532602411627,0.18384776310850237,0.23256755992208045,0.18312258165972248,0.18312258165983053
5.880000000000298,-0.004298690631254241,6.270215078153809e-11,0.23256446100650147,2.1826186828638815e-11,-0.01042834059588487,0.0064276479252524926,0.01042834030577211,42.601115589634034,4,True,balance,1.471785377726535e-05,-1.322264548353627,-0.0008777328971968899,1.4717850567644413e-05,-1.3222645483660642,-0.0008777328961591341,0.18384776310850237,0.23256755992208045,0.18312284190067085,0.18312284190077727
5.890000000000302,-0.004234934760141936,6.270333350171733e-11,0.23256450490917485,2.150182374542309e-11,-0.010277436152901415,0.006333198109888185,0.010277435917051362,42.60111686367539,4,True,balance,1.450177789690792e-05,-1.322269822725342,-0.0008650908371093727,1.4501774720581043e-05,-1.3222698227376142,-0.0008650908360804141,0.18384776310850237,0.23256755992208045,0.1831230985928702,0.18312309859297507
5.900000000000305,-0.004172115863308604,6.270449858389592e-11,0.23256454822157976,2.1181748595791337e-11,-0.010128651981897864,0.006240113383150419,0.010128651754960794,42.6011181238793,4,True,balance,1.428881936817944e-05,-1.3222750223676423,-0.0008526247692143033,1.4288816232088606e-05,-1.3222750223797224,-0.0008526247682040333,0.18384776310850237,0.23256755992208045,0.18312335178028655,0.18312335178038983
5.910000000000308,-0.004110220395293755,6.270564554520455e-11,0.2325645909508008,2.0866122951301334e-11,-0.009981959989795602,0.006148374614741992,0.009981959726875527,42.60111937032272,4,True,balance,1.4078934650692685e-05,-1.3222801482880924,-0.0008403324070274021,1.4078931553596104e-05,-1.3222801482999809,-0.0008403324060285418,0.18384776310850237,0.23256755992208045,0.18312360150646384,0.18312360150656562
5.920000000000312,-0.004049235000551162,6.27067730158699e-11,0.2325646331038608,2.0555332210205093e-11,-0.009837332408606762,0.006057962926424796,0.009837332126199024,42.601120603074605,4,True,balance,1.3872080781355912e-05,-1.3222852014821591,-0.000828211489221752,1.3872077718030928e-05,-1.322285201493884,-0.0008282114882325593,0.18384776310850237,0.23256755992208045,0.18312384781452415,0.18312384781462443
5.930000000000315,-0.003989146510944136,6.270788601477207e-11,0.23256467468772063,2.0248093354352677e-11,-0.009694741793074987,0.005968859689138604,0.009694741495404526,42.60112182222296,4,True,balance,1.3668215337519582e-05,-1.3222901829331262,-0.000816259779462243,1.3668212312617964e-05,-1.3222901829446585,-0.0008162597784895835,0.18384776310850237,0.23256755992208045,0.18312409074716962,0.18312409074726843
5.940000000000318,-0.00392994194326947,6.270898171961395e-11,0.23256471570927903,1.9945183315373124e-11,-0.009554161018280946,0.00588104652014428,0.009554160665677741,42.60112302784184,4,True,balance,1.3467296476443646e-05,-1.322295093612356,-0.0008044750663522631,1.3467293487270446e-05,-1.3222950936237505,-0.0008044750653908187,0.18384776310850237,0.23256755992208045,0.18312433034668155,0.1831243303467788
5.950000000000322,-0.003871608496809866,6.271006091285757e-11,0.23256475617537264,1.9646379808821437e-11,-0.009415563277222046,0.00579450528018471,0.009415562837167721,42.60112422001645,4,True,balance,1.3269282896536345e-05,-1.3222999344794517,-0.0007928551631801418,1.3269279947958115e-05,-1.3222999344906952,-0.0007928551622335257,0.18384776310850237,0.23256755992208045,0.1831245666549221,0.183124566655018
5.960000000000325,-0.0038141335509146402,6.271111935239262e-11,0.23256479609277603,1.9352809908099277e-11,-0.009278922078365077,0.0057092180706653116,0.009278921546766931,42.60112539882845,4,True,balance,1.3074133849661642e-05,-1.3223047064821112,-0.0007813979078142312,1.3074130934104632e-05,-1.3223047064931934,-0.0007813979068795696,0.18384776310850237,0.23256755992208045,0.18312479971333503,0.1831247997134295
5.970000000000328,-0.003757504662608484,6.271216071634891e-11,0.2325648354682014,1.9063519892208934e-11,-0.009144211243173717,0.005625167230857856,0.009144210830355513,42.60112656436448,4,True,balance,1.288180911005709e-05,-1.3223094105564266,-0.0007701011625509022,1.2881806234007106e-05,-1.3223094105673465,-0.0007701011616293425,0.18384776310850237,0.23256755992208045,0.18312502956294627,0.18312502956303928
5.980000000000332,-0.003701709564228098,6.271318287010792e-11,0.2325648743082986,1.87790685971953e-11,-0.009011404903614264,0.0055423353351243,0.009011404507741747,42.60112771671026,4,True,balance,1.2692269005997746e-05,-1.322314047627075,-0.0007589628139583677,1.269226616257352e-05,-1.322314047637846,-0.0007589628130448419,0.18384776310850237,0.23256755992208045,0.18312525624436593,0.1831252562444576
5.990000000000335,-0.0036467361610864613,6.271418778016908e-11,0.23256491261965556,1.849893134708625e-11,-0.008880477499639203,0.005460705190160199,0.008880477043621602,42.601128855960276,4,True,balance,1.2505474375617802e-05,-1.3223186186071714,-0.0007479807726664611,1.2505471567563828e-05,-1.3223186186177736,-0.0007479807717696784,0.18384776310850237,0.23256755992208045,0.18312547979778884,0.18312547979787913
6.000000000000338,-0.003592572529164552,6.271517214044558e-11,0.23256495040879774,1.82239743542436e-11,-0.008751403776655583,0.005380259832261402,0.008751403443483088,42.601129982196156,4,True,balance,1.2321386586448181e-05,-1.3223231243985198,-0.0007371529732787274,1.2321383809020913e-05,-1.322323124408977,-0.0007371529723857603,0.18384776310850237,0.23256755992208045,0.18312570026299574,0.18312570026308467
6.010000000000342,-0.003539206912830268,6.271614101795215e-11,0.23256498768218847,1.7952906379785035e-11,-0.008624158782971717,0.00530098252461293,0.008624158419015204,42.60113109551372,4,True,balance,1.2139967510811869e-05,-1.3223275658918057,-0.0007264773741308395,1.213996476838178e-05,-1.3223275659021123,-0.0007264773732475612,0.18384776310850237,0.23256755992208045,0.18312591767935563,0.18312591767944325
6.020000000000345,-0.003486627722584365,6.271709539127462e-11,0.23256502444622895,1.7685517969113535e-11,-0.008498717867232958,0.00522285675459687,0.00849871757846587,42.60113219600679,4,True,balance,1.1961179538437415e-05,-1.3223319439665184,-0.0007159519571564574,1.1961176833067145e-05,-1.3223319439766688,-0.0007159519562876459,0.18384776310850237,0.23256755992208045,0.18312613208582632,0.18312613208591264
6.030000000000348,-0.0034348235328331674,6.271803731938369e-11,0.2325650607072584,1.7421317375875414e-11,-0.008375056675841262,0.00514586623112538,0.008375056372681556,42.601133283767965,4,True,balance,1.178498555438181e-05,-1.3223362594912191,-0.0007055747277301095,1.1784982887712408e-05,-1.3223362595012171,-0.0007055747268751823,0.18384776310850237,0.23256755992208045,0.1831263435209566,0.18312634352104176
6.040000000000352,-0.0033837830796878497,6.271896155243157e-11,0.23256509647155407,1.7161681061456266e-11,-0.008253151150363751,0.005069994881993588,0.008253150754693302,42.60113435889079,4,True,balance,1.1611348952449441e-05,-1.322340513323549,-0.0006953437144504809,1.1611346316843461e-05,-1.3223405133334154,-0.0006953437136107134,0.18384776310850237,0.23256755992208045,0.18312655202288786,0.1831265520229718
6.050000000000355,-0.0033334952587900576,6.271986764606503e-11,0.2325651317453314,1.6906656990532975e-11,-0.008132977524931721,0.004995226851255083,0.008132977135726272,42.60113542147472,4,True,balance,1.1440233601100652e-05,-1.3223447063103495,-0.0006852569690063038,1.1440230991936086e-05,-1.3223447063200302,-0.0006852569681754467,0.18384776310850237,0.23256755992208045,0.18312675762935565,0.18312675762943825
6.060000000000358,-0.0032839491231636425,6.27207564039502e-11,0.23256516653474424,1.665601177261077e-11,-0.008014512323629638,0.004921546496621455,0.008014511880195136,42.601136471607546,4,True,balance,1.1271603857122996e-05,-1.3223488392877576,-0.0006753125659523563,1.1271601276438848e-05,-1.3223488392973581,-0.0006753125651241881,0.18384776310850237,0.23256755992208045,0.18312696037769177,0.18312696037777315
6.070000000000362,-0.003235133881092299,6.272163564146051e-11,0.23256520084588483,1.6407772669637655e-11,-0.007897732357876495,0.004848938386881948,0.00789773181510219,42.60113750939877,4,True,balance,1.110542455579784e-05,-1.3223529130815033,-0.0006655086025841534,1.110542201459627e-05,-1.322352913090915,-0.0006655086017721761,0.18384776310850237,0.23256755992208045,0.18312716030482645,0.18312716030490653
6.080000000000365,-0.003187038894022857,6.272250105578082e-11,0.23256523468478418,1.6163144167906476e-11,-0.007782614723802664,0.004777387299346829,0.0077826143157733955,42.601138534938826,4,True,balance,1.0941661014745064e-05,-1.322356928506627,-0.0006558431987003543,1.0941658502476784e-05,-1.3223569285159107,-0.0006558431978934169,0.18384776310850237,0.23256755992208045,0.18312735744728945,0.1831273574473684
6.0900000000003685,-0.003139653674494042,6.272335211641697e-11,0.23256526805741193,1.5922240156345436e-11,-0.0076691367996186725,0.004706878217313321,0.0076691363514763775,42.60113954832961,4,True,balance,1.0780279003538446e-05,-1.3223608863680019,-0.0006463144964747182,1.0780276524797438e-05,-1.3223608863772074,-0.0006463144956870856,0.18384776310850237,0.23256755992208045,0.1831275518412136,0.18312755184129137
6.100000000000372,-0.003092967884090419,6.272419028612994e-11,0.23256530096967684,1.5684647413863866e-11,-0.007557276242981761,0.004637396327554696,0.007557275662251151,42.6011405496709,4,True,balance,1.062124476421932e-05,-1.3223647874602915,-0.0006369206602250559,1.0621242320087617e-05,-1.3223647874692985,-0.0006369206594500217,0.18384776310850237,0.23256755992208045,0.18312774352233555,0.18312774352241215
6.110000000000375,-0.0030469713314213577,6.272501798216748e-11,0.23256533342742705,1.5449835075555618e-11,-0.007447010988363661,0.004568927017830198,0.007447010474793252,42.601141539062,4,True,balance,1.0464524991371317e-05,-1.3223686325676947,-0.0006276598762554786,1.0464522580502992e-05,-1.3223686325766086,-0.0006276598754821653,0.18384776310850237,0.23256755992208045,0.18312793252599863,0.18312793252607404
6.1200000000003785,-0.003001653970124739,6.27258289265958e-11,0.23256536543644993,1.5219376616044812e-11,-0.00733831924441218,0.004501455874420996,0.007338318693227542,42.60114251660196,4,True,balance,1.0310086831660453e-05,-1.3223724224647693,-0.0006185303526498539,1.0310084446735838e-05,-1.322372422473549,-0.0006185303518908907,0.18384776310850237,0.23256755992208045,0.18312811888715524,0.18312811888722957
6.130000000000382,-0.0029570058968952043,6.272662447035964e-11,0.23256539700247258,1.4992863616811147e-11,-0.007231179491314301,0.0044349686796847695,0.007231179031765294,42.601143482394185,4,True,balance,1.0157897867223844e-05,-1.322376157915932,-0.0006095303191118852,1.0157895513078266e-05,-1.3223761579245574,-0.0006095303183579102,0.18384776310850237,0.23256755992208045,0.18312830264036864,0.18312830264044191
6.140000000000385,-0.002913017349536711,6.272740445915987e-11,0.23256542813116216,1.4770366552156054e-11,-0.007125570478160137,0.004369451409637627,0.007125570202504873,42.60114443654045,4,True,balance,1.000792613778077e-05,-1.322379839675856,-0.0006006580267719508,1.0007923805697838e-05,-1.3223798396843534,-0.0006006580260246102,0.18384776310850237,0.23256755992208045,0.1831284838198162,0.18312848381988833
6.1500000000003885,-0.002869678705039159,6.272817588637496e-11,0.23256545882812593,1.4550087026534284e-11,-0.00702147122030795,0.004304890231555356,0.007021470806283879,42.60114537914363,4,True,balance,9.860140091110488e-06,-1.3223834684894566,-0.0005919117479512642,9.860137791292111e-06,-1.3223834684977882,-0.0005919117472152245,0.18384776310850237,0.23256755992208045,0.18312866245929088,0.18312866245936196
6.160000000000392,-0.0028269804776788706,6.272893700018343e-11,0.23256548909891156,1.4332567308548913e-11,-0.006918860996756376,0.004241271501598845,0.0069188607408036,42.60114631030335,4,True,balance,9.7145086245408e-06,-1.3223870450919493,-0.0005832897760365823,9.714506359767417e-06,-1.3223870451002098,-0.000583289775323905,0.18384776310850237,0.23256755992208045,0.18312883859220402,0.18312883859227408
6.170000000000395,-0.0027849133171426914,6.272968029862963e-11,0.23256551894900762,1.4119693089514049e-11,-0.0068177193475148,0.004178581762463133,0.006817719312445749,42.60114723012493,4,True,balance,9.571001061746515e-06,-1.3223905702092276,-0.0005747904252735017,9.570998813257197e-06,-1.3223905702173608,-0.0005747904245535925,0.18384776310850237,0.23256755992208045,0.1831290122515882,0.18312901225165718
6.1800000000003985,-0.0027434680066754794,6.273041981054366e-11,0.2325655483838436,1.390786766477999e-11,-0.0067180260709816435,0.004116807741047813,0.006718026158942003,42.60114813870858,4,True,balance,9.429587114123132e-06,-1.3223940445576516,-0.0005664120305310409,9.429584906508534e-06,-1.3223940445656865,-0.0005664120298343753,0.18384776310850237,0.23256755992208045,0.18312918347009974,0.1831291834701677
6.190000000000402,-0.0027026354612507608,6.273114636719998e-11,0.2325655774087904,1.3699538948592474e-11,-0.006619761221324543,0.0040559363461515315,0.006619761209439787,42.60114903615998,4,True,balance,9.290236945333287e-06,-1.322397468844367,-0.000558152947206531,9.29023476450881e-06,-1.322397468852271,-0.0005581529465165382,0.18384776310850237,0.23256755992208045,0.1831293522800207,0.18312935228008756
6.200000000000405,-0.002662406725764313,6.273186114919505e-11,0.23256560602916043,1.3494335611099478e-11,-0.006522905105873336,0.003995954666188255,0.006522905086278062,42.601149922580476,4,True,balance,9.152921097335748e-06,-1.3224008437672026,-0.00055001155090139,9.152918946703429e-06,-1.3224008437749675,-0.0005500115502185823,0.18384776310850237,0.23256755992208045,0.18312951871326194,0.18312951871332794
6.2100000000004085,-0.0026227729732504713,6.273256121022963e-11,0.23256563425020824,1.329301602918672e-11,-0.006427438282514363,0.003936849966926722,0.006427438123366852,42.601150798074215,4,True,balance,9.017610534213887e-06,-1.322404170014943,-0.0005419862373667159,9.017608408007043e-06,-1.3224041700226357,-0.0005419862366891177,0.18384776310850237,0.23256755992208045,0.18312968280136607,0.183129682801431
6.220000000000412,-0.002583725503120897,6.273324756839163e-11,0.23256566207713056,1.3095288615292876e-11,-0.00633334155709594,0.0038786096892531414,0.006333341193226976,42.601151662742375,4,True,balance,8.884276603197307e-06,-1.3224074482673998,-0.000534075422210608,8.884274500857032e-06,-1.3224074482749806,-0.0005340754215372395,0.18384776310850237,0.23256755992208045,0.1831298445755096,0.18312984457557355
6.230000000000415,-0.0025452557394256155,6.27339267627783e-11,0.23256568951506681,1.2899473580124238e-11,-0.006240595980840645,0.0038212214469552867,0.006240595615273969,42.601152516688295,4,True,balance,8.75289104313624e-06,-1.32241067919543,-0.0005262775407521006,8.752888974690483e-06,-1.3224106792028893,-0.0005262775400986712,0.18384776310850237,0.23256755992208045,0.1831300040665058,0.18313000406656887
6.2400000000004185,-0.002507355229136069,6.273459576653286e-11,0.23256571656909927,1.2706417762830596e-11,-0.006149182847768771,0.0037646730245307503,0.00614918252010882,42.60115336001646,4,True,balance,8.623426002128911e-06,-1.3224138634611953,-0.0005185910478646815,8.62342395980866e-06,-1.3224138634685214,-0.0005185910472106962,0.18384776310850237,0.23256755992208045,0.18313016130480783,0.18313016130487
6.250000000000422,-0.002470015640449979,6.273525558783042e-11,0.23256574324425364,1.2515854570347021e-11,-0.006059083692127466,0.0037089523750160106,0.006059083358069027,42.60115419283027,4,True,balance,8.495853981059544e-06,-1.3224170017180081,-0.0005110144176957091,8.495851968907028e-06,-1.322417001725267,-0.0005110144170574467,0.18384776310850237,0.23256755992208045,0.18313031632051152,0.18313031632057272
6.260000000000425,-0.002433228761117783,6.273590278839415e-11,0.23256576954549926,1.2328672828216093e-11,-0.005970280285834552,0.0036540476178397487,0.005970279842730639,42.601155015231896,4,True,balance,8.37014788194464e-06,-1.3224200946107127,-0.0005035461435544625,8.370145894051636e-06,-1.3224200946178477,-0.0005035461429231324,0.18384776310850237,0.23256755992208045,0.18313046914335737,0.18313046914341768
6.270000000000429,-0.0023969864967904224,6.273653909188912e-11,0.23256579547774953,1.2144388207231411e-11,-0.005882754635933464,0.003599947036697067,0.005882754073584811,42.60115582732392,4,True,balance,8.246280969145892e-06,-1.3224231427755864,-0.0004961847376799484,8.246279008116761e-06,-1.3224231427826136,-0.0004961847370580903,0.18384776310850237,0.23256755992208045,0.18313061980273443,0.18313061980279383
6.280000000000432,-0.002361280869388264,6.273716484336533e-11,0.23256582104586232,1.196292524406114e-11,-0.005796488982056981,0.00354663907744658,0.005796488479586977,42.60115662920844,4,True,balance,8.124226879770122e-06,-1.322426146840464,-0.0004889287310768447,8.124224945066748e-06,-1.3224261468474288,-0.000488928730467988,0.18384776310850237,0.23256755992208045,0.18313076832768224,0.18313076832774072
6.290000000000435,-0.0023261040154909205,6.273777485034811e-11,0.23256584625464008,1.1785595053566534e-11,-0.005711465793905741,0.003494112346029905,0.005711465500568456,42.60115742098648,4,True,balance,8.003959613087522e-06,-1.3224291074249932,-0.0004817766733096981,8.003957697578565e-06,-1.3224291074318295,-0.0004817766727037156,0.18384776310850237,0.23256755992208045,0.18313091474689433,0.183130914746952
6.300000000000439,-0.0022914481847477676,6.27383727671915e-11,0.23256587110883056,1.1611429882215737e-11,-0.005627667768736571,0.003442355606413295,0.0056276671737767025,42.60115820276618,4,True,balance,7.885453520479094e-06,-1.3224320251405217,-0.0004747271323273035,7.885451625374984e-06,-1.322432025147224,-0.00047472713172299675,0.18384776310850237,0.23256755992208045,0.18313105908872154,0.18313105908877836
6.310000000000442,-0.002257305738308913,6.273896482469595e-11,0.23256589561312704,1.1438874085967127e-11,-0.005545077828865882,0.0033913577785508126,0.0055450771805235395,42.60115897464171,4,True,balance,7.768683315143376e-06,-1.3224349005902376,-0.00046777869425939874,7.768681447888219e-06,-1.3224349005968803,-0.0004677786936648743,0.18384776310850237,0.23256755992208045,0.18313120138117306,0.18313120138122896
6.320000000000445,-0.0022236691472764165,6.273954753123788e-11,0.2325659197721688,1.126887155783656e-11,-0.005463679119187913,0.0033411079363697654,0.005463678673882478,42.60115973671946,4,True,balance,7.65362406666722e-06,-1.3224377343694271,-0.00046092996321417585,7.653622222000386e-06,-1.3224377343759486,-0.0004609299626224079,0.18384776310850237,0.23256755992208045,0.1831313416519213,0.18313134165197636
6.330000000000449,-0.0021905309911755422,6.274012860879833e-11,0.23256594359054136,1.1099447240672412e-11,-0.005383455004705552,0.0032915953057775253,0.005383454546514215,42.60116048909835,4,True,balance,7.540251169875579e-06,-1.32244052706533,-0.0004541795611467392,7.540249356770005e-06,-1.3224405270717607,-0.00045417956057405514,0.18384776310850237,0.23256755992208045,0.18313147992830406,0.18313147992835846
6.340000000000452,-0.002157883956445806,6.274070224344773e-11,0.232565967072777,1.0932150792408935e-11,-0.005304389068074223,0.003242809262691449,0.0053043888917435585,42.60116123188125,4,True,balance,7.428540383257932e-06,-1.3224432792574206,-0.00044752612762617673,7.428538597890614e-06,-1.322443279263802,-0.0004475261270635337,0.18384776310850237,0.23256755992208045,0.1831316162373275,0.18313161623738106
6.350000000000455,-0.0021257208349516237,6.274126731698513e-11,0.23256599022335517,1.0767217774249705e-11,-0.005226465107162481,0.00319473933108836,0.00522646545759955,42.60116196516647,4,True,balance,7.318467790645269e-06,-1.3224459915174,-0.00044096831966296615,7.318466029733621e-06,-1.3224459915236635,-0.00044096831911081776,0.18384776310850237,0.23256755992208045,0.18313175060566886,0.1831317506057215
6.360000000000459,-0.0020940345225123375,6.274182142715671e-11,0.23256601304670285,1.0605266161153817e-11,-0.005149667132626237,0.003147375181077156,0.005149667231960026,42.60116268905514,4,True,balance,7.210009808399507e-06,-1.3224486644093791,-0.0004345048115343257,7.210008069009842e-06,-1.3224486644155506,-0.0004345048109859371,0.18384776310850237,0.23256755992208045,0.18313188305968034,0.1831318830597322
6.370000000000462,-0.002062818017451396,6.274236613023088e-11,0.23256603554719493,1.0445877173848525e-11,-0.0050739793654994685,0.003100706626991848,0.0050739797263682045,42.60116340365042,4,True,balance,7.103143181770688e-06,-1.3224512984898162,-0.0004281342945647512,7.103141465584386e-06,-1.3224512984958807,-0.0004281342940242029,0.18384776310850237,0.23256755992208045,0.18313201362539006,0.18313201362544118
6.380000000000465,-0.0020320644191644914,6.274290027893986e-11,0.23256605772915478,1.0289331337523707e-11,-0.004999386234802727,0.0030547236255060125,0.004999386463684403,42.60116410904112,4,True,balance,6.997844980028661e-06,-1.3224538943077486,-0.00042185547696544094,6.997843285171489e-06,-1.3224538943137254,-0.0004218554764356399,0.18384776310850237,0.23256755992208045,0.18313214232850758,0.18313214232855793
6.390000000000469,-0.0020017669267064424,6.274342569367167e-11,0.23256607959685446,1.0135159402108392e-11,-0.004925872375163688,0.0030094162737682693,0.004925872635632644,42.601164805337085,4,True,balance,6.894092588042116e-06,-1.322456452404756,-0.0004156670836857636,6.894090916055267e-06,-1.3224564524106788,-0.00041566708316295394,0.18384776310850237,0.23256755992208045,0.18313226919442488,0.18313226919447437
6.400000000000472,-0.0019719188373965874,6.274393630874803e-11,0.2325661011545152,9.984890733395577e-12,-0.004853422624455828,0.0029647748075597473,0.00485342271102423,42.60116549263221,4,True,balance,6.7918637148124685e-06,-1.3224589733153191,-0.00040956785618967927,6.791862059099006e-06,-1.3224589733211418,-0.0004095678556622613,0.18384776310850237,0.23256755992208045,0.18313239424822014,0.18313239424826902
6.410000000000475,-0.0019425135454425085,6.274444169084056e-11,0.232566122406308,9.836076284042466e-12,-0.004782022021455092,0.002920789599470793,0.004782022396591514,42.60116617102136,4,True,balance,6.691136371420191e-06,-1.3224614575665081,-0.0004035565522482931,6.691134738294238e-06,-1.322461457572211,-0.000403556551731993,0.18384776310850237,0.23256755992208045,0.18313251751466064,0.18313251751470877
6.420000000000479,-0.0019135445405818673,6.274493990845396e-11,0.23256614335635364,9.689275242889308e-12,-0.004711655803511586,0.0028774511570990283,0.004711656134210321,42.601166840606695,4,True,balance,6.591888875733716e-06,-1.3224639056783571,-0.00039763194583929845,6.591887265894745e-06,-1.3224639056840144,-0.00039763194533190224,0.18384776310850237,0.23256755992208045,0.18313263901820606,0.1831326390182535
6.430000000000482,-0.00188500540674214,6.274542999723166e-11,0.23256616400872365,9.544732187425585e-12,-0.004642309404238813,0.0028347501212687217,0.004642309629334079,42.6011675014852,4,True,balance,6.4940998615915174e-06,-1.32246631816388,-0.0003917928269107796,6.494098269657793e-06,-1.322466318169445,-0.0003917928264097067,0.18384776310850237,0.23256755992208045,0.1831327587830108,0.18313275878305743
6.440000000000485,-0.0018568898207180573,6.274591419289704e-11,0.23256618436744034,9.401855643084293e-12,-0.00457396845121985,0.0027926772642693,0.0045739684663360855,42.60116815374752,4,True,balance,6.397748245130967e-06,-1.3224686955291807,-0.00038603800121934234,6.3977466790682575e-06,-1.3224686955346714,-0.0003860380007261208,0.18384776310850237,0.23256755992208045,0.18313287683292706,0.18313287683297305
6.450000000000489,-0.0018291915508665468,6.274638998623381e-11,0.2325662044364774,9.261315841138757e-12,-0.004506618763734254,0.0027512234881144427,0.004506618778566667,42.601168797492804,4,True,balance,6.302813252778745e-06,-1.322471038273336,-0.0003803662901425992,6.302811704995956e-06,-1.3224710382787421,-0.00038036628965200923,0.18384776310850237,0.23256755992208045,0.1831329931915081,0.18313299319155335
6.460000000000492,-0.0018019044558189579,6.274686060687153e-11,0.2325662242197602,9.122267937625451e-12,-0.004440246350497041,0.002710379822822938,0.004440246090557533,42.601169432816405,4,True,balance,6.209274388522279e-06,-1.3224733468888838,-0.00037477653053351887,6.209272862225584e-06,-1.3224733468941878,-0.0003747765300493816,0.18384776310850237,0.23256755992208045,0.1831331078820114,0.18313310788205603
6.470000000000495,-0.0017750224832103914,6.274732556989967e-11,0.23256624372116627,8.984862295436186e-12,-0.004374837407420973,0.0026701374247165687,0.004374837636376394,42.601170059811096,4,True,balance,6.117111453507015e-06,-1.322475621861439,-0.0003692675745040647,6.117109950814079e-06,-1.322475621866696,-0.0003692675740304106,0.18384776310850237,0.23256755992208045,0.18313322092740045,0.1831332209274444
6.480000000000499,-0.0017485396684259228,6.274777891200701e-11,0.23256626294452584,8.850607974794005e-12,-0.004310378315391873,0.0026304875747406226,0.004310378038597398,42.6011706785757,4,True,balance,6.026304531242106e-06,-1.32247786367024,-0.00036383828929818004,6.026303043750228e-06,-1.3224778636754049,-0.00036383828882636756,0.18384776310850237,0.23256755992208045,0.18313333235035004,0.1831333323503933
6.490000000000502,-0.0017224501333635211,6.274822890886854e-11,0.2325662818936222,8.71735514050261e-12,-0.0042468556380659585,0.0025914216768024413,0.004246855578280325,42.60117128919441,4,True,balance,5.936833978989841e-06,-1.322480072787772,-0.0003584875570652711,5.936832515398711e-06,-1.3224800727928758,-0.0003584875566067186,0.18384776310850237,0.23256755992208045,0.18313344217324581,0.18313344217328842
6.500000000000505,-0.0016967480852134766,6.27486699234089e-11,0.23256630057219205,8.586579940510275e-12,-0.004184256119685565,0.002552931256129219,0.004184256057553578,42.601171891768246,4,True,balance,5.848680435938138e-06,-1.3224822496801598,-0.00035321427475262443,5.848678992623188e-06,-1.322482249685181,-0.00035321427429968314,0.18384776310850237,0.23256755992208045,0.1831335504181905,0.18313355041823248
6.510000000000509,-0.0016714278152541282,6.274910387554791e-11,0.232566318983926,8.457778073602645e-12,-0.004122566682907298,0.0025150079576478686,0.00412256626531715,42.601172486385664,4,True,balance,5.761824813261859e-06,-1.322484394807309,-0.0003480173538852995,5.761823391790547e-06,-1.322484394812231,-0.0003480173534413666,0.18384776310850237,0.23256755992208045,0.18313365710700502,0.18313365710704635
6.520000000000512,-0.0016464836976637122,6.27495286297731e-11,0.23256633713246908,8.33150301347671e-12,-0.004061774426657085,0.0024776435443800778,0.004061774262563648,42.60117307313928,4,True,balance,5.676248295642506e-06,-1.322486508622584,-0.00034289572042711983,5.676246888730701e-06,-1.322486508627444,-0.00034289571998207436,0.18384776310850237,0.23256755992208045,0.18313376226123126,0.18313376226127195
6.530000000000515,-0.0016219101883481297,6.27499458567313e-11,0.23256635502142112,8.207291952537744e-12,-0.00400186662400028,0.002440829895859467,0.004001866228756264,42.6011736521163,4,True,balance,5.591932317379209e-06,-1.3224885915732414,-0.0003378483145577379,5.591930928970805e-06,-1.322488591578044,-0.0003378483141215432,0.18384776310850237,0.23256755992208045,0.18313386590213632,0.18313386590217645
6.540000000000519,-0.00159770182378446,6.275035886651265e-11,0.2325663726543371,8.084320399520391e-12,-0.003942830720026391,0.002404559006566409,0.003942830137905178,42.601174223409465,4,True,balance,5.5088585879027945e-06,-1.3224906441004751,-0.0003328740906220599,5.508857220629828e-06,-1.3224906441052031,-0.0003328740901937862,0.18384776310850237,0.23256755992208045,0.183133968050714,0.1831339680507536
6.550000000000522,-0.0015738532198800001,6.275076591820808e-11,0.2325663900347276,7.963072390208694e-12,-0.003884654329759797,0.0023688229843823855,0.0038846541415384892,42.601174787107574,4,True,balance,5.427009077219559e-06,-1.3224926666393553,-0.00032797201684163523,5.427007729941232e-06,-1.322492666644019,-0.0003279720164210897,0.18384776310850237,0.23256755992208045,0.18313406872768834,0.18313406872772736
6.560000000000525,-0.0015503590708466802,6.275116247061547e-11,0.23256640716605936,7.844678300561093e-12,-0.0038273252360820935,0.0023336140490619103,0.0038273244189848087,42.60117534330173,4,True,balance,5.346365999899283e-06,-1.3224946596190161,-0.00032314107522288986,5.346364664515277e-06,-1.3224946596236111,-0.0003231410748013206,0.18384776310850237,0.23256755992208045,0.18313416795351714,0.18313416795355553
6.570000000000529,-0.0015272141480906479,6.275155577634078e-11,0.2325664240517556,7.727229789523908e-12,-0.0037708313876782954,0.0022989245307232595,0.0037708303724303936,42.60117589207798,4,True,balance,5.266911826447618e-06,-1.3224966234626472,-0.00031838026136084686,5.266910511586204e-06,-1.3224966234671336,-0.00031838026094930497,0.18384776310850237,0.23256755992208045,0.18313426574839298,0.18313426574843084
6.580000000000532,-0.0015044132991168413,6.275194427622814e-11,0.2325664406951965,7.611214062767844e-12,-0.0037151608970025347,0.002264746868357791,0.0037151605831326766,42.601176433521246,4,True,balance,5.188629276429315e-06,-1.3224985585875475,-0.00031368858430652147,5.188627983055541e-06,-1.3224985585919706,-0.00031368858389940074,0.18384776310850237,0.23256755992208045,0.18313436213224743,0.18313436213228473
6.590000000000535,-0.0014819514464483755,6.275232466682603e-11,0.23256645709971954,7.497459264380771e-12,-0.0036603020382577414,0.0022310736083575016,0.0036603011807901744,42.601176967721386,4,True,balance,5.1115013143801895e-06,-1.3225004654054549,-0.0003090650664010165,5.111500038923236e-06,-1.3225004654098318,-0.0003090650659979294,0.18384776310850237,0.23256755992208045,0.18313445712475476,0.18313445712479148
6.600000000000539,-0.001459823586560553,6.275269771578515e-11,0.2325664732686201,7.385723081423426e-12,-0.0036062432453949542,0.0021978974030597313,0.0036062424570646083,42.60117749476448,4,True,balance,5.035511147702683e-06,-1.3225023443222554,-0.0003045087430794571,5.035509885961456e-06,-1.3225023443265653,-0.0003045087426842175,0.18384776310850237,0.23256755992208045,0.18313455074533208,0.18313455074536825
6.610000000000542,-0.0014380247888293306,6.275306506239524e-11,0.23256648920515172,7.275620999916582e-12,-0.0035529731101389514,0.0021652110093098326,0.003552972848992687,42.60117801473215,4,True,balance,4.96064221335045e-06,-1.3225041957382477,-0.00030001866277698844,4.960640968296558e-06,-1.3225041957425012,-0.000300018662385251,0.18384776310850237,0.23256755992208045,0.18313464301314436,0.18313464301318
6.6200000000005454,-0.0014165501944940532,6.275343164004571e-11,0.23256650491252664,7.165878947160306e-12,-0.0035004803800239882,0.002133007287042914,0.0035004796549540293,42.60117852771417,4,True,balance,4.886878193347522e-06,-1.3225060200483172,-0.00029559388671385927,4.886876970839506e-06,-1.3225060200524832,-0.00029559388633186774,0.18384776310850237,0.23256755992208045,0.18313473394710728,0.18313473394714228
6.630000000000549,-0.0013953950156342925,6.275379324434813e-11,0.2325665203939162,7.057639734850616e-12,-0.003448753956449372,0.002101279197880439,0.00344875288570802,42.60117903378751,4,True,balance,4.814202995501542e-06,-1.3225078176417213,-0.00029123348879411435,4.8142017932884355e-06,-1.3225078176458245,-0.0002912334884163936,0.18384776310850237,0.23256755992208045,0.18313482356588764,0.18313482356592223
6.640000000000552,-0.0013745545341606034,6.275414522442916e-11,0.23256653565245108,6.952053578183363e-12,-0.003397782892762201,0.0020700198037463713,0.003397781742343807,42.60117953304307,4,True,balance,4.742600763197959e-06,-1.322509588902391,-0.0002869365553932995,4.742599574869498e-06,-1.3225095889064615,-0.00028693655502048357,0.18384776310850237,0.23256755992208045,0.18313491188790895,0.183134911887943
6.6500000000005555,-0.001354024100819041,6.275448969452443e-11,0.23256655069122212,6.848517023314611e-12,-0.0033475563923498664,0.002039222265499459,0.003347555884760407,42.6011800255556,4,True,balance,4.6720558564021624e-06,-1.3225113342089492,-0.00028270218527135297,4.672054683131846e-06,-1.3225113342129682,-0.00028270218489917964,0.18384776310850237,0.23256755992208045,0.18313499893135224,0.18313499893138585
6.660000000000559,-0.0013337991342092497,6.275483335787899e-11,0.2325665655132803,6.745328680800171e-12,-0.0032980638067553443,0.002008879841583017,0.003298062727939354,42.60118051141408,4,True,balance,4.602552859626609e-06,-1.322513053934852,-0.0002785294893707256,4.6025517072034675e-06,-1.3225130539387704,-0.00027852948901294886,0.18384776310850237,0.23256755992208045,0.18313508471416062,0.18313508471419374
6.670000000000562,-0.0013138751198159735,6.275516912381191e-11,0.2325665801216375,6.6443815254972584e-12,-0.00324929463380828,0.0019789858866900195,0.0032492933540637014,42.60118099069145,4,True,balance,4.534076585258818e-06,-1.3225147484480833,-0.0002744175906917156,4.534075445503048e-06,-1.3225147484520088,-0.00027441759033707794,0.18384776310850237,0.23256755992208045,0.18313516925403933,0.18313516925407194
6.6800000000005655,-0.0012942476090538116,6.275549590244322e-11,0.23256659451926673,6.545829415731485e-12,-0.0032012385157819435,0.0019495338504472678,0.0032012374653399974,42.60118146347655,4,True,balance,4.466612051182034e-06,-1.3225164181118523,-0.00027036562414626056,4.4666109259718385e-06,-1.322516418115645,-0.0002703656237882468,0.18384776310850237,0.23256755992208045,0.18313525256846092,0.18313525256849295
6.690000000000569,-0.0012749122183250514,6.275581890883797e-11,0.23256660870910253,6.448389842672518e-12,-0.0031538852375617445,0.0019205172761140945,0.0031538849185934943,42.60118192984247,4,True,balance,4.400144494828121e-06,-1.3225180632840154,-0.0002663727364010589,4.40014338618917e-06,-1.3225180632878302,-0.0002663727360535898,0.18384776310850237,0.23256755992208045,0.1831353346746662,0.18313533467469778
6.700000000000572,-0.0012558646280904175,6.275613307822828e-11,0.23256662269404157,6.353360619680383e-12,-0.003107224724835553,0.001891929799297719,0.0031072244700978183,42.60118238987128,4,True,balance,4.334659362796006e-06,-1.3225196843176563,-0.0002624380857224137,4.334658264243686e-06,-1.3225196843214055,-0.00026243808537753277,0.18384776310850237,0.23256755992208045,0.18313541558966884,0.18313541558969998
6.7100000000005755,-0.0012371005819525817,6.275644118822926e-11,0.23256663647694287,6.2599946193448324e-12,-0.0030612470422983957,0.0018637651466859482,0.0030612465734467654,42.60118284364043,4,True,balance,4.270142306982824e-06,-1.3225212815608804,-0.0002585608418843472,4.2701412194166705e-06,-1.322521281564525,-0.0002585608415415317,0.18384776310850237,0.23256755992208045,0.18313549533025575,0.1831354953302864
6.720000000000579,-0.0012186158857522584,6.275674854325522e-11,0.23256665006062838,6.166959136713801e-12,-0.0030159423918845276,0.0018360171347942388,0.0030159415990989123,42.601183291225524,4,True,balance,4.2065791832235016e-06,-1.322522855356753,-0.00025474018594901806,4.206578115724073e-06,-1.3225228553603863,-0.0002547401856164051,0.18384776310850237,0.23256755992208045,0.18313557391299087,0.18313557391302113
6.730000000000582,-0.0012004064066767411,6.275705144362475e-11,0.2325666634478832,6.075239837370977e-12,-0.0029713011110121673,0.001808679668729413,0.002971300095231956,42.60118373270366,4,True,balance,4.143956062054404e-06,-1.3225244060438366,-0.0002509753101884635,4.143955009565714e-06,-1.322524406047378,-0.00025097530985786665,0.18384776310850237,0.23256755992208045,0.1831356513542178,0.18313565135424748
6.7400000000005855,-0.001182468072380715,6.275735243372651e-11,0.23256667664145608,5.9841871765993975e-12,-0.0029273136708480646,0.001781746740969286,0.0029273136946070502,42.60118416814903,4,True,balance,4.082259198804263e-06,-1.322525933955707,-0.00024726541791221155,4.082258163465592e-06,-1.3225259339592217,-0.0002472654175910739,0.18384776310850237,0.23256755992208045,0.18313572767006156,0.1831357276700909
6.750000000000589,-0.0011647968701191897,6.275764642130531e-11,0.2325666896440598,5.8951172803006445e-12,-0.0028839706745881397,0.0017552124301571067,0.0028839704153695435,42.60118459764107,4,True,balance,4.021475051114222e-06,-1.322527439421444,-0.00024360972336745772,4.021474027983274e-06,-1.3225274394249233,-0.0002436097230494119,0.18384776310850237,0.23256755992208045,0.1831358028764334,0.1831358028764622
6.760000000000592,-0.0011473888458923957,6.275793578221562e-11,0.23256670245837158,5.807357562055945e-12,-0.0028412628557545764,0.0017290708999124224,0.0028412617202731414,42.60118502125383,4,True,balance,3.961590268829139e-06,-1.3225289227655148,-0.00024000745154696506,3.961589260785664e-06,-1.3225289227689154,-0.00024000745123098637,0.18384776310850237,0.23256755992208045,0.18313587698903017,0.18313587698905864
6.7700000000005955,-0.0011302401036025016,6.275822166322042e-11,0.23256671508703358,5.720642639417071e-12,-0.0027991810765219984,0.0017033163976553174,0.002799179938414099,42.60118543905443,4,True,balance,3.902591695848238e-06,-1.3225303843076246,-0.00023645783806987015,3.902590704172245e-06,-1.3225303843109855,-0.00023645783775778592,0.18384776310850237,0.23256755992208045,0.18313595002333846,0.18313595002336647
6.780000000000599,-0.0011133468042219992,6.275850329199401e-11,0.23256672753265314,5.6351836318618294e-12,-0.0027577163260527676,0.001677943253447472,0.0027577155744764473,42.601185851124086,4,True,balance,3.8444663643210125e-06,-1.3225318243631994,-0.00023296012910218082,3.844465385204106e-06,-1.3225318243664992,-0.00023296012879386375,0.18384776310850237,0.23256755992208045,0.18313602199463752,0.1831360219946652
6.790000000000602,-0.0010967051649735866,6.27587828101258e-11,0.2325667397978032,5.550425828153844e-12,-0.0027168597188502947,0.001652945878847906,0.0027168596038395373,42.60118625753035,4,True,balance,3.7872014885539784e-06,-1.3225332432432026,-0.00022951358115185514,3.7872005223070527e-06,-1.3225332432464552,-0.00022951358084979012,0.18384776310850237,0.23256755992208045,0.18313609291800112,0.1831360929180284
6.800000000000606,-0.0010803114585214316,6.27590606852005e-11,0.23256675188502277,5.466278038350815e-12,-0.0026766024931319863,0.0016283187657819952,0.0026766033935429223,42.60118665834283,4,True,balance,3.7307844661936894e-06,-1.3225346412541712,-0.00022611746096995965,3.7307835195987413e-06,-1.3225346412574166,-0.0002261174606781656,0.18384776310850237,0.23256755992208045,0.18313616280829997,0.18313616280832673
6.810000000000609,-0.0010641620121736508,6.275932869125595e-11,0.23256676379681723,5.384814235978293e-12,-0.0026369360092195226,0.0016040564854265804,0.002636935849892309,42.601187053639805,4,True,balance,3.6752028841452203e-06,-1.3225360186984205,-0.00022277104542670534,3.675201944796971e-06,-1.322536018701573,-0.0002227710451277959,0.18384776310850237,0.23256755992208045,0.1831362316802051,0.18313623168023155
6.820000000000612,-0.0010482532070958677,6.27595942214549e-11,0.23256677553565885,5.30410962656218e-12,-0.0025978517479486613,0.001580153687108313,0.0025978512499334754,42.601187443483745,4,True,balance,3.6204444994924987e-06,-1.3225373758738734,-0.00021947362136581457,3.620443573443534e-06,-1.3225373758769658,-0.00021947362107252563,0.18384776310850237,0.23256755992208045,0.18313629954818775,0.1831362995482138
6.830000000000616,-0.0010325814775356949,6.275985782997286e-11,0.232566787103987,5.224059994529122e-12,-0.002559341309098632,0.0015566050972174862,0.0025593404144637626,42.60118782794496,4,True,balance,3.5664972450929514e-06,-1.32253871307428,-0.00021622448548124992,3.566496333382005e-06,-1.3225387130773567,-0.0002162244851948525,0.18384776310850237,0.23256755992208045,0.18313636642652473,0.1831363664265504
6.840000000000619,-0.001017143310058017,6.27601172365163e-11,0.2325667985042086,5.145270488222685e-12,-0.0025213964098335226,0.0015334055181349896,0.0025213955203575843,42.60118820709677,4,True,balance,3.5133492332555787e-06,-1.3225400305893924,-0.00021302294420642701,3.513348333856317e-06,-1.3225400305924302,-0.0002130229439250436,0.18384776310850237,0.23256755992208045,0.183136432329299,0.18313643232932417
6.850000000000622,-0.001001935242790917,6.276037370587312e-11,0.23256680973869853,5.067371613642096e-12,-0.002484008883164017,0.0015105498271736038,0.002484009196583878,42.60118858099801,4,True,balance,3.4609887422258728e-06,-1.3225413287047383,-0.0002098683135807758,3.4609878557784225e-06,-1.3225413287077203,-0.00020986831330613146,0.18384776310850237,0.23256755992208045,0.18313649727040246,0.18313649727042733
6.860000000000626,-0.0009869538646821165,6.276062606658055e-11,0.23256682080979993,4.990688868317566e-12,-0.002447170676425523,0.001488032975532734,0.0024471718954053247,42.60118894972784,4,True,balance,3.4094042204979474e-06,-1.3225426077018676,-0.00020675991911008236,3.4094033451039247e-06,-1.3225426077048295,-0.00020675991884081088,0.18384776310850237,0.23256755992208045,0.1831365612635393,0.18313656126356376
6.870000000000629,-0.0009721958147657896,6.276086967288437e-11,0.23256683171982476,4.91638058823765e-12,-0.0024108738497747592,0.0014658499872674683,0.0024108758272268203,42.60118931334317,4,True,balance,3.3585842848521995e-06,-1.3225438678583281,-0.0002036970956638052,3.3585834166333997e-06,-1.3225438678612285,-0.00020369709539472714,0.18384776310850237,0.23256755992208045,0.18313662432222655,0.18313662432225059
6.880000000000632,-0.0009576577814396238,6.276110810101715e-11,0.23256684247105378,4.843482474926227e-12,-0.0023751105746994934,0.001443995958270032,0.0023751114320076645,42.60118967191819,4,True,balance,3.3085177096319403e-06,-1.322545109447809,-0.0002006791873688515,3.3085168503200375e-06,-1.3225451094506506,-0.0002006791871021782,0.18384776310850237,0.23256755992208045,0.18313668645979767,0.18313668645982137
6.890000000000636,-0.0009433365017519743,6.276134602159953e-11,0.23256685306573743,4.7708293370532984e-12,-0.002339873132553313,0.0014224660552661125,0.0023398731828135253,42.6011900255082,4,True,balance,3.259193434670444e-06,-1.3225463327399616,-0.00019770554742194713,3.2591925924677937e-06,-1.3225463327427553,-0.00019770554716271407,0.18384776310850237,0.23256755992208045,0.18313674768940355,0.18313674768942687
6.900000000000639,-0.000929228760699005,6.276158235972672e-11,0.23256686350609584,4.6987587389281105e-12,-0.002305153913103657,0.001401255514822194,0.0023051537451843143,42.6011903741834,4,True,balance,3.2106005696938395e-06,-1.322547538000758,-0.00019477553807027584,3.2105997405885546e-06,-1.3225475380035332,-0.0001947755378127324,0.18384776310850237,0.23256755992208045,0.1831368080240158,0.18313680802403878
6.910000000000642,-0.0009153313905316639,6.276181594704699e-11,0.23256687379431917,4.627560866298343e-12,-0.002270945413093917,0.0013803596423679796,0.0022709448166848205,42.60119071800496,4,True,balance,3.1627283631065355e-06,-1.3225487254923736,-0.00019188853041835212,3.162727547431466e-06,-1.3225487254950938,-0.00019188853016443804,0.18384776310850237,0.23256755992208045,0.18313686747642915,0.18313686747645178
6.920000000000646,-0.0009016412700723729,6.276204892924491e-11,0.23256688393256822,4.556679080565432e-12,-0.0022372402348225253,0.0013597738112310221,0.002237240166133934,42.6011910570369,4,True,balance,3.1155662297070206e-06,-1.322549895473271,-0.00018904390433730997,3.115565429133424e-06,-1.3225498954759434,-0.00018904390409368063,0.18384776310850237,0.23256755992208045,0.18313692605926285,0.18313692605928514
6.930000000000649,-0.0008881553240413028,6.276227353000679e-11,0.23256689392297447,4.4881269017559784e-12,-0.0022040310847408133,0.001339493461683599,0.002204031013203176,42.60119139134531,4,True,balance,3.0691037381465847e-06,-1.3225510481982041,-0.00018624104838215686,3.0691029438538932e-06,-1.32255104820088,-0.0001862410481311054,0.18384776310850237,0.23256755992208045,0.1831369837849636,0.18313698378498558
6.940000000000652,-0.0008748705223921023,6.276249444047078e-11,0.23256690376764078,4.4206210693942285e-12,-0.002171310772065271,0.0013195141000027144,0.002171311389941277,42.60119172098567,4,True,balance,3.023330604615942e-06,-1.3225521839184142,-0.00018347935959609862,3.0233298197150163e-06,-1.3225521839210264,-0.00018347935935034512,0.18384776310850237,0.23256755992208045,0.18313704066580677,0.18313704066582837
6.950000000000656,-0.0008617838796569704,6.2762715438117e-11,0.2325669134686415,4.353213698451448e-12,-0.00213907220741031,0.0012998312975421315,0.002139074283645107,42.60119204601776,4,True,balance,2.9782366851418794e-06,-1.322553302881404,-0.00018075824349107772,2.9782359187966673e-06,-1.322553302883965,-0.00018075824325625525,0.18384776310850237,0.23256755992208045,0.18313709671389936,0.1831370967139207
6.960000000000659,-0.0008488924543009305,6.27629282058272e-11,0.23256692302802273,4.288053742545471e-12,-0.00210730840143024,0.0012804406898168862,0.0021073091505725114,42.60119236651149,4,True,balance,2.9338120019542677e-06,-1.3225544053313267,-0.0001780771138982462,2.933811241160794e-06,-1.3225544053338478,-0.00017807711366109118,0.18384776310850237,0.23256755992208045,0.18313715194118282,0.18313715194120395
6.970000000000662,-0.0008361933480851911,6.276313440301929e-11,0.23256693244780297,4.2246742313074966e-12,-0.0020760124634802636,0.0012613379756008453,0.002076011672880495,42.60119268251859,4,True,balance,2.8900467091574967e-06,-1.3225554915087738,-0.00017543539283135213,2.890045955502356e-06,-1.32255549151126,-0.0001754353925922192,0.18384776310850237,0.23256755992208045,0.1831372063594326,0.18313720635945335
6.980000000000666,-0.0008236837054394786,6.276333958803925e-11,0.23256694172997325,4.1616508795366525e-12,-0.0020451776003001998,0.0012425189160338848,0.0020451762328037378,42.60119299409784,4,True,balance,2.846931098779537e-06,-1.32255656165082,-0.00017283251041080904,2.8469303555480243e-06,-1.3225565616532748,-0.00017283251017845259,0.18384776310850237,0.23256755992208045,0.18313725998026223,0.18313725998028255
6.990000000000669,-0.0008113607128432156,6.276354548625458e-11,0.2325669508764975,4.098585500520506e-12,-0.002014797114705872,0.0012239793337438887,0.0020147954628455035,42.60119330130922,4,True,balance,2.8044556115023024e-06,-1.3225576159913135,-0.0001702679047638246,2.8044548838759963e-06,-1.3225576159937282,-0.00017026790453939064,0.18384776310850237,0.23256755992208045,0.18313731281512535,0.18313731281514545
7.000000000000672,-0.0007992215982154269,6.27637445210911e-11,0.23256695988931286,4.0374465952837675e-12,-0.001984864404296183,0.0012057151119786724,0.0019848628811789935,42.60119360420881,4,True,balance,2.762610830965944e-06,-1.3225586547607278,-0.00016774102190878133,2.7626101092458697e-06,-1.3225586547631438,-0.00016774102168639672,0.18384776310850237,0.23256755992208045,0.1831373648753171,0.183137364875337
7.010000000000676,-0.0007872636303132573,6.276393849732958e-11,0.23256696877033003,3.977695777389233e-12,-0.001955372960178076,0.001187722193749704,0.0019553716706896705,42.60119390285824,4,True,balance,2.721387467277184e-06,-1.3225596781863513,-0.00016525131565354664,2.721386754650856e-06,-1.3225596781886508,-0.0001652513154302333,0.18384776310850237,0.23256755992208045,0.18313741617197682,0.18313741617199628
7.020000000000679,-0.0007754841181389867,6.27641335515131e-11,0.2325669775214336,3.917791930861109e-12,-0.0019263163657063389,0.0011699965809878487,0.0019263158038783073,42.60119419730847,4,True,balance,2.680776364372638e-06,-1.322560686491973,-0.00016279824745249341,2.6807756680699082e-06,-1.322560686494292,-0.0001627982472331773,0.18384776310850237,0.23256755992208045,0.18313746671608905,0.18313746671610825
7.030000000000682,-0.0007638804103554344,6.276432330448237e-11,0.23256698614448246,3.859384913358105e-12,-0.0018976882952393948,0.0011525343337094453,0.0018976885816953538,42.601194487618976,4,True,balance,2.640768512568274e-06,-1.3225616798983642,-0.0001603812863651275,2.640767821899601e-06,-1.322561679900657,-0.00016038128615227074,0.18384776310850237,0.23256755992208045,0.18313751651848642,0.18313751651850527
7.040000000000686,-0.0007524498947096286,6.276451403728336e-11,0.23256699464131003,3.800834146964797e-12,-0.001869482512909618,0.001135331569195043,0.001869484156460254,42.601194773840845,4,True,balance,2.6013550155596636e-06,-1.3225626586231218,-0.00015799990892553524,2.6013543393161786e-06,-1.3225626586253274,-0.0001579999087181975,0.18384776310850237,0.23256755992208045,0.18313756558985095,0.18313756558986963
7.050000000000689,-0.000741189997464639,6.276470266489225e-11,0.23256700301372443,3.743014354390577e-12,-0.001841692871408477,0.001118384461177945,0.0018416962262873704,42.60119505602899,4,True,balance,2.5625271210148316e-06,-1.3225636228807154,-0.00015565359906243026,2.562526455510559e-06,-1.3225636228829214,-0.00015565359885448787,0.18384776310850237,0.23256755992208045,0.18313761394071673,0.1831376139407351
7.060000000000692,-0.0007300981828394552,6.276488299123548e-11,0.23256701126350915,3.687430547248055e-12,-0.0018143133107827287,0.0011016892390444193,0.0018143143984615839,42.6011953342419,4,True,balance,2.524276197506133e-06,-1.3225645728826216,-0.00015334184796681003,2.524275534644278e-06,-1.3225645728847804,-0.0001533418477583689,0.18384776310850237,0.23256755992208045,0.1831376615814717,0.1831376615814898
7.070000000000696,-0.0007191719524568099,6.276506499804068e-11,0.23256701939242302,3.6315038699499867e-12,-0.0017873378572569073,0.001085242187043333,0.0017873375575788411,42.60119560852878,4,True,balance,2.486593732087998e-06,-1.3225655088370734,-0.0001510641539890018,2.4865930849645706e-06,-1.3225655088392192,-0.00015106415379463807,0.18384776310850237,0.23256755992208045,0.18313770852235786,0.1831377085223757
7.080000000000699,-0.0007084088447988422,6.27652427168821e-11,0.23256702740220084,3.5768009086514998e-12,-0.0017607606220573374,0.0010690396435089945,0.0017607588581065594,42.601195878938704,4,True,balance,2.449471351812949e-06,-1.3225664309495329,-0.0001488200226215402,2.4494707108720084e-06,-1.3225664309516434,-0.00014882002242006605,0.18384776310850237,0.23256755992208045,0.18313775477347524,0.1831377547734928
7.090000000000702,-0.0006978064346704802,6.27654181354856e-11,0.23256703529455328,3.52279862709492e-12,-0.0017345758002581884,0.001053078000091773,0.0017345722284345768,42.60119614552931,4,True,balance,2.412900788536381e-06,-1.322567339422471,-0.0001466089663057977,2.412900159307548e-06,-1.3225673394245523,-0.00014660896610814152,0.18384776310850237,0.23256755992208045,0.18313780034478325,0.18313780034480065
7.100000000000706,-0.0006873623326704513,6.276559208813703e-11,0.23256704307116752,3.4692992729639775e-12,-0.0017087776696414975,0.0010373537010011527,0.0017087773507884008,42.6011964083476,4,True,balance,2.376873904794176e-06,-1.32256823445536,-0.00014443050439295554,2.3768732881005493e-06,-1.3225682344574035,-0.00014443050420471907,0.18384776310850237,0.23256755992208045,0.18313784524610108,0.18313784524611815
7.110000000000709,-0.0006770741846698135,6.27657580465096e-11,0.23256705073370734,3.417984367218241e-12,-0.001683360589562238,0.001021863242258084,0.0016833595411522059,42.60119666744939,4,True,balance,2.3413826812393125e-06,-1.3225691162450053,-0.00014228416306712752,2.3413820648339415e-06,-1.3225691162470592,-0.00014228416287652141,0.18384776310850237,0.23256755992208045,0.18313788948711343,0.18313788948713014
7.120000000000712,-0.0006669396712979028,6.276591873263024e-11,0.23256705828381363,3.3680411667870474e-12,-0.0016583189998367592,0.0010066031709575862,0.0016583170171765936,42.601196922880554,4,True,balance,2.306419207370971e-06,-1.322569984985238,-0.00014016947518558895,2.306418596014574e-06,-1.3225699849872086,-0.00014016947499531879,0.18384776310850237,0.23256755992208045,0.183137933077367,0.18313793307738344
7.130000000000716,-0.0006569565074356024,6.27660820386191e-11,0.2325670657231046,3.3175032286256366e-12,-0.001633647419646932,0.000991570084541552,0.0016336451736807124,42.60119717468864,4,True,balance,2.271975693917469e-06,-1.3225708408670873,-0.00013808598024128113,2.2719750971592102e-06,-1.3225708408690349,-0.00013808598006055726,0.18384776310850237,0.23256755992208045,0.18313797602627543,0.18313797602629167
7.140000000000719,-0.0006471224417158286,6.276624212825542e-11,0.23256707305317592,3.2679338223960318e-12,-0.0016093404464529268,0.0009767606300808054,0.001609338638345607,42.60119742292786,4,True,balance,2.2380444691345714e-06,-1.322571684078882,-0.00013603322427138502,2.238043879064627e-06,-1.322571684080807,-0.00013603322408992373,0.18384776310850237,0.23256755992208045,0.18313801834312082,0.18313801834313675
7.1500000000007224,-0.0006374352560311395,6.27663969772781e-11,0.2325670802756012,3.2198210264729777e-12,-0.0015853927549194355,0.0009621715035681112,0.0015853914543696754,42.60119766764308,4,True,balance,2.2046179653200555e-06,-1.3225725148062335,-0.00013401075975890536,2.20461737874749e-06,-1.3225725148081449,-0.0001340107595763152,0.18384776310850237,0.23256755992208045,0.18313806003705513,0.18313806003707078
7.160000000000726,-0.0006278927650483575,6.276655419912198e-11,0.23256708739193208,3.17118550259361e-12,-0.0015617990958548178,0.0009477994492208689,0.0015617982156065767,42.60119790888017,4,True,balance,2.171688720577871e-06,-1.322573333232184,-0.00013201814552271055,2.1716881491013907e-06,-1.322573333234049,-0.00013201814534832628,0.18384776310850237,0.23256755992208045,0.18313810111710152,0.18313810111711698
7.170000000000729,-0.0006184928157301268,6.276670701520053e-11,0.23256709440369874,3.1238175374115685e-12,-0.0015385542951666905,0.0009336412587913239,0.0015385541219607656,42.601198146691786,4,True,balance,2.139249404059707e-06,-1.3225741395370265,-0.0001300549466981913,2.139248837298456e-06,-1.3225741395388353,-0.0001300549465194339,0.18384776310850237,0.23256755992208045,0.1831381415921566,0.1831381415921719
7.1800000000007325,-0.0006092332868633019,6.276685890286247e-11,0.23256710131241004,3.076799461299687e-12,-0.0015156532528309947,0.0009196937708881127,0.0015156535948991038,42.60119838112088,4,True,balance,2.107292765134635e-06,-1.3225749338984536,-0.00012812073455569395,2.107292207547618e-06,-1.3225749339002633,-0.00012812073438571545,0.18384776310850237,0.23256755992208045,0.18313818147099198,0.18313818147100708
7.190000000000736,-0.0006001120885940738,6.276700788547026e-11,0.2325671081195538,3.030649542811413e-12,-0.0014930909418709145,0.0009059538703068339,0.001493093158992605,42.60119861221142,4,True,balance,2.075811676674848e-06,-1.3225757164916356,-0.00012621508651449543,2.0758111266814478e-06,-1.3225757164933958,-0.0001262150863444516,0.18384776310850237,0.23256755992208045,0.18313822076225525,0.18313822076227004
7.200000000000739,-0.0005911271619697412,6.276715858502691e-11,0.2325671148265971,2.984196622515631e-12,-0.00147086240734966,0.0008924184873694283,0.0014708664101753695,42.60119884001104,4,True,balance,2.0447991024914204e-06,-1.3225764874892134,-0.00012433758597039615,2.0447985671064855e-06,-1.3225764874909862,-0.00012433758580875326,0.18384776310850237,0.23256755992208045,0.18313825947447304,0.1831382594744877
7.2100000000007425,-0.0005822764784870393,6.276729992908001e-11,0.2325671214349865,2.9402593220766325e-12,-0.0014489627653753424,0.0008790845972727637,0.00144896405410918,42.60119906456746,4,True,balance,2.0142481286790784e-06,-1.3225772470614665,-0.00012248782231922525,2.014247593134271e-06,-1.3225772470632045,-0.00012248782214878602,0.18384776310850237,0.23256755992208045,0.18313829761605185,0.18313829761606631
7.220000000000746,-0.0005735580396469263,6.276744099060545e-11,0.2325671279461485,2.8964431375440513e-12,-0.0014273872021251619,0.0008659492194461385,0.0014273905547811682,42.60119928591857,4,True,balance,1.984151926274951e-06,-1.3225779953759247,-0.00012066539073132377,1.9841513990877975e-06,-1.3225779953776216,-0.0001206653905655691,0.18384776310850237,0.23256755992208045,0.1831383351952778,0.18313833519529202
7.230000000000749,-0.000564969876515765,6.27675839517657e-11,0.2325671343614895,2.8522574271225603e-12,-0.0014061309728748274,0.0008530094169167386,0.0014061312410406802,42.60119950411319,4,True,balance,1.9545037558482745e-06,-1.3225787325979064,-0.00011886989221586844,1.9545032416030594e-06,-1.322578732599591,-0.00011886989205881091,0.18384776310850237,0.23256755992208045,0.18313837222032275,0.18313837222033674
7.2400000000007525,-0.0005565100492927691,6.276772535799226e-11,0.23256714068239623,2.8085839986210023e-12,-0.0013851894010390988,0.0008402622956861475,0.0013851918960509917,42.601199719190745,4,True,balance,1.925297008691002e-06,-1.322579458890308,-0.00011710093344996878,1.9252965057257585e-06,-1.3225794588919615,-0.00011710093329749136,0.18384776310850237,0.23256755992208045,0.18313840869924017,0.18313840869925396
7.250000000000756,-0.0005481766468836695,6.276785706049177e-11,0.232567146910236,2.7675254598762035e-12,-0.0013645578772312455,0.0008277050041137891,0.001364557869496339,42.601199931197804,4,True,balance,1.8965251502426836e-06,-1.322580174413755,-0.00011535812679131257,1.8965246454457957e-06,-1.3225801744153916,-0.00011535812662984863,0.18384776310850237,0.23256755992208045,0.1831384446399726,0.18313844463998613
7.260000000000759,-0.0005399677864804755,6.276798491665472e-11,0.23256715304635692,2.727485078195556e-12,-0.0013442318583272257,0.0008153347323088856,0.0013442293935881382,42.60120014017243,4,True,balance,1.8681817418823073e-06,-1.322580879326433,-0.00011364109004052382,1.8681812408095726e-06,-1.3225808793280316,-0.00011364108988025868,0.18384776310850237,0.23256755992208045,0.1831384800503477,0.183138480050361
7.2700000000007625,-0.0005318816131472945,6.276811102613048e-11,0.23256715909208822,2.687938111831436e-12,-0.0013242068665522628,0.0008031487115303689,0.0013242026501323815,42.601200346158976,4,True,balance,1.840260445497018e-06,-1.3225815737842719,-0.00011194944653569908,1.840259950382279e-06,-1.3225815737858218,-0.00011194944637845751,0.18384776310850237,0.23256755992208045,0.1831385149380834,0.18313851493809652
7.280000000000766,-0.000523916299412083,6.276824231789541e-11,0.23256716504874048,2.6471598775133424e-12,-0.0013044784885720335,0.0007911442135961391,0.0013044775662410938,42.60120054919397,4,True,balance,1.8127550075780369e-06,-1.322582257940816,-0.00011028282497371475,1.8127545275981505e-06,-1.3225822579423658,-0.00011028282482425531,0.18384776310850237,0.23256755992208045,0.1831385493107874,0.1831385493108003
7.290000000000769,-0.0005160700448642676,6.276837280512507e-11,0.23256717091760573,2.6067653099383864e-12,-0.001285042374591177,0.0007793185503013435,0.0012850396710873972,42.601200749326715,4,True,balance,1.7856592740778777e-06,-1.3225829319477227,-0.0001086408594084097,1.7856588037009258e-06,-1.3225829319492872,-0.00010864085926413069,0.18384776310850237,0.23256755992208045,0.18313858317596177,0.18313858317597448
7.3000000000007725,-0.0005083410757581446,6.276850025740146e-11,0.2325671766999579,2.5672540293513714e-12,-0.0012658942374698333,0.0007676690728423683,0.0012658901018285614,42.60120094659285,4,True,balance,1.758967188378917e-06,-1.3225835959542285,-0.00010702318911328579,1.758966723992792e-06,-1.3225835959557564,-0.00010702318896926661,0.18384776310850237,0.23256755992208045,0.18313861654099955,0.18313861654101216
7.310000000000776,-0.0005007276446219919,6.27686255917425e-11,0.2325671823970531,2.52838905702853e-12,-0.0012470298518557578,0.0007561931712501205,0.0012470246052012318,42.60120114102353,4,True,balance,1.732672764063203e-06,-1.322584250107306,-0.000105429458504587,1.7326723076769993e-06,-1.3225842501087963,-0.00010542945836506725,0.18384776310850237,0.23256755992208045,0.1831386494131893,0.1831386494132019
7.320000000000779,-0.0004932280298728089,6.27687458972732e-11,0.23256718801012946,2.4909021147152255e-12,-0.0012284450533231767,0.0007448882738306226,0.0012284444013874296,42.601201332670215,4,True,balance,1.7067701192252521e-06,-1.3225848945520182,-0.00010385931714934465,1.7067696624917716e-06,-1.3225848945534804,-0.00010385931700522784,0.18384776310850237,0.23256755992208045,0.183138681799717,0.1831386817997292
7.330000000000783,-0.0004858405354365935,6.276886665536912e-11,0.2325671935404078,2.4533586519932387e-12,-0.001210135737511871,0.000733751846615214,0.0012101337184996788,42.60120152156865,4,True,balance,1.6812534363299305e-06,-1.3225855294312405,-0.00010231241963783699,1.681252988128037e-06,-1.3225855294326978,-0.0001023124195016136,0.18384776310850237,0.23256755992208045,0.18313871370766616,0.18313871370767815
7.340000000000786,-0.00047856349037408774,6.276898701252477e-11,0.2325671989890917,2.4160214100954438e-12,-0.001192097859297388,0.0007227813928161093,0.0011920954983615558,42.60120170775131,4,True,balance,1.6561170059042166e-06,-1.3225861548857567,-0.00010078842547365923,1.6561165683899408e-06,-1.3225861548872029,-0.00010078842533856634,0.18384776310850237,0.23256755992208045,0.18313874514401843,0.18313874514403022
7.350000000000789,-0.0004713952485119327,6.276910569186261e-11,0.23256720435736775,2.379211649416938e-12,-0.001174327431962331,0.0007119744522897518,0.0011743242955354041,42.60120189125771,4,True,balance,1.6313551982833667e-06,-1.3225867710543637,-9.928699911655163e-05,1.6313547677227977e-06,-1.3225867710557353,-9.928699897706501e-05,0.18384776310850237,0.23256755992208045,0.18313877611565696,0.18313877611566862
7.360000000000793,-0.00046433418807912747,6.276922182431998e-11,0.23256720964640565,2.343156219916789e-12,-0.001156820526376614,0.0007013286010093829,0.0011568172931147283,42.60120207212593,4,True,balance,1.606962453996806e-06,-1.3225873780736617,-9.780780979803056e-05,1.6069620289515531e-06,-1.3225873780750679,-9.780780966728884e-05,0.18384776310850237,0.23256755992208045,0.1831388066293664,0.1831388066293778
7.370000000000796,-0.00045737871134873554,6.276933355556145e-11,0.2325672148573586,2.308313524191638e-12,-0.0011395732701913262,0.0006908414505442244,0.0011395703565406467,42.60120225039502,4,True,balance,1.582933309322097e-06,-1.3225879760786212,-9.635053155712026e-05,1.5829328870446766e-06,-1.3225879760799855,-9.635053142639838e-05,0.18384776310850237,0.23256755992208045,0.18313883669183453,0.1831388366918459
7.380000000000799,-0.0004505272442847601,6.276944201599641e-11,0.2325672199913635,2.2743684573759255e-12,-0.0011225818470440518,0.0006805106475444117,0.001122580213157059,42.60120242609858,4,True,balance,1.559262369019971e-06,-1.322588565201884,-9.491484307408683e-05,1.5592619524914446e-06,-1.3225885652032288,-9.491484294404117e-05,0.18384776310850237,0.23256755992208045,0.1831388663096542,0.1831388663096653
7.390000000000803,-0.0004437782361941287,6.276955088804378e-11,0.23256722504954108,2.2403626350356935e-12,-0.001105842495771046,0.0006703338732348946,0.0011058402425293656,42.60120259927226,4,True,balance,1.535944318689931e-06,-1.3225891455743977,-9.350042767812757e-05,1.5359439110850458e-06,-1.322589145575697,-9.350042755494897e-05,0.18384776310850237,0.23256755992208045,0.18313889548932386,0.18313889548933485
7.400000000000806,-0.00043713015938369313,6.276965760731166e-11,0.2325672300329962,2.2070231449336284e-12,-0.0010893515096332745,0.0006603088429159943,0.0010893499332736644,42.60120276995097,4,True,balance,1.512973933823082e-06,-1.3225897173250747,-9.210697326711758e-05,1.5129735326345798e-06,-1.3225897173264223,-9.210697314817772e-05,0.18384776310850237,0.23256755992208045,0.1831389242372488,0.18313892423725964
7.410000000000809,-0.00043058150882219394,6.276976012437445e-11,0.23256723494281797,2.1748158606510533e-12,-0.0010731052355523881,0.0006504333054711487,0.0010731044924593596,42.60120293816934,4,True,balance,1.4903460572448368e-06,-1.3225902805811072,-9.073417224446738e-05,1.4903456580815904e-06,-1.3225902805823873,-9.073417211656806e-05,0.18384776310850237,0.23256755992208045,0.1831389525597428,0.1831389525597535
7.420000000000813,-0.00042413080180710616,6.27698637417728e-11,0.23256723978008012,2.1423915069419184e-12,-0.001057100073355232,0.0006407050428803902,0.0010571007287862057,42.601203103962575,4,True,balance,1.468055601909685e-06,-1.322590835467656,-8.938172140552087e-05,1.4680552115964014e-06,-1.32259083546891,-8.938172128129504e-05,0.18384776310850237,0.23256755992208045,0.18313898046302973,0.18313898046304028
7.430000000000816,-0.0004177765776363115,6.276996805611631e-11,0.2325672445458411,2.109897549539143e-12,-0.0010413324750289255,0.0006311218697423423,0.0010413336850216344,42.60120326736547,4,True,balance,1.4460975663383203e-06,-1.3225913821081885,-8.804932196788112e-05,1.4460971841963636e-06,-1.322591382109424,-8.804932185112236e-05,0.18384776310850237,0.23256755992208045,0.18313900795324398,0.18313900795325444
7.440000000000819,-0.000411517397284513,6.277007162635264e-11,0.23256724924114416,2.0776971340384756e-12,-0.0010257989439867025,0.0006216816328017769,0.001025801485940567,42.601203428408155,4,True,balance,1.4244670218123596e-06,-1.3225919206243395,-8.673667943499023e-05,1.4244666433669564e-06,-1.3225919206255625,-8.673667931985105e-05,0.18384776310850237,0.23256755992208045,0.18313903503643209,0.1831390350364423
7.450000000000823,-0.0004053518430843451,6.277017412918893e-11,0.23256725386701788,2.045858885541744e-12,-0.0010104960343425195,0.0006123822104837467,0.0010104994516702422,42.60120358712641,4,True,balance,1.403159103083828e-06,-1.3225924511359497,-8.544350357220894e-05,1.4031587299965316e-06,-1.3225924511371672,-8.544350346116528e-05,0.18384776310850237,0.23256755992208045,0.18313906171855418,0.18313906171856412
7.460000000000826,-0.00039927851841209383,6.277027551029949e-11,0.23256725842447606,2.0144066272232024e-12,-0.000995420350196172,0.0006032215124354076,0.0009954257479911585,42.60120374354964,4,True,balance,1.3821690254884835e-06,-1.3225929737611504,-8.416950833736851e-05,1.3821686608790856e-06,-1.3225929737623867,-8.416950822959258e-05,0.18384776310850237,0.23256755992208045,0.18313908800548417,0.18313908800549406
7.470000000000829,-0.00039329604737797395,6.277037020310681e-11,0.23256726291451812,1.9847126046697555e-12,-0.0009805685449279394,0.0005941974790725452,0.0009805741790128906,42.601203897715365,4,True,balance,1.3614920700113117e-06,-1.322593488616302,-8.29144118184522e-05,1.361491706037087e-06,-1.3225934886174717,-8.291441170011272e-05,0.18384776310850237,0.23256755992208045,0.18313911390301274,0.18313911390302257
7.480000000000833,-0.00038740307452089686,6.277046374179688e-11,0.23256726733812919,1.9553669170155933e-12,-0.0009659373205003807,0.0005853080811349607,0.0009659376343329835,42.60120404965362,4,True,balance,1.341123587298311e-06,-1.3225939958161776,-8.167793618677059e-05,1.341123227897224e-06,-1.3225939958173296,-8.167793607602752e-05,0.18384776310850237,0.23256755992208045,0.1831391394168474,0.18313913941685694
7.490000000000836,-0.00038159826450765946,6.277055556773377e-11,0.2325672716962803,1.926515827282444e-12,-0.0009515234267718023,0.000576551319245075,0.000951526036630497,42.60120419938652,4,True,balance,1.3210590026609939e-06,-1.322594495473712,-8.045980761209045e-05,1.3210586506492798e-06,-1.3225944954748874,-8.045980750262507e-05,0.18384776310850237,0.23256755992208045,0.18313916455261142,0.1831391645526208
7.500000000000839,-0.00037588030183651004,6.277064237385651e-11,0.23256727598992868,1.8989950791467835e-12,-0.0009373236608262889,0.0005679252234746321,0.0009373291535961923,42.60120434695518,4,True,balance,1.3012938002623353e-06,-1.3225949877002883,-7.925975625622902e-05,1.3012934467668432e-06,-1.3225949877014092,-7.925975614719796e-05,0.18384776310850237,0.23256755992208045,0.1831391893158499,0.1831391893158592
7.510000000000843,-0.00037024789054500057,6.277072774631951e-11,0.23256728022001785,1.871889075275762e-12,-0.0009233348662922806,0.0005594278529186979,0.0009233355742187802,42.60120449239077,4,True,balance,1.2818235301588631e-06,-1.3225954726057632,-7.807751619370646e-05,1.2818231766226998e-06,-1.322595472606869,-7.807751607809625e-05,0.18384776310850237,0.23256755992208045,0.18313921371202804,0.18313921371203726
7.520000000000846,-0.0003646997539220823,6.277081979877924e-11,0.23256728438747773,1.843137913372707e-12,-0.0009095539326894761,0.0005510572952724247,0.0009095578877295073,42.60120463571501,4,True,balance,1.2626438103885193e-06,-1.3225959502981584,-7.691282526354919e-05,1.2626434762973593e-06,-1.3225959502992604,-7.691282516590648e-05,0.18384776310850237,0.23256755992208045,0.1831392377465301,0.18313923774653917
7.530000000000849,-0.00035923463422440536,6.277091221591115e-11,0.23256728849322508,1.814442344256026e-12,-0.000895977794782289,0.0005428116664157657,0.0008959832742143561,42.601204776964146,4,True,balance,1.243750333089626e-06,-1.322596420884116,-7.576542524127465e-05,1.2437500066485492e-06,-1.322596420885165,-7.576542513806538e-05,0.18384776310850237,0.23256755992208045,0.18313926142466525,0.18313926142467418
7.540000000000853,-0.0003538512923967092,6.277099950259938e-11,0.23256729253816338,1.787181932523438e-12,-0.0008826034319291235,0.000534689110005418,0.0008826037600215779,42.601204916169365,4,True,balance,1.2251388444860462e-06,-1.3225968844686276,-7.463506155901379e-05,1.225138521500701e-06,-1.3225968844697849,-7.463506146203554e-05,0.18384776310850237,0.23256755992208045,0.1831392847516656,0.18313928475167432
7.550000000000856,-0.00034854850779629206,6.277107861122882e-11,0.23256729652318334,1.762011705711302e-12,-0.000869427867452783,0.0005266877970690974,0.000869431286666221,42.60120505335041,4,True,balance,1.2068051592354942e-06,-1.3225973411552672,-7.352148333133054e-05,1.2068048277972144e-06,-1.3225973411563088,-7.352148322656447e-05,0.18384776310850237,0.23256755992208045,0.18313930773268602,0.18313930773269466
7.560000000000859,-0.00034332507792149923,6.277115862758108e-11,0.23256730044916274,1.7366275888220225e-12,-0.0008564481680227707,0.0005188059256081179,0.0008564549808065577,42.601205188543275,4,True,balance,1.1887451378863036e-06,-1.3225977910458233,-7.242444336260941e-05,1.1887448114446372e-06,-1.3225977910469038,-7.24244432589753e-05,0.18384776310850237,0.23256755992208045,0.1831393303728096,0.183139330372818
7.570000000000863,-0.00033817981814413575,6.277124395097811e-11,0.2325673043169669,1.7099516551046561e-12,-0.0008436614430256418,0.0005110417202063395,0.0008436640221041015,42.60120532177242,4,True,balance,1.1709547119406875e-06,-1.3225982342410318,-7.134369801242497e-05,1.1709543989589066e-06,-1.3225982342420548,-7.134369791985796e-05,0.18384776310850237,0.23256755992208045,0.1831393526770452,0.18313935267705353
7.580000000000866,-0.000333111561445791,6.277132897791205e-11,0.2325673081274486,1.6834650155518657e-12,-0.000831064843970769,0.0005033934316400278,0.0008310722312295562,42.601205453066484,4,True,balance,1.153429885049777e-06,-1.3225986708396174,-7.027900717518689e-05,1.1534295800093807e-06,-1.322598670840588,-7.027900707826607e-05,0.18384776310850237,0.23256755992208045,0.18313937465032806,0.18313937465033647
7.590000000000869,-0.0003281191581579989,6.277141350942947e-11,0.2325673118814483,1.6572526156903558e-12,-0.0008186555638795234,0.0004958593365006536,0.0008186585252292389,42.60120558245679,4,True,balance,1.1361667021901705e-06,-1.322599100939369,-6.92301342750589e-05,1.1361664028501194e-06,-1.3225991009403832,-6.92301341844769e-05,0.18384776310850237,0.23256755992208045,0.18313939629752485,0.18313939629753295
7.600000000000873,-0.0003232014757061708,6.27714908448425e-11,0.23256731557979465,1.632938585604249e-12,-0.0008064308367036154,0.0004884377368151745,0.0008064370034320686,42.60120570996304,4,True,balance,1.1191612855379532e-06,-1.3225995246362425,-6.819684610323726e-05,1.1191609834703341e-06,-1.3225995246372326,-6.819684600940249e-05,0.18384776310850237,0.23256755992208045,0.18313941762342878,0.18313941762343677
7.610000000000876,-0.0003183573983572799,6.277156468025544e-11,0.2325673192233041,1.60952726518671e-12,-0.0007943879367350543,0.00048112695967783526,0.0007943894670789085,42.60120583561762,4,True,balance,1.1024097845892897e-06,-1.3225999420251406,-6.717891290871013e-05,1.1024094850063638e-06,-1.3225999420260988,-6.717891281529557e-05,0.18384776310850237,0.23256755992208045,0.1831394386327667,0.18313943863277454
7.620000000000879,-0.0003135858269711992,6.277163516340496e-11,0.2325673228127815,1.5869955756162165e-12,-0.0007825241780288677,0.0004739253568841528,0.0007825225548483873,42.601205959445686,4,True,balance,1.0859084384584119e-06,-1.322600353199344,-6.617610825892385e-05,1.0859081383833666e-06,-1.322600353200297,-6.617610816220125e-05,0.18384776310850237,0.23256755992208045,0.1831394593301947,0.1831394593302025
7.630000000000883,-0.00030888567875567705,6.277171011260656e-11,0.23256732634902022,1.5633401570683494e-12,-0.0007708369138449245,0.0004668313045699013,0.0007708299514247531,42.60120608147001,4,True,balance,1.0696535135936813e-06,-1.3226007582507555,-6.5188208969663e-05,1.0696532232884936e-06,-1.322600758251656,-6.518820887660904e-05,0.18384776310850237,0.23256755992208045,0.18313947972030312,0.18313947972031075
7.640000000000886,-0.00030425588702489214,6.277178791335116e-11,0.2325673298328019,1.5390875489270446e-12,-0.000759323536083844,0.0004598432028573016,0.0007593211492480292,42.60120620171703,4,True,balance,1.053641357115006e-06,-1.3226011572700633,-6.421499517515724e-05,1.053641075017842e-06,-1.3226011572709575,-6.421499508634964e-05,0.18384776310850237,0.23256755992208045,0.18313949980761404,0.18313949980762162
7.650000000000889,-0.0002996954009615144,6.277186753272178e-11,0.23256733326489717,1.5145026079362246e-12,-0.0007479814747327622,0.00045295947550457307,0.000747974909469726,42.60120632021442,4,True,balance,1.0378683466706729e-06,-1.322601550346582,-6.325625017408682e-05,1.0378680708522084e-06,-1.3226015503474613,-6.3256250091906e-05,0.18384776310850237,0.23256755992208045,0.183139519596587,0.18313951959659447
7.660000000000893,-0.0002952031853822468,6.277194670518125e-11,0.23256733664606535,1.4901419538736239e-12,-0.0007368081973198961,0.0004461785695612563,0.0007368071513745245,42.60120643698732,4,True,balance,1.0223309354661369e-06,-1.3226019375682672,-6.231176042931895e-05,1.022330666510513e-06,-1.3226019375691982,-6.23117603500683e-05,0.18384776310850237,0.23256755992208045,0.18313953909161357,0.18313953909162084
7.670000000000896,-0.00029077822050678856,6.27720182375929e-11,0.232567339977055,1.4677737473140111e-12,-0.0007258012083832901,0.00043949895502751456,0.000725796486778237,42.60120655205848,4,True,balance,1.007025612962313e-06,-1.322602319021889,-6.138131550758519e-05,1.007025343420766e-06,-1.3226023190228058,-6.138131542375842e-05,0.18384776310850237,0.23256755992208045,0.18313955829702483,0.18313955829703196
7.680000000000899,-0.0002864195017301748,6.277208475221729e-11,0.2325673432586038,1.4466738787667452e-12,-0.0007149580489331315,0.00043291912452011815,0.000714949154168558,42.601206665452516,4,True,balance,9.919489269904579e-07,-1.3226026947928609,-6.046470804909675e-05,9.91948655642657e-07,-1.322602694793701,-6.0464707963090166e-05,0.18384776310850237,0.23256755992208045,0.18313957721708665,0.18313957721709376
7.690000000000903,-0.0002821260393984369,6.277215820772684e-11,0.23256734649143876,1.423883954563232e-12,-0.0007042762959392892,0.00042643759293953216,0.0007042737355997544,42.60120677718827,4,True,balance,9.770974699505532e-07,-1.3226030649651712,-5.9561733688627926e-05,9.77097215154525e-07,-1.3226030649660943,-5.9561733612665497e-05,0.18384776310850237,0.23256755992208045,0.18313959585600317,0.1831395958560101
7.700000000000906,-0.0002778968585875459,6.27722178139003e-11,0.23256734967627632,1.4046867879523076e-12,-0.0006937535618076747,0.0004200528971490165,0.0006937466463206697,42.601206887303974,4,True,balance,9.624679034376852e-07,-1.322603429622187,-5.8672191128582873e-05,9.624676365262228e-07,-1.322603429623023,-5.867219103928256e-05,0.18384776310850237,0.23256755992208045,0.1831396142179199,0.18313961421792682
7.7100000000009095,-0.0002737309988855723,6.277227739183964e-11,0.23256735281382268,1.385478079365158e-12,-0.0006833874938752027,0.00041376359564789113,0.0006833864743837308,42.60120699580424,4,True,balance,9.480569132953519e-07,-1.3226037888452158,-5.779588186862135e-05,9.480566442058289e-07,-1.3226037888459838,-5.779588176993792e-05,0.18384776310850237,0.23256755992208045,0.1831396323069186,0.18313963230692543
7.720000000000913,-0.0002696275141780595,6.277234714044393e-11,0.2325673559047737,1.3637222054970322e-12,-0.0006731757739120523,0.00040756826825956785,0.0006731716903838652,42.601207102726434,4,True,balance,9.338612358216935e-07,-1.322604142715073,-5.693261044284241e-05,9.338609861949819e-07,-1.3226041427158524,-5.693261037077671e-05,0.18384776310850237,0.23256755992208045,0.1831396501270253,0.183139650127032
7.730000000000916,-0.00026558547243649876,6.277241475466784e-11,0.23256735894981534,1.3426498179198966e-12,-0.0006631161176189027,0.00040146551581745043,0.0006631079139274634,42.601207208085995,4,True,balance,9.198776837412442e-07,-1.3226044913109132,-5.608218414447989e-05,9.198774412064582e-07,-1.3226044913117199,-5.6082184069316277e-05,0.18384776310850237,0.23256755992208045,0.18313966768220502,0.18313966768221165
7.7400000000009195,-0.00026160395550993296,6.277247614665327e-11,0.23256736194962355,1.3232542568675845e-12,-0.0006532062741509622,0.0003954539598576045,0.0006532060304479614,42.60120731190112,4,True,balance,9.061031012419156e-07,-1.322604834710953,-5.524441311105371e-05,9.061028512050097e-07,-1.3226048347117187,-5.5244413027442205e-05,0.18384776310850237,0.23256755992208045,0.1831396849763651,0.18313968497637162
7.750000000000923,-0.00025768205891959784,6.277254473057503e-11,0.23256736490486435,1.302024589365315e-12,-0.0006434440256311702,0.0003895322423168332,0.0006434406615437493,42.60120741420925,4,True,balance,8.925343569157026e-07,-1.3226051729923125,-5.4419110293640955e-05,8.92534120518697e-07,-1.3226051729930466,-5.441911021913656e-05,0.18384776310850237,0.23256755992208045,0.18313970201335852,0.1831397020133651
7.760000000000926,-0.0002538188916565468,6.27726142066393e-11,0.23256736781619433,1.2807113099183498e-12,-0.0006338271866718324,0.0003836990252341318,0.0006338209923182179,42.60120751501838,4,True,balance,8.791684021534461e-07,-1.3226055062308824,-5.360609131164073e-05,8.791681738541635e-07,-1.32260550623165,-5.360609123783077e-05,0.18384776310850237,0.23256755992208045,0.1831397187969798,0.1831397187969862
7.7700000000009295,-0.00025001357598227456,6.277268227589744e-11,0.2325673706842604,1.2598327185684309e-12,-0.0006243536039165144,0.00037795299045420875,0.0006243438335879494,42.60120761435215,4,True,balance,8.660022114989991e-07,-1.3226058345013676,-5.280517449497608e-05,8.660019868617585e-07,-1.3226058345021277,-5.280517442655476e-05,0.18384776310850237,0.23256755992208045,0.18313973533096892,0.18313973533097516
7.780000000000933,-0.0002462652472322463,6.27727458123848e-11,0.2325673735097002,1.2402077241140412e-12,-0.0006150211555764131,0.00037229283933881355,0.0006150199217440602,42.601207712232295,4,True,balance,8.530328163840214e-07,-1.322606157877469,-5.201618086428718e-05,8.530325937968885e-07,-1.3226061578782542,-5.201618079591948e-05,0.18384776310850237,0.23256755992208045,0.18313975161901078,0.18313975161901697
7.790000000000936,-0.00024257305362229703,6.277280070097393e-11,0.23256737629314198,1.2227797714463423e-12,-0.0006058277509733696,0.00036671729248223317,0.0006058244480468734,42.60120780868441,4,True,balance,8.402572752444776e-07,-1.322606476431882,-5.123893404154055e-05,8.402570460977216e-07,-1.322606476432641,-5.123893396628399e-05,0.18384776310850237,0.23256755992208045,0.18313976766473875,0.18313976766474493
7.8000000000009395,-0.0002389361560578716,6.277285419011729e-11,0.23256737903520502,1.2056688861949003e-12,-0.0005967713300896251,0.00036122508942715097,0.0005967645712723413,42.601207903725445,4,True,balance,8.276727033693768e-07,-1.322606790236105,-5.0473260200056925e-05,8.276724752521894e-07,-1.3226067902368488,-5.047326013347347e-05,0.18384776310850237,0.23256755992208045,0.1831397834717312,0.18313978347173718
7.810000000000943,-0.0002353537279460705,6.277290567103798e-11,0.2325673817364996,1.1890524089643637e-12,-0.0005878498631333419,0.0003558149883870195,0.0005878403608730578,42.60120799737027,4,True,balance,8.152762584841364e-07,-1.3226070993605843,-4.971898808336967e-05,8.152760290473598e-07,-1.3226070993612966,-4.971898801536184e-05,0.18384776310850237,0.23256755992208045,0.18313979904351485,0.18313979904352062
7.820000000000946,-0.00023182495501044987,6.277296188838265e-11,0.232567384397627,1.1712394404424885e-12,-0.0005790613501009812,0.00035048576597310725,0.0005790606070227627,42.60120808964526,4,True,balance,8.030651298030743e-07,-1.3226074038747118,-4.8975948944261546e-05,8.0306491275367e-07,-1.3226074038754148,-4.897594887967465e-05,0.18384776310850237,0.23256755992208045,0.18313981438356416,0.18313981438356997
7.8300000000009495,-0.00022834903510852365,6.277301516998213e-11,0.23256738701917987,1.154272684460992e-12,-0.0005704038203429689,0.0003452362169251045,0.0005704006716212375,42.601208180572854,4,True,balance,7.910365639105105e-07,-1.322607703847065,-4.8243976517480503e-05,7.910363458646092e-07,-1.322607703847762,-4.82439764408183e-05,0.18384776310850237,0.23256755992208045,0.18313982949530574,0.18313982949531135
7.840000000000953,-0.00022492517805195405,6.277307174743748e-11,0.23256738960174214,1.1364970579142884e-12,-0.000561875332140417,0.00034006515384408793,0.0005618680409142777,42.60120827016705,4,True,balance,7.791878348159574e-07,-1.3226079993449915,-4.752290692192669e-05,7.791876239285247e-07,-1.3226079993456485,-4.752290685809865e-05,0.18384776310850237,0.23256755992208045,0.18313984438211328,0.18313984438211894
7.850000000000956,-0.00022155260542938015,6.277312908204095e-11,0.2325673921458894,1.118612755652167e-12,-0.0005534739722926067,0.00033497140693067946,0.0005534653102074633,42.60120835844464,4,True,balance,7.675162669426037e-07,-1.3226082904348673,-4.681257872818003e-05,7.675160636175726e-07,-1.3226082904355663,-4.681257866810219e-05,0.18384776310850237,0.23256755992208045,0.1831398590473122,0.18313985904731767
7.8600000000009596,-0.0002182305504318494,6.277318387171007e-11,0.23256739465218873,1.101451210582528e-12,-0.0005451978557042481,0.0003299538237264208,0.0005451857840527411,42.60120844542652,4,True,balance,7.560192199782995e-07,-1.3226085771821807,-4.6112832854883985e-05,7.560190160468166e-07,-1.322608577182843,-4.6112832785843834e-05,0.18384776310850237,0.23256755992208045,0.1831398734941793,0.18313987349418456
7.870000000000963,-0.00021495825768080693,6.277323874876672e-11,0.232567397121199,1.0843298564712036e-12,-0.000537045124979353,0.000325011268859457,0.0005370433047200125,42.60120853113981,4,True,balance,7.446940903153673e-07,-1.322608859651403,-4.542351254212174e-05,7.446938924282945e-07,-1.3226088596520613,-4.542351248333492e-05,0.18384776310850237,0.23256755992208045,0.18313988772594367,0.1831398877259489
7.880000000000966,-0.00021173498305860922,6.277328675665613e-11,0.23256739955347097,1.0690010225638357e-12,-0.000529013950013233,0.0003201426237947238,0.0005290090644174466,42.601208615594956,4,True,balance,7.335383172930239e-07,-1.3226091379061542,-4.474446337059762e-05,7.335381161465988e-07,-1.3226091379067955,-4.474446330381285e-05,0.18384776310850237,0.23256755992208045,0.18313990174578756,0.18313990174579275
7.89000000000097,-0.00020855999354153052,6.277333341597922e-11,0.23256740194954728,1.0539953168189294e-12,-0.0005211025276054785,0.0003153467865846192,0.0005210950639770849,42.601208698811256,4,True,balance,7.225493713751184e-07,-1.322609412008927,-4.407553312713078e-05,7.225491732551319e-07,-1.3226094120095953,-4.4075533063271354e-05,0.18384776310850237,0.23256755992208045,0.1831399155568462,0.1831399155568513
7.900000000000973,-0.00020543256703522733,6.277337826400841e-11,0.23256740430996278,1.039450679946377e-12,-0.0005133090810704982,0.00031062267162577006,0.0005132983444233025,42.601208780803795,4,True,balance,7.117247684915148e-07,-1.3226096820214412,-4.341657185742176e-05,7.117245709960219e-07,-1.3226096820220514,-4.3416571796564e-05,0.18384776310850237,0.23256755992208045,0.18313992916220884,0.18313992916221394
7.910000000000976,-0.0002023519922126151,6.27734233285534e-11,0.23256740663524447,1.0248973187209369e-12,-0.0005056318598534332,0.00030596920941996706,0.0005056322601643558,42.60120886158851,4,True,balance,7.010620594692921e-07,-1.32260994800445,-4.276743182118988e-05,7.010618628385521e-07,-1.3226099480050661,-4.276743175262637e-05,0.18384776310850237,0.23256755992208045,0.18313994256491906,0.18313994256492408
7.92000000000098,-0.0001993175683541331,6.27734731888099e-11,0.23256740892591166,1.0091514382978052e-12,-0.0004980691391518917,0.00030138534633559127,0.000498066988017077,42.60120894119673,4,True,balance,6.9055882604797e-07,-1.3226102100178005,-4.212796743518933e-05,6.905586375433557e-07,-1.3226102100183659,-4.2127967382804936e-05,0.18384776310850237,0.23256755992208045,0.1831399557679782,0.1831399557679832
7.930000000000983,-0.0001963286051903457,6.277352647971728e-11,0.23256741118247606,9.92642002212258e-13,-0.0004906192195367711,0.00029687004437666605,0.0004906161061781776,42.601209019631526,4,True,balance,6.802126898677033e-07,-1.3226104681205373,-4.149803525687206e-05,6.802125088945605e-07,-1.3226104681211148,-4.149803520171401e-05,0.18384776310850237,0.23256755992208045,0.1831399687743413,0.18313996877434616
7.940000000000986,-0.00019338442274687367,6.27735787246081e-11,0.232567413405442,9.764880597309575e-13,-0.00048328042659046195,0.00029242228095049694,0.0004832751014725545,42.60120909691472,4,True,balance,6.70021312139079e-07,-1.322610722370757,-4.0877493934487626e-05,6.700211353053082e-07,-1.3226107223713306,-4.087749387945225e-05,0.18384776310850237,0.23256755992208045,0.18313998158692102,0.18313998158692577
7.95000000000099,-0.0001904843511916007,6.277362625380581e-11,0.23256741559530633,9.615956352604151e-13,-0.00047605111054533207,0.00028804104864203235,0.0004760414009764544,42.6012091730609,4,True,balance,6.599823862418903e-07,-1.3226109728256894,-4.0266204204563466e-05,6.599822083143967e-07,-1.3226109728262594,-4.026620415011844e-05,0.18384776310850237,0.23256755992208045,0.1831399942085873,0.18313999420859203
7.960000000000993,-0.00018762773068412906,6.277367339174965e-11,0.23256741775255874,9.467994049326184e-13,-0.0004689296459234984,0.0002837253549909092,0.00046891686165527637,42.601209248087066,4,True,balance,6.500936341412801e-07,-1.322611219541773,-3.966402886370161e-05,6.50093454698116e-07,-1.322611219542333,-3.9664028807589484e-05,0.18384776310850237,0.23256755992208045,0.1831400066421678,0.18314000664217242
7.970000000000996,-0.00018481391122744564,6.277371880920039e-11,0.23256741987768165,9.325115060132907e-13,-0.0004619144311860667,0.0002794742222706449,0.0004619010113652691,42.601209322012025,4,True,balance,6.403528138594558e-07,-1.3226114625745684,-3.9070832702123296e-05,6.403526392448301e-07,-1.322611462575161,-3.907083264880364e-05,0.18384776310850237,0.23256755992208045,0.18314001889044917,0.18314001889045367
7.980000000001,-0.00018204225252177898,6.277376154405212e-11,0.23256742197115055,9.188832673713614e-13,-0.0004550038883839851,0.0002752866872721213,0.00045498926554066253,42.60120939485033,4,True,balance,6.307577211730887e-07,-1.3226117019789085,-3.848648250550034e-05,6.307575477051931e-07,-1.3226117019794648,-3.848648245097828e-05,0.18384776310850237,0.23256755992208045,0.18314003095617679,0.1831400309561814
7.990000000001003,-0.00017931212382060508,6.277380443697763e-11,0.23256742403343386,9.052804118867775e-13,-0.0004481964628180605,0.00027116180109016324,0.0004481953856739067,42.60120946661682,4,True,balance,6.213061850765142e-07,-1.322611937808651,-3.791084703750384e-05,6.213060098198442e-07,-1.3226119378092112,-3.7910846989771025e-05,0.18384776310850237,0.23256755992208045,0.1831400428420557,0.18314004284206004
8.000000000001005,-0.00017662290378876635,6.277384312174113e-11,0.2325674260649932,8.927453596870187e-13,-0.0004414906226943668,0.0002670986289123513,0.00044148683954622436,42.60120953732885,4,True,balance,6.119960572719573e-07,-1.3226121701171025,-3.7343796963574234e-05,6.119958785939078e-07,-1.32261217011762,-3.734379690851696e-05,0.18384776310850237,0.23256755992208045,0.18314005455075272,0.18314005455075702
8.010000000001,-0.00017397398036269379,6.277388482238236e-11,0.2325674280662835,8.794208698466236e-13,-0.0004348848587974414,0.0002630962498110375,0.00043487847164389975,42.6012096070014,4,True,balance,6.028252260880559e-07,-1.3226123989565186,-3.678520485115486e-05,6.028250556726637e-07,-1.3226123989570195,-3.678520480065497e-05,0.18384776310850237,0.23256755992208045,0.18314006608489367,0.18314006608489788
8.020000000000994,-0.00017136475061268382,6.277393072720718e-11,0.2325674300377531,8.651255111041377e-13,-0.0004283776841638082,0.0002591537565390788,0.000428368962523862,42.60120967564522,4,True,balance,5.937916173319449e-07,-1.3226126243784464,-3.62349451573173e-05,5.937914571475453e-07,-1.3226126243789618,-3.623494511022621e-05,0.18384776310850237,0.23256755992208045,0.18314007744706656,0.1831400774470708
8.030000000000989,-0.0001687946206072039,6.277397253850509e-11,0.2325674319798435,8.519696392067123e-13,-0.0004219676337547571,0.0002552702553287966,0.0004219559774672097,42.60120974328049,4,True,balance,5.848931855242211e-07,-1.3226128464337925,-3.569289419162737e-05,5.848930250293839e-07,-1.3226128464343165,-3.5692894144081635e-05,0.18384776310850237,0.23256755992208045,0.18314008863982156,0.18314008863982573
8.040000000000983,-0.00016626300527919303,6.277401215628064e-11,0.23256743389299,8.394016682113603e-13,-0.0004156532641385137,0.00025144486569266255,0.00041563959995620536,42.60120980991742,4,True,balance,5.761279103768406e-07,-1.3226130651726589,-3.5158930081473756e-05,5.761277504780097e-07,-1.3226130651731476,-3.5158930034650954e-05,0.18384776310850237,0.23256755992208045,0.18314009966567102,0.1831400996656751
8.050000000000978,-0.00016376932829434077,6.277404574255883e-11,0.2325674357776213,8.283792916743037e-13,-0.0004094331531752511,0.00024767672022770593,0.0004094171796744677,42.60120987557728,4,True,balance,5.674938054277001e-07,-1.322613280644385,-3.463293273677798e-05,5.674936403185645e-07,-1.3226132806448239,-3.463293267939287e-05,0.18384776310850237,0.23256755992208045,0.18314011052709078,0.1831401105270947
8.060000000000972,-0.0001613130219213062,6.277408601707345e-11,0.2325674376341599,8.15629046933483e-13,-0.00040330589970858787,0.00024396496442237697,0.0004033048138635823,42.60120994026157,4,True,balance,5.589889109257025e-07,-1.3226134928975626,-3.411478384218505e-05,5.589887512596819e-07,-1.3226134928979916,-3.4114783791991846e-05,0.18384776310850237,0.23256755992208045,0.1831401212265193,0.18314012122652332
8.070000000000967,-0.00015889352690384793,6.277413249897856e-11,0.23256743946302222,8.01388546849178e-13,-0.0003972701232561126,0.0002403087564670633,0.00039726354735554405,42.601210004000485,4,True,balance,5.50611289885328e-07,-1.32261370198016,-3.3604366835182306e-05,5.506111412386131e-07,-1.3226137019806348,-3.3604366794269896e-05,0.18384776310850237,0.23256755992208045,0.18314013176636199,0.1831401317663658
8.080000000000961,-0.00015651029233484207,6.277417601325689e-11,0.2325674412646185,7.880372770115868e-13,-0.00039132446370940824,0.00023670726706534416,0.0003913143700247313,42.60121006679853,4,True,balance,5.423590586281946e-07,-1.3226139079392658,-3.3101566847675996e-05,5.423589115927617e-07,-1.3226139079397647,-3.310156680477393e-05,0.18384776310850237,0.23256755992208045,0.1831401421489855,0.18314014214898938
8.090000000000956,-0.000154162775532167,6.277421660328274e-11,0.232567443039353,7.754652046684491e-13,-0.0003854675810427449,0.0002331596792502631,0.0003854558725715952,42.6012101286692,4,True,balance,5.342303378921416e-07,-1.322614110821423,-3.2606270717579124e-05,5.342301933366383e-07,-1.3226141108219005,-3.2606270676386286e-05,0.18384776310850237,0.23256755992208045,0.1831401523767236,0.18314015237672734
8.10000000000095,-0.00015185044191641164,6.277425393265405e-11,0.23256744478762392,7.637368938311843e-13,-0.00037969815501525436,0.00022966518820246172,0.0003796845732423569,42.601210189625135,4,True,balance,5.262232821412109e-07,-1.3226143106724186,-3.211836696688419e-05,5.262231389585971e-07,-1.3226143106728725,-3.211836692080119e-05,0.18384776310850237,0.23256755992208045,0.183140162451875,0.18314016245187875
8.110000000000944,-0.00014957276489038624,6.277428643594133e-11,0.2325674465098238,7.532193539293063e-13,-0.000374014884883595,0.0002262230010701463,0.00037399963625057097,42.601210249686154,4,True,balance,5.183360794371415e-07,-1.3226145075373628,-3.163774572803199e-05,5.183359289488178e-07,-1.322614507537786,-3.163774567786305e-05,0.18384776310850237,0.23256755992208045,0.18314017237670518,0.18314017237670874
8.120000000000939,-0.00014732922572041968,6.277433200161621e-11,0.23256744820633923,7.393578544898303e-13,-0.0003684164891173739,0.00022283233679403156,0.0003683981344494606,42.60121030885684,4,True,balance,5.10566923025184e-07,-1.3226147014607985,-3.1164298784797686e-05,5.105667977308185e-07,-1.322614701461191,-3.116429875707191e-05,0.18384776310850237,0.23256755992208045,0.18314018215344555,0.1831401821534495
8.130000000000933,-0.00014511931341940293,6.277436371714999e-11,0.23256744987755115,7.292489393854761e-13,-0.0003629017051194975,0.00021949242593036767,0.0003629010052473601,42.60121036716225,4,True,balance,5.029140779440748e-07,-1.3226148924863024,-3.069791951908321e-05,5.029139407538143e-07,-1.3226148924868248,-3.069791947489022e-05,0.18384776310850237,0.23256755992208045,0.18314019178429528,0.18314019178429894
8.140000000000928,-0.00014294252463155862,6.277438511604321e-11,0.23256745152383496,7.216403506101195e-13,-0.0003574692889453407,0.00021620251048354755,0.0003574651460814459,42.60121042460803,4,True,balance,4.953757890009329e-07,-1.3226150806574348,-3.0238502846837602e-05,4.953756415150784e-07,-1.3226150806578894,-3.023850279464808e-05,0.18384776310850237,0.23256755992208045,0.18314020127142192,0.18314020127142533
8.150000000000922,-0.0001407983635189222,6.277440878173759e-11,0.23256745314556063,7.133861336748606e-13,-0.0003521180150348325,0.00021296184373169742,0.00035210995654386465,42.60121048120067,4,True,balance,4.87950344481924e-07,-1.3226152660163726,-2.978594523939706e-05,4.879502005314732e-07,-1.3226152660168007,-2.9785945189776663e-05,0.18384776310850237,0.23256755992208045,0.18314021061695937,0.18314021061696284
8.160000000000917,-0.0001386863416495025,6.277444005345609e-11,0.23256745474309265,7.032268310818768e-13,-0.0003468466759453503,0.00020976969006409663,0.0003468360207996075,42.60121053695647,4,True,balance,4.806360605032162e-07,-1.3226154486050754,-2.9340144744424722e-05,4.80635926876303e-07,-1.322615448605458,-2.9340144704394406e-05,0.18384776310850237,0.23256755992208045,0.18314021982301093,0.1831402198230144
8.170000000000911,-0.0001366059778870768,6.277447373848626e-11,0.23256745631679007,6.925562247213673e-13,-0.00034165408208429324,0.00020662532481585113,0.0003416417677863535,42.60121059189122,4,True,balance,4.7343128054122124e-07,-1.3226156284647714,-2.8901000881044773e-05,4.7343115148589057e-07,-1.3226156284651909,-2.8901000842665262e-05,0.18384776310850237,0.23256755992208045,0.18314022889164908,0.1831402288916525
8.180000000000906,-0.00013455679828262634,6.277450756162474e-11,0.2325674578670067,6.818975582379462e-13,-0.00033653906144886164,0.00020352803410606549,0.00033652330603909996,42.60121064601387,4,True,balance,4.663343684225306e-07,-1.3226158056362343,-2.8468414653927374e-05,4.663342419915977e-07,-1.3226158056366142,-2.8468414616077185e-05,0.18384776310850237,0.23256755992208045,0.18314023782491562,0.18314023782491887
8.1900000000009,-0.0001325383359673787,6.27745427104456e-11,0.2325674593940911,6.709507661098389e-13,-0.0003315004593686136,0.00020047711467806114,0.0003314830469700824,42.60121069933565,4,True,balance,4.593437117689836e-07,-1.3226159801594244,-2.8042288525155167e-05,4.5934358633316704e-07,-1.3226159801597988,-2.8042288485074747e-05,0.18384776310850237,0.23256755992208045,0.1831402466248221,0.18314024662482528
8.200000000000895,-0.0001305501310474266,6.277457847390763e-11,0.2325674608983868,6.59922580652541e-13,-0.00032653713825280754,0.00019747187374270946,0.00032653800607694247,42.60121075186996,4,True,balance,4.5245772454635205e-07,-1.3226161520737554,-2.7622526399281312e-05,4.5245759865942435e-07,-1.3226161520741624,-2.762252635767473e-05,0.18384776310850237,0.23256755992208045,0.18314025529334985,0.18314025529335312
8.210000000000889,-0.00012859173049991254,6.27746153593541e-11,0.2325674623802323,6.486312468666899e-13,-0.0003216479773422154,0.00019451162882323892,0.0003216461197541354,42.601210803630906,4,True,balance,4.45674835457651e-07,-1.3226163214181996,-2.7209033619854025e-05,4.4567471972501527e-07,-1.3226163214185789,-2.720903358828661e-05,0.18384776310850237,0.23256755992208045,0.18314026383245335,0.18314026383245655
8.220000000000883,-0.00012666268807073314,6.277464882904587e-11,0.23256746383996088,6.382780122487036e-13,-0.00031683187245397484,0.00019159570760406697,0.00031682940685736916,42.601210854626956,4,True,balance,4.3899351287955517e-07,-1.322616488231064,-2.680171692142617e-05,4.389933970995957e-07,-1.3226164882314442,-2.6801716885890413e-05,0.18384776310850237,0.23256755992208045,0.18314027224405563,0.18314027224405877
8.230000000000878,-0.00012476256417376998,6.277468214560108e-11,0.23256746527790118,6.279725480128233e-13,-0.00031208773574907653,0.00018872344777793148,0.0003120831732034494,42.60121090486939,4,True,balance,4.3241223671886167e-07,-1.322616652550015,-2.640048436817323e-05,4.3241212208194775e-07,-1.322616652550409,-2.640048433411806e-05,0.18384776310850237,0.23256755992208045,0.18314028053005244,0.18314028053005557
8.240000000000872,-0.00012289092579161775,6.277471178020232e-11,0.2325674666943769,6.186170037469248e-13,-0.00030741449548957997,0.00018589419689977007,0.00030740831207929145,42.601210954366664,4,True,balance,4.259295118678745e-07,-1.3226168144122354,-2.600524545870717e-05,4.259293968440461e-07,-1.3226168144125745,-2.600524541867742e-05,0.18384776310850237,0.23256755992208045,0.18314028869231136,0.18314028869231455
8.250000000000867,-0.00012104734637776207,6.277473951566714e-11,0.23256746808970696,6.097602212963611e-13,-0.0003028110958029655,0.0001831073122402479,0.0003028033146251056,42.601211003131354,4,True,balance,4.195438643435215e-07,-1.3226169738542757,-2.561591097176077e-05,4.1954374976665037e-07,-1.3226169738546771,-2.561591093793934e-05,0.18384776310850237,0.23256755992208045,0.1831402967326728,0.1831402967326758
8.260000000000861,-0.00011923140576021857,6.277476963385153e-11,0.23256746946420556,6.00290177833907e-13,-0.0002982764964492003,0.00018036216064254052,0.00029826530704571376,42.60121105117863,4,True,balance,4.132538413684783e-07,-1.3226171309123582,-2.5232393052211833e-05,4.132537324493197e-07,-1.322617130912724,-2.5232393022226134e-05,0.18384776310850237,0.23256755992208045,0.18314030465294945,0.1831403046529524
8.270000000000856,-0.00011744269004659113,6.277479770233109e-11,0.23256747081818235,5.913808268180099e-13,-0.0002938096725923425,0.0001776581183792016,0.0002937961530098202,42.6012110985114,4,True,balance,4.0705802002059085e-07,-1.3226172856219263,-2.4854605098754454e-05,4.0705791010261945e-07,-1.3226172856222675,-2.485460506296463e-05,0.18384776310850237,0.23256755992208045,0.18314031245492746,0.18314031245493043
8.28000000000085,-0.00011568079153054485,6.277482219614993e-11,0.23256747215194226,5.834088886238992e-13,-0.00028940961457408067,0.0001749945710139012,0.000289396523645257,42.60121114514605,4,True,balance,4.009549885563072e-07,-1.322617438018018,-2.4482461833219505e-05,4.0095487523283983e-07,-1.3226174380183755,-2.44824617917092e-05,0.18384776310850237,0.23256755992208045,0.18314032014036669,0.18314032014036963
8.290000000000845,-0.00011394530859965124,6.277484929562394e-11,0.23256747346578596,5.747678148467412e-13,-0.00028507532769119756,0.00017237091326340932,0.0002850594097295019,42.601211191089476,4,True,balance,3.9494335584141025e-07,-1.3226175881351343,-2.4115879195114354e-05,3.9494324953888887e-07,-1.3226175881354536,-2.4115879160939272e-05,0.18384776310850237,0.23256755992208045,0.18314032771100097,0.1831403277110039
8.30000000000084,-0.00011223584564461003,6.277487613336349e-11,0.2325674747600095,5.662376851425137e-13,-0.000280805831977316,0.0001697865488614807,0.0002807851121348998,42.601211236353635,4,True,balance,3.8902176169881945e-07,-1.3226177360071951,-2.3754774393412798e-05,3.8902165601059347e-07,-1.3226177360075433,-2.3754774363112505e-05,0.18384776310850237,0.23256755992208045,0.1831403351685387,0.18314033516854142
8.310000000000834,-0.00011055201296981155,6.277490762425456e-11,0.23256747603490457,5.565303556744011e-13,-0.0002766001619860477,0.0001672408904262911,0.0002765765432240927,42.60121128094942,4,True,balance,3.8318885221159015e-07,-1.322617881667775,-2.3399065872467333e-05,3.831887578729433e-07,-1.3226178816680962,-2.3399065848241974e-05,0.18384776310850237,0.23256755992208045,0.1831403425146623,0.18314034251466485
8.320000000000828,-0.00010889342670522006,6.277493564524949e-11,0.23256747729075866,5.478256536307392e-13,-0.0002724573665791494,0.0001647333593274619,0.0002724340735150331,42.601211324878264,4,True,balance,3.774433159959883e-07,-1.3226180251497188,-2.304867325189287e-05,3.7744321858248645e-07,-1.322618025150077,-2.304867322206861e-05,0.18384776310850237,0.23256755992208045,0.18314034975103066,0.18314034975103327
8.330000000000823,-0.00010725970871957073,6.277496098607056e-11,0.23256747852785495,5.39781777888594e-13,-0.00026837650871271493,0.000162263385558528,0.0002683770608686494,42.60121136816098,4,True,balance,3.7178383434975075e-07,-1.3226181664856387,-2.270351738166984e-05,3.717837418370596e-07,-1.3226181664860306,-2.270351735945596e-05,0.18384776310850237,0.23256755992208045,0.18314035687927602,0.1831403568792786
8.340000000000817,-0.00010565048653483687,6.277497210912529e-11,0.23256747974647246,5.353551200868115e-13,-0.0002643566652334882,0.00015983040760747058,0.0002643529181232709,42.60121141080623,4,True,balance,3.6620913576000585e-07,-1.3226183057076562,-2.2363520276296247e-05,3.662090265035926e-07,-1.3226183057079859,-2.2363520230117366e-05,0.18384776310850237,0.23256755992208045,0.18314036390100955,0.18314036390101224
8.350000000000811,-0.00010406539324198234,6.277498855217468e-11,0.2325674809468861,5.294773798232474e-13,-0.00026039692667299163,0.00015743387233048411,0.0002603925641979746,42.60121145281648,4,True,balance,3.6071792956789977e-07,-1.322618442847105,-2.20286050310835e-05,3.6071782638516e-07,-1.3226184428473948,-2.202860499623205e-05,0.18384776310850237,0.23256755992208045,0.18314037081781606,0.18314037081781875
8.360000000000806,-0.00010250406741796065,6.277501000438619e-11,0.23256748212936662,5.223712099299664e-13,-0.0002564963970487771,0.00015507323482890929,0.00025649042814846547,42.601211494207064,4,True,balance,3.553089806032531e-07,-1.3226185779350907,-2.1698695977635703e-05,3.553088823730455e-07,-1.3226185779354045,-2.1698695946470067e-05,0.18384776310850237,0.23256755992208045,0.1831403776312579,0.18314037763126054
8.3700000000008,-0.00010096615304393605,6.277503282588698e-11,0.23256748329418103,5.149803245740256e-13,-0.000252654193666471,0.0001527479583268894,0.0002526477649167119,42.601211534981395,4,True,balance,3.4998105923341506e-07,-1.322618711002191,-2.1373718521990845e-05,3.4998096064975755e-07,-1.3226187110024965,-2.137371849025508e-05,0.18384776310850237,0.23256755992208045,0.18314038434287397,0.18314038434287658
8.380000000000795,-9.945129942472097e-05,6.27750584778626e-11,0.23256748444159206,5.0689167033273e-13,-0.00024886944692330173,0.00015045751405063122,0.000248862935886725,42.60121157515203,4,True,balance,3.447329498923976e-07,-1.3226188420786515,-2.1053599184070415e-05,3.447328566147086e-07,-1.3226188420789264,-2.105359915893758e-05,0.18384776310850237,0.23256755992208045,0.1831403909541808,0.18314039095418325
8.39000000000079,-9.795916110940867e-05,6.277508615746348e-11,0.2325674855718588,4.983363075491483e-13,-0.00024514130011406933,0.00014820138111024686,0.0002451341595243638,42.60121161472662,4,True,balance,3.395634623673537e-07,-1.3226189711941068,-2.0738265585096057e-05,3.3956337099878044e-07,-1.3226189711943697,-2.0738265554513573e-05,0.18384776310850237,0.23256755992208045,0.18314039746667207,0.1831403974666745
8.400000000000784,-9.648939781317928e-05,6.277511375701894e-11,0.2325674866852364,4.898735453577042e-13,-0.0002414689092444004,0.00014597904638199782,0.0002414579949438868,42.60121165371595,4,True,balance,3.3447141975751296e-07,-1.3226190983778305,-2.0427646377637473e-05,3.344713302900831e-07,-1.3226190983781252,-2.0427646353638102e-05,0.18384776310850237,0.23256755992208045,0.18314040388181982,0.1831404038818222
8.410000000000778,-9.50416743402761e-05,6.277514098027719e-11,0.23256748778197628,4.815123149084106e-13,-0.00023785144284156149,0.00014379000439352382,0.00023783994657511953,42.60121169212802,4,True,balance,3.294556636970086e-07,-1.3226192236586591,-2.0121671334749675e-05,3.294555747499162e-07,-1.3226192236589687,-2.0121671309115897e-05,0.18384776310850237,0.23256755992208045,0.1831404102010738,0.18314041020107613
8.420000000000773,-9.36156605081091e-05,6.277516592736754e-11,0.23256748886232617,4.737647509699218e-13,-0.00023428808177185904,0.00014163375721097017,0.0002342764841838828,42.60121172996755,4,True,balance,3.2451505595159573e-07,-1.3226193470649978,-1.9820271207876327e-05,3.2451496636944374e-07,-1.3226193470653198,-1.982027117735216e-05,0.18384776310850237,0.23256755992208045,0.18314041642586246,0.18314041642586487
8.430000000000767,-9.221103107250067e-05,6.277519147004234e-11,0.23256748992653006,4.658748082892368e-13,-0.0002307780190596441,0.0001395098143251597,0.0002307653983987223,42.60121176724777,4,True,balance,3.1964846443808774e-07,-1.322619468624831,-1.952337780329335e-05,3.196483781604874e-07,-1.3226194686250883,-1.952337777365511e-05,0.18384776310850237,0.23256755992208045,0.1831404225575935,0.18314042255759586
8.440000000000762,-9.082746565403005e-05,6.277521994421455e-11,0.23256749097482834,4.57289207786546e-13,-0.00022732045970530942,0.00013741769254404682,0.00022730590950887625,42.60121180397555,4,True,balance,3.1485478848074953e-07,-1.3226195883656955,-1.923092394817585e-05,3.1485470816326943e-07,-1.3226195883659377,-1.923092392076078e-05,0.18384776310850237,0.23256755992208045,0.18314042859765337,0.18314042859765567
8.450000000000756,-8.946464866547093e-05,6.277524785647638e-11,0.23256749200745785,4.489281648994201e-13,-0.00022391462051182692,0.00013535691588226624,0.0002238987813962624,42.601211840158854,4,True,balance,3.101329360988747e-07,-1.3226197063147507,-1.89428434485565e-05,3.101328573512397e-07,-1.3226197063150071,-1.894284342547908e-05,0.18384776310850237,0.23256755992208045,0.18314043454740786,0.18314043454741025
8.46000000000075,-8.812226924030947e-05,6.277527042426096e-11,0.23256749302465207,4.4194531396509854e-13,-0.0002205597299101219,0.00013332701545513387,0.00022054313564122673,42.60121187580556,4,True,balance,3.054818371568906e-07,-1.3226198224987493,-1.8659071102209443e-05,3.0548175645021243e-07,-1.322619822499007,-1.8659071074681983e-05,0.18384776310850237,0.23256755992208045,0.183140440408203,0.18314044040820526
8.470000000000745,-8.68000211623283e-05,6.277529339892078e-11,0.2325674940266409,4.3480943298212904e-13,-0.00021725502778834757,0.0001313275293717807,0.00021723800252713393,42.601211910921165,4,True,balance,3.0090042421315717e-07,-1.3226199369439637,-1.8379542669433653e-05,3.009003470965858e-07,-1.322619936944249,-1.837954265026502e-05,0.18384776310850237,0.23256755992208045,0.1831404461813644,0.1831404461813666
8.48000000000074,-8.549760279622292e-05,6.2775311979927e-11,0.23256749501365073,4.28813394866424e-13,-0.0002139997653222452,0.0001293580026335329,0.00021397720638909097,42.601211945517555,4,True,balance,2.9638766459830195e-07,-1.3226200496765161,-1.8104194865941158e-05,2.9638758230376564e-07,-1.3226200496767895,-1.8104194838467434e-05,0.18384776310850237,0.23256755992208045,0.18314045186819863,0.18314045186820063
8.490000000000734,-8.421471701926256e-05,6.277532843006018e-11,0.23256749598590482,4.233113432318924e-13,-0.0002107932048090536,0.00012741798702950297,0.0002107714512498348,42.6012119795982,4,True,balance,2.9194252545844e-07,-1.3226201607218886,-1.783296534415151e-05,2.9194244225126636e-07,-1.3226201607221113,-1.7832965316719488e-05,0.18384776310850237,0.23256755992208045,0.18314045746999189,0.18314045746999394
8.500000000000728,-8.295107115395463e-05,6.277534334471458e-11,0.23256749694362297,4.1819017795421534e-13,-0.00020763461950483081,0.00012550704103709944,0.00020760924288218074,42.60121201317605,4,True,balance,2.8756399569941903e-07,-1.3226202701052299,-1.756579267995824e-05,2.875639090547299e-07,-1.322620270105467,-1.756579264952262e-05,0.18384776310850237,0.23256755992208045,0.18314046298801237,0.18314046298801437
8.510000000000723,-8.170637690171682e-05,6.277536282031746e-11,0.23256749788702177,4.1191465479363895e-13,-0.00020452329346142128,0.00012362472972202683,0.00020449794827051248,42.601212046252584,4,True,balance,2.832510744317788e-07,-1.322620377851395,-1.7302616361196614e-05,2.8325099372867846e-07,-1.3226203778516257,-1.7302616337528514e-05,0.18384776310850237,0.23256755992208045,0.1831404684235089,0.18314046842351087
8.520000000000717,-8.048035027752927e-05,6.27753882303141e-11,0.23256749881631458,4.0420722197792165e-13,-0.0002014585213676067,0.00012177062464102739,0.00020143087986944046,42.60121207883954,4,True,balance,2.7900278114047774e-07,-1.3226204839849114,-1.7043376788435958e-05,2.7900271294859277e-07,-1.3226204839851172,-1.7043376770261382e-05,0.18384776310850237,0.23256755992208045,0.1831404737777119,0.18314047377771397
8.530000000000712,-7.927271154556064e-05,6.277541035189419e-11,0.2325674997317117,3.9744226265965107e-13,-0.00019843960839211996,0.00011994430374423289,0.00019841192558395937,42.601212110944076,4,True,balance,2.7481815924393497e-07,-1.322620588529693,-1.678801522450207e-05,2.748180876705327e-07,-1.3226205885299314,-1.6788015196099708e-05,0.18384776310850237,0.23256755992208045,0.1831404790518336,0.18314047905183561
8.540000000000706,-7.808318515574998e-05,6.277542988757773e-11,0.23256750063342016,3.9134401165630356e-13,-0.00019546587003122371,0.00011814535128200723,0.00019543399076549358,42.601212142564385,4,True,balance,2.706962467970451e-07,-1.3226206915095926,-1.6536473810702128e-05,2.706961743502104e-07,-1.322620691509841,-1.653647378924444e-05,0.18384776310850237,0.23256755992208045,0.18314048424706791,0.1831404842470699
8.5500000000007,-7.691149968133126e-05,6.277544872892876e-11,0.23256750152164407,3.853752607719054e-13,-0.00019253663195487348,0.00011637335770889627,0.0001925027657506048,42.60121217372475,4,True,balance,2.6663610464177787e-07,-1.3226207929479383,-1.628869554643205e-05,2.666360328087422e-07,-1.3226207929481473,-1.6288695528878036e-05,0.18384776310850237,0.23256755992208045,0.1831404893645924,0.18314048936459423
8.560000000000695,-7.57573877572867e-05,6.277546825233661e-11,0.23256750239658439,3.7926155306734553e-13,-0.0001896512298529968,0.00011462791959474684,0.00018961849464071577,42.601212204423135,4,True,balance,2.62636815102529e-07,-1.3226208928677599,-1.6044624320700668e-05,2.626367428684029e-07,-1.3226208928680139,-1.604462429956355e-05,0.18384776310850237,0.23256755992208045,0.18314049440556474,0.18314049440556657
8.57000000000069,-7.462058601970818e-05,6.277548311570576e-11,0.2325675032584392,3.743426203643365e-13,-0.00018680900929417146,0.00011290863953044249,0.00018681457031529528,42.60121223465593,4,True,balance,2.586974678048768e-07,-1.3226209912918159,-1.5804204790086944e-05,2.5869738908035056e-07,-1.322620991292044,-1.580420476109233e-05,0.18384776310850237,0.23256755992208045,0.18314049937112664,0.18314049937112845
8.580000000000684,-7.350083504607054e-05,6.277550005672581e-11,0.23256750410740354,3.688721048254626e-13,-0.00018400932557737358,0.0001112151260406023,0.00018401347567899344,42.60121226444619,4,True,balance,2.548171496569204e-07,-1.3226210882424,-1.5567382453114688e-05,2.5481707851406667e-07,-1.3226210882426184,-1.556738243022218e-05,0.18384776310850237,0.23256755992208045,0.1831405042624045,0.18314050426240638
8.590000000000678,-7.239787929638647e-05,6.277552073826617e-11,0.23256750494366973,3.6249487884663374e-13,-0.00018125154358447843,0.00010954699349383787,0.00018125556197456997,42.601212293791804,4,True,balance,2.5099499089139407e-07,-1.3226211837414779,-1.5334103617983472e-05,2.509949249233831e-07,-1.322621183741673,-1.5334103598106923e-05,0.18384776310850237,0.23256755992208045,0.18314050908050583,0.1831405090805076
8.600000000000673,-7.131146705524331e-05,6.27755431001734e-11,0.23256750576742705,3.557499208969242e-13,-0.00017853503764402615,0.00010790386201692178,0.00017853874752829236,42.60121232269941,4,True,balance,2.4723011924653686e-07,-1.3226212778107351,-1.5104315416244855e-05,2.4723005954294015e-07,-1.3226212778109605,-1.5104315402203712e-05,0.18384776310850237,0.23256755992208045,0.1831405138265222,0.183140513826524
8.610000000000667,-7.02413503746929e-05,6.277555801764952e-11,0.2325675065788621,3.509355425691429e-13,-0.00017585919138922307,0.00010628535740902176,0.00017586493709158157,42.601212351181125,4,True,balance,2.4352168367194543e-07,-1.3226213704715837,-1.4877965763765263e-05,2.435216168366879e-07,-1.3226213704717893,-1.4877965735716289e-05,0.18384776310850237,0.23256755992208045,0.18314051850152926,0.18314051850153104
8.620000000000662,-6.918728501798789e-05,6.277557209370597e-11,0.23256750737815862,3.4629105509269595e-13,-0.00017322339762140194,0.00010469111105760605,0.00017322560228582226,42.60121237923699,4,True,balance,2.398688255694041e-07,-1.3226214617450711,-1.4655003305518998e-05,2.398687605791419e-07,-1.3226214617452692,-1.4655003281593733e-05,0.18384776310850237,0.23256755992208045,0.1831405231065866,0.1831405231065883
8.630000000000656,-6.814903040416677e-05,6.27755875485346e-11,0.23256750816549768,3.4130554155571707e-13,-0.0001706270581742331,0.00010312075985430425,0.0001706266151426241,42.6012124068764,4,True,balance,2.3627072097259722e-07,-1.322621551651881,-1.4435377479706962e-05,2.362706592501195e-07,-1.3226215516521034,-1.4435377461896691e-05,0.18384776310850237,0.23256755992208045,0.18314052764273803,0.18314052764273975
8.64000000000065,-6.712634955345845e-05,6.277560164937057e-11,0.23256750894105765,3.3666179906095e-13,-0.00016806958378001182,0.00010157394611392699,0.00016806551033028087,42.601212434105044,4,True,balance,2.3272655241126576e-07,-1.3226216402124953,-1.421903849215197e-05,2.3272648574784666e-07,-1.3226216402126776,-1.4219038471433456e-05,0.18384776310850237,0.23256755992208045,0.1831405321110118,0.18314053211101342
8.650000000000645,-6.61190090334955e-05,6.277561709981067e-11,0.23256750970501436,3.316807685587361e-13,-0.0001655503939389865,0.00010005031749316696,0.00016554184443968415,42.60121246092748,4,True,balance,2.2923550934896918e-07,-1.322621727446927,-1.4005937249618313e-05,2.2923544203327965e-07,-1.3226217274471368,-1.4005937225884843e-05,0.18384776310850237,0.23256755992208045,0.18314053651242107,0.1831405365124227
8.66000000000064,-6.512677890633295e-05,6.277563392999724e-11,0.2325675104575408,3.263668896942788e-13,-0.00016306891678927727,9.854952691180186e-05,0.00016305959100345097,42.60121248735338,4,True,balance,2.2579679224453384e-07,-1.3226218133751058,-1.379602543075858e-05,2.257967293475255e-07,-1.3226218133752992,-1.3796025412048401e-05,0.18384776310850237,0.23256755992208045,0.18314054084796388,0.18314054084796538
8.670000000000634,-6.41494326762465e-05,6.277565008450531e-11,0.23256751119880748,3.2124844999605765e-13,-0.00016062458897806567,9.707123247426013e-05,0.00016061613174541358,42.601212513384965,4,True,balance,2.2240962111984044e-07,-1.3226218980165456,-1.358925540061911e-05,2.224095615700937e-07,-1.3226218980167141,-1.3589255382707122e-05,0.18384776310850237,0.23256755992208045,0.18314054511862307,0.1831405451186247
8.680000000000629,-6.318674723831875e-05,6.277566643174297e-11,0.23256751192898245,3.1612796076464275e-13,-0.0001582168555373711,9.561509739192674e-05,0.0001582109604515299,42.60121253902843,4,True,balance,2.1907322892137944e-07,-1.3226219813904159,-1.3385580255888687e-05,2.1907316828099478e-07,-1.322621981390645,-1.3385580235567594e-05,0.18384776310850237,0.23256755992208045,0.18314054932536758,0.1831405493253691
8.690000000000623,-6.223850282778132e-05,6.277568172593415e-11,0.2325675126482313,3.11288388134656e-13,-0.0001558451697593254,9.418078990751175e-05,0.00015583649505447402,42.60121256429176,4,True,balance,2.1578685102790403e-07,-1.3226220635157393,-1.3184953758284907e-05,2.1578679088134975e-07,-1.322622063515947,-1.3184953742956491e-05,0.18384776310850237,0.23256755992208045,0.1831405534691516,0.18314055346915314
8.700000000000617,-6.130448297012079e-05,6.277569873860814e-11,0.23256751335671702,3.0602099858926655e-13,-0.0001535089930748161,9.276798321980977e-05,0.00015349416056796003,42.60121258917948,4,True,balance,2.12549737025717e-07,-1.322622144411128,-1.298733039426179e-05,2.1254967814253016e-07,-1.3226221444112993,-1.298733037761314e-05,0.18384776310850237,0.23256755992208045,0.18314055755091505,0.18314055755091652
8.710000000000612,-6.0384474431917536e-05,6.277571681213756e-11,0.23256751405460024,3.004937836095374e-13,-0.00015120779493195876,9.137635541072811e-05,0.00015119509296782893,42.60121261369448,4,True,balance,2.093611508459138e-07,-1.322622224094943,-1.2792665301845381e-05,2.093610960136002e-07,-1.3226222240950964,-1.2792665286230654e-05,0.18384776310850237,0.23256755992208045,0.18314056157158376,0.18314056157158523
8.720000000000606,-5.947826717241977e-05,6.27757328049879e-11,0.23256751474203927,2.955455972877236e-13,-0.00014894105267752056,9.000558937195652e-05,0.00014892906019622624,42.60121263784808,4,True,balance,2.0622036986551792e-07,-1.3226223025853485,-1.260091431403815e-05,2.0622031326367455e-07,-1.3226223025855386,-1.260091429360512e-05,0.18384776310850237,0.23256755992208045,0.18314056553207012,0.18314056553207153
8.7300000000006,-5.858565429583779e-05,6.27757494258002e-11,0.23256751541919,2.9043978869586295e-13,-0.00014670825144153153,8.865537273363443e-05,0.00014669510864090144,42.601212661637284,4,True,balance,2.031266704179676e-07,-1.3226223799001577,-1.2412033878230076e-05,2.031266157447742e-07,-1.3226223799003183,-1.2412033861592798e-05,0.18384776310850237,0.23256755992208045,0.183140569433273,0.18314056943327442
8.740000000000595,-5.770643200435487e-05,6.27757655115142e-11,0.232567516086206,2.8547703501433747e-13,-0.00014450888402037996,8.732539779297294e-05,0.00014449220391708162,42.60121268507829,4,True,balance,2.0007935287916377e-07,-1.322622456056906,-1.2225981129129923e-05,2.0007930007926252e-07,-1.3226224560570985,-1.2225981111984892e-05,0.18384776310850237,0.23256755992208045,0.18314057327607752,0.183140573276079
8.75000000000059,-5.6840399551826416e-05,6.277577781816374e-11,0.23256751674323856,2.814941235779023e-13,-0.00014234245076392106,8.601536144691112e-05,0.00014233203072265977,42.60121270816575,4,True,balance,1.9707772464205703e-07,-1.3226225310730442,-1.204271383106998e-05,1.9707767215611785e-07,-1.3226225310732367,-1.204271381714934e-05,0.18384776310850237,0.23256755992208045,0.1831405770613557,0.1831405770613571
8.760000000000584,-5.598735919817817e-05,6.277578715018023e-11,0.2325675173904367,2.7825233457216483e-13,-0.00014020845946475635,8.47249651204537e-05,0.00014019056863868393,42.60121273091231,4,True,balance,1.9412109784007119e-07,-1.3226226049655199,-1.1862190353240014e-05,1.9412104036649454e-07,-1.3226226049657042,-1.1862190337457358e-05,0.18384776310850237,0.23256755992208045,0.1831405807899672,0.18314058078996862
8.770000000000579,-5.514711616448104e-05,6.277579969475736e-11,0.23256751802794734,2.7416302514800747e-13,-0.00013810642524571894,8.345391470196908e-05,0.00013809244387210672,42.60121275331873,4,True,balance,1.9120879463044e-07,-1.3226226777511165,-1.1684369711174791e-05,1.9120874253463403e-07,-1.3226226777512946,-1.1684369699699094e-05,0.18384776310850237,0.23256755992208045,0.18314058446275802,0.1831405844627593
8.780000000000573,-5.4319478588692405e-05,6.277581229829091e-11,0.23256751865591507,2.7010104495925705e-13,-0.00013603587045287076,8.220192047568491e-05,0.000136020906560584,42.60121277539285,4,True,balance,1.8834015972041497e-07,-1.3226227494464813,-1.1509211526407575e-05,1.8834010622630075e-07,-1.3226227494466247,-1.1509211512687084e-05,0.18384776310850237,0.23256755992208045,0.18314058808056216,0.1831405880805634
8.790000000000568,-5.350425748205875e-05,6.277582669247668e-11,0.23256751927448246,2.6558672394777326e-13,-0.00013399632454876647,8.096869705567475e-05,0.0001339744696081124,42.60121279713732,4,True,balance,1.8551453272396732e-07,-1.3226228200678163,-1.1336676007984148e-05,1.8551448111899323e-07,-1.3226228200679495,-1.1336675995839017e-05,0.18384776310850237,0.23256755992208045,0.1831405916442009,0.18314059164420216
8.800000000000562,-5.27012666861678e-05,6.277584277415516e-11,0.23256751988378987,2.606997881176067e-13,-0.0001319873240061522,7.975396332219528e-05,0.00013197087211517885,42.60121281855899,4,True,balance,1.827312711244997e-07,-1.3226228896311885,-1.116672397001706e-05,1.8273122440033614e-07,-1.3226228896313914,-1.1166723958456517e-05,0.18384776310850237,0.23256755992208045,0.18314059515448353,0.18314059515448475
8.810000000000556,-5.191032283064092e-05,6.277585275434603e-11,0.23256752048397558,2.573792585435561e-13,-0.00013000841220491309,7.855744235795872e-05,0.0001299812545636151,42.601212839660946,4,True,balance,1.799897469239212e-07,-1.3226229581525124,-1.0999316813898696e-05,1.799896903194749e-07,-1.3226229581526863,-1.0999316791687303e-05,0.18384776310850237,0.23256755992208045,0.18314059861220727,0.1831405986122085
8.820000000000551,-5.113124529145373e-05,6.277586356939068e-11,0.23256752107517586,2.5379411659372273e-13,-0.00012805913932815806,7.737886138508936e-05,0.00012804043116654485,42.60121286044733,4,True,balance,1.7728932531750771e-07,-1.3226230256473348,-1.0834416490920612e-05,1.772892708615232e-07,-1.3226230256474834,-1.0834416471851251e-05,0.18384776310850237,0.23256755992208045,0.18314060201815707,0.1831406020181583
8.830000000000545,-5.036385614988155e-05,6.277587772081878e-11,0.2325675216575249,2.4936978814859685e-13,-0.00012613906226466062,7.621795170355924e-05,0.0001261044195972787,42.60121288092695,4,True,balance,1.7462939117335147e-07,-1.3226230921309785,-1.0671985537954548e-05,1.7462934282451772e-07,-1.322623092131108,-1.0671985526238422e-05,0.18384776310850237,0.23256755992208045,0.18314060537310706,0.1831406053731083
8.84000000000054,-4.960798015205394e-05,6.277589098585031e-11,0.23256752223115493,2.452283895439211e-13,-0.00012424774450521715,7.507444863099506e-05,0.00012422626595768463,42.60121290109806,4,True,balance,1.7200934616011366e-07,-1.3226231576185523,-1.0511987062926545e-05,1.7200929870498352e-07,-1.3226231576187097,-1.0511987049972389e-05,0.18384776310850237,0.23256755992208045,0.18314060867781862,0.18314060867781984
8.850000000000534,-4.8863444669110564e-05,6.277590635711984e-11,0.23256752279619622,2.4057089355840047e-13,-0.0001223847560486233,7.394809144203152e-05,0.00012234907012316281,42.60121292097303,4,True,balance,1.694285819760188e-07,-1.3226232221249996,-1.0354384699018119e-05,1.6942853838103295e-07,-1.3226232221251442,-1.0354384691631524e-05,0.18384776310850237,0.23256755992208045,0.1831406119330433,0.1831406119330444
8.860000000000529,-4.8130079657953e-05,6.27759154451441e-11,0.23256752335277703,2.375591034197597e-13,-0.0001205496733021011,7.283862331011946e-05,0.00012052429572940785,42.60121294054482,4,True,balance,1.6688652653227162e-07,-1.3226232856649767,-1.0199142630183563e-05,1.6688647567327944e-07,-1.3226232856651323,-1.0199142610892713e-05,0.18384776310850237,0.23256755992208045,0.18314061513951987,0.18314061513952093
8.870000000000523,-4.740771762258622e-05,6.27759275533189e-11,0.23256752390102386,2.337393340332727e-13,-0.00011874207898904558,7.174579124802761e-05,0.00011870524413843855,42.60121295982987,4,True,balance,1.6438257946874542e-07,-1.3226233482529646,-1.004622557439194e-05,1.6438253512000697e-07,-1.3226233482530674,-1.004622555976637e-05,0.18384776310850237,0.23256755992208045,0.18314061829797743,0.1831406182979786
8.880000000000518,-4.669619357602426e-05,6.277593995885942e-11,0.23256752444106116,2.298934710457419e-13,-0.00011696156205163801,7.066934605301412e-05,0.00011693270892868118,42.60121297882718,4,True,balance,1.6191618455081132e-07,-1.3226234099031897,-9.895598785756619e-06,1.6191614241479822e-07,-1.3226234099033227,-9.895598774904453e-06,0.18384776310850237,0.23256755992208045,0.18314062140913331,0.1831406214091345
8.890000000000512,-4.599534500277217e-05,6.27759494355117e-11,0.23256752497301159,2.26800194768547e-13,-0.00011520771756318343,6.960904224799368e-05,0.00011517403323466839,42.60121299754016,4,True,balance,1.5948677576998488e-07,-1.3226234706296838,-9.747228011688637e-06,1.5948673193480081e-07,-1.3226234706298088,-9.747227998431887e-06,0.18384776310850237,0.23256755992208045,0.18314062447369484,0.18314062447369595
8.900000000000507,-4.530501182187074e-05,6.2775954798565e-11,0.232567525496996,2.2472934900111463e-13,-0.00011348014663328054,6.856463802645021e-05,0.00011344271349956732,42.601213015975574,4,True,balance,1.570937979648847e-07,-1.3226235304462217,-9.601079527412308e-06,1.5709374930102331e-07,-1.32262353044636,-9.601079510698796e-06,0.18384776310850237,0.23256755992208045,0.18314062749235832,0.1831406274923594
8.910000000000501,-4.462503635048592e-05,6.277596242257847e-11,0.23256752601313344,2.2204648871853611e-13,-0.00011177845632096494,6.753589519943985e-05,0.00011174980603799731,42.60121303413665,4,True,balance,1.547367033110975e-07,-1.322623589366527,-9.457120109971427e-06,1.5473665924411354e-07,-1.3226235893666096,-9.457120094585887e-06,0.18384776310850237,0.23256755992208045,0.1831406304658096,0.18314063046581075
8.920000000000496,-4.395526326804174e-05,6.277597111371842e-11,0.2325675265215412,2.1913298372011944e-13,-0.00011010225954535085,6.652257913926797e-05,0.00011005735090591363,42.601213052025315,4,True,balance,1.524149551997003e-07,-1.3226236474038342,-9.315317023860444e-06,1.5241491377632312e-07,-1.3226236474040072,-9.315317015314376e-06,0.18384776310850237,0.23256755992208045,0.18314063339472514,0.18314063339472625
8.93000000000049,-4.3295539580891366e-05,6.27759761231888e-11,0.23256752702233482,2.1715595656109059e-13,-0.00010845117499748056,6.552445872810156e-05,0.00010841916866431704,42.60121306964675,4,True,balance,1.5012803065244972e-07,-1.3226237045715383,-9.175638035502694e-06,1.5012798509071435e-07,-1.322623704571677,-9.175638019129504e-06,0.18384776310850237,0.23256755992208045,0.1831406362797702,0.18314063627977126
8.940000000000484,-4.264571458751139e-05,6.2775984545708e-11,0.2325675275156281,2.142994697657165e-13,-0.00010682482705796228,6.454130630483512e-05,0.00010679339868702197,42.60121308700691,4,True,balance,1.4787539711809942e-07,-1.3226237608825488,-9.038051374432963e-06,1.4787535598833266e-07,-1.322623760882692,-9.038051363586604e-06,0.18384776310850237,0.23256755992208045,0.18314063912160097,0.18314063912160203
8.950000000000479,-4.200563984421742e-05,6.277599237483566e-11,0.23256752800153316,2.1161607112214e-13,-0.0001052228457076139,6.35728976139028e-05,0.00010516675510094465,42.601213104114755,4,True,balance,1.456565464745948e-07,-1.3226238163497137,-8.902525762022408e-06,1.4565650414168296e-07,-1.3226238163498392,-8.902525750301654e-06,0.18384776310850237,0.23256755992208045,0.18314064192086374,0.18314064192086463
8.960000000000473,-4.137516913139078e-05,6.277599914620932e-11,0.23256752848016038,2.0918271400370028e-13,-0.00010364486644888749,6.261901175350962e-05,0.00010360957411674289,42.601213120954384,4,True,balance,1.4347097517417845e-07,-1.3226238709856224,-8.769030363115124e-06,1.4347093215294053e-07,-1.322623870985738,-8.769030349335873e-06,0.18384776310850237,0.23256755992208045,0.18314064467819421,0.18314064467819524
8.970000000000468,-4.0754158420207585e-05,6.277600849053658e-11,0.2325675289516186,2.0611959205065172e-13,-0.00010209053022185387,6.167943112827906e-05,0.00010205006073235734,42.60121313754907,4,True,balance,1.4131818219055422e-07,-1.322623924802845,-8.63753483155619e-06,1.4131813944268263e-07,-1.3226239248029683,-8.63753481703936e-06,0.18384776310850237,0.23256755992208045,0.18314064739422023,0.18314064739422126
8.980000000000462,-4.014246583986472e-05,6.277601923769704e-11,0.23256752941601502,2.0274057973634294e-13,-0.00010055948332286683,6.075394139582013e-05,0.00010049173323401307,42.601213153899565,4,True,balance,1.391976707818681e-07,-1.3226239778134594,-8.508009235406147e-06,1.3919763117694488e-07,-1.322623977813591,-8.508009225243445e-06,0.18384776310850237,0.23256755992208045,0.18314065006955896,0.18314065006956035
8.990000000000457,-3.9539951645301165e-05,6.277602820338417e-11,0.23256752987345516,1.9981677047452996e-13,-9.905137732771338e-05,5.984233142109252e-05,9.900829811752243e-05,42.6012131699984,4,True,balance,1.371089635464436e-07,-1.3226240300295546,-8.380424120786044e-06,1.371089235547126e-07,-1.3226240300296679,-8.380424114084871e-06,0.18384776310850237,0.23256755992208045,0.18314065270481925,0.1831406527048202
9.000000000000451,-3.8946478185391264e-05,6.277604189424978e-11,0.232567530324043,1.9571976373251775e-13,-9.756586900824348e-05,5.8944393229499415e-05,9.752472158644985e-05,42.601213185865404,4,True,balance,1.350515864193232e-07,-1.322624081463274,-8.254750511005744e-06,1.350515472956231e-07,-1.3226240814633707,-8.254750499321033e-06,0.18384776310850237,0.23256755992208045,0.18314065530059995,0.1831406553006009
9.010000000000446,-3.836190987160453e-05,6.277606003675285e-11,0.2325675307678811,1.9052751362797923e-13,-9.610262025987254e-05,5.8059921955903786e-05,9.603720212551017e-05,42.60121320149374,4,True,balance,1.3302505888079667e-07,-1.3226241321260255,-8.130959718930615e-06,1.330250280472126e-07,-1.3226241321261298,-8.130959713245916e-06,0.18384776310850237,0.23256755992208045,0.18314065785749203,0.18314065785749306
9.02000000000044,-3.7786113147170744e-05,6.277607202038781e-11,0.23256753120507032,1.8698617981630646e-13,-9.466129802767972e-05,5.7188715800694036e-05,9.468422873255097e-05,42.60121321688185,4,True,balance,1.3102893503054907e-07,-1.3226241820293878,-8.009023643454276e-06,1.3102890060960809e-07,-1.322624182029503,-8.009023631896755e-06,0.18384776310850237,0.23256755992208045,0.18314066037607588,0.18314066037607687
9.030000000000435,-3.721895645666512e-05,6.277608696299742e-11,0.2325675316357101,1.8266916899075638e-13,-9.324157422364705e-05,5.633057598482696e-05,9.327648033833965e-05,42.60121323204635,4,True,balance,1.2906274337909263e-07,-1.3226242311848913,-7.8889145439814e-06,1.2906271217039366e-07,-1.3226242311850311,-7.888914540571868e-06,0.18384776310850237,0.23256755992208045,0.18314066285692635,0.1831406628569272
9.040000000000429,-3.666031021605511e-05,6.277609665255482e-11,0.2325675320598983,1.7969998230948619e-13,-9.184312565415103e-05,5.548530670322158e-05,9.18669964956647e-05,42.601213246985274,4,True,balance,1.2712604633662752e-07,-1.3226242796036616,-7.770605076034206e-06,1.2712600805258992e-07,-1.3226242796037486,-7.770605061945588e-06,0.18384776310850237,0.23256755992208045,0.183140665300607,0.18314066530060788
9.050000000000423,-3.61100467832115e-05,6.277610307328933e-11,0.2325675324777315,1.7754982793300927e-13,-9.046563395117597e-05,5.465271508066762e-05,9.045972519632416e-05,42.60121326169923,4,True,balance,1.252183940567791e-07,-1.322624327296654,-7.654068307749905e-06,1.2521835582141499e-07,-1.3226243272967764,-7.654068293937173e-06,0.18384776310850237,0.23256755992208045,0.18314066770767398,0.18314066770767484
9.060000000000418,-3.556804042884562e-05,6.277611007043132e-11,0.23256753288930476,1.75199172368857e-13,-8.910878550073403e-05,5.383261112835451e-05,8.913249663299212e-05,42.601213276193675,4,True,balance,1.2333935835037247e-07,-1.322624374274792,-7.5392777224403464e-06,1.2333932345694338e-07,-1.322624374274925,-7.539277712741416e-06,0.18384776310850237,0.23256755992208045,0.18314067007867424,0.1831406700786751
9.070000000000412,-3.503416730788721e-05,6.27761169996715e-11,0.23256753329471178,1.7288030953193437e-13,-8.777227137373831e-05,5.302480770006895e-05,8.780180947578678e-05,42.60121329047084,4,True,balance,1.214885067007261e-07,-1.322624420548739,-7.426207194486172e-06,1.2148847201719474e-07,-1.3226244205488504,-7.426207184612028e-06,0.18384776310850237,0.23256755992208045,0.18314067241414803,0.18314067241414883
9.080000000000407,-3.4508305431284555e-05,6.27761207262114e-11,0.23256753369404465,1.7137452977351199e-13,-8.645578724925985e-05,5.222912045130742e-05,8.647593373331436e-05,42.60121330453601,4,True,balance,1.196654144376859e-07,-1.3226244661290807,-7.3148310050691056e-06,1.1966537572777327e-07,-1.3226244661291902,-7.314830990594292e-06,0.18384776310850237,0.23256755992208045,0.18314067471462697,0.1831406747146277
9.090000000000401,-3.399033463822278e-05,6.277613032461009e-11,0.23256753408739425,1.683310538665905e-13,-8.515903334919483e-05,5.1445367796249524e-05,8.514653369709733e-05,42.601213318392674,4,True,balance,1.1786966216538305e-07,-1.3226245110261976,-7.205123776936113e-06,1.1786963283148902e-07,-1.3226245110263082,-7.205123770097844e-06,0.18384776310850237,0.23256755992208045,0.18314067698063438,0.18314067698063524
9.100000000000396,-3.348013656876608e-05,6.277613958856669e-11,0.2325675344748501,1.6545430817304703e-13,-8.38817143734924e-05,5.067337086650309e-05,8.389602292904634e-05,42.60121333203995,4,True,balance,1.1610085399712794e-07,-1.3226245552502902,-7.097060551195539e-06,1.1610082473238779e-07,-1.3226245552503997,-7.097060542405861e-06,0.18384776310850237,0.23256755992208045,0.18314067921268548,0.1831406792126863
9.11000000000039,-3.2977594636904725e-05,6.277614899597743e-11,0.23256753485650036,1.6256032451281634e-13,-8.262353943398707e-05,4.991295347102931e-05,8.265745962745557e-05,42.60121334548474,4,True,balance,1.1435857625411671e-07,-1.3226245988114709,-6.990616730609715e-06,1.1435854815514589e-07,-1.3226245988115541,-6.990616723771523e-06,0.18384776310850237,0.23256755992208045,0.1831406814112887,0.18314068141128959
9.120000000000385,-3.248259400400205e-05,6.277615577656472e-11,0.23256753523243184,1.6036528293007491e-13,-8.138422198335797e-05,4.916394205572161e-05,8.141348407441441e-05,42.60121335873062,4,True,balance,1.1264243208129909e-07,-1.3226246417196084,-6.885768071409789e-06,1.1264239920336795e-07,-1.3226246417197052,-6.8857680625838545e-06,0.18384776310850237,0.23256755992208045,0.18314068357694505,0.18314068357694577
9.13000000000038,-3.1995021552640275e-05,6.277616208876298e-11,0.23256753560273016,1.5825765738124747e-13,-8.016347975281591e-05,4.842616566499686e-05,8.017293678917209e-05,42.6012133717751,4,True,balance,1.1095203065168171e-07,-1.3226246839845865,-6.782490714539392e-06,1.1095199823165575e-07,-1.3226246839846638,-6.7824907027147105e-06,0.18384776310850237,0.23256755992208045,0.18314068571014708,0.18314068571014785
9.140000000000374,-3.1514765860855654e-05,6.277617445416877e-11,0.23256753596747956,1.546353869107072e-13,-7.896103468937276e-05,4.769945590130293e-05,7.894982984895226e-05,42.601213384626625,4,True,balance,1.0928698056702884e-07,-1.3226247256158963,-6.6807611330399215e-06,1.0928695592184376e-07,-1.322624725615987,-6.680761128182584e-06,0.18384776310850237,0.23256755992208045,0.18314068781138038,0.1831406878113813
9.150000000000368,-3.104171717675704e-05,6.277618062797335e-11,0.23256753632676308,1.5263361244985883e-13,-7.777661289553166e-05,4.6983646888931935e-05,7.779653676287967e-05,42.60121339728748,4,True,balance,1.0764692218649214e-07,-1.3226247666231343,-6.580556167917215e-06,1.0764688877763059e-07,-1.322624766623274,-6.5805561581231016e-06,0.18384776310850237,0.23256755992208045,0.1831406898811231,0.1831406898811238
9.160000000000363,-3.057576739353177e-05,6.277618575759801e-11,0.23256753668066246,1.5084486062008892e-13,-7.660994456610228e-05,4.627857523401034e-05,7.664966587411086e-05,42.60121340975805,4,True,balance,1.0603145442439584e-07,-1.322624807015589,-6.481852997841888e-06,1.0603142154126562e-07,-1.3226248070156865,-6.481852988182318e-06,0.18384776310850237,0.23256755992208045,0.18314069191984678,0.1831406919198475
9.170000000000357,-3.011681002481396e-05,6.277619241029134e-11,0.2325675370292583,1.4866074160890248e-13,-7.546076392250063e-05,4.5584079990022394e-05,7.549985571671436e-05,42.601213422041425,4,True,balance,1.0444022321634615e-07,-1.3226248468025272,-6.384629151265415e-06,1.0444019196332364e-07,-1.322624846802616,-6.3846291470572025e-06,0.18384776310850237,0.23256755992208045,0.18314069392801582,0.18314069392801663
9.180000000000351,-2.9664740180425357e-05,6.277619857786043e-11,0.23256753737262997,1.4661150199474474e-13,-7.432880915676856e-05,4.49000026189566e-05,7.435187197127368e-05,42.601213434142934,4,True,balance,1.0287285863376377e-07,-1.3226248859929175,-6.2888624848616365e-06,1.0287282690915567e-07,-1.3226248859929939,-6.288862474828484e-06,0.18384776310850237,0.23256755992208045,0.18314069590608748,0.1831406959060883
9.190000000000346,-2.921945454247936e-05,6.277620784070925e-11,0.23256753771085562,1.4379128824596305e-13,-7.321382237224785e-05,4.4226186957446005e-05,7.320082175998958e-05,42.601213446065884,4,True,balance,1.013290088678308e-07,-1.3226249245958321,-6.194531188908245e-06,1.0132898192126695e-07,-1.3226249245959354,-6.194531181283651e-06,0.18384776310850237,0.23256755992208045,0.18314069785451234,0.183140697854513
9.20000000000034,-2.878085134184172e-05,6.277621635199292e-11,0.23256753804401226,1.4117238720303033e-13,-7.2115549525563e-05,4.35624791788549e-05,7.21072374219701e-05,42.60121345780467,4,True,balance,9.980832135950084e-08,-1.3226249626199311,-6.101613765337094e-06,9.980829262526716e-08,-1.3226249626200324,-6.101613760043602e-06,0.18384776310850237,0.23256755992208045,0.18314069977373348,0.1831406997737341
9.210000000000335,-2.834883033494384e-05,6.277622102328534e-11,0.23256753837217578,1.395214651260072e-13,-7.10337403721955e-05,4.290872776038692e-05,7.105838602295564e-05,42.60121346937055,4,True,balance,9.831044738973142e-08,-1.3226250000738997,-6.010089065835775e-06,9.831041447857203e-08,-1.322625000074015,-6.010089054390574e-06,0.18384776310850237,0.23256755992208045,0.18314070166418808,0.18314070166418878
9.22000000000033,-2.7923292780939565e-05,6.277622942245213e-11,0.23256753869542085,1.3689789567003458e-13,-6.996814840477494e-05,4.2264783447939824e-05,7.000943899263505e-05,42.60121348076509,4,True,balance,9.683503815341308e-08,-1.3226250369663968,-5.919936227467419e-06,9.683501115037161e-08,-1.3226250369664476,-5.919936219487955e-06,0.18384776310850237,0.23256755992208045,0.1831407035263073,0.18314070352630793
9.230000000000324,-2.750414141920491e-05,6.277623561221795e-11,0.23256753901382116,1.3490791583107403e-13,-6.89185307975878e-05,4.163049922228475e-05,6.89603919671046e-05,42.601213491988794,4,True,balance,9.538176908625427e-08,-1.3226250733057339,-5.831134738302313e-06,9.538173716325877e-08,-1.3226250733058007,-5.831134724842709e-06,0.18384776310850237,0.23256755992208045,0.18314070536051516,0.1831407053605158
9.240000000000318,-2.709128044717295e-05,6.277624289113668e-11,0.23256753932744922,1.3265272123997094e-13,-6.788464835433944e-05,4.100573026540467e-05,6.791124031238882e-05,42.60121350304534,4,True,balance,9.395029488746482e-08,-1.3226251091001555,-5.743664328518764e-06,9.395026799450332e-08,-1.3226251091002397,-5.743664323772344e-06,0.18384776310850237,0.23256755992208045,0.18314070716722947,0.18314070716723013
9.250000000000313,-2.668461549850458e-05,6.277624897501647e-11,0.23256753963637639,1.3069988044447136e-13,-6.686626545299733e-05,4.039033392778543e-05,6.686197910318275e-05,42.60121351393556,4,True,balance,9.254030019206968e-08,-1.322625144357938,-5.657505105410723e-06,9.254027220409406e-08,-1.3226251443580166,-5.657505099958538e-06,0.18384776310850237,0.23256755992208045,0.18314070894686188,0.18314070894686243
9.260000000000307,-2.62840536215785e-05,6.277625665715585e-11,0.23256753994067297,1.283327196288527e-13,-6.586314999217656e-05,3.978416969620738e-05,6.581260309955054e-05,42.601213524666846,4,True,balance,9.115145844461925e-08,-1.3226251790871115,-5.57263742841405e-06,9.11514313007107e-08,-1.3226251790871757,-5.572637420040299e-06,0.18384776310850237,0.23256755992208045,0.18314071069981772,0.1831407106998183
9.270000000000302,-2.5889503258305996e-05,6.277626484014613e-11,0.2325675402404085,1.2586010736212946e-13,-6.487507334171832e-05,3.918709916170634e-05,6.486994413087035e-05,42.60121353523306,4,True,balance,8.978345647995422e-08,-1.3226252132954677,-5.489041947626619e-06,8.978342996434463e-08,-1.3226252132955285,-5.4890419405102005e-06,0.18384776310850237,0.23256755992208045,0.18314071242649552,0.18314071242649624
9.280000000000296,-2.550087422326737e-05,6.277627279094021e-11,0.2325675405356511,1.2346108816256032e-13,-6.390181029118442e-05,3.8598985987224855e-05,6.393048853765013e-05,42.60121354563985,4,True,balance,8.843597242024244e-08,-1.3226252469908397,-5.40669962046216e-06,8.84359481834615e-08,-1.3226252469909126,-5.406699612143873e-06,0.18384776310850237,0.23256755992208045,0.1831407141272897,0.18314071412729033
9.29000000000029,-2.5118077683152607e-05,6.277628019953848e-11,0.232567540826468,1.211884255797117e-13,-6.294313899185491e-05,3.8019695878618797e-05,6.299437963898121e-05,42.60121355589586,4,True,balance,8.710870669013307e-08,-1.322625280181053,-5.3255917002781794e-06,8.710868125181937e-08,-1.322625280181072,-5.325591691818553e-06,0.18384776310850237,0.23256755992208045,0.18314071580258767,0.18314071580258826
9.300000000000285,-2.4741026136506665e-05,6.277629096984403e-11,0.23256754111292552,1.1809095796265085e-13,-6.199884091115432e-05,3.744909655277428e-05,6.205589598431106e-05,42.6012135659979,4,True,balance,8.580135140000566e-08,-1.3226253128735614,-5.245699683877717e-06,8.580133223693301e-08,-1.3226253128736132,-5.245699683795717e-06,0.18384776310850237,0.23256755992208045,0.1831407174527712,0.18314071745277177
9.31000000000028,-2.436963339378775e-05,6.277629824404276e-11,0.2325675413950889,1.1592674751882854e-13,-6.106870078352978e-05,3.688705770726818e-05,6.11149281731497e-05,42.60121357594984,4,True,balance,8.451361131418991e-08,-1.3226253450758108,-5.167005375375019e-06,8.451359213698197e-08,-1.32262534507593,-5.167005372051516e-06,0.18384776310850237,0.23256755992208045,0.18314071907821625,0.1831407190782168
9.320000000000274,-2.4003814557719107e-05,6.277630033022031e-11,0.23256754167302246,1.150521947201745e-13,-6.015250656207144e-05,3.6333450991391556e-05,6.017741647096494e-05,42.60121358574882,4,True,balance,8.324519622338652e-08,-1.3226253767952165,-5.089490839234217e-06,8.324517250641571e-08,-1.322625376795305,-5.089490834518039e-06,0.18384776310850237,0.23256755992208045,0.18314072067929327,0.18314072067929377
9.330000000000268,-2.3643486003933458e-05,6.277630252556735e-11,0.23256754194678952,1.1411759089376882e-13,-5.9250049369652955e-05,3.578814997685819e-05,5.923737265872572e-05,42.60121359540447,4,True,balance,8.199580836616271e-08,-1.3226254080389483,-5.013138397242847e-06,8.199578282451057e-08,-1.322625408039038,-5.013138388172408e-06,0.18384776310850237,0.23256755992208045,0.18314072225636707,0.1831407222563676
9.340000000000263,-2.32885653619097e-05,6.277630561100738e-11,0.23256754221645243,1.1295731749461704e-13,-5.8361123452467886e-05,3.5251030128943846e-05,5.829467424023911e-05,42.60121360491678,4,True,balance,8.076516432608337e-08,-1.3226254388141525,-4.9379306592881345e-06,8.076514046694994e-08,-1.3226254388142455,-4.9379306513738855e-06,0.18384776310850237,0.23256755992208045,0.1831407238097973,0.1831407238097978
9.350000000000257,-2.2938971496188125e-05,6.277631051141595e-11,0.23256754248207273,1.113332463028957e-13,-5.748552613298324e-05,3.47219687785506e-05,5.744443898678118e-05,42.60121361428081,4,True,balance,7.955298595949766e-08,-1.3226254691278576,-4.8638504755639894e-06,7.95529652132425e-08,-1.3226254691279349,-4.863850471838945e-06,0.18384776310850237,0.23256755992208045,0.18314072533993714,0.18314072533993767
9.360000000000252,-2.2594624487874885e-05,6.2776314461819e-11,0.23256754274371083,1.0998251327252478e-13,-5.6623057767681924e-05,3.4200845093711506e-05,5.662650088350587e-05,42.60121362350767,4,True,balance,7.835899759407464e-08,-1.3226254989869706,-4.79088096088071e-06,7.83589757020791e-08,-1.3226254989870199,-4.7908809545195364e-06,0.18384776310850237,0.23256755992208045,0.18314072684713603,0.18314072684713653
9.370000000000246,-2.225544561641874e-05,6.277631763887667e-11,0.23256754300142646,1.0882209997716915e-13,-5.5773521695307806e-05,3.368754005208552e-05,5.581616631792673e-05,42.601213632599624,4,True,balance,7.718291854754688e-08,-1.322625528398232,-4.719005475515625e-06,7.718289635693156e-08,-1.3226255283982917,-4.719005466691639e-06,0.18384776310850237,0.23256755992208045,0.1831407283317376,0.18314072833173806
9.38000000000024,-2.192135734165889e-05,6.277631911967244e-11,0.23256754325527823,1.0809390076716213e-13,-5.493672419410433e-05,3.3181936415304936e-05,5.500051974291025e-05,42.60121364155747,4,True,balance,7.602448534403877e-08,-1.3226255573684944,-4.648207663724804e-06,7.602446302478498e-08,-1.3226255573685834,-4.64820765660495e-06,0.18384776310850237,0.23256755992208045,0.18314072979408036,0.1831407297940809
9.390000000000235,-2.1592283286137914e-05,6.277631993163459e-11,0.23256754350532402,1.0750357372802021e-13,-5.411247443855576e-05,3.2683918700799854e-05,5.41927735945224e-05,42.60121365037719,4,True,balance,7.488343705461173e-08,-1.3226255859043474,-4.578471347837047e-06,7.488341433375548e-08,-1.3226255859044092,-4.578471340565842e-06,0.18384776310850237,0.23256755992208045,0.18314073123449756,0.18314073123449803
9.40000000000023,-2.126814821769317e-05,6.277632240940264e-11,0.23256754375162092,1.0649417076316815e-13,-5.3300584457985685e-05,3.2193373155336304e-05,5.3379632606295654e-05,42.60121365906535,4,True,balance,7.375950621263296e-08,-1.3226256140121995,-4.509780648406109e-06,7.375948416752774e-08,-1.322625614012253,-4.509780639165864e-06,0.18384776310850237,0.23256755992208045,0.1831407326533175,0.18314073265331807
9.410000000000224,-2.0948878032295843e-05,6.277632955486961e-11,0.2325675439942251,1.0433374396249537e-13,-5.250086909345693e-05,3.1710187730416275e-05,5.2567780087969366e-05,42.60121366762525,4,True,balance,7.265243768449045e-08,-1.3226256416984887,-4.442119886802833e-06,7.265242015459346e-08,-1.3226256416985445,-4.442119881729077e-06,0.18384776310850237,0.23256755992208045,0.1831407340508639,0.18314073405086448
9.420000000000218,-2.0634399737151643e-05,6.277633680820507e-11,0.23256754423319181,1.0220161234222317e-13,-5.1713145955083324e-05,3.123425205583508e-05,5.17502343860407e-05,42.601213676053945,4,True,balance,7.15619830368241e-08,-1.322625668969562,-4.37547366062054e-06,7.156196729434218e-08,-1.3226256689696005,-4.375473653045384e-06,0.18384776310850237,0.23256755992208045,0.18314073542745518,0.18314073542745574
9.430000000000213,-2.032464143405082e-05,6.277634122647845e-11,0.23256754446857553,1.0079107030140138e-13,-5.093723538086234e-05,3.076545741519702e-05,5.0941032605948336e-05,42.60121368436029,4,True,balance,7.048789181461156e-08,-1.3226256958316451,-4.3098267560954325e-06,7.048787323985665e-08,-1.3226256958316729,-4.309826745635128e-06,0.18384776310850237,0.23256755992208045,0.18314073678340528,0.1831407367834059
9.440000000000207,-2.001953230297156e-05,6.277634730514572e-11,0.23256754470042995,9.895406835609678e-14,-5.017296039620842e-05,3.030369672057849e-05,5.012603890543784e-05,42.6012136925394,4,True,balance,6.942991231109324e-08,-1.322625722290815,-4.245164200323105e-06,6.942990038011621e-08,-1.322625722290876,-4.245164198998605e-06,0.18384776310850237,0.23256755992208045,0.18314073811902346,0.18314073811902395
9.450000000000202,-1.9719002585925925e-05,6.277634880967547e-11,0.23256754492880788,9.831933504576278e-14,-4.942014667343654e-05,2.984886448860462e-05,4.930496607014022e-05,42.60121370059802,4,True,balance,6.838781248752712e-08,-1.3226257483531527,-4.181471265903649e-06,6.838779568466837e-08,-1.3226257483532566,-4.1814712600524975e-06,0.18384776310850237,0.23256755992208045,0.18314073943461415,0.1831407394346147
9.460000000000196,-1.9422983571045703e-05,6.277634917525741e-11,0.2325675451537614,9.792089691895582e-14,-4.867862249502108e-05,2.9400856816630114e-05,4.871001256471787e-05,42.60121370853194,4,True,balance,6.736135284187369e-08,-1.3226257740246152,-4.118733413074694e-06,6.736133455167167e-08,-1.3226257740246794,-4.118733405649378e-06,0.18384776310850237,0.23256755992208045,0.18314074073047626,0.18314074073047673
9.47000000000019,-1.9131407576911627e-05,6.277635014978509e-11,0.2325675453753418,9.735208976048018e-14,-4.7948218713230085e-05,2.8959571358128644e-05,4.8047055408422224e-05,42.60121371635207,4,True,balance,6.635028868413014e-08,-1.322625799311059,-4.056936335384866e-06,6.635027136400085e-08,-1.3226257993111281,-4.05693632842319e-06,0.18384776310850237,0.23256755992208045,0.18314074200690691,0.18314074200690741
9.480000000000185,-1.8844207937114014e-05,6.277635196009055e-11,0.23256754559359955,9.658320514063772e-14,-4.7228768704916557e-05,2.852490730066639e-05,4.7228424528491065e-05,42.60121372405622,4,True,balance,6.535439292705896e-08,-1.3226258242182518,-3.996065961933532e-06,6.535437312042571e-08,-1.32262582421834,-3.996065948863102e-06,0.18384776310850237,0.23256755992208045,0.1831407432641975,0.18314074326419805
9.49000000000018,-1.8561318985036502e-05,6.277635645719441e-11,0.23256754580858452,9.511353368029907e-14,-4.6520108338705555e-05,2.8096765342537016e-05,4.656002740212324e-05,42.60121373164275,4,True,balance,6.437344826326594e-08,-1.3226258487519325,-3.93610837105097e-06,6.43734317038093e-08,-1.3226258487519564,-3.936108363404874e-06,0.18384776310850237,0.23256755992208045,0.18314074450263323,0.18314074450263385
9.500000000000174,-1.8282676038887782e-05,6.277636248639593e-11,0.23256754602034574,9.330967634335609e-14,-4.5822075946456036e-05,2.7675047668753654e-05,4.5897778582493796e-05,42.60121373911369,4,True,balance,6.340722046852514e-08,-1.3226258729175175,-3.87704990082002e-06,6.340720584187847e-08,-1.3226258729175415,-3.877049897951428e-06,0.18384776310850237,0.23256755992208045,0.1831407457224974,0.183140745722498
9.510000000000169,-1.8008215386939588e-05,6.277636846123895e-11,0.23256754622893144,9.152802469417885e-14,-4.513451227491691e-05,2.7259657931136236e-05,4.5233891446213415e-05,42.60121374647586,4,True,balance,6.245548925390224e-08,-1.322625896720639,-3.818877100957693e-06,6.245547398999796e-08,-1.3226258967207085,-3.818877096253396e-06,0.18384776310850237,0.23256755992208045,0.18314074692406823,0.1831407469240687
9.520000000000163,-1.7737874272986956e-05,6.277637125607507e-11,0.23256754643438923,9.053849247554938e-14,-4.445726045289838e-05,2.6850501224968833e-05,4.4576469698778076e-05,42.60121375372771,4,True,balance,6.151803644160762e-08,-1.3226259201667108,-3.761576673254982e-06,6.151801710486145e-08,-1.3226259201667647,-3.761576664384245e-06,0.18384776310850237,0.23256755992208045,0.18314074810761974,0.1831407481076202
9.530000000000157,-1.7471590882033053e-05,6.277637919310596e-11,0.23256754663676588,8.821586231079312e-14,-4.379016595673635e-05,2.644748406811869e-05,4.390920593957879e-05,42.60121376087393,4,True,balance,6.059465966953566e-08,-1.3226259432612966,-3.705135577753145e-06,6.059464616981487e-08,-1.3226259432613245,-3.7051355782780055e-06,0.18384776310850237,0.23256755992208045,0.18314074927342203,0.18314074927342244
9.540000000000152,-1.7209304326184906e-05,6.277638488019081e-11,0.2325675468361077,8.651504188313843e-14,-4.313307657568494e-05,2.6050514378070394e-05,4.324850217707742e-05,42.60121376790604,4,True,balance,5.968513502302919e-08,-1.3226259660092137,-3.649540902048625e-06,5.968511635319844e-08,-1.3226259660093669,-3.649540898277221e-06,0.18384776310850237,0.23256755992208045,0.18314075042174083,0.18314075042174127
9.550000000000146,-1.695095463076398e-05,6.277639218530023e-11,0.2325675470324601,8.437386625305422e-14,-4.248584237616938e-05,2.5659501453335608e-05,4.258610623567307e-05,42.60121377483596,4,True,balance,5.8789259379784074e-08,-1.3226259884161196,-3.5947800011555153e-06,5.8789244487154446e-08,-1.3226259884161675,-3.5947800004634064e-06,0.18384776310850237,0.23256755992208045,0.18314075155283824,0.18314075155283852
9.56000000000014,-1.6696482720611954e-05,6.277640056271214e-11,0.23256754722586787,8.201470033642717e-14,-4.184831566829841e-05,2.5274355951509416e-05,4.192193790261168e-05,42.601213781662544,4,True,balance,5.7906826401361415e-08,-1.3226260104868413,-3.5408403569666085e-06,5.790681310681911e-08,-1.3226260104869028,-3.540840354909623e-06,0.18384776310850237,0.23256755992208045,0.18314075266697208,0.18314075266697244
9.570000000000135,-1.6445830406617566e-05,6.277640565408927e-11,0.23256754741637511,8.049100692839591e-14,-4.12203509725729e-05,2.4894989868701857e-05,4.125591157814672e-05,42.601213788388336,4,True,balance,5.703763392187204e-08,-1.3226260322264727,-3.4877096725898403e-06,5.7037619082748e-08,-1.3226260322265362,-3.487709668866451e-06,0.18384776310850237,0.23256755992208045,0.18314075376439676,0.18314075376439723
9.58000000000013,-1.6198940372434787e-05,6.277640882123591e-11,0.23256754760402526,7.942365485831481e-14,-4.060180498616063e-05,2.4521316520475538e-05,4.059691443515577e-05,42.60121379501413,4,True,balance,5.6181489001715995e-08,-1.3226260536400671,-3.4353758315190464e-06,5.6181471265910376e-08,-1.3226260536401129,-3.4353758232262127e-06,0.18384776310850237,0.23256755992208045,0.18314075484536269,0.18314075484536305
9.590000000000124,-1.59557561614036e-05,6.27764180169149e-11,0.2325675477888611,7.682986916084489e-14,-3.999253655132126e-05,2.4153250521089503e-05,3.992704200372046e-05,42.60121380153919,4,True,balance,5.533818300234362e-08,-1.3226260747324228,-3.383826875145929e-06,5.5338173880624e-08,-1.3226260747324616,-3.383826874624248e-06,0.18384776310850237,0.23256755992208045,0.18314075591011622,0.18314075591011664
9.600000000000119,-1.5716222163665336e-05,6.277642254806023e-11,0.23256754797092488,7.549639891483502e-14,-3.9392406623455195e-05,2.3790707764597e-05,3.925502304313921e-05,42.601213807965564,4,True,balance,5.450754162646816e-08,-1.3226260955083513,-3.3330510532243546e-06,5.450752803552467e-08,-1.322626095508411,-3.3330510484502177e-06,0.18384776310850237,0.23256755992208045,0.18314075695890056,0.18314075695890095
9.610000000000113,-1.5480283603475435e-05,6.277642371326992e-11,0.23256754815025812,7.498433196245353e-14,-3.880127824036715e-05,2.3433605405155126e-05,3.8778620820326584e-05,42.60121381429523,4,True,balance,5.368936526836769e-08,-1.3226261159725783,-3.283036774252702e-06,5.368934831029756e-08,-1.3226261159726322,-3.2830367679500807e-06,0.18384776310850237,0.23256755992208045,0.18314075799195415,0.18314075799195456
9.620000000000108,-1.5247886526697027e-05,6.277642491888627e-11,0.2325675483269017,7.441422182924518e-14,-3.821901648876065e-05,2.3081861839865327e-05,3.810547785496551e-05,42.60121382053298,4,True,balance,5.288346107467298e-08,-1.322626136129925,-3.2337726487184167e-06,5.288344444096988e-08,-1.3226261361299723,-3.2337726420219758e-06,0.18384776310850237,0.23256755992208045,0.18314075900951438,0.18314075900951468
9.630000000000102,-1.5018977788484553e-05,6.277642820690365e-11,0.23256754850089592,7.331449493294316e-14,-3.764548847143758e-05,2.2735396687892958e-05,3.754663147462509e-05,42.60121382667669,4,True,balance,5.2089654332864567e-08,-1.3226261559848826,-3.1852474128433903e-06,5.2089638463922105e-08,-1.3226261559849357,-3.185247407230379e-06,0.18384776310850237,0.23256755992208045,0.1831407600118119,0.1831407600118123
9.640000000000096,-1.4793505041156999e-05,6.277643286212726e-11,0.23256754867228052,7.18814825692917e-14,-3.708056328635381e-05,2.2394130773466677e-05,3.706793752798571e-05,42.601213832723616,4,True,balance,5.130776030010025e-08,-1.3226261755419293,-3.137449983837598e-06,5.1307746065130504e-08,-1.3226261755419653,-3.1374499823654478e-06,0.18384776310850237,0.23256755992208045,0.18314076099907586,0.18314076099907614
9.650000000000091,-1.457141672225406e-05,6.277643642884838e-11,0.23256754884109457,7.075195007457824e-14,-3.6524111988945276e-05,2.2057986107051618e-05,3.6592941662362e-05,42.60121383868533,4,True,balance,5.0537598893348963e-08,-1.322626194805605,-3.0903694768717887e-06,5.0537582319142306e-08,-1.322626194805646,-3.090369472143876e-06,0.18384776310850237,0.23256755992208045,0.18314076197153178,0.18314076197153203
9.660000000000085,-1.4352662042759402e-05,6.277643981504531e-11,0.23256754900737656,6.965082598330045e-14,-3.5976007563269824e-05,2.1726885869210302e-05,3.6121789765603266e-05,42.60121384456016,4,True,balance,4.9778995379084845e-08,-1.3226262137803493,-3.0439951425662914e-06,4.977898014206623e-08,-1.3226262137803604,-3.043995138954987e-06,0.18384776310850237,0.23256755992208045,0.18314076292940168,0.18314076292940198
9.67000000000008,-1.4137190975508941e-05,6.277644796209886e-11,0.23256754917116446,6.73547832834967e-14,-3.5436124893372836e-05,2.140075439112579e-05,3.543932030182262e-05,42.60121385034638,4,True,balance,4.9031769689653446e-08,-1.3226262324704579,-2.9983163970609764e-06,4.903176384257908e-08,-1.3226262324704912,-2.9983164026637182e-06,0.18384776310850237,0.23256755992208045,0.18314076387290484,0.1831407638729052
9.680000000000074,-1.3924954243769886e-05,6.277645242675904e-11,0.23256754933249574,6.60442260931834e-14,-3.4904340736994165e-05,2.1079517138532866e-05,3.497346992648366e-05,42.60121385603839,4,True,balance,4.829576782980352e-08,-1.3226262508800701,-2.953322792049466e-06,4.829575764911315e-08,-1.3226262508801139,-2.9533227879293827e-06,0.18384776310850237,0.23256755992208045,0.18314076480225502,0.1831407648022553
9.690000000000069,-1.3715903310001589e-05,6.277645465619566e-11,0.23256754949140718,6.529323896624161e-14,-3.438053370147409e-05,2.076310069383262e-05,3.4501330031494965e-05,42.601213861649654,4,True,balance,4.757080904595356e-08,-1.3226262690135062,-2.909004078570667e-06,4.757079640515827e-08,-1.3226262690135626,-2.90900407458854e-06,0.18384776310850237,0.23256755992208045,0.18314076571766516,0.1831407657176654
9.700000000000063,-1.350999036476426e-05,6.277645278847902e-11,0.23256754964793502,6.556230006973841e-14,-3.386458420915124e-05,2.0451432740892654e-05,3.4033349506398125e-05,42.60121386717705,4,True,balance,4.6856732316558375e-08,-1.3226262868749339,-2.8653501551017336e-06,4.6856713835473666e-08,-1.3226262868749943,-2.8653501465490894e-06,0.18384776310850237,0.23256755992208045,0.1831407666193442,0.1831407666193445
9.710000000000058,-1.3307168315806813e-05,6.277645509994013e-11,0.23256754980211494,6.473038479196213e-14,-3.335637447036822e-05,2.0144442047248482e-05,3.334092671967124e-05,42.601213872628236,4,True,balance,4.6153362529344915e-08,-1.3226263044684081,-2.8223510405636853e-06,4.6153351186979346e-08,-1.3226263044685063,-2.822351041450451e-06,0.18384776310850237,0.23256755992208045,0.18314076750749864,0.18314076750749894
9.720000000000052,-1.3107390777311284e-05,6.277645670343201e-11,0.2325675499539822,6.411597676340457e-14,-3.2855788457940596e-05,1.9842058448561096e-05,3.2867513271436206e-05,42.60121387798658,4,True,balance,4.546055592678071e-08,-1.3226263217979652,-2.7799968978723433e-06,4.5460544126022084e-08,-1.3226263217980343,-2.779996896953875e-06,0.18384776310850237,0.23256755992208045,0.18314076838232973,0.18314076838233004
9.730000000000047,-1.291061205931908e-05,6.277645629721255e-11,0.23256755010357152,6.402492522165636e-14,-3.236271188838261e-05,1.954421283114716e-05,3.239843194058342e-05,42.60121388326655,4,True,balance,4.47781505361985e-08,-1.322626338867501,-2.738278105375696e-06,4.47781366909105e-08,-1.322626338867537,-2.7382780972998316e-06,0.18384776310850237,0.23256755992208045,0.18314076924403797,0.18314076924403827
9.740000000000041,-1.2716787157282756e-05,6.277645824048522e-11,0.23256755025091694,6.332323774687085e-14,-3.1877032186421293e-05,1.925083711896699e-05,3.1933873632997156e-05,42.60121388847193,4,True,balance,4.4105980847689674e-08,-1.3226263556809368,-2.6971851117143407e-06,4.4105967238232375e-08,-1.3226263556809825,-2.697185107080674e-06,0.18384776310850237,0.23256755992208045,0.18314077009281998,0.1831407700928204
9.750000000000036,-1.252587174179496e-05,6.277645978204942e-11,0.23256755039605204,6.270976986133959e-14,-3.1398638461677285e-05,1.8961864255615008e-05,3.146245664610197e-05,42.60121389359951,4,True,balance,4.3443897930762596e-08,-1.3226263722421412,-2.656708544980491e-06,4.3443885271014096e-08,-1.3226263722421903,-2.656708540225238e-06,0.18384776310850237,0.23256755992208045,0.18314077092886968,0.18314077092886996
9.76000000000003,-1.233782214846849e-05,6.277646283625419e-11,0.23256755053901002,6.171527885129478e-14,-3.0927421484069553e-05,1.8677228190528455e-05,3.0995628734492465e-05,42.60121389864851,4,True,balance,4.279175522791278e-08,-1.3226263885549125,-2.6168391553530386e-06,4.279174260163436e-08,-1.3226263885549256,-2.6168391500534618e-06,0.18384776310850237,0.23256755992208045,0.18314077175237772,0.18314077175237803
9.770000000000024,-1.2152595367967917e-05,6.277646790908956e-11,0.23256755067982351,6.021351173415222e-14,-3.046327365975093e-05,1.839686386268892e-05,3.05336003858729e-05,42.601213903622416,4,True,balance,4.2149396261070447e-08,-1.3226264046228897,-2.5775678524463956e-06,4.21493851462535e-08,-1.3226264046229035,-2.5775678476723977e-06,0.18384776310850237,0.23256755992208045,0.18314077256353214,0.18314077256353245
9.780000000000019,-1.1970149036184353e-05,6.277647367635892e-11,0.23256755081852465,5.857565765251812e-14,-3.0006089005812358e-05,1.812070718744112e-05,3.006447246172566e-05,42.60121390852296,4,True,balance,4.1516679672605816e-08,-1.3226264204498348,-2.5388856625226852e-06,4.151666911473019e-08,-1.3226264204498654,-2.5388856612160844e-06,0.18384776310850237,0.23256755992208045,0.18314077336251833,0.18314077336251855
9.790000000000013,-1.1790441424566175e-05,6.277647803569155e-11,0.23256755095514517,5.729548088837626e-14,-2.955576312701686e-05,1.78486950397899e-05,2.9587907264278482e-05,42.601213913347124,4,True,balance,4.089346055143935e-08,-1.3226264360392586,-2.50078375262298e-06,4.089344672415546e-08,-1.322626436039298,-2.5007837496729944e-06,0.18384776310850237,0.23256755992208045,0.18314077414951843,0.18314077414951865
9.800000000000008,-1.1613431430590188e-05,6.277648386986902e-11,0.23256755108971616,5.5638669290400206e-14,-2.9112193191274283e-05,1.7580765242085256e-05,2.911605978830686e-05,42.60121391810122,4,True,balance,4.0279591006494075e-08,-1.3226264513948203,-2.4632534360477518e-06,4.0279581953379253e-08,-1.3226264513948767,-2.463253436523874e-06,0.18384776310850237,0.23256755992208045,0.18314077492471229,0.18314077492471253
9.810000000000002,-1.1439078568369918e-05,6.277648863952946e-11,0.23256755122226844,5.4264748948318514e-14,-2.867527790692128e-05,1.731685654868806e-05,2.864916313528216e-05,42.601213922782506,4,True,balance,3.967493909623618e-08,-1.322626466520032,-2.4262861259261576e-06,3.967492806185814e-08,-1.3226264665200578,-2.426286123705815e-06,0.18384776310850237,0.23256755992208045,0.18314077568827686,0.18314077568827708
9.819999999999997,-1.1267342959420727e-05,6.2776491561875e-11,0.23256755135283222,5.337164394887069e-14,-2.82449174993468e-05,1.705690863151556e-05,2.8174530326302883e-05,42.601213927394035,4,True,balance,3.907935968012955e-08,-1.3226264814182362,-2.38987340258758e-06,3.9079348281135384e-08,-1.3226264814182807,-2.389873400878447e-06,0.18384776310850237,0.23256755992208045,0.1831407764403865,0.18314077644038668
9.829999999999991,-1.1098185323542119e-05,6.277649260627454e-11,0.23256755148143732,5.2922200256177516e-14,-2.782101368774613e-05,1.6800862068231526e-05,2.7704921932800045e-05,42.60121393193711,4,True,balance,3.849271810986804e-08,-1.322626496092938,-2.354006930882254e-06,3.849270764784414e-08,-1.3226264960929663,-2.3540069290343687e-06,0.18384776310850237,0.23256755992208045,0.18314077718121285,0.1831407771812131
9.839999999999986,-1.0931566969852876e-05,6.277649307285143e-11,0.23256755160811304,5.2619678155494085e-14,-2.7403469663063542e-05,1.6548658326633863e-05,2.722721505217398e-05,42.60121393641438,4,True,balance,3.7914885273527935e-08,-1.3226265105474952,-2.3186785411655364e-06,3.7914873590714837e-08,-1.3226265105475343,-2.3186785370021103e-06,0.18384776310850237,0.23256755992208045,0.18314077791092528,0.1831407779109255
9.84999999999998,-1.076744978795041e-05,6.277648899388702e-11,0.2325675517328884,5.34876716263266e-14,-2.6992190067304735e-05,1.6300239752684048e-05,2.675460164403775e-05,42.60121394082232,4,True,balance,3.734572651919959e-08,-1.322626524785129,-2.283880157539548e-06,3.7345704999979225e-08,-1.3226265247852103,-2.2838801441408267e-06,0.18384776310850237,0.23256755992208045,0.18314077862969014,0.18314077862969033
9.859999999999975,-1.0605796239213882e-05,6.277648967714046e-11,0.23256755185579187,5.306757697028527e-14,-2.658708097314272e-05,1.605554955591916e-05,2.654947772641942e-05,42.60121394516135,4,True,balance,3.678510548877308e-08,-1.322626538809108,-2.249603809970604e-06,3.678509069916468e-08,-1.3226265388091483,-2.249603807245254e-06,0.18384776310850237,0.23256755992208045,0.183140779337671,0.18314077933767117
9.869999999999969,-1.0446569348228246e-05,6.277649119114924e-11,0.23256755197685142,5.245296586089991e-14,-2.6188049856512813e-05,1.5814531798554244e-05,2.606457820835509e-05,42.60121394944204,4,True,balance,3.6232892785258414e-08,-1.322626552622753,-2.2158417173481323e-06,3.6232881367473984e-08,-1.322626552622757,-2.2158417173490285e-06,0.18384776310850237,0.23256755992208045,0.18314078003503112,0.18314078003503137
9.879999999999963,-1.0289732694331718e-05,6.277649135742331e-11,0.23256755209609478,5.222121010527454e-14,-2.5795005577398115e-05,1.5577131381215935e-05,2.5584734437791434e-05,42.60121395365336,4,True,balance,3.5688976689155226e-08,-1.3226265662291314,-2.1825861466494676e-06,3.568896307304819e-08,-1.3226265662291459,-2.182586139814824e-06,0.18384776310850237,0.23256755992208045,0.18314078072192877,0.18314078072192894
9.889999999999958,-1.0135250403305501e-05,6.277649582601558e-11,0.23256755221354922,5.088061011289625e-14,-2.5407858365951125e-05,1.5343294029905887e-05,2.539886913909499e-05,42.60121395779688,4,True,balance,3.5153221253079864e-08,-1.3226265796312255,-2.149829469170633e-06,3.515321501315289e-08,-1.3226265796312748,-2.1498294706392627e-06,0.18384776310850237,0.23256755992208045,0.18314078139852008,0.18314078139852025
9.899999999999952,-9.98308713918662e-06,6.27764974200598e-11,0.2325675523292415,5.0302774894459306e-14,-2.5026519797082148e-05,1.5112966285396098e-05,2.4920832290610958e-05,42.60121396188932,4,True,balance,3.4625508665735276e-08,-1.322626592832343,-2.11756428181477e-06,3.4625498948174035e-08,-1.3226265928323615,-2.117564277945487e-06,0.18384776310850237,0.23256755992208045,0.18314078206496126,0.1831407820649615
9.909999999999947,-9.83320809617532e-06,6.277649832454467e-11,0.23256755244319802,4.9909655290720094e-14,-2.4650902764829914e-05,1.4886095490138274e-05,2.4433444508882564e-05,42.601213965919534,4,True,balance,3.410571481489391e-08,-1.3226266058353504,-2.085783153290348e-06,3.4105702474835446e-08,-1.3226266058353848,-2.0857831477482663e-06,0.18384776310850237,0.23256755992208045,0.18314078272140374,0.18314078272140397
9.919999999999941,-9.685578990702494e-06,6.277649920022158e-11,0.2325675525554448,4.95043031644717e-14,-2.4280921472799138e-05,1.4662629775852634e-05,2.423875260530551e-05,42.60121396988084,4,True,balance,3.359372813306119e-08,-1.3226266186432223,-2.054478836115452e-06,3.359371620976718e-08,-1.3226266186432643,-2.054478832916889e-06,0.18384776310850237,0.23256755992208045,0.18314078336799655,0.18314078336799675
9.929999999999936,-9.540166053595984e-06,6.27765013203967e-11,0.23256755266600762,4.8783112991476985e-14,-2.3916491410437247e-05,1.4442518051624949e-05,2.3752713230536933e-05,42.60121397379088,4,True,balance,3.308941579425287e-08,-1.3226266312589197,-2.0236441919172146e-06,3.3089406390935665e-08,-1.322626631258944,-2.0236441921284756e-06,0.18384776310850237,0.23256755992208045,0.183140784004889,0.1831407840048892
9.93999999999993,-9.39693602236075e-06,6.277650328955747e-11,0.2325675527749116,4.811921163748387e-14,-2.3557529329208342e-05,1.4225709993936913e-05,2.3272184538673578e-05,42.60121397763448,4,True,balance,3.259267881777428e-08,-1.3226266436853344,-1.9932721845664215e-06,3.259266803699611e-08,-1.32262664368536,-1.993272180545535e-06,0.18384776310850237,0.23256755992208045,0.18314078463222527,0.18314078463222552
9.949999999999925,-9.255856133584912e-06,6.27765055696481e-11,0.23256755288218156,4.7384293456676525e-14,-2.320395323320397e-05,1.4012156032852562e-05,2.3083488036552718e-05,42.60121398142849,4,True,balance,3.2103398860043864e-08,-1.322626655925275,-1.963355861550169e-06,3.2103387421618723e-08,-1.3226266559252995,-1.963355853663498e-06,0.18384776310850237,0.23256755992208045,0.18314078525014915,0.1831407852501494
9.95999999999992,-9.116894115454513e-06,6.277651143839759e-11,0.2325675529878421,4.575015280889799e-14,-2.2855682349125035e-05,1.3801807342215053e-05,2.2588727439225648e-05,42.601213985163255,4,True,balance,3.162145831794176e-08,-1.3226266679815715,-1.933888390462494e-06,3.162145101494471e-08,-1.3226266679815786,-1.933888389044818e-06,0.18384776310850237,0.23256755992208045,0.1831407858588022,0.18314078585880234
9.969999999999914,-8.980018180380345e-06,6.277651577014683e-11,0.23256755309191737,4.453936164151413e-14,-2.2512637119065785e-05,1.3594615828104507e-05,2.2426798989897964e-05,42.60121398883974,4,True,balance,3.1146756172678826e-08,-1.3226266798568769,-1.9048630437348676e-06,3.1146748141489244e-08,-1.3226266798569146,-1.9048630407089178e-06,0.18384776310850237,0.23256755992208045,0.18314078645832207,0.18314078645832232
9.979999999999908,-8.845197017739314e-06,6.277651893646761e-11,0.23256755319443104,4.362845385967037e-14,-2.217473917375339e-05,1.3390534117814476e-05,2.1917219265300093e-05,42.60121399246452,4,True,balance,3.0679174513803696e-08,-1.3226266915540714,-1.8762732028358772e-06,3.067916604864282e-08,-1.3226266915541118,-1.8762732004590325e-06,0.18384776310850237,0.23256755992208045,0.18314078704884762,0.18314078704884784
9.989999999999903,-8.712399786716595e-06,6.277651970935768e-11,0.23256755329540654,4.3311701974091205e-14,-2.1841911320164985e-05,1.3189515549032158e-05,2.185060142346445e-05,42.60121399603071,4,True,balance,3.0218618128478564e-08,-1.3226267030757144,-1.8481123236676217e-06,3.0218607679485845e-08,-1.3226267030757455,-1.8481123189344787e-06,0.18384776310850237,0.23256755992208045,0.1831407876305116,0.18314078763051178
9.999999999999897,-8.581596109262858e-06,6.277652103887431e-11,0.23256755339486704,4.281115827535301e-14,-2.151407752284659e-05,1.2991514159494338e-05,2.1683161397194114e-05,42.601213999544136,4,True,balance,2.976497105929585e-08,-1.3226267144244606,-1.8203739778232194e-06,2.976496042715269e-08,-1.3226267144244723,-1.820373973151482e-06,0.18384776310850237,0.23256755992208045,0.18314078820344823,0.18314078820344845
10.000999999999896,-8.56862423104642e-06,6.277652165379566e-11,0.23256755340473065,4.263624546952719e-14,-2.1481565922888937e-05,1.2971878216436681e-05,2.1683161397194114e-05,42.6012139998945,4,True,balance,2.9719982892576438e-08,-1.3226267155499314,-1.8176231390431893e-06,2.971997260783823e-08,-1.3226267155499536,-1.817623135022678e-06,0.18384776310850237,0.23256755992208045,0.18314078826026695,0.18314078826026717
