time_s,x_m,y_m,height_m,roll_deg,pitch_deg,vx_m_s,floor_normal_n,wheel_contacts,both_wheels_contact,hip_motor_left_nm,knee_motor_left_nm,wheel_motor_left_nm,hip_motor_right_nm,knee_motor_right_nm,wheel_motor_right_nm
0.0,0.0,0.0,0.27801844224675093,2.0,-5.000000000000001,0.0,0.0,0,False,0.0,0.0,0.0,0.0,0.0,0.0
0.010000000000000002,8.324944441789974e-05,0.00011046928108985509,0.2773097494900432,1.9076110504605706,-4.612806300342058,0.012935880865122722,0.0,0,False,0.2749501855060644,0.20890002996731027,-0.29263752549455896,-0.38323189573022276,0.44047564731167355,-0.058785339307476064
0.02000000000000001,0.00022279557585245307,0.0003039745619057435,0.2754605599603556,1.745063649159026,-4.224713144086535,0.013789897484921076,0.0,0,False,0.1691759810707933,-0.42660036025816894,-0.1278402784057338,-0.1861442799352545,-0.5856538444335236,0.02850412010485806
0.03000000000000002,0.0003436260961236915,0.0004892389008666191,0.2728998099322688,1.5787470302107787,-3.906972219106276,0.01026328114060921,0.0,0,False,0.13522406554179994,-0.8261580757818623,-0.08397225107813397,-0.10605440286126218,-1.0707266640688546,0.05738103945322828
0.04000000000000003,0.0004162195500059625,0.0006429335316914509,0.2698491164027978,1.4261273323658132,-3.680874286372505,0.004546655803865576,87.04054118891654,1,False,0.11203555612149069,-1.0487844357189815,-0.051086835820478876,-0.061490159609555575,-1.2784351253335657,0.0856855939077317
0.05000000000000004,0.00044405689394604584,0.0010503285963401384,0.2667345632835781,1.287677521587875,-3.444791520433989,0.0013604260333727716,64.15469263294024,2,False,0.1936048128414942,-3.2959146131127977,-0.45986180066075266,-0.2822257093082563,-1.317001784973456,0.014747770837419322
0.060000000000000046,0.00042490427306793587,0.0020769588793914744,0.2641416391188572,1.0593642025172627,-3.2424161561660183,-0.005178031966442498,43.617962908210764,2,False,-0.004723704576386435,-3.387686266579762,-0.16151769490525927,0.019175542224598042,-1.0208880332236567,-0.028448158096603032
0.07000000000000005,0.000330255058705572,0.003558950867459964,0.2619850859691559,0.7396725723375244,-3.0571172474176436,-0.011885940130382692,131.8770077012118,4,True,-0.6123871438453615,-3.05154848617672,0.02267301251618306,0.3685493001544056,-2.6952945936329016,-0.4519879502420785
0.08000000000000006,0.00019590244466544533,0.00477436315488421,0.2608678677986938,0.48152530391947823,-2.8021594006849586,-0.015174858800488227,85.5214079459235,4,True,-0.5917201670633124,-2.255736321685716,0.09602982373460159,0.5474216604381451,-3.798630990326723,-0.44141508315523253
0.09000000000000007,1.1034334270877062e-05,0.0054882821580750415,0.2607196098944966,0.33170251114239435,-2.557322310019523,-0.021404104710910067,54.36507150451285,4,True,-0.36845798833571913,-1.5572995127119604,0.12984574911643187,0.37673008615508363,-2.8585832054958558,-0.14427556124243476
0.10000000000000007,-0.00023838899288494404,0.0058698493831259675,0.2609625241888917,0.25300840027002464,-2.3369311326947693,-0.02771432353109706,41.18780314666225,4,True,-0.20302604564232588,-1.252238619798713,0.10495395077766652,0.21460975431752366,-2.087827346318503,-0.0019953469445599123
0.11000000000000008,-0.0005452505352262942,0.006068152194274504,0.26125413519166985,0.2133986973042448,-2.13932921287018,-0.03292954145274529,37.5188046417068,4,True,-0.10818263634734983,-1.2043896493409028,0.06627976933064081,0.11191956785677433,-1.6828558472572546,0.04286065116733498
0.12000000000000009,-0.0008974882594002251,0.006176991566513024,0.26146227097654207,0.19267310998869416,-1.9601369859720903,-0.03693083462775073,37.85052250943519,4,True,-0.06107353181656519,-1.2721323455035998,0.03671723717959723,0.05802908757491184,-1.5205502986292898,0.04638392517664555
0.1300000000000001,-0.0012840251544994866,0.006249803866887866,0.26156701488772577,0.17930364921064104,-1.795893903161392,-0.039935370387136446,39.23830598433468,4,True,-0.041391816305067664,-1.3634139871498023,0.021942568954123363,0.034877270123547056,-1.4817971726793262,0.03784353904271223
0.1400000000000001,-0.0016964413577761222,0.006312448094175751,0.2615902427483369,0.16780065743321285,-1.644568217516488,-0.04222019201794441,40.622455032348114,4,True,-0.033458845917743306,-1.4392556285630969,0.01815062987396085,0.025761173148884042,-1.4889971967286921,0.029348394166926944
0.1500000000000001,-0.002128711401227053,0.006374157205178734,0.26156032155895603,0.1562751305063661,-1.5048347776726845,-0.043982305280039144,41.75407887646065,4,True,-0.031671018320459224,-1.4919727545929065,0.019104851592552957,0.023630276784485857,-1.5097922787970317,0.02369615745398082
0.16000000000000011,-0.0025762705697567638,0.0064370142851687484,0.26150098388978643,0.14435738469256348,-1.3756542648833625,-0.04533326737948264,42.51061116502688,4,True,-0.03260462574497778,-1.5240607361366683,0.021605560023731346,0.02475540888865245,-1.5315374996837032,0.020440954364711023
0.17000000000000012,-0.0030354179947556566,0.006500218777171385,0.26142889226738864,0.13227760096646987,-1.25623175224844,-0.04634336448601696,42.94900817136511,4,True,-0.033774775491290474,-1.5414855571841763,0.024171713487468188,0.02639300951650375,-1.5479599748954953,0.01895330297001649
0.18000000000000013,-0.0035030156189013294,0.006562112253918061,0.2613541267589396,0.12042837942472194,-1.14590665965321,-0.0470589451794613,43.1777308090727,4,True,-0.03422981598443901,-1.5500633140604898,0.026151475368665404,0.02736840972488097,-1.5580388770293365,0.018522062820952895
0.19000000000000014,-0.00397630247090388,0.006621242941706161,0.26128200773831317,0.10913945215970187,-1.0440740875454722,-0.04751200964995537,43.28594952212017,4,True,-0.03386920956821985,-1.5539271811393196,0.027418116931239085,0.02748711516747354,-1.5631723853555473,0.01859035694249292
0.20000000000000015,-0.004452795947399276,0.006676673418980914,0.2612149464793672,0.09861859965318356,-0.9501564493213915,-0.04772788893812813,43.33109078542306,4,True,-0.03288822730902067,-1.5555280995314078,0.028089011434679408,0.026925207513476934,-1.5651108647848657,0.01883772659757474
0.21000000000000016,-0.004930251078774836,0.006727946961694128,0.2611537711413403,0.08896437117383672,-0.8635993775256989,-0.04772944388669317,43.34557953143414,4,True,-0.03152221426712751,-1.5561437844942245,0.028338606759993293,0.025926263555307777,-1.5652058146837955,0.019112367780518308
0.22000000000000017,-0.005406645336688667,0.006774957629598827,0.2610985239085084,0.08019730379576716,-0.7838747385340484,-0.04753849474783041,43.346229676298556,4,True,-0.029961023938495115,-1.5563707979191859,0.028316055928733666,0.024693241358217016,-1.564331139645957,0.019351141523923615
0.23000000000000018,-0.005880169480709942,0.006817822488096509,0.26104889243159196,0.07228917261542336,-0.7104837899065689,-0.047175942550080056,43.34122210077321,4,True,-0.028335048030765617,-1.5564565585850618,0.028125686302685256,0.02336710335545232,-1.5630030533366737,0.019531049450625643
0.24000000000000019,-0.0063492171280649995,0.006856783987853463,0.26100442705628174,0.06518487473559618,-0.6429587420391178,-0.04666153074587042,43.33431753937362,4,True,-0.026724988705435118,-1.55648796220093,0.027833013005488814,0.022035529928474074,-1.561509659492876,0.019646214846044868
0.25000000000000017,-0.006812371922065957,0.006892143798274277,0.26096464381482454,0.0588170580492341,-0.5808628409704634,-0.04601363209240811,43.32714106989775,4,True,-0.025176177802343522,-1.5564869096877796,0.0274765858865188,0.020748064989134493,-1.5600043381730013,0.01969802337985946
0.2600000000000002,-0.007268393183979303,0.006924221494745196,0.2609290702147325,0.053115139025697235,-0.5237894831361796,-0.04524914911417352,43.32033826007724,4,True,-0.023710983227457346,-1.5564539716594443,0.02707827115862771,0.019529540883978888,-1.5585642638744235,0.01969092910204115
0.2700000000000002,-0.007716201131974401,0.006953330652584071,0.26089726378861383,0.048010440459617276,-0.4713608036919354,-0.04438351158976061,43.31412928243314,4,True,-0.022337869668709955,-1.556385988006672,0.026650371369229493,0.01838989448320899,-1.5572247250639923,0.019630561400555052
0.2800000000000002,-0.008154862437013865,0.006979766256652229,0.26086881827058206,0.04343883314160671,-0.42322602949599186,-0.04343073462682221,43.30856106019857,4,True,-0.021057429601823312,-1.5562817511366511,0.026200017013362643,0.01733066659149242,-1.555998530024572,0.019522805054604325
0.2900000000000002,-0.008583576549308124,0.007003799052455443,0.2608433644264272,0.0393418630824921,-0.37905976549403275,-0.0424035076271314,43.30361562864638,4,True,-0.019866144224927558,-1.5561428543848008,0.02573167393447176,0.01634902536356378,-1.5548867376532205,0.01937333978614028
0.3000000000000002,-0.00900166299160203,0.0070256739272709446,0.2608205687071592,0.03566701152813543,-0.3385603040400397,-0.04131329515007553,43.299253573982654,4,True,-0.01875860278954327,-1.5559729553982116,0.025248487594794887,0.015440122162497863,-1.5538845054297774,0.019187422792000336
0.3100000000000002,-0.009408549674093105,0.007045610486041817,0.26080013108744443,0.032367492023148994,-0.3014480007487455,-0.04017043901180269,43.295429932782184,4,True,-0.017728742034990884,-1.5557767886636935,0.02475296090184599,0.01459839734310285,-1.5529842442266262,0.018969807311817216
0.32000000000000023,-0.009803762210499237,0.007063804716426105,0.26078178264540064,0.02940182551829293,-0.2674637356652095,-0.03898425624717455,43.292099331525506,4,True,-0.01677049476013768,-1.5555593771651917,0.024247272776579717,0.013818258712293335,-1.5521773057725077,0.01872473644764791
0.33000000000000024,-0.010186914179183512,0.007080431105237132,0.2607652831021622,0.026733330692268308,-0.23636746587204288,-0.03776313058444927,43.28921740604959,4,True,-0.015878098893841237,-1.5553255252046452,0.02373341438990466,0.013094402720527087,-1.5514548753935857,0.018455975437323913
0.34000000000000025,-0.010557698259428126,0.007095644855762584,0.26075041840712126,0.02432960347788563,-0.207936869520081,-0.036514596682994706,43.2867411865634,4,True,-0.015046221069693201,-1.5550795463611051,0.02321323925100366,0.012421942087395665,-1.5508084345474975,0.018166860244531652
0.35000000000000026,-0.010915878170264553,0.007109584025324385,0.26073699840660747,0.022162022814326693,-0.18196607846358692,-0.035245417170982264,43.284629322166325,4,True,-0.01426998480452839,-1.5548251536998996,0.02268847658339785,0.011796434693931976,-1.5502299895483902,0.017860349832607147
0.36000000000000026,-0.011261281341815617,0.007122371499345174,0.26072485461710815,0.020205298845650643,-0.1582644954967634,-0.033961652870420654,43.28284234005029,4,True,-0.013544953669939321,-1.5545654487639844,0.02216073180363487,0.011213866294128683,-1.5497121723710459,0.01753907557479517
0.3700000000000003,-0.011593792253814735,0.0071341167713497265,0.26071383811762283,0.018437068587282925,-0.1366556917595524,-0.03266872672647828,43.2813429249114,4,True,-0.01286709627746083,-1.554302963855217,0.02163148458561022,0.010670614776469113,-1.5492482710355462,0.01720538496320989
0.3800000000000003,-0.011913346381328243,0.007144917526106325,0.2607038175717736,0.016837538395277834,-0.11697637979114553,-0.031371481982618056,43.28009616782326,4,True,-0.01223274649510785,-1.554039728423871,0.021102088446439904,0.010163409730123904,-1.5488322212183672,0.016861378882475214
0.3900000000000003,-0.012219924693027667,0.007154861036608711,0.2606946773866717,0.015389169942050182,-0.09907545776872756,-0.030074235121750354,43.2790697488398,4,True,-0.011638565021471238,-1.5537773423925652,0.020573772809840657,0.009689293536861793,-1.5484585768323451,0.0165089427875158
0.4000000000000003,-0.01251354865235579,0.007164025391321476,0.2606863160119944,0.01407640540166032,-0.08281312059353334,-0.028780824055043813,43.27823403970905,4,True,-0.011081504675707139,-1.5535170471636572,0.020047647303805302,0.00924558635094546,-1.5481224697374865,0.016149772581424054
0.4100000000000003,-0.012794275676512206,0.007172480569766141,0.260678644379454,0.012885427375657026,-0.06806003364147244,-0.027494651997250822,43.277562129035076,4,True,-0.010558779943216544,-1.5532597899040321,0.019524707682806064,0.008829855483747734,-1.54781956452562,0.015785396102909438
0.4200000000000003,-0.013062195012341859,0.007180289384162553,0.26067158448004574,0.011803949309976813,-0.05469656516679103,-0.026218727425891843,43.27702978085595,4,True,-0.010067840528559286,-1.5530062794799526,0.019005842752934057,0.008439888918144102,-1.547546011910759,0.015417191078783754
0.4300000000000003,-0.013317423991969899,0.007187508303563975,0.2606650680742432,0.010821032534498945,-0.042612073527884625,-0.024955700483313966,43.27661534088607,4,True,-0.009606348393305784,-1.5527570339039818,0.01849184178984039,0.008073672407837386,-1.5472984028371657,0.015046400272675398
0.44000000000000034,-0.013560104634422684,0.007194188175308176,0.2606590355286792,0.009926926483671657,-0.031704245590622314,-0.02370789614598593,43.27629960464604,4,True,-0.00917215772020497,-1.5525124198857607,0.017983402075433343,0.0077293695852612065,-1.5470737245510493,0.01467414442319906
0.45000000000000034,-0.01379040056254432,0.007200374856937132,0.2606534347717378,0.009112929074229809,-0.021878482853516238,-0.022477344454242522,43.27606566010943,4,True,-0.008763297304114487,-1.5522726853788018,0.017481136298640565,0.007405304564344967,-1.5468693193444376,0.014301433436405636
0.46000000000000035,-0.01400849420729392,0.007206109770148327,0.2606482203598268,0.008371264601016795,-0.013047332028438736,-0.02126580806774385,43.275898715359126,4,True,-0.008377954956041878,-1.552037986091911,0.01698557965931135,0.00709994661336042,-1.5466828463322353,0.013929176190128123
0.47000000000000036,-0.014214584274021487,0.007211430386886851,0.26064335264579025,0.007694976856415284,-0.005129956998084013,-0.02007480738683292,43.27578591952815,4,True,-0.00801446359059978,-1.5518084068953852,0.016497196581844398,0.006811896558364442,-1.5465122464003132,0.013558189221576478
0.48000000000000037,-0.0144088834475958,0.007216370656386016,0.2606387970408932,0.0070778354824554525,0.0019483507446949174,-0.018905643457403375,43.275716183262944,4,True,-0.007671288737648821,-1.5515839789647883,0.01601638699224448,0.006539874649853352,-1.5463557103176204,0.013189204503297497
0.4900000000000004,-0.014591616315320622,0.00722096138081299,0.2606345233619862,0.00651425382997392,0.008256625891692577,-0.01775941885660076,43.27568000336328,4,True,-0.007347017274678549,-1.5513646934004384,0.015543492143209471,0.006282709681645126,-1.546211649911527,0.012822876462792426
0.5000000000000003,-0.014763017488446448,0.007225230546165557,0.2606305052557767,0.005999216829949316,0.013858649891668906,-0.016637056738374,43.275669294755986,4,True,-0.007040347219074052,-1.5511505119564177,0.015078799991890948,0.006039329194535987,-1.5460786721486712,0.01245978836344551
0.5100000000000003,-0.014923329904783162,0.007229203614183153,0.26062671969255435,0.005528217582395903,0.018813340677951654,-0.015539318201402969,43.2756772320284,4,True,-0.0067500784511914024,-1.5509413754159813,0.014622550146927683,0.005808750629523566,-1.5459555559295808,0.012100458137020126
0.5200000000000004,-0.015072803296460933,0.007232903780266502,0.26062314652219964,0.005097201541652298,0.023175113771053975,-0.014466818127033092,43.275698101804736,4,True,-0.006475104262909421,-1.550737210063183,0.014174938408070055,0.005590073320015806,-1.5458412313895689,0.011745343737797093
0.5300000000000004,-0.01521169280828804,0.00723635220173242,0.2606197680858193,0.0047025173269966535,0.026994216825955996,-0.013420039621403063,43.27572716663881,4,True,-0.0062144036442214395,-1.5505379326246946,0.013736120925256654,0.005382471230669427,-1.545734761493048,0.011394848073192104
0.5400000000000004,-0.015340257753428175,0.007239568200151262,0.2606165688768816,0.004340873317326726,0.030317039551667313,-0.012399347183789463,43.275760540647575,4,True,-0.005967034233809309,-1.550343453992295,0.013306218004818328,0.005185186364600128,-1.5456353257120434,0.011049323555115592
0.5500000000000004,-0.015458760494278785,0.0072425694410136136,0.2606135352462478,0.004009299300755599,0.03318640079673854,-0.011404998712212613,43.27579507674758,4,True,-0.005732125870081797,-1.5501536819788035,0.012885317590605669,0.004997522771733826,-1.5455422055856918,0.010709076307965915
0.5600000000000004,-0.015567465437486815,0.007245372093539364,0.2606106551460063,0.0037051125468755717,0.035641814468417875,-0.010437156447383904,43.27582826513759,4,True,-0.005508874687188188,-1.5499685233160359,0.012473478446206603,0.004818841099564263,-1.5454547719722764,0.01037437006315825
0.5700000000000004,-0.015666638132998758,0.007247990973068358,0.26060791790750615,0.003425887753053926,0.03771973583498512,-0.009495896947073854,43.275858142425996,4,True,-0.005296537707162519,-1.549787885063192,0.012070733063485092,0.004648553634766516,-1.545372473814522,0.01004542976576249
0.5800000000000004,-0.01575654446791712,0.007250439668148827,0.2606053140494448,0.0031694303883567187,0.03945378965010629,-0.008581220174808163,43.27588321080149,4,True,-0.005094427884588735,-1.5496116755616853,0.011677090320391527,0.004486119789766189,-1.545294828255814,0.009722444915133077
0.5900000000000004,-0.015837449946733192,0.007252730654161277,0.2606028351122971,0.0029337530210263385,0.04087498143462471,-0.0076930577793959745,43.27590236647152,4,True,-0.004901909564856533,-1.5494398050449598,0.011292537909686581,0.0043310419933455515,-1.5452214119571475,0.009405572659232378
0.6000000000000004,-0.015909619050233515,0.007254875395075209,0.26060047351576976,0.002717054269295046,0.04201189315469648,-0.00683128063506852,43.27591483671135,4,True,-0.004718394320610989,-1.549272185991226,0.010917044557787987,0.00418286194837426,-1.5451518534794628,0.009094940659730946
0.6100000000000004,-0.015973314666041075,0.007256884434728863,0.26059822243633235,0.0025177000618053437,0.04289086444520346,-0.005995705705898973,43.27592012466445,4,True,-0.004543337134558738,-1.5491087332869153,0.010550562052104449,0.004041157223577399,-1.5450858266096268,0.008790649743975296
0.6200000000000004,-0.016028797584358184,0.007258767478843318,0.26059607570221055,0.0023342069341260067,0.043536160443600425,-0.005186102292633839,43.27591796125907,4,True,-0.004376232899451947,-1.5489493642553243,0.010193027092853458,0.0039055381491772535,-1.5450230445180948,0.008492776358223389
0.6300000000000004,-0.01607632605303102,0.007260533468827986,0.26059402770352885,0.0021652271225864536,0.043970127221476446,-0.004402197715006157,43.27590826349128,4,True,-0.004216613208786637,-1.5487939985917745,0.009844362984338776,0.003775644989258586,-1.5449632546526122,0.008201374835403383
0.6400000000000005,-0.016116155386560898,0.00726219064830118,0.26059207331556766,0.002009535246772245,0.04421333572868064,-0.0036436824780207446,43.27589109840433,4,True,-0.004064043413886854,-1.5486425582377192,0.009504481179270774,0.003651145366004835,-1.544906234277548,0.007916479490140634
0.6500000000000005,-0.01614853762414897,0.007263746623134274,0.2605902078333413,0.0018660163980431929,0.04428471509763447,-0.002910214966513004,43.27586665216988,4,True,-0.003918119925281605,-1.548494967218424,0.009173282688475119,0.0035317319134000043,-1.5448517865824363,0.007638106552447287
0.6600000000000005,-0.01617372123228286,0.007265208415728153,0.2605884269159307,0.0017336554740785151,0.044201676093029114,-0.00220142570847858,43.27583520368574,4,True,-0.003778467737895554,-1.548351151461133,0.008850659367067835,0.0034171201397993236,-1.5447997372895788,0.007366255951194652
0.6700000000000005,-0.016191950847759193,0.007266582514144387,0.2605867265391956,0.001611527619018734,0.04398022543422224,-0.0015169212441936298,43.27579710213421,4,True,-0.0036447381615618293,-1.5482110386086594,0.008536495087684406,0.0033070464807850165,-1.5447499316992608,0.007100912957504853
0.6800000000000005,-0.016203467057388732,0.007267874916638622,0.2605851029556701,0.0014987896458475282,0.04363507166394764,-0.0008562876349806987,43.27575274808836,4,True,-0.0035166067396260087,-1.548074557836824,0.008230666809678544,0.003201266525307791,-1.5447022321194692,0.006842049697682851
0.6900000000000005,-0.016208506210953138,0.007269091172078526,0.2605835526606019,0.0013946723324848992,0.04317972318718943,-0.0002190936425920026,43.27570257762211,4,True,-0.0033937713400287246,-1.547941639681737,0.007933045553393605,0.0030995533995425077,-1.5446565156302883,0.006589626545013202
0.7000000000000005,-0.016207300264277365,0.0072702364166722265,0.2605820723632286,0.0012984734959571268,0.04262657905794453,0.00039510639246471155,43.275647049131514,4,True,-0.0032759504043959665,-1.5478122158822247,0.007643497286870002,0.0030016962944257384,-1.5446126721423592,0.006343593398607439
0.7100000000000005,-0.016200076649551653,0.007271315407383729,0.2605806589625113,0.0012095517602988982,0.04198701304888773,0.0009867699477348725,43.27558663248069,4,True,-0.0031628813420451498,-1.5476862192391634,0.007361883732340964,0.0029074991239529664,-1.5445706027119162,0.006103890857508446
0.7200000000000005,-0.01618705817028398,0.007272332552368922,0.2605793095266474,0.0011273209436656712,0.04127145149936221,0.0015563639670369506,43.27552180012243,4,True,-0.0030543190566644017,-1.5475635834924726,0.007088063099256014,0.0028167793025412747,-1.5445302180787366,0.005870451297644497
0.7300000000000005,-0.016168462918489758,0.007273291938728158,0.2605780212757829,0.0010512449987537076,0.04048944540047116,0.002104362738383955,43.27545301994123,4,True,-0.0029500345946123214,-1.5474442432165394,0.006821890749676335,0.0027293666307739886,-1.5444914374000724,0.005643199858586446
0.7400000000000005,-0.0161445042119327,0.007274197357838509,0.2605767915674226,0.0009808334481548398,0.03964973714210331,0.002631245981729206,43.27538074959331,4,True,-0.0028498139046448817,-1.5473281337330813,0.006563219801517822,0.0026451022797239344,-1.5444541871534563,0.005422055346683964
0.7500000000000006,-0.016115390549419774,0.007275052328500009,0.2605756178841086,0.0009156372628842438,0.038760322315318084,0.0031374971283473084,43.27530543210379,4,True,-0.002753456699726249,-1.5472151910411178,0.006311901675069047,0.002563837865101904,-1.5444184001885835,0.005206931060972436
0.7600000000000006,-0.016081325582326937,0.007275860118104825,0.2605744978230032,0.0008552451381244891,0.03782850693440853,0.00362360177518695,43.27522749247832,4,True,-0.002660775412296678,-1.5471053517615136,0.006067786587063774,0.0024854346030588853,-1.5443840149064336,0.00499773554750886
0.7700000000000006,-0.016042508100690772,0.007276623762016039,0.2605734290870607,0.000799280125339696,0.03686096041602713,0.004090046298952095,43.27514733528686,4,True,-0.0025715942352118383,-1.5469985530962833,0.0058307239969501825,0.002409762540335926,-1.544350974551121,0.004794373287533195
0.7800000000000006,-0.01599913203234664,0.0072773460813231085,0.2605724094775254,0.0007473965843977331,0.03586376462783429,0.004537316615938026,43.27506534293879,4,True,-0.002485748241142833,-1.5468947327994502,0.005600563009099735,0.002336699852053798,-1.5443192265979788,0.004596745324630682
0.7900000000000006,-0.015951386453727002,0.007278029699123658,0.2605714368875284,0.0006992774233210644,0.034842459296049504,0.004965897074844773,43.274981874602176,4,True,-0.002403082573769761,-1.5467938291594705,0.005377152734699458,0.002266132201031412,-1.544288722226161,0.004404749835536736
0.8000000000000006,-0.01589945561105545,0.007278677055466013,0.26057050929659487,0.00065463159676423,0.03380208403991604,0.005376269470852652,43.27489726564754,4,True,-0.002323451704856208,-1.5466957809901416,0.005160342616706149,0.002197952153125853,-1.5442594158638077,0.004218282648933011
0.8100000000000006,-0.015843518950783494,0.007279290421073233,0.260569624765901,0.0006131918374327535,0.03274721728131001,0.005768912170240943,43.27481182748074,4,True,-0.0022467187515349896,-1.5466005276300188,0.00494998272087759,0.0021320586434994348,-1.5442312647962477,0.004037237716421131
0.8200000000000006,-0.015783751158219478,0.007279871909957367,0.26056878143414564,0.0005747125973849055,0.03168201225942317,0.006144299335733451,43.27472584774777,4,True,-0.0021727548488518697,-1.546508008948148,0.004745923995791638,0.00206835648925973,-1.5442042288290612,0.003861507539342386
0.8300000000000006,-0.015720322203392343,0.0072804234910219074,0.260567977513926,0.0005389681785901496,0.030610230363480682,0.0065029002435784185,43.27463959079434,4,True,-0.0021014385728415617,-1.5464181653548932,0.004548018504439577,0.00200675594428773,-1.5441782699975186,0.0036909835550863754
0.8400000000000006,-0.015653397393278843,0.0072809469987408755,0.2605672112885239,0.0005057510342816195,0.02953527198079229,0.0068451786841359835,43.27455329830097,4,True,-0.0020326554099291934,-1.5463309378171581,0.004356119629801995,0.0019471722923893333,-1.5441533523175646,0.0035255564860726023
0.8500000000000006,-0.015583137429601117,0.0072814441429945075,0.2605664811090235,0.0004748702245329559,0.028460205042876604,0.007171592438433631,43.27446719016537,4,True,-0.001966297268798728,-1.5462462678768927,0.0041700822566556215,0.0018895254754534257,-1.544129441570997,0.0033651166544019116
0.8600000000000007,-0.015509698471473347,0.007281916518133834,0.26056578539169906,0.00044615001121691284,0.0273877914389648,0.007482592823792243,43.274381465396885,4,True,-0.0019022620311094666,-1.5461640976715296,0.003989762931696487,0.0018337397533269273,-1.5441065051213096,0.0032095542651252983
0.8700000000000007,-0.015433232202242051,0.007282365611339622,0.26056512261562004,0.00041942857901341416,0.026320511453728317,0.007778624302207456,43.27429630316907,4,True,-0.0018404531378123888,-1.5460843699563758,0.003815020003679466,0.0017797433926298287,-1.5440845117553181,0.0030587596605985657
0.8800000000000007,-0.015353885899924645,0.0072827928103352015,0.26056449132042986,0.00039455687046692267,0.025260586374548304,0.008060124145702731,43.27421186388926,4,True,-0.0017807792081835773,-1.5460070281273788,0.003645713745600289,0.001727468381906854,-1.544063431547069,0.0029126235482760886
0.8900000000000007,-0.015271802510706022,0.0072831994105069815,0.2605638901042655,0.0003713975243389118,0.02420999940296015,0.008327522153367118,43.2741282903219,4,True,-0.001723153688673866,-1.5459320162450103,0.0034817064601100076,0.0016768501707181594,-1.5440432357409735,0.0027710372042990677
0.9000000000000007,-0.01518712072500333,0.007283586621481784,0.2605633176217895,0.0003498239075351672,0.023170514995017624,0.008581240415232685,43.274045708691254,4,True,-0.0016674945292646246,-1.5458592790571895,0.0033228625701771384,0.0016278274305610474,-1.5440238966512798,0.0026338926549161956
0.9100000000000007,-0.015099975055655237,0.0072839555732055585,0.2605627725823137,0.00032971923188354976,0.022143696746165564,0.008821693118561826,43.27396422981634,4,True,-0.0016137238848973126,-1.5457887620219073,0.0031690486957257624,0.0015803418356519186,-1.5440053875755457,0.0025010828373893453
0.9200000000000007,-0.015010495917834118,0.0072843073215640595,0.26056225374799535,0.00031097574788614414,0.021130923927724938,0.00904928639249312,43.27388395018746,4,True,-0.0015617678400059892,-1.5457204113293515,0.0030201337179924584,0.0015343378617883817,-1.5439876827201957,0.0023725017425130696
0.9300000000000007,-0.014918809710318327,0.007284642853582563,0.26056175993209574,0.00029349400834191347,0.020133406774236043,0.009264418187337524,43.27380495304385,4,True,-0.001511556154140157,-1.5456541739222136,0.002875988832437018,0.0014897626016738105,-1.543970757136077,0.002248044539980465
0.9400000000000007,-0.014825038897796865,0.007284963092238365,0.26056128999728745,0.00027718219542796,0.019152200613629496,0.009467478185135231,43.273727309398446,4,True,-0.0014630220270136166,-1.5455899975151195,0.002736487591456732,0.0014465655953027463,-1.5439545866631386,0.002127607688336138
0.9500000000000007,-0.014729302093911174,0.007285268900916905,0.2605608428540052,0.00026195550545542553,0.01818821892545452,0.00965884773837424,43.27365107903414,4,True,-0.0014161018813406525,-1.545527830612547,0.002601505937618009,0.001404698673953431,-1.543939147882206,0.0020110890306791933
0.9600000000000007,-0.01463171414476818,0.0072855610875396815,0.26056041745883424,0.00024773558606804827,0.017242245406150516,0.009838899834039374,43.27357631144442,4,True,-0.0013707351619793688,-1.5454676225248456,0.0024709222285698674,0.0013641158166802932,-1.5439244180733918,0.0018983878775681673
0.9700000000000008,-0.014532386212685735,0.00728584040838977,0.260560012812932,0.00023445002114841335,0.016314945114556764,0.010007999080400783,43.27350304673243,4,True,-0.0013268641500940774,-1.5454093233831507,0.0023446172542698667,0.0013247730181939368,-1.5439103751793997,0.001789405078102065
0.9800000000000008,-0.01443142585995625,0.0072861075716585,0.2605596279604811,0.00022203185915491787,0.015406874765501202,0.010166501714179536,43.27343131644434,4,True,-0.0012844337910621739,-1.5453528841516526,0.0022224742472870037,0.0012866281670642224,-1.5438969977739208,0.0016840430803639489
0.9900000000000008,-0.014328937132436773,0.007286363240734904,0.26055926198717183,0.00021041918101995092,0.014518492234330622,0.010314755625929298,43.273361144380004,4,True,-0.0012433915350009545,-1.545298256638908,0.002104378886897777,0.0012496409333761227,-1.5438842650332392,0.0015822059821624615
1.0000000000000007,-0.014225020642794337,0.00728660803725778,0.26055891401871284,0.00019955470408523996,0.013650165330661981,0.01045310040166588,43.27329254733206,4,True,-0.0012036871889996152,-1.5452453935073245,0.0019902192976322996,0.0012137726650662435,-1.5438721567117508,0.00148379957285458
1.0099999999999996,-0.01411977365325413,0.007286842543948503,0.260558583219371,0.00018938541890794496,0.012802179895358728,0.010581867378944667,43.273225535779304,4,True,-0.001165272779906643,-1.5451942482806922,0.0018798860427056698,0.0011789862920697516,-1.5438606531197578,0.0013887313672993212
1.0199999999999985,-0.014013290157715179,0.007287067307241295,0.2605582687905403,0.0001798622560389898,0.011974747270781187,0.010701379715743803,43.273160114536324,4,True,-0.001128102427051178,-1.5451447753499792,0.001773272113125522,0.001145246237723763,-1.543849735103869,0.0012969106324867343
1.0299999999999974,-0.01390566096311377,0.007287282839726211,0.2605579699693394,0.00017093978017488872,0.011168011190711058,0.010811952470661844,43.2730962833608,4,True,-0.0010921322238828495,-1.5450969299779846,0.0016702729124982803,0.0011125183366730174,-1.5438393840289284,0.0012082484076405043
1.0399999999999963,-0.013796973769929145,0.007287489622418996,0.2605576860272399,0.00016257590928689733,0.010382054132935456,0.010913892693063183,43.27303403748723,4,True,-0.0010573201279993484,-1.5450506683019152,0.0015707862386558906,0.001080769758851092,-1.543829581761941,0.001122657518469809
1.0499999999999952,-0.013687313251738834,0.007287688106870726,0.26055741626872475,0.00015473165657873563,0.009616903174354208,0.011007499521931866,43.27297336816639,4,True,-0.001023625858814046,-1.5450059473348419,0.001474712261697682,0.0010499689388898537,-1.5438203106572117,0.0010400525859408434
1.059999999999994,-0.013576761133742883,0.007287878717129178,0.26055716002997936,0.00014737089330408044,0.008872535385549262,0.011093064292306276,43.27291426311458,4,True,-0.0009910108022508483,-1.5449627249656117,0.0013819534995925472,0.001020085510654809,-1.5438115535426817,0.0009603500303755524
1.069999999999993,-0.0134653962701869,0.007288061851562823,0.26055691667761344,0.0001404601306784597,0.008148882799048468,0.011170870648264214,43.27285670696241,4,True,-0.0009594379219135823,-1.5449209599573313,0.0012924147910211225,0.0009910902462436917,-1.5438032937073578,0.0008834680711882924
1.0799999999999919,-0.013353294720623625,0.007288237884557617,0.260556685607418,0.00013396831924668515,0.0074458369830099486,0.011241194661526403,43.272800681636596,4,True,-0.0009288716762450216,-1.5448806119449479,0.0012060032662454037,0.0009629549993081519,-1.5437955148889793,0.0008093267228029408
1.0899999999999908,-0.013240529824961543,0.007288407168095916,0.2605564662431545,0.0001278666642276922,0.0067632532497510405,0.011304304954830882,43.272746166734656,4,True,-0.0008992779412491799,-1.5448416414311699,0.001122628316048324,0.0009356526521990477,-1.5437882012630997,0.000737847786998521
1.0999999999999897,-0.013127172277257126,0.0072885700332260715,0.26055625803537946,0.00012212845550270277,0.006100954526369791,0.011360462829309293,43.27269313984307,4,True,-0.0008706239382308591,-1.5448040097818005,0.0010422015590231977,0.0009091570666668296,-1.5437813374323464,0.0006689548423225471
1.1099999999999886,-0.013013290198214648,0.007288726791430638,0.2605560604603033,0.00011672891101480401,0.005458734912727528,0.011409922395166569,43.27264157682772,4,True,-0.0008428781663051743,-1.544767679219843,0.000964636807522686,0.000883443037803642,-1.5437749084160837,0.0006025732306504272
1.1199999999999875,-0.01289894920636397,0.007288877735900505,0.2605558730186843,0.0001116450324708886,0.004836362950188684,0.011452930705028503,43.27259145214434,4,True,-0.0008160103391457499,-1.5447326128181662,0.0008898500323468334,0.0008584862509543013,-1.543768899640604,0.000538630041385299
1.1299999999999863,-0.012784212487892844,0.007289023142721792,0.2605556952347586,0.00010685547230895262,0.004233584622855026,0.011489727889399795,43.27254273903961,4,True,-0.000789991325907566,-1.5446987744925904,0.0008177593265821457,0.0008342632414211297,-1.5437632969297759,0.0004770540934527528
1.1399999999999852,-0.012669140865115537,0.007289163271981619,0.26055552665520404,0.00010234041102718512,0.0036501261113735103,0.011520547293698736,43.27249540979229,4,True,-0.0007647930956827449,-1.5446661289929182,0.0007482848684519927,0.0008107513566577408,-1.543758086495954,0.0004177759154439096
1.1499999999999841,-0.012553792863564566,0.007289298368798623,0.26055536684814096,9.808144401151405e-05,0.0030856963179620037,0.011545615616414576,43.2724494359134,4,True,-0.0007403886654770951,-1.5446346418939425,0.000681348883684788,0.0007879287207698053,-1.5437532549306408,0.00036072772417097756
1.159999999999983,-0.012438224777696691,0.007289428664283567,0.26055521540216703,9.406147708264747e-05,0.002539989179925023,0.011565153047965683,43.27240478832114,4,True,-0.0007167520513953264,-1.5446042795855053,0.0006168756073097354,0.0007657742012061874,-1.543748789196248,0.00030584340164979955
1.169999999999982,-0.012322490735208259,0.007289554376434935,0.2605550719254276,9.026463006570732e-05,0.002012685787672898,0.011579373409878201,43.27236143749956,4,True,-0.0006938582226862926,-1.5445750092624648,0.0005547912450022337,0.0007442673773914133,-1.5437446766172782,0.00025305847101296096
1.1799999999999808,-0.012206642759958574,0.007289675710974131,0.2605549360447202,8.667614772742905e-05,0.0015034563220560346,0.0115884842939528,43.27231935364445,4,True,-0.000671683058579588,-1.5445467989133859,0.0004950239343330142,0.0007233885112021724,-1.5437409048721575,0.00020231007121064844
1.1899999999999797,-0.012090730833503122,0.007289792862124476,0.2605548074046333,8.328231749794211e-05,0.0010119618247672857,0.011592687201108388,43.27227850678413,4,True,-0.0006502033076260291,-1.544519617309332,0.0004375037057421545,0.0007031185190947073,-1.543737461984897,0.0001535369309765999
1.1999999999999786,-0.01197480295524139,0.007289906013337959,0.2605546856667183,8.007039343052682e-05,0.0005378558145440092,0.011592177679639895,43.27223886690362,4,True,-0.0006293965493863549,-1.5444934339923717,0.0003821624434427575,0.0006834389457887958,-1.5437343363172833,0.00010667934191677381
1.2099999999999775,-0.011858905201186482,0.007290015337973407,0.2605545705086945,7.702852589071594e-05,8.078576096571734e-05,0.011587145462643752,43.27220040403694,4,True,-0.0006092411583334482,-1.5444682192633825,0.00032893384648127104,0.0006643319394683983,-1.5437315165608194,6.167913102507744e-05
1.2199999999999764,-0.011743081781366068,0.0072901209999294,0.26055446162368706,7.414569654527625e-05,-0.00035960557322948686,0.011577774604397266,43.272163088348364,4,True,-0.0005897162697380246,-1.544443944169549,0.000277753389816969,0.0006457802282202876,-1.5437289917290065,1.84796327879134e-05
1.2299999999999753,-0.011627375095866197,0.007290223154235074,0.26055435871949517,7.141165821614146e-05,-0.0007836789111828524,0.011564243615502418,43.272126890215226,4,True,-0.0005708017474758342,-1.5444205804918592,0.0002285582855929056,0.0006277670977690923,-1.5437267511497512,-2.2974339180821586e-05
1.2399999999999742,-0.011511825789531263,0.007290321947601736,0.2605542615178919,6.881687922291652e-05,-0.0011917973529341555,0.011546725596626685,43.272091780302866,4,True,-0.0005524781535864409,-1.5443981007322205,0.00018128744465197198,0.000610276370343815,-1.5437247844578585,-6.273652078472932e-05
1.2499999999999731,-0.011396472805334953,0.007290417518937961,0.2605541697539539,6.635249186834184e-05,-0.0015843253697269827,0.011525388370693918,43.27205772960035,4,True,-0.0005347267194494142,-1.5443764781007967,0.000135881438360642,0.0005932923846214324,-1.5437230815874743,-0.00010085922620922399
1.259999999999972,-0.011281353436438447,0.007290509999830696,0.2605540831754198,6.401024473670095e-05,-0.001961627893568387,0.011500394613394804,43.27202470949601,4,True,-0.0005175293185224707,-1.544355686502165,9.228246079831408e-05,0.0005767999766595768,-1.5437216327650938,-0.0001373933768567683
1.269999999999971,-0.011166503376953265,0.007290599514994677,0.2605540015420769,6.178245851784862e-05,-0.0023240694945814793,0.011471901981908384,43.271992691797436,4,True,-0.0005008684404713997,-1.5443357005230782,5.0434291246344355e-05,0.0005607844617623184,-1.5437204285022215,-0.0001723885303214046
1.2799999999999698,-0.011051956771427198,0.00729068618269234,0.2605539246251763,5.966198508087861e-05,-0.0026720136392615413,0.011440063241735127,43.27196164877887,4,True,-0.0004847271666460195,-1.544316495418275,1.028225726336993e-05,0.0005452316172354838,-1.5437194595884023,-0.00020589290926810517
1.2899999999999687,-0.010937746263072708,0.007290770115126178,0.26055385220687266,5.764216955845058e-05,-0.003005822023246381,0.011405026391560715,43.2719315532082,4,True,-0.0004690891467896427,-1.5442980470976466,-2.822680193422627e-05,0.0005301276658701824,-1.5437187170842666,-0.00023795343027597439
1.2999999999999676,-0.010823903040757794,0.007290851418805503,0.2605537840796908,5.5716815193532516e-05,-0.003325853972686757,0.011366934786082429,43.27190237837439,4,True,-0.000453938576933219,-1.5442803321130367,-6.514457153239231e-05,0.0005154592602970237,-1.5437181923147492,-0.00026861573258992334
1.3099999999999665,-0.010710456884780149,0.0072909301948892846,0.26055372004601685,5.388015075498612e-05,-0.0036324659087425106,0.011325927256737502,43.27187409810304,4,True,-0.0004392601783807985,-1.5442633276444668,-0.00010052129661171652,0.0005012134679605136,-1.5437178768624646,-0.0002979242065657251
1.3199999999999654,-0.010597436211445736,0.007291006539506642,0.26055365991761253,5.212680032768978e-05,-0.003926010870137261,0.011282138230288468,43.271846686767574,4,True,-0.00042503917764559875,-1.5442470114873128,-0.0001344058172325317,0.0004873777567883023,-1.5437177625612557,-0.00032592202199643254
1.3299999999999643,-0.010484868116473523,0.007291080544056611,0.2605536035151534,5.0451755285736455e-05,-0.004206838089093315,0.011235697845224605,43.27182011931304,4,True,-0.0004112612874510073,-1.5442313620388577,-0.00016684560281236683,0.00047393998149809416,-1.5437178414893176,-0.0003526511561146487
1.3399999999999632,-0.010372778417248315,0.0072911522954884605,0.26055355066778785,4.885034829654694e-05,-0.004475292616292516,0.01118673206595422,43.27179437125499,4,True,-0.0003979126885505265,-1.5442163582852737,-0.0001978867860525675,0.00046088837046389216,-1.5437181059635636,-0.0003781524213360845
1.3499999999999621,-0.010261191693943966,0.007291221876563925,0.26055350121271825,4.7318229204357964e-05,-0.004731714990864087,0.011135362794760779,43.271769418688706,4,True,-0.00038498001242292704,-1.5442019797884046,-0.00022757419621721782,0.0004482115131373056,-1.5437185485327332,-0.00040246549262194515
1.359999999999961,-0.01015013132953934,0.007291289366102552,0.26055345499480165,4.5851342642234734e-05,-0.004976440951673431,0.011081707981514668,43.27174523829201,4,True,-0.00037245032476656116,-1.5441882066731147,-0.0002559513918254686,0.00043589834801575125,-1.543719161971954,-0.0004256289345858027
1.36999999999996,-0.010039619548749601,0.007291354839211274,0.2605534118661704,4.4445907261410366e-05,-0.005209801186491405,0.011025881731126107,43.27172180732423,4,True,-0.000360311109695084,-1.5441750196142945,-0.00028306069279065234,0.0004239381510605525,-1.543719939276377,-0.0004476802281310311
1.3799999999999588,-0.009929677455895373,0.007291418367499292,0.26055337168587117,4.3098396439393296e-05,-0.005432121115859774,0.010967994408740554,43.27169910361757,4,True,-0.0003485502547034258,-1.544162399824266,-0.0003089432118178686,0.00041232052461506,-1.543720873655463,-0.0004686557967349549
1.3899999999999577,-0.009820325071732364,0.007291480019279219,0.2605533343195215,4.1805520372992117e-05,-0.005643720708722831,0.010908152742676947,43.27167710558983,4,True,-0.00033715603625527723,-1.544150329040236,-0.00033363888538668186,0.00040103538673315423,-1.5437219585273743,-0.0004885910324052459
1.3999999999999566,-0.009711581369263991,0.007291539859755379,0.26055329963898394,4.05642094532356e-05,-0.005844914327106497,0.010846459925117043,43.27165579223446,4,True,-0.00032611710600165413,-1.5441387895115537,-0.00035718650393525453,0.000390072960914077,-1.5437231875134039,-0.0005075203210668137
1.4099999999999555,-0.009603464308559411,0.007291597951200152,0.26055326752205604,3.937159882207509e-05,-0.006036010597340692,0.010783015710559523,43.27163514310374,4,True,-0.00031542247756017634,-1.5441277639886692,-0.0003796237415771979,0.00037942376626507243,-1.5437245544323683,-0.0005254770676360953
1.4199999999999544,-0.009495990870599302,0.007291654353119183,0.26055323785217605,3.8225014017341955e-05,-0.006217312305504625,0.010717916512044078,43.27161513831235,4,True,-0.0003050615139464878,-1.5441172357097497,-0.00040098718503280386,0.0003690786080302525,-1.5437260532953878,-0.0005424937206334129
1.4299999999999533,-0.009389177090171485,0.007291709122406081,0.26055321051814356,3.712195765393657e-05,-0.006389116314966483,0.010651255495175841,43.27159575852108,4,True,-0.00029502391540803366,-1.5441071883893984,-0.00042131236212222237,0.0003590285684402262,-1.5437276783006195,-0.0005586017963142711
1.4399999999999522,-0.0092830380878384,0.00729176231348739,0.2605531854138534,3.606009704329414e-05,-0.006551713504034667,0.010583122669962086,43.27157698493322,4,True,-0.0002852997078540879,-1.5440976062070961,-0.00044063376956042673,0.00034926499789538883,-1.5437294238281196,-0.0005738319023863959
1.449999999999951,-0.009177588100998077,0.007291813978458469,0.26055316243804455,3.5037252685811155e-05,-0.006705388721886725,0.01051360498049021,43.27155879929666,4,True,-0.0002758792317142954,-1.5440884737956164,-0.0004589849001447212,0.0003397795065230237,-1.5437312844352045,-0.0005882137612909275
1.45999999999995,-0.00907284051406009,0.007291864167210842,0.2605531414940602,3.405138758355303e-05,-0.00685042076110269,0.01044278639246743,43.271541183868706,4,True,-0.00026675313124042185,-1.5440797762297935,-0.000476398269342162,0.00033056395598644953,-1.5437332548510636,-0.0006017762329165983
1.469999999999949,-0.008968807887757795,0.007291912927551608,0.26055312248962165,3.3100597302070677e-05,-0.006987082345255288,0.010370747978652844,43.271524121416874,4,True,-0.0002579123442567839,-1.5440714990152633,-0.0004929054412906394,0.00032161045161540773,-1.5437353299724377,-0.0006145473369872514
1.4799999999999478,-0.008865501987617633,0.0072919603053154215,0.26055310533661236,3.218310073580507e-05,-0.007115640130125799,0.010297568002210222,43.27150759520968,4,True,-0.0002493480923191733,-1.544063628077503,-0.0005085370542017067,0.0003129113348058244,-1.543737504858472,-0.0006265542749433896
1.4899999999999467,-0.008762933811606253,0.00729200634446952,0.26055308995087395,3.129723152809806e-05,-0.007236354717199782,0.010223321998013428,43.27149158901273,4,True,-0.00024105187122713665,-1.544056149751482,-0.0005233228452037811,0.00030445917563529356,-1.5437397747269108,-0.0006378234513303619
1.4999999999999456,-0.008661113616975653,0.007292051087212261,0.2605530762520122,3.0441430091050355e-05,-0.0073494806782528135,0.010148082851934968,43.27147608706819,4,True,-0.00023301544190704133,-1.5440490507711886,-0.0005372916746040501,0.0002962467658328845,-1.5437421349491236,-0.0006483804947894711
1.5099999999999445,-0.008560050946326423,0.007292094574065623,0.26055306416321344,2.9614236186381604e-05,-0.007455266589896966,0.0100719208781482,43.271461074073905,4,True,-0.0002252308216859913,-1.5440423182587761,-0.0005504715494565057,0.00028826711190500304,-1.5437445810460537,-0.0006582502784903105
1.5199999999999434,-0.008459754652908678,0.007292136843961976,0.26055305361107023,2.8814282038107288e-05,-0.007553955077056166,0.009994903894482921,43.271446535190265,4,True,-0.00021769027580995792,-1.5440359397150913,-0.0005628896468244849,0.00028051342850868944,-1.5437471086840566,-0.0006674569402724061
1.5299999999999423,-0.008360232925180029,0.007292177934325604,0.2605530445254162,2.8040285919039603e-05,-0.00764578286442022,0.009917097295862036,43.27143245601734,4,True,-0.00021038630937716393,-1.5440299030093483,-0.0005745723362281305,0.00027297913207618155,-1.5437497136703198,-0.0006760239021665588
1.5399999999999412,-0.008261493310639542,0.007292217881149248,0.26055303683916886,2.7291046191511123e-05,-0.00773098083499999,0.009838564125860485,43.27141882259151,4,True,-0.0002033116595049936,-1.5440241963700143,-0.0005855452017261368,0.00026565783463556534,-1.543752391949705,-0.0006839738896442315
1.54999999999994,-0.008163542738956293,0.007292256719066031,0.2605530304881813,2.6565435766163185e-05,-0.00780977409498619,0.009759365146416414,43.271405621357246,4,True,-0.00019645928780272258,-1.544018808374578,-0.0005958330633343689,0.0002585433378207496,-1.5437551396001519,-0.0006913289502206266
1.559999999999939,-0.008066387544410799,0.007292294481417026,0.2605530254111009,2.5862396952088483e-05,-0.007882382044174326,0.009679558905733642,43.27139283917433,4,True,-0.00018982237311604547,-1.5440137279408923,-0.0006054599980452124,0.0002516296271080748,-1.5437579528292167,-0.0006981104718616252
1.569999999999938,-0.007970033487667203,0.007292331200314794,0.26055302154923604,2.5180936666142566e-05,-0.00794901845126859,0.009599201804411586,43.27138046331384,4,True,-0.00018339430454851182,-1.5440089443179525,-0.0006144493602250216,0.00024491086621866194,-1.5437608279704118,-0.0007043392007763737
1.5799999999999368,-0.00787448577689374,0.007292366906703099,0.26055301884642895,2.4520121982031845e-05,-0.008009891533462637,0.009518348159834628,43.27136848139503,4,True,-0.00017716867468321355,-1.5440044470765744,-0.0006228238014958555,0.00023838139170358853,-1.5437637614792288,-0.0007100352588156376
1.5899999999999357,-0.007779749088248722,0.007292401630413116,0.2605530172489356,2.3879075987465187e-05,-0.008065204039705738,0.009437050268862716,43.27135688144545,4,True,-0.00017113927313565375,-1.5440002261015815,-0.0006306052902931234,0.00023203570769992965,-1.543766749930179,-0.0007152181606083643
1.5999999999999346,-0.007685827585748771,0.007292435400216288,0.2605530167053116,2.3256973936768282e-05,-0.008115153337136914,0.009355358468856392,43.27134565184367,4,True,-0.0001653000802287658,-1.5439962715827236,-0.0006378151307055105,0.00022586848088823472,-1.5437697900131955,-0.0007199068300795711
1.6099999999999335,-0.00759272494053583,0.007292468243874094,0.2605530171663044,2.2653039670120858e-05,-0.008159931500222584,0.009273321197069213,43.27133478131674,4,True,-0.0001596452609597245,-1.5439925740063007,-0.0006444739808974495,0.00021987453556226126,-1.5437728785298808,-0.0007241196166401725
1.6199999999999324,-0.0075004443495590295,0.007292500188184913,0.26055301858475005,2.206654228573979e-05,-0.008199725402147353,0.009190985048448012,43.27132425894577,4,True,-0.0001541691591646931,-1.5439891241474824,-0.0006506018712520745,0.00021404884888839365,-1.5437760123910524,-0.0007278743111058431
1.6299999999999313,-0.007408988553687151,0.007292531259028158,0.2605530209154765,2.149679304770356e-05,-0.008234716808057178,0.009108394831875645,43.27131407413755,4,True,-0.00014886629185441297,-1.543985913062239,-0.0006562182217336162,0.0002083865462926305,-1.5437791886128096,-0.0007311881609707694
1.6399999999999302,-0.007318359855267075,0.007292561481405878,0.26055302411521103,2.0943142506486587e-05,-0.00826508246979953,0.009025593624888063,43.271304216617274,4,True,-0.0001437313437738545,-1.5439829320794414,-0.0006613418591078184,0.00020288289702477357,-1.5437824043141666,-0.0007340778855872428
1.649999999999929,-0.007228560135143281,0.007292590879481976,0.2605530281424932,2.0404977826716058e-05,-0.008290994221823401,0.00894262282690397,43.27129467642763,4,True,-0.0001387591621358595,-1.5439801727936437,-0.0006659910334738836,0.00019753330982551519,-1.5437856567133879,-0.0007365596907177454
1.659999999999928,-0.007139590869153072,0.007292619476619191,0.26055303295759086,1.988172029881798e-05,-0.008312619077937452,0.008859522210998705,43.27128544391998,4,True,-0.00013394475155578065,-1.5439776270572136,-0.000670183434545138,0.00019233332874294843,-1.543788943125649,-0.0007386492829137289
1.6699999999999269,-0.007051453144111882,0.007292647295413981,0.2605530385224219,1.9372823031867468e-05,-0.008330119328645426,0.008776329974261358,43.271276509721616,4,True,-0.00012928326907776642,-1.5439752869740977,-0.0006739362074011001,0.00018727862908143308,-1.5437922609599957,-0.0007403618833584238
1.6799999999999258,-0.00696414767330271,0.007292674357729495,0.26055304480047936,1.8877768797168233e-05,-0.008343652638814095,0.008693082786760642,43.27126786477389,4,True,-0.00012477001950912957,-1.5439731448917071,-0.0006772659678630706,0.00018236501348093103,-1.5437956077166455,-0.0007417122415460151
1.6899999999999247,-0.00687767481148332,0.007292700684726642,0.26055305175676047,1.8396068041287907e-05,-0.008353372145451236,0.008609815839160349,43.27125950026121,4,True,-0.00012040045072690258,-1.5439711933947966,-0.0006801888174887363,0.00017758840811203045,-1.5437989809839856,-0.0007427146484157682
1.6999999999999236,-0.006792034569424615,0.007292726296893513,0.26055305935769907,1.7927257021680885e-05,-0.00835942655538767,0.008526562889012776,43.271251407661985,4,True,-0.0001161701493256042,-1.5439694252986802,-0.000682720358135384,0.0001729448589596737,-1.5438023784364616,-0.000743382949308883
1.7099999999999225,-0.00670722662799316,0.007292751214073167,0.26055306757110147,1.747089608179225e-05,-0.008361960242660452,0.008443356305763485,43.27124357869812,4,True,-0.00011207483627469569,-1.5439678336424942,-0.0006848757061194928,0.00016843052829433857,-1.5438057978317603,-0.0007437305565300534
1.7199999999999214,-0.006623250351790622,0.007292775455489904,0.260553076366086,1.7026568048584868e-05,-0.008361113345467843,0.008360227114499753,43.27123600535418,4,True,-0.0001081103627635956,-1.5439664116832195,-0.000686669506085838,0.00016404169117907157,-1.543809237008436,-0.0007437704615320854
1.7299999999999203,-0.006540104802362483,0.007292799039774128,0.2605530857130248,1.6593876742007203e-05,-0.008357021862500725,0.008277205038470606,43.27122867984963,4,True,-0.00010427270620750906,-1.5439651528893124,-0.0006881159444367917,0.00015977473208934927,-1.5438126938835028,-0.0007435152468710419
1.7399999999999192,-0.006457788750988157,0.0072928219849859015,0.2605530955834894,1.6172445587983297e-05,-0.008349817748551572,0.008194318540413892,43.271221594647116,4,True,-0.00010055796634371499,-1.543964050934715,-0.0006892287624098566,0.00015562614169700072,-1.5438161664500967,-0.0007429770978213062
1.749999999999918,-0.0063763006910642715,0.007292844308637234,0.26055310595019815,1.5761916333755077e-05,-0.008339629009272124,0.008111594862716532,43.27121474242743,4,True,-9.696236143716261e-05,-1.5439630996929155,-0.0006900212688260081,0.0001515925136863151,-1.543819652775119,-0.0007421678136170514
1.759999999999917,-0.006295638850092618,0.007292866027713238,0.260553116786967,1.5361947846503858e-05,-0.008326579794968083,0.008029060066437369,43.271208116105996,4,True,-9.348222471968864e-05,-1.5439622932314214,-0.0006905063524759693,0.00014767054169067439,-1.5438231509971534,-0.0007410988185344206
1.7699999999999159,-0.0062158012012839894,0.007292887158692179,0.2605531280686622,1.497221500270127e-05,-0.008310790493330458,0.007946739069225377,43.27120170880104,4,True,-9.011400077247922e-05,-1.5439616258061213,-0.0006906964942181643,0.00014385701634602675,-1.54382665932424,-0.0007397811725535713
1.7799999999999148,-0.006136785474788794,0.007292907717564471,0.2605531397711556,1.4592407658980281e-05,-0.008292377821045579,0.00786465568215614,43.27119551385401,4,True,-8.685424217585107e-05,-1.5439610918556168,-0.0006906037786993008,0.00014014882236551167,-1.543830176031917,-0.0007382255818107482
1.7899999999999137,-0.006058589168565103,0.00729292771985076,0.26055315187128164,1.4222229687697122e-05,-0.008271454914169113,0.007782832645519956,43.27118952478475,4,True,-8.369960619380746e-05,-1.5439606859967405,-0.0006902399057510934,0.00013654293578972508,-1.5438336994610256,-0.0007364424087128633
1.7999999999999126,-0.0059812095588944875,0.007292947180619095,0.26055316434679743,1.3861398082993234e-05,-0.008248131417251274,0.007701291663581304,43.27118373533035,4,True,-8.06468515509937e-05,-1.5439604030181813,-0.0006896162015451274,0.00013303642127568703,-1.5438372280158412,-0.000734441681900841
1.8099999999999115,-0.005904643710555747,0.007292966114501196,0.26055317717634346,1.3509642140196038e-05,-0.008222513571113983,0.007620053438345833,43.27117813941306,4,True,-7.769283535297866e-05,-1.5439602378766926,-0.0006887436294050609,0.00012962642941587594,-1.5438407601621646,-0.000732233105760112
1.8199999999999104,-0.005828888486666361,0.007292984535708025,0.26055319033940755,1.3166702672618766e-05,-0.008194704299251253,0.0075391377023518715,43.27117273113009,4,True,-7.483451011378934e-05,-1.5439601856915255,-0.0006876328002742223,0.00012631019426803794,-1.543844294425295,-0.0007298260698922033
1.8299999999999093,-0.005753940558201214,0.007293002458044518,0.2605532038162892,1.283233130565109e-05,-0.008164803292823047,0.007458563250517795,43.271167504754324,4,True,-7.206892078373577e-05,-1.543960241739724,-0.0006862939829733781,0.00012308503084136737,-1.543847829388486,-0.0007272296581244752
1.8399999999999082,-0.005679796413197984,0.0072930198949236495,0.26055321758806704,1.2506289809150912e-05,-0.008132907094193634,0.007378347971066394,43.27116245474529,4,True,-6.939320200149453e-05,-1.5439604014518296,-0.0006847371141833497,0.00011994833267970007,-1.543851363690859,-0.0007244526574251364
1.849999999999907,-0.005606452365658183,0.007293036859379836,0.2605532316365663,1.2188349480438496e-05,-0.008099109178981672,0.007298508875555507,43.27115757571674,4,True,-6.680457532817627e-05,-1.543960660407305,-0.0006829718081120447,0.00011689756957190687,-1.5438548960261251,-0.0007215035665546148
1.859999999999906,-0.00553390456415276,0.007293053364081717,0.2605532459443291,1.1878290571354777e-05,-0.008063500036621998,0.007219062128031552,43.27115286244844,4,True,-6.43003466086071e-05,-1.5439610143299343,-0.0006810073658693399,0.0001139302852756025,-1.5438584251404486,-0.000718390604360291
1.8699999999999048,-0.005462149000140829,0.007293069421344384,0.2605532604945851,1.1575901744845446e-05,-0.008026167249406226,0.007140023073335704,43.2711483098822,4,True,-6.187790347506305e-05,-1.5439614590837736,-0.0006788527846187594,0.00011104409535667154,-1.5438619498310362,-0.0007151217180572698
1.8799999999999037,-0.005391181516009926,0.007293085043140972,0.2605532752712246,1.1280979593302736e-05,-0.007987195569995314,0.007061406264582842,43.27114391309319,4,True,-5.953471273762741e-05,-1.5439619906689224,-0.0006765167665680137,0.00010823668502514143,-1.543865468944641,-0.0007117045910596053
1.8899999999999026,-0.005320997812845912,0.00729310024111383,0.26055329025877216,1.0993328167340714e-05,-0.00794666699739708,0.0069832254898343545,43.271139667327915,4,True,-5.726831813042719e-05,-1.5439626052176394,-0.0006740077275168408,0.00010550580711055378,-1.5438689813759765,-0.0007081466508040293
1.8999999999999015,-0.005251593457940475,0.007293115026585122,0.26055330544236094,1.0712758554157535e-05,-0.00790466085139102,0.006905493797988621,43.27113556796155,4,True,-5.5076337882703464e-05,-1.5439632989904493,-0.0006713338053629855,0.00010284928003138726,-1.5438724860662414,-0.0007044550762001022
1.9099999999999004,-0.00518296389204393,0.007293129410567027,0.26055332080770954,1.0439088478020715e-05,-0.00786125384542287,0.006828223523908186,43.27113161050319,4,True,-5.295646247702803e-05,-1.5439640683719504,-0.0006685028682026022,0.00010026498588616353,-1.543875982001382,-0.0007006368048905657
1.9199999999998993,-0.005115104436370859,0.007293143403771485,0.260553336341099,1.0172141926661697e-05,-0.007816520157961427,0.006751426312806628,43.27112779061171,4,True,-5.090645252012839e-05,-1.5439649098675718,-0.0006655225223743975,9.775086856395222e-05,-1.5438794682110848,-0.0006966985405135678
1.9299999999998982,-0.005048010299365846,0.007293157016619519,0.26055335202935087,9.911748810988968e-06,-0.007770531502303936,0.006675113143914852,43.2711241040589,4,True,-4.8924136561338024e-05,-1.543965820099982,-0.00066240012015281,9.530493191347043e-05,-1.5438829437675448,-0.0006926467594827395
1.9399999999998971,-0.004981676583236442,0.0072931702592501785,0.2605533678598063,9.657744646109943e-06,-0.0077233571948663125,0.006599294353441743,43.27112054675493,4,True,-4.700740906226681e-05,-1.5439667958050916,-0.0006591427672501836,9.292523796663787e-05,-1.5438864077833179,-0.0006884877177137275
1.949999999999896,-0.0049160982902602835,0.007293183141529132,0.26055338382030657,9.409970251498266e-06,-0.007675064221955037,0.006523979656856762,43.271117114722614,4,True,-4.515422839987301e-05,-1.5439678338291594,-0.0006557573301636748,9.060990525405283e-05,-1.5438898594112076,-0.0006842274572172639
1.959999999999895,-0.004851270328873062,0.0072931956730568955,0.2605533998991734,9.168271476149294e-06,-0.007625717305028108,0.0064491781705053285,43.27111380411152,4,True,-4.336261495179876e-05,-1.5439689311253597,-0.0006522504433036455,8.835710709361241e-05,-1.5438932978416795,-0.0006798718124633702
1.9699999999998938,-0.004787187519543873,0.007293207863176749,0.2605534160851914,8.932498939403505e-06,-0.007575378964464409,0.006374898432583187,43.27111061118077,4,True,-4.163064920963854e-05,-1.5439700847505156,-0.0006486285158275495,8.616506999932272e-05,-1.543896722303081,-0.0006754264164572928
1.9799999999998927,-0.004723844600444363,0.007293219720982335,0.2605534323675902,8.702507793620086e-06,-0.007524109581864597,0.006301148423472635,43.27110753229764,4,True,-3.9956469963239015e-05,-1.543971291861611,-0.0006448977384059376,8.403207211968685e-05,-1.5439001320588235,-0.0006708967068434082
1.9899999999998916,-0.004661236232917782,0.007293231255324962,0.2605534487360282,8.478157501332442e-06,-0.007471967460879741,0.006227935585483074,43.271104563944675,4,True,-3.833827255981804e-05,-1.5439725497136312,-0.000641064089797675,8.195644169423127e-05,-1.5439035264079009,-0.0006662879317518932
1.9999999999998905,-0.004599357006753999,0.0072932424748206465,0.26055346518057587,8.25931162651377e-06,-0.0074190088865999934,0.0061552668419857706,43.27110170270495,4,True,-3.677430718640034e-05,-1.5439738556559732,-0.0006371333431218136,7.993655558303662e-05,-1.5439069046827576,-0.0006616051554109861
2.0099999999998897,-0.004538201445276314,0.00729325338785687,0.26055348169170145,8.045837643829224e-06,-0.007365288183519798,0.006083148615976471,43.27109894527344,4,True,-3.526287719986693e-05,-1.5439752071296091,-0.000633111072026331,7.797083784230992e-05,-1.5439102662483066,-0.0006568532636792864
2.0199999999998886,-0.004477764010245756,0.007293264002599135,0.26055349826025564,7.83760675191905e-06,-0.0073108577721065285,0.006011586848075186,43.271096288416295,4,True,-3.380233757454041e-05,-1.5439766016643026,-0.0006290026567063143,7.605775834185804e-05,-1.5439136105010667,-0.0006520369694640323
2.0299999999998875,-0.004418039106588398,0.0072932743269972025,0.26055351487745765,7.63449371508798e-06,-0.007255768223978481,0.005940587013982155,43.27109372902316,4,True,-3.239109328390723e-05,-1.5439780368760536,-0.0006248132897596568,7.419583137717667e-05,-1.5439169368681447,-0.0006471608178992898
2.0399999999998863,-0.004359021086951023,0.007293284368791188,0.26055353153488203,7.436376701127981e-06,-0.007200068315723044,0.005870154141403266,43.271091264059365,4,True,-3.102759784015069e-05,-1.543979510464865,-0.0006205479818049922,7.238361440023037e-05,-1.5439202448060358,-0.0006422291914085627
2.0499999999998852,-0.0043007042560904195,0.00729329413551741,0.26055354822444543,7.243137134411431e-06,-0.00714380508137897,0.005800292826456744,43.271088890589574,4,True,-2.971035181443545e-05,-1.5439810202109636,-0.0006162115669792544,7.061970674230098e-05,-1.543923533799782,-0.0006372463146362251
2.059999999999884,-0.004243082875101334,0.007293303634514037,0.2605535649383942,7.054659560689683e-06,-0.007087023863599977,0.005731007249584504,43.27108660575974,4,True,-2.8437901442633886e-05,-1.543982563973532,-0.0006118087082942119,6.890274835733354e-05,-1.5439268033623421,-0.0006322162592786025
2.069999999999883,-0.004186151165488034,0.00729331287292652,0.2605535816692928,6.870831522460248e-06,-0.007029768363521186,0.005662301190970915,43.27108440680736,4,True,-2.7208837196346778e-05,-1.5439841396879466,-0.0006073439028797225,6.723141864861882e-05,-1.5439300530329791,-0.0006271429486674672
2.079999999999882,-0.004129903313084278,0.0072933218577129035,0.26055359841001235,6.691543435070292e-06,-0.00697208068936245,0.0055941780454921925,43.27108229104051,4,True,-2.602179251516795e-05,-1.5439857453629735,-0.000602821486900099,6.560443530791892e-05,-1.5439332823770466,-0.000622030162338887
2.089999999999881,-0.004074333471826343,0.007293330595648885,0.26055361515371933,6.5166884803152965e-06,-0.006914001403779109,0.005526640837203829,43.271080255857264,4,True,-2.4875442466093324e-05,-1.5439873790792276,-0.0005982456406225439,6.402055316632012e-05,-1.5439364909846738,-0.0006168815404246898
2.0999999999998797,-0.0040194357673836445,0.007293339093332769,0.26055363189386554,6.346162498870984e-06,-0.006855569569994591,0.005459692233381596,43.27107829873089,4,True,-2.3768502515537987e-05,-1.5439890389863464,-0.0005936203930555888,6.247856313046054e-05,-1.5439396784702073,-0.0006117005879058911
2.1099999999998786,-0.0039652043006513345,0.007293347357190236,0.26055364862417746,6.179863892645289e-06,-0.006796822796727682,0.005393334558129006,43.27107641719722,4,True,-2.2699727309610586e-05,-1.543990723301164,-0.0005889496266172884,6.097729111864762e-05,-1.543942844471292,-0.0006064906787785891
2.1199999999998775,-0.003911633151109181,0.0072933553934789565,0.26055366533864677,6.017693535188419e-06,-0.00673779728195794,0.005327569805560639,43.27107460888253,4,True,-2.1667909489572634e-05,-1.543992430305504,-0.0005842370816677432,5.951559699762359e-05,-1.5439459886480258,-0.0006012550600849848
2.1299999999998764,-0.00385871638005084,0.0072933632082930735,0.2605536820315213,5.859554685114169e-06,-0.006678527855526031,0.0052623996525787775,43.271072871476036,4,True,-2.0671878539371557e-05,-1.5439941583442838,-0.0005794863608260891,5.8092373622527867e-05,-1.543949110682263,-0.0005959968558263685
2.1399999999998753,-0.0038064480336875966,0.0072933708075675376,0.26055369869729555,5.705352903370768e-06,-0.006619048020616329,0.005197825471249385,43.27107120273104,4,True,-1.971049970529286e-05,-1.5439959058234052,-0.0005747009332225179,5.67065458596349e-05,-1.5439522102769265,-0.0005907190707682548
2.1499999999998742,-0.003754822146130475,0.0072933781970823085,0.2605537153307023,5.554995980965417e-06,-0.0065593899941313125,0.0051338483407907375,43.27106960047382,4,True,-1.8782672885978715e-05,-1.5439976712079329,-0.0005698841386476025,5.535706961935647e-05,-1.5439552871551052,-0.000585424594131671
2.159999999999873,-0.0037038327422545254,0.007293385382466439,0.2605537319267042,5.408393862714121e-06,-0.006499584745988629,0.005070469059187876,43.271068062589876,4,True,-1.788733162084359e-05,-1.5439994530201235,-0.0005650391915425879,5.4042930988269734e-05,-1.543958341059653,-0.0005801162032197824
2.169999999999872,-0.003653473840449,0.007293392369202046,0.2605537484804857,5.265458580712195e-06,-0.006439662037364933,0.005007688154441112,43.271066587035946,4,True,-1.7023442061820105e-05,-1.5440012498378168,-0.000560169184854722,5.276314531475274e-05,-1.543961371752127,-0.0005747965668679342
2.179999999999871,-0.0036037394552569883,0.007293399162628111,0.2605537649874453,5.1261041963715174e-06,-0.006379650457900829,0.004945505895459412,43.27106517181578,4,True,-1.6190001978197624e-05,-1.5440030602925034,-0.0005552770938869386,5.151675633547785e-05,-1.5439643790124793,-0.0005694682488421474
2.18999999999987,-0.0035546235999080384,0.007293405767944249,0.26055378144318847,4.990246732166809e-06,-0.006319577461904683,0.0048839223026098345,43.2710638150018,4,True,-1.5386039836725378e-05,-1.5440048830677826,-0.0005503657798839253,5.030283539474498e-05,-1.5439673626381756,-0.0005641337111647629
2.1999999999998687,-0.0035061202887471197,0.007293412190214287,0.26055379784351995,4.857804124457753e-06,-0.006259469403569752,0.004822937157931817,43.271062514721464,4,True,-1.461061383377669e-05,-1.5440067168974878,-0.0005454379936771912,4.9120480566664686e-05,-1.543970322443605,-0.0005587953172533224
2.2099999999998676,-0.0034582235395632416,0.00729341843436982,0.2605538141844371,4.7286961599687426e-06,-0.006199351571222921,0.004762550015027189,43.27106126915427,4,True,-1.3862811057928508e-05,-1.5440085605644158,-0.0005404963790576642,4.796881592314216e-05,-1.543973258259614,-0.0005534553350904921
2.2199999999998665,-0.003410927375820918,0.007293424505213606,0.26055383046212327,4.6028444312196764e-06,-0.006139248220633357,0.004702760208633952,43.2710600765442,4,True,-1.3141746566586477e-05,-1.5440104128984629,-0.0005355434762322014,4.684699074935112e-05,-1.5439761699328551,-0.0005481159402110765
2.2299999999998654,-0.003364225828797578,0.007293430407422901,0.2605538466729412,4.48017228368725e-06,-0.006079182607406091,0.004643566863894692,43.27105893517259,4,True,-1.2446562580808103e-05,-1.5440122727754224,-0.0005305817249936269,4.5754178809861675e-05,-1.5439790573250738,-0.0005427792186200379
2.2399999999998643,-0.0033181129396299552,0.00729343614555268,0.2605538628134269,4.3606047725090145e-06,-0.00601917701847555,0.004584968905324725,43.271057843385066,4,True,-1.1776427643748714e-05,-1.5440141391150886,-0.0005256134679508614,4.468957762658333e-05,-1.5439819203129217,-0.0005374471696633153
2.249999999999863,-0.003272582761272369,0.007293441724038768,0.26055387888028414,4.244068619608721e-06,-0.0059592528027213095,0.004526965065494906,43.27105679956696,4,True,-1.1130535828465724e-05,-1.5440160108803107,-0.0005206409536066527,4.3652407786857106e-05,-1.5439847587868312,-0.0005321217087914586
2.259999999999862,-0.0032276293603697424,0.007293447147200916,0.2605538948703775,4.130492169673729e-06,-0.005899430400740141,0.004469553893431177,43.27105580215389,4,True,-1.0508105987481268e-05,-1.5440178870753676,-0.0005156663392956879,4.2641912260496637e-05,-1.5439875726511127,-0.0005268046701909752
2.269999999999861,-0.0031832468190481325,0.007293452419245766,0.26055391078072826,4.019805348879418e-06,-0.005839729373775235,0.00441273376274235,43.27105484962728,4,True,-9.908380994698447e-06,-1.5440197667445128,-0.0005106916941316665,4.1657355763527156e-05,-1.5439903618230189,-0.0005214978094949329
2.27999999999986,-0.00313942923662543,0.007293457544269741,0.26055392660850774,3.911939630182037e-06,-0.0057801684318349615,0.0043565028794839734,43.27105394052277,4,True,-9.33062702112723e-06,-1.544021648971065,-0.0005057190018199082,4.06980240892397e-05,-1.5439931262325253,-0.0005162028062136577
2.289999999999859,-0.0030961707312448443,0.007293462526261852,0.26055394235103285,3.806827995332434e-06,-0.005720765461017542,0.004300859289765113,43.27105307340386,4,True,-8.774132824354506e-06,-1.5440235328757117,-0.0005007501633542928,3.9763223516301285e-05,-1.5439958658217152,-0.0005109212662238052
2.2999999999998577,-0.003053465441433706,0.007293467369106456,0.26055395800576076,3.70440489914203e-06,-0.005661537550063356,0.004245800887106171,43.27105224689267,4,True,-8.238209088277272e-06,-1.5440254176157704,-0.000495786999746409,3.8852280197969183e-05,-1.5439985805443066,-0.0005056547242001584
2.3099999999998566,-0.003011307527590015,0.007293472076585926,0.26055397357028426,3.604606233738414e-06,-0.005602501016152585,0.004191325419553759,43.27105145964026,4,True,-7.72218774553509e-06,-1.54402730238345,-0.0004908312544866987,3.796453960051583e-05,-1.5440012703653836,-0.0005004046458409798
2.3199999999998555,-0.002969691173399153,0.0072934766523832266,0.26055398904232696,3.507369301690203e-06,-0.005543671429975925,0.004137430496561268,43.271050710340724,4,True,-7.225421336528624e-06,-1.5440291864049327,-0.0004858845961727439,3.70993658992237e-05,-1.5440039352605779,-0.0004951724301894025
2.3299999999998544,-0.002928610587183028,0.007293481100084465,0.26055400441973886,3.4126327814717893e-06,-0.005485063640082426,0.004084113595642861,43.2710499977286,4,True,-6.747282391282157e-06,-1.544031068939582,-0.00048094862086185697,3.625614146669521e-05,-1.544006575216065,-0.0004899594117933587
2.3399999999998533,-0.002888060003183924,0.007293485423181369,0.2605540197004915,3.3203366943331894e-06,-0.0054266917965296365,0.004031372068803585,43.2710493205826,4,True,-6.287162841778689e-06,-1.5440329492783773,-0.0004760248544349227,3.54342663264374e-05,-1.5440091902279938,-0.0004847668628286385
2.349999999999852,-0.0028480336827852123,0.007293489625073653,0.2605540348826744,3.2304223816127515e-06,-0.005368569373854393,0.003979203148757922,43.2710486777065,4,True,-5.844473402939046e-06,-1.5440348267431918,-0.0004711147549323844,3.463315763018625e-05,-1.5440117803021585,-0.0004795959951448451
2.359999999999851,-0.002808525915671056,0.007293493709071396,0.26055404996449066,3.142832471262316e-06,-0.0053107091933832186,0.003927603954936719,43.27104806794944,4,True,-5.418643036348756e-06,-1.5440367006855604,-0.0004662197146917249,3.385224917896518e-05,-1.5440143454533353,-0.00047444796225883177
2.36999999999985,-0.002769531020927134,0.007293497678397305,0.26055406494425276,3.0575108530151253e-06,-0.005253123444895562,0.003876571499294639,43.27104749018907,4,True,-5.009118382627312e-06,-1.5440385704858768,-0.00046134106258884837,3.3090990911309925e-05,-1.544016885705335,-0.00046932386131384285
2.379999999999849,-0.0027310433480843953,0.007293501536188943,0.2605540798203792,2.974402652375855e-06,-0.0051958237076637145,0.0038261026919196627,43.271046943334866,4,True,-4.615363222799459e-06,-1.5440404355522004,-0.0004564800660636659,3.234884845591937e-05,-1.544019401090278,-0.00046422473492962926
2.389999999999848,-0.002693057278107762,0.007293505285500891,0.26055409459139045,2.8934542040859038e-06,-0.005138820970880561,0.0037761943464528834,43.271046426335346,4,True,-4.2368579805335855e-06,-1.5440422953196138,-0.0004516379331947509,3.162530265098145e-05,-1.5440218916484425,-0.0004591515730455385
2.3999999999998467,-0.0026555672243316524,0.007293508929306876,0.26055410925590533,2.8146130250455664e-06,-0.0050821256534862086,0.003726843185324012,43.27104593816678,4,True,-3.873099211856875e-06,-1.5440441492490546,-0.00044681581464971513,3.091984911967742e-05,-1.544024357427923,-0.00045410531470796856
2.4099999999998456,-0.0026185676333441376,0.007293512470501828,0.2605541238126381,2.737827793253414e-06,-0.00502574762341818,0.003678045844807684,43.27104547783922,4,True,-3.5235990991448154e-06,-1.5440459968267475,-0.00044201480558852624,3.0231997827888112e-05,-1.544026798484216,-0.00044908684974554337
2.4199999999998445,-0.0025820529858215074,0.007293515911903871,0.2605541382603942,2.6630483234041544e-06,-0.004969696216300612,0.003629798879904247,43.27104504439162,4,True,-3.187885001728455e-06,-1.5440478375628612,-0.0004372359475343378,2.9561272666274705e-05,-1.5440292148800314,-0.00044409702049158755
2.4299999999998434,-0.002546017797314945,0.0072935192562562845,0.26055415259806763,2.590225547325494e-06,-0.004913980253574287,0.003582098769055023,43.271044636888874,4,True,-2.8654989723704245e-06,-1.544049670991454,-0.0004324802301906588,2.8907211034033188e-05,-1.5440316066848312,-0.0004391366233194243
2.4399999999998423,-0.002510456618990969,0.007293522506229438,0.26055416682463767,2.5193114834504373e-06,-0.004858608060104695,0.003534941918690842,43.271044254426,4,True,-2.5559973460852777e-06,-1.544051496668798,-0.0004277485931367305,2.8269363488970897e-05,-1.5440339739746156,-0.0004342064103141492
2.449999999999841,-0.0024753640383272458,0.007293525664422629,0.26055418093916566,2.450259221498917e-06,-0.004803587481266346,0.003488324667623811,43.27104389612542,4,True,-2.2589502774435817e-06,-1.5440533141732213,-0.00042304192753790583,2.7647293310045907e-05,-1.5440363168316786,-0.0004293070907114533
2.45999999999984,-0.002440734679765354,0.007293528733365908,0.26055419494079257,2.3830228987754686e-06,-0.004748925899515987,0.0034422432912844117,43.271043561137525,4,True,-1.973941332876122e-06,-1.5440551231042052,-0.0004183610778227465,2.7040576153158645e-05,-1.5440386353440325,-0.0004244393324059425
2.469999999999839,-0.0024065632053219934,0.007293531715521849,0.2605542088287353,2.3175576790497182e-06,-0.004694630250475466,0.0033966940058103917,43.271043248633006,4,True,-1.7005670929167718e-06,-1.54405692308145,-0.00041370684327134393,2.644879969036085e-05,-1.5440409296057829,-0.00041960376342406013
2.479999999999838,-0.0023728443151600966,0.007293534613287276,0.26055422260228467,2.253819733550462e-06,-0.0046407070385343025,0.003351672971991044,43.271042957828,4,True,-1.4384367423289126e-06,-1.5440587137447805,-0.0004090799795136395,2.5871563255894793e-05,-1.5440431997163058,-0.00041480097324128856
2.489999999999837,-0.0023395727481213013,0.007293537428994939,0.2605542362608023,2.1917662205864905e-06,-0.004587162351994441,0.003307176299065979,43.27104268793073,4,True,-1.187171690184948e-06,-1.5440604947522953,-0.0004044812000404803,2.5308477508817303e-05,-1.5440454457797137,-0.0004100315141320779
2.4999999999998357,-0.0023067432822211466,0.007293540164915176,0.2605542498037184,2.1313552634297744e-06,-0.004534001877751615,0.003263200048398474,43.271042438186484,4,True,-9.464052121573236e-07,-1.5440622657811107,-0.0003999111777507014,2.4759164112234234e-05,-1.5440476679057866,-0.0004052959025938181
2.5099999999998346,-0.0022743507351083016,0.007293542823257497,0.2605542632305287,2.07254593548684e-06,-0.004481230915541857,0.0032197402370059917,43.27104220788003,4,True,-7.157820756575775e-07,-1.5440640265256855,-0.00039537054623314534,2.4223255383645036e-05,-1.5440498662084665,-0.00040059462045731887
2.5199999999998335,-0.002242389964489167,0.0072935454061721534,0.26055427654079244,2.015298237563568e-06,-0.004428854391756323,0.003176792840969863,43.27104199629299,4,True,-4.949582021306195e-07,-1.5440657766978159,-0.0003908599012019872,2.370039402622e-05,-1.544052040806395,-0.00039592811622789464
2.5299999999998324,-0.0022108558685190937,0.00729354791575166,0.26055428973412975,1.9595730822602884e-06,-0.00437687687283914,0.0031343537987164726,43.27104180274672,4,True,-2.836003160961028e-07,-1.5440675160255335,-0.0003863798018314571,2.3190232795874296e-05,-1.5440541918224524,-0.00039129680623102125
2.5399999999998313,-0.0021797433861614223,0.007293550354032295,0.2605543028102197,1.9053322726178328e-06,-0.004325302578278429,0.003092419014182732,43.27104162658817,4,True,-8.13856377945637e-08,-1.5440692442530621,-0.00038193077200958283,2.2692434239255335e-05,-1.5440563193834451,-0.0003867010757867541
2.54999999999983,-0.0021490474975155356,0.007293552722995514,0.2605543157687979,1.8525384912497856e-06,-0.0042741353932108875,0.003050984359859595,43.27104146715404,4,True,1.1199849046784091e-07,-1.54407096113948,-0.0003775133015772569,2.220667035273647e-05,-1.5440584236200297,-0.00038214128021449377
2.559999999999829,-0.0021187632241151007,0.007293555024569416,0.26055432860965433,1.8011552722480627e-06,-0.004223378880634225,0.0030100456797274937,43.27104132382604,4,True,2.9685481736001893e-07,-1.5440726664590985,-0.0003731278476220718,2.1732622392970446e-05,-1.544060504666299,-0.00037761774623696557
2.569999999999828,-0.0020888856291975265,0.007293557260630087,0.2605543413326312,1.7511469914306914e-06,-0.00417303629325257,0.0029695987920817625,43.27104119600517,4,True,4.734765699034103e-07,-1.5440743600003468,-0.00036877483554172716,2.1269980539511923e-05,-1.5440625626602078,-0.00037313077265908087
2.579999999999827,-0.0020594098179458073,0.007293559433002952,0.260554353937621,1.7024788487645605e-06,-0.004123110584958141,0.0029296394922471475,43.27104108310222,4,True,6.421477122478981e-07,-1.544076041565295,-0.00036445466024248856,2.081844365547074e-05,-1.5440645977425107,-0.0003686806315878606
2.5899999999998258,-0.0020303309377037453,0.00729356154346409,0.26055436642456464,1.6551168504600543e-06,-0.0040736044219567055,0.0028901635551961125,43.27104098454951,4,True,8.03143218229826e-07,-1.5440777109694235,-0.00036016768725213074,2.037771905286475e-05,-1.544066610057322,-0.0003642675694207558
2.5999999999998247,-0.0020016441781655616,0.007293563593741511,0.26055437879344956,1.6090277943288207e-06,-0.004024520193555309,0.0028511667380630374,43.27104089980632,4,True,9.567293679969737e-07,-1.5440793680409677,-0.0003559142537454923,1.9947522211379317e-05,-1.5440685997513524,-0.00035989180774914284
2.6099999999998236,-0.0019733447715408934,0.0072935655855164245,0.2605543910443076,1.5641792481231856e-06,-0.003975860022616376,0.0028126447825634615,43.271040828325084,4,True,1.1031639820375529e-06,-1.5440810126201538,-0.0003516946695747222,1.952757661259668e-05,-1.5440705669742476,-0.0003555535442989398
2.6199999999998225,-0.001945427992696118,0.007293567520424413,0.26055440317721346,1.5205395442096101e-06,-0.003927625775698054,0.0027745934173194287,43.27104076959451,4,True,1.2426967214394822e-06,-1.5440826445593638,-0.00034750921835225324,1.911761341462452e-05,-1.544072511878056,-0.000351252953872479
2.6299999999998214,-0.001917889159272913,0.0072935694000566455,0.26055441519228295,1.478077758151507e-06,-0.0038798190728588197,0.002737008360096368,43.27104072312625,4,True,1.3755692963376877e-06,-1.5440842637224383,-0.00034335815836548705,1.871737127723928e-05,-1.5440744346173623,-0.00034699018918244405
2.6399999999998203,-0.0018907236317849468,0.007293571225961062,0.26055442708967164,1.436763688743873e-06,-0.0038324412971724848,0.002699885319948379,43.27104068842386,4,True,1.502015732233404e-06,-1.5440858699839608,-0.00033924172347486097,1.832659618927795e-05,-1.5440763353487383,-0.0003427653817172767
2.649999999999819,-0.0018639268136935814,0.007293572999643467,0.2605544388695727,1.3965678482475159e-06,-0.0037854936039477074,0.002663219999281189,43.271040665019186,4,True,1.6222625859176455e-06,-1.5440874632291017,-0.00033516012411099474,1.794504118612944e-05,-1.5440782142310228,-0.0003385786425499211
2.659999999999818,-0.0018374941514633961,0.007293574722568636,0.26055445053221565,1.3574614500194405e-06,-0.003738976929652389,0.002627008095832555,43.27104065246001,4,True,1.7365292076331882e-06,-1.5440890433532433,-0.0003311135481387017,1.7572466161325406e-05,-1.5440800714249456,-0.00033443006311431936
2.669999999999817,-0.001811421134598347,0.007293576396161403,0.26055446207786476,1.3194163885903516e-06,-0.0036928920005612855,0.002591245304573207,43.27104065030774,4,True,1.8450279197695744e-06,-1.5440906102617022,-0.00032710216166246164,1.7208637708119227e-05,-1.5440819070930727,-0.00033031971604171966
2.679999999999816,-0.0017857032956593562,0.007293578021807676,0.26055447350681754,1.2824052336150762e-06,-0.0036472393411313853,0.002555927319528347,43.27104065813837,4,True,1.947964281569446e-06,-1.5440921638689176,-0.00032312610995271346,1.685332886188022e-05,-1.544083721399514,-0.00032624765581460737
2.6899999999998148,-0.0017603362102640771,0.007293579600855496,0.2605544848194034,1.2464012070188936e-06,-0.003602019282116339,0.0025210498355280973,43.271040675533264,4,True,2.0455372390129895e-06,-1.5440937040986404,-0.00031918551814654557,1.6506318981574943e-05,-1.5440855145100465,-0.00032221391955236385
2.6999999999998137,-0.0017353154970695772,0.007293581134616026,0.26055449601598246,1.2113781711162208e-06,-0.0035572319684192364,0.002486608549882767,43.271040702097594,4,True,2.137939365597772e-06,-1.544095230883181,-0.000315280492100054,1.6167393541672164e-05,-1.5440872865917628,-0.000318218527723203
2.7099999999998126,-0.001710636817738642,0.007293582624364508,0.26055450709694356,1.1773106178989777e-06,-0.003512877366699381,0.002452599163988904,43.27104073744378,4,True,2.2253570435968533e-06,-1.544096744163138,-0.00031141111910685593,1.5836343929087825e-05,-1.544089037813189,-0.00031426148474520885
2.7199999999998115,-0.0016862958768903943,0.0072935840713412095,0.2605545180627037,1.1441736561573924e-06,-0.003468955272732822,0.0024190173848684135,43.27104078119772,4,True,2.307970670799767e-06,-1.5440982438874065,-0.00030757746865875456,1.551296730595021e-05,-1.5440907683438987,-0.00031034277971385925
2.7299999999998104,-0.001662288422035889,0.007293585476752364,0.2605545289137065,1.1119429938388732e-06,-0.0034254653185432134,0.002385858926640695,43.27104083299021,4,True,2.3859548203247902e-06,-1.5440997300122947,-0.00030377959311934076,1.5197066444645522e-05,-1.5440924783546048,-0.00030646238700813417
2.7399999999998093,-0.0016386102434993363,0.0072935868417710464,0.260554539650421,1.0805949327269598e-06,-0.0033824069792990296,0.002353119511933336,43.271040892500224,4,True,2.4594784430965166e-06,-1.5441012025016998,-0.0003000175284737595,1.4888449529985895e-05,-1.5440941680171179,-0.00030262026692773585
2.749999999999808,-0.0016152571743255563,0.007293588167538071,0.2605545502733405,1.050106348491492e-06,-0.003339779579999072,0.00232079487322582,43.27104095935113,4,True,2.5287050195796803e-06,-1.5441026613265207,-0.00029629129481348316,1.4586930050089652e-05,-1.5440958375034317,-0.000298816366142044
2.759999999999807,-0.001592225090174328,0.007293589455162848,0.2605545607829813,1.0204546792892798e-06,-0.003297582301930282,0.002288880754143564,43.27104103323241,4,True,2.5937927428153317e-06,-1.5441041064645156,-0.0002926008973140516,1.4292326626324628e-05,-1.5440974869872761,-0.00029505061861892664
2.769999999999806,-0.0015695099092020973,0.007293590705724202,0.26055457117988157,9.916179167372051e-07,-0.0032558141889240757,0.002257372910686752,43.27104111382536,4,True,2.654894666746634e-06,-1.544105537900056,-0.0002889463265017515,1.4004462854682885e-05,-1.5440991166424811,-0.0002913229457874718
2.779999999999805,-0.0015471075919317417,0.0072935919202711886,0.26055458146460087,9.63574593780872e-07,-0.0032144741534092702,0.002226267112404004,43.271041200822594,4,True,2.71215889322021e-06,-1.5441069556236109,-0.0002853275590675242,1.3723167165907141e-05,-1.5441007266434421,-0.00028763325726736423
2.7899999999998037,-0.00152501414111086,0.007293593099823891,0.26055459163771816,9.363037710189172e-07,-0.003173560982265888,0.002195559143515823,43.271041293929486,4,True,2.765728681702822e-06,-1.5441083596318965,-0.0002817445583842333,1.3448272701328154e-05,-1.5441023171652064,-0.0002839814514013207
2.7999999999998026,-0.0015032256015591317,0.007293594245374194,0.26055460169983174,9.097850251560254e-07,-0.0031330733424864412,0.002165244803983911,43.27104139285454,4,True,2.81574264248029e-06,-1.5441097499271548,-0.0002781972750863687,1.317961717555008e-05,-1.5441038883831444,-0.00028036741571584804
2.8099999999998015,-0.0014817380600052605,0.0072935953578865224,0.2605546116515575,8.8399844094207e-07,-0.0030930097866542494,0.0021353199105298287,43.271041497327076,4,True,2.862334855820363e-06,-1.544111126517392,-0.0002746856476170022,1.2917042717134777e-05,-1.5441054404730274,-0.0002767910274181321
2.8199999999998004,-0.0014605476449139952,0.007293596438298593,0.2605546214935287,8.589245956597406e-07,-0.0030533687582399204,0.0021057802976060915,43.27104160707042,4,True,2.905635021973228e-06,-1.544112489415631,-0.00027120960272139277,1.2660395793541612e-05,-1.5441069736106754,-0.00027325215386420586
2.8299999999997993,-0.0014396505263037079,0.007293597487522126,0.26055463122639444,8.34544548866248e-07,-0.003014148596729439,0.0020766218183187845,43.271041721826975,4,True,2.9457685707857323e-06,-1.5441138386401099,-0.0002677690560076066,1.2409527041391716e-05,-1.5441084879721065,-0.00026975065302045186
2.8399999999997982,-0.0014190429155549822,0.007293598506443541,0.2605546408508191,8.108398317332953e-07,-0.002975347542574137,0.002047840345307091,43.27104184135552,4,True,2.982856822639243e-06,-1.5441151742138064,-0.00026436391239955705,1.2164291175985237e-05,-1.5441099837335581,-0.00026628637392851317
2.849999999999797,-0.0013987210652106682,0.0072935994959246195,0.26055465036748154,7.87792440295216e-07,-0.0029369637419786356,0.0020194317715761015,43.27104196539503,4,True,3.017017124112287e-06,-1.544116496164337,-0.00026099406667440565,1.1924546847341843e-05,-1.5441114610712128,-0.0002628591570793007
2.859999999999796,-0.0013786812687678243,0.00729360045680319,0.26055465977707415,7.653848206642675e-07,-0.002898995251526003,0.0019913920112910525,43.271042093717796,4,True,3.048362942603074e-06,-1.5441178045240922,-0.00025765940386814014,1.1690156559624987e-05,-1.5441129201612895,-0.0002594688349124504
2.869999999999795,-0.0013589198604619672,0.0072936013898937755,0.260554669080302,7.435998567292086e-07,-0.0028614400426526573,0.001963717000524421,43.27104222611,4,True,3.0770039855730084e-06,-1.5441190993289617,-0.00025435979971397745,1.1460986550078587e-05,-1.5441143611798025,-0.0002561152321066015
2.879999999999794,-0.0013394332150440448,0.007293602295988173,0.26055467827788237,7.224208712214162e-07,-0.002824296005974442,0.0019364026979692276,43.27104236234169,4,True,3.103046359492299e-06,-1.5441203806194383,-0.0002510951211230995,1.1236906651065343e-05,-1.5441157843024014,-0.0002527981660105258
2.8899999999997927,-0.001320217747550506,0.007293603175856131,0.2605546873705437,7.018316024074601e-07,-0.0027875609554591854,0.0019094450856111055,43.27104250220725,4,True,3.1265926359466376e-06,-1.5441216484395743,-0.0002478652265928182,1.1017790247598746e-05,-1.544117189704825,-0.0002495174470838016
2.8999999999997916,-0.001301269913066838,0.007293604030245903,0.2605546963590253,6.818162027407875e-07,-0.0027512326324638384,0.001882840169365631,43.27104264549106,4,True,3.1477419760668827e-06,-1.5441229028371821,-0.0002446699665845383,1.0803514130349555e-05,-1.5441185775623727,-0.0002462728791538196
2.9099999999997905,-0.0012825862064849533,0.0072936048598848426,0.26055470524407565,6.623592268804551e-07,-0.002715308709627519,0.0018565839796759918,43.27104279201686,4,True,3.1665902379502646e-06,-1.544124143863587,-0.00024150918395480307,1.0593958408053537e-05,-1.5441199480499785,-0.0002430642598449669
2.9199999999997894,-0.0012641631622547541,0.007293605665479971,0.26055471402645314,6.434456220874704e-07,-0.00267978679463536,0.0018306725720812485,43.27104294157384,4,True,3.183230098232192e-06,-1.5441253715734098,-0.00023838271427882148,1.0389006433791788e-05,-1.5441213013421982,-0.0002398913808357672
2.9299999999997883,-0.0012459973541302392,0.007293606447718532,0.26055472270692437,6.250607183371696e-07,-0.0026446644338598987,0.0018051020277463645,43.271043093987814,4,True,3.197751111644839e-06,-1.5441265860242264,-0.00023529038624336797,1.0188544693032115e-05,-1.5441226376131514,-0.00023675402825862148
2.9399999999997872,-0.0012280853949104525,0.007293607207268514,0.260554731286264,6.071902223911767e-07,-0.002609939115866977,0.0017798684539637125,43.27104324907561,4,True,3.2102398451149278e-06,-1.5441277872767958,-0.00023223202202074942,9.992462709009737e-06,-1.5441239570363954,-0.0002336519829694779
2.949999999999786,-0.0012104239361756094,0.007293607944779158,0.260554739765254,5.898202128733995e-07,-0.0025756082748003718,0.001754967984623143,43.27104340667602,4,True,3.2207799719520862e-06,-1.5441289753949157,-0.00022920743762522655,9.800652952730267e-06,-1.5441252597849722,-0.00023058502086156337
2.959999999999785,-0.0011930096680186778,0.0072936086608815336,0.2605547481446831,5.72937115880724e-07,-0.0025416692936476013,0.0017303967806498455,43.27104356662015,4,True,3.229452300837296e-06,-1.5441301504447622,-0.00022621644312825813,9.613010827182312e-06,-1.544126546031492,-0.00022755291319009958
2.969999999999784,-0.0011758393187727462,0.0072936093561889685,0.2605547564253463,5.565277118682017e-07,-0.002508119507400635,0.001706151030415333,43.27104372874496,4,True,3.2363349570610816e-06,-1.5441313124950837,-0.00022325884310281523,9.429434486634372e-06,-1.5441278159476077,-0.00022455542677190455
2.979999999999783,-0.0011589096547344302,0.0072936100312975625,0.2605547646080442,5.40579121838626e-07,-0.0024749562060982257,0.0016822269501206868,43.27104389289795,4,True,3.2415033967375923e-06,-1.5441324616171757,-0.00022033443687725937,9.249824819326957e-06,-1.544129069704561,-0.00022159232434061115
2.9899999999997817,-0.0011422174798835993,0.0072936106867866534,0.26055477269358246,5.250787990215794e-07,-0.002442176637760976,0.0016586207841521336,43.27104405893502,4,True,3.245030527444942e-06,-1.5441335978846449,-0.0002174430188428192,9.074085350450589e-06,-1.5441303074728632,-0.00021866336478919092
2.9999999999997806,-0.001125759635599685,0.007293611323219263,0.26055478068277155,5.100145238487102e-07,-0.00240977801121651,0.0016353288054123895,43.27104422670919,4,True,3.2469867713238783e-06,-1.544134721373234,-0.0002145843787391252,8.902122175183416e-06,-1.544131529422203,-0.00021576830340485045
3.0099999999997795,-0.001109533000374832,0.007293611941142562,0.260554788576426,4.953743922335674e-07,-0.00237775749884091,0.0016123473156216244,43.27104439608651,4,True,3.2474401527710096e-06,-1.5441358321605492,-0.0002117583018848562,8.733843887943333e-06,-1.5441327357213057,-0.0002129068920971275
3.0199999999997784,-0.001093534489524131,0.007293612541088282,0.260554796375364,4.811468120878406e-07,-0.0023461122391827552,0.0015896726456052662,43.27104456693164,4,True,3.2464563614824773e-06,-1.5441369303264763,-0.00020896456956679926,8.569161486628102e-06,-1.5441339265386202,-0.00021007887970958178
3.0299999999997773,-0.001077761054893159,0.007293613123573161,0.2605548040804071,4.673204933870636e-07,-0.0023148393394981934,0.0015673011555453096,43.27104473911797,4,True,3.2440988521062845e-06,-1.5441380159524178,-0.00020620295912575042,8.407988343128197e-06,-1.5441351020411451,-0.00020728401213117295
3.039999999999776,-0.0010622096845630754,0.007293613689099356,0.26055481169237943,4.5388443810981707e-07,-0.0022839358782034093,0.0015452292352204852,43.271044912522484,4,True,3.240428872601745e-06,-1.5441390891215794,-0.00020347324434634838,8.250240134704507e-06,-1.5441362623953843,-0.00020452203263963603
3.049999999999775,-0.0010468774025534746,0.007293614238154825,0.2605548192121077,4.4082793857071205e-07,-0.002253398907223571,0.0015234533042182696,43.27104508702422,4,True,3.235505571295422e-06,-1.544140149918703,-0.0002007751956394027,8.095834731528812e-06,-1.5441374077668075,-0.00020179268203512454
3.059999999999774,-0.0010317612685232058,0.007293614771213734,0.26055482664042057,4.2814056682390843e-07,-0.0022232254542634586,0.0015019698121297104,43.27104526251228,4,True,3.229386047692778e-06,-1.5441411984301325,-0.00019810858026231311,7.9446921953243e-06,-1.5441385383199975,-0.00019909569884715345
3.069999999999773,-0.001016858377469376,0.007293615288736827,0.26055483397814816,4.158121698509105e-07,-0.0021934125249917073,0.0014807752387220464,43.27104543888182,4,True,3.22212541696427e-06,-1.5441422347435703,-0.00019547316257190528,7.79673466546786e-06,-1.5441396542185923,-0.00019643081956902974
3.079999999999772,-0.001002165859424713,0.007293615791171795,0.26055484122612194,4.0383286283045274e-07,-0.0021639571051364297,0.0014598660940943235,43.27104561601682,4,True,3.21377688752858e-06,-1.544143258948032,-0.0001928687042317122,7.651886341196362e-06,-1.5441407556252227,-0.00019379777881846
3.0899999999997707,-0.0009876808791534936,0.007293616278953648,0.2605548483851741,3.921930208469062e-07,-0.0021348561625185863,0.0014392389188122206,43.27104579382409,4,True,3.2043917996922806e-06,-1.5441442711336595,-0.00019029496437332924,7.510073410768693e-06,-1.5441418427014693,-0.0001911963095052488
3.0999999999997696,-0.0009734006358462043,0.007293616752505052,0.26055485545613766,3.8088327434442014e-07,-0.0021061066489956566,0.0014188902840275139,43.271045972200724,4,True,3.1940196956384174e-06,-1.5441452713917725,-0.00018775169986995753,7.371223986277657e-06,-1.5441429156079958,-0.00018862614304004702
3.1099999999997685,-0.0009593223628131149,0.00729361721223669,0.2605548624398455,3.6989449999578586e-07,-0.0020777055023371875,0.0013988167915781925,43.27104615105396,4,True,3.1827083757306197e-06,-1.5441462598147053,-0.00018523866546885654,7.235268065570634e-06,-1.5441439745042327,-0.00018608700949634773
3.1199999999997674,-0.000945443327176927,0.007293617658547575,0.2605548693371304,3.592178175501927e-07,-0.002049649648024985,0.0013790150740759502,43.271046330293224,4,True,3.1705039497031096e-06,-1.54414723649569,-0.0001827556140250048,7.102137458793145e-06,-1.5441450195488418,-0.0001835786377731061
3.1299999999997663,-0.0009317608295646536,0.007293618091825382,0.26055487614882483,3.4884458172059e-07,-0.0020219360009814938,0.0013594817949726702,43.27104650984329,4,True,3.1574509080203407e-06,-1.5441482015293269,-0.00018030229661539327,6.971765766643335e-06,-1.5441460508991982,-0.00018110075571404417
3.139999999999765,-0.0009182722037989036,0.007293618512446753,0.2605548828757605,3.3876638055884e-07,-0.001994561467242355,0.0013402136486149027,43.27104668959804,4,True,3.143592160435619e-06,-1.5441491550100142,-0.0001778784627565334,6.8440883083741164e-06,-1.5441470687114822,-0.00017865309027964254
3.149999999999764,-0.0009049748165886983,0.00729361892077762,0.2605548895187681,3.289750237289877e-07,-0.001967522945553825,0.0013212073602862607,43.271046869495535,4,True,3.1289690694321803e-06,-1.5441500970338458,-0.0001754838606081194,6.719042073830779e-06,-1.5441480731410704,-0.00017623536775426902
3.159999999999763,-0.0008918660672199535,0.007293619317173493,0.2605548960786769,3.19462540189628e-07,-0.001940817328904794,0.0013024596862306643,43.271047049452385,4,True,3.1136215335191357e-06,-1.5441510276971013,-0.0001731182370225373,6.596565686131881e-06,-1.5441490643420688,-0.00017384731377358768
3.169999999999762,-0.0008789433872458016,0.007293619701979754,0.2605549025563145,3.102211713016827e-07,-0.0019144415060035668,0.0012839674136651891,43.27104722939877,4,True,3.0975880052081137e-06,-1.5441519470967877,-0.00017078133777872657,6.476599370887232e-06,-1.544150042467464,-0.00017148865355139258
3.179999999999761,-0.0008662042401768439,0.007293620075531923,0.26055490895250716,3.0124337050714384e-07,-0.001888392362695842,0.001265727360779919,43.271047409259864,4,True,3.08090557653697e-06,-1.5441528553304213,-0.00016847290771585842,6.359084865126863e-06,-1.5441510076688916,-0.0001691591119079566
3.1899999999997597,-0.0008536461211714879,0.007293620438155969,0.2605549152680788,2.925217882954029e-07,-0.0018626667833247187,0.0012477363767247397,43.27104758896819,4,True,3.0636099613514312e-06,-1.5441537524958824,-0.0001661926908341402,6.243965440937391e-06,-1.544151960097087,-0.00016685841351676733
3.1999999999997586,-0.0008412665567264693,0.007293620790168536,0.26055492150385096,2.8404927571199855e-07,-0.0018372616520345292,0.0012299913415855664,43.27104776846276,4,True,3.045735597195378e-06,-1.544154638691564,-0.00016394043051487785,6.131185798282131e-06,-1.544152899901452,-0.00016458628292645468
3.2099999999997575,-0.0008290631043676774,0.0072936211318772376,0.2605549276606428,2.7581887588031794e-07,-0.0018121738540152242,0.0012124891663486004,43.27104794767794,4,True,3.0273156577820445e-06,-1.5441555140162837,-0.00016171586954783203,6.020692068682069e-06,-1.5441538272303577,-0.00016234244470026237
3.2199999999997564,-0.0008170333523414101,0.00729362146358087,0.260554933739271,2.6782382208780674e-07,-0.0017874002767046431,0.001195226792852785,43.271048126558625,4,True,3.0083821076420623e-06,-1.5441563785689105,-0.0001595187503648065,5.912431753046411e-06,-1.544154742230841,-0.0001601266235553665
3.2299999999997553,-0.0008051749193061352,0.007293621785569702,0.26055493974054894,2.6005752786998007e-07,-0.0017629378109280858,0.001178201193734626,43.27104830504406,4,True,2.9889657250131643e-06,-1.5441572324488608,-0.0001573488150381721,5.806353702539014e-06,-1.5441556450487994,-0.0001579385444139676
3.239999999999754,-0.0007934854540248879,0.007293622098125702,0.2605549456652872,2.5251358236562225e-07,-0.0017387833520065624,0.0011614093723596541,43.27104848308418,4,True,2.969096143104215e-06,-1.5441580757555127,-0.00015520580547535073,5.7024080833020244e-06,-1.5441565358289182,-0.0001557779325511171
3.249999999999753,-0.0007819626350583877,0.007293622401522745,0.2605549515142929,2.451857529394706e-07,-0.0017149338008030902,0.0011448483627466372,43.2710486606225,4,True,2.9488019145516247e-06,-1.544158908588401,-0.0001530894635352306,5.600546291139689e-06,-1.5441574147145727,-0.00015364451362795826
3.259999999999752,-0.0007706041704589667,0.007293622696026872,0.26055495728836997,2.380679738446443e-07,-0.001691386064727335,0.0011285152294829158,43.27104883761079,4,True,2.928110507005022e-06,-1.5441597310472328,-0.00015099953109340054,5.500720998348076e-06,-1.5441582818480757,-0.0001515380138728577
3.269999999999751,-0.0007594077974653921,0.007293622981896495,0.26055496298831843,2.3115434312338883e-07,-0.0016681370586992166,0.0011124070676303134,43.27104901400082,4,True,2.9070483594823743e-06,-1.5441605432317975,-0.00014893575017173178,5.402886055109821e-06,-1.544159137370478,-0.00014945816009919884
3.27999999999975,-0.0007483712821986793,0.007293623259382598,0.26055496861493477,2.2443912432875923e-07,-0.0016451837060652396,0.0010965210026227118,43.271049189747146,4,True,2.885640931535371e-06,-1.5441613452417837,-0.00014689786302131888,5.3069964676450615e-06,-1.5441599814214586,-0.0001474046797715877
3.2899999999997487,-0.0007374924193589717,0.00729362352872897,0.2605549741690114,2.1791673393245107e-07,-0.0016225229394815136,0.0010808541901558468,43.271049364807794,4,True,2.863912702030225e-06,-1.544162137176847,-0.00014488561222039624,5.213008403221108e-06,-1.5441608141395617,-0.00014537730117833813
3.2999999999997476,-0.000726769031923556,0.007293623790172408,0.26055497965133667,2.1158174000073774e-07,-0.0016001517017486546,0.0010654038160704245,43.27104953914346,4,True,2.8418872031078808e-06,-1.5441629191366748,-0.00014289874074779047,5.12087911234738e-06,-1.5441616356621441,-0.00014337575341423131
3.3099999999997465,-0.0007161989708460966,0.007293624043942897,0.26055498506269476,2.0542885997578984e-07,-0.001578066946603378,0.0010501670962275716,43.271049712719204,4,True,2.8195870808076245e-06,-1.5441636912208667,-0.00014093699212612784,5.030566923599863e-06,-1.5441624461254129,-0.00014139976653489527
3.3199999999997454,-0.000705780114757139,0.007293624290263805,0.2605549904038654,1.9945295776578802e-07,-0.00155626563948626,0.0010351412763773805,43.27104988548451,4,True,2.7970341290641417e-06,-1.5441644535286774,-0.00013900011038020394,4.9420312229923154e-06,-1.5441632456639725,-0.00013944907145421073
3.3299999999997443,-0.000695510369666002,0.007293624529352083,0.2605549956756241,1.9364903479226484e-07,-0.001534744758271198,0.0010203236320192588,43.27105005741487,4,True,2.7742492510894006e-06,-1.54416520615935,-0.00013708784028920525,4.855232401950938e-06,-1.5441640344114702,-0.00013752340032473857
3.339999999999743,-0.0006853876686640343,0.0072936247614184355,0.2605550008787417,1.880122316988532e-07,-0.0015135012939463091,0.001005711468261247,43.27105022847353,4,True,2.7512525689372455e-06,-1.5441659492119133,-0.00013519992732426132,4.770131834887218e-06,-1.5441648125003147,-0.000135622486274293
3.349999999999742,-0.0006754099716293706,0.007293624986667496,0.26055500601398435,1.8253782214966437e-07,-0.0014925322512782094,0.000991302119667162,43.271050398626514,4,True,2.728063403482627e-06,-1.5441666827849603,-0.00013333611773310602,4.6866918694307844e-06,-1.544165580061425,-0.00013374606362982145
3.359999999999741,-0.000665575264933216,0.007293625205298013,0.2605550110821132,1.7722120867138704e-07,-0.0014718346494332062,0.000977092950103403,43.27105056785119,4,True,2.7047003032973226e-06,-1.5441674069770763,-0.00013149615868700474,4.604875785260734e-06,-1.544166337224905,-0.00013189386799562197
3.36999999999974,-0.0006558815611477009,0.0072936254175029885,0.2605550160838849,1.7205792340419902e-07,-0.001451405522571522,0.0009630813525770709,43.27105073610602,4,True,2.6811811107917964e-06,-1.5441681218863534,-0.0001296797982707973,4.524647772773737e-06,-1.5441670841191018,-0.0001300656361975593
3.3799999999997388,-0.0006463268987553855,0.007293625623469878,0.2605550210200509,1.6704361802074488e-07,-0.0014312419204087253,0.0009492647490705155,43.27105090337611,4,True,2.6575229104054483e-06,-1.5441688276106453,-0.0001278867855841909,4.4459729031969215e-06,-1.5441678208714722,-0.00012826110644223484
3.3899999999997377,-0.0006369093418604265,0.007293625823380724,0.26055502589135754,1.6217406521674695e-07,-0.0014113409087446048,0.000935640590372233,43.27105106963379,4,True,2.633742126224626e-06,-1.5441695242474165,-0.00012611687075349398,4.368817122920636e-06,-1.5441685476082054,-0.00012648001830456302
3.3999999999997366,-0.0006276269799014865,0.007293626017412303,0.2605550306985462,1.5744515672514406e-07,-0.0013916995699716232,0.0009222063559009677,43.27105123484888,4,True,2.6098545173887113e-06,-1.5441702118937013,-0.00012436980506713103,4.293147199095684e-06,-1.5441692644540814,-0.00012472211278535846
3.4099999999997355,-0.0006184779273664066,0.007293626205736296,0.2605550354423529,1.5285289523025856e-07,-0.0013723150035514146,0.00090895955352691,43.27105139900257,4,True,2.5858751835301185e-06,-1.5441708906462177,-0.00012264534093554366,4.218930735219374e-06,-1.544169971532679,-0.00012298713236488386
3.4199999999997344,-0.0006094603235086899,0.007293626388519419,0.26055504012350844,1.4839339687807197e-07,-0.0013531843264649574,0.0008958977193901312,43.271051562076586,4,True,2.561818617723814e-06,-1.544171560601225,-0.00012094323202788228,4.146136108772108e-06,-1.54417066896649,-0.00012127482103529583
3.4299999999997333,-0.0006005723320658327,0.0072936265659235755,0.2605550447427381,1.4406288203020015e-07,-0.0013343046736347965,0.0008830184177128608,43.271051724047105,4,True,2.5376986887137876e-06,-1.5441722218545173,-0.00011926323324702226,4.07473249381779e-06,-1.5441713568766895,-0.000119584924363431
3.439999999999732,-0.000591812140979538,0.007293626738105979,0.26055504930076184,1.39857678651848e-07,-0.0013156731983275222,0.0008703192406102006,43.27105188489554,4,True,2.51352871603864e-06,-1.5441728745013836,-0.0001176051008215114,4.004689793407345e-06,-1.5441720353831636,-0.00011791718946885838
3.449999999999731,-0.0005831779621178504,0.007293626905219296,0.2605550537982942,1.3577421579842236e-07,-0.0012972870725313453,0.0008577978078965621,43.27105204460379,4,True,2.4893214329564093e-06,-1.5441735186366223,-0.0001159685923205622,3.935978667190906e-06,-1.544172704604615,-0.00011627136510999792
3.45999999999973,-0.0005746680309992407,0.007293627067411768,0.26055505823604413,1.318090243289704e-07,-0.0012791434873077267,0.0008454517668903277,43.271052203162085,4,True,2.465089044294007e-06,-1.5441741543548118,-0.00011435346677820492,3.868570452872576e-06,-1.5441733646585534,-0.0001146472017432503
3.469999999999729,-0.0005662806065186563,0.007293627224827355,0.26055506261471506,1.279587284105326e-07,-0.001261239653117619,0.000833278792213354,43.27105236054668,4,True,2.440843218223883e-06,-1.5441747817494602,-0.00011275948454294962,3.8024372252258783e-06,-1.5441740156612556,-0.00011304445145884075
3.4799999999997278,-0.0005580139706755939,0.00729362737760584,0.2605550669350049,1.2422004718490168e-07,-0.0012435728001400053,0.0008212765855906356,43.27105251674223,4,True,2.416595124834926e-06,-1.5441754009138964,-0.00011118640750117709,3.73755171257539e-06,-1.544174657727684,-0.00011146286808675134
3.4899999999997267,-0.0005498664283042,0.007293627525882943,0.26055507119760557,1.205897949208036e-07,-0.001226140178559003,0.0008094428756433832,43.27105267174692,4,True,2.3923554576265527e-06,-1.5441760119408932,-0.00010963399908463092,3.67388727927381e-06,-1.5441752909716275,-0.00010990220719394227
3.4999999999997256,-0.0005418363068054056,0.007293627669790484,0.2605550754032035,1.170648664761114e-07,-0.001208939058824937,0.0007977754176892281,43.27105282554095,4,True,2.368134397129471e-06,-1.5441766149226521,-0.00010810202417799385,3.611417987141691e-06,-1.544175915506006,-0.00010836222617116574
3.5099999999997245,-0.0005339219558811566,0.007293627809456427,0.2605550795524795,1.1364225074308483e-07,-0.0011919667319106057,0.000786271993525913,43.27105297811263,4,True,2.3439417210458344e-06,-1.5441772099506321,-0.00010659024927271465,3.5501184700969137e-06,-1.544176531442021,-0.00010684268408921116
3.5199999999997234,-0.0005261217472707483,0.007293627945005042,0.2605550836461083,1.1031901724211588e-07,-0.0011752205095474598,0.0007749304112233356,43.27105312944876,4,True,2.319786725278381e-06,-1.544177797115674,-0.00010509844245902609,3.489963991648574e-06,-1.5441771388898942,-0.00010534334195707878
3.5299999999997222,-0.0005184340744892452,0.0072936280765569655,0.26055508768475893,1.0709232175447106e-07,-0.0011586977244266918,0.0007637485049160257,43.271053279550294,4,True,2.295678306992288e-06,-1.5441783765084436,-0.00010362637345365373,3.430930385997156e-06,-1.5441777379589485,-0.00010386396254076143
3.539999999999721,-0.0005108573525680492,0.007293628204229353,0.26055509166909496,1.0395939628479015e-07,-0.0011423957304048699,0.0007527241345821518,43.27105342839739,4,True,2.271624948791592e-06,-1.5441789482184236,-0.00010217381357446402,3.37299410147987e-06,-1.5441783287567574,-0.00010240431045970595
3.54999999999972,-0.0005033900177976289,0.00729362832813594,0.2605550955997737,1.0091755334956127e-07,-0.0011263119026854668,0.0007418551858319942,43.271053575992674,4,True,2.2476347267525594e-06,-1.5441795123346345,-0.00010074053588255749,3.3161320973132956e-06,-1.5441789113901627,-0.00010096415225130502
3.559999999999719,-0.0004960305274723735,0.007293628448387161,0.26055509947744665,9.79641806353534e-08,-0.0011104436379758885,0.0007311395696924818,43.271053722323245,4,True,2.2237153475439216e-06,-1.5441800689457854,-9.932631506484958e-05,3.2603219131686435e-06,-1.5441794859646685,-9.954325627354404e-05
3.569999999999718,-0.0004887773596376512,0.007293628565090252,0.2605551033027596,9.509673529390672e-08,-0.0010947883546384353,0.0007205752223865897,43.27105386738875,4,True,2.1998741273752743e-06,-1.5441806181395983,-9.793092756773705e-05,3.2055416168863203e-06,-1.5441800525847142,-9.814139287701503e-05
3.5799999999997167,-0.00048162901283902717,0.0072936286783493315,0.26055510707635254,9.231274668082465e-08,-0.0010793434928224514,0.00071016010511633,43.27105401117679,4,True,2.1761180527350315e-06,-1.5441811600031055,-9.655415149569721e-05,3.151769802042546e-06,-1.5441806113533953,-9.675833421598133e-05
3.5899999999997156,-0.0004745840058736953,0.007293628788265474,0.26055511079885924,8.960981631422101e-08,-0.0010641065145889465,0.0006998922038432239,43.27105415368076,4,True,2.1524537487961378e-06,-1.5441816946229088,-9.519576679208767e-05,3.0989855334729657e-06,-1.5441811623729638,-9.539385444263137e-05
3.5999999999997145,-0.0004676408775440989,0.007293628894936804,0.26055511447090784,8.698561551928045e-08,-0.0010490749040155895,0.0006897695290653005,43.271054294903244,4,True,2.1288875349177593e-06,-1.5441822220846675,-9.385555511211262e-05,3.047168382444872e-06,-1.544181705744151,-9.404772961951235e-05
3.6099999999997134,-0.00046079818641375894,0.007293628998458599,0.26055511809312054,8.443787917842821e-08,-0.0010342461672831192,0.0006797901156001514,43.271054434850285,4,True,2.1054253833714964e-06,-1.5441827424737358,-9.253329989422386e-05,2.9962983989863063e-06,-1.5441822415668958,-9.27197377566445e-05
3.6199999999997123,-0.0004540545105653189,0.007293629098923364,0.26055512166611355,8.196440420695066e-08,-0.0010196178327638728,0.0006699520223592767,43.2710545734951,4,True,2.0820729738402694e-06,-1.5441832558742818,-9.122878632728723e-05,2.946356125773062e-06,-1.5441827699397308,-9.14096587942421e-05
3.6299999999997112,-0.0004474084473608195,0.007293629196420906,0.2605551251904973,7.956305169254152e-08,-0.0010051874510840734,0.0006602533321287496,43.27105471086099,4,True,2.0588356778381436e-06,-1.5441837623702503,-8.994180149439505e-05,2.89732251103017e-06,-1.5441832909603679,-9.011727467912049e-05
3.63999999999971,-0.0004408586132041757,0.007293629291038406,0.26055512866687625,7.723174443865417e-08,-0.000990952595185032,0.0006506921513448925,43.2710548469302,4,True,2.035718600442138e-06,-1.5441842620446293,-8.86721341922989e-05,2.8491789770299494e-06,-1.544183804725078,-8.884236925754217e-05
3.649999999999709,-0.00043440364330589985,0.007293629382860516,0.2605551320958488,7.496846138726811e-08,-0.0009769108603609653,0.0006412666098730821,43.271054981706804,4,True,2.012726544087517e-06,-1.5441847549797565,-8.741957510972018e-05,2.8019073683573495e-06,-1.5441843113293685,-8.758472841555012e-05
3.659999999999708,-0.0004280421914500347,0.007293629471969412,0.26055513547800785,7.277124027991803e-08,-0.0009630598643012247,0.0006319748607840865,43.271055115194,4,True,1.989864072738288e-06,-1.5441852412573485,-8.618391672567164e-05,2.7554899474191832e-06,-1.5441848108673455,-8.634413995234118e-05
3.669999999999707,-0.0004217729297633259,0.007293629558444878,0.26055513881394016,7.063817224621398e-08,-0.0009493972471084085,0.0006228150801313056,43.27105524738354,4,True,1.9671354736964496e-06,-1.5441857209581926,-8.496495334545295e-05,2.7099094030127406e-06,-1.544185303432263,-8.512039366101116e-05
3.6799999999997057,-0.00041559454848662605,0.007293629642364365,0.26055514210422664,6.856740439427163e-08,-0.0009359206713171005,0.000613785466727799,43.27105537828321,4,True,1.944544790156357e-06,-1.5441861941626294,-8.376248115917334e-05,2.665148786415323e-06,-1.5441857891160955,-8.391328132568281e-05
3.6899999999997046,-0.0004095057557485128,0.007293629723803064,0.2605551453494424,6.655713613248204e-08,-0.0009226278218943185,0.0006048842419243859,43.27105550790106,4,True,1.9220958415505327e-06,-1.5441866609500203,-8.257629816312726e-05,2.6211915702844473e-06,-1.5441862680098484,-8.272259670497537e-05
3.6999999999997035,-0.0004035052773411379,0.007293629802833954,0.2605551485501569,6.460562118906112e-08,-0.0009095164062364057,0.0005961096493873358,43.27105563621707,4,True,1.8997922183512427e-06,-1.5441871213992582,-8.14062042404762e-05,2.5780215812475767e-06,-1.5441867402036717,-8.15481355064643e-05
3.7099999999997024,-0.00039759185649830943,0.00729362987952791,0.2605551517069333,6.271115714069367e-08,-0.0008965841541605581,0.000587459954874315,43.271055763256584,4,True,1.8776372590700293e-06,-1.5441875755884067,-8.025200109773913e-05,2.535623038274962e-06,-1.5441872057861934,-8.038969548319472e-05
3.7199999999997013,-0.00039176425367577056,0.007293629953953708,0.26055515482032937,6.08720958961382e-08,-0.0008838288178735593,0.0005789334460155808,43.27105588900365,4,True,1.8556341441590775e-06,-1.544188023594788,-7.911349232224108e-05,2.493980496889363e-06,-1.5441876648453956,-7.924707626665515e-05
3.7299999999997,-0.0003860212463337159,0.007293630026178128,0.2605551578908969,5.9086832492368133e-08,-0.000871248171951125,0.0005705284320899021,43.271056013479516,4,True,1.8337857884954537e-06,-1.54418846549499,-7.799048335045102e-05,2.4530788705835956e-06,-1.544188117468058,-7.812007956017852e-05
3.739999999999699,-0.0003803616287215048,0.007293630096265992,0.26055516091918207,5.735380954554985e-08,-0.0008588400132946652,0.0005622432438058897,43.27105613666782,4,True,1.8120949620061053e-06,-1.5441889013648884,-7.68827814743981e-05,2.412903427148717e-06,-1.5441885637398807,-7.700850898259308e-05
3.749999999999698,-0.00037478421166457906,0.007293630164280233,0.2605551639057252,5.5671511838192825e-08,-0.0008466021610880586,0.0005540762330815314,43.271056258592964,4,True,1.7905642058099318e-06,-1.544189331279817,-7.579019585089403e-05,2.3734397565691204e-06,-1.5441890037457633,-7.591217014774085e-05
3.759999999999697,-0.0003692878223535872,0.00729363023028193,0.26055516685106095,5.4038470616007174e-08,-0.0008345324567487578,0.0005460257728223053,43.27105637924405,4,True,1.7691959075877793e-06,-1.5441897553139365,-7.471253748125377e-05,2.3346737568039816e-06,-1.5441894375692846,-7.483087059847352e-05
3.769999999999696,-0.0003638713041356972,0.0072936302943303844,0.26055516975571824,5.245325695691847e-08,-0.0008226287638654485,0.0005380902567059991,43.27105649862989,4,True,1.747992269986987e-06,-1.5441901735412504,-7.364961927402198e-05,2.296591672808075e-06,-1.544189865293279,-7.376441989783408e-05
3.7799999999996947,-0.0003585335163080835,0.007293630356483164,0.26055517262022043,5.0914482325740625e-08,-0.0008108889681348821,0.0005302680989619065,43.27105661675577,4,True,1.7269553205833754e-06,-1.54419058603451,-7.260125592895146e-05,2.2591800404788463e-06,-1.5441902869994597,-7.271262950412986e-05
3.7899999999996936,-0.0003532733339136019,0.0072936304167961425,0.2605551754450851,4.942079844476147e-08,-0.0007993109772922409,0.0005225577341551423,43.271056733620085,4,True,1.7060869353692462e-06,-1.5441909928662023,-7.156726401097664e-05,2.2224256978449997e-06,-1.5441907027685362,-7.167531284688737e-05
3.7999999999996925,-0.0003480896475386335,0.007293630475323559,0.26055517823082414,4.7970896673557086e-08,-0.0007878927210357789,0.0005149576169687631,43.271056849245895,4,True,1.6853888311786719e-06,-1.5441913941076268,-7.054746199723805e-05,2.18631577024231e-06,-1.5441911126804353,-7.06522853253891e-05
3.8099999999996914,-0.00034298136311306757,0.007293630532118063,0.26055518097794417,4.6563504785462956e-08,-0.0007766321509340867,0.0005074662219914077,43.27105696362304,4,True,1.664862571042275e-06,-1.5441917898298887,-6.954167013528121e-05,2.1508376835291248e-06,-1.544191516813943,-6.964336424702661e-05
3.8199999999996903,-0.0003379474017124546,0.007293630587230769,0.260555183686946,4.5197385777648764e-08,-0.0007655272403492125,0.000500082043498581,43.27105707675953,4,True,1.6445095711129154e-06,-1.5441921801029301,-6.85497105038936e-05,2.1159791341168495e-06,-1.5441919152468038,-6.864836883303749e-05
3.829999999999689,-0.00033298669936229964,0.007293630640711265,0.2605551863583251,4.387134421449076e-08,-0.0007545759843437748,0.0004928035952412168,43.27105718866345,4,True,1.6243311473065498e-06,-1.544192564996037,-6.757140712224424e-05,2.081728069110127e-06,-1.5441923080559177,-6.766712024435102e-05
3.839999999999688,-0.00032809820684445956,0.007293630692607722,0.2605551889925711,4.258421101649613e-08,-0.0007437763995744612,0.0004856294102358145,43.271057299345955,4,True,1.6043284117518032e-06,-1.5441929445781941,-6.660658573073436e-05,2.048072743945248e-06,-1.5441926953174052,-6.669944158409657e-05
3.849999999999687,-0.0003232808895056797,0.007293630742966881,0.2605551915901686,4.133485299805569e-08,-0.0007331265241971227,0.0004785580405494122,43.2710574088038,4,True,1.5845024045705422e-06,-1.544193318917086,-6.565507391394569e-05,2.0150016484282643e-06,-1.5441930771061545,-6.574515780835272e-05
3.859999999999686,-0.0003185337270682384,0.007293630791834097,0.26055519415159656,4.012217464227666e-08,-0.0007226244177620805,0.0004715880570888079,43.27105751705218,4,True,1.5648540518147941e-06,-1.5441936880799585,-6.471670114064012e-05,1.98250350607265e-06,-1.5441934534962078,-6.480409578274675e-05
3.869999999999685,-0.00031385571344267016,0.007293630839253423,0.2605551966773285,3.8945104088633106e-08,-0.0007122681610957205,0.0004647180493984253,43.27105762409688,4,True,1.5453841013216202e-06,-1.5441940521335662,-6.379129861457053e-05,1.950567322740079e-06,-1.5441938245610933,-6.38760843203694e-05
3.8799999999996837,-0.00030924585654257627,0.007293630885267596,0.2605551991678328,3.780260653284924e-08,-0.0007020558561899308,0.0004579466254439425,43.27105772993916,4,True,1.5260932546328249e-06,-1.5441944111435186,-6.287869935737196e-05,1.9191823148871147e-06,-1.5441941903727474,-6.296095397419849e-05
3.8899999999996826,-0.00030470317810152395,0.007293630929918117,0.2605552016235723,3.66936713619623e-08,-0.0006919856260877515,0.00045127241141067523,43.27105783458844,4,True,1.5069820578594093e-06,-1.5441947651750998,-6.197873818127032e-05,1.8883379669649838e-06,-1.5441945510026427,-6.20585373102047e-05
3.8999999999996815,-0.00030022671349199125,0.007293630973245225,0.26055520404500476,3.5617327496434386e-08,-0.000682055614759104,0.00044469405149698835,43.27105793806082,4,True,1.4880510049587876e-06,-1.5441951142923807,-6.109125177972866e-05,1.8580239233826278e-06,-1.5441949065212865,-6.116866865892055e-05
3.9099999999996804,-0.0002958155115463335,0.007293631015288024,0.26055520643258245,3.4572621056531736e-08,-0.0006722639869688846,0.00043821020771251236,43.27105804035569,4,True,1.4693004334208835e-06,-1.544195458559545,-6.0216078467403196e-05,1.8282301301219356e-06,-1.5441952569983433,-6.02911842389435e-05
3.9199999999996793,-0.0002914686343798229,0.007293631056084469,0.2605552087867525,3.3558625990228664e-08,-0.000662608928157479,0.0004318195596716304,43.27105814148406,4,True,1.4507306087251146e-06,-1.5441957980393848,-5.9353058413326435e-05,1.7989467228259362e-06,-1.5441956025025185,-5.9425922078414255e-05
3.929999999999678,-0.0002871851572156859,0.0072936310956713745,0.26055521110795693,3.2574447867452276e-08,-0.0006530886443084523,0.0004255208043952343,43.271058241448976,4,True,1.4323417276093842e-06,-1.544196132794221,-5.850203354309059e-05,1.7701640307083224e-06,-1.5441959431016792,-5.857272202406542e-05
3.939999999999677,-0.0002829641682121454,0.007293631134084485,0.26055521339663273,3.161921598277853e-08,-0.0006437013618140217,0.00041931265610977504,43.27105834026203,4,True,1.4141338671737481e-06,-1.5441964628857272,-5.7662847528626576e-05,1.741872597541003e-06,-1.5441962788629022,-5.773142576144691e-05
3.949999999999676,-0.0002788047682914526,0.007293631171358489,0.2605552156532117,3.069208563483037e-08,-0.0006344453273324307,0.0004131938460497517,43.271058437932865,4,True,1.3961070473751023e-06,-1.5441967883749,-5.6835345792063434e-05,1.714063179772009e-06,-1.5441966098523692,-5.690187677070891e-05
3.959999999999675,-0.0002747060709708956,0.007293631207527056,0.2605552178781204,2.9792235990878903e-08,-0.0006253188076570952,0.0004071631222593644,43.2710585344698,4,True,1.3782611963187945e-06,-1.54419710932208,-5.601937544251843e-05,1.6867267229644802e-06,-1.5441969361353631,-5.6083920274820593e-05
3.969999999999674,-0.0002706672021957837,0.007293631242622869,0.26055522007178067,2.8918869642355777e-08,-0.0006163200895737914,0.000401219249397306,43.27105862987513,4,True,1.360596167174394e-06,-1.5441974257867845,-5.521478534655271e-05,1.6598543682537654e-06,-1.5441972577764185,-5.527740332551203e-05
3.9799999999996727,-0.0002666873001743657,0.007293631276677641,0.26055522223460925,2.8071213263091523e-08,-0.0006074474797199487,0.0003953610085425833,43.27105872416681,4,True,1.3431117342861033e-06,-1.5441977378276581,-5.44214260582957e-05,1.6334374325549874e-06,-1.5441975748392256,-5.4482174699387875e-05
3.9899999999996716,-0.00026276551521467977,0.007293631309722163,0.26055522436701795,2.7248514436548068e-08,-0.0005986993044275777,0.00038958719700370035,43.27105881734825,4,True,1.3258076137348412e-06,-1.5441980455035276,-5.363914986459868e-05,1.60746743810888e-06,-1.544197887386751,-5.3698084973483666e-05
3.9999999999996705,-0.00025890100956332807,0.007293631341786313,0.26055522646941354,2.6450043008357643e-08,-0.000590073909587119,0.00038389662812479507,43.271058909428916,4,True,1.308683454751674e-06,-1.5441983488716804,-5.286781068168218e-05,1.5819360682674547e-06,-1.5441981954810193,-5.292498640167114e-05
4.009999999999674,-0.0002550929572461543,0.007293631372899084,0.2605552285421981,2.567509110848125e-08,-0.0005815696604984709,0.00037828813109705775,43.271059000416926,4,True,1.2917388380968448e-06,-1.5441986479890628,-5.210726414025658e-05,1.5568351853815467e-06,-1.5441984991833666,-5.216273298884302e-05
4.019999999999677,-0.00025134054391081137,0.007293631403088626,0.2605552305857689,2.4922970297630005e-08,-0.0005731849417136675,0.0003727605507712055,43.271059090329466,4,True,1.2749732833522599e-06,-1.5441989429120124,-5.135736753253166e-05,1.532156824072447e-06,-1.5441987985542835,-5.141118046638619e-05
4.0299999999996805,-0.0002476429666711937,0.007293631432382248,0.2605552326005184,2.4193013161413998e-08,-0.000564918156894275,0.00036731274746903167,43.271059179149034,4,True,1.2583862689467228e-06,-1.5441992336960848,-5.061797976793125e-05,1.5078931801083665e-06,-1.5441990936533023,-5.067018620210358e-05
4.039999999999684,-0.00024399943395373973,0.007293631460806473,0.26055523458683416,2.3484568278919882e-08,-0.0005567677286489442,0.00036194359680272024,43.27105926691872,4,True,1.2419771860030882e-06,-1.5441995203965293,-4.988896146447971e-05,1.484036624418238e-06,-1.5441993845398123,-4.993960937772409e-05
4.049999999999687,-0.00024040916534554975,0.007293631488387024,0.2605552365450993,2.279700684439141e-08,-0.000548732098381554,0.00035665198948561723,43.27105935362711,4,True,1.2257454077077662e-06,-1.5441998030673902,-4.917017477776315e-05,1.4605796681527583e-06,-1.5441996712717263,-4.921931069036511e-05
4.0599999999996905,-0.00023687139144437004,0.007293631515148868,0.2605552384756923,2.2129718692031496e-08,-0.000540809726139899,0.0003514368311536583,43.27105943929004,4,True,1.2096902462492274e-06,-1.5442000817624528,-4.846148353253127e-05,1.4375149853660881e-06,-1.5441999539064986,-4.8509152571621304e-05
4.069999999999694,-0.000233385353710359,0.007293631541116243,0.2605552403789868,2.1482108833856994e-08,-0.0005329990904574604,0.0003462970421846016,43.2710595239137,4,True,1.1938109578385304e-06,-1.5442003565348297,-4.776275314854988e-05,1.4148354113867832e-06,-1.5442002325008046,-4.7808999101106074e-05
4.079999999999697,-0.00022995030431965615,0.007293631566312686,0.2605552422553521,2.0853597148033887e-08,-0.0005252986881962168,0.000341231557519084,43.27105960750875,4,True,1.1781067551652998e-06,-1.5442006274369806,-4.7073850635810543e-05,1.3925339266391406e-06,-1.5442005071107328,-4.71187160063722e-05
4.0899999999997005,-0.00022656550601972474,0.007293631590761006,0.26055524410515274,2.024362757445763e-08,-0.0005177070343831778,0.00033623932648391586,43.27105969008577,4,True,1.1625768294902229e-06,-1.5442008945208063,-4.639464458930621e-05,1.370603624144211e-06,-1.5442007777915276,-4.6438170570122566e-05
4.099999999999704,-0.00022323023198646242,0.007293631614483364,0.2605552459287489,1.965165499244987e-08,-0.0005102226620548274,0.0003313193126153447,43.271059771653135,4,True,1.1472203110065366e-06,-1.5442011578374515,-4.572500513961852e-05,1.3490377835936298e-06,-1.54420104459769,-4.5767231719226744e-05
4.109999999999707,-0.00021994376568306448,0.007293631637501262,0.26055524772649646,1.9077150672812958e-08,-0.0005028441221004814,0.00032647049348540216,43.27105985221688,4,True,1.132036298515624e-06,-1.5442014174374503,-4.506480397323963e-05,1.3278297992925917e-06,-1.544201307582978,-4.5105769946386944e-05
4.119999999999711,-0.0002167054007206148,0.007293631659835572,0.2605552494987468,1.851960120189163e-08,-0.0004955699830995341,0.0003216918605301454,43.27105993178928,4,True,1.1170238508790755e-06,-1.5442016733708603,-4.441391434561826e-05,1.30697320331597e-06,-1.5442015668005118,-4.445365735492348e-05
4.129999999999714,-0.0002135144407203812,0.007293631681506537,0.2605552512458469,1.7978510491977482e-08,-0.0004883988311623344,0.00031698241887849476,43.27106001037707,4,True,1.1021820046121333e-06,-1.5442019256870658,-4.37722110001756e-05,1.2864616500480002e-06,-1.5442018223027154,-4.381076755096909e-05
4.139999999999717,-0.00021037019917783068,0.0072936317025338,0.2605552529681392,1.7453397827132492e-08,-0.0004813292697705822,0.00031234118718254566,43.271060087995416,4,True,1.0875097674373633e-06,-1.544202174434849,-4.3139570264336154e-05,1.2662889264727406e-06,-1.5442020741413545,-4.317697574217988e-05
4.149999999999721,-0.00020727199932830633,0.007293631722936441,0.2605552546659623,1.6943792095814044e-08,-0.00047435991960752743,0.0003077671974515896,43.2710601646505,4,True,1.0730060877253195e-06,-1.5442024196626067,-4.251586986155747e-05,1.2464489592448328e-06,-1.5442023223675543,-4.255215866459952e-05
4.159999999999724,-0.00020421917401438458,0.007293631742732973,0.26055525633965043,1.6449237110456706e-08,-0.00046748941840547137,0.00030325949488305034,43.2710602403463,4,True,1.0586699113642887e-06,-1.544202661417666,-4.190098905699928e-05,1.2269357865381377e-06,-1.5442025670315114,-4.193619450367597e-05
4.169999999999727,-0.00020121106555488603,0.007293631761941361,0.26055525798953344,1.5969290333717642e-08,-0.00046071642078307766,0.0002988171377012896,43.27106031510323,4,True,1.044500147894673e-06,-1.5442028997472366,-4.129480859163503e-05,1.2077435702606824e-06,-1.544202808183099,-4.132896303481972e-05
4.179999999999731,-0.00019824702561551126,0.007293631780579036,0.26055525961593723,1.550352241870034e-08,-0.00045403959808248165,0.0002944391969928197,43.27106038891879,4,True,1.0304956902188976e-06,-1.544203134697718,-4.069721064879282e-05,1.1888665745667223e-06,-1.544203045871243,-4.073034545192833e-05
4.189999999999734,-0.0001953264150811045,0.007293631798662919,0.26055526121918343,1.505151699810984e-08,-0.0004474576382078683,0.0002901247565464208,43.27106046180397,4,True,1.0166554009492052e-06,-1.5442033663150974,-4.0108078875421984e-05,1.1702992004898983e-06,-1.5442032801444985,-4.014022449109392e-05
4.199999999999737,-0.00019244860392951651,0.007293631816209422,0.26055526279958996,1.4612869795570444e-08,-0.00044096924546877816,0.00028587291269088744,43.27106053377841,4,True,1.0029781282608798e-06,-1.5442035946444561,-3.952729833443031e-05,1.152035939393424e-06,-1.5442035110504246,-3.955848427726929e-05
4.209999999999741,-0.00018961297110705434,0.007293631833234483,0.26055526435747023,1.4187187020848288e-08,-0.0004345731404072365,0.00028168277414184964,43.271060604847335,4,True,9.89462681370515e-07,-1.5442038197308348,-3.895475553021583e-05,1.1340714073331133e-06,-1.5442037386364305,-3.898501046182221e-05
4.219999999999744,-0.00018681890440549784,0.00729363184975356,0.26055526589313405,1.377408860689093e-08,-0.0004282680596451606,0.0002775534618407467,43.2710606750106,4,True,9.761078783328353e-07,-1.5442040416183382,-3.839033833489339e-05,1.116400314768568e-06,-1.5442039629488271,-3.841969004017531e-05
4.229999999999747,-0.00018406580034068852,0.007293631865781664,0.260555267406887,1.337320283557049e-08,-0.0004220527557239907,0.0002734841088017401,43.271060744288384,4,True,9.629124916012393e-07,-1.5442042603506403,-3.7833936048379746e-05,1.0990174958935556e-06,-1.544204184033523,-3.786241150310192e-05
4.239999999999751,-0.00018135306403263855,0.007293631881333356,0.260555268899031,1.2984170621521344e-08,-0.0004159259969418835,0.0002694738599586418,43.27106081268094,4,True,9.4987529510507e-07,-1.5442044759707698,-3.7285439325765606e-05,1.0819178649846487e-06,-1.5442044019358656,-3.731306468585147e-05
4.249999999999754,-0.00017868010908717694,0.007293631896422754,0.26055527036986403,1.2606645298755994e-08,-0.0004098865671941617,0.0002655218720133013,43.27106088020266,4,True,9.369950518960426e-07,-1.5442046885213623,-3.674474023457272e-05,1.0650964429524136e-06,-1.544204616700512,-3.677154086372381e-05
4.259999999999757,-0.00017604635747908826,0.007293631911063576,0.26055527181968013,1.2240287364240737e-08,-0.00040393326581332083,0.0002616273132855634,43.271060946863955,4,True,9.242704968620782e-07,-1.54420489804454,-3.621173213079922e-05,1.0485483509309843e-06,-1.544204828371554,-3.623773264571345e-05
4.269999999999761,-0.00017345123943676182,0.007293631925269137,0.2605552732487697,1.1884766517019407e-08,-0.00039806490740821216,0.000257789363563912,43.27106101266977,4,True,9.117003462421423e-07,-1.544205104581742,-3.568630972861832e-05,1.0322688164971546e-06,-1.5442050369924518,-3.5711534031296395e-05
4.279999999999764,-0.00017089419332830678,0.007293631939052347,0.26055527465741946,1.153976408151736e-08,-0.0003922803217084183,0.00025400721395943377,43.27106107763373,4,True,8.992833324026168e-07,-1.5442053081739442,-3.516836909531327e-05,1.0162531390783108e-06,-1.5442052426061237,-3.519284036499272e-05
4.289999999999767,-0.00016837466554913016,0.007293631952425746,0.2605552760459123,1.1204968854605056e-08,-0.00038657835340498355,0.00025028006675961793,43.271061141757684,4,True,8.870181480693206e-07,-1.5442055088615565,-3.465780757182971e-05,1.0004967290086203e-06,-1.5442054452548302,-3.468154828795382e-05
4.299999999999771,-0.00016589211041096168,0.007293631965401484,0.2605552774145274,1.088008301465896e-08,-0.00038095786199209,0.00024660713528626226,43.2710612050611,4,True,8.749035012495229e-07,-1.5442057066847013,-3.415452387216608e-05,9.84995050569142e-07,-1.5442056449805108,-3.4177555819281356e-05
4.309999999999774,-0.0001634459900322979,0.00729363197799137,0.2605552787635406,1.0564812268967234e-08,-0.0003754177216051128,0.00024298764375075782,43.27106126754386,4,True,8.629380675627922e-07,-1.5442059016827852,-3.3658417879916267e-05,9.697437091326353e-07,-1.54420584182417,-3.368076223623355e-05
4.319999999999777,-0.00016103577423028036,0.007293631990206859,0.26055528009322393,1.0258872598120065e-08,-0.00036995682087200455,0.00023942082711540813,43.27106132921729,4,True,8.511205341395837e-07,-1.5442060938946771,-3.3169390844342195e-05,9.54738358906413e-07,-1.5442060358266576,-3.319106813910601e-05
4.329999999999781,-0.00015866094041395683,0.007293632002059054,0.2605552814038458,9.961991199810171e-09,-0.0003645740627548347,0.00023590593095236924,43.27106139009504,4,True,8.394495727033784e-07,-1.544206283358833,-3.268734523145294e-05,9.399747332356021e-07,-1.544206227027872,-3.2708375373149e-05
4.339999999999784,-0.00015632097347893304,0.00729363201355874,0.2605552826956715,9.673900925616526e-09,-0.0003592683643938191,0.00023244221130795938,43.271061450176404,4,True,8.279238598306855e-07,-1.5442064701133116,-3.2212184776617126e-05,9.254486711871295e-07,-1.5442064154674635,-3.223258708003701e-05
4.349999999999787,-0.00015401536570339234,0.0072936320247163865,0.2605552839689625,9.394341623352461e-09,-0.00035403865695530714,0.00022902893456464853,43.27106150947862,4,True,8.165420437454057e-07,-1.5442066541954484,-3.174381442790719e-05,9.111560768276046e-07,-1.5442066011844804,-3.176360764195429e-05
4.359999999999791,-0.00015174361664546714,0.007293632035542144,0.260555285223977,9.123062537891728e-09,-0.0003488838854750227,0.00022566537730753746,43.27106156800449,4,True,8.053027880188702e-07,-1.5442068356423393,-3.1282140371313995e-05,8.970929300955899e-07,-1.5442067842173166,-3.130134267107983e-05
4.369999999999794,-0.0001495052330419472,0.0072936320460458715,0.2605552864609697,8.859818784029897e-09,-0.00034380300870711516,0.00022235082619129185,43.271061625768525,4,True,7.94204751336155e-07,-1.5442070144904596,-3.0827069988293286e-05,8.832552998060638e-07,-1.5442069646040717,-3.084569901743555e-05
4.379999999999797,-0.00014729972870831443,0.007293632056237133,0.26055528768019215,8.604372204759644e-09,-0.00033879499897220895,0.00021908457780746843,43.271061682775084,4,True,7.832465781755608e-07,-1.5442071907758639,-3.0378511843973563e-05,8.696393213884703e-07,-1.5442071423820896,-3.0396584725445267e-05
4.389999999999801,-0.0001451266244400884,0.007293632066125211,0.2605552888818925,8.356492787371371e-09,-0.0003338588420075664,0.00021586593855486526,43.27106173903176,4,True,7.724269256950884e-07,-1.5442073645340786,-2.9936375696067226e-05,8.562412034955006e-07,-1.544207317588428,-2.9953909035869666e-05
4.399999999999804,-0.0001429854479154644,0.0072936320757191,0.26055529006631556,8.115959160573976e-09,-0.0003289935368153387,0.00021269422451090561,43.27106179455119,4,True,7.617444440483423e-07,-1.5442075358003067,-2.9500572501916993e-05,8.430572197823063e-07,-1.5442074902594258,-2.9517582388173435e-05
4.409999999999807,-0.00014087573359922333,0.007293632085027542,0.26055529123370297,7.882553310850689e-09,-0.0003241980955132165,0.0002095687613046899,43.27106184934041,4,True,7.511977829603348e-07,-1.5442077046092169,-2.907101432085381e-05,8.300837336932583e-07,-1.5442076604312476,-2.908751639317204e-05
4.419999999999811,-0.00013879702264791915,0.0072936320940590075,0.2605552923842933,7.656066509326788e-09,-0.00031947154318815466,0.0002064888839893863,43.271061903404274,4,True,7.407855850600226e-07,-1.544207870994763,-2.8647614382616544e-05,8.173171404809424e-07,-1.5442078281389156,-2.8663623778263898e-05
4.429999999999814,-0.00013674886281630613,0.00729363210282175,0.26055529351832174,7.436289090196885e-09,-0.0003148129177476865,0.0002034539369213542,43.27106195675833,4,True,7.305064909546065e-07,-1.5442080349910294,-2.823028702497893e-05,8.04753967634546e-07,-1.5442079934178112,-2.8245818498314994e-05
4.439999999999817,-0.0001347308083650085,0.007293632111323733,0.2605552946360204,7.223026922491674e-09,-0.00031022126977528177,0.00020046327363229614,43.27106200940282,4,True,7.203591695493773e-07,-1.54420819663113,-2.7818947771768413e-05,7.923907316660081e-07,-1.544208156302228,-2.7834015552910635e-05
4.449999999999821,-0.0001327424199694017,0.007293632119572717,0.2605552957376184,7.01608505445118e-09,-0.00030569566238061626,0.00019751625671391988,43.27106206135247,4,True,7.103422521018338e-07,-1.5442083559481043,-2.741351313809025e-05,7.80224070069864e-07,-1.544208316826464,-2.7428131105652494e-05
4.459999999999824,-0.0001307832646297165,0.0072936321275762,0.2605552968233419,6.815280717334181e-09,-0.00030123517105790424,0.0001946122576913869,43.27106211261181,4,True,7.004544216300417e-07,-1.5442085129742367,-2.7013900842237293e-05,7.682506420607697e-07,-1.5442084750237617,-2.7028082386756704e-05
4.4699999999998274,-0.00012885291558232588,0.00729363213534149,0.26055529789341386,6.620430373637779e-09,-0.00029683888354552803,0.0001917506569089904,43.271062163186606,4,True,6.906943130077816e-07,-1.5442086677416886,-2.6620029614959803e-05,7.564672072003169e-07,-1.5442086309273098,-2.6633787779259537e-05
4.479999999999831,-0.0001269509522122146,0.00729363214287566,0.2605552989480544,6.431358333455032e-09,-0.0002925058996817126,0.00018893084341116238,43.2710622130873,4,True,6.81060593038937e-07,-1.5442088202819364,-2.623181927239919e-05,7.448705596639703e-07,-1.5442087845697712,-2.624516669994034e-05
4.489999999999834,-0.00012507695996661353,0.007293632150185578,0.26055529998748056,6.247894283344612e-09,-0.0002882353312631104,0.00018615221482667945,43.27106226232257,4,True,6.715519265687528e-07,-1.5442089706262772,-2.5849190709287368e-05,7.334575597456241e-07,-1.5442089359833344,-2.5862139653705555e-05
4.4999999999998375,-0.00012323053026978457,0.007293632157277914,0.26055530101190666,6.0698715150673326e-09,-0.0002840263019043013,0.00018341417725464373,43.2710623109045,4,True,6.621669753535586e-07,-1.5442091188053741,-2.547206582590434e-05,7.222251281234466e-07,-1.544209085199815,-2.5484628194933655e-05
4.509999999999841,-0.00012141126043894589,0.007293632164159131,0.2605553020215439,5.897129857079328e-09,-0.0002798779468985257,0.00018071614515061398,43.27106235883224,4,True,6.529044156648061e-07,-1.5442092648496333,-2.5100367595752666e-05,7.111702377545068e-07,-1.5442092322504708,-2.5112554919508754e-05
4.519999999999844,-0.00011961875360131857,0.007293632170835507,0.2605553030166008,5.729512484432794e-09,-0.0002757894130805278,0.00017805754121538256,43.27106240612055,4,True,6.437629236047102e-07,-1.5442094087891247,-2.4734019974184278e-05,7.002899211212968e-07,-1.5442093771662517,-2.4745843454706626e-05
4.5299999999998475,-0.00011785261861229051,0.00729363217731313,0.2605553039972831,5.5668683909180695e-09,-0.0002717598586900131,0.00017543779628357927,43.27106245277293,4,True,6.347411831214772e-07,-1.5442095506532811,-2.4372947947364014e-05,6.895812625432751e-07,-1.5442095199775405,-2.4384418440592616e-05
4.539999999999851,-0.00011611246997467452,0.007293632183597914,0.26055530496379375,5.409048948919834e-09,-0.0002677884532360979,0.00017285634921498783,43.27106249879766,4,True,6.258378703829125e-07,-1.5442096904712492,-2.4017077480062036e-05,6.790414035991513e-07,-1.544209660714397,-2.4028205536501428e-05
4.549999999999854,-0.00011439792775904963,0.0072936321896955834,0.26055530591633297,5.255913842059908e-09,-0.00026387437736205105,0.00017031264678689793,43.27106254420324,4,True,6.170516983367746e-07,-1.5442098282718921,-2.3666335543661975e-05,6.686675232652644e-07,-1.5442097994064974,-2.3677131375031985e-05
4.5599999999998575,-0.00011270861752518133,0.007293632195611707,0.2605553068550982,5.107322620864328e-09,-0.00026001682271223434,0.00016780614358683404,43.27106258899569,4,True,6.083813498459461e-07,-1.5442099640835565,-2.3320650077796485e-05,6.584568749871251e-07,-1.5442099360829427,-2.3331123614413746e-05
4.569999999999861,-0.00011104417024448998,0.007293632201351677,0.2605553077802843,4.9631426762049175e-09,-0.0002562149917982102,0.00016533630190811803,43.27106263318774,4,True,5.998255459736316e-07,-1.5442100979343703,-2.297994998132845e-05,6.48406741204019e-07,-1.5442100707726947,-2.2990110829722036e-05
4.579999999999864,-0.00010940422222356819,0.007293632206920733,0.26055530869208343,4.8232426777474056e-09,-0.0002524680978695261,0.00016290259164535752,43.27106267678599,4,True,5.913829919382208e-07,-1.544210229851883,-2.264416508486312e-05,6.385144652102938e-07,-1.5442102035040715,-2.265402257478826e-05
4.5899999999998675,-0.00010778841502874299,0.0072936322123239574,0.2605553095906851,4.687495968238835e-09,-0.0002487753647835844,0.00016050449019094497,43.271062719784496,4,True,5.830524034096189e-07,-1.5442103598633337,-2.231322616990747e-05,6.28777435060513e-07,-1.544210334305051,-2.2322789378200183e-05
4.599999999999871,-0.00010619639541164582,0.007293632217566302,0.2605553104762765,4.555775135963333e-09,-0.00024513602687732753,0.00015814148233564459,43.27106276220279,4,True,5.748325006523395e-07,-1.5442104879956104,-2.1987064974819055e-05,6.191931053212624e-07,-1.5442104632035536,-2.1996342698142675e-05
4.609999999999874,-0.00010462781523578495,0.007293632222652521,0.2605553113490419,4.4279688110848455e-09,-0.00024154932883360726,0.00015581306016625819,43.27106280404939,4,True,5.66722044372491e-07,-1.544210614275503,-2.1665614126703298e-05,6.097589134152756e-07,-1.5442105902264476,-2.167461484070585e-05
4.6199999999998775,-0.00010308233140413402,0.007293632227587277,0.2605553122091635,4.30395607035732e-09,-0.00023801452556150674,0.00015351872296714207,43.271062845327364,4,True,5.587197508228968e-07,-1.5442107387288553,-2.1348807123428734e-05,6.004724260704359e-07,-1.5442107154007596,-2.1357539135416587e-05
4.629999999999881,-0.00010155960578769312,0.007293632232375067,0.26055531305682067,4.183625634658311e-09,-0.00023453088206974647,0.00015125797712282156,43.27106288604203,4,True,5.50824382268575e-07,-1.544210861381591,-2.103657842763647e-05,5.913311956996207e-07,-1.5442108387529518,-2.104504974985838e-05
4.639999999999884,-0.00010005930515501612,0.007293632237020265,0.26055531389219044,4.06686897929063e-09,-0.00023109767334083376,0.00014903033602192,43.27106292620297,4,True,5.43034699749887e-07,-1.5442109822593495,-2.072886335706998e-05,5.823328374080037e-07,-1.5442109603092178,-2.0737081770264972e-05
4.649999999999888,-9.858110110270356e-05,0.007293632241527114,0.2605553147154475,3.953579866041367e-09,-0.0002277141842082009,0.0001468353199600854,43.27106296581733,4,True,5.353494662806213e-07,-1.544211101387114,-2.0425598087417328e-05,5.734750106459289e-07,-1.5442110800952353,-2.043357114342078e-05
4.659999999999891,-9.712466998683917e-05,0.007293632245899727,0.26055531552676403,3.843655894528085e-09,-0.00022437970923427865,0.00014467245604765625,43.271063004892156,4,True,5.277674538256248e-07,-1.5442112187897377,-2.0126719671250223e-05,5.647554110355162e-07,-1.5442111981364766,-2.013445469579841e-05
4.669999999999894,-9.568969285536596e-05,0.0072936322501421,0.26055531632630985,3.736996503854761e-09,-0.00022109355259008735,0.0001425412781154609,43.271063043428725,4,True,5.202874482729665e-07,-1.5442113344916917,-1.9832166008159485e-05,5.56171781491134e-07,-1.5442113144579268,-1.9839670102850214e-05
4.679999999999898,-9.427585538138449e-05,0.007293632254258112,0.2605553171142526,3.633504431644778e-09,-0.00021785502793463804,0.00014044132662347476,43.271063081442136,4,True,5.12908238787795e-07,-1.5442114485170824,-1.954187585131043e-05,5.477219018452104e-07,-1.5442114290843816,-1.9549155920597328e-05
4.689999999999901,-9.288284779735961e-05,0.007293632258251518,0.2605553178907576,3.5330873943979605e-09,-0.00021466345829808996,0.00013837214856962218,43.27106311893363,4,True,5.056286394661248e-07,-1.5442115608897258,-1.9255788768810444e-05,5.394035845684943e-07,-1.5442115420400617,-1.9262851492045838e-05
4.699999999999904,-9.151036483023701e-05,0.007293632262125968,0.2605553186559878,3.4356531483968863e-09,-0.00021151817596343388,0.00013633329740062687,43.271063155912344,4,True,4.984474461664026e-07,-1.5442116716330456,-1.8973845145444482e-05,5.312146911118143e-07,-1.544211653349071,-1.898069701978588e-05
4.709999999999908,-9.015810563744084e-05,0.007293632265884996,0.2605553194101038,3.3411147786124765e-09,-0.0002084185223501548,0.00013432433292350006,43.27106319238235,4,True,4.913634880258071e-07,-1.5442117807702547,-1.8695986217731717e-05,5.231531031653163e-07,-1.5442117630350494,-1.870263352374712e-05
4.719999999999911,-8.882577374374764e-05,0.00729363226953204,0.2605553201532644,3.2493852559128246e-09,-0.00020536384789850213,0.00013234482121884995,43.27106322835066,4,True,4.843755908685608e-07,-1.5442118883242317,-1.842215395858558e-05,5.152167741974905e-07,-1.544211871121366,-1.842860281312966e-05
4.729999999999914,-8.751307697904021e-05,0.007293632273070434,0.2605553208856258,3.1603816838894337e-09,-0.00020235351195781577,0.00013039433455269787,43.27106326382736,4,True,4.774825927521766e-07,-1.5442119943173358,-1.8152291185637673e-05,5.074036521886093e-07,-1.544211977631029,-1.8158547516721236e-05
4.739999999999918,-8.621972741690211e-05,0.007293632276503408,0.26055532160734224,3.074023782894648e-09,-0.00019938688267244083,0.00012847245129395547,43.271063298811896,4,True,4.7068334630514006e-07,-1.5442120987719765,-1.7886341483830035e-05,4.997117467142186e-07,-1.544212082586675,-1.7892411029757347e-05
4.749999999999921,-8.494544131406546e-05,0.007293632279834102,0.2605553223185657,2.990232512258719e-09,-0.0001964633368697213,0.00012657875582885233,43.271063333317755,4,True,4.639767041863178e-07,-1.5442122017100233,-1.762424919274419e-05,4.921390975274937e-07,-1.5442121860108158,-1.763013752892284e-05
4.759999999999924,-8.36899390506919e-05,0.0072936322830655645,0.2605553230194462,2.908930752940503e-09,-0.0001935822599500851,0.00012471283847809768,43.271063367345334,4,True,4.573615332916606e-07,-1.544212303153058,-1.736595941701277e-05,4.8468377765881e-07,-1.5442122879254276,-1.7371671964420203e-05
4.769999999999928,-8.245294507148144e-05,0.007293632286200743,0.2605553237101318,2.8300457246924725e-09,-0.00019074304577862053,0.00012287429541481146,43.271063400903394,4,True,4.5083671531709713e-07,-1.5442124031223168,-1.7111418032256827e-05,4.773438854303235e-07,-1.5442123883521945,-1.7116960032348977e-05
4.779999999999931,-8.123418782758515e-05,0.007293632289242505,0.26055532439076823,2.7535057795969647e-09,-0.00018794509657591024,0.00012106272858489333,43.27106343399875,4,True,4.444011346051444e-07,-1.544212501638947,-1.686057164536517e-05,4.701175639673812e-07,-1.5442124873126264,-1.6865948193296837e-05
4.789999999999934,-8.003339971932654e-05,0.007293632292193632,0.26055532506149925,2.679241693354583e-09,-0.00018518782281187746,0.00011927774562584034,43.27106346663599,4,True,4.380536898354515e-07,-1.5442125987236766,-1.6613367594537503e-05,4.6300297899404733e-07,-1.5442125848279171,-1.6618583615171675e-05
4.799999999999938,-7.885031703971427e-05,0.007293632295056827,0.26055532572246687,2.607183961723444e-09,-0.00018247064309891598,0.00011751895978890154,43.2710634988204,4,True,4.3179327885454625e-07,-1.5442126943968801,-1.6369753925930744e-05,4.5599834740904014e-07,-1.544212680918902,-1.6374814240825293e-05
4.809999999999941,-7.768467991873737e-05,0.007293632297834698,0.26055532637381096,2.5372696175419785e-09,-0.00017979298408913696,0.00011578598986036147,43.27106353055882,4,True,4.256188325685423e-07,-1.5442127886787693,-1.6129679441138416e-05,4.4910188466845217e-07,-1.5442127756060056,-1.6134588672689796e-05
4.819999999999944,-7.653623226843402e-05,0.007293632300529804,0.2605553270156694,2.4694312188771866e-09,-0.00017715428036891323,0.00011407846008553478,43.27106356185588,4,True,4.1952925622820264e-07,-1.544212881589188,-1.5893093597454628e-05,4.4231186800502306e-07,-1.5442128689095935,-1.5897856283978023e-05
4.829999999999948,-7.540472172871765e-05,0.007293632303144581,0.2605553276481782,2.40361300390236e-09,-0.00017455397435611563,0.0001123960000936592,43.27106359271937,4,True,4.1352352061292577e-07,-1.5442129731478667,-1.565994662098534e-05,4.356265653196966e-07,-1.5442129608496724,-1.5664567087491025e-05
4.839999999999951,-7.428989961395701e-05,0.007293632305681437,0.2605553282714713,2.339751662228272e-09,-0.0001719915161992277,0.00011073824482120562,43.27106362315618,4,True,4.076005399308447e-07,-1.5442130633740911,-1.5430189322740014e-05,4.290443301952174e-07,-1.5442130514458936,-1.543467186594561e-05
4.849999999999954,-7.319152086029844e-05,0.007293632308142691,0.2605553288856813,2.277789051327364e-09,-0.00016946636367779025,0.00010910483444029496,43.271063653166074,4,True,4.017592856318252e-07,-1.5442131522869609,-1.5203773268083967e-05,4.2256349879704215e-07,-1.5442131407176856,-1.5208121990996129e-05
4.859999999999958,-7.2109343973729e-05,0.0072936323105305895,0.2605553294909384,2.2176697464519434e-09,-0.00016697798210447325,0.0001074954142833492,43.27106368276084,4,True,3.959987295350681e-07,-1.5442132399051323,-1.4980650685820738e-05,4.1618245416491596e-07,-1.5442132286842438,-1.4984869579570071e-05
4.869999999999961,-7.104313097884919e-05,0.0072936323128473144,0.26055533008737125,2.1593401219486516e-09,-0.000164525844223605,0.00010590963477349388,43.27106371193889,4,True,3.90317838846362e-07,-1.544213326247295,-1.4760774446229369e-05,4.098995891979932e-07,-1.5442133153641342,-1.476486737625659e-05
4.879999999999964,-6.99926473683656e-05,0.00729363231509499,0.26055533067510656,2.102745535055268e-09,-0.00016210943011920622,0.00010434715135357087,43.2710637407168,4,True,3.8471559969196e-07,-1.544213411331804,-1.4544098083217765e-05,4.0371335403975115e-07,-1.5442134007764143,-1.4548068813651456e-05
4.889999999999968,-6.895766205328617e-05,0.007293632317275678,0.26055533125426944,2.047833322966642e-09,-0.00015972822711066237,0.00010280762441365877,43.27106376909042,4,True,3.7919101066992324e-07,-1.5442134951766016,-1.4330575737844498e-05,3.976222086286071e-07,-1.5442134849391371,-1.433442792451218e-05
4.899999999999971,-6.793794731382165e-05,0.007293632319391378,0.26055533182498314,1.994552832531436e-09,-0.00015738172966514274,0.00010129071922429206,43.27106379706668,4,True,3.7374307285870483e-07,-1.5442135777994437,-1.4120162254614611e-05,3.9162463986474843e-07,-1.5442135678705033,-1.4123899449666589e-05
4.909999999999974,-6.693327875095284e-05,0.007293632321444015,0.26055533238736933,1.9428576877596676e-09,-0.00015506943930247317,9.979610586806581e-05,43.271063824651584,4,True,3.6837082291092705e-07,-1.5442136592179254,-1.3912813059817029e-05,3.857191530002395e-07,-1.5442136495882315,-1.3916438671988742e-05
4.919999999999978,-6.594343523869135e-05,0.0072936323234354655,0.26055533294154776,1.8927010089323e-09,-0.0001527908645026685,9.83234591712545e-05,43.271063851851444,4,True,3.6307327536856394e-07,-1.5442137394493318,-1.3708484215769076e-05,3.799042847514302e-07,-1.5442137301099312,-1.3712001581264545e-05
4.929999999999981,-6.496819887699825e-05,0.00729363232536756,0.26055533348763654,1.8440354978856602e-09,-0.00015054552061277693,9.687245863856897e-05,43.27106387866955,4,True,3.578494642140579e-07,-1.5442138185107153,-1.350713237965901e-05,3.741786067266477e-07,-1.544213809452992,-1.3510544737180098e-05
4.939999999999984,-6.400735494536914e-05,0.007293632327242063,0.2605553340257523,1.7968177681519515e-09,-0.00014833292975738283,9.544278838688435e-05,43.271063905113095,4,True,3.526984407485444e-07,-1.5442138964189103,-1.3308714833999165e-05,3.685406976007509e-07,-1.5442138876344518,-1.3312025322742124e-05
4.949999999999988,-6.306069185706474e-05,0.007293632329060684,0.26055533455601,1.751006027691928e-09,-0.00014615262074881943,9.403413708069448e-05,43.271063931184045,4,True,3.476192705085776e-07,-1.5442139731904327,-1.3113189445754e-05,3.629891666766594e-07,-1.5442139646710586,-1.3116401094712417e-05
4.959999999999991,-6.212800111398347e-05,0.007293632330825091,0.26055533507852274,1.7065575193890697e-09,-0.00014400412899851157,9.26461978689001e-05,43.27106395689121,4,True,3.426110077997393e-07,-1.5442140488417402,-1.2920514662291109e-05,3.5752265162656083e-07,-1.544214040579518,-1.2923630429891625e-05
4.969999999999994,-6.120907726217096e-05,0.0072936323325369,0.2605553355934022,1.6634317234935387e-09,-0.00014188699643029917,9.127866832095878e-05,43.27106398223611,4,True,3.376727331326777e-07,-1.5442141233888378,-1.2730649523245052e-05,3.5213980463945255e-07,-1.544214115376132,-1.2733672269759936e-05
4.979999999999998,-6.030371784795112e-05,0.007293632334197674,0.26055533610075854,1.6215900628293945e-09,-0.0001398007713919322,8.993125036579312e-05,43.27106400722414,4,True,3.3280354108853733e-07,-1.5442141968477947,-1.25435536542561e-05,3.46839306922522e-07,-1.5442141890770207,-1.2546486143678791e-05
4.990000000000001,-5.94117233746704e-05,0.007293632335808948,0.2605553366007003,1.5809913137988573e-09,-0.00013774500857131102,8.860365022996928e-05,43.27106403186277,4,True,3.2800251263633835e-07,-1.5442142692340708,-1.2359187191634197e-05,3.4161986905303116e-07,-1.544214261698232,-1.2362032149786158e-05
5.000000000000004,-5.853289726006e-05,0.007293632337372187,0.26055533709333456,1.5416009335831067e-09,-0.00013571926891274813,8.729557837639572e-05,43.27106405615473,4,True,3.2326877274211315e-07,-1.5442143405631978,-1.2177510889219102e-05,3.364801977143097e-07,-1.5442143332551508,-1.2180270910081445e-05
5.010000000000008,-0.00014189752676148294,0.007293632338941462,0.2605624478064915,1.5510763490220008e-09,0.0006914492167200487,-0.0147908906730833,43.85020196363889,4,True,-0.013318012921708713,-1.5235429655268862,-0.08667187130081236,-0.013318000169402485,-1.5235429581355422,-0.08667187396710077
5.020000000000011,-0.0003638319040369413,0.007293632340570522,0.26058255190019,1.6325433506749228e-09,0.003467290574492874,-0.028166916090386934,43.75805568965416,4,True,-0.0163184381867281,-1.5052135958051422,-0.1078306523187077,-0.016318425877173387,-1.5052135883972695,-0.10783065488640882
5.0300000000000145,-0.0007177161071725277,0.0072936323423109664,0.2606090608963757,1.7666664781141451e-09,0.009198931078794818,-0.041288504745013284,43.60823273267019,4,True,-0.01699279427809185,-1.4967679236150682,-0.10841897832296651,-0.01699278236080998,-1.4967679162822929,-0.10841898080468465
5.040000000000018,-0.0012027289908166194,0.007293632344213347,0.2606369688691305,1.9396481693342804e-09,0.018032355303566325,-0.05440641665080862,43.51280183063858,4,True,-0.017016269109716504,-1.494936201120513,-0.10364602099857628,-0.01701625754834219,-1.4949361939309713,-0.1036460234086716
5.050000000000021,-0.0018190396286471696,0.007293632346314234,0.26066400506118126,2.1416523450325847e-09,0.02981321263866536,-0.06754312787516298,43.45312789811382,4,True,-0.016858565069138673,-1.496120932237245,-0.09726976660286932,-0.01685855384238917,-1.4961209252380563,-0.09726976894870829
5.0600000000000245,-0.002566674100487476,0.007293632348637843,0.26068927993750535,2.365250072230674e-09,0.04428586674568792,-0.08066547710770693,43.41006413332796,4,True,-0.01666397773832408,-1.4984454961296163,-0.0903799103841838,-0.016663966833692576,-1.4984454893523012,-0.09037991266816994
5.070000000000028,-0.0034452385027516287,0.007293632351199127,0.2607124366997369,2.604490261177509e-09,0.06116575870373964,-0.09372730906304605,43.37539584085354,4,True,-0.01647900888872324,-1.501163434843078,-0.0833573269958503,-0.016478998297883546,-1.5011634283083752,-0.08335732921821734
5.080000000000031,-0.004453868836533968,0.00729363235400618,0.2607333184882255,2.8543958816495556e-09,0.08016714461573453,-0.10668190475012661,43.34651585001059,4,True,-0.016317593640413092,-1.504024322418557,-0.07635061118115816,-0.01631758335670662,-1.504024316140138,-0.07635061334151469
5.0900000000000345,-0.005591251455698616,0.0072936323570618475,0.2607518679587356,3.110707790731074e-09,0.10101373421110499,-0.11948605706763024,43.32266127694231,4,True,-0.016182310386412012,-1.506951465070904,-0.06941972081197612,-0.016182300403703553,-1.5069514590574766,-0.06941972290988171
5.100000000000038,-0.006855666226275703,0.007293632360364866,0.26076810276092055,3.3697399264331446e-09,0.12344272340354975,-0.1321012828240641,43.30344415402109,4,True,-0.016071893328106178,-1.509917008279015,-0.06258933558824051,-0.016071883640271206,-1.5099170025358173,-0.06258933762340677
5.110000000000041,-0.008245034981500058,0.0072936323639107145,0.26078210832319626,3.628291929959728e-09,0.14720631091686623,-0.1444939495590511,43.288448744229335,4,True,-0.01598395391314593,-1.5129022697598655,-0.05587032881729538,-0.015983944513881798,-1.5129022642893222,-0.05587033078965284
5.1200000000000445,-0.00975696873456607,0.007293632367692251,0.2607940312289245,3.883592922252679e-09,0.17207224299948914,-0.15663500885003262,43.27718274516269,4,True,-0.01591593912612313,-1.5158880758131197,-0.049268279963842004,-0.015915930008882334,-1.5158880706155673,-0.04926828187352125
5.130000000000048,-0.011388811448229404,0.007293632371700225,0.2608040702724978,4.133262162184323e-09,0.19782394563404587,-0.16849961296535926,43.2691130644956,4,True,-0.015865443611636408,-1.5188539546092052,-0.04278670226508233,-0.015865434769674475,-1.5188539496833202,-0.042786704112392465
5.140000000000051,-0.01313767985371041,0.00729363237592371,0.2608124658359328,4.375271717529407e-09,0.2242604432335917,-0.180066718824291,43.26370663765497,4,True,-0.015830292797526076,-1.5217792921748856,-0.03642821717871464,-0.01583028422392191,-1.521779287517849,-0.03642821896415169
5.1500000000000545,-0.015000499415353016,0.00729363238035045,0.2608194887142627,4.607922137090506e-09,0.25119613789317025,-0.1913187137947619,43.26045929095456,4,True,-0.015808549087517467,-1.524644523471608,-0.03019497016623668,-0.015808540775261504,-1.5246445190794395,-0.03019497189041584
5.160000000000058,-0.016974036719475023,0.007293632384967181,0.2608254292777115,4.829811669835093e-09,0.27846048186177197,-0.2022410721191421,43.25891253936624,4,True,-0.015798494603589792,-1.5274319545484816,-0.02408877523188288,-0.015798486545617774,-1.5274319504162241,-0.024088776895562963
5.170000000000061,-0.01905492859819488,0.007293632389759896,0.26083058753692007,5.039809990407425e-09,0.3058975625705596,-0.2128220421293941,43.25866149700052,4,True,-0.015798608550594475,-1.530126222400912,-0.018111163767500715,-0.01579860073983208,-1.5301262185226203,-0.018111165371578725
5.1800000000000646,-0.02123970828433121,0.007293632394714067,0.2608352644193808,5.2370373835206625e-09,0.3333656151997859,-0.22305236195295486,43.25935692856405,4,True,-0.0158075449757884,-1.5327144831733719,-0.012263399923706425,-0.015807537405220173,-1.5327144795425756,-0.012263401469155472
5.190000000000068,-0.023524828867323315,0.007293632399814848,0.26083975438453844,5.420839699422093e-09,0.3607364760859962,-0.23292500099256122,43.26070369322328,4,True,-0.01582411254317937,-1.5351864167040168,-0.006546484904938283,-0.015824105205862082,-1.5351864133136204,-0.006546486392834034
5.200000000000071,-0.02590668429373046,0.007293632405047256,0.2608443393868424,5.590765933095599e-09,0.38789498926368254,-0.24243492464491015,43.26245711561455,4,True,-0.01584725658899454,-1.5375341149268453,-0.0009611585902511718,-0.015847249478097014,-1.5375341117691654,-0.0009611600217608048
5.210000000000075,-0.028298241353575403,0.0072936324103695365,0.26084245077603513,5.720581777555113e-09,0.4137536638395092,-0.23685477171539338,42.74870830330056,4,True,-0.002588753854701566,-1.5587288692185766,0.08978726854438851,-0.0025887469317567584,-1.558728866477494,0.08978726717682331
5.220000000000078,-0.030641868808027873,0.007293632415737237,0.26083026187065694,5.798014094097781e-09,0.43756628631194816,-0.2323379557658363,42.907028608512974,4,True,0.0001129968869228027,-1.580356540715099,0.11583264218733236,0.00011300364815031112,-1.5803565383159854,0.11583264086219072
5.230000000000081,-0.03293971251549701,0.007293632421104624,0.2608163931715851,5.833844946509195e-09,0.4584606616036346,-0.2276428125782377,43.08531250347236,4,True,0.0006933855546097582,-1.591397262390719,0.12208989634152237,0.0006933921497643265,-1.5913972602564983,0.1220898950579258
5.240000000000085,-0.03518854891115563,0.007293632426429651,0.26080670950020496,5.835498818273979e-09,0.476288490824621,-0.2225672829817183,43.17783878367561,4,True,0.0006815827489186975,-1.5945182637318398,0.12290398518679527,0.000681589175841268,-1.5945182618082576,0.12290398394773253
5.250000000000088,-0.03738452838417166,0.007293632431679771,0.2608033383178712,5.808257653813046e-09,0.4911728277056859,-0.21711492196959076,43.21358199829419,4,True,0.0004976192291138016,-1.5936400939602395,0.12176898182879234,0.0004976254910700191,-1.5936400922085139,0.1217689806334167
5.260000000000091,-0.03952411762595465,0.0072936324368298834,0.2608063952568604,5.756293847536955e-09,0.5033304012449621,-0.2113309481416445,43.22040144055221,4,True,0.0002738915157764749,-1.5910368028689656,0.1197919942357765,0.00027389761802837316,-1.5910368012598812,0.11979199308102664
5.270000000000095,-0.04160429146832815,0.007293632441860355,0.2608151181348803,5.6831816311071e-09,0.5130020825717165,-0.205268510345604,43.21367687853621,4,True,5.5681996339831464e-05,-1.5877873178309712,0.11741652911995584,5.568794390747818e-05,-1.5877873163412084,0.11741652800235572
5.280000000000098,-0.043622554229731915,0.007293632446755819,0.2608284135632936,5.592104365542872e-09,0.5204254133811989,-0.19897967411771392,43.201433316940786,4,True,-0.00014199283171234582,-1.5843918854994041,0.11484121164948816,-0.00014198703471329837,-1.584391884109868,0.11484121056587063
5.290000000000101,-0.04557690991030002,0.007293632451504399,0.2608451125527497,5.485935965644025e-09,0.525824327257282,-0.19251246270237837,43.18796001253023,4,True,-0.00031521263799946846,-1.5810916002583808,0.11216170816976914,-0.0003152069883698432,-1.5810915989530299,0.1121617071175284
5.300000000000105,-0.04746581633366749,0.00729363245609719,0.2608640949378694,5.3672631138068965e-09,0.5294057386892785,-0.1859100655209071,43.17553851267341,4,True,-0.000464112457181629,-1.5780045262775935,0.10942859276791359,-0.0004641069523201873,-1.578004525043226,0.10942859174489075
5.310000000000108,-0.04928813676162445,0.007293632460527791,0.2608843501019822,5.238410339283629e-09,0.5313588691179357,-0.17921090303815457,43.16529733181342,4,True,-0.0005902649413582488,-1.5751842630222237,0.10667157106309119,-0.0005902595790562852,-1.5751842618477536,0.10667157006759945
5.320000000000111,-0.05104309406253595,0.007293632464791938,0.2609050034064368,5.101450433410439e-09,0.5318557111023333,-0.1724489856518886,43.15768930094421,4,True,-0.0006957056222365175,-1.5726482474652164,0.10390970072540254,-0.0006957004004541916,-1.5726482463414229,0.10390969975605471
5.330000000000115,-0.05273022894075401,0.007293632468887182,0.2609253231162562,4.958222986093659e-09,0.5310519930937201,-0.16565433889595485,43.1527781019662,4,True,-0.0007825582575372862,-1.5703932415750421,0.1011559731293448,-0.0007825531742763907,-1.570393240494338,0.10115597218501829
5.340000000000118,-0.05434936237800069,0.00729363247281259,0.2609447162443129,4.810354077565976e-09,0.5290883629492645,-0.1588534152623323,43.15041273023296,4,True,-0.0008528813085347535,-1.5684044557498367,0.09841961360351573,-0.0008528763617686734,-1.5684044547057732,0.09841961268329938
5.350000000000121,-0.05590056200303644,0.007293632476568511,0.26096271838278423,4.659272083893947e-09,0.5260916478102073,-0.15206947015147665,43.150332549514076,4,True,-0.0009086018302866959,-1.5666610735382884,0.09570738123392605,-0.0009085970178965845,-1.566661072525827,0.0957073803370441
5.360000000000125,-0.0573841120051183,0.007293632480156333,0.26097898060315755,4.5062317199170874e-09,0.522176111172008,-0.14532289873700832,43.15222951671798,4,True,-0.0009514884964084013,-1.5651396103715651,0.09302436649117282,-0.0009514838162011379,-1.5651396093862295,0.09302436561698538
5.370000000000128,-0.058800486211601354,0.007293632483578345,0.2609932552813616,4.352321037871769e-09,0.5174446617448876,-0.13863153616553572,43.15578442795709,4,True,-0.0009831443769338648,-1.5638159426403295,0.0903745028824389,-0.000983139826547214,-1.5638159416788417,0.09037450203033529
5.380000000000131,-0.06015032398313821,0.007293632486837503,0.26100538194744843,4.19849411341028e-09,0.5119899888718392,-0.13201092480491955,43.16068760833568,4,True,-0.0010050102945337734,-1.5626665164150197,0.08776090247906224,-0.0010050058715703751,-1.5626665154744475,0.08776090164855246
5.390000000000135,-0.061434408617783084,0.007293632489937351,0.26101527379299144,4.045572976430155e-09,0.5058956118962291,-0.1254745522967248,43.16665031954834,4,True,-0.0010183737595460406,-1.561669047836145,0.08518607879894088,-0.0010183694614929743,-1.56166904691407,0.0851860779895566
5.400000000000138,-0.06265364799140452,0.00729363249288189,0.2610229051825322,3.8942654329778855e-09,0.499236838836527,-0.11903406388133213,43.173410599821764,4,True,-0.0010243805675901056,-1.5608029060331594,0.08265209633879375,-0.001024376391860982,-1.5608029051276595,0.08265209555009836
5.410000000000141,-0.06380905719452161,0.00729363249567547,0.26102830033836427,3.745177563511522e-09,0.4920816346929046,-0.11269945210149034,43.1807357276068,4,True,-0.001024047346736182,-1.5600492956556877,0.08016067179548206,-0.0010240432906857282,-1.560049294765171,0.08016067102707583
5.420000000000145,-0.06490174295470799,0.007293632498322732,0.2610315232581092,3.59882050051354e-09,0.48449140273008967,-0.10647922662303273,43.1884226154802,4,True,-0.0010182740747277934,-1.559391311705372,0.07771324315527436,-0.001018270135641292,-1.5593913108286725,0.0777132424067434
5.430000000000148,-0.06593288965916208,0.007293632500828504,0.2610326688563154,3.4556268636989235e-09,0.4765216838354321,-0.10038056656386973,43.196296931289005,4,True,-0.0010078560352408538,-1.5588139127470473,0.07531101723915865,-0.0010078522103788572,-1.5588139118831394,0.07531101651012709
5.440000000000151,-0.0669037468141786,0.007293632503197756,0.2610318552793389,3.315955839793258e-09,0.4682227799836425,-0.09440945740485447,43.20421144800703,4,True,-0.0009934949502585226,-1.558303842487809,0.07295500274112784,-0.0009934912368572972,-1.5583038416358717,0.07295500203122599
5.450000000000155,-0.0678156177974092,0.007293632505435562,0.2610292173177643,3.1800984206304243e-09,0.4596403082379232,-0.08857081427346819,43.212043948801515,4,True,-0.0009758091815041674,-1.5578495197845772,0.07064603351373658,-0.0009758055767751244,-1.5578495189440917,0.0706460328225699
5.460000000000158,-0.06866984977532191,0.007293632507547028,0.26102490082684987,3.0482902501009922e-09,0.4508156917688287,-0.08286859314455373,43.219694905647785,4,True,-0.0009553429818974367,-1.5574409108028047,0.06838478536066853,-0.0009553394830569,-1.5574409099733173,0.0683847846878767
5.470000000000161,-0.06946782467251847,0.00729363250953728,0.26101905805927095,2.9207139875738666e-09,0.44178659420094896,-0.0773058912901413,43.22708508013503,4,True,-0.0009325748260309995,-1.5570693928428594,0.06617178859045145,-0.0009325714303069503,-1.557069392023979,0.06617178793566567
5.480000000000165,-0.0702109510918691,0.007293632511411422,0.26101184381333237,2.797505194322889e-09,0.43258730328646966,-0.071885038129738,43.234153147808975,4,True,-0.0009079248733090827,-1.5567276164514117,0.06400743789089919,-0.0009079215779328469,-1.556727615642999,0.0640074372537465
5.490000000000168,-0.07090065709507769,0.0072936325131745154,0.2610034123021685,2.678758814470349e-09,0.4232490695104432,-0.06660767747961466,43.24085341405897,4,True,-0.0008817616290323215,-1.5564093703694541,0.06189200059293162,-0.0008817584312579845,-1.5564093695713574,0.06189199997303982
5.500000000000171,-0.07153838376254743,0.00729363251483155,0.2609939146540473,2.564533390930699e-09,0.41380040479440877,-0.06147484207073728,43.247153665550734,4,True,-0.0008544078728355696,-1.5561094523665135,0.05982562404042588,-0.0008544047699506068,-1.5561094515786296,0.05982562343742895
5.510000000000175,-0.07212557945950133,0.007293632516387439,0.26098349695988976,2.4548545142939393e-09,0.4042673460099579,-0.056487021096402,43.25303318363326,4,True,-0.0008261459236912146,-1.5558235479081945,0.05780834252920794,-0.0008261429130028146,-1.5558235471306114,0.05780834194272458
5.520000000000178,-0.07266369474240608,0.0072936325178469775,0.2609722987908964,2.349721755327405e-09,0.39467368756081855,-0.051644221458998635,43.258480933280445,4,True,-0.0007972223080550405,-1.555548117792451,0.0558400840963397,-0.0007972193869325854,-1.5555481170251517,0.05584008352601119
5.530000000000181,-0.07315417784600452,0.007293632519214861,0.2609604521162932,2.249108304553379e-09,0.3850411868537038,-0.046946023307804695,43.2634939319319,4,True,-0.0007678518939958638,-1.5552802952960163,0.05392067731273478,-0.0007678490598334313,-1.5552802945392346,0.05392067675818543
5.540000000000185,-0.07359847069681051,0.007293632520495655,0.2609480805583433,2.152966385417296e-09,0.3753897460628836,-0.042391630393849286,43.268075795886425,4,True,-0.0007382215492731802,-1.5550177929477842,0.0520498581436897,-0.000738218799521934,-1.5550177922015147,0.05204985760455119
5.550000000000188,-0.07399800540386368,0.007293632521693799,0.26093529892871953,2.0612294498064155e-09,0.3657375732062656,-0.0379799157116244,43.27223545757785,4,True,-0.000708493376700849,-1.554758818742854,0.05022727688341508,-0.0007084907088543428,-1.5547588180073242,0.050227276359310596
5.5600000000001915,-0.07435420118196726,0.0072936325228135784,0.26092221299693075,1.9738177036789604e-09,0.356101325194397,-0.033709462849117244,43.27598604388219,4,True,-0.0006788075749977617,-1.554502001408544,0.0484525051331712,-0.0006788049866173766,-1.5545020006839414,0.04845250462375342
5.570000000000195,-0.07466846166661298,0.007293632523859149,0.26090891944766254,1.8906358759526543e-09,0.34649623518922285,-0.029578603425867142,43.27934390396238,4,True,-0.0006492849686068757,-1.554246324199778,0.04672504277213105,-0.0006492824572938987,-1.5542463234862989,0.046725042277034085
5.580000000000198,-0.07494217258338964,0.00729363252483452,0.2608955059895779,1.8115774131171496e-09,0.33693622631639747,-0.025585450962411074,43.28232777418435,4,True,-0.000620029245340666,-1.5539910666230468,0.045044324860764456,-0.0006200268087606796,-1.5539910659208358,0.04504432437962916
5.5900000000002015,-0.07517669973792726,0.007293632525743554,0.2608820515833001,1.7365265521034141e-09,0.32743401351238405,-0.021727931492645233,43.284958067198616,4,True,-0.0005911289364668661,-1.5537357534483203,0.04340972841532334,-0.0005911265723303892,-1.5537357527576419,0.04340972794777828
5.600000000000205,-0.07537338729538669,0.007293632526589956,0.26086862676097045,1.6653623196469708e-09,0.3180011950537976,-0.018003811202549264,43.28725627266398,4,True,-0.0005626591698410237,-1.5534801103593063,0.0418205789954586,-0.0005626568759261462,-1.5534801096804316,0.04182057854117216
5.610000000000208,-0.07553355632119957,0.007293632527377277,0.26085529401395335,1.597958286299209e-09,0.3086483351095831,-0.014410721353791673,43.28924445726811,4,True,-0.0005346832232351125,-1.5532240256002185,0.04027615705387108,-0.0005346809973913323,-1.5532240249332816,0.04027615661249584
5.6200000000002115,-0.07565850355722431,0.007293632528108934,0.26084210822896886,1.534180713756589e-09,0.2993850384744331,-0.010946180728464344,43.29094485252307,4,True,-0.0005072539016487553,-1.5529675170026704,0.03877570400495045,-0.0005072517417604593,-1.5529675163478038,0.038775703576137105
5.630000000000215,-0.07574950040973423,0.007293632528788183,0.260829117156204,1.4738954955604216e-09,0.2902200184821543,-0.007607615811180577,43.292379519541925,4,True,-0.00048041475950143985,-1.552710703808501,0.03731842797894083,-0.00048041266352778826,-1.552710703166068,0.03731842756235973
5.640000000000218,-0.0758077921277155,0.007293632529418136,0.2608163618958162,1.4169672782014221e-09,0.28116115895832156,-0.004392378906704859,43.29357008080263,4,True,-0.000454201186153917,-1.5524537827432818,0.0359035092362823,-0.00045419915212113797,-1.5524537821132947,0.035903508831617026
5.6500000000002215,-0.07583459715184299,0.0072936325300017755,0.2608038773917343,1.3632564920881097e-09,0.2722155709503702,-0.0012977643748718366,43.29453750981239,4,True,-0.0004286413707936606,-1.5521970078355782,0.03453010522601874,-0.00042863939676614275,-1.5521970072183013,0.03453010483293398
5.660000000000225,-0.07583110661623611,0.007293632530541937,0.2607916929238169,1.3126254275420892e-09,0.2633896448682991,0.001678976850383312,43.295301970511574,4,True,-0.00040375716074943967,-1.551940673522264,0.033197355278911475,-0.00040375524485228347,-1.5519406729177694,0.03319735489708367
5.670000000000228,-0.07579848398668887,0.007293632531041309,0.2607798325912791,1.264938179106234e-09,0.2546890985785165,0.00454062430473604,43.29588269892737,4,True,-0.0003795648256018363,-1.5516851006189045,0.031904384933299834,-0.000379562966026648,-1.5516851000274419,0.03190438456243022
5.6800000000002315,-0.07573786482052988,0.0072936325315024605,0.2607683157818781,1.220059548827576e-09,0.24611902191533855,0.007289976459296233,43.29629792061566,4,True,-0.0003560757378704501,-1.5514306247786798,0.030650309896827904,-0.00035607393285683235,-1.5514306242002829,0.030650309536613962
5.690000000000235,-0.07565035663461105,0.007293632531927823,0.26075715762268864,1.1778560975322403e-09,0.23768391800770847,0.009929840479444988,43.29656479798258,4,True,-0.00033329697969251886,-1.5511775870995388,0.02943423965217057,-0.0003332952275392769,-1.5511775865343693,0.02943423930230557
5.700000000000238,-0.07553703886915392,0.007293632532319708,0.26074636940942875,1.1381970406510392e-09,0.22938774176141122,0.012463023158171672,43.296699402401586,4,True,-0.0003112318838168903,-1.5509263265777866,0.028255280718415876,-0.0003112301828690355,-1.5509263260258994,0.02825528037860038
5.7100000000002415,-0.07539896293631536,0.007293632532680296,0.26073595901223345,1.1009554886266602e-09,0.22123393578819048,0.014892322915194812,43.29671670666602,4,True,-0.0002898805161515449,-1.5506771741403462,0.02711253958273946,-0.0002898788648173505,-1.5506771736018714,0.027112539252704806
5.720000000000245,-0.07523715234336985,0.007293632533011656,0.26072593125655985,1.066008178701739e-09,0.213225464031537,0.0172205227621483,43.29663059381642,4,True,-0.00026924010626932067,-1.5504304480171347,0.02600512531932643,-0.0002692385030029087,-1.5504304474921107,0.026005124998786613
5.730000000000248,-0.07505260288135694,0.00729363253331574,0.2607162882785399,1.033235169540257e-09,0.20536484330358715,0.019450384142465426,43.29645387907503,4,True,-0.0002493054314651783,-1.5501864502477165,0.02493215191333366,-0.00024930387477917947,-1.5501864497361737,0.02493215160202783
5.740000000000252,-0.07484628287091336,0.007293632533594401,0.26070702985461897,1.0025188632663775e-09,0.1976541729176347,0.021584641562267897,43.29619834194629,4,True,-0.00023006915937633148,-1.5499454641381707,0.02389274030949154,-0.00023006764782076327,-1.5499454636400682,0.02389274000715634
5.750000000000255,-0.07461913345780632,0.007293632533849386,0.26069815370572824,9.737452715443283e-10,0.19009516257544004,0.023625997935684016,43.29587476599379,4,True,-0.00021152215347381966,-1.5497077525107292,0.022886020204501895,-0.00021152068564171033,-1.5497077520261762,0.02288601991087401
5.760000000000258,-0.07437206895141456,0.007293632534082341,0.26068965577656417,9.468060566628434e-10,0.1826891586471625,0.02557712057457099,43.295492984366525,4,True,-0.0001936537453630515,-1.5494735566085367,0.021911131602896566,-0.0001936523199050013,-1.5494735561374227,0.021911131317725333
5.770000000000262,-0.07410597720006892,0.007293632534294819,0.2606815304907978,9.215954905936604e-10,0.17543716896377556,0.02744063775867882,43.29506192912247,4,True,-0.00017645197732568029,-1.5492430955368617,0.020967226155667193,-0.0001764505929169121,-1.5492430950792766,0.020967225878700674
5.780000000000265,-0.07382171999777438,0.0072936325344882666,0.2606737709832205,8.980157244653727e-10,0.16833988622663518,0.02921913582786383,43.294589683026025,4,True,-0.0001599038180701775,-1.5490165661381607,0.020053468300405455,-0.00015990247346688073,-1.5490165656939383,0.020053468031434575
5.790000000000268,-0.07352013351738923,0.007293632534664064,0.2606663693099646,8.759681720231585e-10,0.16139771012621573,0.030915156743123746,43.29408353265801,4,True,-0.00014399535464583668,-1.5487941432155186,0.01916903622070936,-0.00014399404861634206,-1.548794142784616,0.01916903595948835
5.800000000000272,-0.07320202876584427,0.00729363253482351,0.2606593166380273,8.553595404670278e-10,0.15461076825134829,0.03253119606795199,43.29355002172795,4,True,-0.00012871196264452545,-1.5485759800284706,0.01831312264230566,-0.00012871069399512984,-1.5485759796107301,0.01831312238860741
5.810000000000275,-0.07286819205744448,0.007293632534967813,0.26065260341537627,8.361016691708176e-10,0.1479789358613145,0.03406970132588287,43.29299500389685,4,True,-0.00011403845709505187,-1.5483622089998688,0.017484935481955878,-0.00011403722467459625,-1.5483622085954616,0.017484935235553032
5.820000000000278,-0.0725193855017156,0.007293632535098101,0.26064621952293776,8.181122152400093e-10,0.1415018545856654,0.03553307069409554,43.29242369452518,4,True,-9.995922597001765e-05,-1.548152942580323,0.016683698364030275,-9.995802867780783e-05,-1.5481529421889804,0.0166836981247259
5.830000000000282,-0.0721563475026378,0.007293632535215446,0.26064015440976823,8.013097698420106e-10,0.13517895011035105,0.03692365199665575,43.2918407207638,4,True,-8.645834797465411e-05,-1.5479482742271893,0.01590865101938041,-8.645718473494817e-05,-1.547948273848807,0.015908650786962134
5.840000000000285,-0.07177979326645509,0.007293632535320854,0.26063439721268966,7.856170604970306e-10,0.12900944890339497,0.038243741964315625,43.291250169696795,4,True,-7.351969625532577e-05,-1.5477482794596193,0.015159049579256338,-7.351856602437528e-05,-1.5477482790941013,0.01515904935351679
5.850000000000288,-0.07139041531556173,0.007293632535415254,0.26062893686163335,7.709627485466114e-10,0.12299239402891657,0.03949558573092772,43.290655634282295,4,True,-6.11270294359171e-05,-1.547553016961986,0.01443416677618397,-6.112593121141617e-05,-1.5475530166091809,0.014434166556929008
5.860000000000292,-0.07098888400625115,0.007293632535499512,0.26062376217189415,7.572796185746429e-10,0.11712666009451296,0.04068137653934611,43.29006025685695,4,True,-4.926407126709019e-05,-1.5473625297094051,0.013733292063234433,-4.9263004084570754e-05,-1.5473625293692201,0.01373329185028252
5.870000000000295,-0.0705758480483693,0.007293632535574446,0.2606188619244406,7.445026447931235e-10,0.11141096737381051,0.04180325563228742,43.28946677017315,4,True,-3.7914580057396704e-05,-1.5471768460964228,0.013055731661375553,-3.791354296980208e-05,-1.5471768457686808,0.013055731454529394
5.880000000000298,-0.0701519350251466,0.0072936325356408125,0.2606142249353688,7.325716695609366e-10,0.10584389514324945,0.04286331230600117,43.28887753582317,4,True,-2.706240886626729e-05,-1.5469959810528944,0.01240080854432861,-2.7061400987006336e-05,-1.5469959807373959,0.012400808343447475
5.890000000000302,-0.06971775191169202,0.007293632535699331,0.26060984011552746,7.214271650865879e-10,0.10042389426980435,0.04386358410675673,43.28829458018299,4,True,-1.6691557540234185e-05,-1.5468199371347096,0.011767862368889187,-1.6690577976011047e-05,-1.5468199368312965,0.011767862173773212
5.900000000000305,-0.06927388559082182,0.0072936325357506595,0.2606056965212728,7.110148725872295e-10,0.09514929908432002,0.04480605715214221,43.28771962771686,4,True,-6.786217239911385e-06,-1.5466487055804619,0.011156249358541342,-6.785265149228183e-06,-1.546648705288941,0.011156249169030696
5.910000000000308,-0.06882090336506522,0.007293632535795431,0.26060178339725054,7.012804264877653e-10,0.09001833857331597,0.04569266656094975,43.28715413187698,4,True,2.6691915160172523e-06,-1.5464822673259797,0.010565342146810718,2.670116980317065e-06,-1.546482267046203,0.010565341962724267
5.920000000000312,-0.06835935346384292,0.007293632535834213,0.26059809021203645,6.921770927434282e-10,0.08502914692055948,0.04652529697708132,43.286599303593874,4,True,1.1689986861203873e-05,-1.5463205939730276,0.009994529586339587,1.1690886488335343e-05,-1.5463205937048115,0.009994529407529366
5.930000000000315,-0.06788976554495114,0.007293632535867531,0.2605946066874032,6.836607518366478e-10,0.08017977342827629,0.04730578317438035,43.28605613744968,4,True,2.0291198727656648e-05,-1.5461636487075976,0.009443216529313694,2.029207327526199e-05,-1.546163648450749,0.009443216355636587
5.940000000000318,-0.06741265118960763,0.0072936325358958914,0.26059132282192166,6.756864276489906e-10,0.07546819184660049,0.04803591073066293,43.2855254356864,4,True,2.84875467781507e-05,-1.5460113871671641,0.008910823583582528,2.8488397005341435e-05,-1.5460113869214234,0.008910823414869276
5.950000000000322,-0.0669285043904263,0.007293632535919753,0.26058822890954453,6.682144428993903e-10,0.07089230913867368,0.04871741676043124,43.285007830127945,4,True,3.629342253749643e-05,-1.5458637582544876,0.008396786849095134,3.629424916275513e-05,-1.5458637580197383,0.008396786685212224
5.960000000000325,-0.06643780203178652,0.007293632535939539,0.26058531555376624,6.612079503405467e-10,0.06644997370772944,0.04935199069688181,43.28450380214076,4,True,4.372287520779675e-05,-1.5457207048990478,0.00790055763817319,4.372367892383752e-05,-1.545720704675049,0.007900557478989358
5.970000000000328,-0.06594100436215058,0.007293632535955653,0.26058257367789617,6.546298974509486e-10,0.06213898311148548,0.04994127511481669,43.28401370081423,4,True,5.078960073238596e-05,-1.5455821647665904,0.007421602182889185,5.0790382227867135e-05,-1.5455821645530772,0.007421602028260809
5.980000000000332,-0.0654385554579625,0.007293632535968464,0.2605799945319383,6.484469412131285e-10,0.057957091288209035,0.05048686658699067,43.28353775934206,4,True,5.75069338714412e-05,-1.5454480709174565,0.006959401332547628,5.7507693803646035e-05,-1.545448070714287,0.006959401182334706
5.990000000000335,-0.06493088367883089,0.007293632535978305,0.26057756969651796,6.426294362548519e-10,0.053902015317902605,0.0509903165672244,43.28307610995107,4,True,6.388784273832687e-05,-1.545318352416237,0.006513450243674046,6.388858173499715e-05,-1.5453183522232146,0.006513450097754578
6.000000000000338,-0.06441840211376132,0.007293632535985489,0.2605752910842572,6.371480743072789e-10,0.049971441741199135,0.05145313229440694,43.282628797222515,4,True,6.994492561873455e-05,-1.5451929348941529,0.006083258064872184,6.994564429887513e-05,-1.5451929347110311,0.0060832579231202685
6.010000000000342,-0.06390150901825847,0.00729363253599031,0.26057315093895755,6.319758467230141e-10,0.04616303245770195,0.05187677771212072,43.28219579016375,4,True,7.569040976253093e-05,-1.5450717410658839,0.005668347618260949,7.569110872031277e-05,-1.5450717408924248,0.005668347480559637
6.020000000000345,-0.06338058824216818,0.007293632535993033,0.2605711418329132,6.270872114653068e-10,0.04247443022470584,0.05226267439928126,43.28177699299515,4,True,8.11361518681147e-05,-1.5449546912043426,0.005268255079269321,8.1136831683576e-05,-1.5449546910403706,0.005268254945498137
6.030000000000348,-0.06285600964817152,0.007293632535993904,0.2605692566626429,6.224593381299702e-10,0.038903263776431066,0.052612202507695154,43.28137225478325,4,True,8.629364006570338e-05,-1.544841703574337,0.004882529656256418,8.629430129622424e-05,-1.5448417034196797,0.004882529526300152
6.040000000000352,-0.062328129520882465,0.007293632535993149,0.2605674886432969,6.180697259221734e-10,0.03544715258315041,0.05292670170294859,43.28098137805678,4,True,9.117399715245078e-05,-1.5447326948290656,0.004510733270986839,9.117464034305204e-05,-1.5447326946834072,0.004510733144737918
6.050000000000355,-0.06179729096653326,0.0072936325359909794,0.26056583130196703,6.138971212159344e-10,0.03210371126883572,0.05320747210546742,43.28060412646568,4,True,9.578798493331363e-05,-1.5446275803700105,0.004152440241202505,9.57886106119259e-05,-1.5446275802331557,0.004152440118555075
6.060000000000358,-0.061263824303261105,0.007293632535987586,0.2605642784701036,6.099229079673012e-10,0.02887055370521163,0.053455775228996485,43.280240231550025,4,True,0.00010014600951155941,-1.5445262746746815,0.003807236966058984,0.00010014661819201506,-1.5445262745465163,0.0038072368468978343
6.070000000000362,-0.06072804744203586,0.007293632535983133,0.2605628242752153,6.061317523504507e-10,0.025745296799402427,0.053672834914086844,43.27988939877089,4,True,0.00010425812732921383,-1.5444286915926035,0.0034747216151376284,0.00010425871949036424,-1.5444286914727936,0.003474721499379509
6.080000000000365,-0.06019026625829001,0.007293632535977792,0.2605614631320099,6.025051367794535e-10,0.02272556399165854,0.05385983825451438,43.27955131277166,4,True,0.00010813405184883503,-1.5443347446128126,0.003154503821817166,0.00010813462798208573,-1.5443347445011757,0.0031545037093586017
6.0900000000003685,-0.05965077495433194,0.007293632535971707,0.2605601897331133,5.990283099379879e-10,0.019808988478966127,0.054017936514821924,43.27922564205376,4,True,0.00011178316082501542,-1.544244347104751,0.002846204381260962,0.00011178372139240741,-1.5442443470011633,0.0028462042719983446
6.100000000000372,-0.05910985641263994,0.007293632535965011,0.2605589990394859,5.956870475768335e-10,0.016993216179680092,0.054148246037442054,43.27891204302447,4,True,0.00011521450395686532,-1.5441574125350979,0.0025494549536671527,0.0001152150494154245,-1.5441574124392505,0.002549454847503129
6.110000000000375,-0.05856778254014854,0.0072936325359578185,0.2605578862706409,5.924702837788001e-10,0.014275908453680725,0.05425184913807712,43.278610163562085,4,True,0.00011843681089095142,-1.5440738546604806,0.0022638977728936132,0.00011843734166322402,-1.5440738545722277,0.002263897669769601
6.1200000000003785,-0.0580248146036509,0.007293632535950252,0.26055684689475384,5.893630987250093e-10,0.011654744591918434,0.054329794988225176,43.27831964609615,4,True,0.00012145849947182307,-1.5439935877012954,0.0019891853609970292,0.00012145901600005147,-1.5439935876203654,0.0019891852607896296
6.130000000000382,-0.057481203556451074,0.007293632535942405,0.26055587661874074,5.863556201429838e-10,0.00912742408859991,0.05438310048390782,43.27804013027281,4,True,0.00012428768423385376,-1.5439165264947197,0.0017249802485264792,0.00012428818692603163,-1.5439165264210064,0.0017249801511532846
6.140000000000385,-0.05693719035640869,0.007293632535934361,0.26055497137837047,5.834400082716094e-10,0.006691668708674913,0.054412751099827496,43.27777125523983,4,True,0.0001269321849395633,-1.543842586631292,0.0014709547010328182,0.00012693267418197426,-1.5438425865645902,0.0014709546064370631
6.1500000000003885,-0.0563930062755251,0.007293632535926199,0.26055412732846794,5.806069800460263e-10,0.004345224362703563,0.05441970172831722,43.27751266162328,4,True,0.00012939953522626973,-1.5437716845744933,0.0012267904517434347,0.0001294000114047135,-1.543771684514709,0.0012267903598422996
6.160000000000392,-0.0558488732012261,0.007293632535917996,0.2605533408332532,5.778468792606709e-10,0.0020858628006244356,0.0544048775025764,43.27726399317221,4,True,0.00013169699128463196,-1.5437037377668907,0.0009921784404270228,0.00013169745477509043,-1.5437037377135787,0.0009921783511319248
6.170000000000395,-0.05530500392950074,0.007293632535909821,0.2605526084568578,5.751511868606031e-10,-8.861686459760618e-05,0.05436917460379218,43.2770248981707,4,True,0.00013383154049436704,-1.5436386647210045,0.0007668185585153197,0.0001338319916668463,-1.5436386646740812,0.0007668184717605212
6.1800000000003985,-0.05476160245005884,0.007293632535901736,0.26055192695404855,5.725129226044366e-10,-0.002180386792994972,0.05431346105185283,43.27679503061026,4,True,0.00013580991003687558,-1.5435763851000706,0.0005504194005877412,0.00013581034924114082,-1.5435763850594055,0.0005504193162929458
6.190000000000402,-0.05421886422367272,0.007293632535893793,0.2605512932611843,5.699246367264127e-10,-0.004191589203345214,0.054238577479434044,43.27657405114077,4,True,0.00013763857534946294,-1.5435168197863096,0.000342698021954964,0.00013763900294317836,-1.5435168197516107,0.0003426979400408529
6.200000000000405,-0.05367697645187016,0.007293632535886037,0.2605507044874291,5.673803850039597e-10,-0.006124335299184154,0.054145337889331596,43.276361627890374,4,True,0.00013932376858618976,-1.5434598909393613,0.0001433797024738491,0.00013932418489781502,-1.5434598909105577,0.00014337962288295185
6.2100000000004085,-0.05313611833914651,0.0072936325358784965,0.2605501579062333,5.648782016072249e-10,-0.007980704326108382,0.054034530394963934,43.27615743702612,4,True,0.0001408714868378177,-1.5434055220461853,-4.7802283523474976e-05,0.0001408718921710196,-1.5434055220231273,-4.780236084810171e-05
6.220000000000412,-0.05259646134786445,0.007293632535871209,0.26054965094709787,5.624119036352288e-10,-0.009762742751827164,0.05390691794403916,43.275961163311855,4,True,0.000142287500220988,-1.5433536379617916,-0.0002311068912880285,0.0001422878948933929,-1.5433536379442272,-0.00023110696642271518
6.230000000000415,-0.052058169446009446,0.0072936325358642085,0.26054918118762843,5.599767365139886e-10,-0.011472463560878894,0.0537632390254268,43.27577250043848,4,True,0.00014357735985538522,-1.5433041649430355,-0.0004067855237761931,0.0001435777441700157,-1.5433041649307806,-0.00040678559677805113
6.2400000000004185,-0.0515213993479685,0.00729363253585753,0.26054874634588426,5.575668295988591e-10,-0.01311184565633676,0.05360420835931658,43.275591151293625,4,True,0.00014474640560718435,-1.5432570306754483,-0.0005750822438941081,0.00014474677986820713,-1.5432570306684008,-0.0005750823148326652
6.250000000000422,-0.05098630074849872,0.00729363253585119,0.2605483442730247,5.551792678228643e-10,-0.014682833361233825,0.05343051757079229,43.275416828130346,4,True,0.00014579977367083075,-1.5432121642940944,-0.000736233981148554,0.00014580013816195163,-1.5432121642920682,-0.0007362340500772093
6.260000000000425,-0.050453016550050564,0.007293632535845212,0.2605479729462538,5.528104540670583e-10,-0.016187336012821272,0.05324283584697425,43.27524925267096,4,True,0.0001467424039258394,-1.5431694963986597,-0.0008904707325278204,0.0001467427589320678,-1.5431694964015172,-0.0008904707995147095
6.270000000000429,-0.04992168308360931,0.00729363253583961,0.2605476304620608,5.504577317355267e-10,-0.01762722764315074,0.05304181057791545,43.2750881561234,4,True,0.00014757904713808885,-1.5431289590640163,-0.001038015758018958,0.00014757939292500466,-1.5431289590715247,-0.0010380158231044496
6.280000000000432,-0.0493924303232157,0.007293632535834395,0.2605473150297534,5.481190754545044e-10,-0.019004346739819458,0.05282806798146175,43.27493327916502,4,True,0.00014831427189740848,-1.5430904858458312,-0.001179085770696489,0.0001483146087264109,-1.5430904858579504,-0.0011790858339475886
6.290000000000435,-0.04886538209432548,0.0072936325358295695,0.2605470249652796,5.457932714154939e-10,-0.02032049608105925,0.05260221371230075,43.27478437184307,4,True,0.0001489524714011656,-1.543054011782651,-0.0013138911215942936,0.00014895279951743348,-1.5430540117991505,-0.00131389118304591
6.300000000000439,-0.0483406562761639,0.0072936325358251486,0.2605467586853318,5.434768747217412e-10,-0.021577442639671374,0.05236483345545337,43.27464119347741,4,True,0.00014949786997882217,-1.543019473394187,-0.0014426359794566174,0.00014949818964007884,-1.5430194734149913,-0.0014426360391766458
6.310000000000442,-0.04781836499822998,0.007293632535821134,0.26054651470172696,5.411691073769223e-10,-0.022776917550624404,0.05211649350445723,43.27450351250383,4,True,0.00014995452946642865,-1.5429868086764789,-0.0015655185055115847,0.00014995484090474367,-1.542986808701361,-0.0015655185635409803
6.320000000000445,-0.047298614831101586,0.00729363253581753,0.2605462916160556,5.388678534132954e-10,-0.023920616137417087,0.051857741324522956,43.274371106282146,4,True,0.00015032635530716764,-1.5429559570942244,-0.001682731023374335,0.00015032665875849442,-1.542955957123134,-0.0016827310797641333
6.330000000000449,-0.04678150697169051,0.007293632535814338,0.26054608811459096,5.36571750244388e-10,-0.0250101979925978,0.05158910610093717,43.27424376090872,4,True,0.00015061710250306373,-1.5429268595708854,-0.0017944601842268075,0.0001506173981890286,-1.542926859603655,-0.0017944602390271437
6.340000000000452,-0.04626713742309322,0.007293632535811555,0.26054590296345165,5.342798547206215e-10,-0.026047287108104673,0.0513110992730011,43.27412127098794,4,True,0.00015083038132507326,-1.5428994584758742,-0.0019008871273431423,0.00015083066946651756,-1.542899458512324,-0.0019008871805886458
6.350000000000455,-0.04575559716918035,0.007293632535809187,0.26054573500400685,5.319896416235387e-10,-0.02703347205132807,0.051024215053799726,43.27400343940535,4,True,0.00015096966282730377,-1.5428736976106354,-0.002002187636203378,0.00015096994364829176,-1.5428736976506945,-0.0020021876879549603
6.360000000000459,-0.04524697234406523,0.007293632535807227,0.2605455831485176,5.297017723577125e-10,-0.02797030618305252,0.05072893093609426,43.27389007708072,4,True,0.00015103828421072308,-1.5428495221926026,-0.0020985322901800442,0.0001510385579084022,-1.542849522236121,-0.0020985323404666004
6.370000000000462,-0.04474134439658823,0.007293632535805667,0.26054544637600435,5.274158725428821e-10,-0.02885930791366918,0.05042570818463832,43.27378100270901,4,True,0.00015103945392175294,-1.5428268788375228,-0.002190086611984645,0.00015103972069291323,-1.5428268788844204,-0.002190086660848593
6.380000000000465,-0.04423879024995134,0.007293632535804504,0.26054532372833034,5.251309464351865e-10,-0.02970196099425952,0.050114992315215545,43.27367604251954,4,True,0.0001509762565978377,-1.5428057155408499,-0.002277011210990494,0.00015097651663722615,-1.5428057155909924,-0.0022770112584777494
6.390000000000469,-0.043739382456633925,0.007293632535803733,0.2605452143064948,5.228459477591606e-10,-0.030499714839358115,0.04979721356070146,43.2735750300106,4,True,0.00015085165784393815,-1.5427859816578224,-0.002359461922539775,0.00015085191134758417,-1.5427859817110317,-0.0023594619686906357
6.400000000000472,-0.0432431893487179,0.007293632535803351,0.2605451172671248,5.205600467327799e-10,-0.031253984878412376,0.04947278732444454,43.27347780568343,4,True,0.0001506685088261917,-1.5427676278823668,-0.0024375899433563475,0.00015066875598244593,-1.5427676279386024,-0.0024375899882102406
6.410000000000475,-0.04275027518374738,0.007293632535803346,0.26054503181915767,5.182737446384153e-10,-0.03196615293313306,0.04914211462126648,43.27338421679905,4,True,0.00015042955066026396,-1.5427506062257712,-0.0025115419631280564,0.00015042979164852456,-1.5427506062849252,-0.0025115420067188263
6.420000000000479,-0.042260700286245054,0.007293632535803706,0.26054495722070564,5.159881663438732e-10,-0.03263756761810831,0.04880558250637449,43.27329411710626,4,True,0.00015013741867117217,-1.542734869994156,-0.0025814602924185874,0.0001501376536533027,-1.5427348700560684,-0.002581460334776451
6.430000000000482,-0.04177452118500464,0.007293632535804429,0.2605448927760941,5.137014935640699e-10,-0.03326954476222377,0.0484635644924787,43.273207366607075,4,True,0.0001497946464442934,-1.5427203737655606,-0.0026474829870021957,0.00014979487560128714,-1.542720373830143,-0.002647483028170556
6.440000000000485,-0.04129179074627558,0.007293632535805494,0.26054483783306565,5.114156998002278e-10,-0.03386336784859612,0.04811642095540282,43.27312383129299,4,True,0.00014940366979052138,-1.5427070733666173,-0.002709743968689857,0.00014940389327643778,-1.5427070734338089,-0.0027097440086878708
6.450000000000489,-0.040812558302953654,0.007293632535806896,0.26054479178014106,5.091304680594719e-10,-0.03442028847086343,0.047764499528471095,43.27304338291116,4,True,0.00014896683047260117,-1.5426949258487637,-0.0027683731427866455,0.00014896704844391144,-1.5426949259184413,-0.0027683731816590543
6.460000000000492,-0.040336869779888034,0.007293632535808627,0.2605447540441306,5.068451103124167e-10,-0.03494152680383522,0.04740813548595631,43.27296589872478,4,True,0.00014848637984559825,-1.5426838894645554,-0.0028234965122475144,0.00014848659246518382,-1.5426838895366144,-0.002823496550031391
6.470000000000495,-0.03986476781541294,0.00729363253581068,0.26054472408778717,5.045594383274806e-10,-0.03542827208662782,0.04704765211585842,43.27289126128426,4,True,0.00014796448233393662,-1.5426739236429765,-0.0028752362886614513,0.00014796468975369507,-1.5426739237173315,-0.002875236325386888
6.480000000000499,-0.039396291879208664,0.007293632535813035,0.26054470140759506,5.022757224048207e-10,-0.03588168311654089,0.046683361082292506,43.27281935820157,4,True,0.00014740321878168927,-1.5426649889657054,-0.002923711000098421,0.00014740342114077882,-1.5426649890423314,-0.002923711035787744
6.490000000000502,-0.03893147838659484,0.007293632535815686,0.26054468553168664,4.999931742985435e-10,-0.036302888752055194,0.04631556277774528,43.27275008193704,4,True,0.00014680458963495056,-1.5426570471424543,-0.0029690355959128287,0.00014680478707380533,-1.5426570472211847,-0.0029690356305911722
6.500000000000505,-0.03847036080935549,0.007293632535818624,0.2605446760178807,4.977113475606408e-10,-0.03669298842343504,0.045944546665468614,43.272683329586826,4,True,0.00014617051804568848,-1.5426500609867728,-0.0030113215487178524,0.0001461707107046068,-1.5426500610675653,-0.003011321582425273
6.510000000000509,-0.03801296978319325,0.007293632535821838,0.26054467245183593,4.954313078711734e-10,-0.037053052649541285,0.04557059161225872,43.27261900266826,4,True,0.00014550285282720425,-1.5426439943914918,-0.0030506769532958585,0.0001455030408356902,-1.5426439944742512,-0.0030506769860502167
6.520000000000512,-0.03755933321190751,0.007293632535825317,0.26054467444531326,4.931530215549559e-10,-0.03738412355955483,0.045193966211879655,43.27255700695096,4,True,0.0001448033712876566,-1.542638812305032,-0.003087206623121219,0.00014480355478259675,-1.5426388123896781,-0.003087206654959888
6.530000000000515,-0.037109476368388634,0.007293632535829053,0.2605446816345416,4.908763501917468e-10,-0.037687215418376815,0.04481492909937324,43.27249725225591,4,True,0.00014407378195706132,-1.542634480707055,-0.00312101218375582,0.00014407396106707763,-1.5426344807934895,-0.0031210122147094657
6.540000000000519,-0.03666342199251797,0.007293632535833027,0.26054469367868105,4.886035156114453e-10,-0.037963315154626434,0.044433729256493144,43.27243965225823,4,True,0.00014331572722876173,-1.5426309665845215,-0.0031521921638619924,0.0001433159020640009,-1.5426309666726623,-0.0031521921939344647
6.550000000000522,-0.03622119038606144,0.0072936325358372335,0.2605447102583784,4.863336543450781e-10,-0.03821338289017941,0.044050606308503444,43.27238412433885,4,True,0.00014253078583643545,-1.5426282379081677,-0.003180842083684579,0.00014253095652288307,-1.542628237998042,-0.0031808421129155837
6.560000000000525,-0.03578279950464133,0.007293632535841665,0.26054473107440945,4.84067062981387e-10,-0.03843835247029915,0.043665790812569195,43.27233058939672,4,True,0.0001417204752946479,-1.5426262636092873,-0.003207054541012228,0.00014172064195038962,-1.5426262637006936,-0.0032070545694259664
6.570000000000529,-0.03534826504686961,0.007293632535846306,0.2605447558464041,4.818048920859145e-10,-0.038639131993477724,0.04327950453796179,43.2722789717141,4,True,0.00014088625421556977,-1.542625013556098,-0.0032309192947383636,0.00014088641694462396,-1.5426250136490232,-0.0032309193223486335
6.580000000000532,-0.034917600540722904,0.007293632535851156,0.2605447843116486,4.795458466943546e-10,-0.0388166043401868,0.04289196073830202,43.27222919876985,4,True,0.00014002952450831808,-1.542624458531205,-0.0032525233460476205,0.00014002968343614037,-1.5426244586255968,-0.003252523372896125
6.590000000000535,-0.034490817427238134,0.007293632535856191,0.26054481622396125,4.772929882440156e-10,-0.03897162769978119,0.042503364416050834,43.27218120112758,4,True,0.00013915163356081715,-1.542624570209045,-0.0032719510175164444,0.00013915178877763702,-1.542624570304841,-0.0032719510436012853
6.600000000000539,-0.03406792514160466,0.007293632535861407,0.26054485135263733,4.750454078367118e-10,-0.039105036094885075,0.04211391257946058,43.272134912269024,4,True,0.0001382538762398615,-1.5426253211334418,-0.003289284029711623,0.00013825402785312989,-1.5426253212305912,-0.0032892840550690925
6.610000000000542,-0.033648931191727564,0.007293632535866798,0.2605448894814586,4.728033632325065e-10,-0.03921763990263307,0.04172379449218669,43.272090268475466,4,True,0.0001373374968906713,-1.542626684695829,-0.0033046015759521435,0.00013733764500747876,-1.5426266847942547,-0.003304601600603933
6.6200000000005454,-0.033233841234334205,0.007293632535872344,0.26054493040776483,4.705685687869132e-10,-0.03931022637219852,0.041333191915761264,43.27204720868868,4,True,0.0001364036912379065,-1.5426286351136835,-0.0033179803947977404,0.00013640383594266898,-1.5426286352133145,-0.0033179804187507137
6.630000000000549,-0.03282265914869436,0.007293632535878051,0.26054497394158277,4.683394298040585e-10,-0.039383560138087734,0.04094227934512093,43.27200567440518,4,True,0.00013545360815542072,-1.5426311474090233,-0.0033294948405555433,0.0001354537495609933,-1.5426311475098855,-0.003329494863846539
6.640000000000552,-0.0324153871080225,0.007293632535883895,0.2605450199048093,4.661186691352075e-10,-0.03943838372873345,0.04055122423737844,43.27196560953426,4,True,0.00013448835147808908,-1.5426341973880668,-0.003339216951900513,0.00013448848965992875,-1.5426341974899735,-0.0033392169745349596
6.6500000000005555,-0.03201202564862855,0.007293632535889873,0.26054506813044637,4.6390607850598444e-10,-0.03947541806996171,0.040160187234022635,43.271926960315525,4,True,0.00013350898161656148,-1.5426377616202205,-0.0033472165184519715,0.00013350911667051691,-1.5426377617232265,-0.0033472165404616486
6.660000000000559,-0.031612573736881984,0.007293632535895971,0.2605451184618836,4.6170288848914155e-10,-0.039495362982948916,0.039769322376723766,43.27188967518905,4,True,0.0001325165172023595,-1.5426418174181915,-0.0033535611455979423,0.0001325166492053826,-1.5426418175221968,-0.003353561166990816
6.670000000000562,-0.03121702883405224,0.007293632535902179,0.26054517075222616,4.5950953653930174e-10,-0.039498897676320026,0.039378777316922825,43.27185370471072,4,True,0.0001315119366127031,-1.5426463428183756,-0.003358316317479783,0.00013151206564897565,-1.5426463429233446,-0.0033583163382666795
6.6800000000005655,-0.03082538695908659,0.007293632535908496,0.2605452248636661,4.5732553444365954e-10,-0.039486681232089066,0.038988693519371946,43.27181900144389,4,True,0.0001304961794818511,-1.542651316561287,-0.003361545458206653,0.0001304963056385703,-1.5426513166671676,-0.0033615454784132895
6.690000000000569,-0.03043764274938515,0.007293632535914914,0.2605452806668926,4.5515082731136574e-10,-0.03945935308516304,0.0385992064597921,43.27178551987616,4,True,0.00012947014810360964,-1.5426567180726336,-0.0033633099913671525,0.00012947027146309416,-1.5426567181793231,-0.003363310011000182
6.700000000000572,-0.030053789519630853,0.007293632535921434,0.2605453380405404,4.529843599821683e-10,-0.039417533496167015,0.03821044581681215,43.27175321632415,4,True,0.00012843470881762365,-1.542662527444752,-0.0033636693978958887,0.00012843482946701907,-1.5426625275522508,-0.003363669416991414
6.7100000000005755,-0.0296738193187308,0.007293632535928045,0.2605453968706741,4.5082700040124625e-10,-0.039361824017379726,0.03782253565834491,43.27172204886334,4,True,0.000127390693337402,-1.5426687254185454,-0.0033626812723666346,0.00012739081134959272,-1.5426687255268785,-0.003362681290934131
6.720000000000579,-0.029297722984923693,0.00729363253593473,0.2605454570503041,4.4868149328699977e-10,-0.03929280795159683,0.03743559462255136,43.271691977236124,4,True,0.00012633889999906408,-1.5426752933654704,-0.0033604013775919194,0.0001263390154346284,-1.5426752934746035,-0.0033604013956368564
6.730000000000582,-0.028925490199106705,0.007293632535941485,0.2605455184789357,4.4654732386088756e-10,-0.03921105080376401,0.037049736093546795,43.271662962775125,4,True,0.00012528009498297517,-1.5426822132702744,-0.0033568836977955372,0.0001252802079161961,-1.5426822133800633,-0.003356883715336296
6.7400000000005855,-0.028557109536433537,0.007293632535948306,0.2605455810621462,4.444244490296822e-10,-0.03911710072524276,0.03666506837198918,43.27163496833743,4,True,0.00012421501349539269,-1.5426894677137448,-0.003352180490334586,0.00012421512400140978,-1.542689467824214,-0.003352180507393888
6.750000000000589,-0.028192568516234057,0.007293632535955181,0.2605456447111897,4.423141508279999e-10,-0.03901148895059844,0.036281694840696044,43.27160795824728,4,True,0.00012314436090595692,-1.5426970398562476,-0.003346342335871233,0.00012314446903841737,-1.5426970399673392,-0.0033463423524495864
6.760000000000592,-0.027831853650304453,0.0072936325359621084,0.2605457093426278,4.402154613737387e-10,-0.03889473022682247,0.035899714125422776,43.27158189820251,4,True,0.00012206881379371067,-1.542704913421243,-0.0033394181872030146,0.00012206891962679732,-1.5427049135329125,-0.003339418203319234
6.7700000000005955,-0.02747495048961567,0.007293632535969081,0.26054577487798425,4.3812934070193934e-10,-0.03876732323490994,0.035519220250940446,43.271556755243424,4,True,0.00012098902103811147,-1.542713072679572,-0.0033314554167586463,0.000120989124633031,-1.5427130727918186,-0.0033314554324312138
6.780000000000599,-0.02712184366948618,0.00729363253597609,0.26054584124342256,4.360571447119028e-10,-0.038629751003742836,0.035140302792540434,43.2715324976701,4,True,0.00011990560479323195,-1.5427215024338548,-0.0033224998627085127,0.00011990570620537842,-1.542721502546607,-0.0033224998779388263
6.790000000000602,-0.02677251695326442,0.007293632535983132,0.26054590836944447,4.339978966871202e-10,-0.038482481316241456,0.0347630470230933,43.271509095000795,4,True,0.00011881916145110898,-1.5427301880030266,-0.003312595873781631,0.00011881926074688805,-1.5427301881162987,-0.003312595888583015
6.800000000000606,-0.026426953274564343,0.007293632535990206,0.26054597619060865,4.3195120366567675e-10,-0.03832596710775992,0.0343875340557891,43.27148651791274,4,True,0.00011773026259434284,-1.5427391152080423,-0.00330178635293668,0.0001177303598322086,-1.5427391153217174,-0.0033017863673274897
6.810000000000609,-0.026085134778096906,0.007293632535997309,0.26054604464526776,4.2991697362917335e-10,-0.03816064685671188,0.034013840982672974,43.27146473818735,4,True,0.00011663945587056691,-1.5427482703568636,-0.0032901127996529294,0.00011663955111184489,-1.5427482704709876,-0.0032901128136549893
6.820000000000612,-0.025747042859138668,0.007293632536004426,0.26054611367532304,4.278973331078206e-10,-0.037986944967442975,0.03364204100909813,43.2714437286735,4,True,0.00011554726587281256,-1.5427576402307321,-0.003277615351181022,0.00011554735916373702,-1.5427576403453267,-0.0032776153647953174
6.830000000000616,-0.025412658201677873,0.007293632536011557,0.2605461832259953,4.2589186028093507e-10,-0.037805272145357685,0.03327220358420775,43.271423463236346,4,True,0.00011445419493924172,-1.542767212070276,-0.0032643328225293302,0.00011445428633684779,-1.5427672121852194,-0.0032643328357647864
6.840000000000619,-0.02508196081527695,0.0072936325360186925,0.26054625324561137,4.2390178440374143e-10,-0.037616025764322165,0.032904394527557675,43.27140391670738,4,True,0.00011336072398584763,-1.5427769735619543,-0.0032503027454177094,0.00011336081353249941,-1.5427769736772305,-0.0032503027582734415
6.850000000000622,-0.02475493007068957,0.007293632536025839,0.2605463236854045,4.219247602230522e-10,-0.03741959022638997,0.0325386761519866,43.27138506484266,4,True,0.00011226731324457485,-1.5427869128251561,-0.003235561406045741,0.00011226740100585226,-1.5427869129407386,-0.003235561418555661
6.860000000000626,-0.024431544734269107,0.0072936325360329875,0.260546394499328,4.1996205964446225e-10,-0.03721633731389892,0.032175107382837964,43.271366884299255,4,True,0.00011117440302744677,-1.5427970183991757,-0.0032201438819214516,0.00011117448905254831,-1.5427970185151039,-0.0032201438940874525
6.870000000000629,-0.024111783001204493,0.007293632536040132,0.2605464656438822,4.180143341157561e-10,-0.03700662653397543,0.03181374387364055,43.27134935257948,4,True,0.00011008241444409017,-1.542807279231294,-0.003204084077577438,0.00011008249877224617,-1.5428072793475136,-0.0032040840894058406
6.880000000000632,-0.02379562252761829,0.007293632536047263,0.2605465370779524,4.1608343649337696e-10,-0.03679080545552998,0.03145463811833793,43.27133244800066,4,True,0.0001089917500605528,-1.5428176846639874,-0.0031874147592401156,0.00010899183273101312,-1.5428176847804398,-0.003187414770732298
6.890000000000636,-0.023483040461560946,0.007293632536054388,0.2605466087626581,4.1416698918751204e-10,-0.03656921003879775,0.031097839560173084,43.271316149665964,4,True,0.0001079027945836202,-1.542828224423566,-0.0031701675886317534,0.00010790287565018208,-1.5428282245402276,-0.003170167599806665
6.900000000000639,-0.023174013472934196,0.007293632536061497,0.26054668066121206,4.122663241208789e-10,-0.03634216495750571,0.03074339469731463,43.27130043742764,4,True,0.00010681591549835254,-1.5428388886084916,-0.0031523731558137256,0.00010681599500483467,-1.542838888725413,-0.0031523731666858327
6.910000000000642,-0.022868517782375714,0.007293632536068585,0.2605467527387894,4.103819814178825e-10,-0.0361099839137426,0.030391347185322156,43.271285291853324,4,True,0.000105731463683179,-1.5428496676783183,-0.0031340610109916326,0.00010573154166715982,-1.5428496677953685,-0.0031340610215507417
6.920000000000646,-0.022566529189136028,0.007293632536075659,0.2605468249624057,4.0851175631462856e-10,-0.03587296994562332,0.0300417379365338,43.2712706941979,4,True,0.00010464977399587565,-1.5428605524424772,-0.0031152596955072677,0.00010464985051159302,-1.5428605525597332,-0.0031152597057907553
6.930000000000649,-0.022268023097978134,0.007293632536082707,0.2605468973008025,4.0665763482784834e-10,-0.03563141572783126,0.029694605216466403,43.2712566263814,4,True,0.00010357116586113836,-1.5428715340500954,-0.0030959967720262374,0.00010357124093989277,-1.542871534167518,-0.003095996782016567
6.940000000000652,-0.02197297454512908,0.007293632536089729,0.2605469697243418,4.0481974981655215e-10,-0.03538560386513474,0.02934998473731244,43.27124307095663,4,True,0.00010249594380517521,-1.542882603979291,-0.003076298853716888,0.00010249601748682453,-1.5428826040968118,-0.0030762988634351765
6.950000000000656,-0.02168135822331226,0.007293632536096717,0.2605470422049068,4.029987487809045e-10,-0.035135807178975194,0.029007909748614006,43.271230011082906,4,True,0.00010142439799995599,-1.5428937540272407,-0.0030561916327505904,0.00010142447031597765,-1.5428937541449221,-0.003056191642193091
6.960000000000659,-0.021393148505888013,0.007293632536103674,0.2605471147158105,4.0119369452813514e-10,-0.034882288987229566,0.028668411125192545,43.271217430498794,4,True,0.000100356804770271,-1.542904976300447,-0.003035699907878172,0.00010035687576338777,-1.542904976418188,-0.003035699917065788
6.970000000000662,-0.021108319470129745,0.0072936325361106,0.26054718723170905,3.994039741363452e-10,-0.034625303377248236,0.028331517452415668,43.271205313511295,4,True,9.929342709304824e-05,-1.5429162632050004,-0.003014847611334523,9.929349680065077e-05,-1.5429162633229043,-0.00301484762027729
6.980000000000666,-0.020826844919661615,0.007293632536117487,0.26054725972852283,3.976314477574466e-10,-0.03436509547227037,0.027997255108873055,43.271193644963574,4,True,9.823451508202385e-05,-1.5429276074377472,-0.002993657834931592,9.823458353452663e-05,-1.54292760755566,-0.0029936578436191583
6.990000000000669,-0.020548698406083407,0.007293632536124336,0.2605473321833613,3.958750683040411e-10,-0.0341019016913312,0.027665648346535274,43.27118241020917,4,True,9.718030642188574e-05,-1.5429390019766565,-0.002972152855350632,9.718037365783041e-05,-1.542939002094678,-0.0029721528638070463
7.000000000000672,-0.020273853249807287,0.007293632536131141,0.2605474045744544,3.941360737955553e-10,-0.03383595000276184,0.027336719368468678,43.27117159510586,4,True,9.613102686519768e-05,-1.5429504400726537,-0.0029503541589215266,9.613109290588319e-05,-1.5429504401907226,-0.0029503541671334075
7.010000000000676,-0.020002282560130574,0.007293632536137907,0.2605474768810877,3.924123047079034e-10,-0.03356746017140345,0.02701048840417355,43.27116118598613,4,True,9.508689058880738e-05,-1.5429619152406966,-0.002928282465391031,9.508695547969605e-05,-1.5429619153587828,-0.0029282824733832128
7.020000000000679,-0.019733959254567838,0.0072936325361446334,0.26054754908354255,3.9070432612478204e-10,-0.03329664399963421,0.026686973782613692,43.27115116963871,4,True,9.404810068210215e-05,-1.5429734212515627,-0.002905957751314153,9.404816445231695e-05,-1.5429734213696262,-0.0029059577590869337
7.030000000000682,-0.019468856077465138,0.007293632536151317,0.26054762116304003,3.890125697266116e-10,-0.033023705562329524,0.026366192003003816,43.271141533303435,4,True,9.301484949824187e-05,-1.5429849521238541,-0.002883399272613058,9.301491217775189e-05,-1.5429849522419732,-0.002883399280182956
7.040000000000686,-0.019206945617918365,0.007293632536157947,0.26054769310168885,3.8733869398887247e-10,-0.03274884143586349,0.026048157803418473,43.27113226462731,4,True,9.198731907357217e-05,-1.54299650211638,-0.0028606255865560514,9.198738068120653e-05,-1.5429965022345091,-0.0028606255939109407
7.050000000000689,-0.018948200327017235,0.007293632536164526,0.26054776488243686,3.8568149596044044e-10,-0.03247224092127044,0.025732884227282288,43.27112335168644,4,True,9.096568145662299e-05,-1.5430080657200216,-0.0028376545730196294,9.09657420253488e-05,-1.5430080658381091,-0.0028376545801736134
7.060000000000692,-0.018692592534435722,0.007293632536171057,0.26054783648902596,3.840406673317651e-10,-0.03219408626167098,0.02542038268780576,43.27111478293594,4,True,8.995009911760132e-05,-1.5430196376508207,-0.0028145034553556806,8.995015867883184e-05,-1.5430196377689114,-0.0028145034623129903
7.070000000000696,-0.01844009446438918,0.00729363253617754,0.2605479079059501,3.8241561975001913e-10,-0.03191455285408542,0.0251106630304222,43.27110654721759,4,True,8.894072526747322e-05,-1.5430312128424541,-0.002791188820374304,8.894078385173393e-05,-1.5430312129604762,-0.0027911888271487254
7.080000000000699,-0.01819067825097779,0.007293632536183968,0.2605479791184161,3.808073172540191e-10,-0.03163380945574031,0.024803733593284194,43.271098633729466,4,True,8.793770420701877e-05,-1.5430427864393488,-0.0027677266380261795,8.7937761832938e-05,-1.5430427865573415,-0.0027677266446131813
7.090000000000702,-0.01794431595293547,0.007293632536190343,0.2605480501123067,3.7921596295982605e-10,-0.031352018384979766,0.024499601265875703,43.271091032030355,4,True,8.694117163896437e-05,-1.5430543537901968,-0.002744132280360605,8.694122833353572e-05,-1.5430543539081083,-0.00274413228676497
7.100000000000706,-0.01770097956780281,0.007293632536196667,0.2605481208741469,3.7764013085322265e-10,-0.031069335716900032,0.024198271545791666,43.271083732010624,4,True,8.595125498686178e-05,-1.5430659104407607,-0.0027204205399764076,8.595131078491892e-05,-1.5430659105586375,-0.002720420546210787
7.110000000000709,-0.01746064104554197,0.0072936325362029306,0.2605481913910721,3.760820599042189e-10,-0.03078591147381275,0.023899748593740815,43.27107672389002,4,True,8.496807371589308e-05,-1.5430774521280652,-0.0026966056479987314,8.496812862258382e-05,-1.5430774522458481,-0.0026966056540573833
7.120000000000712,-0.01722327230161113,0.007293632536209139,0.26054826165079836,3.745403084417603e-10,-0.030501889810646787,0.023604035286820334,43.27106999820367,4,True,8.399173958775888e-05,-1.5430889747738672,-0.0026727012914459164,8.399179363665791e-05,-1.5430889748915655,-0.0026727012973428313
7.130000000000716,-0.01698884522951549,0.007293632536215293,0.26054833164159497,3.73014413105678e-10,-0.030217409195403746,0.023311133270111237,43.271063545783925,4,True,8.30223569736861e-05,-1.5431004744785284,-0.002648720630187544,8.302241018963381e-05,-1.5431004745961803,-0.002648720635923107
7.140000000000719,-0.016757331712851247,0.00729363253622139,0.2605484013522586,3.7150457525103315e-10,-0.029932602584770297,0.02302104300664749,43.27105735776367,4,True,8.206002312224724e-05,-1.5431119475154114,-0.0026246763133742227,8.206007553022233e-05,-1.543111947632958,-0.0026246763189550363
7.1500000000007224,-0.016528703636858696,0.007293632536227424,0.26054847077208926,3.700118712142199e-10,-0.02964759759499547,0.022733763825799915,43.271051425551704,4,True,8.110482843160996e-05,-1.5431233903250552,-0.0026005804953957443,8.110488004020193e-05,-1.5431233904425028,-0.002600580500818955
7.160000000000726,-0.016302932899499932,0.007293632536233403,0.26054853989086746,3.6853480114985245e-10,-0.029362516668141256,0.02244929397012441,43.271045740836115,4,True,8.015685665810904e-05,-1.5431347995096243,-0.0025764448513973933,8.015690750055475e-05,-1.5431347996269213,-0.002576444856676249
7.170000000000729,-0.016079991422076306,0.007293632536239325,0.26054860869883373,3.670733717718864e-10,-0.02907747723380657,0.022167630640719492,43.27104029555813,4,True,7.921618523342838e-05,-1.5431461718275885,-0.0025522805923190546,7.92162353326678e-05,-1.5431461719448447,-0.002552280597458192
7.1800000000007325,-0.01585985115940038,0.007293632536245186,0.26054867718666846,3.656284636945217e-10,-0.02879259186643523,0.02188877004113064,43.27103508192595,4,True,7.828288545133833e-05,-1.543157504188528,-0.002528098479524554,7.82829348207887e-05,-1.543157504305645,-0.002528098484526093
7.190000000000736,-0.015642484109536524,0.007293632536250985,0.26054874534547384,3.6420007231726356e-10,-0.028507968438303694,0.021612707419851666,43.27103009237449,4,True,7.73570227256747e-05,-1.5431687936479483,-0.0025039088390228425,7.735707138109338e-05,-1.5431687937649678,-0.0025039088438864815
7.200000000000739,-0.01542786232312412,0.007293632536256716,0.26054881316675627,3.627894361638272e-10,-0.02822371026829772,0.02133943711145748,43.27102531959113,4,True,7.643865679012903e-05,-1.5431800374026274,-0.002479721575242331,7.6438704742708e-05,-1.543180037519492,-0.0024797215799624026
7.2100000000007425,-0.015215957912296707,0.0072936325362623925,0.2605488806424106,3.613934760557618e-10,-0.02793991626656298,0.02106895257641139,43.27102075648261,4,True,7.552784192036468e-05,-1.5431912327855808,-0.002455546184401786,7.552788920431444e-05,-1.543191232902275,-0.0024555461889953856
7.220000000000746,-0.015006743059210216,0.007293632536268014,0.2605489477647045,3.600122134224292e-10,-0.02765668107514121,0.020801246439583924,43.271016396186745,4,True,7.46246271590457e-05,-1.54320237726157,-0.0024313917675814574,7.462467379534945e-05,-1.543202377378146,-0.0024313917720610806
7.230000000000749,-0.014800190024192883,0.007293632536273573,0.26054901452626444,3.586469511859109e-10,-0.027374095204681054,0.020536310527521893,43.27101223204409,4,True,7.372905651510919e-05,-1.5432134684227579,-0.002407267043287837,7.3729102508161e-05,-1.5432134685392054,-0.002407267047643346
7.2400000000007525,-0.014596271153529228,0.007293632536279071,0.2605490809200624,3.5729717472640704e-10,-0.027092245167322886,0.02027413590450186,43.27100825760579,4,True,7.284116911931759e-05,-1.543224503984052,-0.0023831803597324933,7.284121449143685e-05,-1.5432245041003343,-0.0023831803639750024
7.250000000000756,-0.01439495888688995,0.0072936325362845085,0.26054914693940306,3.559630789987117e-10,-0.026811213605844927,0.020014712907408163,43.27100446662213,4,True,7.196099946572761e-05,-1.5432354817791862,-0.002359139706737617,7.196104423186134e-05,-1.5432354818953073,-0.002359139710865197
7.260000000000759,-0.014196225764419415,0.007293632536289883,0.26054921257791197,3.54644871788e-10,-0.02653107941916702,0.019758031179463682,43.27100085303636,4,True,7.108857755646697e-05,-1.5432463997563346,-0.002335152727314314,7.108862172910735e-05,-1.5432463998723671,-0.0023351527313327522
7.2700000000007625,-0.014000044433491926,0.00729363253629519,0.2605492778295244,3.533433620168205e-10,-0.026251917884299147,0.019504079702853658,43.27099741098026,4,True,7.02239290944425e-05,-1.543257255974573,-0.0023112267288576543,7.0223972683209e-05,-1.5432572560903832,-0.002311226732759104
7.280000000000766,-0.013806387655147745,0.007293632536300441,0.2605493426884749,3.5205597434283223e-10,-0.02597380077482531,0.019252846830268896,43.27099413476703,4,True,6.936707563911132e-05,-1.5432680485994672,-0.0022873686940239214,6.936711867158669e-05,-1.5432680487151131,-0.002287368697830001
7.290000000000769,-0.013615228310219434,0.007293632536305634,0.2605494071492869,3.50783080747365e-10,-0.02569679647600786,0.019004320315404798,43.27099101887745,4,True,6.851803479346953e-05,-1.543278775899856,-0.002263585291371048,6.85180772829036e-05,-1.5432787760153799,-0.002263585295075068
7.3000000000007725,-0.013426539405158837,0.007293632536310769,0.2605494712067636,3.49524819946432e-10,-0.025420970096597134,0.018758487342443467,43.27098805797024,4,True,6.76768203400927e-05,-1.5432894362439384,-0.0022398828855542067,6.767686230269319e-05,-1.5432894363592882,-0.002239882889158316
7.310000000000776,-0.013240294077574665,0.007293632536315841,0.26054953485597865,3.482820269823708e-10,-0.025146383577429873,0.018515334554553776,43.27098524686242,4,True,6.68434424155987e-05,-1.5433000280959042,-0.002216267547320498,6.68434838550272e-05,-1.543300028211092,-0.0022162675508257757
7.320000000000779,-0.013056465601490387,0.007293632536320854,0.2605495980922683,3.4705412875263206e-10,-0.02487309579690086,0.018274848081430477,43.27098258052706,4,True,6.60179076321001e-05,-1.5433105500123734,-0.002192745063176027,6.601794856767859e-05,-1.5433105501273845,-0.0021927450665861848
7.330000000000783,-0.012875027392331822,0.007293632536325808,0.26054966091122245,3.4584057270728384e-10,-0.024601162673383196,0.018037013565909712,43.270980054101074,4,True,6.520021923812354e-05,-1.5433210006392386,-0.0021693209447719974,6.520025968462191e-05,-1.543321000754086,-0.002169320948088694
7.340000000000786,-0.012695953011653568,0.007293632536330701,0.2605497233086775,3.4464171431683226e-10,-0.024330637264675787,0.017801816189683444,43.27097766285989,4,True,6.439037726699678e-05,-1.5433313787085974,-0.0021460004380486645,6.439041723634492e-05,-1.5433313788232454,-0.0021460004412807163
7.350000000000789,-0.01251921617161313,0.007293632536335538,0.26054978528070866,3.434567233110784e-10,-0.024061569864564033,0.017569240698137655,43.27097540222768,4,True,6.358837864883494e-05,-1.543341683035231,-0.002122788531984416,6.358841815729633e-05,-1.5433416831497244,-0.0021227885351341744
7.360000000000793,-0.012344790739201316,0.007293632536340309,0.2605498468236232,3.4228718805784176e-10,-0.023794008096555932,0.017339271424346003,43.270973267761796,4,True,6.279421735729435e-05,-1.5433519125140667,-0.0020996899673167025,6.279425640567021e-05,-1.5433519126283646,-0.0020996899703796127
7.370000000000796,-0.012172650740237273,0.007293632536345022,0.2605499079339536,3.411320875112926e-10,-0.023527997004874072,0.01711189231224049,43.270971255168284,4,True,6.200788451808848e-05,-1.5433620661170446,-0.0020767092447242404,6.20079231247838e-05,-1.5433620662311094,-0.0020767092477025706
7.380000000000799,-0.012002770363136187,0.007293632536349675,0.260549968608451,3.399914001158185e-10,-0.023263579142776523,0.016887086938982655,43.2709693602708,4,True,6.122936854399225e-05,-1.5433721428900373,-0.0020538506329912144,6.122940671755443e-05,-1.5433721430040994,-0.002053850635894903
7.390000000000803,-0.011835123962457568,0.007293632536354267,0.2605500288440793,3.3886534638692477e-10,-0.023000794658273194,0.01666483853656408,43.270967579026035,4,True,6.0458655257254214e-05,-1.5433821419511549,-0.002031118176867859,6.045869301013078e-05,-1.543382142064834,-0.002031118179688076
7.400000000000806,-0.0116696860622417,0.007293632536358804,0.26055008863800894,3.3775242797260536e-10,-0.022739681377313185,0.01644513001265215,43.270965907506834,4,True,5.9695727982327594e-05,-1.5433920624862876,-0.0020085157045710835,5.969576532857977e-05,-1.5433920625998332,-0.00200851570732142
7.410000000000809,-0.011506431359141605,0.007293632536363283,0.2605501479876114,3.3665359390372726e-10,-0.02248027488450399,0.016227943970712144,43.27096434191283,4,True,5.894056767326506e-05,-1.543401903748457,-0.0019860468352913283,5.8940604614091325e-05,-1.543401903861791,-0.0019860468379614147
7.420000000000813,-0.011345334725357722,0.00729363253636771,0.26055020689045355,3.3556711217945394e-10,-0.022222608601424915,0.01601326272941944,43.27096287856152,4,True,5.8193152998052544e-05,-1.5434116650541154,-0.001963714986272497,5.8193189559192294e-05,-1.5434116651672833,-0.0019637149888826347
7.430000000000816,-0.01118637121138225,0.007293632536372078,0.2605502653442924,3.3449489419038797e-10,-0.02196671386261149,0.015801068341389,43.27096151387149,4,True,5.7453460480773745e-05,-1.5434213457812034,-0.0019415233797808,5.745349666008134e-05,-1.543421345894201,-0.0019415233823147089
7.440000000000819,-0.011029516048559842,0.007293632536376389,0.2605503233470698,3.334362955933876e-10,-0.02171261998926339,0.015591342611239596,43.270960244382174,4,True,5.6721464553454706e-05,-1.5434309453667237,-0.0019194750498357997,5.6721500361287534e-05,-1.5434309454795374,-0.0019194750523081692
7.450000000000823,-0.010874744651471254,0.007293632536380647,0.2605503808969079,3.3239043745814085e-10,-0.021460354360741077,0.015384067113014094,43.2709590667301,4,True,5.599713767689014e-05,-1.5434404633044927,-0.0018975728487683533,5.5997173130221815e-05,-1.5434404634170973,-0.001897572851180613
7.460000000000826,-0.010722032620146194,0.007293632536384845,0.26055043799210387,3.313586314090301e-10,-0.021209942483912555,0.015179223206975696,43.27095797765513,4,True,5.5280450445777845e-05,-1.5434498991429166,-0.0018758194535500366,5.528048554612495e-05,-1.5434498992553372,-0.0018758194558935952
7.470000000000829,-0.010571355742111604,0.007293632536388981,0.2605504946311256,3.303413102977961e-10,-0.020961408060407048,0.014976792055797888,43.27095697399547,4,True,5.457137164390939e-05,-1.543459252482922,-0.0018542173718969505,5.457140639437405e-05,-1.5434592525951334,-0.001854217374174253
7.480000000000833,-0.01042268999428125,0.007293632536393065,0.2605505508126069,3.2933634709716173e-10,-0.020714773051830584,0.014776754640166897,43.27095605269497,4,True,5.38698683431404e-05,-1.5434685229758844,-0.001832768948320548,5.386990276484135e-05,-1.5434685230879353,-0.0018327689505398196
7.490000000000836,-0.010276011544692445,0.007293632536397096,0.26055060653534334,3.2834346501919814e-10,-0.020470057743003242,0.014579091773816681,43.27095521077281,4,True,5.317590600472424e-05,-1.5434777103217063,-0.0018114763698359648,5.3175940108567685e-05,-1.5434777104335549,-0.001811476372004455
7.500000000000839,-0.010131296754095485,0.00729363253640107,0.26055066179828756,3.273646668711085e-10,-0.020227280803270613,0.014383784118009502,43.27095444535582,4,True,5.248944855052281e-05,-1.5434868142668183,-0.0017903416716160698,5.2489482327584683e-05,-1.54348681437847,-0.001790341673716695
7.510000000000843,-0.009988522177401206,0.007293632536404989,0.26055071660054546,3.2639832234939047e-10,-0.019986459345940077,0.014190812195484629,43.27095375365461,4,True,5.181045841525796e-05,-1.5434958346024752,-0.0017693667424021826,5.1810491881500544e-05,-1.5434958347139025,-0.0017693667444493375
7.520000000000846,-0.009847664564991955,0.007293632536408863,0.2605507709413721,3.2544295243782966e-10,-0.01974760898590023,0.014000156403885163,43.27095313295607,4,True,5.11388966539e-05,-1.5435047711625716,-0.0017485533297613672,5.1138929822432155e-05,-1.5435047712738692,-0.0017485533317621114
7.530000000000849,-0.009708700863901031,0.0072936325364126855,0.2605508248201674,3.244995254710701e-10,-0.01951074389546843,0.013811797028685159,43.27095258063629,4,True,5.047472300607163e-05,-1.543513623822495,-0.0017279030452690047,5.0474755883177615e-05,-1.5435136239335527,-0.0017279030472193361
7.540000000000853,-0.009571608218865572,0.007293632536416457,0.26055087823647244,3.235686103805351e-10,-0.019275876858516183,0.013625714255629029,43.27095209415807,4,True,4.981789595685896e-05,-1.5435223924969694,-0.0017074173694034756,4.981792854639701e-05,-1.5435223926078971,-0.0017074173712925487
7.550000000000856,-0.009436363973257662,0.007293632536420181,0.2605509311899658,3.2264887322401507e-10,-0.019043019322923946,0.013441888182697514,43.27095167105169,4,True,4.9168372809101936e-05,-1.5435310771386128,-0.0016870976563259155,4.916840512412087e-05,-1.5435310772492732,-0.0016870976581703854
7.560000000000859,-0.009302945669898274,0.007293632536423855,0.26055098368045965,3.217405681662352e-10,-0.0188121814514087,0.013260298831618566,43.27095130892398,4,True,4.852610975829649e-05,-1.5435396777362649,-0.0016669451386268168,4.85261418047039e-05,-1.543539677846768,-0.0016669451404282005
7.570000000000863,-0.009171331051758578,0.00729363253642748,0.26055103570789634,3.208441625737253e-10,-0.01858337217077364,0.01308092615893318,43.270951005463125,4,True,4.789106193861151e-05,-1.5435481943135319,-0.0016469609317529908,4.789109371845221e-05,-1.5435481944238525,-0.0016469609335016823
7.580000000000866,-0.009041498062552951,0.0072936325364310545,0.26055108727234444,3.1995927783047286e-10,-0.018356599219617412,0.012903750066634098,43.270950758421584,4,True,4.7263183484837375e-05,-1.5435566269273828,-0.0016271460384378875,4.7263215013062935e-05,-1.5435566270375485,-0.0016271460401550357
7.590000000000869,-0.008913424847227914,0.0072936325364345725,0.2605511383739954,3.1908794512946874e-10,-0.018131869194555783,0.012728750412386492,43.27095056562179,4,True,4.664242762123324e-05,-1.5435649756666605,-0.0016075013529286226,4.664245888416667e-05,-1.5435649757766277,-0.0016075013545844917
7.600000000000873,-0.008787089752351065,0.00729363253643804,0.2605511890131603,3.1822825273170225e-10,-0.0179091875949886,0.01255590701934781,43.27095042495553,4,True,4.602874666531767e-05,-1.5435732406506677,-0.0015880276650536834,4.602877767810549e-05,-1.543573240760428,-0.0015880276666710303
7.610000000000876,-0.00866247132640399,0.007293632536441464,0.26055123919026646,3.173791385478144e-10,-0.017688558866462846,0.012385199685595203,43.270950334378945,4,True,4.542209212680769e-05,-1.5435814220277553,-0.0015687256642626004,4.5422122902317e-05,-1.5435814221373725,-0.0015687256658352626
7.620000000000879,-0.008539548319982975,0.007293632536444841,0.2605512889058537,3.165406969003781e-10,-0.017469986442662382,0.01221660819317752,43.270950291911575,4,True,4.482241474581286e-05,-1.5435895199743601,-0.0015495959434504815,4.4822445291149737e-05,-1.5435895200837644,-0.0015495959449873884
7.630000000000883,-0.008418299685911217,0.0072936325364481745,0.2605513381605717,3.157131062373126e-10,-0.01725347278607128,0.012050112316799519,43.27095029563458,4,True,4.422966454367027e-05,-1.543597534693336,-0.0015306390027159196,4.4229694860292745e-05,-1.5435975348025273,-0.0015306390042125549
7.640000000000886,-0.008298704579266179,0.007293632536451467,0.2605513869551763,3.148952987440148e-10,-0.0170390194273427,0.011885691832153456,43.27095034368691,4,True,4.364379086251204e-05,-1.543605466413076,-0.0015118552529277726,4.364382096621065e-05,-1.5436054665220993,-0.001511855254392403
7.650000000000889,-0.008180742357325493,0.007293632536454707,0.2605514352905268,3.140896966785832e-10,-0.016826627003416122,0.01172332652390454,43.27095043426719,4,True,4.306474243885339e-05,-1.5436133153861122,-0.0014932450193256926,4.306477231784265e-05,-1.5436133154949596,-0.0014932450207475613
7.660000000000893,-0.008064392579434854,0.0072936325364578985,0.2605514831675825,3.132951949599594e-10,-0.016616295294411772,0.011562996193348909,43.270950565636305,4,True,4.2492467409855e-05,-1.5436210818882956,-0.0014748085448393455,4.2492497072773824e-05,-1.5436210819969454,-0.0014748085462226105
7.670000000000896,-0.00794963500680111,0.007293632536461047,0.26055153058739977,3.125110841100865e-10,-0.016408023259345157,0.011404680665745896,43.270950736097234,4,True,4.1926913389907564e-05,-1.5436287662173773,-0.0014565459933755275,4.1926942846077055e-05,-1.5436287663258583,-0.0014565459947208134
7.680000000000899,-0.007836449602213774,0.007293632536464151,0.2605515775511295,3.117371253669421e-10,-0.016201809070693424,0.011248359797340008,43.27095094400946,4,True,4.1368027504966526e-05,-1.5436363686920456,-0.0014384574530560896,4.136805675824428e-05,-1.54363636880032,-0.001438457454364568
7.690000000000903,-0.007724816529697937,0.0072936325364672165,0.26055162406001364,3.1097288919225603e-10,-0.01599765014784354,0.011094013482083682,43.270951187794246,4,True,4.0815756416196153e-05,-1.5436438896510591,-0.0014205429392626192,4.081578547907933e-05,-1.5436438897592204,-0.001420542940550111
7.700000000000906,-0.007614716154101608,0.007293632536470233,0.2605516701153826,3.102194915076916e-10,-0.015795543189454447,0.010941621658066088,43.27095146591553,4,True,4.0270046397461576e-05,-1.543651329452219,-0.0014028023976721067,4.027007526235599e-05,-1.543651329560174,-0.0014028023989205273
7.7100000000009095,-0.007506129040620285,0.007293632536473209,0.26055171571865227,3.09475922588121e-10,-0.015595484204772098,0.010791164313661932,43.270951776879386,4,True,3.97308433216171e-05,-1.5436586884713372,-0.0013852357070664914,3.9730872001168675e-05,-1.5436586885790748,-0.00138523570828544
7.720000000000913,-0.007399035954261587,0.007293632536476143,0.2605517608713211,3.087426493352695e-10,-0.01539746854391899,0.010642621493404876,43.270952119253444,4,True,3.919809273977311e-05,-1.5436659671012962,-0.0013678426822032357,3.919812123461371e-05,-1.543665967208921,-0.0013678426833969553
7.730000000000916,-0.007293417859252573,0.007293632536479032,0.2605518055749681,3.080196361860825e-10,-0.01520149092719492,0.010495973303599656,43.27095249164047,4,True,3.867173989816861e-05,-1.5436731657513698,-0.0013506230764964787,3.867176821356399e-05,-1.5436731658587726,-0.001350623077656183
7.7400000000009195,-0.007189255918392382,0.0072936325364818776,0.26055184983124957,3.073069635433328e-10,-0.015007545473416234,0.010351199917676447,43.27095289268752,4,True,3.8151729781216246e-05,-1.5436802848460827,-0.0013335765846456688,3.8151757919336335e-05,-1.5436802849533489,-0.0013335765857702346
7.750000000000923,-0.007086531492352681,0.007293632536484679,0.26055189364189635,3.066045523120844e-10,-0.014815625727319287,0.010208281581298844,43.27095332109188,4,True,3.763800711791145e-05,-1.5436873248246004,-0.0013167028451501071,3.763803507949567e-05,-1.5436873249316665,-0.0013167028462424582
7.760000000000926,-0.006985226138928349,0.007293632536487449,0.2605519370087116,3.059100152339663e-10,-0.014625724686054851,0.010067198617235035,43.27095377559053,4,True,3.713051644133064e-05,-1.543694286139957,-0.0013000014428264821,3.713054424539199e-05,-1.5436942862468306,-0.001300001443892887
7.7700000000009295,-0.00688532161224073,0.007293632536490181,0.2605519799335681,3.0522416349083927e-10,-0.014437834824806045,0.009927931429995148,43.27095425495561,4,True,3.662920211969879e-05,-1.5437011692581215,-0.0012834719111030725,3.6629229769952404e-05,-1.5437011693648892,-0.0012834719121593292
7.780000000000933,-0.0067867998618957644,0.007293632536492867,0.2605520224184057,3.0454947496161927e-10,-0.014251948121550754,0.009790460510245864,43.27095475800515,4,True,3.613400837499417e-05,-1.5437079746574625,-0.001267113734412987,3.613403585797165e-05,-1.5437079747640374,-0.0012671137354246873
7.790000000000936,-0.006689643032099142,0.007293632536495515,0.260552064465229,3.0388346010527336e-10,-0.01406805608099669,0.009654766439009732,43.27095528359524,4,True,3.564487928848793e-05,-1.5437147028277698,-0.001250926350298673,3.564490661910356e-05,-1.543714702934164,-0.0012509263512844912
7.8000000000009395,-0.006593833460730626,0.0072936325364981285,0.260552106076105,3.0322578679457794e-10,-0.013886149757711526,0.009520829891656596,43.27095583061567,4,True,3.516175886797071e-05,-1.5437213542697616,-0.0012349091516733431,3.516178605092061e-05,-1.5437213543760016,-0.0012349091526495943
7.810000000000943,-0.006499353678379585,0.0072936325365006984,0.26055214725316045,3.0257868624594554e-10,-0.013706219778472209,0.009388631641690893,43.27095639799203,4,True,3.4684591060592446e-05,-1.5437279294944393,-0.0012190614888615418,3.4684618089328466e-05,-1.5437279296005615,-0.001219061489805756
7.820000000000946,-0.006406186407343717,0.007293632536503232,0.2605521879985797,3.0193993321506197e-10,-0.013528256363857755,0.009258152564346783,43.27095698469352,4,True,3.421331975165474e-05,-1.5437344290224637,-0.001203382671582871,3.421334663854806e-05,-1.543734429128402,-0.0012033826725069564
7.8300000000009495,-0.0063143145605928765,0.007293632536505724,0.2605522283146025,3.0131111235015516e-10,-0.013352249349109667,0.009129373639992073,43.27095758971309,4,True,3.3747888828215605e-05,-1.5437408533832786,-0.0011878719709415267,3.374791556544392e-05,-1.5437408534890107,-0.0011878719718344851
7.840000000000953,-0.006223721240699852,0.007293632536508182,0.2605522682035217,3.006906278712846e-10,-0.013178188204277512,0.00900227595735326,43.27095821207929,4,True,3.328824216366973e-05,-1.543747203114781,-0.001172528621254322,3.328826876340885e-05,-1.5437472032204127,-0.0011725286221236093
7.850000000000956,-0.006134389738739881,0.007293632536510607,0.260552307667681,3.000777445094244e-10,-0.0130060620536768,0.008876840716561878,43.27095885085798,4,True,3.283432366950762e-05,-1.543753478762686,-0.0011573518219310712,3.283435014071783e-05,-1.543753478868112,-0.0011573518227800852
7.8600000000009596,-0.0060463035331606305,0.007293632536513003,0.2605523467094727,2.9947205876776416e-10,-0.012835859694672576,0.008753049232034254,43.270959505146564,4,True,3.23860773060128e-05,-1.543759680880077,-0.0011423407391957876,3.23861036528416e-05,-1.5437596809852911,-0.001142340740030897
7.870000000000963,-0.005959446288624286,0.007293632536515365,0.2605523853313361,2.988745676797988e-10,-0.01266756961581573,0.008630882935183992,43.270960174063774,4,True,3.194344709611907e-05,-1.543765810026401,-0.0011274945077663445,3.1943473313560155e-05,-1.5437658101315574,-0.001127494508577538
7.880000000000966,-0.005873801854823397,0.007293632536517696,0.26055242353575464,2.9828467851716873e-10,-0.012501180014350069,0.00851032337697934,43.27096085676803,4,True,3.1506377147707155e-05,-1.5437718667678602,-0.001112812232553471,3.150640324717794e-05,-1.5437718668728209,-0.0011128122333492342
7.89000000000097,-0.005789354265271985,0.0072936325365199894,0.26055246132525467,2.9770364514468544e-10,-0.012336678813105083,0.00839135223034545,43.27096155243702,4,True,3.107481168043263e-05,-1.543777851675881,-0.0010982929901689877,3.1074837654468596e-05,-1.5437778517807401,-0.001098292990944727
7.900000000000973,-0.005706087736073452,0.007293632536522248,0.2605524987024028,2.971308145691461e-10,-0.012174053676798,0.00827395129242086,43.27096226028271,4,True,3.064869502368144e-05,-1.543783765327446,-0.0010839358305189267,3.064872088071952e-05,-1.5437837654320905,-0.0010839358312700858
7.910000000000976,-0.0056239866646667,0.007293632536524472,0.2605525356698046,2.965663052001784e-10,-0.01201329202776137,0.008158102486670647,43.27096297954354,4,True,3.0227971655231992e-05,-1.5437896083041112,-0.001069739778244411,3.0227997394315817e-05,-1.5437896084086167,-0.0010697397789795414
7.92000000000098,-0.005543035628551889,0.007293632536526662,0.2605525722301018,2.960099229945989e-10,-0.011854381061113264,0.008043787864863403,43.27096370948438,4,True,2.9812586205172398e-05,-1.543795381191992,-0.00105570383417315,2.9812611827971203e-05,-1.5437953812963527,-0.0010557038348868043
7.930000000000983,-0.005463219383997151,0.00729363253652882,0.2605526083859715,2.954611065673553e-10,-0.01169730775938656,0.007930989608915296,43.270964449394306,4,True,2.9402483474539853e-05,-1.5438010845810168,-0.0010418269766887848,2.9402508983669384e-05,-1.5438010846852335,-0.001041826977386772
7.940000000000986,-0.005384522864727566,0.007293632536530946,0.26055264414012363,2.9491986690207113e-10,-0.011542058906636,0.00781969003260627,43.27096519858394,4,True,2.8997608440889967e-05,-1.5438067190645817,-0.0010281081630380661,2.8997633841041892e-05,-1.5438067191687064,-0.0010281081637214709
7.95000000000099,-0.005306931180597668,0.007293632536533041,0.2605526794952993,2.943864397037489e-10,-0.011388621102036431,0.007709871583173342,43.27096595639293,4,True,2.859790629643292e-05,-1.5438122852394496,-0.0010145463306713953,2.8597931584757632e-05,-1.5438122853433796,-0.0010145463313425424
7.960000000000993,-0.005230429616248663,0.007293632536535109,0.26055271445426936,2.938595213964365e-10,-0.011236980772989796,0.007601516842785756,43.2709667221827,4,True,2.820332242394944e-05,-1.5438177837047873,-0.001001140398419452,2.8203347617914086e-05,-1.5438177838085834,-0.0010011403990712916
7.970000000000996,-0.00515500362975153,0.007293632536537146,0.26055274901983205,2.933400330412603e-10,-0.011087124187756784,0.0074946085299055195,43.27096749533289,4,True,2.7813802457229208e-05,-1.543823215062538,-0.0009878892677226715,2.781382754743267e-05,-1.5438232151662041,-0.0009878892683566245
7.980000000001,-0.005080638851237133,0.007293632536539154,0.260552783194812,2.9282748005009515e-10,-0.010939037467622462,0.007389129500536748,43.270968275252834,4,True,2.7429292241942113e-05,-1.5438285799164486,-0.0009747918237821375,2.7429317236660756e-05,-1.543828580019908,-0.0009747918243972865
7.990000000001003,-0.0050073210815144145,0.007293632536541135,0.26055281698205834,2.923216884253306e-10,-0.010792706598619623,0.00728506274937147,43.270969061366486,4,True,2.7049737891314208e-05,-1.5438338788720394,-0.0009618469366601358,2.7049762790436577e-05,-1.5438338789754438,-0.0009618469372659346
8.000000000001005,-0.004935036290677709,0.0072936325365430855,0.2605528503844429,2.918234034350922e-10,-0.010648117442814109,0.007182391410829265,43.270969853124996,4,True,2.6675085758282462e-05,-1.5438391125362878,-0.0009490534623571625,2.667511056559817e-05,-1.5438391126395192,-0.0009490534629429886
8.010000000001,-0.004863770616704193,0.007293632536545007,0.2605528834048591,2.9133232433387423e-10,-0.010505255749171405,0.007081098760003198,43.27097064998924,4,True,2.630528248808638e-05,-1.543844281517214,-0.0009364102438555883,2.630530720161773e-05,-1.5438442816203568,-0.0009364102444384411
8.020000000000994,-0.004793510364042414,0.007293632536546895,0.26055291604621994,2.9084881806909953e-10,-0.010364107164014648,0.0069811682135066805,43.27097145145432,4,True,2.5940274987893095e-05,-1.5438493864237155,-0.000923916112119399,2.5940299603914447e-05,-1.543849386526716,-0.0009239161126758732
8.030000000000989,-0.004724242002192837,0.007293632536548758,0.26055294831145687,2.903716455088981e-10,-0.010224657241089372,0.006882583330232524,43.27097225702055,4,True,2.5580010454679263e-05,-1.5438544278652182,-0.0009115698870175258,2.5580034983931373e-05,-1.543854427968036,-0.000911569887566064
8.040000000000983,-0.004655952164281299,0.007293632536550593,0.26055298020351825,2.899010526002172e-10,-0.01008689145124668,0.006785327812020918,43.2709730662097,4,True,2.5224436387134183e-05,-1.543859406451162,-0.0008993703782799628,2.5224460833848367e-05,-1.5438594065538642,-0.0008993703788121942
8.050000000000978,-0.004588627645626249,0.007293632536552401,0.26055301172536793,2.8943753330696923e-10,-0.0099507951917565,0.006689385504247108,43.27097387856855,4,True,2.4873500599081252e-05,-1.5438643227912756,-0.0008873163863851911,2.4873524956232422e-05,-1.5438643228938962,-0.0008873163869077314
8.060000000000972,-0.00452225540230056,0.007293632536554179,0.2605530428799839,2.8898093108345205e-10,-0.009816353795259875,0.006594740396323418,43.27097469364851,4,True,2.4527151200438394e-05,-1.543869177494899,-0.0008754067034306045,2.452717547316968e-05,-1.5438691775973425,-0.000875406703934549
8.070000000000967,-0.004456822549688743,0.007293632536555936,0.26055307367035685,2.8852975707577726e-10,-0.00968355253837578,0.006501376622127465,43.27097551103199,4,True,2.418533662968157e-05,-1.5438739711709235,-0.0008636401139234848,2.4185360825138732e-05,-1.5438739712732186,-0.0008636401144166424
8.080000000000961,-0.004392316361040309,0.00729363253655767,0.260553104099489,2.880840767882898e-10,-0.009552376649972579,0.006409278460352258,43.27097633030558,4,True,2.3848005656541515e-05,-1.543878704427413,-0.0008520153956047153,2.3848029780842163e-05,-1.5438787045295963,-0.0008520153960927993
8.090000000000956,-0.004328724266020015,0.0072936325365593755,0.2605531341703927,2.876452249610769e-10,-0.009422811319112533,0.006318430334785986,43.27097715108041,4,True,2.351510739197156e-05,-1.5438833778716239,-0.0008405313202120818,2.3515131435204244e-05,-1.5438833779737067,-0.0008405313206877257
8.10000000000095,-0.004266033849255703,0.0072936325365610555,0.2605531638860895,2.8721290494884906e-10,-0.009294841702680683,0.006228816814522112,43.27097797297635,4,True,2.3186591273531514e-05,-1.5438879921096689,-0.0008291866541964599,2.318661523626175e-05,-1.5438879922115962,-0.0008291866546547365
8.110000000000944,-0.004204232848884402,0.007293632536562714,0.26055319324960846,2.867856937082172e-10,-0.009168452932710354,0.006140422614103137,43.270978795632786,4,True,2.2862407087044483e-05,-1.543892547746171,-0.0008179801594438676,2.2862430985619333e-05,-1.543892547848011,-0.0008179801599004611
8.120000000000939,-0.004143309155097352,0.007293632536564345,0.2605532222639854,2.8636546065948267e-10,-0.009043630123412645,0.006053232593600328,43.27097961869367,4,True,2.2542504990449324e-05,-1.543897045384391,-0.0008069105939582155,2.2542528811618103e-05,-1.5438970454860628,-0.0008069105943919436
8.130000000000933,-0.004083250808684554,0.007293632536565951,0.2605532509322615,2.859510146743822e-10,-0.008920358377920233,0.005967231758632838,43.27098044183329,4,True,2.222683547267187e-05,-1.5439014856257454,-0.0007959767125104849,2.222685922467072e-05,-1.5439014857273639,-0.0007959767129440903
8.140000000000928,-0.004024045999579467,0.0072936325365675295,0.2605532792574822,2.8554340409130534e-10,-0.008798622794752797,0.005882405260328413,43.270981264727226,4,True,2.1915349406437932e-05,-1.5439058690699288,-0.0007851772672866855,2.1915373082032186e-05,-1.5439058691714067,-0.0007851772677000172
8.150000000000922,-0.003965683065404402,0.0072936325365690865,0.26055330724269643,2.8514087924334367e-10,-0.008678408474015948,0.005798738395226539,43.27098208706456,4,True,2.160799801516979e-05,-1.5439101963144173,-0.0007745110084114323,2.160802162441987e-05,-1.5439101964157533,-0.0007745110088205651
8.160000000000917,-0.003908150490017188,0.007293632536570624,0.2605533348909553,2.847435260338344e-10,-0.008559700523343471,0.005716216605129217,43.27098290854857,4,True,2.130473290123204e-05,-1.5439144679544914,-0.0007639766846486697,2.1304756447173714e-05,-1.543914468055684,-0.0007639766850496146
8.170000000000911,-0.0038514369020596117,0.007293632536572142,0.26055336220531117,2.8435099690065724e-10,-0.008442484063583904,0.005634825476900242,43.27098372890498,4,True,2.1005506045179606e-05,-1.543918684583177,-0.0007535730438804421,2.100552953109746e-05,-1.5439186846843247,-0.0007535730442815883
8.180000000000906,-0.0037955310735081353,0.007293632536573635,0.26055338918881654,2.8396469024025386e-10,-0.00832674423424932,0.005554550742212835,43.27098454785024,4,True,2.0710269800434503e-05,-1.5439228467909534,-0.000743298833636545,2.071029322494835e-05,-1.5439228468919561,-0.0007432988340206188
8.1900000000009,-0.0037404219182274076,0.007293632536575107,0.26055341584452335,2.8358343065523917e-10,-0.008212466198724925,0.00547537827725357,43.27098536513154,4,True,2.041897690322918e-05,-1.5439269551656507,-0.000733152801653401,2.0419000270889416e-05,-1.5439269552665267,-0.0007331528020287713
8.200000000000895,-0.0036860984905269746,0.007293632536576554,0.2605534421754818,2.8320842238818555e-10,-0.008099635149256162,0.005397294102378549,43.270986180497864,4,True,2.0131580478057227e-05,-1.5439310102923283,-0.0007231336963159917,2.0131603781681774e-05,-1.543931010393144,-0.0007231336966863508
8.210000000000889,-0.0036325499837216823,0.007293632536577973,0.26055346818473957,2.828401966060091e-10,-0.007988236311713436,0.005320284381726564,43.27098699371007,4,True,1.984803402890718e-05,-1.5439350127532476,-0.000713240267159926,1.9848057266177688e-05,-1.5439350128539073,-0.0007132402675111169
8.220000000000883,-0.0035797657286961585,0.007293632536579374,0.2605534938753411,2.824764606563471e-10,-0.007878254950144967,0.0052443354227929275,43.27098780453689,4,True,1.9568291449561563e-05,-1.543938963127543,-0.0007034712653009697,1.956831463412098e-05,-1.5439389632280978,-0.00070347126564707
8.230000000000878,-0.0035277351924737897,0.007293632536580756,0.2605535192503265,2.8211737772313575e-10,-0.007769676371126585,0.005169433675961264,43.27098861276741,4,True,1.929230703304018e-05,-1.5439428619912512,-0.0006938254438706284,1.929233016554911e-05,-1.5439428620917282,-0.0006938254442218063
8.240000000000872,-0.0034764479767905782,0.007293632536582114,0.2605535443127308,2.8176439029549536e-10,-0.0076624859279094265,0.005095565733999783,43.27098941818862,4,True,1.902003546487471e-05,-1.543946709917336,-0.0006843015584691779,1.9020058531045646e-05,-1.54394671001771,-0.000684301558795946
8.250000000000867,-0.003425893816674234,0.007293632536583461,0.2605535690655834,2.8141394395022003e-10,-0.007556669024377017,0.005022718331523384,43.27099022060602,4,True,1.875143180817262e-05,-1.5439505074753592,-0.0006748983674752048,1.8751454844995395e-05,-1.543950507575646,-0.0006748983678178153
8.260000000000861,-0.003376062579028867,0.007293632536584768,0.2605535935119069,2.8107335582822906e-10,-0.0074522111188233715,0.004950878344412571,43.27099101982472,4,True,1.848645156782525e-05,-1.5439542552313277,-0.0006656146325074631,1.84864745221835e-05,-1.5439542553314993,-0.0006656146328064973
8.270000000000856,-0.003326944261225597,0.007293632536586061,0.2605536176547168,2.807363708858677e-10,-0.0073490977275383895,0.004880032789214536,43.270991815661745,4,True,1.822505058180494e-05,-1.5439579537480532,-0.0006564491187290923,1.8225073490159405e-05,-1.5439579538480896,-0.0006564491190337453
8.28000000000085,-0.0032785289896994003,0.007293632536587336,0.2605536414970205,2.8040382582856067e-10,-0.007247314428230851,0.004810168822501501,43.27099260795966,4,True,1.796718513580358e-05,-1.5439616035845154,-0.0006474005952324364,1.7967207990713386e-05,-1.5439616036845034,-0.0006474005955368248
8.290000000000845,-0.0032308070185524946,0.007293632536588603,0.26055366504181643,2.8007338385899066e-10,-0.007146846863282767,0.004741273740204176,43.27099339653955,4,True,1.771281189603475e-05,-1.543965205296428,-0.0006384678353089098,1.7712834715412214e-05,-1.5439652053962296,-0.0006384678356206205
8.30000000000084,-0.0031837687281645673,0.007293632536589849,0.26055368829209413,2.7974833010319926e-10,-0.007047680742838257,0.004673334976915276,43.27099418125168,4,True,1.7461887946030103e-05,-1.5439687594351057,-0.0006296496168434785,1.7461910711604468e-05,-1.5439687595348714,-0.0006296496171373363
8.310000000000834,-0.0031374046238100838,0.00729363253659107,0.2605537112508328,2.79429426256817e-10,-0.006949801847737931,0.004606340105171431,43.27099496194765,4,True,1.7214370757330698e-05,-1.5439722665488222,-0.0006209447225951741,1.7214393457910504e-05,-1.5439722666484428,-0.0006209447228540222
8.320000000000828,-0.0030917053342829387,0.00729363253659228,0.2605537339210013,2.7911332087047414e-10,-0.006853196032303859,0.004540276834704059,43.270995738491024,4,True,1.6970218179111495e-05,-1.5439757271814785,-0.0006123519403015129,1.6970240841804614e-05,-1.5439757272809749,-0.0006123519405809912
8.330000000000823,-0.0030466616105287404,0.007293632536593485,0.26055375630555727,2.787987346960767e-10,-0.006757849226978442,0.004475133011668659,43.270996510740844,4,True,1.6729388503963265e-05,-1.543979141873179,-0.0006038700632969659,1.672941113697906e-05,-1.5439791419726547,-0.0006038700635843862
8.340000000000817,-0.0030022643242848964,0.007293632536594672,0.26055377840744665,2.784890189627949e-10,-0.006663747440818919,0.004410896617854145,43.27099727857426,4,True,1.6491840408167203e-05,-1.543982511160172,-0.0005954978904887525,1.649186300195239e-05,-1.5439825112596497,-0.0005954978907639169
8.350000000000811,-0.002958504466728743,0.007293632536595827,0.26055380022960284,2.7818673788305534e-10,-0.006570876763863924,0.004347555769866611,43.27099804187134,4,True,1.625753298213406e-05,-1.5439858355746712,-0.000587234226661625,1.6257555516790493e-05,-1.5439858356739435,-0.0005872342269148825
8.360000000000806,-0.002915373147133952,0.007293632536596962,0.2605538217749465,2.7788975036750345e-10,-0.006479223369361654,0.004285098718297073,43.27099880051839,4,True,1.6026425682252782e-05,-1.5439891156447374,-0.0005790778827915814,1.6026448167668438e-05,-1.5439891157439323,-0.0005790778830382673
8.3700000000008,-0.002872861591535345,0.007293632536598085,0.2605538430463851,2.77595778705433e-10,-0.0063887735158708525,0.004223513846867595,43.27099955441422,4,True,1.579847838510852e-05,-1.5439923518944139,-0.0005710276761712515,1.5798500835292052e-05,-1.5439923519935224,-0.0005710276764224743
8.380000000000795,-0.002830961141402377,0.007293632536599191,0.2605538640468124,2.773059873887135e-10,-0.006299513549245912,0.0041627896715596075,43.27100030345337,4,True,1.557365138360245e-05,-1.5439955448434741,-0.0005630824306810958,1.557367379227589e-05,-1.5439955449424816,-0.0005630824309225964
8.39000000000079,-0.002789663252321392,0.007293632536600283,0.26055388477910757,2.770196759527743e-10,-0.006211429904502235,0.0041029148397280545,43.271001047543805,4,True,1.5351905344870293e-05,-1.54399869500763,-0.0005552409769378439,1.5351927718901902e-05,-1.543998695106558,-0.0005552409771792639
8.400000000000784,-0.002748959492686855,0.007293632536601358,0.26055390524613536,2.767378928893149e-10,-0.006124509107563689,0.0040438781291972665,43.27100178659492,4,True,1.513320134797987e-05,-1.5440018028982445,-0.0005475021525497323,1.5133223683045633e-05,-1.5440018029971114,-0.0005475021527853997
8.410000000000778,-0.0027088415424016857,0.00729363253660241,0.26055392545074546,2.7646198363001287e-10,-0.006038737776904901,0.00398566844734314,43.271002520527546,4,True,1.4917500869238645e-05,-1.5440048690225279,-0.0005398648022028289,1.491752315345988e-05,-1.5440048691212827,-0.0005398648024195284
8.420000000000773,-0.0026693011915868595,0.007293632536603448,0.26055394539577176,2.7618933068578326e-10,-0.005954102625086055,0.003928274830162998,43.271003249259145,4,True,1.4704765766548632e-05,-1.5440078938834036,-0.000532327777884604,1.4704788015981776e-05,-1.5440078939820827,-0.0005323277781075765
8.430000000000767,-0.0026303303393003775,0.007293632536604471,0.2605539650840326,2.7592033071232626e-10,-0.005870590460187786,0.0038716864413292657,43.27100397271792,4,True,1.4494958304436934e-05,-1.5440108779793373,-0.0005248899390506919,1.4494980519274976e-05,-1.5440108780779827,-0.0005248899392690632
8.440000000000762,-0.002591920992265757,0.007293632536605478,0.26055398451832984,2.756553931057201e-10,-0.00578818818714548,0.003815892571235489,43.27100469083881,4,True,1.4288041140343464e-05,-1.5440138218047321,-0.0005175501527112074,1.4288063320388266e-05,-1.5440138219032329,-0.0005175501529228838
8.450000000000756,-0.0025540652636101414,0.007293632536606472,0.2605540037014487,2.753939470496399e-10,-0.005706882808988402,0.0037608826360279292,43.27100540355699,4,True,1.4083977325573413e-05,-1.5440167258493909,-0.0005103072936515801,1.4083999468030227e-05,-1.5440167259478235,-0.0005103072938574441
8.46000000000075,-0.002516755371612124,0.007293632536607452,0.2605540226361576,2.751365048329833e-10,-0.005626661427989925,0.003706646176629391,43.27100611081316,4,True,1.388273029114039e-05,-1.5440195905989558,-0.0005031602444668617,1.3882752399247673e-05,-1.544019590697274,-0.0005031602446671422
8.470000000000745,-0.0024799836384594184,0.0072936325366084135,0.2605540413252077,2.748827886533714e-10,-0.005547511246729419,0.0036531728577520336,43.27100681255597,4,True,1.3684263873329359e-05,-1.5440224165344811,-0.0004961078957647051,1.3684285946496383e-05,-1.5440224166327723,-0.0004961078959586197
8.48000000000074,-0.002443742489016417,0.007293632536609365,0.26055405977133245,2.7463207688760657e-10,-0.005469419569069586,0.003600452466902634,43.27100750873433,4,True,1.3488542276522548e-05,-1.5440252041328253,-0.000489149146222219,1.3488564319536664e-05,-1.5440252042310287,-0.0004891491464173351
8.490000000000734,-0.00240802444960176,0.007293632536610299,0.26055407797724756,2.7438582579990395e-10,-0.005392373801051471,0.0035484749133799206,43.27100819930474,4,True,1.3295530107886167e-05,-1.5440279538663804,-0.00048228290273514163,1.3295552114656867e-05,-1.5440279539644999,-0.00048228290291861965
8.500000000000728,-0.002372822146775962,0.007293632536611222,0.26055409594565065,2.741425636226854e-10,-0.0053163614517068546,0.003497230227264912,43.27100888422339,4,True,1.3105192345858663e-05,-1.5440306662031351,-0.0004755080804769884,1.3105214322073727e-05,-1.5440306663011811,-0.00047550808065940995
8.510000000000723,-0.0023381283061391814,0.007293632536612134,0.26055411367922104,2.7390193383541784e-10,-0.005241370133805241,0.0034467085584033125,43.271009563456786,4,True,1.2917494357182186e-05,-1.544033341606587,-0.00046882360299425874,1.2917516304442818e-05,-1.5440333417045682,-0.00046882360317655996
8.520000000000717,-0.002303935751139178,0.007293632536613035,0.2605541311806193,2.736644079098482e-10,-0.005167387564519569,0.0033969001753849427,43.271010236965665,4,True,1.2732401883343989e-05,-1.5440359805359143,-0.0004622284023054426,1.273242380351209e-05,-1.5440359806337896,-0.00046222840248611667
8.530000000000712,-0.0022702374018895278,0.007293632536613923,0.2605541484524873,2.734300293278912e-10,-0.005094401566026742,0.00334779546451612,43.27101090472624,4,True,1.2549881047820361e-05,-1.5440385834458141,-0.00045572141897562803,1.2549902943678697e-05,-1.5440385835437176,-0.00045572141916251196
8.540000000000706,-0.002237026273998123,0.007293632536614785,0.26055416549744786,2.7320191610192043e-10,-0.0050224000660360115,0.0032993849287881265,43.27101156670542,4,True,1.2369898360417394e-05,-1.5440411507867695,-0.0004493016021971703,1.2369920211235207e-05,-1.5440411508845155,-0.00044930160235935504
8.5500000000007,-0.0022042954774060147,0.007293632536615635,0.26055418231810457,2.7297689043256115e-10,-0.004951371098259938,0.003251659186840938,43.27101222288304,4,True,1.2192420668124478e-05,-1.544043683004418,-0.00044296790975299186,1.2192442489363955e-05,-1.5440436831020974,-0.0004429679099174831
8.560000000000695,-0.0021720382152366387,0.007293632536616478,0.2605541989170414,2.727541743726488e-10,-0.004881302802813373,0.0032046089719261583,43.271012873242796,4,True,1.2017415224562978e-05,-1.5440461805405004,-0.0004367193082766874,1.201743701656071e-05,-1.5440461806380785,-0.0004367193084360018
8.57000000000069,-0.0021402477826554162,0.00729363253661731,0.26055421529682316,2.7253406752748754e-10,-0.004812183426563711,0.00315822513086486,43.27101351776297,4,True,1.1844849638514066e-05,-1.544048643832041,-0.0004305547730800264,1.1844871408835668e-05,-1.544048643929564,-0.00043055477324307416
8.580000000000684,-0.00210891756573982,0.007293632536618127,0.2605542314599947,2.7231756288575934e-10,-0.004744001323415009,0.0031124986230021082,43.271014156425224,4,True,1.16746918846811e-05,-1.5440510733115889,-0.00042447328834215937,1.1674713624278689e-05,-1.5440510734090471,-0.0004244732884948519
8.590000000000678,-0.0020780410403598575,0.007293632536618937,0.2605542474090809,2.721033123801594e-10,-0.004676744954543903,0.0030674205191645702,43.271014789229646,4,True,1.150691030388663e-05,-1.5440534694076038,-0.0004184738471190635,1.1506932024127633e-05,-1.5440534695050647,-0.0004184738472818643
8.600000000000673,-0.0020476117710690237,0.007293632536619731,0.26055426314658664,2.7189321287731137e-10,-0.004610402888574245,0.0030229820006116674,43.27101541615803,4,True,1.1341473599889397e-05,-1.5440558325440155,-0.00041255545134233904,1.1341495289340738e-05,-1.5440558326413896,-0.00041255545149436197
8.610000000000667,-0.002017623410005733,0.0072936325366205115,0.260554278674997,2.7168602499995817e-10,-0.004544963801711781,0.0029791743579889378,43.27101603720825,4,True,1.1178350834199132e-05,-1.5440581631403245,-0.00040671711187823857,1.117837249557636e-05,-1.54405816323761,-0.00040671711202560224
8.620000000000662,-0.00198806969580522,0.007293632536621283,0.26055429399677643,2.714811754000923e-10,-0.004480416477821556,0.0029359889902802324,43.271016652377014,4,True,1.1017511414281959e-05,-1.5440604616117444,-0.000400957848555711,1.1017533051334026e-05,-1.544060461708909,-0.00040095784870359467
8.630000000000656,-0.001958944452521917,0.007293632536622038,0.26055430911436905,2.712805313058805e-10,-0.004416749808458832,0.0028934174037603348,43.2710172616608,4,True,1.0858925124169315e-05,-1.5440627283691457,-0.00039527669019736005,1.0858946724846562e-05,-1.5440627284662929,-0.0003952766903260488
8.64000000000065,-0.0019302415885623053,0.00729363253662279,0.26055432403019874,2.7108126344904515e-10,-0.0043539527928627515,0.0028514512109473708,43.27101786506637,4,True,1.0702562071556856e-05,-1.5440649638191015,-0.00038967267457798774,1.0702583657189172e-05,-1.5440649639161772,-0.0003896726747187267
8.650000000000645,-0.0019019550956282326,0.007293632536623528,0.2605543387466688,2.708848441335615e-10,-0.004292014537898457,0.0028100821295573455,43.27101846259179,4,True,1.0548392735702722e-05,-1.5440671683638179,-0.0003841448484990529,1.0548414297412062e-05,-1.5440671684608607,-0.0003841448486313182
8.66000000000064,-0.0018740790476706943,0.007293632536624256,0.2605543532661619,2.706914532540653e-10,-0.004230924257964889,0.002769301981458038,43.27101905424327,4,True,1.039638793587562e-05,-1.5440693424012109,-0.0003786922677796958,1.039640947446706e-05,-1.5440693424981802,-0.00037869226791401717
8.670000000000634,-0.0018466075998540372,0.007293632536624972,0.2605543675910399,2.705010569783567e-10,-0.00417067127485964,0.0027291026916274595,43.27101964003458,4,True,1.0246518824093388e-05,-1.5440714863250051,-0.0003733139972491561,1.024654033728853e-05,-1.5440714864219107,-0.00037331399737527266
8.680000000000629,-0.0018195349875305977,0.007293632536625683,0.2605543817236442,2.7031267700052886e-10,-0.004111245017601598,0.0026894762871120304,43.27102021997235,4,True,1.0098756901805555e-05,-1.544073600524662,-0.0003680091107566215,1.009877839810357e-05,-1.5440736006214828,-0.00036800911088342547
8.690000000000623,-0.0017928555252257315,0.007293632536626379,0.26055439566629524,2.701276940907426e-10,-0.004052635022230741,0.002650414895986911,43.271020794064654,4,True,9.953074016739889e-06,-1.5440756853852433,-0.000362776691136864,9.953095485523562e-06,-1.5440756854820021,-0.00036277669126100795
8.700000000000617,-0.0017665636056332249,0.007293632536627064,0.2605544094212928,2.6994544415308344e-10,-0.003994830931561215,0.0026119107463209563,43.27102136233384,4,True,9.809442332762544e-06,-1.5440777412878062,-0.0003576158302808955,9.809463781236834e-06,-1.5440777413845328,-0.0003576158304020477
8.710000000000612,-0.0017406536986210443,0.007293632536627739,0.2605544229909159,2.697658530238295e-10,-0.003937822494904152,0.002573956165142912,43.27102192478264,4,True,9.66783435685649e-06,-1.5440797686090937,-0.00035252562902136637,9.667855783766813e-06,-1.5440797687057506,-0.0003525256291374237
8.720000000000606,-0.001715120350247408,0.007293632536628407,0.2605544363774228,2.6958831039974875e-10,-0.003881599567768357,0.002536543577411176,43.27102248142948,4,True,9.52822292796382e-06,-1.544081767721653,-0.00034750519719614463,9.528244341909903e-06,-1.5440817678182481,-0.0003475051973111592
8.7300000000006,-0.0016899581817871345,0.0072936325366290645,0.26055444958305063,2.6941337894391273e-10,-0.0038261521115186196,0.0024996655049880543,43.27102303230383,4,True,9.390581207645075e-06,-1.5440837389939832,-0.0003425536536373076,9.390602599733696e-06,-1.5440837390905722,-0.00034255365375629964
8.740000000000595,-0.0016651618887682268,0.007293632536629709,0.26055446261001575,2.692418923978957e-10,-0.0037714701930075334,0.0024633145656172877,43.27102357741698,4,True,9.25488268338406e-06,-1.5440856827905627,-0.0003376701260896529,9.254904048161574e-06,-1.5440856828870728,-0.0003376701262003851
8.75000000000059,-0.0016407262400186726,0.007293632536630343,0.2605544754605137,2.69072605558269e-10,-0.0037175439841853437,0.002427483471904762,43.27102411679647,4,True,9.121101155487157e-06,-1.5440875994715955,-0.00033285375123626225,9.121122503455418e-06,-1.5440875995680092,-0.0003328537513381211
8.760000000000584,-0.0016166460767234041,0.007293632536630971,0.26055448813671933,2.6890525635887283e-10,-0.0036643637616844645,0.002392165030303349,43.27102465045825,4,True,8.98921075583384e-06,-1.5440894893930628,-0.0003281036746139134,8.989232085648437e-06,-1.5440894894894845,-0.00032810367472680183
8.770000000000579,-0.0015929163114913787,0.007293632536631587,0.26055450064078656,2.6874113010210507e-10,-0.0036119199063745803,0.0023573521401055305,43.271025178429355,4,True,8.859185922733488e-06,-1.5440913529073563,-0.000323419050725549,8.859207231070961e-06,-1.544091353003665,-0.0003234190508296912
8.780000000000573,-0.001569531927432725,0.0072936325366321966,0.26055451297484844,2.685785121854207e-10,-0.003560202902891527,0.0023230377924357997,43.27102570073702,4,True,8.731001405403732e-06,-1.5440931903624184,-0.0003187990428406656,8.731022702558202e-06,-1.5440931904587367,-0.0003187990429469842
8.790000000000568,-0.001546487977245918,0.007293632536632793,0.26055452514101735,2.684192128922898e-10,-0.003509203339154507,0.002289215069252135,43.271026217403524,4,True,8.60463227889835e-06,-1.544095002102489,-0.0003142428230577199,8.604653554358965e-06,-1.544095002198735,-0.00031424282315575456
8.800000000000562,-0.0015237795823149324,0.007293632536633381,0.260554537141385,2.6826236594826114e-10,-0.003458911905854296,0.002255877142349536,43.27102672846053,4,True,8.48005390464155e-06,-1.5440967884676473,-0.00030974957227068473,8.480075160642362e-06,-1.5440967885638506,-0.00030974957237201405
8.810000000000556,-0.001501401931816307,0.0072936325366339564,0.2605545489780223,2.6810838849414327e-10,-0.0034093193959206162,0.0022230172723722006,43.27102723393305,4,True,8.357241958328066e-06,-1.5440985497942163,-0.000305318480102228,8.357263191592453e-06,-1.5440985498903277,-0.0003053184801978117
8.820000000000551,-0.0014793502818360852,0.0072936325366345246,0.2605545606529797,2.679565970514985e-10,-0.003360416703972455,0.002190628807826921,43.27102773385293,4,True,8.23617240942041e-06,-1.5441002864143676,-0.0003009487448632876,8.236193627039055e-06,-1.5441002865104778,-0.0003009487449578302
8.830000000000545,-0.0014576199544965665,0.007293632536635081,0.2605545721682869,2.6780801320427607e-10,-0.0033121948257545135,0.002158705184106079,43.27102822825091,4,True,8.116821544585635e-06,-1.5441019986566802,-0.00029663957356783983,8.116842738459764e-06,-1.5441019987527027,-0.00029663957365265784
8.84000000000054,-0.0014362063370928072,0.007293632536635635,0.2605545835259532,2.6765994082818225e-10,-0.003264644857551706,0.0021272399225144606,43.27102871715585,4,True,7.999165915037832e-06,-1.5441036868456597,-0.0002923901817867633,7.99918710137803e-06,-1.544103686941657,-0.0002923901818836313
8.850000000000534,-0.0014151048812388262,0.007293632536636176,0.2605545947279674,2.6751497867421667e-10,-0.003217757995588752,0.0020962266293016734,43.27102920060345,4,True,7.883182398186462e-06,-1.5441053513020546,-0.0002881997937523004,7.883203561682195e-06,-1.5441053513980052,-0.00028819979383735365
8.860000000000529,-0.001394311102023433,0.007293632536636714,0.26055460577629774,2.673714640043017e-10,-0.0031715255354084868,0.002065658994702922,43.27102967862976,4,True,7.768848126846437e-06,-1.5441069923430246,-0.00028406764215873714,7.768869279105472e-06,-1.5441069924389021,-0.00028406764225100036
8.870000000000523,-0.0013738205771756389,0.007293632536637238,0.2605546166728923,2.672309360536505e-10,-0.00312593887124697,0.0020355307919828164,43.27103015126171,4,True,7.656140556969342e-06,-1.5441086102816337,-0.00027999296822311904,7.656161687233412e-06,-1.5441086103774524,-0.00027999296830002313
8.880000000000518,-0.0013536289462395825,0.007293632536637758,0.26055462741967883,2.670915204962453e-10,-0.0030809894953921875,0.0020058358764875966,43.27103061853794,4,True,7.5450373964933995e-06,-1.5441102054273674,-0.0002759750215654245,7.545058516160694e-06,-1.5441102055232154,-0.00027597502164946545
8.890000000000512,-0.0013337319097588933,0.007293632536638271,0.26055463801856504,2.66953898637888e-10,-0.00303666899752574,0.0019765681847037147,43.2710310804932,4,True,7.435516653370262e-06,-1.544111778086149,-0.0002720130602349985,7.435537759808501e-06,-1.5441117781818892,-0.00027201306031827
8.900000000000507,-0.0013141252284704394,0.007293632536638778,0.2605546484714385,2.6681792842018057e-10,-0.0029929690640535574,0.001947721733322549,43.27103153716028,4,True,7.327556607403949e-06,-1.5441133285599742,-0.0002681063505978647,7.327577699769596e-06,-1.544113328655705,-0.00026810635067703043
8.910000000000501,-0.0012948047225073947,0.00729363253663928,0.26055465878016687,2.6668354457576856e-10,-0.002949881477424102,0.0019192906183118485,43.27103198858767,4,True,7.221135808418623e-06,-1.544114857147421,-0.0002642541673090184,7.221156891158831e-06,-1.544114857243079,-0.00026425416739366935
8.920000000000496,-0.0012757662706115443,0.00729363253663977,0.2605546689465978,2.6655223959714523e-10,-0.002907398115441016,0.0018912690139938795,43.27103243479793,4,True,7.116233097511095e-06,-1.5441163641433124,-0.0002604557932495196,7.116254162404116e-06,-1.5441163642389444,-0.00026045579332691765
8.93000000000049,-0.0012570058093547831,0.007293632536640254,0.2605546789725593,2.664224777713349e-10,-0.002865510950569579,0.0018636511721304195,43.27103287583216,4,True,7.012827565325685e-06,-1.5441178498390729,-0.00025671051946520853,7.01284861865775e-06,-1.5441178499345305,-0.00025671051954332085
8.940000000000484,-0.0012385193323697242,0.007293632536640729,0.26055468885985944,2.662952056479297e-10,-0.0028242120492233493,0.0018364314210139896,43.2710333117337,4,True,6.91089857643535e-06,-1.54411931452215,-0.0002530176451618271,6.910919610101288e-06,-1.5441193146177083,-0.0002530176452365771
8.950000000000479,-0.0012203028895893342,0.007293632536641189,0.26055469861028696,2.6617098042874735e-10,-0.002783493571048169,0.00180960416456955,43.271033742537135,4,True,6.810425762601066e-06,-1.5441207584771246,-0.0002493764775873795,6.81044677111495e-06,-1.544120758572583,-0.00024937647764935826
8.960000000000473,-0.0012023525864955523,0.007293632536641651,0.26055470822561083,2.660469006364831e-10,-0.002743347768197483,0.0017831638814574601,43.27103416828856,4,True,6.711389000797246e-06,-1.5441221819846258,-0.00024578633198954296,6.7114100004479945e-06,-1.5441221820801003,-0.0002457863320588894
8.970000000000468,-0.0011846645833768037,0.0072936325366421105,0.26055471770758093,2.6592385804475806e-10,-0.0027037669845973973,0.0017571051241892476,43.27103458902111,4,True,6.613768448854641e-06,-1.5441235853221387,-0.00024224653159754937,6.613789438353544e-06,-1.5441235854175477,-0.0002422465316655116
8.980000000000462,-0.0011672350945943454,0.0072936325366425685,0.26055472705792754,2.658012042174416e-10,-0.0026647436552147533,0.001731422518245684,43.271035004771406,4,True,6.5175445099417425e-06,-1.544124968763407,-0.00023875640749264704,6.517565498443966e-06,-1.5441249688588239,-0.0002387564075744
8.990000000000457,-0.0011500603878573676,0.007293632536643014,0.26055473627836223,2.6568187315342266e-10,-0.0026262703053149647,0.0017061107612063315,43.271035415585025,4,True,6.422697852981962e-06,-1.5441263325789985,-0.00023531529862558413,6.422718825359388e-06,-1.54412633267437,-0.0002353152986990782
9.000000000000451,-0.0011331367835067743,0.007293632536643448,0.26055474537057716,2.655656885493925e-10,-0.0025883395497109554,0.0016811646218830168,43.271035821500476,4,True,6.329209375233124e-06,-1.544127677036085,-0.00023192255170498329,6.329230325467862e-06,-1.544127677131384,-0.00023192255176505958
9.010000000000446,-0.001116460653807576,0.007293632536643876,0.2605547543362457,2.654504883209507e-10,-0.0025509440920063226,0.0016565789394644202,43.271036222563716,4,True,6.237060224571618e-06,-1.5441290023985212,-0.00022857752114105735,6.237081166969987e-06,-1.5441290024937804,-0.00022857752120564339
9.02000000000044,-0.0011000284222498111,0.0072936325366443,0.2605547631770224,2.6533663674698507e-10,-0.0025140767238395244,0.0016323486226638016,43.27103661880686,4,True,6.146231808567982e-06,-1.5441303089268859,-0.00022527956901635148,6.146252738868037e-06,-1.5441303090221377,-0.0002252795690820601
9.030000000000435,-0.0010838365628579435,0.007293632536644719,0.26055477189454324,2.6522374884452396e-10,-0.0024777303241213,0.0016084686488765437,43.27103701027811,4,True,6.056705767545996e-06,-1.5441315968785094,-0.00022202806498071185,6.056726688036678e-06,-1.5441315969736842,-0.00022202806504416
9.040000000000429,-0.0010678815995086375,0.007293632536645136,0.2605547804904256,2.6511193048342145e-10,-0.0024418978582683593,0.0015849340633449607,43.271037397016535,4,True,5.9684639774296894e-06,-1.5441328665073983,-0.00021882238622346998,5.968484891344983e-06,-1.5441328666025604,-0.00021882238628923703
9.050000000000423,-0.0010521601052568476,0.007293632536645547,0.26055478896626827,2.650017040888989e-10,-0.002406572377435563,0.0015617399783308763,43.271037779061615,4,True,5.881488564076819e-06,-1.5441341180645496,-0.00021566191740422094,5.881509467351509e-06,-1.544134118159654,-0.00021566191746928164
9.060000000000418,-0.0010366687016701475,0.00729363253664595,0.260554797323652,2.6489370012724725e-10,-0.0023717470177478752,0.0015388815722937636,43.27103815645888,4,True,5.79576187795337e-06,-1.5441353517975611,-0.00021254605055802246,5.795782770363296e-06,-1.5441353518926404,-0.0002125460506205511
9.070000000000412,-0.0010214040581712261,0.007293632536646337,0.26055480556413935,2.647890180729644e-10,-0.0023374149995253656,0.0015163540890795182,43.27103852924509,4,True,5.711266505429423e-06,-1.5441365679511134,-0.00020947418509744913,5.711287374983934e-06,-1.5441365680461747,-0.00020947418514524998
9.080000000000407,-0.0010063628913884626,0.00729363253664672,0.26055481368927474,2.646855832449046e-10,-0.0023035696265087673,0.0014941528371137276,43.27103889746533,4,True,5.627985248973493e-06,-1.5441377667666936,-0.00020644572765988304,5.628006108229358e-06,-1.5441377668617335,-0.00020644572771371075
9.090000000000401,-0.000991541964514523,0.007293632536647102,0.26055482170058475,2.6458259155866247e-10,-0.0022702042850837657,0.0014722731886040233,43.271039261161874,4,True,5.54590114710597e-06,-1.5441389484827095,-0.0002034600921214847,5.545921999350218e-06,-1.5441389485777008,-0.0002034600921766758
9.100000000000396,-0.00097693808667289,0.00729363253664748,0.2605548295995781,2.644809043502736e-10,-0.0022373124435027796,0.0014507105787506804,43.271039620376875,4,True,5.464997465334102e-06,-1.5441401133346382,-0.0002005166995178751,5.465018307605777e-06,-1.5441401134295922,-0.00020051669957388434
9.11000000000039,-0.0009625481122922533,0.007293632536647858,0.26055483738774615,2.643794460383286e-10,-0.002204887651107679,0.001429460504962357,43.27103997515154,4,True,5.385257679428827e-06,-1.5441412615547885,-0.0001976149779312887,5.3852785245404065e-06,-1.5441412616497385,-0.00019761497798923333
9.120000000000385,-0.0009483689404886916,0.007293632536648225,0.26055484506656246,2.6428073527323643e-10,-0.002172923537552688,0.0014085185260819695,43.27104032553321,4,True,5.306665505146498e-06,-1.5441423933726608,-0.00019475436249139614,5.306686334056438e-06,-1.5441423934675973,-0.0001947543625464889
9.13000000000038,-0.0009343975144555585,0.007293632536648581,0.2605548526374835,2.6418456505571964e-10,-0.0021414138120233266,0.001387880261618915,43.27104067155549,4,True,5.2292048545090514e-06,-1.5441435090148048,-0.00019193429525986638,5.229225665965071e-06,-1.5441435091096654,-0.00019193429530070167
9.140000000000374,-0.0009206308208610127,0.007293632536648938,0.26055486010194856,2.6408824279283284e-10,-0.00211035226246535,0.0013675413909876638,43.27104101326206,4,True,5.152859845569011e-06,-1.544144608704638,-0.0001891542251647555,5.152880657192865e-06,-1.544144608799454,-0.00018915422521806409
9.150000000000368,-0.0009070658892531065,0.007293632536649291,0.2605548674613795,2.6399341874586383e-10,-0.0020797327548061958,0.001347497652756094,43.27104135069857,4,True,5.077614833848448e-06,-1.5441456926629018,-0.00018641360801298007,5.0776356400531615e-06,-1.5441456927577104,-0.00018641360807021977
9.160000000000363,-0.000893699791472352,0.007293632536649628,0.26055487471718175,2.6390253359169917e-10,-0.002049549232177829,0.0013277448439007959,43.271041683904194,4,True,5.0034543740566186e-06,-1.544146761107504,-0.00018371190633599508,5.003475153172893e-06,-1.5441467612022641,-0.00018371190637827571
9.170000000000357,-0.000880529641071706,0.0072936325366499645,0.2605548818707435,2.6381188192270486e-10,-0.0020197957141431105,0.0013082788190682745,43.27104201292508,4,True,4.930363197065032e-06,-1.5441478142533764,-0.00018104858933374687,4.930383974693999e-06,-1.5441478143481715,-0.00018104858938593842
9.180000000000351,-0.0008675525927438852,0.00729363253665029,0.26055488892343664,2.637237766884969e-10,-0.001990466295921868,0.0012890954898462678,43.271042337796416,4,True,4.8583262914708964e-06,-1.544148852313004,-0.00017842313290143314,4.858347046915189e-06,-1.544148852407716,-0.00017842313293020104
9.190000000000346,-0.0008547658417559446,0.007293632536650622,0.26055489587661634,2.6363456188559227e-10,-0.001961555147619328,0.0012701908240394077,43.27104265857064,4,True,4.787328789105422e-06,-1.5441498754957215,-0.00017583501941817814,4.787349549317846e-06,-1.5441498755903316,-0.00017583501946580866
9.20000000000034,-0.0008421666233910377,0.0072936325366509515,0.26055490273162163,2.635460402545342e-10,-0.0019330565134580621,0.0012515608449546222,43.27104297527935,4,True,4.717356070394638e-06,-1.5441508840082363,-0.00017328373780007664,4.717376826021076e-06,-1.5441508841028828,-0.0001732837378499327
9.210000000000335,-0.000829752212397298,0.007293632536651281,0.2605549094897753,2.6345799224965073e-10,-0.0019049647110109434,0.0012332016306940766,43.27104328796697,4,True,4.648393682278322e-06,-1.544151878054703,-0.00017076878339454578,4.6484144352882286e-06,-1.5441518781493364,-0.00017076878345189563
9.22000000000033,-0.0008175199224437468,0.007293632536651598,0.2605549161523838,2.6337289391227317e-10,-0.001877274130436366,0.0012151093134537096,43.271043596676655,4,True,4.580427384547447e-06,-1.5441528578365762,-0.00016828965793907447,4.58044812033117e-06,-1.5441528579311783,-0.000168289657977934
9.230000000000324,-0.0008054671055831689,0.0072936325366519065,0.260554922720738,2.632895253240292e-10,-0.0018499792337149422,0.0011972800788309663,43.27104390144766,4,True,4.513443110170076e-06,-1.5441538235526016,-0.00016584586941861864,4.513463836223654e-06,-1.544153823647209,-0.00016584586947540817
9.240000000000318,-0.0007935911517218786,0.007293632536652203,0.26055492919611295,2.632094013259073e-10,-0.0018230745538920397,0.0011797101651385158,43.27104420232832,4,True,4.447426995142027e-06,-1.544154775398966,-0.00016343693212459622,4.447447699218447e-06,-1.5441547754934855,-0.00016343693215381612
9.250000000000313,-0.0007818894880962997,0.007293632536652498,0.260554935579768,2.631294547220156e-10,-0.0017965546943180327,0.001162395862726073,43.271044499348555,4,True,4.382365342097547e-06,-1.544155713569177,-0.00016106236644813278,4.382386044436642e-06,-1.5441557136636812,-0.0001610623664873256
9.260000000000307,-0.0007703595787562969,0.007293632536652792,0.26055494187294687,2.630499952547712e-10,-0.0017704143278995685,0.0011453335133097214,43.27104479255469,4,True,4.318244667265762e-06,-1.5441566382543948,-0.00015872169895989668,4.318265365712218e-06,-1.5441566383488456,-0.0001587216989987959
9.270000000000302,-0.0007589989240551688,0.0072936325366530904,0.2605549480768782,2.6296968744429443e-10,-0.0017446481963495992,0.0011285195093073573,43.27104508199018,4,True,4.255051651473811e-06,-1.5441575496430766,-0.00015641446224779645,4.255072353790869e-06,-1.5441575497375621,-0.0001564144623005082
9.280000000000296,-0.0007478050601462435,0.007293632536653375,0.2605549541927753,2.6289250461076846e-10,-0.0017192511094407076,0.0011119502931825427,43.27104536768847,4,True,4.192773172163534e-06,-1.5441584479212893,-0.00015414019488761327,4.192793859734493e-06,-1.5441584480157087,-0.00015414019492552403
9.29000000000029,-0.000736775558486004,0.007293632536653662,0.2605549602218366,2.628152609526959e-10,-0.001694217944262754,0.0010956223567946625,43.2710456496947,4,True,4.1313962512100345e-06,-1.5441593332725485,-0.00015189844134261122,4.131416942473109e-06,-1.5441593333670418,-0.00015189844139312995
9.300000000000285,-0.0007259080253436692,0.007293632536653935,0.26055496616524526,2.627412227048891e-10,-0.0016695436444837876,0.001079532240757536,43.27104592804941,4,True,4.07090813698183e-06,-1.5441602058781552,-0.0001496887520613044,4.07092880952404e-06,-1.5441602059726947,-0.00014968875209359672
9.31000000000028,-0.0007152001013171386,0.0072936325366541955,0.2605549720241701,2.6267018123174923e-10,-0.0016452232196109394,0.00106367653380268,43.27104620279241,4,True,4.011296204274192e-06,-1.544161065916842,-0.0001475106830927373,4.011316847212099e-06,-1.5441610660111011,-0.00014751068310940962
9.320000000000274,-0.0007046494608552847,0.007293632536654473,0.2605549777997651,2.6259526662469197e-10,-0.0016212517442686853,0.0010480518721536973,43.27104647396861,4,True,3.952547998402809e-06,-1.5441619135648783,-0.0001453637963530222,3.95256865969924e-06,-1.5441619136591724,-0.0001453637964005282
9.330000000000268,-0.0006942538117864609,0.0072936325366547445,0.26055498349316997,2.6252182799597327e-10,-0.001597624357463351,0.0010326549389016919,43.27104674160662,4,True,3.894651285501377e-06,-1.5441627489962901,-0.00014324765939649608,3.894671942164999e-06,-1.544162749090594,-0.0001432476594396321
9.340000000000263,-0.0006840108948531978,0.007293632536655011,0.26055498910550995,2.6245010104942625e-10,-0.0015743362618678264,0.0010174824633935116,43.27104700575188,4,True,3.8375939597577075e-06,-1.544163572382815,-0.00014116184538185694,3.837614610439664e-06,-1.5441635724771388,-0.00014116184541989314
9.350000000000257,-0.0006739184832529974,0.007293632536655267,0.2605549946378959,2.623805708799364e-10,-0.0015513827231009253,0.0010025312206241005,43.271047266443475,4,True,3.7813640860026117e-06,-1.54416438389391,-0.00013910593303039526,3.7813847194994895e-06,-1.544164383988181,-0.00013910593305797237
9.360000000000252,-0.0006639743821851532,0.007293632536655525,0.260555000091425,2.623109585365668e-10,-0.0015287590690150534,0.0009877980306364194,43.271047523719815,4,True,3.725949886041852e-06,-1.5441651836967072,-0.000137079506508247,3.7259705231682863e-06,-1.5441651837908992,-0.00013707950655204672
9.370000000000246,-0.0006541764284035485,0.007293632536655774,0.2605550054671805,2.622433346875255e-10,-0.0015064606889842206,0.0009732797579270091,43.27104777761324,4,True,3.671339766527185e-06,-1.5441659719560723,-0.00013508215546017874,3.671360387545289e-06,-1.5441659720503138,-0.0001350821554875137
9.38000000000024,-0.0006445224897753502,0.0072936325366560195,0.2605550107662319,2.6217664181434374e-10,-0.0014844830332104296,0.0009589733108596773,43.2710480281712,4,True,3.6175222629743286e-06,-1.5441667488346429,-0.00013311347483732018,3.617542881390862e-06,-1.5441667489288522,-0.00013311347487330832
9.390000000000235,-0.0006350104648455254,0.007293632536656259,0.2605550159896349,2.6211166238430147e-10,-0.0014628216120157653,0.0009448756410866783,43.27104827542669,4,True,3.5644860925304835e-06,-1.5441675144930573,-0.00013117306495642975,3.5645067004126512e-06,-1.5441675145871978,-0.00013117306498983114
9.40000000000023,-0.0006256382824071219,0.007293632536656497,0.2605550211384317,2.6204688257028503e-10,-0.0014414719951469162,0.0009309837429741916,43.27104851942403,4,True,3.512220105122855e-06,-1.5441682690896141,-0.00012926053134746553,3.512240707907443e-06,-1.544168269183809,-0.00012926053138020833
9.410000000000224,-0.0006164039010772457,0.007293632536656732,0.2605550262136516,2.6198291451000624e-10,-0.0014204298110925065,0.0009172946530361137,43.27104876018936,4,True,3.4607133323351636e-06,-1.544169012780552,-0.00012737548468681853,3.460733934872838e-06,-1.5441690128747048,-0.0001273754847254262
9.420000000000218,-0.0006073053088786793,0.007293632536656963,0.26055503121631035,2.6191992696433676e-10,-0.0013996907463968292,0.0009038054493735713,43.27104899777251,4,True,3.4099549282055177e-06,-1.544169745719932,-0.00012551754085437798,3.4099755241963186e-06,-1.5441697458140609,-0.00012551754088596426
9.430000000000213,-0.0005983405228270407,0.007293632536657189,0.26055503614741077,2.6185868563186833e-10,-0.0013792505449776867,0.0008905132511234582,43.27104923220031,4,True,3.359934218241025e-06,-1.5441704680598674,-0.00012368632074663086,3.359954803915222e-06,-1.5441704681539594,-0.0001236863207771942
9.440000000000207,-0.0005895075885234583,0.007293632536657407,0.26055504100794274,2.617990336235154e-10,-0.0013591050074573967,0.0008774152179088125,43.27104946351801,4,True,3.310640663410151e-06,-1.544171179950283,-0.0001218814502888753,3.3106612373013745e-06,-1.5441711800443823,-0.00012188145031298937
9.450000000000202,-0.0005808045797526702,0.007293632536657621,0.2605550457988835,2.6174022878703534e-10,-0.0013392499904958542,0.0008645085493005828,43.27104969175415,4,True,3.2620638690830505e-06,-1.5441718815390622,-0.00012010256032070244,3.262084434446116e-06,-1.5441718816331673,-0.00012010256034669554
9.460000000000196,-0.0005722295980865021,0.007293632536657836,0.26055505052119754,2.6168159619566754e-10,-0.0013196814061196738,0.0008517904842821486,43.27104991694931,4,True,3.2141935805558854e-06,-1.5441725729722593,-0.0001183492866298498,3.2142141453517097e-06,-1.5441725730662839,-0.00011834928665896794
9.47000000000019,-0.0005637807724926365,0.007293632536658052,0.2605550551758369,2.616228430259543e-10,-0.001300395221067274,0.0008392583007231329,43.27105013913777,4,True,3.1670197025958597e-06,-1.5441732543937934,-0.00011662126981027157,3.1670402634780395e-06,-1.5441732544878268,-0.00011662126983577895
9.480000000000185,-0.0005554562589486392,0.007293632536658266,0.2605550597637413,2.615649553100559e-10,-0.0012813874561420648,0.0008269093148557328,43.27105035836081,4,True,3.12053226734767e-06,-1.5441739259455727,-0.00011491815523191334,3.120552827097482e-06,-1.5441739260395888,-0.0001149181552601387
9.49000000000018,-0.0005472542400611544,0.007293632536658474,0.26055506428583836,2.6150814746656616e-10,-0.001262654185555103,0.0008147408807626028,43.271050574646274,4,True,3.0747214483278444e-06,-1.5441745877678592,-0.0001132395930199026,3.0747419984447775e-06,-1.5441745878618167,-0.00011323959304264287
9.500000000000174,-0.0005391729246902194,0.007293632536658683,0.2605550687430434,2.614512316363154e-10,-0.001244191536291481,0.0008027503898648722,43.27105078803019,4,True,3.029577546713949e-06,-1.5441752399986017,-0.00011158523791161301,3.029598096454298e-06,-1.544175240092547,-0.00011158523794069956
9.510000000000169,-0.0005312105475786423,0.007293632536658896,0.2605550731362598,2.613943351218068e-10,-0.001225995687475036,0.0007909352704213292,43.2710509985475,4,True,2.9850910140166114e-06,-1.5441758827741472,-0.0001099547493111358,2.985111563178349e-06,-1.5441758828681127,-0.00010995474934676182
9.520000000000163,-0.0005233653689863635,0.007293632536659096,0.26055507746637924,2.6133978057480466e-10,-0.001208062869728979,0.0007792929870312439,43.271051206239676,4,True,2.941252419869445e-06,-1.5441765162290682,-0.00010834779118511119,2.9412729564237543e-06,-1.544176516322975,-0.00010834779120628045
9.530000000000157,-0.0005156356743297549,0.0072936325366593025,0.26055508173428177,2.6128460137970823e-10,-0.0011903893645549618,0.0007678210401432319,43.27105141113216,4,True,2.898052469858172e-06,-1.5441771404957187,-0.00010676403192624372,2.8980730084830906e-06,-1.5441771405895854,-0.00010676403195677746
9.540000000000152,-0.0005080197738257993,0.007293632536659502,0.2605550859408358,2.61230759480119e-10,-0.001172971503716544,0.0007565169655709444,43.27105161326345,4,True,2.8554820076058146e-06,-1.5441777557049796,-0.00010520314448005378,2.855502541267188e-06,-1.5441777557988419,-0.0001052031445031887
9.550000000000146,-0.0005005160021410743,0.007293632536659701,0.2605550900868985,2.6117773143944475e-10,-0.0011558056686230096,0.000745378334014375,43.271051812665746,4,True,2.8135319938569853e-06,-1.5441783619857359,-0.00010366480610314039,2.813552522386464e-06,-1.5441783620795908,-0.00010366480613447443
9.56000000000014,-0.0004931227180454991,0.007293632536659891,0.2605550941733153,2.6112626468387356e-10,-0.0011388882897204985,0.0007344027505863624,43.27105200937143,4,True,2.77219351421184e-06,-1.5441789594652195,-0.00010214869845650609,2.7722140355308996e-06,-1.5441789595590683,-0.00010214869848348646
9.570000000000135,-0.0004858383040707733,0.007293632536660078,0.260555098200921,2.6107582759187853e-10,-0.0011222158458875377,0.0007235878543469232,43.27105220341643,4,True,2.7314577845770117e-06,-1.5441795482689717,-0.0001006545074646503,2.731478304639671e-06,-1.5441795483628098,-0.00010065450749282188
9.58000000000013,-0.00047866116617345576,0.007293632536660256,0.2605551021705392,2.610272531670123e-10,-0.0011057848638399634,0.0007129313178397865,43.2710523948293,4,True,2.69131615021081e-06,-1.544180128520562,-9.918192328275113e-05,2.6913366565321687e-06,-1.544180128614433,-9.918192330811457e-05
9.590000000000124,-0.0004715897334026286,0.007293632536660428,0.2605551060829824,2.6098007574560213e-10,-0.0010895919175382591,0.0007024308466392289,43.27105258364554,4,True,2.651760057546566e-06,-1.544180700342199,-9.773064028682184e-05,2.651780554690438e-06,-1.544180700436005,-9.773064030677219e-05
9.600000000000119,-0.0004646224575720799,0.007293632536660602,0.26055510993905256,2.6093259120236467e-10,-0.0010736336276010654,0.0006920841788978921,43.271052769894,4,True,2.6127810821224407e-06,-1.5441812638540908,-9.630035693254341e-05,2.6128015798895257e-06,-1.5441812639478483,-9.630035695494021e-05
9.610000000000113,-0.00045775781293696296,0.007293632536660774,0.26055511373954093,2.608858596761463e-10,-0.0010579066607259535,0.0006818890849037661,43.271052953610315,4,True,2.57437092963096e-06,-1.5441818191749281,-9.489077582122185e-05,2.574391424009832e-06,-1.5441818192686996,-9.4890775845104e-05
9.620000000000108,-0.00045099429587486196,0.0072936325366609435,0.2605551174852284,2.608398009898628e-10,-0.0010424077291137544,0.0006718433666411928,43.27105313482423,4,True,2.536521407391161e-06,-1.544182366421782,-9.350160356026296e-05,2.5365418945638155e-06,-1.5441823665155094,-9.350160357880201e-05
9.630000000000102,-0.00044433042457121607,0.0072936325366611135,0.2605551211768851,2.607934477623315e-10,-0.0010271335898977313,0.0006619448573575218,43.27105331356563,4,True,2.4992244381263897e-06,-1.5441829057101022,-9.213255074522218e-05,2.499244927261626e-06,-1.544182905803864,-9.213255077425202e-05
9.640000000000096,-0.0004377647387090482,0.007293632536661278,0.2605551248152711,2.6074845779968496e-10,-0.001012081044580074,0.0006521914211351426,43.271053489871065,4,True,2.4624720662987924e-06,-1.5441834371538183,-9.07833319226637e-05,2.4624925463264867e-06,-1.5441834372475194,-9.078333194197475e-05
9.650000000000091,-0.0004312957991629395,0.007293632536661449,0.26055512840113626,2.607025585581211e-10,-0.0009972469384754313,0.0006425809524683455,43.271053663758835,4,True,2.4262564390677178e-06,-1.5441839608648753,-8.945366546589123e-05,2.4262769228036275e-06,-1.5441839609585923,-8.945366548618359e-05
9.660000000000085,-0.0004249221876972165,0.007293632536661617,0.26055513193522056,2.606570494884858e-10,-0.0009826281601622035,0.0006331113758474345,43.27105383526962,4,True,2.390569825227313e-06,-1.5441844769542357,-8.814327367734081e-05,2.39059030970521e-06,-1.544184477047948,-8.814327370945943e-05
9.67000000000008,-0.0004186425066682492,0.0072936325366617745,0.26055513541825387,2.606137599398453e-10,-0.0009682216409294909,0.000623780645346649,43.271054004429665,4,True,2.3554045962124533e-06,-1.544184985531045,-8.685188260875515e-05,2.355425066769059e-06,-1.5441849856247059,-8.685188262631695e-05
9.680000000000074,-0.0004124553787308659,0.007293632536661931,0.2605551388509562,2.6057149431814654e-10,-0.0009540243542357765,0.0006145867442162804,43.271054171272404,4,True,2.320753218106384e-06,-1.544185486702864,-8.557922203751874e-05,2.3207736833406413e-06,-1.5441854867965235,-8.55792220541999e-05
9.690000000000069,-0.00040635944654879,0.007293632536662084,0.2605551422340382,2.605297997316731e-10,-0.0009400333151746885,0.0006055276844829461,43.2710543358278,4,True,2.2866082854852158e-06,-1.5441859805759481,-8.432502546036856e-05,2.286628742228042e-06,-1.544185980669584,-8.432502547909387e-05
9.700000000000063,-0.0004003533725090742,0.00729363253666224,0.26055514556820064,2.604874365727906e-10,-0.0009262455799420279,0.000596601506551614,43.27105449811511,4,True,2.252962477868206e-06,-1.5441864672549246,-8.308903001894327e-05,2.252982936191433e-06,-1.5441864673485215,-8.308903003673681e-05
9.710000000000058,-0.0003944358384404661,0.007293632536662395,0.26055514885413505,2.6044568806465286e-10,-0.0009126582453209597,0.0005878062788153914,43.27105465817023,4,True,2.2198085950353605e-06,-1.544186946842923,-8.187097644334533e-05,2.2198290523892703e-06,-1.5441869469365734,-8.187097646020397e-05
9.720000000000052,-0.00038860554533565937,0.0072936325366625455,0.26055515209252345,2.604050613236806e-10,-0.0008992684481517868,0.0005791400972688477,43.271054816024794,4,True,2.1871395268551045e-06,-1.544187419441951,-8.067060906537947e-05,2.187159973428887e-06,-1.5441874195355372,-8.06706090772524e-05
9.730000000000047,-0.0003828612130773773,0.007293632536662699,0.26055515528403883,2.603636666388242e-10,-0.0008860733648203842,0.0005706010851261816,43.27105497169838,4,True,2.154948264464574e-06,-1.5441878851521018,-7.948767566038434e-05,2.1549687188153793e-06,-1.5441878852457147,-7.94876756848628e-05
9.740000000000041,-0.0003772015801682505,0.0072936325366628465,0.26055515842934496,2.60323778795988e-10,-0.0008730702107557658,0.0005621873924462792,43.271055125221636,4,True,2.1232279062494924e-06,-1.5441883440725177,-7.832192756523301e-05,2.1232483535281553e-06,-1.5441883441660935,-7.832192757934189e-05
9.750000000000036,-0.0003716254034644206,0.007293632536662992,0.26055516152909675,2.602843456501555e-10,-0.0008602562399177305,0.0005538971957597951,43.27105527663172,4,True,2.091971635284689e-06,-1.5441887963007201,-7.717311945955317e-05,2.0919920859518224e-06,-1.5441887963943637,-7.717311948099056e-05
9.76000000000003,-0.00036613145791284583,0.007293632536663126,0.2605551645839399,2.602476832525327e-10,-0.000847628744311052,0.0005457286977019515,43.27105542594441,4,True,2.0611727512333176e-06,-1.5441892419329712,-7.604100944805138e-05,2.061193183971515e-06,-1.544189242026465,-7.604100945847056e-05
9.770000000000024,-0.00036071853629224195,0.00729363253666326,0.2605551675945118,2.6021082039599804e-10,-0.00083518505348087,0.0005376801266525703,43.271055573191845,4,True,2.0308246161517117e-06,-1.5441896810640523,-7.492535895867304e-05,2.030845050418729e-06,-1.544189681157603,-7.492535897240007e-05
9.780000000000019,-0.0003553854489576148,0.007293632536663392,0.26055517056144073,2.6017453756802546e-10,-0.0008229225340370708,0.0005297497363763243,43.271055718392056,4,True,2.0009207234718953e-06,-1.5441901137876097,-7.382593270586502e-05,2.000941150183121e-06,-1.544190113881087,-7.382593271616982e-05
9.790000000000013,-0.0003501310235883481,0.007293632536663529,0.26055517348534657,2.601369684925155e-10,-0.0008108385891649271,0.0005219358056722281,43.2710558615933,4,True,1.9714546213221505e-06,-1.5441905401958342,-7.274249868131345e-05,1.971475053445883e-06,-1.5441905402893292,-7.274249870308434e-05
9.800000000000008,-0.0003449541049397816,0.007293632536663666,0.260555176366841,2.6009995064769405e-10,-0.0007989306581497521,0.0005142366380236985,43.27105600279769,4,True,1.9424199855478035e-06,-1.5441909603796096,-7.167482806327194e-05,1.942440413677213e-06,-1.5441909604731012,-7.167482807863557e-05
9.810000000000002,-0.0003398535545982622,0.007293632536663798,0.26055517920652715,2.600639567162825e-10,-0.0007871962159115528,0.0005066505612563987,43.27105614203945,4,True,1.913810562898841e-06,-1.5441913744286544,-7.062269521956973e-05,1.9138309898496688e-06,-1.5441913745221627,-7.062269524125269e-05
9.819999999999997,-0.0003348282507395892,0.007293632536663924,0.2605551820049999,2.6002962780111946e-10,-0.0007756327725389972,0.0004991759271977358,43.27105627934137,4,True,1.8856201942434917e-06,-1.5441917824313143,-6.958587761891044e-05,1.8856406142403957e-06,-1.5441917825248075,-6.958587763858456e-05
9.829999999999991,-0.00032987708789083975,0.007293632536664046,0.2605551847628458,2.5999597201791333e-10,-0.0007642378728250014,0.0004918111113435459,43.271056414740656,4,True,1.857842787857307e-06,-1.544192184474845,-6.856415586675982e-05,1.8578632029566733e-06,-1.5441921845683166,-6.856415588436098e-05
9.839999999999986,-0.0003249989766954981,0.007293632536664171,0.26055518748064366,2.59961919198461e-10,-0.0007530090958097448,0.00048455451252782497,43.2710565482487,4,True,1.8304723691497608e-06,-1.5441925806451144,-6.755731355249791e-05,1.830492789648366e-06,-1.5441925807386099,-6.755731357630888e-05
9.84999999999998,-0.000320192843681885,0.007293632536664285,0.26055519015896417,2.599304783258797e-10,-0.0007419440543376883,0.00047740455259573524,43.27105667990058,4,True,1.8035030352506469e-06,-1.5441929710269466,-6.656513733910593e-05,1.8035234382792516e-06,-1.5441929711204214,-6.656513734756916e-05
9.859999999999975,-0.0003154576310348048,0.007293632536664397,0.26055519279837036,2.598992839139573e-10,-0.0007310403946034787,0.00047035967608302404,43.27105680970746,4,True,1.7769289663671497e-06,-1.5441933557038199,-6.558741679340423e-05,1.776949362246959e-06,-1.5441933557972627,-6.558741679802933e-05
9.869999999999969,-0.0003107922963704003,0.0072936325366645145,0.26055519539941735,2.5986719989716324e-10,-0.0007202957957249659,0.00046341834989731316,43.27105693771112,4,True,1.7507444101208307e-06,-1.5441937347579617,-6.462394445010004e-05,1.7507648112904353e-06,-1.544193734851367,-6.462394446523353e-05
9.879999999999963,-0.00030619581251414255,0.007293632536664638,0.26055519796265275,2.598340892967886e-10,-0.0007097079692935623,0.0004565790630073103,43.27105706392233,4,True,1.724943728269294e-06,-1.5441941082707673,-6.367451573850148e-05,1.7249641359596428e-06,-1.5441941083641773,-6.367451576377456e-05
9.889999999999958,-0.00030166716728194224,0.007293632536664756,0.2605552004886166,2.598023678724044e-10,-0.000699274658957126,0.0004498403261312608,43.27105718836422,4,True,1.699521351915315e-06,-1.5441944763221354,-6.27389289307223e-05,1.699541752890136e-06,-1.5441944764155071,-6.273892894360996e-05
9.899999999999952,-0.0002972053632643256,0.0072936325366648735,0.2605552029778413,2.597705231328409e-10,-0.0006889936399899289,0.000443200671433605,43.27105731107195,4,True,1.674471768017773e-06,-1.5441948389910833,-6.181698512270445e-05,1.674492169412336e-06,-1.5441948390845022,-6.181698514152175e-05
9.909999999999947,-0.0002928094176136279,0.007293632536664987,0.26055520543085225,2.597393078882767e-10,-0.0006788627188676831,0.00043665865222366535,43.2710574320543,4,True,1.6497895750907143e-06,-1.544195196355428,-6.0908488179360184e-05,1.6498099774096342e-06,-1.544195196448817,-6.090848820038292e-05
9.919999999999941,-0.00028847836183418837,0.0072936325366651,0.26055520784816744,2.5970911783516435e-10,-0.0006688797328645052,0.0004302128426577458,43.271057551342494,4,True,1.625469434177913e-06,-1.5441955484917083,-6.001324469994886e-05,1.6254898314795788e-06,-1.5441955485850904,-6.001324471175143e-05
9.929999999999936,-0.00028421124157548784,0.007293632536665204,0.2605552102302976,2.5968057094488767e-10,-0.0006590425496344051,0.0004238618374484429,43.27105766895619,4,True,1.6015060751139951e-06,-1.5441958954757595,-5.913106402283525e-05,1.6015264631718617e-06,-1.5441958955690689,-5.91310640333625e-05
9.93999999999993,-0.00028000711642818283,0.007293632536665308,0.2605552125777465,2.5965202161896434e-10,-0.0006493490668043022,0.00041760425157375913,43.27105778492072,4,True,1.5778943123499763e-06,-1.5441962373820022,-5.826175813831377e-05,1.5779146974961909e-06,-1.5441962374753637,-5.8261758148028166e-05
9.949999999999925,-0.0002758650597230208,0.007293632536665412,0.26055521489101074,2.5962321949908905e-10,-0.0006397972115815086,0.00041143871999241186,43.27105789925521,4,True,1.5546290350625319e-06,-1.5441965742839703,-5.7405141655749085e-05,1.5546494203893677e-06,-1.5441965743772943,-5.740514166307932e-05
9.95999999999992,-0.0002717841583325864,0.007293632536665519,0.26055521717058044,2.595943256436478e-10,-0.0006303849403531958,0.00040536389736226734,43.27105801198145,4,True,1.531705193353574e-06,-1.5441969062540424,-5.6561031795155365e-05,1.5317255803966138e-06,-1.5441969063473984,-5.6561031814800566e-05
9.969999999999914,-0.00026776351247583246,0.007293632536665615,0.2605552194169385,2.5956775174151263e-10,-0.0006211102382923354,0.00039937845776426354,43.27105812312322,4,True,1.5091178395093483e-06,-1.5441972333637988,-5.5729248374985e-05,1.5091382144739558e-06,-1.54419723345713,-5.572924838467536e-05
9.979999999999908,-0.0002638022355253685,0.007293632536665712,0.26055522163056133,2.5954088162318335e-10,-0.0006119711189801751,0.00039348109442628666,43.271058232692596,4,True,1.4868620566437903e-06,-1.5441975556834786,-5.490961367217208e-05,1.4868824386586392e-06,-1.5441975557768262,-5.490961369098388e-05
9.989999999999903,-0.00025989945381747813,0.007293632536665807,0.2605552238119186,2.5951517845993185e-10,-0.000602965624018353,0.000387670519454372,43.271058340728835,4,True,1.464933028127132e-06,-1.544197873282611,-5.410195257520818e-05,1.4649533987086285e-06,-1.544197873375924,-5.410195258307933e-05
9.999999999999897,-0.0002560543064647928,0.0072936325366659,0.2605552259614735,2.5948983028964506e-10,-0.0005940918226489579,0.00038194546356657707,43.271058447239035,4,True,1.4433259934263817e-06,-1.5441981862296208,-5.330609230718332e-05,1.4433463583747704e-06,-1.5441981863228882,-5.330609230630433e-05
10.009999999999891,-0.00025226594517163963,0.0072936325366659985,0.26055522807968273,2.594629420410964e-10,-0.0005853478113887391,0.00037630467582904436,43.271058552241925,4,True,1.4220362603297107e-06,-1.5441984945919165,-5.252186260056812e-05,1.4220566272626433e-06,-1.544198494685174,-5.25218626089551e-05
10.019999999999886,-0.0002485335340519845,0.007293632536666103,0.2605552301669968,2.5943519922423834e-10,-0.0005767317136589417,0.00037074692339613725,43.271058655773146,4,True,1.4010592090669558e-06,-1.5441987984359786,-5.174909557049055e-05,1.4010795853983018e-06,-1.5441987985292447,-5.174909558466313e-05
10.02999999999988,-0.00024485624944995196,0.007293632536666203,0.2605552322238596,2.5940800507447944e-10,-0.000568241679425065,0.00036527099125607153,43.27105875782651,4,True,1.3803902877596168e-06,-1.544199097827262,-5.09876256971631e-05,1.3804106625744417e-06,-1.5441990979205609,-5.098762570909309e-05
10.039999999999875,-0.00024123327976288342,0.007293632536666299,0.2605552342507093,2.593820196753845e-10,-0.0005598758848286572,0.0003598756819784857,43.27105885844463,4,True,1.3600250004722907e-06,-1.5441993928306164,-5.023728981147915e-05,1.3600453741613275e-06,-1.544199392923875,-5.023728982876228e-05
10.04999999999987,-0.00023766382526689564,0.00729363253666639,0.26055523624797755,2.5935754730924233e-10,-0.0005516325318374115,0.00035455981546417584,43.271058957638374,4,True,1.3399589262597392e-06,-1.5441996835095901,-4.949792701293392e-05,1.3399792948753062e-06,-1.5441996836028835,-4.9497927027309304e-05
10.059999999999864,-0.00023414709794492854,0.007293632536666474,0.26055523821608995,2.593344159286463e-10,-0.0005435098478986494,0.0003493222286990901,43.271059055429156,4,True,1.3201877011774606e-06,-1.5441999699269486,-4.876937869529876e-05,1.320208061068019e-06,-1.5441999700202393,-4.8769378706472574e-05
10.069999999999858,-0.00023068232131721254,0.007293632536666552,0.2605552401554664,2.5931245795009797e-10,-0.0005355060855889883,0.0003441617755150314,43.27105915183708,4,True,1.3007070267591005e-06,-1.5442002521446958,-4.8051488513564485e-05,1.300727375108747e-06,-1.5442002522379081,-4.8051488512015675e-05
10.079999999999853,-0.0002272687302741455,0.007293632536666634,0.2605552420665206,2.592898780428345e-10,-0.0005276195222753688,0.0003390773263468953,43.27105924687338,4,True,1.2815126529807353e-06,-1.5442005302236699,-4.734410227315445e-05,1.281533003481798e-06,-1.5442005303169581,-4.73441022767624e-05
10.089999999999847,-0.00022390557091155029,0.007293632536666712,0.26055524394966084,2.59268212347987e-10,-0.0005198484597778838,0.0003340677679998417,43.27105934056316,4,True,1.262600420807493e-06,-1.5442008042241937,-4.664706803879076e-05,1.2626207654026558e-06,-1.5442008043173798,-4.664706804273173e-05
10.099999999999842,-0.00022059210036825606,0.007293632536666796,0.2605552458052893,2.5924523254903725e-10,-0.0005121912240295547,0.00032913200341507426,43.27105943292807,4,True,1.2439661933930993e-06,-1.5442010742054666,-4.596023596845651e-05,1.2439865448549548e-06,-1.5442010742986487,-4.5960235978938796e-05
10.109999999999836,-0.00021732758666600027,0.007293632536666879,0.2605552476338028,2.592223967686767e-10,-0.0005046461647529526,0.00032426895144159766,43.2710595239803,4,True,1.2256059307107162e-06,-1.5442013402258945,-4.528345837490382e-05,1.2256262801442463e-06,-1.5442013403191133,-4.528345838137822e-05
10.11999999999983,-0.0002141113085516022,0.007293632536666961,0.26055524943559244,2.5919998880316706e-10,-0.0004972116551366596,0.0003194775466087341,43.27105961373631,4,True,1.207515626216136e-06,-1.5442016023430807,-4.461658963245844e-05,1.2075359749668897e-06,-1.5442016024362564,-4.461658963917453e-05
10.129999999999825,-0.00021094255534138552,0.007293632536667036,0.26055525121104384,2.5917948567380314e-10,-0.0004898860915137243,0.0003147567389039031,43.2710597022131,4,True,1.189691353261445e-06,-1.5442018606137569,-4.395948621345771e-05,1.189711682745147e-06,-1.5442018607069217,-4.39594862046812e-05
10.13999999999982,-0.00020782062676781554,0.0072936325366671235,0.26055525296053716,2.5915592140307697e-10,-0.0004826678930447514,0.0003101054935525835,43.271059789441665,4,True,1.1721291918666956e-06,-1.5442021150939584,-4.33120066345865e-05,1.1721495342859391e-06,-1.5442021151871306,-4.331200665036817e-05
10.149999999999814,-0.00020474483282829605,0.0072936325366672146,0.2605552546844473,2.5913174012589623e-10,-0.00047555550139708033,0.0003055227908020721,43.27105987542436,4,True,1.1548253359193173e-06,-1.5442023658388842,-4.267401138217875e-05,1.1548456882881554e-06,-1.5442023659320867,-4.2674011405920606e-05
10.159999999999808,-0.00020171449363616217,0.007293632536667296,0.26055525638314375,2.591096018877479e-10,-0.000468547380445702,0.00030100762570450427,43.27105996018217,4,True,1.1377760205857453e-06,-1.5442026129027853,-4.2045362954029226e-05,1.1377963651462339e-06,-1.544202612995966,-4.2045362965657836e-05
10.169999999999803,-0.0001987289392737687,0.007293632536667373,0.26055525805699087,2.5908879927967495e-10,-0.0004616420159654513,0.00029655900790897914,43.2710600437319,4,True,1.1209775154074648e-06,-1.5442028563393266,-4.142592578928015e-05,1.120997853223301e-06,-1.544202856432476,-4.1425925793709575e-05
10.179999999999797,-0.0001957875096476826,0.007293632536667453,0.26055525970634785,2.590675150731903e-10,-0.0004548379153288739,0.000292175961451479,43.27106012609173,4,True,1.1044261495766571e-06,-1.5442030962013127,-4.081556626334036e-05,1.1044464947369196e-06,-1.5442030962944824,-4.081556627648753e-05
10.189999999999792,-0.00019288955434593926,0.00729363253666752,0.26055526133156887,2.590489692507305e-10,-0.00044813360720904436,0.0002878575245503398,43.271060207278275,4,True,1.088118328800741e-06,-1.5442033325407671,-4.021415266402058e-05,1.0881386582287555e-06,-1.5442033326339693,-4.021415266716872e-05
10.199999999999786,-0.0001900344324973352,0.007293632536667589,0.260555262933003,2.590298328283421e-10,-0.00044152764128725804,0.0002836027494037165,43.27106028731051,4,True,1.0720504711224484e-06,-1.5442035654091313,-3.962155512117665e-05,1.0720708042129386e-06,-1.5442035655022446,-3.9621555125758274e-05
10.20999999999978,-0.00018722151263274027,0.007293632536667658,0.2605552645109945,2.5901082076691477e-10,-0.0004350185879641306,0.00027941070198777873,43.27106036618736,4,True,1.0562190805951378e-06,-1.544203794856728,-3.9037645637035994e-05,1.0562394130366652e-06,-1.544203794949901,-3.903764564328092e-05
10.219999999999775,-0.00018445017254838287,0.0072936325366677185,0.26055526606588253,2.5899372843283516e-10,-0.0004286050380681978,0.0002752804618651208,43.27106044394979,4,True,1.0406206964620016e-06,-1.5442040209338237,-3.846229808807061e-05,1.0406410187367416e-06,-1.5442040210269412,-3.8462298090040335e-05
10.22999999999977,-0.00018171979917108055,0.007293632536667785,0.2605552675980018,2.5897535112177053e-10,-0.00042228560257583694,0.00027121112198372714,43.27106052059873,4,True,1.0252519039755038e-06,-1.5442042436891932,-3.789538803377055e-05,1.025272231811354e-06,-1.5442042437823513,-3.7895388043141255e-05
10.239999999999764,-0.0001790297884254269,0.007293632536667852,0.260555269107682,2.589569706147721e-10,-0.00041605891233594206,0.0002672017884896476,43.27106059614977,4,True,1.0101093527404878e-06,-1.5442044631714305,-3.733679290159637e-05,1.010129679382977e-06,-1.544204463264546,-3.733679291541811e-05
10.249999999999758,-0.00017637954510285497,0.0072936325366679215,0.2605552705952483,2.589383262342695e-10,-0.0004099236177926425,0.0002632515805371363,43.27106067062316,4,True,9.951897273031494e-07,-1.5442046794281947,-3.678639185258373e-05,9.952100603307864e-07,-1.544204679521343,-3.678639186175226e-05
10.259999999999753,-0.00017376848273258013,0.007293632536667983,0.260555272061021,2.589212249374622e-10,-0.0004038783887132541,0.0002593596301024569,43.27106074402818,4,True,9.804897741044726e-07,-1.5442048925066092,-3.624406575361273e-05,9.805100969832453e-07,-1.544204892599752,-3.6244065763654546e-05
10.269999999999747,-0.00017119602345439886,0.007293632536668043,0.26055527350531626,2.5890451339918875e-10,-0.00039792191392251745,0.0002555250817996141,43.27106081638078,4,True,9.660062713643113e-07,-1.5442051024529402,-3.5709697184639006e-05,9.660265906773668e-07,-1.5442051025460737,-3.570969718782491e-05
10.279999999999742,-0.00016866159789330351,0.007293632536668095,0.2605552749284454,2.588890305193416e-10,-0.00039205290103496733,0.0002517470927003077,43.271060887701466,4,True,9.517360463338624e-07,-1.5442053093130657,-3.51831704261731e-05,9.517563567484878e-07,-1.544205309406194,-3.5183170422884496e-05
10.289999999999736,-0.00016616464503588896,0.007293632536668159,0.26055527633071535,2.588712980770819e-10,-0.00038627007619048326,0.0002480248321544931,43.27106095800076,4,True,9.376759719763829e-07,-1.5442055131320147,-3.4664371365855594e-05,9.376962920172735e-07,-1.5442055132250567,-3.466437137391436e-05
10.29999999999973,-0.00016370461210854997,0.0072936325366682285,0.2605552777124289,2.588532795836636e-10,-0.00038057218380369614,0.00024435748161355156,43.2710610272902,4,True,9.238229822721347e-07,-1.5442057139540175,-3.415318755966421e-05,9.238433073612874e-07,-1.5442057140470817,-3.415318757044103e-05
10.309999999999725,-0.0001612809544574139,0.007293632536668289,0.26055527907388437,2.588359948754059e-10,-0.00037495798630714434,0.0002407442344582119,43.271061095587505,4,True,9.101740452257985e-07,-1.5442059118229303,-3.364950816944416e-05,9.101943668184229e-07,-1.544205911915995,-3.364950817733946e-05
10.31999999999972,-0.00015889313542999668,0.007293632536668348,0.2605552804153759,2.5881974394792205e-10,-0.000369426263900214,0.00023718429582616623,43.271061162901425,4,True,8.967261682599834e-07,-1.5442061067818396,-3.315322392995097e-05,8.967464852383857e-07,-1.5442061068749717,-3.3153223941312596e-05
10.329999999999714,-0.0001565406262585668,0.0072936325366684,0.2605552817371934,2.5880481639586244e-10,-0.0003639758143009189,0.00023367688244313638,43.27106122924963,4,True,8.834764079189448e-07,-1.5442062988733696,-3.266422717724403e-05,8.834967134021003e-07,-1.5442062989664052,-3.266422717703158e-05
10.339999999999709,-0.00015422290594517126,0.0072936325366684636,0.2605552830396226,2.587877130318555e-10,-0.00035860545250134386,0.0002302212224578879,43.27106129464781,4,True,8.704218448394894e-07,-1.5442064881392699,-3.218241173097463e-05,8.704421612647283e-07,-1.544206488232336,-3.21824117477231e-05
10.349999999999703,-0.0001519394611483308,0.007293632536668522,0.2605552843229452,2.587722724150129e-10,-0.0003533140105260375,0.00022681655527427555,43.2710613591055,4,True,8.575596421360749e-07,-1.544206674620906,-3.170767301813997e-05,8.57579949640583e-07,-1.544206674713971,-3.170767302436112e-05
10.359999999999697,-0.00014968978607134197,0.007293632536668573,0.2605552855874389,2.5875831477416954e-10,-0.0003481003371944334,0.00022346213139611522,43.27106142263372,4,True,8.448869748082037e-07,-1.5442068583590147,-3.123990787875991e-05,8.449072630168947e-07,-1.5442068584520519,-3.1239907860684365e-05
10.369999999999692,-0.00014747338235221482,0.0072936325366686405,0.2605552868333774,2.587402755923623e-10,-0.000342963297886517,0.00022015721225939895,43.27106148525509,4,True,8.32401033871023e-07,-1.5442070393936225,-3.0779014675944336e-05,8.324213453438263e-07,-1.5442070394866076,-3.077901469478518e-05
10.379999999999686,-0.00014528975895516545,0.00729363253666871,0.26055528806103057,2.5872202213476577e-10,-0.0003379017743055443,0.00021690107008144873,43.27106154697492,4,True,8.200991203578419e-07,-1.5442072177643238,-3.0324893255587312e-05,8.201194349203537e-07,-1.5442072178573736,-3.032489327401852e-05
10.38999999999968,-0.00014313843206369275,0.007293632536668771,0.26055528927066435,2.5870566054784087e-10,-0.00033291466425746107,0.0002136929877010657,43.271061607803276,4,True,8.079785270403316e-07,-1.5442073935099747,-2.987744484568729e-05,8.079988345568643e-07,-1.544207393603024,-2.987744485450867e-05
10.399999999999675,-0.00014101892497518919,0.007293632536668831,0.2605552904625409,2.586897991516152e-10,-0.0003280008814215069,0.00021053225842884154,43.271061667756406,4,True,7.960365856938322e-07,-1.5442075666690505,-2.9436572141650376e-05,7.96056893845809e-07,-1.5442075667620718,-2.9436572147039565e-05
10.40999999999967,-0.0001389307679970606,0.007293632536668886,0.2605552916369186,2.58675358432241e-10,-0.00032315935512715067,0.0002074181858949158,43.27106172684735,4,True,7.842706837639075e-07,-1.544207737279349,-2.900217921847607e-05,7.842909830311693e-07,-1.5442077373724183,-2.900217922713722e-05
10.419999999999664,-0.0001368734983443513,0.007293632536668933,0.2605552927940521,2.586621947996021e-10,-0.0003183890301337091,0.00020435008389989152,43.271061785088186,4,True,7.726782325800583e-07,-1.5442079053782067,-2.8574171543131575e-05,7.726985245271902e-07,-1.5442079054712152,-2.857417154938272e-05
10.429999999999659,-0.00013484666003884174,0.007293632536668982,0.2605552939341926,2.586487192315239e-10,-0.00031368886641527786,0.00020132727626878056,43.27106184248726,4,True,7.612566869800768e-07,-1.5442080710022867,-2.815245591161461e-05,7.612769810892061e-07,-1.5442080710953294,-2.8152455916837402e-05
10.439999999999653,-0.00013284980380960797,0.00729363253666903,0.26055529505758745,2.5863536104042737e-10,-0.00030905783894562657,0.00019834909670674857,43.271061899060356,4,True,7.500035438593634e-07,-1.544208234187931,-2.773694050698572e-05,7.500238367988757e-07,-1.5442082342809156,-2.7736940507472663e-05
10.449999999999648,-0.0001308824869950069,0.007293632536669083,0.2605552961644808,2.586212087605686e-10,-0.00030449493748754673,0.00019541488865497053,43.271061954816936,4,True,7.389163289331199e-07,-1.544208394970701,-2.7327534783274824e-05,7.389366235700253e-07,-1.544208395063727,-2.7327534785809865e-05
10.459999999999642,-0.00012894427344608512,0.0072936325366691375,0.2605552972551128,2.586065773043222e-10,-0.00029999916638477744,0.0001925240051519639,43.271062009766496,4,True,7.27992605374744e-07,-1.5442085533858472,-2.6924149559802207e-05,7.280129046321701e-07,-1.5442085534788355,-2.6924149568160146e-05
10.469999999999636,-0.00012703473343136942,0.007293632536669184,0.2605552983297205,2.585936862663978e-10,-0.00029556954435525144,0.00018967580869409668,43.27106206393135,4,True,7.172299828489203e-07,-1.5442087094680612,-2.652669690726491e-05,7.172502662147106e-07,-1.544208709560976,-2.652669690004224e-05
10.479999999999631,-0.00012515344354304604,0.007293632536669243,0.2605552993885375,2.585780341592899e-10,-0.00029120510428906675,0.00018686967109905623,43.271062117305824,4,True,7.06626075754082e-07,-1.544208863251447,-2.613509013639094e-05,7.066463771183534e-07,-1.5442088633443878,-2.6135090148758934e-05
10.489999999999625,-0.00012329998660448658,0.007293632536669298,0.260555300431794,2.585633434584475e-10,-0.0002869048930468278,0.00018410497337128858,43.27106216991471,4,True,6.96178573190165e-07,-1.5442090147697325,-2.5749243861127838e-05,6.961988751587301e-07,-1.5442090148627796,-2.5749243872506635e-05
10.49999999999962,-0.00012147395157911433,0.007293632536669343,0.26055530145971684,2.585506724112736e-10,-0.00028266797126533005,0.00018138110556863726,43.27106222176253,4,True,6.858851768653331e-07,-1.5442091640561069,-2.536907388739877e-05,6.859054694343227e-07,-1.5442091641491071,-2.5369073902645838e-05
10.509999999999614,-0.00011967493348059367,0.007293632536669386,0.26055530247253,2.585385365839235e-10,-0.0002784934131617669,0.00017869746667185786,43.27106227285947,4,True,6.757436182973497e-07,-1.544209311143164,-2.499449727614207e-05,6.757639070683182e-07,-1.544209311236127,-2.499449727563892e-05
10.519999999999609,-0.00011790253328430228,0.007293632536669432,0.2605553034704535,2.585258990905971e-10,-0.0002743803063415035,0.00017605346445630625,43.27106232321772,4,True,6.657516633116556e-07,-1.5442094560632422,-2.4625432238955676e-05,6.657719549624345e-07,-1.5442094561562285,-2.4625432249485068e-05
10.529999999999603,-0.00011615635784009759,0.007293632536669475,0.26055530445370495,2.5851424276055894e-10,-0.00027032775160883306,0.00017344851536348264,43.27106237284978,4,True,6.559071209112976e-07,-1.5442095988480362,-2.4261798203357974e-05,6.559274091466058e-07,-1.544209598941011,-2.426179820756289e-05
10.539999999999598,-0.00011443601978634205,0.007293632536669518,0.26055530542249833,2.5850234792631974e-10,-0.00026633486278008865,0.00017088204437634358,43.271062421761634,4,True,6.462078224996372e-07,-1.5442097395288679,-2.3903515753406215e-05,6.462281119758385e-07,-1.5442097396218553,-2.3903515756533582e-05
10.549999999999592,-0.00011274113746517088,0.007293632536669562,0.26055530637704466,2.5849075412754563e-10,-0.0002624007664991501,0.00016835348489513714,43.27106246996617,4,True,6.36651633145269e-07,-1.5442098781365934,-2.3550506606996808e-05,6.366719220356725e-07,-1.5442098782295688,-2.3550506606979067e-05
10.559999999999587,-0.00011107133483898932,0.007293632536669605,0.26055530731755205,2.584792283464757e-10,-0.00025852460205573523,0.00016586227861613257,43.27106251747563,4,True,6.272364538528313e-07,-1.544210014701619,-2.32026936284873e-05,6.272567409850214e-07,-1.5442100147945699,-2.3202693627744745e-05
10.569999999999581,-0.00010942624140817678,0.007293632536669648,0.2605553082442254,2.5846724840801697e-10,-0.00025470552120491,0.00016340787541115168,43.27106256429542,4,True,6.179602039844398e-07,-1.5442101492538978,-2.2860000798925008e-05,6.179804939937501e-07,-1.5442101493468428,-2.2860000806527935e-05
10.579999999999576,-0.00010780549212998348,0.007293632536669694,0.26055530915726693,2.5845491993544095e-10,-0.0002509426879920117,0.00016098973320864858,43.27106261043729,4,True,6.088208482300602e-07,-1.5442102818228713,-2.252235317519384e-05,6.088411441035422e-07,-1.5442102819158228,-2.252235319057543e-05
10.58999999999957,-0.00010620872733860874,0.007293632536669738,0.2605553100568758,2.584433170739879e-10,-0.00024723527857791096,0.00015860731787792383,43.27106265591036,4,True,5.998163783190743e-07,-1.5442104124377305,-2.218967694977392e-05,5.998366740732195e-07,-1.5442104125306735,-2.2189676960355476e-05
10.599999999999564,-0.00010463559266642747,0.007293632536669778,0.2605553109432483,2.584328160214752e-10,-0.00024358248106630853,0.00015626010311241498,43.271062700725125,4,True,5.909448013347184e-07,-1.5442105411269949,-2.1861899312025483e-05,5.909650954235088e-07,-1.5442105412199965,-2.186189932576887e-05
10.609999999999559,-0.00010308573896636808,0.007293632536669807,0.2605553118165779,2.5842446578953765e-10,-0.00023998349533312866,0.00015394757031851673,43.271062744887914,4,True,5.822041770417344e-07,-1.5442106679191345,-2.153894857987957e-05,5.822244584485374e-07,-1.5442106680121113,-2.1538948577849972e-05
10.619999999999553,-0.00010155882223540943,0.007293632536669833,0.26055531267705495,2.584166187173281e-10,-0.00023643753286017337,0.00015166920850191216,43.27106278841238,4,True,5.735925660820886e-07,-1.5442107928419253,-2.1220754059790334e-05,5.736128413243587e-07,-1.5442107929348163,-2.1220754054301533e-05
10.629999999999548,-0.00010005450353919176,0.007293632536669865,0.2605553135248678,2.5840774337442407e-10,-0.0002329438165695401,0.00014942451415706648,43.271062831307255,4,True,5.651080741706814e-07,-1.5442109159226192,-2.0907246082110467e-05,5.651283521847922e-07,-1.5442109160155615,-2.0907246082566062e-05
10.639999999999542,-9.857244893772114e-05,0.007293632536669898,0.2605553143602014,2.583985244989207e-10,-0.00022950158066198097,0.0001472129911603057,43.271062873576035,4,True,5.567488292191418e-07,-1.5442110371884232,-2.0598356011037838e-05,5.567691110625327e-07,-1.544211037281362,-2.0598356017480492e-05
10.649999999999537,-9.711232941215316e-05,0.007293632536669933,0.26055531518323827,2.5838876608396793e-10,-0.00022611007045366942,0.0001450341506611043,43.271062915236556,4,True,5.485129972441634e-07,-1.5442111566659718,-2.0294016212186927e-05,5.485332787079481e-07,-1.5442111567589267,-2.029401622114661e-05
10.659999999999531,-9.567382079263459e-05,0.0072936325366699676,0.2605553159941584,2.583792669516163e-10,-0.0002227685422202273,0.00014288751097711632,43.27106295628694,4,True,5.403987614684811e-07,-1.5442112743815226,-1.99941600036427e-05,5.404190397743643e-07,-1.5442112744744065,-1.999416000283406e-05
10.669999999999526,-9.425660368720308e-05,0.007293632536670008,0.260555316793139,2.583683073065343e-10,-0.0002194762630396122,0.00014077259748938295,43.271062996745435,4,True,5.324043230855145e-07,-1.5442113903608032,-1.9698721669925235e-05,5.324246106981959e-07,-1.5442113904537633,-1.9698721684908557e-05
10.67999999999952,-9.286036341171026e-05,0.007293632536670035,0.26055531758035483,2.583599795032054e-10,-0.00021623251063707978,0.00013868894254095518,43.27106303661435,4,True,5.245279384850399e-07,-1.544211504629506,-1.9407636492172606e-05,5.24548211868696e-07,-1.5442115047224263,-1.9407636491570305e-05
10.689999999999515,-9.148478992076756e-05,0.0072936325366700664,0.26055531835597806,2.5835133012971937e-10,-0.00021303657323464828,0.00013663608533441812,43.271063075905886,4,True,5.167678495154123e-07,-1.5442116172126614,-1.9120840639059807e-05,5.167881253179878e-07,-1.544211617305551,-1.912084064264681e-05
10.699999999999509,-9.012957773969406e-05,0.0072936325366701,0.2605553191201785,2.5834207870549173e-10,-0.00020988774940052858,0.00013461357183292631,43.271063114623416,4,True,5.09122354726724e-07,-1.5442117281349523,-1.8838271215467143e-05,5.091426366350823e-07,-1.5442117282278818,-1.8838271228619816e-05
10.709999999999503,-8.87944258974603e-05,0.00729363253667013,0.2605553198731233,2.583337016781906e-10,-0.00020678534790227916,0.00013262095466130394,43.27106315277832,4,True,5.01589770446041e-07,-1.5442118374208567,-1.8559866287499603e-05,5.016100488507001e-07,-1.544211837513806,-1.8559866293341433e-05
10.719999999999498,-8.747903786059424e-05,0.007293632536670156,0.26055532061497716,2.583263009709234e-10,-0.00020372868755777986,0.00013065779301033096,43.27106319037953,4,True,4.941684284895126e-07,-1.5442119450945446,-1.8285564775091134e-05,4.941887009494403e-07,-1.5442119451874634,-1.828556477020416e-05
10.729999999999492,-8.618312146805715e-05,0.007293632536670186,0.2605553213459028,2.5831782220381186e-10,-0.00020071709709251168,0.00012872365254010577,43.27106322743474,4,True,4.868566914591122e-07,-1.5442120511795232,-1.801530647033199e-05,4.868769720325618e-07,-1.5442120512724464,-1.80153064783052e-05
10.739999999999487,-8.49063888670721e-05,0.007293632536670212,0.2605553220660601,2.583107082362859e-10,-0.00019774991500143437,0.0001268181052854419,43.27106326395199,4,True,4.796529557853879e-07,-1.544212155699162,-1.7749032098423754e-05,4.796732259046264e-07,-1.5442121557920825,-1.7749032094985085e-05
10.749999999999481,-8.364855644987657e-05,0.007293632536670238,0.260555322775607,2.583032803989636e-10,-0.00019482648940536928,0.0001249407295648508,43.27106329993444,4,True,4.7255562070375286e-07,-1.5442122586765161,-1.7486683189076324e-05,4.725758924209174e-07,-1.5442122587694307,-1.7486683191096877e-05
10.759999999999476,-8.240934479140076e-05,0.007293632536670264,0.26055532347469884,2.582959145583839e-10,-0.0001919461779161969,0.0001230911098872136,43.27106333539446,4,True,4.6556312184927895e-07,-1.544212360134195,-1.722820215186194e-05,4.655833899034495e-07,-1.5442123602270823,-1.7228202154718616e-05
10.76999999999947,-8.118847858785259e-05,0.007293632536670291,0.26055532416348887,2.582879105186042e-10,-0.00018910834749766417,0.00012126883686340102,43.27106337033829,4,True,4.586739160720199e-07,-1.544212460094598,-1.6973532244427014e-05,4.5869418428018613e-07,-1.5442124601874658,-1.697353224561713e-05
10.779999999999465,-7.998568659619364e-05,0.007293632536670322,0.26055532484212807,2.582794417235284e-10,-0.00018631237433288316,0.00011947350711579058,43.27106340477556,4,True,4.518864806394284e-07,-1.5442125585797193,-1.6722617514096423e-05,4.5190675089407196e-07,-1.544212558672609,-1.672261751591284e-05
10.78999999999946,-7.880070157450485e-05,0.007293632536670354,0.26055532551076527,2.5827110774410927e-10,-0.00018355764369164875,0.00011770472319176436,43.27106343870889,4,True,4.451993213894241e-07,-1.5442126556112465,-1.647540286392048e-05,4.452195911552941e-07,-1.5442126557041274,-1.647540286454158e-05
10.799999999999454,-7.763326022321007e-05,0.007293632536670389,0.2605553261695472,2.5826252950024006e-10,-0.00018084354980116364,0.0001159620934766706,43.271063472149095,4,True,4.38610956381489e-07,-1.5442127512105221,-1.6231833950212754e-05,4.386312267798859e-07,-1.5442127513033768,-1.6231833951808056e-05
10.809999999999448,-7.648310312716827e-05,0.007293632536670424,0.2605553268186182,2.582534769472437e-10,-0.00017816949571635926,0.00011424523210952431,43.27106350510208,4,True,4.3211993438213304e-07,-1.5442128453987167,-1.5991857271400538e-05,4.3214020788306595e-07,-1.5442128454915671,-1.5991857275644586e-05
10.819999999999443,-7.534997469860031e-05,0.0072936325366704585,0.2605553274581207,2.582445816172781e-10,-0.00017553489319326724,0.00011255375889815073,43.27106353757328,4,True,4.257248155287076e-07,-1.5442129381964114,-1.5755420067289723e-05,4.2574509026307466e-07,-1.544212938289313,-1.575542007324007e-05
10.829999999999437,-7.423362312085258e-05,0.007293632536670489,0.26055532808819526,2.582365937718386e-10,-0.00017293916256385638,0.00011088729923721207,43.27106356957318,4,True,4.194242001078207e-07,-1.544213029624221,-1.5522470373061076e-05,4.1944446461042107e-07,-1.5442130297170853,-1.5522470371006527e-05
10.839999999999431,-7.313380029297905e-05,0.007293632536670522,0.26055532870897996,2.5822771965363086e-10,-0.00017038173261347183,0.00010924548402668617,43.27106360110787,4,True,4.1321667718297506e-07,-1.5442131197022086,-1.529295694996806e-05,4.1323694723512184e-07,-1.544213119795068,-1.5292956957005624e-05
10.849999999999426,-7.20502617751317e-05,0.007293632536670556,0.2605553293206114,2.582186741689716e-10,-0.00016786204045952596,0.00010762794959120851,43.27106363217717,4,True,4.071008886822262e-07,-1.5442132084502047,-1.5066829323883141e-05,4.071211599637634e-07,-1.5442132085430926,-1.5066829333758712e-05
10.85999999999942,-7.098276673475169e-05,0.007293632536670582,0.2605553299232236,2.582114663235611e-10,-0.00016537953143071582,0.00010603433760144133,43.27106366279762,4,True,4.010754830537013e-07,-1.544213295887879,-1.4844037790198788e-05,4.010957419202122e-07,-1.5442132959807788,-1.4844037787937285e-05
10.869999999999415,-6.993107789353508e-05,0.007293632536670609,0.2605553305169491,2.5820356210957866e-10,-0.00016293365894870008,0.00010446429499541222,43.27106369296973,4,True,3.9513911546496036e-07,-1.544213382034426,-1.4624533283656412e-05,3.951593769105426e-07,-1.5442133821272674,-1.4624533286071513e-05
10.87999999999941,-6.889496147518644e-05,0.007293632536670644,0.26055533110191825,2.581949678539107e-10,-0.0001605238844126329,0.00010291747390223223,43.271063722701534,4,True,3.8929048082289156e-07,-1.5442134669089247,-1.4408267544910293e-05,3.893107493562964e-07,-1.5442134670017906,-1.440826755588015e-05
10.889999999999404,-6.787418715392172e-05,0.007293632536670671,0.2605553316782596,2.581875159060001e-10,-0.0001581496770836015,0.00010139353156617938,43.2710637520031,4,True,3.835282931410951e-07,-1.5442135505300205,-1.419519296137995e-05,3.8354855600484256e-07,-1.5442135506228847,-1.4195192966608386e-05
10.899999999999398,-6.686852800373519e-05,0.007293632536670697,0.26055533224609984,2.581805621930926e-10,-0.00015581051397118052,9.989213027135594e-05,43.271063780871835,4,True,3.778512714153427e-07,-1.5442136329162324,-1.3985262638834023e-05,3.7787153206301987e-07,-1.5442136330090814,-1.3985262643988625e-05
10.909999999999393,-6.58777604484005e-05,0.007293632536670716,0.2605553328055638,2.581747976272696e-10,-0.0001535058797228332,9.841293726899907e-05,43.271063809322015,4,True,3.722581605692489e-07,-1.5442137140856502,-1.3778430359377308e-05,3.722784171345339e-07,-1.5442137141785226,-1.3778430360409773e-05
10.919999999999387,-6.490166421220068e-05,0.0072936325366707334,0.2605553333567745,2.5816927466238647e-10,-0.0001512352665127741,9.695562470464601e-05,43.271063837355214,4,True,3.667477229080797e-07,-1.5442137940562508,-1.3574650577859125e-05,3.667679743581988e-07,-1.5442137941491,-1.3574650572647907e-05
10.929999999999382,-6.394002227138156e-05,0.007293632536670756,0.2605553338998532,2.581630239939469e-10,-0.0001489981739338248,9.551986954620199e-05,43.27106386498009,4,True,3.6131873936824126e-07,-1.5442138728456734,-1.3373878409437062e-05,3.6133899279822365e-07,-1.5442138729385402,-1.3373878412287674e-05
10.939999999999376,-6.299262080631497e-05,0.007293632536670779,0.2605553344349193,2.581565254642125e-10,-0.00014679410889093946,9.41053535137936e-05,43.27106389220066,4,True,3.5597000896147896e-07,-1.5442139504712917,-1.3176069649434085e-05,3.5599026262721095e-07,-1.544213950564128,-1.3176069653954897e-05
10.94999999999937,-6.205924915435615e-05,0.007293632536670806,0.2605553349620907,2.5814951983078357e-10,-0.00014462258549526776,9.271176301103573e-05,43.2710639190222,4,True,3.507003496774079e-07,-1.544214026950224,-1.2981180706506111e-05,3.507206058265609e-07,-1.5442140270430855,-1.2981180710572052e-05
10.959999999999365,-6.113969976339806e-05,0.00729363253667083,0.26055533548148313,2.581432069237832e-10,-0.00014248312496017401,9.133878905403606e-05,43.27106394545332,4,True,3.4550859368403623e-07,-1.5442141022993985,-1.2789168649758474e-05,3.4552885145695814e-07,-1.5442141023922542,-1.278916865126441e-05
10.96999999999936,-6.0233768146096736e-05,0.007293632536670851,0.260555335993211,2.5813704853097044e-10,-0.00014037525549613083,8.998612720820003e-05,43.271063971499274,4,True,3.403935921746401e-07,-1.5442141765355242,-1.2599991169076785e-05,3.404138538335306e-07,-1.544214176628331,-1.2599991174523864e-05
10.979999999999354,-5.9341252834767845e-05,0.0072936325366708705,0.26055533649738694,2.581312764610028e-10,-0.0001382985122139514,8.865347751751015e-05,43.27106399716494,4,True,3.353542198218339e-07,-1.544214249674831,-1.241360656272321e-05,3.3537447623365854e-07,-1.544214249767651,-1.2413606562812786e-05
10.989999999999348,-5.846195533694761e-05,0.007293632536670888,0.260555336994122,2.581259150036455e-10,-0.00013625243702229325,8.73405444416473e-05,43.27106402245293,4,True,3.303893543700783e-07,-1.5442143217336064,-1.2229973747824216e-05,3.304096096234499e-07,-1.544214321826427,-1.222997374657527e-05
10.999999999999343,-5.759568009159988e-05,0.0072936325366709095,0.2605553374835255,2.5811987966284466e-10,-0.0001342365785313289,8.604703678962595e-05,43.27106404737029,4,True,3.254978926628566e-07,-1.544214392727658,-1.2049052221303188e-05,3.25518150950739e-07,-1.5442143928204843,-1.2049052224643737e-05
11.009999999999337,-5.674223442596645e-05,0.007293632536670927,0.2605553379657053,2.581145370969556e-10,-0.0001322504919541871,8.477266765813087e-05,43.27106407192832,4,True,3.206787648448778e-07,-1.5442144626727987,-1.1870802135144148e-05,3.2069901833486737e-07,-1.5442144627656003,-1.1870802133134728e-05
11.019999999999332,-5.590142851303979e-05,0.007293632536670948,0.2605553384407674,2.58108549849139e-10,-0.00013029373901223278,8.351715436702306e-05,43.271064096127155,4,True,3.1593089092759737e-07,-1.5442145315843616,-1.1695184116468676e-05,3.159511508468347e-07,-1.5442145316772546,-1.169518412194488e-05
11.029999999999326,-5.5073075329679377e-05,0.007293632536670975,0.26055533890881666,2.5810160434592335e-10,-0.0001283658878396202,8.228021839757377e-05,43.27106411996307,4,True,3.112532209177847e-07,-1.5442145994776004,-1.1522159487340573e-05,3.112734835564128e-07,-1.5442145995704335,-1.1522159497330534e-05
11.03999999999932,-5.4256990615309336e-05,0.007293632536670992,0.2605553393699561,2.580965072196157e-10,-0.00012646651289179882,8.106158533482124e-05,43.27106414345538,4,True,3.0664473758467596e-07,-1.544214666367673,-1.1351690068794086e-05,3.0666499117167623e-07,-1.5442146664604985,-1.1351690069333714e-05
11.049999999999315,-5.3452992831245056e-05,0.007293632536671008,0.2605553398242875,2.580922087084121e-10,-0.00012459519485752695,7.986098480167068e-05,43.271064166605335,4,True,3.021043991639266e-07,-1.5442147322691524,-1.118373821063113e-05,3.021246424437472e-07,-1.5442147323619975,-1.1183738213711939e-05
11.05999999999931,-5.266090312061616e-05,0.0072936325366710275,0.26055534027191096,2.5808696570304583e-10,-0.00012275152055853233,7.86781504045631e-05,43.27106418941508,4,True,2.976311994277597e-07,-1.5442147971967395,-1.101826688557461e-05,2.976514432815315e-07,-1.5442147972895224,-1.1018266888122518e-05
11.069999999999304,-5.1880545268861365e-05,0.007293632536671051,0.26055534071292513,2.5808086165661716e-10,-0.00012093508286934632,7.751281967337017e-05,43.2710642118908,4,True,2.932241611891668e-07,-1.5442148611647364,-1.0855239577820795e-05,2.932444064237988e-07,-1.5442148612575166,-1.0855239577081376e-05
11.079999999999298,-5.111174566481067e-05,0.007293632536671078,0.2605553411474273,2.5807373014497414e-10,-0.00011914548062798432,7.63647340038811e-05,43.271064234038256,4,True,2.8888229256166197e-07,-1.5442149241872456,-1.0694620286181139e-05,2.8890254884156295e-07,-1.54421492428008,-1.0694620294803033e-05
11.089999999999293,-5.0354333262335364e-05,0.007293632536671104,0.26055534157551324,2.5806682170954613e-10,-0.00011738231854769484,7.52336386017083e-05,43.27106425585887,4,True,2.8460464307617675e-07,-1.5442149862782526,-1.0536373562879166e-05,2.8462490571981084e-07,-1.5442149863711008,-1.0536373577220342e-05
11.099999999999287,-4.960813954256282e-05,0.007293632536671122,0.26055534199727737,2.580620841870377e-10,-0.0001156452071346567,7.411928242594255e-05,43.27106427736204,4,True,2.80390273239521e-07,-1.5442150474515322,-1.0380464489198297e-05,2.8041052195353563e-07,-1.5442150475443992,-1.038046448875874e-05
11.109999999999282,-4.887299847664082e-05,0.007293632536671135,0.2605553424128127,2.5805826465344706e-10,-0.00011393376259936519,7.302141813402548e-05,43.271064298549,4,True,2.762382336472636e-07,-1.5442151077206248,-1.0226858613226599e-05,2.7625847512025955e-07,-1.5442151078134123,-1.0226858604624837e-05
11.119999999999276,-4.8148746489051224e-05,0.007293632536671152,0.2605553428222108,2.5805341045116545e-10,-0.00011224760677905887,7.193980202843008e-05,43.271064319426955,4,True,2.721476061832864e-07,-1.5442151670987776,-1.0075522008455146e-05,2.7216784822778565e-07,-1.544215167191571,-1.0075522004198982e-05
11.12999999999927,-4.743522242146123e-05,0.007293632536671172,0.2605553432255623,2.580480862898966e-10,-0.00011058636705247692,7.087419400213585e-05,43.27106433999677,4,True,2.6811748424572534e-07,-1.5442152255991626,-9.926421274222117e-06,2.6813773067740294e-07,-1.5442152256919266,-9.92642127057974e-06
11.139999999999265,-4.6732267497099516e-05,0.007293632536671197,0.26055534362295596,2.5804188673158716e-10,-0.00010894967626006614,6.982435748700976e-05,43.271064360267374,4,True,2.641469769283335e-07,-1.5442152832347216,-9.779523454385356e-06,2.6416723145613325e-07,-1.5442152833274876,-9.779523457462464e-06
11.14999999999926,-4.603972528566123e-05,0.007293632536671218,0.2605553440144796,2.5803595219062213e-10,-0.00010733717262697672,6.879005940095663e-05,43.27106438023977,4,True,2.60235207835287e-07,-1.5442153400181649,-9.6347961037749e-06,2.6025545972246497e-07,-1.5442153401109828,-9.634796109070237e-06
11.159999999999254,-4.53574416687236e-05,0.007293632536671236,0.26055534440021955,2.580313035973925e-10,-0.00010574849968001871,6.777107009772398e-05,43.271064399920654,4,True,2.5638130619716836e-07,-1.5442153959621918,-9.49220725847866e-06,2.56401550923069e-07,-1.5442153960550122,-9.492207255836201e-06
11.169999999999249,-4.4685264805668004e-05,0.007293632536671254,0.26055534478026104,2.5802624016639233e-10,-0.00010418330617603433,6.676716331578359e-05,43.271064419308146,4,True,2.525844168156343e-07,-1.5442154510790569,-9.351725378032264e-06,2.5260466409722816e-07,-1.5442154511718351,-9.351725381734618e-06
11.179999999999243,-4.402304510011035e-05,0.007293632536671273,0.260555345154688,2.580212280490102e-10,-0.00010264124602377374,6.577811612875072e-05,43.271064438417014,4,True,2.4884369839247427e-07,-1.5442155053810371,-9.213319452937195e-06,2.488639477017549e-07,-1.5442155054737985,-9.21331945558073e-06
11.189999999999237,-4.337063516680749e-05,0.007293632536671292,0.26055534552358306,2.580158091336889e-10,-0.00010112197820644137,6.48037088971833e-05,43.27106445724401,4,True,2.45158317904444e-07,-1.544215558880084,-9.076958860148693e-06,2.451785713294001e-07,-1.5442155589728872,-9.07695886327374e-06
11.199999999999232,-4.272788979906749e-05,0.007293632536671309,0.26055534588702783,2.580110942497778e-10,-9.962516671218852e-05,6.384372521922161e-05,43.27106447579239,4,True,2.41527469245845e-07,-1.544215611588039,-8.942613469348932e-06,2.4154772013426523e-07,-1.544215611680871,-8.94261347107862e-06
11.209999999999226,-4.2094665936626156e-05,0.007293632536671321,0.2605553462451025,2.580075670984592e-10,-9.815048046052248e-05,6.28979518841228e-05,43.27106449407208,4,True,2.379503403003306e-07,-1.5442156635166635,-8.81025358519981e-06,2.3797058047252704e-07,-1.5442156636094555,-8.81025358154398e-06
11.21999999999922,-4.14708226339954e-05,0.007293632536671333,0.2605553465978862,2.5800378072971586e-10,-9.66975932265495e-05,6.196617882535975e-05,43.27106451208182,4,True,2.3442613351991427e-07,-1.5442157146774387,-8.67984993596776e-06,2.3444637217404725e-07,-1.5442157147701956,-8.679849935825797e-06
11.229999999999215,-4.0856221029283014e-05,0.00729363253667135,0.2605553469454569,2.5799873435058535e-10,-9.526618357419402e-05,6.104819907303981e-05,43.27106452982605,4,True,2.3095406810965741e-07,-1.5442157650815906,-8.551373676294714e-06,2.3097431559288576e-07,-1.5442157651743778,-8.551373682438718e-06
11.23999999999921,-4.025072431346687e-05,0.007293632536671367,0.2605553472878914,2.579942478514111e-10,-9.385593478775807e-05,6.014380871031697e-05,43.27106454730912,4,True,2.2753338050860366e-07,-1.5442158147403366,-8.424796405735988e-06,2.2755362569273387e-07,-1.5442158148331748,-8.42479640272133e-06
11.249999999999204,-3.965419770011852e-05,0.0072936325366713805,0.26055534762526544,2.579902234863313e-10,-9.246653479927776e-05,5.925280682734028e-05,43.27106456453734,4,True,2.241633083542678e-07,-1.544215863664749,-8.300090121303966e-06,2.2418355068712755e-07,-1.5442158637575067,-8.300090118975188e-06
11.259999999999199,-3.906650839556994e-05,0.0072936325366714004,0.2605553479576534,2.5798484734280524e-10,-9.109767612061381e-05,5.837499547812201e-05,43.27106458151645,4,True,2.2084309651056604e-07,-1.5442159118656074,-8.177227247810982e-06,2.2086334423401886e-07,-1.5442159119584002,-8.177227257185685e-06
11.269999999999193,-3.848752556951959e-05,0.007293632536671418,0.26055534828512883,2.579806665278923e-10,-8.974905578071277e-05,5.751017963601516e-05,43.27106459824016,4,True,2.17572027409778e-07,-1.544215959353597,-8.056180594302952e-06,2.175922689377896e-07,-1.5442159594463856,-8.05618059186536e-06
11.279999999999188,-3.791712032607975e-05,0.007293632536671435,0.26055534860776425,2.5797612719792604e-10,-8.842037526005923e-05,5.665816715073935e-05,43.27106461472278,4,True,2.143493537405976e-07,-1.5442160061391872,-7.936923366360525e-06,2.1436959887098358e-07,-1.5442160062319525,-7.936923369286454e-06
11.289999999999182,-3.7355165675234135e-05,0.0072936325366714525,0.2605553489256309,2.57971647128233e-10,-8.711134042027491e-05,5.5818768707592406e-05,43.2710646309605,4,True,2.1117437008673072e-07,-1.5442160522327966,-7.819429198866918e-06,2.1119461829097045e-07,-1.544216052325591,-7.81942920470345e-06
11.299999999999176,-3.6801536504719715e-05,0.007293632536671469,0.26055534923879925,2.579675475663582e-10,-8.582166144343726e-05,5.499179778461865e-05,43.27106464696048,4,True,2.0804637338431135e-07,-1.5442160976446828,-7.703672087184836e-06,2.0806662427564114e-07,-1.5442160977374761,-7.703672093351083e-06
11.309999999999171,-3.625610955232815e-05,0.007293632536671479,0.2605553495473383,2.579647698279636e-10,-8.455105277091097e-05,5.4177070610946404e-05,43.271064662725706,4,True,2.0496467568958932e-07,-1.5442161423848242,-7.589626401576007e-06,2.049849161154247e-07,-1.5442161424776402,-7.589626399549172e-06
11.319999999999165,-3.571876337860913e-05,0.007293632536671488,0.26055534985131634,2.579616838440393e-10,-8.32992330414432e-05,5.337440612786071e-05,43.27106467825824,4,True,2.019285781603371e-07,-1.5442161864631905,-7.477266891914703e-06,2.0194881827174369e-07,-1.5442161865559663,-7.477266893716759e-06
11.32999999999916,-3.518937833997311e-05,0.007293632536671498,0.2605553501508007,2.5795854767945647e-10,-8.206592502516153e-05,5.25836259485444e-05,43.27106469356365,4,True,1.9893741269697382e-07,-1.544216229889507,-7.366568712309783e-06,1.9895765157103298e-07,-1.5442162299822848,-7.366568710598834e-06
11.339999999999154,-3.466783656218854e-05,0.007293632536671511,0.26055535044585765,2.579550318426562e-10,-8.085085556621862e-05,5.180455431823921e-05,43.27106470864673,4,True,1.9599051710074397e-07,-1.5442162726734816,-7.257507330519556e-06,1.9601075563404009e-07,-1.5442162727662663,-7.25750733096866e-06
11.349999999999149,-3.415402191427563e-05,0.007293632536671527,0.26055535073655256,2.5795095496933987e-10,-7.965375552328582e-05,5.103701807584474e-05,43.27106472350397,4,True,1.9308723567688112e-07,-1.5442163148245125,-7.150058610393273e-06,1.931074761760738e-07,-1.544216314917268,-7.150058610847022e-06
11.359999999999143,-3.364781998277837e-05,0.007293632536671549,0.26055535102294963,2.579455481453749e-10,-7.847435971330417e-05,5.028084661574876e-05,43.27106473814232,4,True,1.902269229006961e-07,-1.5442163563519573,-7.044198744781634e-06,1.9024717421334769e-07,-1.5442163564447136,-7.0441987537998586e-06
11.369999999999138,-3.3149118046418625e-05,0.0072936325366715635,0.26055535130511226,2.57941523979628e-10,-7.731240685246599e-05,4.953587185046156e-05,43.27106475256663,4,True,1.8740895046558144e-07,-1.5442163972650047,-6.939904316343684e-06,1.8742919754104643e-07,-1.5442163973578402,-6.939904327861899e-06
11.379999999999132,-3.2657805051113e-05,0.007293632536671567,0.2605553515831029,2.579400103861261e-10,-7.616763949585179e-05,4.8801928173561755e-05,43.271064766780206,4,True,1.8463269209840255e-07,-1.5442164375728469,-6.837152213221566e-06,1.8465292431453287e-07,-1.5442164376656589,-6.837152205152103e-06
11.389999999999127,-3.21737715853726e-05,0.007293632536671577,0.2605553518569831,2.579371355531664e-10,-7.503980398309688e-05,4.807885242302235e-05,43.271064780785494,4,True,1.8189751707279314e-07,-1.544216477284367,-6.735919677934054e-06,1.8191775311821203e-07,-1.5442164773771376,-6.7359196778910485e-06
11.399999999999121,-3.169690985604839e-05,0.00729363253667159,0.26055535212681347,2.5793369046293675e-10,-7.392865038401458e-05,4.7366483845512647e-05,43.27106479458515,4,True,1.792028315571592e-07,-1.5442165164083375,-6.636184282415349e-06,1.792230686234544e-07,-1.544216516501104,-6.636184280833007e-06
11.409999999999116,-3.1227113664447054e-05,0.007293632536671608,0.2605553523926538,2.579296257530556e-10,-7.283393244554504e-05,4.666466406025695e-05,43.27106480817932,4,True,1.7654803235371456e-07,-1.5442165549533864,-6.537923924137774e-06,1.765682720645093e-07,-1.5442165550461597,-6.537923926314005e-06
11.41999999999911,-3.076427838279287e-05,0.0072936325366716225,0.26055535265456303,2.579257314192783e-10,-7.175540753868312e-05,4.5973237025150194e-05,43.271064821572665,4,True,1.7393253477355504e-07,-1.5442165929281157,-6.441116848752223e-06,1.7395277091563648e-07,-1.5442165930208578,-6.441116847226774e-06
11.429999999999104,-3.0308300931031537e-05,0.007293632536671642,0.260555352912599,2.5792070463377975e-10,-7.069283660222843e-05,4.5292049001885136e-05,43.27106483477287,4,True,1.713557434537815e-07,-1.54421663034098,-6.345741594052359e-06,1.713759917575637e-07,-1.5442166304337277,-6.345741602239966e-06
11.439999999999099,-2.9859079753980082e-05,0.007293632536671657,0.260555353166819,2.5791677573451553e-10,-6.964598408975038e-05,4.462094852214701e-05,43.271064847778,4,True,1.688171053045697e-07,-1.5442166672002369,-6.2517770416174735e-06,1.688373519865557e-07,-1.5442166672930748,-6.251777048542717e-06
11.449999999999093,-2.9416514798811084e-05,0.007293632536671666,0.2605553534172792,2.5791438644097405e-10,-6.861461792049766e-05,4.3959786353767045e-05,43.27106486058834,4,True,1.6631604978066406e-07,-1.5442167035141399,-6.159202355237286e-06,1.663362864295719e-07,-1.5442167036069228,-6.159202358158746e-06
11.459999999999088,-2.8980507492870177e-05,0.007293632536671668,0.2605553536640352,2.5791328114594296e-10,-6.759850942789597e-05,4.3308415468773886e-05,43.27106487321318,4,True,1.6385202085595233e-07,-1.5442167392906665,-6.067997034360947e-06,1.6387224756617876e-07,-1.544216739383451,-6.067997029671993e-06
11.469999999999082,-2.8550960721815222e-05,0.007293632536671675,0.2605553539071417,2.5791098615389125e-10,-6.65974333112872e-05,4.266669100989261e-05,43.2710648856516,4,True,1.6142446224676922e-07,-1.5442167745378255,-5.9781408246733635e-06,1.6144469504035747e-07,-1.5442167746305366,-5.978140824723806e-06
11.479999999999077,-2.812777880808828e-05,0.007293632536671684,0.2605553541466525,2.5790844705546833e-10,-6.561116758676482e-05,4.20344702587285e-05,43.27106489790593,4,True,1.5903284651639564e-07,-1.5442168092632806,-5.889613834597393e-06,1.5905307924024852e-07,-1.544216809356055,-5.88961383387339e-06
11.489999999999071,-2.7710867489694347e-05,0.007293632536671693,0.26055535438262056,2.5790600517019565e-10,-6.463949354019697e-05,4.1411612605062015e-05,43.2710649099811,4,True,1.5667663332627353e-07,-1.544216843474864,-5.802396440619244e-06,1.5669686869657074e-07,-1.5442168435676087,-5.8023964417705076e-06
11.499999999999066,-2.7300133899290343e-05,0.0072936325366717,0.2605553546150983,2.5790398651821094e-10,-6.368219567303484e-05,4.07979795161704e-05,43.27106492187798,4,True,1.5435530775710538e-07,-1.5442168771801976,-5.716469315717356e-06,1.5437553997564805e-07,-1.544216877272987,-5.7164693114376505e-06
11.50999999999906,-2.6895486543587187e-05,0.007293632536671708,0.2605553548441372,2.579012689558493e-10,-6.273906165878749e-05,4.019343450383448e-05,43.271064933598524,4,True,1.5206834442554937e-07,-1.544216910386702,-5.63181336628976e-06,1.5208858044866842e-07,-1.5442169104794816,-5.6318133663485985e-06
11.519999999999055,-2.64968352830613e-05,0.007293632536671717,0.26055535506978805,2.5789856408412296e-10,-6.180988229654289e-05,3.959784309723357e-05,43.271064945151274,4,True,1.4981524255882715e-07,-1.54421694310178,-5.548409871911671e-06,1.4983547798152775e-07,-1.5442169431945476,-5.548409874337956e-06
11.529999999999049,-2.6104091311947782e-05,0.007293632536671727,0.2605553552921008,2.578960451101017e-10,-6.0894451465374894e-05,3.901107281147179e-05,43.27106495653206,4,True,1.4759550059747854e-07,-1.5442169753327086,-5.466240308987507e-06,1.476157377112186e-07,-1.5442169754254826,-5.466240312944476e-06
11.539999999999043,-2.5717167138545847e-05,0.007293632536671734,0.2605553555111248,2.578940364690808e-10,-5.999256608001766e-05,3.843299311854099e-05,43.27106496774368,4,True,1.4540862902664687e-07,-1.5442170070866497,-5.38528646591406e-06,1.4542885971467385e-07,-1.5442170071793853,-5.38528646061802e-06
11.549999999999038,-2.5335976565807557e-05,0.007293632536671744,0.26055535572690863,2.57891113272126e-10,-5.910402604674876e-05,3.7863475418085237e-05,43.27106497878951,4,True,1.4325412760722943e-07,-1.5442170383704505,-5.305530354458515e-06,1.4327436298881843e-07,-1.5442170384632616,-5.305530359319115e-06
11.559999999999032,-2.496043467221181e-05,0.0072936325366717535,0.26055535593950013,2.5788852810609083e-10,-5.822863421851866e-05,3.730239301079244e-05,43.271064989671956,4,True,1.411315332918681e-07,-1.544217069191329,-5.226954326408324e-06,1.4115176665238397e-07,-1.5442170692840607,-5.226954332091847e-06
11.569999999999027,-2.4590457792916246e-05,0.007293632536671762,0.2605553561489464,2.57885841458341e-10,-5.736619635339136e-05,3.674962106786591e-05,43.27106500039619,4,True,1.3904036711016525e-07,-1.544217099555955,-5.149540939683344e-06,1.390605963439654e-07,-1.5442170996486746,-5.149540937055065e-06
11.579999999999021,-2.4225963501191187e-05,0.0072936325366717795,0.2605553563552938,2.578819600663236e-10,-5.651652106943181e-05,3.620503660681256e-05,43.271065010962296,4,True,1.3698016007090558e-07,-1.5442171294711926,-5.073273017831518e-06,1.3700039559640971e-07,-1.5442171295639515,-5.073273022792021e-06
11.589999999999016,-2.386687059012457e-05,0.007293632536671794,0.2605553565585882,2.578784950318006e-10,-5.5679419802530425e-05,3.5668518460726606e-05,43.27106502137308,4,True,1.349504606461393e-07,-1.5442171589436586,-4.998133638750272e-06,1.3497069687100637e-07,-1.544217159036385,-4.998133641030813e-06
11.59999999999901,-2.3513099054603055e-05,0.007293632536671808,0.2605553567588747,2.578750041717896e-10,-5.4854706767056264e-05,3.5139947253195564e-05,43.27106503162935,4,True,1.3295081731385864e-07,-1.5442171879798416,-4.924106123887194e-06,1.3297105536595026e-07,-1.5442171880725974,-4.92410612699781e-06
11.609999999999005,-2.3164570073553566e-05,0.007293632536671817,0.26055535695619764,2.578722008441611e-10,-5.404219891432829e-05,3.461920537184906e-05,43.27106504173679,4,True,1.3098078365350226e-07,-1.544217216586189,-4.851174063668252e-06,1.3100101723687166e-07,-1.5442172166789483,-4.851174061340521e-06
11.619999999999,-2.282120599244383e-05,0.007293632536671833,0.26055535715060096,2.5786830273448424e-10,-5.324171589246581e-05,3.4106176942751136e-05,43.27106505169424,4,True,1.2903991911734571e-07,-1.5442172447691078,-4.779321251996711e-06,1.2906016160338545e-07,-1.544217244861851,-4.779321258013928e-06
11.629999999998994,-2.248293030604641e-05,0.007293632536671849,0.2605553573421277,2.5786464227806856e-10,-5.2453080007450224e-05,3.360074780371385e-05,43.27106506150413,4,True,1.2712779829420856e-07,-1.5442172725348093,-4.708531772567125e-06,1.2714804050113315e-07,-1.544217272627553,-4.7085317758295575e-06
11.639999999998988,-2.214966764145056e-05,0.0072936325366718575,0.2605553575308202,2.5786252865802956e-10,-5.1676116183482205e-05,3.310280548036696e-05,43.27106507117144,4,True,1.252439958673791e-07,-1.5442172998895056,-4.638789895840663e-06,1.2526423027632355e-07,-1.5442172999822579,-4.6387898909934256e-06
11.649999999998983,-2.182134374133006e-05,0.007293632536671867,0.2605553577167205,2.5786005929279055e-10,-5.091065192576483e-05,3.2612239160068396e-05,43.27106508069381,4,True,1.2338808649691994e-07,-1.5442173268392851,-4.570080137364726e-06,1.2340832417691167e-07,-1.5442173269319888,-4.570080140781183e-06
11.659999999998977,-2.149788544745818e-05,0.007293632536671872,0.26055535789986983,2.578583248134904e-10,-5.015651728135006e-05,3.212893966796366e-05,43.27106509007683,4,True,1.2155966438578657e-07,-1.5442173533900265,-4.5023872670810305e-06,1.2157989578311004e-07,-1.5442173534827743,-4.502387267570163e-06
11.669999999998971,-2.1179220684458167e-05,0.007293632536671875,0.26055535808030883,2.5785737861013194e-10,-4.941354480541656e-05,3.165279944286251e-05,43.27106509931859,4,True,1.1975832273346296e-07,-1.544217379547683,-4.4356962290791725e-06,1.1977854879972243e-07,-1.5442173796403946,-4.435696227468602e-06
11.679999999998966,-2.0865278443803964e-05,0.007293632536671883,0.2605553582580774,2.5785534920947687e-10,-4.8681569518988986e-05,3.118371251424753e-05,43.27106510842719,4,True,1.1798364905447282e-07,-1.5442174053181892,-4.369992249630305e-06,1.1800388040786748e-07,-1.5442174054109359,-4.369992251464924e-06
11.68999999999896,-2.0555988768041296e-05,0.007293632536671891,0.2605553584332152,2.578533263945714e-10,-4.796042887500549e-05,3.072157447669941e-05,43.27106511740027,4,True,1.1623526091692092e-07,-1.544217430707129,-4.305260726906192e-06,1.1625549103594081e-07,-1.544217430799883,-4.305260725188584e-06
11.699999999998955,-2.0251282735262035e-05,0.0072936325366718974,0.26055535860576096,2.578511490527486e-10,-4.7249962722388674e-05,3.0266282468396768e-05,43.27106512624927,4,True,1.14512763091505e-07,-1.544217455720122,-4.241487289993723e-06,1.1453299466415709e-07,-1.5442174558129138,-4.241487288869251e-06
11.70999999999895,-1.995109244378569e-05,0.007293632536671908,0.26055535877575303,2.5784841960547356e-10,-4.655001326735313e-05,2.981773515005982e-05,43.271065134956544,4,True,1.1281577856618958e-07,-1.5442174803630144,-4.1786577734897e-06,1.1283601088631648e-07,-1.5442174804557058,-4.178657776419595e-06
11.719999999998944,-1.9655350997091025e-05,0.007293632536671925,0.2605553589432293,2.578439359649502e-10,-4.586042505080209e-05,2.9375832676282908e-05,43.271065143537335,4,True,1.1114392148413432e-07,-1.5442175046407471,-4.116758216016581e-06,1.1116416433942282e-07,-1.5442175047335198,-4.11675822761222e-06
11.729999999998938,-1.936399248894793e-05,0.007293632536671939,0.2605553591082267,2.578405669012399e-10,-4.5181044903466484e-05,2.8940476681755965e-05,43.271065151994705,4,True,1.0949682992360862e-07,-1.5442175285591857,-4.055774908440125e-06,1.0951707274302951e-07,-1.5442175286519098,-4.055774917482858e-06
11.739999999998933,-1.907695198877581e-05,0.007293632536671949,0.26055535927078205,2.5783835397631185e-10,-4.4511721913075856e-05,2.851157025374681e-05,43.27106516032434,4,True,1.0787413415460354e-07,-1.5442175521234416,-3.99569428564775e-06,1.0789437238038942e-07,-1.5442175522161887,-3.9956942890021765e-06
11.749999999998927,-1.8794165527222608e-05,0.007293632536671951,0.26055535943093133,2.5783754404595944e-10,-4.385230739324131e-05,2.8089017912422052e-05,43.27106516853348,4,True,1.0627547594487848e-07,-1.5442175753388387,-3.936503007931056e-06,1.062957054557122e-07,-1.5442175754315839,-3.936503008553996e-06
11.759999999998922,-1.851557008194995e-05,0.0072936325366719495,0.26055535958871007,2.5783760183359903e-10,-4.320265485037883e-05,2.7672725589799946e-05,43.27106517662212,4,True,1.0470049078885257e-07,-1.5442175982104882,-3.878187923639661e-06,1.0472071612934201e-07,-1.5442175983032316,-3.878187921805496e-06
11.769999999998916,-1.8241103563635434e-05,0.0072936325366719495,0.2605553597441533,2.578374052610426e-10,-4.2562619952158704e-05,2.726260060857384e-05,43.27106518459307,4,True,1.0314883070589067e-07,-1.544217620743507,-3.820736083208618e-06,1.0316905631251999e-07,-1.5442176208362157,-3.820736077710584e-06
11.77999999999891,-1.797070480217243e-05,0.0072936325366719495,0.2605553598972957,2.57836835581713e-10,-4.193206049498883e-05,2.6858551662240072e-05,43.271065192440865,4,True,1.016201553856607e-07,-1.54421764294281,-3.7641347169475544e-06,1.0164038108284886e-07,-1.5442176430355476,-3.7641347094259052e-06
11.789999999998905,-1.770431353308423e-05,0.007293632536671958,0.2605553600481712,2.578348805493629e-10,-4.131083637382788e-05,2.6460488793476957e-05,43.271065200178164,4,True,1.0011411859264497e-07,-1.5442176648134356,-3.7083712584117225e-06,1.0013434991960753e-07,-1.5442176649061483,-3.708371257014279e-06
11.7999999999989,-1.7441870384127457e-05,0.007293632536671964,0.2605553601968133,2.5783332991768485e-10,-4.069880954999989e-05,2.6068323376189167e-05,43.27106520779814,4,True,9.863039305785881e-08,-1.5442176863601804,-3.6534333252931468e-06,9.86506242794852e-08,-1.5442176864529489,-3.6534333267383696e-06
11.809999999998894,-1.718331686209928e-05,0.0072936325366719686,0.260555360343255,2.578319695124585e-10,-4.009584402161543e-05,2.5681968094157e-05,43.27106521530672,4,True,9.716864314693379e-08,-1.544217707587879,-3.5993087130277553e-06,9.718886998154658e-08,-1.5442177076805839,-3.5993087087268117e-06
11.819999999998888,-1.6928595339836665e-05,0.007293632536671975,0.26055536048752875,2.5783013468413706e-10,-3.9501805794021704e-05,2.5301336923281606e-05,43.2710652226989,4,True,9.572854928602924e-08,-1.5442177285013368,-3.545985375061071e-06,9.574877743372817e-08,-1.5442177285939849,-3.545985372831772e-06
11.829999999998883,-1.6677649043417965e-05,0.0072936325366719824,0.2605553606296668,2.5782825916137176e-10,-3.891656285189235e-05,2.4926345109834636e-05,43.27106522999051,4,True,9.430977840692867e-08,-1.544217749104872,-3.4934514845133916e-06,9.43300076215554e-08,-1.5442177491976052,-3.4934514843158093e-06
11.839999999998877,-1.643042203952944e-05,0.00729363253667199,0.2605553607697005,2.578263011907678e-10,-3.83399851213493e-05,2.4556909156227746e-05,43.27106523717369,4,True,9.291202393063124e-08,-1.5442177694035082,-3.441695376814955e-06,9.293225832202095e-08,-1.544217769496241,-3.4416953817825476e-06
11.849999999998872,-1.6186859223042566e-05,0.007293632536671993,0.260555360907661,2.5782502490675053e-10,-3.777194445582069e-05,2.41929467971472e-05,43.27106524424608,4,True,9.153498003621533e-08,-1.5442177894014135,-3.3907055128918254e-06,9.155521027785129e-08,-1.544217789494108,-3.3907055117638977e-06
11.859999999998866,-1.5946906304768446e-05,0.007293632536671998,0.2605553610435792,2.5782378306582555e-10,-3.721231459656096e-05,2.383437698546955e-05,43.27106525122106,4,True,9.017832709478862e-08,-1.5442178091032126,-3.3404706028164795e-06,9.019856305360898e-08,-1.5442178091959653,-3.340470605803992e-06
11.86999999999886,-1.571050979938032e-05,0.007293632536672,0.26055536117748496,2.578232872534236e-10,-3.666097114306844e-05,2.3481119872970763e-05,43.271065258086296,4,True,8.884177727490836e-08,-1.5442178285133168,-3.2909794643991575e-06,8.886200352213684e-08,-1.5442178286060066,-3.290979458371102e-06
11.879999999998855,-1.5477617013531198e-05,0.0072936325366720085,0.2605553613094083,2.578209294007026e-10,-3.611779153749167e-05,2.3133096791179726e-05,43.271065264849994,4,True,8.752502271814228e-08,-1.5442178476358817,-3.242221088212186e-06,8.754525455877443e-08,-1.5442178477286084,-3.242221091800785e-06
11.88999999999885,-1.5248176034137239e-05,0.007293632536672017,0.2605553614393785,2.5781859855117094e-10,-3.558265502930495e-05,2.2790230236489372e-05,43.271065271522836,4,True,8.622777558689436e-08,-1.5442178664752988,-3.194184669255851e-06,8.624800505568602e-08,-1.5442178665680144,-3.194184667453363e-06
11.899999999998844,-1.5022135716830867e-05,0.007293632536672033,0.2605553615674243,2.578149346336527e-10,-3.5055442648005444e-05,2.2452443850853916e-05,43.271065278086894,4,True,8.494973555133395e-08,-1.5442178850356656,-3.146859468728422e-06,8.496998043463786e-08,-1.5442178851283883,-3.146859484124401e-06
11.909999999998838,-1.4799445674606003e-05,0.007293632536672037,0.26055536169357413,2.578137766968585e-10,-3.453603718425607e-05,2.2119662406023e-05,43.271065284558304,4,True,8.369064129044871e-08,-1.5442179033211427,-3.1002350468539763e-06,8.371087669368237e-08,-1.5442179034138972,-3.100235046667751e-06
11.919999999998833,-1.4580056266596426e-05,0.007293632536672034,0.26055536181785627,2.578143284734739e-10,-3.402432315657368e-05,2.1791811787051522e-05,43.27106529093456,4,True,8.245020157907578e-08,-1.5442179213358551,-3.0543009902682872e-06,8.247042595730828e-08,-1.5442179214285676,-3.0543009876562748e-06
11.929999999998827,-1.4363918587048987e-05,0.00729363253667203,0.26055536194029816,2.578145136627971e-10,-3.352018678756941e-05,2.1468818974332793e-05,43.27106529721737,4,True,8.122812705986374e-08,-1.5442179390835982,-3.0090471004168445e-06,8.124835122718333e-08,-1.5442179391764235,-3.0090471028522624e-06
11.939999999998822,-1.4150984454438675e-05,0.007293632536672028,0.26055536206092705,2.57814465738997e-10,-3.302351597839278e-05,2.115061203093371e-05,43.271065303404654,4,True,8.002415971528504e-08,-1.5442179565688032,-2.9644633076020174e-06,8.004438293518558e-08,-1.5442179566614949,-2.964463307508373e-06
11.949999999998816,-1.3941206400768848e-05,0.007293632536672029,0.2605553621797698,2.5781334579098476e-10,-3.253420028769272e-05,2.0837120079978205e-05,43.27106530950093,4,True,7.883803016056691e-08,-1.5442179737947734,-2.9205397017540132e-06,7.885825659604126e-08,-1.5442179738875006,-2.9205397016481375e-06
11.95999999999881,-1.3734537661008903e-05,0.007293632536672034,0.26055536229685283,2.5781202353539306e-10,-3.205213090682447e-05,2.0528273296548272e-05,43.27106531550819,4,True,7.766947147406729e-08,-1.5442179907656755,-2.877266532206202e-06,7.768969919414842e-08,-1.5442179908583822,-2.877266528598399e-06
11.969999999998805,-1.3530932162689974e-05,0.0072936325366720406,0.260555362412202,2.5781054385406204e-10,-3.157720063142365e-05,2.0224002887801934e-05,43.27106532142708,4,True,7.651822310782267e-08,-1.5442180074851897,-2.8346341611620087e-06,7.653845109926182e-08,-1.5442180075779304,-2.8346341618987003e-06
11.9799999999988,-1.3330344515661968e-05,0.007293632536672048,0.2605553625258431,2.578086456747105e-10,-3.110930383986081e-05,1.992424107878182e-05,43.271065327259166,4,True,7.538402945588161e-08,-1.544218023957147,-2.792633127226667e-06,7.540426160719993e-08,-1.5442180240498766,-2.7926331310489e-06
11.989999999998794,-1.3132730001995558e-05,0.00729363253667205,0.2605553626378014,2.578079051667161e-10,-3.064833647052631e-05,1.9628921097174444e-05,43.27106533300278,4,True,7.426664716214241e-08,-1.5442180401850942,-2.751254072811217e-06,7.428686887572995e-08,-1.5442180402778398,-2.751254068987834e-06
11.999999999998789,-1.2938044566041858e-05,0.007293632536672053,0.2605553627481017,2.5780742441235695e-10,-3.019419599930433e-05,1.933797715837634e-05,43.271065338665004,4,True,7.316581304867373e-08,-1.5442180561726737,-2.710487800026413e-06,7.318603431772737e-08,-1.544218056265377,-2.710487798855961e-06
12.009999999998783,-1.2746244804629653e-05,0.007293632536672055,0.26055536285676867,2.578061871997074e-10,-2.9746781415985896e-05,1.9051344451371856e-05,43.271065344243155,4,True,7.208128871804749e-08,-1.5442180719234104,-2.6703252493755546e-06,7.210151156347476e-08,-1.544218072016149,-2.67032525077921e-06
12.019999999998777,-1.2557287957410505e-05,0.0072936325366720605,0.2605553629638263,2.578046870078413e-10,-2.930599320256458e-05,1.8768959124604212e-05,43.271065349734705,4,True,7.101283150638231e-08,-1.5442180874409202,-2.6307574845943412e-06,7.103305190952815e-08,-1.5442180875336184,-2.6307574817668046e-06
12.029999999998772,-1.2371131897349126e-05,0.007293632536672069,0.2605553630692986,2.578027261362324e-10,-2.8871733311129344e-05,1.849075827013681e-05,43.27106535514873,4,True,6.996020340365291e-08,-1.5442181027284723,-2.591775697643824e-06,6.998042843600998e-08,-1.544218102821214,-2.591775700187835e-06
12.039999999998766,-1.2187735121351055e-05,0.007293632536672078,0.2605553631732089,2.578003281613098e-10,-2.8443905141591756e-05,1.821667991218379e-05,43.27106536048021,4,True,6.892316898867416e-08,-1.5442181177896335,-2.553371231917213e-06,6.894339724908523e-08,-1.5442181178823577,-2.553371237668089e-06
12.04999999999876,-1.2007056741028426e-05,0.0072936325366720865,0.2605553632755803,2.577979701865024e-10,-2.8022413521376084e-05,1.794666299160741e-05,43.27106536573627,4,True,6.790150402008955e-08,-1.5442181326277122,-2.515535546605257e-06,6.792173228207568e-08,-1.5442181327204116,-2.5155355509055416e-06
12.059999999998755,-1.1829056473604606e-05,0.007293632536672095,0.26055536337643564,2.5779604072520384e-10,-2.7607164683924417e-05,1.768064735244104e-05,43.27106537091119,4,True,6.689497331695623e-08,-1.544218147245934,-2.478260225797855e-06,6.691520281496333e-08,-1.5442181473386707,-2.478260223470117e-06
12.06999999999875,-1.1653694632951543e-05,0.007293632536672101,0.2605553634757973,2.577945013293808e-10,-2.719806624844538e-05,1.7418573729523567e-05,43.27106537600789,4,True,6.590335797473349e-08,-1.544218161647627,-2.441536956776655e-06,6.59235835311651e-08,-1.5442181617404342,-2.441536949314349e-06
12.079999999998744,-1.14809321207674e-05,0.007293632536672107,0.2605553635736873,2.5779272619361556e-10,-2.6795027201110674e-05,1.7160383733923965e-05,43.27106538103739,4,True,6.49264332805525e-08,-1.544218175836022,-2.4053576048055133e-06,6.494665938227681e-08,-1.5442181759287208,-2.405357607441585e-06
12.089999999998739,-1.1310730417860334e-05,0.007293632536672115,0.2605553636701275,2.577909187134375e-10,-2.6397957866066607e-05,1.690601984259287e-05,43.271065385988706,4,True,6.396397981269244e-08,-1.5442181898142908,-2.3697141031152413e-06,6.398420853139111e-08,-1.5442181899069884,-2.369714105684284e-06
12.099999999998733,-1.1143051575591042e-05,0.00729363253667212,0.2605553637651393,2.5778982701704946e-10,-2.6006769895813295e-05,1.6655425381901015e-05,43.27106539086711,4,True,6.301579169810311e-08,-1.5442182035854162,-2.334598512720353e-06,6.303601540533474e-08,-1.5442182036781662,-2.334598510037444e-06
12.109999999998728,-1.0977858207429436e-05,0.007293632536672132,0.2605553638587441,2.5778734335934294e-10,-2.5621376252170236e-05,1.6408544517171325e-05,43.27106539566869,4,True,6.20816487326996e-08,-1.5442182171524372,-2.3000030177497104e-06,6.210188294350696e-08,-1.5442182172452108,-2.30000302676207e-06
12.119999999998722,-1.0815113480634123e-05,0.00729363253667213,0.26055536395096235,2.5778735697302087e-10,-2.5241691179661354e-05,1.6165322241342763e-05,43.27106540040518,4,True,6.116135298653822e-08,-1.5442182305186538,-2.265919975728619e-06,6.118157502088274e-08,-1.5442182306114367,-2.2659199689928503e-06
12.129999999998716,-1.0654781108045285e-05,0.007293632536672131,0.26055536404181473,2.5778707760429223e-10,-2.4867630187452455e-05,1.5925704360957998e-05,43.27106540507011,4,True,6.025469206541966e-08,-1.544218243686856,-2.232341743651186e-06,6.027490837328656e-08,-1.5442182437795706,-2.23234173643322e-06
12.139999999998711,-1.049682534002374e-05,0.00729363253667214,0.26055536413132147,2.577846896835888e-10,-2.4499110039102373e-05,1.5689637483280768e-05,43.27106540966382,4,True,5.936145317062815e-08,-1.544218256659796,-2.1992608426315638e-06,5.9381688133065655e-08,-1.544218256752559,-2.1992608517657824e-06
12.149999999998705,-1.0341210956493315e-05,0.007293632536672141,0.2605553642195025,2.5778451271181175e-10,-2.413604872553542e-05,1.545706900797181e-05,43.271065414192535,4,True,5.848146323354543e-08,-1.5442182694406852,-2.1666699749449018e-06,5.8501684037604877e-08,-1.5442182695334732,-2.166669967531877e-06
12.1599999999987,-1.0187903259093278e-05,0.007293632536672143,0.2605553643063773,2.577841683484286e-10,-2.3778365447099538e-05,1.522794711241886e-05,43.2710654186486,4,True,5.7614508292642973e-08,-1.5442182820322885,-2.1345618427499923e-06,5.763473186954863e-08,-1.544218282124996,-2.134561844309795e-06
12.169999999998694,-1.0036868063462928e-05,0.007293632536672144,0.26055536439196536,2.57783699399546e-10,-2.3425980604078596e-05,1.500222074008207e-05,43.27106542304796,4,True,5.6760401943037295e-08,-1.5442182944372627,-2.1029293079899748e-06,5.678062079616387e-08,-1.5442182945299607,-2.102929304198746e-06
12.179999999998689,-9.888071691632546e-06,0.007293632536672152,0.26055536447628563,2.57781907081244e-10,-2.3078815767271488e-05,1.477983959207395e-05,43.271065427378815,4,True,5.591894184694003e-08,-1.5442183066585116,-2.071765339853796e-06,5.5939170202214766e-08,-1.5442183067512,-2.0717653445703736e-06
12.189999999998683,-9.741480964525838e-06,0.007293632536672161,0.2605553645593569,2.577795304067048e-10,-2.2736793672366324e-05,1.4560754112449762e-05,43.271065431644764,4,True,5.5089957401534574e-08,-1.5442183186986105,-2.041062989139865e-06,5.511018952128017e-08,-1.5442183187913388,-2.041062992069964e-06
12.199999999998678,-9.59706319457952e-06,0.007293632536672163,0.26055536464119766,2.5777873011225383e-10,-2.239983819176866e-05,1.4344915479941209e-05,43.2710654358501,4,True,5.4273256855749665e-08,-1.5442183305604285,-2.010815458245823e-06,5.4293482373462124e-08,-1.5442183306531454,-2.0108154536627473e-06
12.209999999998672,-9.454786178459764e-06,0.007293632536672168,0.2605553647218262,2.5777723375769394e-10,-2.206787432763993e-05,1.4132275594745683e-05,43.2710654399873,4,True,5.3468657846389196e-08,-1.5442183422463758,-1.9810159524408603e-06,5.348888693022429e-08,-1.5442183423391116,-1.9810159530034715e-06
12.219999999998667,-9.31461818990609e-06,0.007293632536672172,0.2605553648012604,2.577760061964156e-10,-2.174082819017569e-05,1.3922787070366702e-05,43.27106544406487,4,True,5.267598159868207e-08,-1.5442183537592786,-1.951657905332187e-06,5.26962078578391e-08,-1.5442183538520093,-1.9516579028779436e-06
12.229999999998661,-9.176527972654115e-06,0.007293632536672176,0.2605553648795179,2.577750812196736e-10,-2.141862698102401e-05,1.3716403220997531e-05,43.27106544808523,4,True,5.189505122356832e-08,-1.5442183651016017,-1.9227347434937026e-06,5.1915278200508694e-08,-1.5442183651943366,-1.9227347446150294e-06
12.239999999998656,-9.040484733488266e-06,0.0072936325366721785,0.26055536495661613,2.5777393815610745e-10,-2.110119897536404e-05,1.3513078052565988e-05,43.27106545204889,4,True,5.1125686958254206e-08,-1.544218376275943,-1.894240048722579e-06,5.1145916862504236e-08,-1.5442183763686874,-1.8942400545701608e-06
12.24999999999865,-8.906458135380438e-06,0.0072936325366721785,0.2605553650325722,2.577738559161513e-10,-2.07884735110179e-05,1.3312766251434691e-05,43.27106545594674,4,True,5.0367734164394814e-08,-1.5442183872846842,-1.8661674641394686e-06,5.038795858185319e-08,-1.5442183873773965,-1.8661674598178751e-06
12.259999999998644,-8.774418290744506e-06,0.00729363253667218,0.26055536510740307,2.5777325821780274e-10,-2.0480380970901094e-05,1.3115423174908934e-05,43.271065459792794,4,True,4.9621002550338646e-08,-1.5442183981303403,-1.8385107562209753e-06,4.9641232990582865e-08,-1.544218398223066,-1.838510758602206e-06
12.269999999998639,-8.64433575477279e-06,0.0072936325366721785,0.26055536518112543,2.577736479937349e-10,-2.017685276610504e-05,1.2921004840995379e-05,43.27106546357593,4,True,4.888534779037348e-08,-1.5442184088152233,-1.8112637432820798e-06,4.890557081917492e-08,-1.544218408907927,-1.8112637379822454e-06
12.279999999998633,-8.516181518892126e-06,0.007293632536672178,0.26055536525375556,2.577733633731845e-10,-1.987782132543428e-05,1.272946791923942e-05,43.27106546731078,4,True,4.816058937313959e-08,-1.544218419341799,-1.784420395208384e-06,4.818080838329887e-08,-1.544218419434532,-1.7844203891000653e-06
12.289999999998628,-8.389927004290186e-06,0.007293632536672182,0.2605553653253098,2.577721038910467e-10,-1.9583220070616765e-05,1.2540769721432873e-05,43.27106547098299,4,True,4.74465677833747e-08,-1.544218429712528,-1.757974701424999e-06,4.746679489153636e-08,-1.5442184298052835,-1.757974710644076e-06
12.299999999998622,-8.265544055568835e-06,0.007293632536672184,0.2605553653958041,2.577712935832852e-10,-1.929298341557191e-05,1.2354868188993911e-05,43.27106547460403,4,True,4.6743132753813126e-08,-1.5442184399294587,-1.731920802908636e-06,4.676335621772776e-08,-1.5442184400221632,-1.731920800896964e-06
12.309999999998617,-8.143004934465923e-06,0.0072936325366721845,0.260555365465254,2.5777083038920875e-10,-1.9007046738575598e-05,1.2171721888926678e-05,43.27106547817365,4,True,4.6050117951230864e-08,-1.544218449995132,-1.7062529008592994e-06,4.6070334996300814e-08,-1.5442184500878133,-1.7062528920785145e-06
12.319999999998611,-8.022282313675542e-06,0.007293632536672192,0.26055536553367503,2.5776912821932285e-10,-1.872534637346729e-05,1.1991289999865643e-05,43.271065481685085,4,True,4.536737302204596e-08,-1.5442184599115498,-1.6809652427178522e-06,4.538759751069068e-08,-1.544218460004259,-1.680965239517157e-06
12.329999999998606,-7.903349270775783e-06,0.007293632536672201,0.26055536560108244,2.577668274644086e-10,-1.84478196001617e-05,1.1813532305105786e-05,43.271065485147474,4,True,4.469474444497991e-08,-1.5442184696810592,-1.656052228509452e-06,4.471497524728138e-08,-1.5442184697737698,-1.6560522333627213e-06
12.3399999999986,-7.786179282223376e-06,0.0072936325366722106,0.26055536566749116,2.577645565326907e-10,-1.8174404620179578e-05,1.163840918442227e-05,43.27106548856142,4,True,4.4032081097772394e-08,-1.5442184793058975,-1.631508326883834e-06,4.4052315487581745e-08,-1.5442184793986338,-1.631508329955506e-06
12.349999999998595,-7.670746217448328e-06,0.0072936325366722175,0.26055536573291604,2.577629610835975e-10,-1.7905040552782732e-05,1.1465881602697413e-05,43.27106549192156,4,True,4.337924648016059e-08,-1.544218488788014,-1.6073280277014913e-06,4.339947711943913e-08,-1.5442184888807462,-1.6073280357318718e-06
12.359999999998589,-7.5570243330429275e-06,0.007293632536672217,0.26055536579737154,2.5776327256930915e-10,-1.7639667418760116e-05,1.1295911104026649e-05,43.27106549523347,4,True,4.273608747566686e-08,-1.5442184981296712,-1.58350598344835e-06,4.275630812853897e-08,-1.544218498222388,-1.5835059809467449e-06
12.369999999998583,-7.444988267021106e-06,0.007293632536672215,0.26055536586087213,2.577635873434477e-10,-1.7378226120574595e-05,1.1128459802087365e-05,43.27106549849672,4,True,4.210245261240468e-08,-1.5442185073329862,-1.560036906772355e-06,4.2122671869791495e-08,-1.544218507425758,-1.56003690520962e-06
12.379999999998578,-7.334613033166742e-06,0.007293632536672211,0.260555365923432,2.5776397819040623e-10,-1.712065843875299e-05,1.0963490370226047e-05,43.27106550170878,4,True,4.1478215464478234e-08,-1.54421851639985,-1.5369155118432792e-06,4.149843249018692e-08,-1.5442185164925253,-1.5369155081711212e-06
12.389999999998572,-7.225874015484984e-06,0.007293632536672214,0.26055536598506496,2.5776344888810456e-10,-1.6866907017632954e-05,1.080096603534147e-05,43.271065504874684,4,True,4.086322620588935e-08,-1.5442185253323313,-1.5141366825553624e-06,4.088344177601448e-08,-1.5442185254250462,-1.514136676660501e-06
12.399999999998567,-7.118746962711491e-06,0.007293632536672215,0.2605553660457847,2.577632794761401e-10,-1.661691534466697e-05,1.064085056920004e-05,43.271065507998955,4,True,4.025734664407793e-08,-1.54421853413254,-1.4916953906323565e-06,4.027755985435868e-08,-1.544218534225282,-1.4916953798318885e-06
12.409999999998561,-7.013207982897657e-06,0.007293632536672221,0.26055536610560487,2.577616662925141e-10,-1.6370627743130176e-05,1.0483108279637865e-05,43.27106551107028,4,True,3.9660447173119015e-08,-1.5442185428023225,-1.4695865277151753e-06,3.9680670361263864e-08,-1.5442185428950097,-1.4695865308452128e-06
12.419999999998556,-6.909233538118076e-06,0.00729363253667223,0.2605553661645387,2.577597945227472e-10,-1.612798936565636e-05,1.0327704002346282e-05,43.271065514098105,4,True,3.9072395131830915e-08,-1.5442185513435236,-1.4478052622646397e-06,3.909261745443811e-08,-1.5442185514362403,-1.447805265670505e-06
12.42999999999855,-6.80680043920818e-06,0.007293632536672237,0.2605553662225994,2.5775826866705334e-10,-1.5888946172183684e-05,1.0174603094985637e-05,43.27106551708117,4,True,3.849306039050446e-08,-1.5442185597582718,-1.4263467530245856e-06,3.851327608030285e-08,-1.5442185598508844,-1.4263467444176967e-06
12.439999999998545,-6.705885840591998e-06,0.007293632536672239,0.2605553662797997,2.5775753949438404e-10,-1.565344491878111e-05,1.002377142989105e-05,43.27106552002199,4,True,3.79223111529082e-08,-1.544218568048489,-1.4052061661853918e-06,3.794252383641725e-08,-1.5442185681411051,-1.4052061620259857e-06
12.44999999999854,-6.606467235216595e-06,0.007293632536672252,0.26055536633615256,2.5775438070103566e-10,-1.5421433155662685e-05,9.875175378898672e-06,43.27106552291693,4,True,3.736001353629154e-08,-1.5442185762155523,-1.3843787833829659e-06,3.738024196843769e-08,-1.544218576308256,-1.3843787971094753e-06
12.459999999998534,-6.508522449532445e-06,0.0072936325366722635,0.2605553663916705,2.577516838730263e-10,-1.5192859207787585e-05,9.728781817599534e-06,43.27106552576848,4,True,3.680605420122415e-08,-1.5442185842616685,-1.3638600352555773e-06,3.68262847964737e-08,-1.5442185843544096,-1.3638600432275634e-06
12.469999999998528,-6.412029638543984e-06,0.00729363253667227,0.26055536644636584,2.577501705511157e-10,-1.4967672162918253e-05,9.584558109413389e-06,43.27106552858034,4,True,3.6260302124840214e-08,-1.5442185921885612,-1.3436453125739927e-06,3.628053406807918e-08,-1.5442185922812939,-1.343645319895665e-06
12.479999999998522,-6.316967280945843e-06,0.007293632536672269,0.26055536650025074,2.577503060476113e-10,-1.474582185887441e-05,9.442472104051235e-06,43.27106553135334,4,True,3.572264651475378e-08,-1.5442185999981421,-1.3237301256351267e-06,3.574286834379488e-08,-1.5442186000909255,-1.3237301290709355e-06
12.489999999998517,-6.223314174331813e-06,0.007293632536672266,0.2605553665533373,2.5775093274434686e-10,-1.45272588800647e-05,9.302492122270855e-06,43.27106553407804,4,True,3.5192960297266064e-08,-1.5442186076917948,-1.3041099935664786e-06,3.52131769028985e-08,-1.5442186077845261,-1.3041099926589488e-06
12.499999999998511,-6.131049430482453e-06,0.007293632536672259,0.260555366605637,2.5775211475440075e-10,-1.4311934543319488e-05,9.164586958469058e-06,43.27106553676484,4,True,3.467112105270398e-08,-1.5442186152715527,-1.2847806023425752e-06,3.469133247323312e-08,-1.5442186153642465,-1.2847805954861238e-06
12.509999999998506,-6.040152470696241e-06,0.007293632536672259,0.2605553666571618,2.577521886584216e-10,-1.4099800882881786e-05,9.028725867382223e-06,43.27106553941401,4,True,3.415700974714735e-08,-1.5442186227389691,-1.2657376202636304e-06,3.417722624625332e-08,-1.5442186228316745,-1.2657376199270068e-06
12.5199999999985,-5.9506030212099025e-06,0.007293632536672261,0.2605553667079231,2.577513793494143e-10,-1.389081064237318e-05,8.894878559653713e-06,43.27106554202509,4,True,3.365051815500845e-08,-1.5442186300957557,-1.2469768230757495e-06,3.367074023899397e-08,-1.544218630188333,-1.246976822986374e-06
12.529999999998495,-5.862381108680758e-06,0.007293632536672253,0.2605553667579324,2.577531323321679e-10,-1.3684917263307503e-05,8.76301519440855e-06,43.27106554459673,4,True,3.315154436025034e-08,-1.5442186373434845,-1.2284940093632083e-06,3.317175185039096e-08,-1.544218637436211,-1.2284939972019251e-06
12.53999999999849,-5.775467055746329e-06,0.007293632536672252,0.2605553668072006,2.577533494931808e-10,-1.3482074880922735e-05,8.633106371543147e-06,43.27106554712536,4,True,3.2659959639683854e-08,-1.5442186444837498,-1.2102850498840764e-06,3.268017093416581e-08,-1.5442186445764443,-1.2102850450718086e-06
12.549999999998484,-5.689841476637092e-06,0.007293632536672259,0.26055536685573877,2.57751859623961e-10,-1.3282238307968325e-05,8.505123128326717e-06,43.271065549619394,4,True,3.217565606441851e-08,-1.5442186515182204,-1.1923459406070884e-06,3.219587523083483e-08,-1.5442186516109258,-1.1923459405734095e-06
12.559999999998478,-5.605485272846261e-06,0.007293632536672269,0.2605553669035576,2.577492160789218e-10,-1.3085363023936322e-05,8.379036930304654e-06,43.27106555207931,4,True,3.169853004489962e-08,-1.544218658448521,-1.1746726514710153e-06,3.171875752717138e-08,-1.5442186585412239,-1.1746726555745943e-06
12.569999999998473,-5.522379628883991e-06,0.00729363253667228,0.26055536695066783,2.577468940422362e-10,-1.2891405167315936e-05,8.254819665199549e-06,43.271065554496005,4,True,3.1228477273011275e-08,-1.5442186652760643,-1.1572612394535101e-06,3.124870926964455e-08,-1.544218665368725,-1.1572612481501058e-06
12.579999999998467,-5.4405060080866934e-06,0.00729363253667228,0.26055536699708015,2.5774629315567437e-10,-1.2700321524628725e-05,8.132443638080032e-06,43.27106555689005,4,True,3.076539650326453e-08,-1.544218672002416,-1.1401078556886813e-06,3.0785620094713953e-08,-1.5442186720952042,-1.1401078531644206e-06
12.589999999998462,-5.359846148481281e-06,0.007293632536672278,0.2605553670428047,2.577464462277552e-10,-1.2512069523099942e-05,8.01188156260891e-06,43.271065559234955,4,True,3.0309179280648146e-08,-1.5442186786290972,-1.1232086176536762e-06,3.0329399788440136e-08,-1.5442186787217813,-1.1232086171483999e-06
12.599999999998456,-5.2803820587312234e-06,0.00729363253667228,0.26055536708785165,2.577463085214969e-10,-1.2326607222912772e-05,7.893106557915353e-06,43.27106556155229,4,True,2.985972197925691e-08,-1.5442186851575628,-1.1065598305690673e-06,2.9879941574596e-08,-1.5442186852502215,-1.1065598298473449e-06
12.60999999999845,-5.2020960141071716e-06,0.00729363253667228,0.260555367132231,2.5774587268802527e-10,-1.2143893302572119e-05,7.77609214124437e-06,43.27106556383213,4,True,2.941692522823213e-08,-1.5442186915892477,-1.0901577531944723e-06,2.9437144248647396e-08,-1.5442186916819793,-1.0901577508873934e-06
12.619999999998445,-5.124970552549173e-06,0.007293632536672285,0.26055536717595273,2.57744734683936e-10,-1.1963887051036046e-05,7.66081222210662e-06,43.27106556607912,4,True,2.89806888147364e-08,-1.5442186979256773,-1.0739987407336988e-06,2.9000916177496048e-08,-1.544218698018389,-1.0739987484234666e-06
12.62999999999844,-5.048988470771649e-06,0.007293632536672287,0.26055536721902656,2.57744569780609e-10,-1.1786548360713334e-05,7.547241096274723e-06,43.27106556829348,4,True,2.8550923004503006e-08,-1.5442187041681712,-1.0580791822315605e-06,2.8571147004037338e-08,-1.5442187042609195,-1.05807918193926e-06
12.639999999998434,-4.9741328204348426e-06,0.0072936325366722825,0.26055536726146206,2.5774554000762273e-10,-1.161183771751812e-05,7.435353439798791e-06,43.27106557047653,4,True,2.8127529775596615e-08,-1.5442187103181724,-1.042395537748742e-06,2.8147744525472188e-08,-1.5442187104108542,-1.0423955309087908e-06
12.649999999998428,-4.900386904364324e-06,0.0072936325366722825,0.26055536730326867,2.57745876896461e-10,-1.1439716189390843e-05,7.325124304866482e-06,43.271065572626156,4,True,2.7710402564434788e-08,-1.5442187163770298,-1.0269443004198177e-06,2.773062017430853e-08,-1.5442187164697463,-1.026944296718459e-06
12.659999999998423,-4.827734272833388e-06,0.007293632536672281,0.2605553673444559,2.577459111181587e-10,-1.1270145425301198e-05,7.2165291124203266e-06,43.27106557474166,4,True,2.7299466720159364e-08,-1.5442187223460637,-1.0117220415689914e-06,2.7319686073883364e-08,-1.5442187224387647,-1.0117220408890239e-06
12.669999999998417,-4.756158719897299e-06,0.007293632536672286,0.26055536738503265,2.577447891194173e-10,-1.110308764207999e-05,7.1095436474439815e-06,43.27106557682845,4,True,2.689461199001182e-08,-1.5442187282265856,-9.967253561493327e-07,2.6914838478308733e-08,-1.544218728319293,-9.967253601262812e-07
12.679999999998412,-4.685644279780875e-06,0.007293632536672286,0.260555367425008,2.5774412276157156e-10,-1.093850561324746e-05,7.004144054561671e-06,43.27106557888348,4,True,2.649576493453542e-08,-1.5442187340200413,-9.819509382464853e-07,2.6515990833002847e-08,-1.5442187341127682,-9.81950940586142e-07
12.689999999998406,-4.616175223316965e-06,0.007293632536672286,0.26055536746439106,2.5774421250667714e-10,-1.0776362663042804e-05,6.90030683094656e-06,43.27106558090806,4,True,2.6102832727360888e-08,-1.544218739727604,-9.67395453871704e-07,2.6123052204091436e-08,-1.544218739820334,-9.673954503802452e-07
12.6999999999984,-4.547736054445994e-06,0.007293632536672286,0.2605553675031904,2.5774420830164664e-10,-1.0616622659899835e-05,6.798008822418852e-06,43.271065582901926,4,True,2.5715720472356142e-08,-1.544218745350612,-9.53055676792208e-07,2.5735940447258635e-08,-1.5442187454433027,-9.530556768017536e-07
12.709999999998395,-4.4803115067626745e-06,0.007293632536672286,0.2605553675414148,2.5774403010147727e-10,-1.045925000658869e-05,6.697227217155389e-06,43.271065584869056,4,True,2.533434376028125e-08,-1.544218750890191,-9.389284016485966e-07,2.5354566445285457e-08,-1.544218750982916,-9.389284031402271e-07
12.71999999999839,-4.413886540114525e-06,0.007293632536672277,0.26055536757907255,2.577454250828223e-10,-1.0304209631766735e-05,6.597939541859437e-06,43.27106558680544,4,True,2.4958625858624912e-08,-1.5442187563476575,-9.250105194839949e-07,2.4978833578073554e-08,-1.5442187564405334,-9.250105066458719e-07
12.729999999998384,-4.348446337238683e-06,0.007293632536672279,0.2605553676161724,2.5774497476481246e-10,-1.0151466981390299e-05,6.500123657647475e-06,43.27106558871747,4,True,2.4588471456909718e-08,-1.5442187617245655,-9.112988702957836e-07,2.460868873899071e-08,-1.5442187618172485,-9.11298868741138e-07
12.739999999998378,-4.283976300478754e-06,0.007293632536672287,0.2605553676527224,2.577431661268397e-10,-1.0000988019291873e-05,6.403757748669374e-06,43.2710655905892,4,True,2.422380217179707e-08,-1.5442187670213774,-8.977903972851693e-07,2.4244030515008577e-08,-1.544218767114056,-8.977904081992236e-07
12.749999999998373,-4.220462048530803e-06,0.007293632536672292,0.26055536768873083,2.577416655286388e-10,-9.852739211728402e-06,6.308820327480805e-06,43.27106559244099,4,True,2.386454130596322e-08,-1.5442187722397838,-8.844821681985788e-07,2.3884772095746492e-08,-1.5442187723325127,-8.844821740862315e-07
12.759999999998367,-4.157889413215836e-06,0.007293632536672292,0.26055536772420557,2.57741796935562e-10,-9.706687519063846e-06,6.215290223058796e-06,43.2710655942649,4,True,2.3510608636076207e-08,-1.5442187773808647,-8.713711581593122e-07,2.3530831296569823e-08,-1.544218777473579,-8.71371153259692e-07
12.769999999998362,-4.096244436338814e-06,0.00729363253667229,0.2605553677591545,2.5774213776665247e-10,-9.562800390665516e-06,6.123146578209337e-06,43.27106559606382,4,True,2.316192188211617e-08,-1.5442187824458102,-8.584544609631184e-07,2.31821421045795e-08,-1.5442187825385212,-8.584544580239852e-07
12.779999999998356,-4.03551336657269e-06,0.007293632536672289,0.2605553677935855,2.5774264152037364e-10,-9.421045758313829e-06,6.032368844418492e-06,43.271065597833505,4,True,2.2818398801517348e-08,-1.544218787435641,-8.457291863271653e-07,2.2838620728218168e-08,-1.5442187875283557,-8.457291836848308e-07
12.78999999999835,-3.9756826563991114e-06,0.007293632536672289,0.2605553678275062,2.577426908000453e-10,-9.281392028310113e-06,5.942936777634658e-06,43.27106559957811,4,True,2.2479970113229092e-08,-1.544218792351523,-8.331925023543284e-07,2.250019137234767e-08,-1.5442187924442539,-8.331925008553169e-07
12.799999999998345,-3.916738959084068e-06,0.007293632536672289,0.2605553678609242,2.577424277620372e-10,-9.14380807484987e-06,5.854830434125061e-06,43.27106560129663,4,True,2.214655782337072e-08,-1.5442187971945918,-8.208416199703968e-07,2.216677974884334e-08,-1.5442187972872954,-8.208416181011505e-07
12.80999999999834,-3.85866912570631e-06,0.0072936325366722956,0.260555367893847,2.5774100440580645e-10,-9.008263233550026e-06,5.76803016490871e-06,43.27106560298867,4,True,2.1818084837792755e-08,-1.5442188019658034,-8.086737853951728e-07,2.1838312494159326e-08,-1.5442188020585155,-8.086737908841636e-07
12.819999999998334,-3.8014602022224755e-06,0.0072936325366723,0.2605553679262817,2.5774019804702517e-10,-8.874727293412274e-06,5.682516613318474e-06,43.27106560466028,4,True,2.1494481966309055e-08,-1.544218806666358,-7.966862809927999e-07,2.1514711575610247e-08,-1.5442188067590659,-7.966862838034543e-07
12.829999999998329,-3.745099426583715e-06,0.007293632536672301,0.26055536795823575,2.5773959480180617e-10,-8.743170490561414e-06,5.5982707082545955e-06,43.27106560630183,4,True,2.117567792633911e-08,-1.54421881129721,-7.84876446223141e-07,2.1195906049266358e-08,-1.5442188113899427,-7.848764501148775e-07
12.839999999998323,-3.689574225889893e-06,0.007293632536672296,0.26055536798971624,2.5774053375799016e-10,-8.613563500601058e-06,5.515273661716269e-06,43.27106560792207,4,True,2.086160554364493e-08,-1.544218815859525,-7.732416500324438e-07,2.0881818125904535e-08,-1.5442188159521784,-7.732416362872026e-07
12.849999999998317,-3.634872213586173e-06,0.007293632536672301,0.26055536802073015,2.577392697369578e-10,-8.485877434993087e-06,5.433506963685651e-06,43.271065609514324,4,True,2.0552178408371632e-08,-1.5442188203540599,-7.617792565662384e-07,2.0572401068407955e-08,-1.5442188204467286,-7.617792644994842e-07
12.859999999998312,-3.5809811867064215e-06,0.0072936325366723025,0.26055536805128443,2.5773839900277767e-10,-8.360083835458884e-06,5.352952379155322e-06,43.27106561108468,4,True,2.0247342849812392e-08,-1.5442188247819895,-7.504867729128252e-07,2.0267565698502646e-08,-1.544218824874732,-7.504867772961203e-07
12.869999999998306,-3.5278891231465437e-06,0.0072936325366723025,0.26055536808138585,2.57738457209971e-10,-8.236154662331813e-06,5.2735919429617115e-06,43.271065612634,4,True,1.9947026071913423e-08,-1.5442188291443522,-7.393616672705675e-07,1.9967247926594737e-08,-1.5442188292370604,-7.393616638347604e-07
12.8799999999983,-3.475584178983756e-06,0.0072936325366723025,0.2605553681110412,2.577383360230647e-10,-8.114062291622219e-06,5.195407956033001e-06,43.27106561415984,4,True,1.9651158733751124e-08,-1.5442188334420204,-7.28401432453708e-07,1.967138056184778e-08,-1.5442188335347322,-7.284014307552973e-07
12.889999999998295,-3.4240546858436107e-06,0.007293632536672303,0.260555368140257,2.5773804554461485e-10,-7.993779508203106e-06,5.1183829815083044e-06,43.27106561566035,4,True,1.9359678855383963e-08,-1.5442188376759896,-7.176036430028791e-07,1.937990022817034e-08,-1.5442188377687287,-7.176036406918225e-07
12.89999999999829,-3.37328914829673e-06,0.007293632536672303,0.2605553681690398,2.577377522411171e-10,-7.875279499674785e-06,5.042499840636137e-06,43.27106561714109,4,True,1.907251805707719e-08,-1.5442188418472194,-7.06965886439015e-07,1.909273872902427e-08,-1.5442188419399114,-7.069658865334046e-07
12.909999999998284,-3.3232762412950463e-06,0.007293632536672306,0.26055536819739583,2.5773696117211574e-10,-7.758535850625488e-06,4.967741609935369e-06,43.271065618600026,4,True,1.878961202726983e-08,-1.5442188459566677,-6.964858042139252e-07,1.8809836206928576e-08,-1.544218846049372,-6.964858063609268e-07
12.919999999998279,-3.2740048076444304e-06,0.007293632536672308,0.2605553682253317,2.5773614766178845e-10,-7.64352253687064e-06,4.894091616050698e-06,43.2710656200367,4,True,1.8510904059730807e-08,-1.5442188500051708,-6.86161046097933e-07,1.8531128557114365e-08,-1.5442188500978637,-6.861610429979724e-07
12.929999999998273,-3.2254638555227813e-06,0.0072936325366723094,0.2605553682528534,2.5773540595642953e-10,-7.530213919686132e-06,4.8215334330385755e-06,43.27106562145346,4,True,1.82363256125481e-08,-1.5442188539936852,-6.759893193435091e-07,1.8256550674321994e-08,-1.5442188540863813,-6.759893184688938e-07
12.939999999998268,-3.177642556026238e-06,0.007293632536672311,0.2605553682799672,2.577348994762012e-10,-7.418584740141077e-06,4.750050877821349e-06,43.271065622847054,4,True,1.79658175592166e-08,-1.5442188579230125,-6.659683426072929e-07,1.7986040506856184e-08,-1.5442188580157217,-6.659683420898908e-07
12.949999999998262,-3.1305302407579432e-06,0.007293632536672314,0.26055536830667925,2.577342969589383e-10,-7.308610113350437e-06,4.679628008010342e-06,43.27106562422155,4,True,1.7699317890117593e-08,-1.544218861794148,-6.560959038180315e-07,1.771954631027929e-08,-1.5442188618868837,-6.560959103804964e-07
12.959999999998256,-3.084116399445308e-06,0.007293632536672311,0.26055536833299536,2.577349140462547e-10,-7.200265523620016e-06,4.610249116521201e-06,43.271065625573755,4,True,1.743677263110805e-08,-1.5442188656079037,-6.463697854474519e-07,1.745699356165937e-08,-1.5442188657005897,-6.463697826809432e-07
12.969999999998251,-3.0383906776036765e-06,0.0072936325366723094,0.26055536835892135,2.5773523376688996e-10,-7.093526817496394e-06,4.541898729319475e-06,43.271065626907955,4,True,1.717811759590539e-08,-1.5442188693651226,-6.367878297799059e-07,1.719833652285671e-08,-1.5442188694578276,-6.367878280292053e-07
12.979999999998245,-2.9933428742221925e-06,0.007293632536672309,0.2605553683844632,2.5773516457131055e-10,-6.988370199435149e-06,4.474561601643672e-06,43.27106562821994,4,True,1.6923295054170182e-08,-1.5442188730665622,-6.273478907458713e-07,1.694351791749452e-08,-1.5442188731593345,-6.273478907562982e-07
12.98999999999824,-2.948962939490433e-06,0.007293632536672308,0.26055536840962634,2.5773524419343717e-10,-6.884772225663168e-06,4.4082227156068135e-06,43.271065629517445,4,True,1.6672247854575016e-08,-1.5442188767132285,-6.180478808433094e-07,1.6692467319928958e-08,-1.5442188768060114,-6.180478782080014e-07
12.999999999998234,-2.9052409725575757e-06,0.007293632536672312,0.2605553684344166,2.5773407771375305e-10,-6.78270979998757e-06,4.342867274312124e-06,43.27106563078546,4,True,1.6424923577721715e-08,-1.5442188803059178,-6.088856980938321e-07,1.6445150994844783e-08,-1.5442188803985735,-6.088857147263218e-07
13.009999999998229,-2.8621672193272356e-06,0.007293632536672315,0.2605553684588393,2.5773337508622416e-10,-6.682160166807953e-06,4.27848070109797e-06,43.271065632047936,4,True,1.6181268267568024e-08,-1.544218883845265,-5.998593269828446e-07,1.6201493437162223e-08,-1.5442188839380366,-5.998593322882842e-07
13.019999999998223,-2.819732070285665e-06,0.007293632536672306,0.2605553684829001,2.5773536388743687e-10,-6.583100912243459e-06,4.215048634020316e-06,43.27106563328405,4,True,1.5941232322959447e-08,-1.544218887332108,-5.909667446557383e-07,1.59614450730689e-08,-1.5442188874248166,-5.909667381771162e-07
13.029999999998218,-2.777926058355132e-06,0.007293632536672302,0.26055536850660427,2.577365180925075e-10,-6.4855099518242005e-06,4.152556925841427e-06,43.27106563450328,4,True,1.5704744157071777e-08,-1.5442188907673,-5.82205964844778e-07,1.5724959128448742e-08,-1.5442188908599799,-5.822059599360789e-07
13.039999999998212,-2.73673985678083e-06,0.007293632536672302,0.2605553685299572,2.5773638146382667e-10,-6.3893655275199505e-06,4.090991638019045e-06,43.27106563570362,4,True,1.5471760535399498e-08,-1.544218894151589,-5.735750477395985e-07,1.5491981449796102e-08,-1.5442188942442177,-5.735750458373577e-07
13.049999999998207,-2.6961642770532924e-06,0.007293632536672309,0.2605553685529639,2.5773495304694406e-10,-6.294646203973489e-06,4.030339038751516e-06,43.27106563688665,4,True,1.5242230091434023e-08,-1.5442188974856659,-5.65072053645956e-07,1.5262459350758724e-08,-1.5442188975783795,-5.650720618278999e-07
13.059999999998201,-2.6561902668617554e-06,0.0072936325366723094,0.2605553685756295,2.5773497676683704e-10,-6.20133086289671e-06,3.97058559927588e-06,43.271065638054296,4,True,1.5016107305803383e-08,-1.5442189007703724,-5.566951040027823e-07,1.5036329890427834e-08,-1.544218900863118,-5.5669510148625e-07
13.069999999998196,-2.616808908074253e-06,0.0072936325366723094,0.2605553685979591,2.577349382580281e-10,-6.109398698292758e-06,3.91171799198284e-06,43.27106563920178,4,True,1.479333621378492e-08,-1.5442189040064414,-5.484423130685956e-07,1.4813555514409748e-08,-1.5442189040991483,-5.484423101702898e-07
13.07999999999819,-2.578011414751703e-06,0.007293632536672315,0.26055536861995765,2.577336457698794e-10,-6.018829213019064e-06,3.853723085862442e-06,43.2710656403365,4,True,1.457386220734987e-08,-1.5442189071944672,-5.40311841522752e-07,1.4594089923751436e-08,-1.5442189072871895,-5.403118486127877e-07
13.089999999998184,-2.5397891311860934e-06,0.007293632536672318,0.26055536864163026,2.577329052748169e-10,-5.929602213819889e-06,3.796587945449084e-06,43.271065641451266,4,True,1.4357646875339088e-08,-1.5442189103352264,-5.323018930487326e-07,1.4377873181432544e-08,-1.5442189104279875,-5.323018951389154e-07
13.099999999998179,-2.5021335299727565e-06,0.007293632536672317,0.2605553686629816,2.577332060247261e-10,-5.84169780699287e-06,3.740299826072618e-06,43.271065642545864,4,True,1.4144638584172115e-08,-1.544218913429454,-5.244106663651494e-07,1.4164860360660377e-08,-1.5442189135221143,-5.244106631965755e-07
13.109999999998173,-2.4650362101079823e-06,0.007293632536672318,0.26055536868401646,2.577326445659311e-10,-5.755096392606706e-06,3.6848461730242234e-06,43.27106564362845,4,True,1.3934782824269447e-08,-1.544218916477817,-5.166364114049218e-07,1.3955008020962718e-08,-1.5442189165705307,-5.166364155574294e-07
13.119999999998168,-2.4284888951130126e-06,0.007293632536672318,0.2605553687047396,2.577324911009647e-10,-5.669778661536425e-06,3.630214616660185e-06,43.27106564469591,4,True,1.3728042220885944e-08,-1.5442189194809643,-5.089773931211842e-07,1.3748265170223882e-08,-1.544218919573664,-5.089773934326143e-07
13.129999999998162,-2.39248343119385e-06,0.007293632536672319,0.26055536872515545,2.577319531599336e-10,-5.585725590334631e-06,3.576392971214287e-06,43.27106564574676,4,True,1.352436319457041e-08,-1.5442189224396314,-5.014319097488988e-07,1.3544587456690409e-08,-1.5442189225323646,-5.014319120224542e-07
13.139999999998157,-2.3570117854176054e-06,0.007293632536672319,0.26055536874526886,2.577324996519718e-10,-5.5029184371721715e-06,3.5233692312227573e-06,43.2710656467793,4,True,1.3323708927833325e-08,-1.544218925354398,-4.939982546145893e-07,1.3343926934791614e-08,-1.5442189254470897,-4.939982506511487e-07
13.149999999998151,-2.322066043928554e-06,0.00729363253667232,0.260555368765084,2.5773204335242384e-10,-5.4213387389998654e-06,3.471131569068074e-06,43.27106564779888,4,True,1.3126021196635797e-08,-1.544218928225984,-4.866747973838961e-07,1.3146245002932585e-08,-1.5442189283187002,-4.866748012200168e-07
13.159999999998146,-2.2876384101770084e-06,0.00729363253667232,0.26055536878460545,2.577319861148548e-10,-5.340968304423598e-06,3.4196683328439984e-06,43.271065648803514,4,True,1.2931269546890025e-08,-1.5442189310550125,-4.794598987879125e-07,1.295148996173656e-08,-1.544218931147719,-4.794598973304975e-07
13.16999999999814,-2.2537212031811707e-06,0.00729363253667232,0.26055536880383756,2.5773205855607737e-10,-5.26178921278725e-06,3.368968043271316e-06,43.27106564979379,4,True,1.2739404969155438e-08,-1.5442189338421164,-4.723519451204994e-07,1.2759625183178033e-08,-1.5442189339348285,-4.7235194419579143e-07
13.179999999998135,-2.220306855818748e-06,0.00729363253667232,0.2605553688227845,2.5773163582627365e-10,-5.183783808947097e-06,3.319019390288165e-06,43.271065650767916,4,True,1.255037987114323e-08,-1.5442189365878771,-4.653493427285131e-07,1.2570603967373202e-08,-1.5442189366805774,-4.653493465982545e-07
13.189999999998129,-2.1873879131381533e-06,0.007293632536672317,0.26055536884145053,2.5773211524569447e-10,-5.106934698435947e-06,3.269811232780293e-06,43.27106565172943,4,True,1.2364162529610872e-08,-1.5442189392929615,-4.584505564487439e-07,1.2384380318112376e-08,-1.544218939385692,-4.584505508375301e-07
13.199999999998123,-2.1549570306922854e-06,0.007293632536672318,0.26055536885984,2.5773182187789504e-10,-5.031224745168445e-06,3.2213325937724377e-06,43.27106565267573,4,True,1.2180703851219495e-08,-1.5442189419579346,-4.5165401651954567e-07,1.2200925916942192e-08,-1.5442189420506374,-4.51654017522064e-07
13.209999999998118,-2.12300697290818e-06,0.007293632536672322,0.2605553688779569,2.5773089516288097e-10,-4.9566370663727975e-06,3.1735726590380238e-06,43.2710656536056,4,True,1.1999959852175116e-08,-1.5442189445833647,-4.44958223481573e-07,1.2020187998020163e-08,-1.54421894467605,-4.449582318182824e-07
13.219999999998112,-2.091530611464367e-06,0.007293632536672322,0.26055536889580516,2.577303955931591e-10,-4.883155030360894e-06,3.1265207758257366e-06,43.271065654523305,4,True,1.1821901140833258e-08,-1.5442189471699483,-4.3836169227268443e-07,1.1842128609768484e-08,-1.5442189472626395,-4.3836169521386234e-07
13.229999999998107,-2.060520923708137e-06,0.007293632536672318,0.26055536891338893,2.577309864559863e-10,-4.810762251312313e-06,3.0801664473089816e-06,43.27106565542705,4,True,1.1646486954067437e-08,-1.5442189497181202,-4.318629439472493e-07,1.1666704748043632e-08,-1.5442189498108443,-4.318629398435695e-07
13.239999999998101,-2.029970991087049e-06,0.007293632536672312,0.2605553689307121,2.5773213063942796e-10,-4.739442586259263e-06,3.0344993335479815e-06,43.27106565631776,4,True,1.1473666832378985e-08,-1.5442189522284935,-4.254605107111841e-07,1.1493884450616808e-08,-1.544218952321243,-4.254605097434043e-07
13.249999999998096,-1.9998739976086674e-06,0.007293632536672309,0.2605553689477785,2.5773265392263214e-10,-4.669180131141016e-06,2.9895092478335966e-06,43.27106565719836,4,True,1.1303407509215195e-08,-1.5442189547017442,-4.1915300687239464e-07,1.1323626327271535e-08,-1.5442189547944207,-4.1915300480527426e-07
13.25999999999809,-1.970223228313195e-06,0.007293632536672309,0.26055536896459175,2.5773243312171777e-10,-4.5999592173174245e-06,2.945186154050767e-06,43.27106565806341,4,True,1.1135670789640563e-08,-1.5442189571382894,-4.129389874083983e-07,1.1155892840780528e-08,-1.5442189572309983,-4.12938987842833e-07
13.269999999998085,-1.9410120677859724e-06,0.007293632536672315,0.2605553689811558,2.57730814464491e-10,-4.53176440781994e-06,2.90152016463747e-06,43.271065658917784,4,True,1.0970418744051645e-08,-1.544218959538754,-4.068170875139201e-07,1.0990651803828899e-08,-1.544218959631418,-4.068171012994658e-07
13.27999999999808,-1.9122339986737973e-06,0.007293632536672327,0.2605553689974743,2.5772830573899225e-10,-4.4645804946011615e-06,2.858501539541203e-06,43.271065659756886,4,True,1.0807616072866104e-08,-1.544218961903598,-4.007859323571245e-07,1.0827863319418673e-08,-1.5442189619963964,-4.007859546657118e-07
13.289999999998074,-1.883882600235276e-06,0.007293632536672311,0.2605553690135509,2.577318921465854e-10,-4.398392496808779e-06,2.8161206811523685e-06,43.27106566058528,4,True,1.0647251465014012e-08,-1.5442189642334134,-3.9484419179940303e-07,1.0667459261077843e-08,-1.5442189643260773,-3.9484416627983685e-07
13.299999999998068,-1.8559515469137697e-06,0.0072936325366723025,0.26055536902938925,2.5773376814122155e-10,-4.333185653793145e-06,2.7743681364572276e-06,43.27106566139306,4,True,1.0489244259383007e-08,-1.5442189665285517,-3.889905110292998e-07,1.0509450100073344e-08,-1.5442189666213266,-3.889904956098769e-07
13.309999999998062,-1.8284346069205091e-06,0.007293632536672299,0.2605553690449929,2.577345852168457e-10,-4.268945422031049e-06,2.7332345907848335e-06,43.27106566219799,4,True,1.0333585702853937e-08,-1.5442189687898533,-3.8322363734623e-07,1.0353788952111505e-08,-1.5442189688825736,-3.8322362856907087e-07
13.319999999998057,-1.8013256408321566e-06,0.007293632536672309,0.2605553690603652,2.577323127476578e-10,-4.2056574770358744e-06,2.692710869679764e-06,43.271065662987894,4,True,1.0180227469377812e-08,-1.5442189710176735,-3.775422014256082e-07,1.0200436197252265e-08,-1.5442189711103962,-3.775421882297035e-07
13.329999999998051,-1.7746186002543073e-06,0.007293632536672338,0.2605553690755097,2.5772546849108327e-10,-4.143307707390794e-06,2.652787930127249e-06,43.27106566376979,4,True,1.0029123728158032e-08,-1.544218973212206,-3.719449554818705e-07,1.0049369736570778e-08,-1.544218973304905,-3.719449813987237e-07
13.339999999998046,-1.7483075264597977e-06,0.007293632536672351,0.2605553690904296,2.5772262066198944e-10,-4.0818822068600034e-06,2.613456867671636e-06,43.27106566454148,4,True,9.88029180928128e-09,-1.544218975374384,-3.664307817346959e-07,9.900514687334778e-09,-1.5442189754670195,-3.6643077230927833e-07
13.34999999999804,-1.7223865490287886e-06,0.0072936325366723676,0.2605553691051283,2.57719349068587e-10,-4.021367274208626e-06,2.5747089091290384e-06,43.27106566529406,4,True,9.73365097292169e-09,-1.5442189775044666,-3.609982732421882e-07,9.753881972098493e-09,-1.5442189775971644,-3.609982782051099e-07
13.359999999998035,-1.6968498845835694e-06,0.007293632536672376,0.2605553691196092,2.5771725418074976e-10,-3.961749415829495e-06,2.5365354093946955e-06,43.271065666037124,4,True,9.58919076488793e-09,-1.544218979602933,-3.5564633552621475e-07,9.6094207992995e-09,-1.5442189796956305,-3.556463410356029e-07
13.36999999999803,-1.6716918354705403e-06,0.007293632536672385,0.26055536913387534,2.5771580667313615e-10,-3.903015336173096e-06,2.49892785343351e-06,43.271065666769985,4,True,9.44686882374258e-09,-1.5442189816703435,-3.503737245486361e-07,9.467097347293594e-09,-1.544218981763034,-3.5037372541355033e-07
13.379999999998024,-1.646906788501023e-06,0.00729363253667239,0.2605553691479299,2.5771459405724755e-10,-3.845151935651829e-06,2.4618778514357962e-06,43.27106566749656,4,True,9.306656235232319e-09,-1.5442189837071372,-3.451792752883949e-07,9.326888092900943e-09,-1.544218983799854,-3.451792857153595e-07
13.389999999998018,-1.6224892136954173e-06,0.007293632536672388,0.2605553691617762,2.5771535079898754e-10,-3.7881463090717335e-06,2.4253771381341166e-06,43.27106566820982,4,True,9.168526702349344e-09,-1.544218985713715,-3.4006183201652124e-07,9.188751795057833e-09,-1.544218985806429,-3.4006183134829165e-07
13.399999999998013,-1.598433663053937e-06,0.0072936325366723806,0.2605553691754172,2.5771662276483735e-10,-3.73198574348072e-06,2.3894175703350337e-06,43.27106566890918,4,True,9.032445648581786e-09,-1.544218987690537,-3.3502022890900884e-07,9.05266490522575e-09,-1.5442189877832238,-3.350202262084465e-07
13.409999999998007,-1.5747347693427775e-06,0.007293632536672378,0.2605553691888561,2.577175268591952e-10,-3.676657713906565e-06,2.3539911261872617e-06,43.27106566960051,4,True,8.89838132227387e-09,-1.5442189896380696,-3.3005338754344207e-07,8.918601895072145e-09,-1.5442189897307672,-3.3005338623123684e-07
13.419999999998002,-1.5513872448889104e-06,0.007293632536672375,0.26055536920209565,2.5771791365005616e-10,-3.6221498806652403e-06,2.319089902463133e-06,43.271065670283235,4,True,8.766297971372657e-09,-1.544218991556706,-3.2516016015007823e-07,8.786521607206393e-09,-1.5442189916493552,-3.251601596651432e-07
13.429999999997996,-1.5283858804069187e-06,0.007293632536672374,0.26055536921513894,2.577181260869132e-10,-3.568450086588072e-06,2.2847061132567725e-06,43.27106567095649,4,True,8.636176555472382e-09,-1.5442189934469182,-3.2033948216093636e-07,8.656401897994286e-09,-1.5442189935396045,-3.2033948171337305e-07
13.43999999999799,-1.505725543833949e-06,0.007293632536672369,0.2605553692279888,2.577191500035098e-10,-3.5155463548691094e-06,2.2508320879657147e-06,43.27106567161711,4,True,8.507985804400763e-09,-1.5442189953091299,-3.155902618381821e-07,8.528207575271979e-09,-1.5442189954017842,-3.155902589990039e-07
13.449999999997985,-1.48340117918922e-06,0.007293632536672363,0.2605553692406482,2.5772039578947045e-10,-3.4634268864109144e-06,2.217460269358239e-06,43.271065672268506,4,True,8.381695534152012e-09,-1.5442189971436548,-3.1091143855665136e-07,8.401915620777463e-09,-1.5442189972364007,-3.1091143472447335e-07
13.45999999999798,-1.461407805444004e-06,0.007293632536672357,0.26055536925312006,2.577215951497612e-10,-3.4120800571305573e-06,2.184583212499661e-06,43.27106567291053,4,True,8.25727748785561e-09,-1.5442189989510413,-3.0630196964321e-07,8.27749520563934e-09,-1.544218999043724,-3.063019656191081e-07
13.469999999997974,-1.4397405154130635e-06,0.007293632536672355,0.260555369265407,2.5772215722602854e-10,-3.3614944155781844e-06,2.152193582668498e-06,43.27106567354002,4,True,8.134700824385286e-09,-1.544219000731596,-3.0176084055601207e-07,8.15492210071838e-09,-1.5442190008243026,-3.017608422435355e-07
13.479999999997968,-1.4183944746543494e-06,0.007293632536672352,0.26055536927751183,2.5772305874164167e-10,-3.3116586787446265e-06,2.1202841546041413e-06,43.27106567416386,4,True,8.01394324659005e-09,-1.5442190024857823,-2.972870387788811e-07,8.034165352539135e-09,-1.5442190025784865,-2.9728703816678077e-07
13.489999999997963,-1.397364920392557e-06,0.007293632536672349,0.26055536928943723,2.57723655903037e-10,-3.262561731849423e-06,2.0888478091221234e-06,43.27106567477431,4,True,7.89497692132666e-09,-1.5442190042139825,-2.92879552056808e-07,7.915198852379959e-09,-1.5442190043066408,-2.9287955455074933e-07
13.499999999997957,-1.3766471604608277e-06,0.007293632536672349,0.2605553693011858,2.5772360863407585e-10,-3.2141926237492376e-06,2.0578775332391766e-06,43.27106567538272,4,True,7.777771837290321e-09,-1.544219005916523,-2.885374096371575e-07,7.797996629319822e-09,-1.5442190060092473,-2.8853741469771115e-07
13.509999999997952,-1.356236572249251e-06,0.0072936325366723485,0.26055536931276024,2.5772420146178826e-10,-3.1665405662703154e-06,2.027366417405738e-06,43.27106567597732,4,True,7.662305842300712e-09,-1.5442190075938382,-2.8425962577995476e-07,7.682529855344108e-09,-1.5442190076865494,-2.842596243832254e-07
13.519999999997946,-1.3361286016795662e-06,0.007293632536672343,0.26055536932416307,2.577252856080252e-10,-3.119594931419343e-06,1.997307654782555e-06,43.271065676566074,4,True,7.548552981119512e-09,-1.5442190092462897,-2.8004526421541937e-07,7.568773724118231e-09,-1.5442190093390094,-2.8004526091398564e-07
13.52999999999794,-1.3163187621847223e-06,0.007293632536672343,0.26055536933539675,2.5772544737065065e-10,-3.0733452481567825e-06,1.967694539399558e-06,43.271065677142786,4,True,7.436482885473706e-09,-1.5442190108742477,-2.7589337552581294e-07,7.456706922099637e-09,-1.5442190109669656,-2.7589337722374787e-07
13.539999999997935,-1.29680263371068e-06,0.0072936325366723415,0.2605553693464639,2.577257404184158e-10,-3.027781200570009e-06,1.938520464573201e-06,43.27106567771368,4,True,7.32607861872458e-09,-1.5442190124780666,-2.7180303697118626e-07,7.3462989393112774e-09,-1.5442190125707982,-2.7180303273582363e-07
13.54999999999793,-1.2775758617293882e-06,0.007293632536672339,0.2605553693573671,2.577263079536927e-10,-2.982892625851291e-06,1.9097789217953834e-06,43.27106567827256,4,True,7.217309625990613e-09,-1.5442190140581127,-2.677733367638478e-07,7.237530464822641e-09,-1.5442190141508156,-2.677733360415323e-07
13.559999999997924,-1.2586341562670942e-06,0.007293632536672341,0.2605553693681085,2.5772586303840046e-10,-2.9386695117260482e-06,1.8814634988045153e-06,43.271065678826275,4,True,7.110151860934597e-09,-1.5442190156147766,-2.6380338182425803e-07,7.130374439301195e-09,-1.5442190157074276,-2.6380338118389414e-07
13.569999999997918,-1.239973290946315e-06,0.007293632536672346,0.2605553693786908,2.577245939098507e-10,-2.8951019940460132e-06,1.853567878585659e-06,43.27106567936969,4,True,7.004580583101312e-09,-1.5442190171482932,-2.5989227152546754e-07,7.024811354825576e-09,-1.5442190172410226,-2.598922796817209e-07
13.579999999997913,-1.221589102047569e-06,0.007293632536672347,0.26055536938911633,2.57724224252795e-10,-2.8521803553128054e-06,1.826085837308403e-06,43.271065679903785,4,True,6.900581793235064e-09,-1.5442190186590476,-2.5603914299291994e-07,6.920806345365882e-09,-1.5442190187517926,-2.560391412154325e-07
13.589999999997907,-1.203477487577287e-06,0.007293632536672348,0.26055536939938717,2.5772375140314277e-10,-2.809895022431301e-06,1.799011244002398e-06,43.2710656804348,4,True,6.7981203260766324e-09,-1.5442190201474963,-2.5224314140695306e-07,6.8183418794517575e-09,-1.544219020240169,-2.522431397377855e-07
13.599999999997902,-1.1856344063514712e-06,0.007293632536672351,0.26055536940950574,2.577229782982358e-10,-2.7682365629341294e-06,1.772338058303397e-06,43.271065680956454,4,True,6.69717667170698e-09,-1.5442190216138543,-2.4850340666418066e-07,6.717401905619752e-09,-1.5442190217065743,-2.4850340991402977e-07
13.609999999997896,-1.1680558770990472e-06,0.007293632536672352,0.2605553694194743,2.577223521455327e-10,-2.72719568497938e-06,1.7460603292164225e-06,43.27106568146895,4,True,6.597731402277758e-09,-1.544219023058472,-2.4481911986656603e-07,6.617955451884628e-09,-1.5442190231511532,-2.448191212192355e-07
13.61999999999789,-1.1507379775695296e-06,0.007293632536672354,0.26055536942929514,2.5772203562813126e-10,-2.686763234183788e-06,1.7201721940677482e-06,43.27106568197662,4,True,6.4997611010145795e-09,-1.544219024481677,-2.411894445392566e-07,6.519983074971421e-09,-1.54421902457433,-2.4118944278339837e-07
13.629999999997885,-1.1336768436606817e-06,0.007293632536672358,0.26055536943897023,2.577210859317489e-10,-2.646930191840575e-06,1.6946678773793055e-06,43.27106568247187,4,True,6.4032398303689045e-09,-1.544219025883743,-2.376135866048957e-07,6.4234667814640535e-09,-1.5442190259764643,-2.3761358691249984e-07
13.63999999999788,-1.116868668555181e-06,0.007293632536672359,0.26055536944850205,2.577203899413554e-10,-2.6076876727100218e-06,1.6695416887561161e-06,43.27106568296303,4,True,6.308151001564182e-09,-1.54421902726503,-2.340907303383149e-07,6.328379091005279e-09,-1.5442190273577459,-2.3409073324263331e-07
13.649999999997874,-1.1003097018712462e-06,0.007293632536672358,0.2605553694578925,2.5772097234864503e-10,-2.5690269232565746e-06,1.6447880227747866e-06,43.27106568344537,4,True,6.214478334788632e-09,-1.5442190286258628,-2.3062011599885852e-07,6.2346955144036255e-09,-1.544219028718585,-2.306201107684469e-07
13.659999999997869,-1.0839962488254087e-06,0.007293632536672357,0.2605553694671438,2.5772110197554295e-10,-2.530939320431253e-06,1.620401356618876e-06,43.27106568392094,4,True,6.122188673992513e-09,-1.5442190299665324,-2.2720093647154489e-07,6.1424106651817635e-09,-1.5442190300592071,-2.2720093776048583e-07
13.669999999997863,-1.067924669413071e-06,0.007293632536672357,0.2605553694762579,2.5772117215852926e-10,-2.4934163685345093e-06,1.5963762492358358e-06,43.27106568439174,4,True,6.031265870948152e-09,-1.5442190312872621,-2.2383245036438657e-07,6.051487799086228e-09,-1.544219031379978,-2.2383244928512768e-07
13.679999999997857,-1.0520913775916066e-06,0.007293632536672357,0.26055536948523694,2.5772058005949906e-10,-2.456449697226261e-06,1.5727073405795185e-06,43.271065684853305,4,True,5.941692729741557e-09,-1.5442190325884544,-2.2051390352599582e-07,5.961916938820643e-09,-1.544219032681144,-2.2051390311150819e-07
13.689999999997852,-1.036492840481526e-06,0.007293632536672363,0.2605553694940828,2.5771937963943165e-10,-2.42003106062035e-06,1.5493893502318836e-06,43.27106568530765,4,True,5.8534454989801195e-09,-1.5442190338703676,-2.1724455270347852e-07,5.873672357292365e-09,-1.5442190339630528,-2.1724455478880407e-07
13.699999999997846,-1.0211255775788483e-06,0.007293632536672366,0.26055536950279756,2.5771860257011017e-10,-2.3841523346921484e-06,1.526417075748032e-06,43.271065685756504,4,True,5.766510961737596e-09,-1.5442190351333054,-2.1402368122828337e-07,5.786735815854348e-09,-1.544219035226006,-2.1402368073861362e-07
13.70999999999784,-1.0059861599766458e-06,0.007293632536672368,0.26055536951138303,2.5771794840043425e-10,-2.348805515954615e-06,1.5037853917276491e-06,43.271065686198604,4,True,5.680860570337284e-09,-1.5442190363774977,-2.1085054783956282e-07,5.70108997963756e-09,-1.5442190364702086,-2.1085055516571436e-07
13.719999999997835,-9.910712096050924e-07,0.00729363253667237,0.26055536951984126,2.5771745096233694e-10,-2.3139827200599485e-06,1.4814892484660806e-06,43.27106568663479,4,True,5.596481698061289e-09,-1.5442190376032174,-2.0772445370283272e-07,5.616711663056259e-09,-1.5442190376958913,-2.0772445837320595e-07
13.72999999999783,-9.763773984751296e-07,0.00729363253667237,0.2605553695281741,2.5771722213787775e-10,-2.279676179357353e-06,1.4595236719234495e-06,43.27106568706339,4,True,5.5133542598553325e-09,-1.5442190388107389,-2.04644704566016e-07,5.533585127126342e-09,-1.5442190389034667,-2.0464471006614821e-07
13.739999999997824,-9.61901447936516e-07,0.007293632536672365,0.2605553695363833,2.577185411467049e-10,-2.245878241083947e-06,1.4378837612587447e-06,43.27106568748602,4,True,5.4314639283033054e-09,-1.5442190400004199,-2.0161063094530746e-07,5.451687956705764e-09,-1.544219040093163,-2.01610627272605e-07
13.749999999997819,-9.476401279438173e-07,0.007293632536672355,0.26055536954447095,2.577207538065062e-10,-2.2125813656715877e-06,1.416564688196841e-06,43.271065687902905,4,True,5.350788147649606e-09,-1.5442190411724381,-1.9862152409585296e-07,5.3710031027257395e-09,-1.5442190412651264,-1.9862151267535284e-07
13.759999999997813,-9.335902563387909e-07,0.007293632536672355,0.26055536955243863,2.5772066871734086e-10,-2.179778125804128e-06,1.395561696533312e-06,43.27106568831284,4,True,5.271297727684568e-09,-1.5442190423270707,-1.9567672561915077e-07,5.291525298240217e-09,-1.5442190424197824,-1.956767305164905e-07
13.769999999997808,-9.197486981397388e-07,0.0072936325366723545,0.2605553695602883,2.577210740808546e-10,-2.14746120425841e-06,1.374870100165416e-06,43.271065688713875,4,True,5.192994189829715e-09,-1.5442190434646137,-1.9277559269830072e-07,5.2132185651888065e-09,-1.5442190435572827,-1.9277559315518246e-07
13.779999999997802,-9.061123648436518e-07,0.007293632536672357,0.2605553695680215,2.5772072067378857e-10,-2.1156233918851667e-06,1.354485282112441e-06,43.27106568911452,4,True,5.1158452117625815e-09,-1.5442190445852375,-1.8991746549486633e-07,5.136075023354962e-09,-1.5442190446779234,-1.8991747506597177e-07
13.789999999997796,-8.926782137322741e-07,0.0072936325366723545,0.26055536957564013,2.577211706881588e-10,-2.08425758645667e-06,1.3344026950968743e-06,43.27106568950503,4,True,5.039849392452266e-09,-1.5442190456892835,-1.8710172059610377e-07,5.060069602174607e-09,-1.5442190457819904,-1.8710171290708914e-07
13.799999999997791,-8.794432472001468e-07,0.0072936325366723545,0.26055536958314574,2.5772145494499547e-10,-2.053356790861097e-06,1.3146178575687773e-06,43.271065689892865,4,True,4.964974236759694e-09,-1.5442190467769896,-1.8432770546091597e-07,4.9851960979160724e-09,-1.5442190468696697,-1.8432770359441936e-07
13.809999999997785,-8.664045120816536e-07,0.0072936325366723545,0.26055536959054004,2.5772167711751013e-10,-2.0229141116801715e-06,1.2951263559772275e-06,43.2710656902728,4,True,4.8912100520023045e-09,-1.5442190478485562,-1.8159482935778735e-07,4.9114320813257456e-09,-1.5442190479412614,-1.8159483077906353e-07
13.81999999999778,-8.535590989911695e-07,0.007293632536672352,0.26055536959782477,2.5772220623691793e-10,-1.992922758104182e-06,1.2759238410137312e-06,43.27106569064587,4,True,4.818540380131595e-09,-1.5442190489042138,-1.7890246059554299e-07,4.838759841025167e-09,-1.5442190489968834,-1.7890245976891993e-07
13.829999999997774,-8.409041416796079e-07,0.007293632536672352,0.2605553696050015,2.577222091125112e-10,-1.9633760398730586e-06,1.257006028400169e-06,43.2710656910172,4,True,4.746944938299474e-09,-1.5442190499442225,-1.7625001041504335e-07,4.767167790938225e-09,-1.544219050036929,-1.7625001169103793e-07
13.839999999997769,-8.2843681638937e-07,0.007293632536672352,0.2605553696120717,2.577221435266441e-10,-1.9342673655321314e-06,1.2383686972354954e-06,43.27106569138206,4,True,4.67641189178937e-09,-1.5442190509688074,-1.7363688514665202e-07,4.6966357350012835e-09,-1.5442190510615308,-1.7363688771059682e-07
13.849999999997763,-8.161543412255459e-07,0.007293632536672352,0.2605553696190372,2.577224253458583e-10,-1.9055902412888567e-06,1.2200076896972974e-06,43.27106569174056,4,True,4.606930033417461e-09,-1.5442190519782588,-1.7106249909991557e-07,4.627149465469297e-09,-1.5442190520709476,-1.7106249533909066e-07
13.859999999997758,-8.0405397553946e-07,0.007293632536672353,0.2605553696258995,2.577218540736657e-10,-1.877338270352953e-06,1.2019189081709171e-06,43.271065692090716,4,True,4.538470209491048e-09,-1.5442190529726387,-1.6852626481543254e-07,4.558697422829212e-09,-1.5442190530653495,-1.6852627426288864e-07
13.869999999997752,-7.921330193140459e-07,0.007293632536672353,0.26055536963265996,2.577220433892739e-10,-1.849505149900024e-06,1.1840983176799446e-06,43.27106569244088,4,True,4.471030402049849e-09,-1.5442190539523495,-1.6602766226218674e-07,4.4912536449250965e-09,-1.5442190540450644,-1.6602766133223827e-07
13.879999999997747,-7.803888125560077e-07,0.007293632536672353,0.26055536963932024,2.5772208461082594e-10,-1.8220846708684476e-06,1.1665419419144618e-06,43.27106569278348,4,True,4.404591231120771e-09,-1.5442190549175618,-1.6356608024938812e-07,4.424811428296807e-09,-1.5442190550102408,-1.6356607759869878e-07
13.889999999997741,-7.688187347137416e-07,0.007293632536672355,0.2605553696458818,2.5772136972267107e-10,-1.795070716102462e-06,1.149245863365007e-06,43.27106569312175,4,True,4.339132844431476e-09,-1.5442190558684108,-1.6114099957124455e-07,4.359359695717662e-09,-1.5442190559611146,-1.611410060407957e-07
13.899999999997736,-7.574202040839095e-07,0.007293632536672355,0.26055536965234605,2.5772126345048274e-10,-1.76845725968509e-06,1.132206223389323e-06,43.27106569345165,4,True,4.274650060575254e-09,-1.5442190568051597,-1.5875186592774373e-07,4.294871641813925e-09,-1.5442190568978351,-1.5875186382432714e-07
13.90999999999773,-7.461906772422614e-07,0.007293632536672358,0.26055536965871445,2.577206381692858e-10,-1.742238364646115e-06,1.1154192196079792e-06,43.27106569378239,4,True,4.21111889459273e-09,-1.544219057728014,-1.5639815476388957e-07,4.231342300626878e-09,-1.5442190578207058,-1.563981551874592e-07
13.919999999997724,-7.351276484692947e-07,0.007293632536672366,0.2605553696649884,2.5771918264625493e-10,-1.7164081810787695e-06,1.0988811071806263e-06,43.27106569410363,4,True,4.1485302345198265e-09,-1.5442190586372522,-1.5407935038750064e-07,4.1687574832111606e-09,-1.5442190587299447,-1.5407935430502834e-07
13.929999999997719,-7.242286491938516e-07,0.007293632536672373,0.26055536967116943,2.5771799833241314e-10,-1.6909609468615005e-06,1.082588195682777e-06,43.271065694422006,4,True,4.0868715957522754e-09,-1.5442190595329621,-1.5179490719531378e-07,4.107098769826836e-09,-1.54421905962565,-1.5179490809571033e-07
13.939999999997713,-7.134912474459195e-07,0.0072936325366723745,0.26055536967725884,2.5771730456177507e-10,-1.6658909857215025e-06,1.0665368497054017e-06,43.27106569473499,4,True,4.026125088170963e-09,-1.544219060415343,-1.495443345051296e-07,4.0463499789583915e-09,-1.5442190605080424,-1.4954433475811463e-07
13.949999999997708,-7.029130473108335e-07,0.007293632536672377,0.260555369683258,2.5771676164341277e-10,-1.6411927046191028e-06,1.050723488255348e-06,43.27106569504484,4,True,3.966280413076991e-09,-1.5442190612846862,-1.4732713868840872e-07,3.986507765126064e-09,-1.5442190613774343,-1.473271431827053e-07
13.959999999997702,-6.924916883918603e-07,0.007293632536672376,0.26055536968916804,2.577171247761508e-10,-1.6168605928382822e-06,1.035144583073472e-06,43.271065695349314,4,True,3.907324347919934e-09,-1.5442190621411922,-1.451428177611577e-07,3.9275470681240385e-09,-1.5442190622339274,-1.4514281915986754e-07
13.969999999997697,-6.822248452874126e-07,0.007293632536672376,0.2605553696949906,2.577174110903374e-10,-1.5928892227570468e-06,1.0197966577991356e-06,43.271065695647565,4,True,3.8492427801992225e-09,-1.5442190629849764,-1.429908634463464e-07,3.869464448593984e-09,-1.5442190630776815,-1.4299086094613978e-07
13.979999999997691,-6.721102270774063e-07,0.007293632536672376,0.26055536970072674,2.5771768346290827e-10,-1.5692732463894131e-06,1.0046762880154597e-06,43.27106569594403,4,True,3.792018549819598e-09,-1.544219063816198,-1.408708215091235e-07,3.812239377799863e-09,-1.544219063908897,-1.408708187581408e-07
13.989999999997686,-6.621455768013663e-07,0.007293632536672374,0.2605553697063778,2.577183795900354e-10,-1.5460073949560809e-06,9.897801001839786e-07,43.271065696235,4,True,3.735646933974401e-09,-1.5442190646351783,-1.3878220998199396e-07,3.755865097058901e-09,-1.5442190647278429,-1.3878220770338666e-07
13.99999999999768,-6.523286709612839e-07,0.0072936325366723745,0.2605553697119453,2.5771803298997427e-10,-1.5230864781988407e-06,9.75104770759267e-07,43.271065696520274,4,True,3.6801077791911014e-09,-1.5442190654419277,-1.3672456629867932e-07,3.7003316864623694e-09,-1.5442190655346535,-1.3672456621197337e-07
14.009999999997675,-6.426573190250909e-07,0.007293632536672378,0.2605553697174301,2.5771716139501315e-10,-1.5005053830343961e-06,9.606470248756227e-07,43.27106569680309,4,True,3.6253896094592192e-09,-1.5442190662367477,-1.3469742447588583e-07,3.645618498769344e-09,-1.5442190663294695,-1.3469742642089879e-07
14.019999999997669,-6.331293629363337e-07,0.007293632536672379,0.2605553697228336,2.577168897519493e-10,-1.4782590712879819e-06,9.464036370291827e-07,43.27106569708169,4,True,3.5714861013999763e-09,-1.5442190670197724,-1.3270033831610126e-07,3.591714606647588e-09,-1.5442190671125235,-1.3270034245522675e-07
14.029999999997663,-6.237426766333203e-07,0.007293632536672378,0.2605553697281569,2.577174984644994e-10,-1.4563425795548258e-06,9.323714293707856e-07,43.271065697356505,4,True,3.518384730795345e-09,-1.544219067791271,-1.3073286629069684e-07,3.5386091152796023e-09,-1.5442190678840035,-1.307328645603629e-07
14.039999999997658,-6.144951655754264e-07,0.007293632536672376,0.2605553697334013,2.577180084350029e-10,-1.4347510184062503e-06,9.185472704623601e-07,43.2710656976262,4,True,3.466068293788468e-09,-1.5442190685512882,-1.2879455585908857e-07,3.486290006871192e-09,-1.5442190686439754,-1.2879455372917816e-07
14.049999999997652,-6.053847662758597e-07,0.007293632536672373,0.26055536973856797,2.577188745703519e-10,-1.413479571029603e-06,9.049280760775687e-07,43.27106569789064,4,True,3.4145294506487115e-09,-1.5442190693000273,-1.2688498532434076e-07,3.4347485008826322e-09,-1.5442190693927043,-1.2688498151989503e-07
14.059999999997647,-5.964094458412786e-07,0.007293632536672372,0.2605553697436581,2.577193341604388e-10,-1.3925234920312594e-06,8.915108072779615e-07,43.27106569815139,4,True,3.363753164304711e-09,-1.5442190700376317,-1.2500372019806472e-07,3.3839715285164833e-09,-1.5442190701303167,-1.2500371763053432e-07
14.069999999997641,-5.875672015174601e-07,0.0072936325366723745,0.2605553697486727,2.577187812456273e-10,-1.3718781064685824e-06,8.782924703639759e-07,43.27106569841066,4,True,3.3137271230989746e-09,-1.544219070764332,-1.2315035081740068e-07,3.333948297117265e-09,-1.5442190708570143,-1.231503474964232e-07
14.079999999997636,-5.788560602434215e-07,0.007293632536672377,0.26055536975361304,2.5771812268501117e-10,-1.3515388082010486e-06,8.6527011610708e-07,43.27106569866505,4,True,3.264444872411772e-09,-1.5442190714802553,-1.213244646895279e-07,3.284666244373748e-09,-1.544219071572944,-1.2132446065188877e-07
14.08999999999763,-5.702740782093927e-07,0.007293632536672378,0.2605553697584801,2.5771760104289316e-10,-1.331501059466704e-06,8.524408387713592e-07,43.27106569891501,4,True,3.215892946062102e-09,-1.5442190721855444,-1.1952564146686392e-07,3.23611245225718e-09,-1.5442190722782487,-1.1952563816484494e-07
14.099999999997625,-5.61819340425678e-07,0.007293632536672383,0.260555369763275,2.577165083485561e-10,-1.311760389669966e-06,8.398017758370872e-07,43.27106569916202,4,True,3.1680591994785624e-09,-1.544219072880408,-1.1775348710047328e-07,3.1882818248374626e-09,-1.544219072973089,-1.1775348793357391e-07
14.10999999999762,-5.534899602933354e-07,0.007293632536672391,0.2605553697679988,2.577145628553098e-10,-1.2923123946823674e-06,8.273501071883086e-07,43.271065699405625,4,True,3.120931252147996e-09,-1.5442190735649377,-1.1600760506768859e-07,3.1411652709214602e-09,-1.5442190736576367,-1.1600761798856321e-07
14.119999999997614,-5.452840791850013e-07,0.007293632536672392,0.2605553697726526,2.577144361113273e-10,-1.2731527357550533e-06,8.150830544205126e-07,43.271065699645355,4,True,3.0745134463226824e-09,-1.5442190742393185,-1.1428761928223145e-07,3.094734759048309e-09,-1.544219074332019,-1.1428761660580094e-07
14.129999999997608,-5.371998660290764e-07,0.007293632536672392,0.26055536977723737,2.5771443024764673e-10,-1.2542771382630756e-06,8.029978805659217e-07,43.271065699881454,4,True,3.0287762113680135e-09,-1.5442190749037183,-1.1259312782986821e-07,3.0489991787017357e-09,-1.5442190749964433,-1.1259313430534224e-07
14.139999999997602,-5.292355169002529e-07,0.007293632536672385,0.26055536978175414,2.577156739142669e-10,-1.2356813908828708e-06,7.91091889162342e-07,43.27106570011478,4,True,2.9837230235112414e-09,-1.5442190755582907,-1.1092375881394063e-07,3.003939921078173e-09,-1.5442190756510266,-1.1092375831669396e-07
14.149999999997597,-5.213892546207109e-07,0.007293632536672376,0.2605553697862039,2.577173936039927e-10,-1.2173613450412004e-06,7.793624231338871e-07,43.271065700342774,4,True,2.939335986058411e-09,-1.5442190762031305,-1.0927913977345899e-07,2.9595452359762234e-09,-1.544219076295826,-1.0927913010201324e-07
14.159999999997591,-5.136593283606433e-07,0.007293632536672377,0.2605553697905878,2.577173365188454e-10,-1.1993129130751837e-06,7.678068656463094e-07,43.271065700569935,4,True,2.8955984370026063e-09,-1.5442190768384116,-1.0765890065764443e-07,2.915817744052086e-09,-1.5442190769310695,-1.0765889818787926e-07
14.169999999997586,-5.060440132462189e-07,0.007293632536672379,0.26055536979490673,2.5771669440151785e-10,-1.1815320685850765e-06,7.564226385253677e-07,43.271065700790174,4,True,2.8525152257202507e-09,-1.544219077464263,-1.060626777496703e-07,2.8727375922204824e-09,-1.5442190775569546,-1.0606267926344259e-07
14.17999999999758,-4.985416099804964e-07,0.00729363253667238,0.2605553697991615,2.5771637970567727e-10,-1.1640148447499762e-06,7.452072011538029e-07,43.271065701010244,4,True,2.810069531391706e-09,-1.5442190780808114,-1.044901319688496e-07,2.830291113476695e-09,-1.544219078173564,-1.0449013373819751e-07
14.189999999997575,-4.911504444566896e-07,0.00729363253667238,0.26055536980335325,2.5771637496696644e-10,-1.1467573328566976e-06,7.341580514254767e-07,43.271065701224984,4,True,2.768254639414216e-09,-1.5442190786883254,-1.029408966019483e-07,2.7884764405769317e-09,-1.5442190787809986,-1.0294089505459957e-07
14.19999999999757,-4.838688673905376e-07,0.00729363253667238,0.26055536980748284,2.5771658059012857e-10,-1.129755682756639e-06,7.232727237912981e-07,43.27106570143819,4,True,2.7270644262170743e-09,-1.544219079286746,-1.0141463740408958e-07,2.747278736077931e-09,-1.5442190793794381,-1.0141462820755e-07
14.209999999997564,-4.7669525394963554e-07,0.007293632536672384,0.26055536981155114,2.5771554443635124e-10,-1.1130061010637754e-06,7.12548789342986e-07,43.27106570164881,4,True,2.6864742244233842e-09,-1.544219079876309,-9.991099460357633e-08,2.7066981103811196e-09,-1.5442190799690316,-9.991099924467563e-08
14.219999999997558,-4.6962800339147656e-07,0.0072936325366723875,0.2605553698155592,2.5771483058421114e-10,-1.096504851204141e-06,7.019838551516975e-07,43.271065701854326,4,True,2.646491425970483e-09,-1.5442190804571165,-9.842964512458772e-08,2.666716457455113e-09,-1.544219080549835,-9.842964640611596e-08
14.229999999997553,-4.626655387087523e-07,0.007293632536672391,0.2605553698195079,2.57714274934883e-10,-1.0802482515760091e-06,6.915755639745044e-07,43.27106570205593,4,True,2.6071006115631905e-09,-1.5442190810292942,-9.69702670143599e-08,2.6273284979851673e-09,-1.544219081122046,-9.697027647969379e-08
14.239999999997547,-4.55806306270706e-07,0.007293632536672388,0.26055536982339794,2.577150605746341e-10,-1.064232675000718e-06,6.813215936820578e-07,43.27106570225798,4,True,2.5682972327768943e-09,-1.5442190815930914,-9.553252367817092e-08,2.5885187309969793e-09,-1.54421908168578,-9.55325252334925e-08
14.249999999997542,-4.490487754838058e-07,0.007293632536672382,0.2605553698272304,2.5771617270450156e-10,-1.0484545481647978e-06,6.712196558848355e-07,43.271065702455346,4,True,2.5300708174845786e-09,-1.5442190821484678,-9.411609827952728e-08,2.5502866145361583e-09,-1.5442190822411428,-9.411609255671022e-08
14.259999999997536,-4.4239143844832195e-07,0.007293632536672382,0.26055536983100597,2.5771599118205375e-10,-1.0329103511207995e-06,6.612674964582501e-07,43.27106570264802,4,True,2.4924017448926303e-09,-1.5442190826955753,-9.272065817741272e-08,2.5126252731514093e-09,-1.5442190827882905,-9.272066238465618e-08
14.26999999999753,-4.3583280961981597e-07,0.007293632536672382,0.26055536983472577,2.57716347789233e-10,-1.0175966160838982e-06,6.51462894972308e-07,43.27106570283958,4,True,2.4553011841536484e-09,-1.5442190832345637,-9.134592457331112e-08,2.4755203139187616e-09,-1.5442190833272695,-9.134592114680545e-08
14.279999999997525,-4.293714254788838e-07,0.007293632536672384,0.2605553698383902,2.5771584298631934e-10,-1.0025099266416092e-06,6.418036636003258e-07,43.27106570302799,4,True,2.4187402783613695e-09,-1.5442190837655976,-8.999155908097555e-08,2.438964978855567e-09,-1.5442190838583105,-8.999156171415942e-08
14.28999999999752,-4.2300584420551554e-07,0.007293632536672386,0.26055536984200034,2.5771537869030954e-10,-9.87646915838925e-07,6.32287647205441e-07,43.27106570321601,4,True,2.3827268221349366e-09,-1.5442190842887837,-8.865728891677005e-08,2.4029539024110274e-09,-1.5442190843815156,-8.865729450303159e-08
14.299999999997514,-4.1673464535424243e-07,0.007293632536672386,0.260555369845557,2.5771552855945525e-10,-9.730042675243936e-07,6.229127222445457e-07,43.271065703399174,4,True,2.3472500330087025e-09,-1.5442190848041766,-8.7342793543428e-08,2.3674742121407933e-09,-1.5442190848969226,-8.734279654039785e-08
14.309999999997508,-4.105564295410504e-07,0.007293632536672386,0.2605553698490609,2.577156949309549e-10,-9.585787152385465e-07,6.136767969147789e-07,43.27106570357822,4,True,2.3122975465847086e-09,-1.5442190853119557,-8.604778787694475e-08,2.3325199593948917e-09,-1.5442190854046582,-8.604778861014383e-08
14.319999999997503,-4.0446981812980774e-07,0.0072936325366723806,0.2605553698525128,2.577165946044194e-10,-9.44367040283703e-07,6.0457781049976e-07,43.27106570375482,4,True,2.2778658787148065e-09,-1.5442190858122309,-8.477198594216768e-08,2.2980825486846736e-09,-1.54421908590489,-8.47719786063796e-08
14.329999999997497,-3.984734529239328e-07,0.007293632536672381,0.2605553698559135,2.577161659035356e-10,-9.303660715374691e-07,5.956137325215727e-07,43.271065703932535,4,True,2.243937807430192e-09,-1.5442190863050225,-8.35150857855529e-08,2.264161057589883e-09,-1.5442190863977228,-8.351508910282434e-08
14.339999999997492,-3.9256599586411544e-07,0.007293632536672381,0.26055536985926386,2.5771629594979375e-10,-9.165726854093917e-07,5.867825627664648e-07,43.27106570410421,4,True,2.210518709289796e-09,-1.5442190867905408,-8.22768365571859e-08,2.230736397503552e-09,-1.5442190868831556,-8.227683052735465e-08
14.349999999997486,-3.8674612872972463e-07,0.00729363253667239,0.2605553698625645,2.5771480382144075e-10,-9.029838045361754e-07,5.78082330890022e-07,43.271065704273184,4,True,2.1775849350419604e-09,-1.54421908726882,-8.105692852720661e-08,2.1978179089170235e-09,-1.5442190873615165,-8.105693899570898e-08
14.35999999999748,-3.8101255284445986e-07,0.007293632536672389,0.2605553698658162,2.577149982216122e-10,-8.895963967258501e-07,5.695110955378511e-07,43.27106570444218,4,True,2.145153445175386e-09,-1.5442190877400614,-7.985513387110226e-08,2.165377624821811e-09,-1.544219087832785,-7.98551290322285e-08
14.369999999997475,-3.753639887865295e-07,0.007293632536672385,0.26055536986901967,2.577160441459523e-10,-8.764074750543987e-07,5.610669437943164e-07,43.27106570460685,4,True,2.1131985071109194e-09,-1.5442190882042703,-7.867113472071743e-08,2.1334178093927814e-09,-1.5442190882969877,-7.867113269853961e-08
14.37999999999747,-3.697991761031442e-07,0.007293632536672385,0.26055536987217576,2.5771633037703244e-10,-8.634140974265214e-07,5.527479919664502e-07,43.27106570476595,4,True,2.0817157809404712e-09,-1.5442190886616214,-7.750469147658658e-08,2.1019374903317727e-09,-1.5442190887543457,-7.750469382620589e-08
14.389999999997464,-3.643168730314847e-07,0.007293632536672385,0.26055536987528494,2.5771654267370516e-10,-8.506133643270269e-07,5.445523832957241e-07,43.27106570493049,4,True,2.050697434588453e-09,-1.544219089112194,-7.635555493503911e-08,2.070918581778272e-09,-1.5442190892048842,-7.635555184404351e-08
14.399999999997458,-3.589158562159607e-07,0.007293632536672384,0.26055536987834804,2.577167107516313e-10,-8.380024195199399e-07,5.364782895429284e-07,43.27106570508706,4,True,2.0201412737149534e-09,-1.5442190895560757,-7.522344831060782e-08,2.0403624927029776e-09,-1.544219089648802,-7.522344757871185e-08
14.409999999997453,-3.535949204408351e-07,0.007293632536672384,0.2605553698813658,2.577166081461057e-10,-8.255784494055614e-07,5.285239088917022e-07,43.271065705241384,4,True,1.990037982086846e-09,-1.5442190899933919,-7.410812161111443e-08,2.010260857558204e-09,-1.5442190900861026,-7.410812311694466e-08
14.419999999997447,-3.4835287836072066e-07,0.007293632536672384,0.26055536988433897,2.577164894599188e-10,-8.133386825527496e-07,5.206874662173184e-07,43.27106570539209,4,True,1.960381996969833e-09,-1.5442190904241748,-7.300933799094601e-08,1.9806058845588613e-09,-1.5442190905168898,-7.300933928921008e-08
14.429999999997442,-3.4318856023332693e-07,0.007293632536672384,0.26055536988726785,2.577167301698008e-10,-8.012803881449703e-07,5.129672129435893e-07,43.27106570554413,4,True,1.9311640114812514e-09,-1.5442190908485962,-7.192683873457961e-08,1.951384402732149e-09,-1.5442190909413271,-7.192683702173875e-08
14.439999999997436,-3.381008136598882e-07,0.007293632536672384,0.26055536989015327,2.577164688846538e-10,-7.894008745580641e-07,5.053614266110675e-07,43.27106570569562,4,True,1.9023791856214374e-09,-1.5442190912667983,-7.086039996920607e-08,1.9226012964011253e-09,-1.5442190913594835,-7.086040031871021e-08
14.44999999999743,-3.330885033230206e-07,0.0072936325366723875,0.2605553698929959,2.5771557054287034e-10,-7.776974912893247e-07,4.978684105293127e-07,43.27106570583966,4,True,1.8740211726621176e-09,-1.5442190916787741,-6.980976999523663e-08,1.894248493720691e-09,-1.5442190917714647,-6.980977396678378e-08
14.459999999997425,-3.2815051074262955e-07,0.0072936325366723875,0.2605553698957964,2.577155362569547e-10,-7.661676272471636e-07,4.904864920248076e-07,43.27106570598535,4,True,1.8460876004311092e-09,-1.5442190920846073,-6.877471787944094e-08,1.866309277738649e-09,-1.544219092177279,-6.877471548463824e-08
14.46999999999742,-3.232857340209364e-07,0.0072936325366723875,0.26055536989855543,2.5771528183105143e-10,-7.548087104528417e-07,4.832140237613292e-07,43.271065706124425,4,True,1.8185632385687552e-09,-1.5442190924844095,-6.775499767537204e-08,1.838787088872068e-09,-1.544219092577079,-6.775499803342493e-08
14.479999999997414,-3.1849308760020465e-07,0.0072936325366723875,0.2605553699012735,2.5771534072777903e-10,-7.436182062485313e-07,4.76049383415887e-07,43.27106570626671,4,True,1.791447997441281e-09,-1.5442190928782882,-6.675040754044869e-08,1.8116714701685006e-09,-1.5442190929710027,-6.675040845916106e-08
14.489999999997409,-3.137715020147653e-07,0.007293632536672382,0.2605553699039513,2.5771648214698895e-10,-7.325936173773374e-07,4.689909719345569e-07,43.271065706405544,4,True,1.7647406247107455e-09,-1.5442190932663307,-6.576071378698495e-08,1.7849542123574166e-09,-1.5442190933590405,-6.576070782130652e-08
14.499999999997403,-3.091199236541947e-07,0.0072936325366723806,0.26055536990658945,2.577166911124728e-10,-7.217324844136489e-07,4.6203721492739184e-07,43.27106570653925,4,True,1.7384253605522837e-09,-1.5442190936486484,-6.478568488786036e-08,1.758641340841409e-09,-1.5442190937413232,-6.478568653906901e-08
14.509999999997397,-3.0453731453259647e-07,0.007293632536672381,0.26055536990918826,2.5771605792670063e-10,-7.110323839637726e-07,4.5518656009255905e-07,43.271065706674115,4,True,1.712492779729846e-09,-1.544219094025294,-6.382512344638478e-08,1.732715315634265e-09,-1.5442190941179934,-6.382512716196714e-08
14.519999999997392,-3.0002265204981877e-07,0.007293632536672382,0.26055536991174877,2.577157936521463e-10,-7.004909283852329e-07,4.484374793120216e-07,43.27106570680505,4,True,1.6869546128080727e-09,-1.5442190943963403,-6.287879874078217e-08,1.7071735493178875e-09,-1.5442190944890408,-6.287879905612192e-08
14.529999999997386,-2.9557492877101526e-07,0.007293632536672387,0.26055536991427125,2.5771491618844477e-10,-6.901057659876526e-07,4.417884661240751e-07,43.27106570693524,4,True,1.6617897411189216e-09,-1.5442190947618517,-6.19465055035041e-08,1.6820129363809712e-09,-1.5442190948545915,-6.194650707773153e-08
14.53999999999738,-2.9119315219480445e-07,0.00729363253667239,0.2605553699167563,2.5771425995593096e-10,-6.798745793236642e-07,4.3523803713197197e-07,43.271065707062924,4,True,1.6369987855353791e-09,-1.544219095121987,-6.10280316266567e-08,1.6572221193217859e-09,-1.5442190952147061,-6.10280352049663e-08
14.549999999997375,-2.8687634453771336e-07,0.0072936325366723875,0.2605553699192045,2.577150918226595e-10,-6.697950853326626e-07,4.2878473072462e-07,43.27106570719006,4,True,1.6125813303193612e-09,-1.5442190954767774,-6.012318222278977e-08,1.6327965129151422e-09,-1.5442190955694977,-6.012317777117045e-08
14.55999999999737,-2.8262354251184974e-07,0.007293632536672385,0.2605553699216165,2.5771553142585703e-10,-6.59865035793553e-07,4.224271066982722e-07,43.271065707312346,4,True,1.5885207133688056e-09,-1.544219095826324,-5.923173989284685e-08,1.6087372664590712e-09,-1.5442190959189799,-5.923173661446486e-08
14.569999999997364,-2.784337971146226e-07,0.007293632536672393,0.2605553699239927,2.5771400358782665e-10,-6.500822146668948e-07,4.161637464708864e-07,43.27106570743572,4,True,1.5648114618764478e-09,-1.5442190961706557,-5.835351480225182e-08,1.5850391877879576e-09,-1.5442190962633384,-5.8353521476595076e-08
14.579999999997359,-2.743061734100103e-07,0.007293632536672394,0.2605553699263337,2.577137869056422e-10,-6.404444395448078e-07,4.0999325251266635e-07,43.27106570755478,4,True,1.5414610280526036e-09,-1.544219096509849,-5.748831420996151e-08,1.5616849216546658e-09,-1.5442190966025726,-5.7488315342927075e-08
14.589999999997353,-2.7023975032700576e-07,0.007293632536672393,0.26055536992864,2.5771434518593857e-10,-6.309495595741106e-07,4.0391424791820105e-07,43.27106570767441,4,True,1.5184569626612092e-09,-1.5442190968440743,-5.663595033155919e-08,1.5386765543691869e-09,-1.5442190969367806,-5.663594730233887e-08
14.599999999997348,-2.662336204478156e-07,0.007293632536672388,0.26055536993091205,2.5771531975648615e-10,-6.215954562256595e-07,3.9792537610069874e-07,43.27106570779172,4,True,1.4957931621365501e-09,-1.5442190971733036,-5.5796210524191706e-08,1.5160103133786727e-09,-1.5442190972659968,-5.579620678420309e-08
14.609999999997342,-2.6228688981104526e-07,0.0072936325366723875,0.26055536993315026,2.577157084753501e-10,-6.123800419619868e-07,3.9202530097694106e-07,43.27106570790666,4,True,1.473462621413099e-09,-1.5442190974977064,-5.496892630585543e-08,1.4936795152402215e-09,-1.544219097590421,-5.496892838791374e-08
14.619999999997336,-2.583986777071574e-07,0.007293632536672387,0.26055536993535544,2.577161460181767e-10,-6.033012602205291e-07,3.862127058863756e-07,43.271065708022306,4,True,1.4514674162145697e-09,-1.5442190978173054,-5.41539127871944e-08,1.4716836489836959e-09,-1.54421909790997,-5.415391148750871e-08
14.629999999997331,-2.545681164880524e-07,0.007293632536672387,0.2605553699375279,2.577161449602653e-10,-5.943570861480127e-07,3.80486293332153e-07,43.27106570813339,4,True,1.4297964463526874e-09,-1.5442190981320942,-5.33509713597741e-08,1.4500118049994093e-09,-1.5442190982247597,-5.335096988317375e-08
14.639999999997325,-2.507943513682539e-07,0.00729363253667239,0.2605553699396682,2.5771523396546303e-10,-5.855455241689055e-07,3.7484478617661096e-07,43.27106570824243,4,True,1.4084436553381876e-09,-1.5442190984422581,-5.2559942674245595e-08,1.4286626465579068e-09,-1.5442190985349338,-5.255993935336383e-08
14.64999999999732,-2.4707654023640193e-07,0.007293632536672399,0.2605553699417768,2.577135206493962e-10,-5.768646080037587e-07,3.692869250577259e-07,43.27106570834973,4,True,1.3874049406658484e-09,-1.5442190987477578,-5.178063344278289e-08,1.407634675460822e-09,-1.544219098840482,-5.178064068151812e-08
14.659999999997314,-2.4341385346621983e-07,0.007293632536672401,0.2605553699438541,2.5771292911517566e-10,-5.683124004955845e-07,3.6381147018543156e-07,43.27106570845841,4,True,1.3666883925313536e-09,-1.5442190990488278,-5.101290302322622e-08,1.3869074044442002e-09,-1.5442190991415083,-5.101289986182789e-08
14.669999999997309,-2.3980547372908855e-07,0.007293632536672401,0.2605553699459005,2.577130318368587e-10,-5.598869934440571e-07,3.5841719985286827e-07,43.27106570856289,4,True,1.3462753653699066e-09,-1.5442190993454263,-5.025653421931165e-08,1.3664929997033873e-09,-1.5442190994381193,-5.025653236218024e-08
14.679999999997303,-2.3625059582010254e-07,0.0072936325366724005,0.26055536994791667,2.5771336807090185e-10,-5.515865065549809e-07,3.531029096428787e-07,43.27106570866749,4,True,1.3261618220185973e-09,-1.54421909963756,-4.9511385096497e-08,1.3463809756431728e-09,-1.5442190997302498,-4.951138630849791e-08
14.689999999997298,-2.3274842646942253e-07,0.007293632536672399,0.2605553699499029,2.57714056543721e-10,-5.434090883133363e-07,3.478674142303214e-07,43.2710657087716,4,True,1.3063482868003028e-09,-1.5442190999253842,-4.877727660278303e-08,1.3265663031981323e-09,-1.5442191000180772,-4.87772749699077e-08
14.699999999997292,-2.2929818417125571e-07,0.007293632536672397,0.26055536995185974,2.5771479309587024e-10,-5.353529140677276e-07,3.4270954518664357e-07,43.27106570886838,4,True,1.286829277551995e-09,-1.544219100208915,-4.805405919103797e-08,1.3070473417959695e-09,-1.5442191003016386,-4.805405728924791e-08
14.709999999997287,-2.258990990047169e-07,0.007293632536672398,0.2605553699537876,2.5771452233640334e-10,-5.274161859532016e-07,3.376281518615175e-07,43.27106570896877,4,True,1.2675953687446638e-09,-1.5442191004883106,-4.734156185350268e-08,1.2878207144214616e-09,-1.544219100581,-4.734156509183222e-08
14.719999999997281,-2.2255041246431842e-07,0.007293632536672397,0.2605553699556868,2.577144185456761e-10,-5.195971335506318e-07,3.326221000500396e-07,43.271065709066846,4,True,1.2486492292405565e-09,-1.5442191007634887,-4.6639627178465835e-08,1.2688744024839125e-09,-1.5442191008562192,-4.663962817127027e-08
14.729999999997275,-2.1925137729294063e-07,0.007293632536672392,0.2605553699575578,2.57715469428744e-10,-5.118940116597826e-07,3.2769027269051706e-07,43.27106570916461,4,True,1.2299864858736623e-09,-1.544219101034638,-4.594810981278076e-08,1.2502055536139277e-09,-1.5442191011273432,-4.59481066420948e-08
14.73999999999727,-2.1600125730944388e-07,0.007293632536672392,0.26055536995940104,2.577154717063862e-10,-5.043051012622195e-07,3.228315697785226e-07,43.27106570925891,4,True,1.211598621534507e-09,-1.544219101301812,-4.526684963294172e-08,1.2318200938537737e-09,-1.5442191013945048,-4.526684483414792e-08
14.749999999997264,-2.12799327248981e-07,0.007293632536672392,0.260555369961217,2.5771487387124943e-10,-4.968287089665767e-07,3.180449065705968e-07,43.27106570935191,4,True,1.1934812511994256e-09,-1.544219101564956,-4.4595671748393104e-08,1.2137067258016988e-09,-1.5442191016576616,-4.45956748261689e-08
14.759999999997259,-2.09644872600781e-07,0.007293632536672392,0.26055536996300604,2.577146525661167e-10,-4.89463166752948e-07,3.1332921529739033e-07,43.27106570944383,4,True,1.1756371276996094e-09,-1.54421910182421,-4.393445477337226e-08,1.1958605855106317e-09,-1.5442191019169411,-4.3934454927891216e-08
14.769999999997253,-2.065371894475684e-07,0.007293632536672392,0.2605553699647686,2.5771500313674883e-10,-4.822068316472007e-07,3.086834433349003e-07,43.27106570953298,4,True,1.1580578300016327e-09,-1.544219102079614,-4.3283039731574184e-08,1.1782777934099552e-09,-1.5442191021723224,-4.32830375884309e-08
14.779999999997248,-2.0347558430997964e-07,0.007293632536672392,0.26055536996650497,2.577149498947116e-10,-4.7505808451670625e-07,3.041065540416055e-07,43.27106570962186,4,True,1.1407326490421752e-09,-1.5442191023312293,-4.2641283046279715e-08,1.1609574426340351e-09,-1.5442191024239398,-4.264128607765915e-08
14.789999999997242,-2.004593739905576e-07,0.007293632536672392,0.26055536996821566,2.577149940365262e-10,-4.6801532986914255e-07,2.995975264091746e-07,43.271065709711635,4,True,1.1236702726369667e-09,-1.5442191025791425,-4.200904389218754e-08,1.1438926775296218e-09,-1.5442191026718,-4.2009045077501067e-08
14.799999999997237,-1.974878854181412e-07,0.00729363253667239,0.260555369969901,2.57715404886664e-10,-4.6107699632195125e-07,2.951553541533183e-07,43.27106570979734,4,True,1.1068600946257615e-09,-1.5442191028233638,-4.13861753094693e-08,1.1270804040759413e-09,-1.5442191029160408,-4.138617221850589e-08
14.809999999997231,-1.9456045550621312e-07,0.00729363253667239,0.2605553699715613,2.577150535185655e-10,-4.542415360068093e-07,2.907790456501966e-07,43.27106570988384,4,True,1.0902926023493333e-09,-1.5442191030639278,-4.0772538581899964e-08,1.1105206872840163e-09,-1.544219103156611,-4.077254494301782e-08
14.819999999997226,-1.9167643099574546e-07,0.007293632536672384,0.260555369973197,2.5771647306118447e-10,-4.4750742332845644e-07,2.864676250950101e-07,43.27106570996805,4,True,1.0739826679619502e-09,-1.544219103300983,-4.016801310402259e-08,1.0941993628512155e-09,-1.5442191033936894,-4.0168006851680996e-08
14.82999999999722,-1.8883516831453675e-07,0.00729363253667238,0.2605553699748084,2.5771718032503997e-10,-4.408731555456936e-07,2.822201297804412e-07,43.27106571005229,4,True,1.0579056631902566e-09,-1.544219103534534,-3.95724391808755e-08,1.078125852501591e-09,-1.544219103627186,-3.957243919686041e-08
14.839999999997215,-1.8603603343304713e-07,0.00729363253667238,0.2605553699763959,2.5771711859678803e-10,-4.343372521902757e-07,2.7803561212973663e-07,43.2710657101317,4,True,1.0420683324449845e-09,-1.5442191037645645,-3.8985702819732705e-08,1.0622915338315985e-09,-1.544219103857266,-3.898570223848308e-08
14.849999999997209,-1.8327840172055153e-07,0.007293632536672379,0.26055536997795986,2.5771709676360935e-10,-4.2789825446134066e-07,2.7391313875022237e-07,43.271065710213605,4,True,1.0264675909837259e-09,-1.5442191039912418,-3.84076671737167e-08,1.0466895821748355e-09,-1.5442191040839484,-3.840766177039869e-08
14.859999999997203,-1.8056165780770108e-07,0.0072936325366723806,0.26055536997950063,2.577162740741641e-10,-4.215547265883689e-07,2.698517890812495e-07,43.27106571029227,4,True,1.0110954848953342e-09,-1.5442191042145252,-3.783818543259373e-08,1.031320122644077e-09,-1.5442191043071851,-3.783818158784363e-08
14.869999999997198,-1.7788519545409182e-07,0.007293632536672389,0.2605553699810186,2.5771455223549866e-10,-4.153052533114894e-07,2.6585065679977133e-07,43.271065710370486,4,True,9.959481085552727e-10,-1.5442191044344353,-3.727715678249523e-08,1.0161804086379535e-09,-1.5442191045271427,-3.7277162768245776e-08
14.879999999997192,-1.752484174041771e-07,0.007293632536672392,0.26055536998251405,2.577143300077204e-10,-4.0914843925454577e-07,2.6190884965127363e-07,43.2710657104482,4,True,9.810345584297015e-10,-1.5442191046511387,-3.6724460044739645e-08,1.0012607262146485e-09,-1.5442191047438798,-3.672445649989959e-08
14.889999999997187,-1.7265073525491144e-07,0.0072936325366723875,0.2605553699839873,2.577151765182336e-10,-4.0308291100768635e-07,2.5802548798879633e-07,43.27106571052505,4,True,9.66340958375281e-10,-1.5442191048646798,-3.617994356039644e-08,9.865615517318067e-10,-1.5442191049573764,-3.617993926375278e-08
14.899999999997181,-1.7009156933005458e-07,0.007293632536672385,0.26055536998543877,2.5771601112376206e-10,-3.9710731485043086e-07,2.54199704887254e-07,43.271065710599764,4,True,9.51864079956495e-10,-1.544219105075017,-3.564349933580456e-08,9.720836697989587e-10,-1.5442191051676977,-3.5643496459039305e-08
14.909999999997176,-1.67570348550564e-07,0.007293632536672385,0.2605553699868687,2.5771602139183893e-10,-3.9122031778592356e-07,2.50430646682357e-07,43.271065710671664,4,True,9.375960877533618e-10,-1.544219105282201,-3.511501349303233e-08,9.578187782371247e-10,-1.5442191053749026,-3.511501403755802e-08
14.91999999999717,-1.6508651030092248e-07,0.007293632536672385,0.2605553699882774,2.577160592303581e-10,-3.8542060620931417e-07,2.4671747272959804e-07,43.271065710744736,4,True,9.235445885908451e-10,-1.544219105486378,-3.4594359109985703e-08,9.43768878770368e-10,-1.5442191055790717,-3.4594362688414125e-08
14.929999999997165,-1.6263950031000373e-07,0.007293632536672385,0.26055536998966516,2.577163894002995e-10,-3.797068860664641e-07,2.4305935373222403e-07,43.27106571081632,4,True,9.097009237436877e-10,-1.5442191056874595,-3.408142623637155e-08,9.299221142473901e-10,-1.544219105780165,-3.408142626329511e-08
14.939999999997159,-1.602287725241561e-07,0.007293632536672385,0.26055536999103246,2.577163073094582e-10,-3.7407788221441984e-07,2.39455474091345e-07,43.27106571088667,4,True,8.960608409185227e-10,-1.544219105885624,-3.357610630107262e-08,9.162858706122405e-10,-1.544219105978303,-3.357610184437117e-08
14.949999999997154,-1.5785378898507328e-07,0.007293632536672385,0.26055536999237944,2.5771642043352876e-10,-3.6853233844587316e-07,2.359050291829042e-07,43.27106571095464,4,True,8.826243473025239e-10,-1.5442191060807835,-3.307827021350321e-08,9.02848947039641e-10,-1.5442191061734862,-3.307826874119376e-08
14.959999999997148,-1.5551401971049583e-07,0.007293632536672387,0.26055536999370643,2.577160333240364e-10,-3.630690174696111e-07,2.3240722717419317e-07,43.27106571102482,4,True,8.693892198282705e-10,-1.5442191062731203,-3.258781935483876e-08,8.896095706429402e-10,-1.5442191063657846,-3.2587816048738264e-08
14.969999999997142,-1.53208942576244e-07,0.007293632536672394,0.2605553699950137,2.5771451209918506e-10,-3.5768670050049384e-07,2.2896128707059328e-07,43.27106571109225,4,True,8.563434945349887e-10,-1.544219106462545,-3.2104632051566734e-08,8.765720255426525e-10,-1.5442191065552504,-3.210463406972857e-08
14.979999999997137,-1.5093804320250448e-07,0.007293632536672399,0.2605553699963017,2.577134893104698e-10,-3.523841861007191e-07,2.2556643993092288e-07,43.27106571115772,4,True,8.434951202997726e-10,-1.5442191066491828,-3.162861814266419e-08,8.63724490317023e-10,-1.544219106741874,-3.162862400353851e-08
14.989999999997131,-1.4870081483229308e-07,0.007293632536672398,0.2605553699975705,2.5771408132013467e-10,-3.471602911423367e-07,2.222219287029462e-07,43.2710657112224,4,True,8.308444833439972e-10,-1.5442191068330622,-3.115966654555776e-08,8.510615247819102e-10,-1.5442191069257891,-3.1159661166163754e-08
14.999999999997126,-1.46496758222525e-07,0.007293632536672398,0.26055536999882056,2.57714215931795e-10,-3.42013850043358e-07,2.1892700664316044e-07,43.27106571128617,4,True,8.183749754147436e-10,-1.544219107014223,-3.0697655899031017e-08,8.385911582074403e-10,-1.5442191071069,-3.0697653426211157e-08
15.000999999997125,-1.4627815800913303e-07,0.007293632536672398,0.2605553699989445,2.577141283874826e-10,-3.415034215341766e-07,2.1860021339195668e-07,43.27106571129375,4,True,8.171386072186003e-10,-1.5442191070321885,-3.065183329649112e-08,8.373551315433888e-10,-1.544219107124868,-3.065183123500968e-08
