time_s,length_target_m,length_actual_m,beta_target_deg,beta_actual_deg,wheel_x_m,wheel_z_m,closure_m,wheel_position_error_m,theta1_deg,theta2_deg,parallel_error_deg,wheel_speed_relative_rad_s,load_n,hip_torque_nm,knee_torque_nm,wheel_torque_nm
0.010000000000000002,0.21213203435596426,0.22100678723974165,1.4615839576048752e-07,4.290656510253656e-09,1.5885737170151515e-11,-0.21213203437018285,1.071377685689964e-12,5.254438792047363e-10,-44.99999999186897,45.0000000004503,1.7251519425539002e-09,4.1096769369846965e-09,0.0,5.338445386532959e-07,2.089932680608518e-08,-7.565530530790649e-11
0.02000000000000001,0.21213203435596426,0.22100678762045617,2.3208974986773156e-06,1.436971744252953e-07,5.320247714601933e-10,-0.21213203476682493,2.6890323200257495e-11,8.071335761570083e-09,-44.99999974533144,45.00000003272581,4.373574381371119e-08,1.0745152705649892e-07,0.0,5.021115140956053e-06,4.528702484303114e-07,-2.5327743493427643e-09
0.03000000000000002,0.21213203435596426,0.22100678994706802,1.1660380663385177e-05,1.101363208442108e-06,4.07768989407753e-09,-0.21213203719077284,1.740630411835671e-10,3.919637799962574e-08,-44.999998132969445,45.00000033569587,2.8415474365752114e-07,7.107536043880401e-07,0.0,1.7781107863844035e-05,2.4585075047596386e-06,-1.823465095890481e-08
0.04000000000000003,0.21213203435596426,0.22100679757766567,3.657116986555593e-05,4.664347192552643e-06,1.7269291344157445e-08,-0.21213204514060338,6.219267303826285e-10,1.1862316208211284e-07,-44.999992422776565,45.00000175147096,1.0166661041237627e-06,2.6378197840861773e-06,0.0,4.2941856383560536e-05,7.809450212167191e-06,-7.060341589662005e-08
0.05000000000000004,0.21213203435596426,0.22100681562409652,8.859912913831243e-05,1.42690756543087e-05,5.28298680080308e-08,-0.21213206394201845,1.609011533552179e-09,2.76785585013626e-07,-44.99997773987981,45.00000627803113,2.631858650730453e-06,7.108677927585549e-06,0.0,8.434083519027667e-05,1.859776683926531e-05,-1.9517572444689438e-07
0.060000000000000046,0.21213203435596426,0.2210068505554924,0.00018229899653992296,3.5516513093757216e-05,1.3149646593824116e-07,-0.21213210033476892,3.4007458838332994e-09,5.474384345245947e-07,-44.99994666293481,45.00001769596101,5.564318699737382e-06,1.5625992762818445e-05,0.0,0.00014543397557405198,3.69714150519607e-05,-4.3637578870231696e-07
0.07000000000000005,0.21213203435596426,0.22100690962934852,0.00033510467925566996,7.663876633543694e-05,2.837477267036981e-07,-0.21213216187988682,6.260273670706114e-09,9.65404762352572e-07,-44.99988891761158,45.00004219514427,1.024485796780281e-05,2.9828031459253943e-05,0.0,0.00022920814610559253,6.492958112525401e-05,-8.431472231185884e-07
0.08000000000000006,0.21213203435596426,0.2210070002921048,0.0005672003256605076,0.00014890149960300808,5.512938535956469e-07,-0.2121322563350762,1.0426142448519638e-08,1.5645389319864725e-06,-44.999791142850626,45.00008894584984,1.7063997095713486e-05,5.1344124953279936e-05,0.0,0.0003381026776443988,0.00010418227411772751,-1.4645757073174842e-06
0.09000000000000007,0.21213203435596426,0.22100712963657954,0.0009013922273811843,0.0002669296434449424,9.882826274149048e-07,-0.2121323910892044,1.609724104835766e-08,2.3759711340701465e-06,-44.99963671782675,45.00017057711364,2.6347319065797024e-05,8.167233378586336e-05,0.0,0.0004739477915870428,0.00015606599262692363,-2.346136917283113e-06
0.10000000000000007,0.21213203435596426,0.22100730396091908,0.0013629816035971602,0.00044894755076800076,1.662188729503744e-06,-0.21213257270233443,2.342403642526741e-08,3.426679737915969e-06,-44.999405645899586,45.000303541001124,3.83411315667511e-05,0.0001220872916416113,0.0,0.0006379263703727113,0.0002215036874911105,-3.526837638665728e-06
0.11000000000000008,0.21213203435596426,0.22100752844465585,0.0019796383190091127,0.0007169287741701518,2.654368511503802e-06,-0.21213280656741826,3.25047983223678e-08,4.738416566443266e-06,-44.999074495989326,45.00050835353766,5.320629055364647e-05,0.0001735789878623452,0.0,0.0008305626313024259,0.0003009977477740363,-5.037289246711841e-06
0.12000000000000009,0.21213203435596426,0.22100780693992284,0.0027812755860823677,0.0010966547169411881,4.060277442971549e-06,-0.21213309669146008,4.338556333732874e-08,6.326990179886024e-06,-44.99861640267534,45.00080971210922,7.101814516071982e-05,0.00023681949592084577,0.0,0.0010517382223225289,0.00039464674482613015,-6.898631433525118e-06
0.1300000000000001,0.21213203435596426,0.2210081418666397,0.0037999257013404367,0.0016176852635190365,5.9893617266187915e-06,-0.21213344558431207,5.6062813826778815e-08,8.201894977816713e-06,-44.998001125059275,45.001236495586326,9.177092418880723e-05,0.0003121531484771245,0.0,0.0013007336988263103,0.00050217884210866,-9.122173588371227e-06
0.1400000000000001,0.21213203435596426,0.22100853419654862,0.005069616864641258,0.0023132478914121572,8.564648137310282e-06,-0.2121338542391426,7.048807258435989e-08,1.0366259891941393e-05,-44.99719516214632,45.00182165792915,0.00011538525820622129,0.00039960541859584015,0.0,0.0015762915110078333,0.0006229965782012673,-1.170961129351624e-05
0.1500000000000001,0.21213203435596426,0.22100898351001705,0.006626251129515908,0.0032200545462751995,1.1922066426278688e-05,-0.2121343221876067,8.657380315043054e-08,1.2817079694285748e-05,-44.99616191998821,45.002602029080776,0.00014171783847984667,0.0004989061137567175,0.0,0.0018766955374466508,0.0007562290103846066,-1.465368468642888e-05
0.16000000000000011,0.21213203435596426,0.22100948811002033,0.008507483531786876,0.0043780576340018,1.6209546300466338e-05,-0.21213484761326656,1.0420013919106256e-07,1.5545684356432635e-05,-44.99486192362074,45.00361803888874,0.00017057243343058468,0.000609523026201389,0.0,0.0021998617401278726,0.0009007880278532317,-1.7939161338782604e-05
0.17000000000000012,0.21213203435596426,0.22101004517877848,0.010752602442810495,0.0058301578196789,2.158593593272473e-05,-0.212135427507932,1.2322205513502232e-07,1.853839725336332e-05,-44.993253065191865,45.00491338083123,0.00020171162641951636,0.0007307027160654257,0.0,0.002543434545215161,0.00105542617563034,-2.154404242703529e-05
0.18000000000000013,0.21213203435596426,0.22101065096374972,0.013402411192806262,0.00762187694477137,2.821979126232943e-05,-0.2121360578568947,1.4347664780088437e-07,2.1777331057096055e-05,-44.99129087871193,45.00653463260146,0.00023486873591343222,0.0008615155614453494,0.0,0.002904883933034041,0.0012187936765110275,-2.5440904959642593e-05
0.19000000000000014,0.21213203435596426,0.2210113009809117,0.016499111008844745,0.009801009336604372,3.62880852124714e-05,-0.2121367338403465,1.6479024285400306e-07,2.52412706232466e-05,-44.988928831546154,45.00853085021937,0.0002697594484462738,0.001000902593883153,0.0,0.0032815988302389767,0.0013894926340891792,-2.9598304542541366e-05
0.20000000000000015,0.21213203435596426,0.2210119902245072,0.0200861853111657,0.012417264174777131,4.5974883702296077e-05,-0.21213745003960932,1.8698507760050432e-07,2.890659470340895e-05,-44.98611862303133,45.010953151380896,0.000306092759008433,0.0011477219718188934,0.0,0.0036709731425911456,0.0015661266908423377,-3.3982173296794653e-05
0.21000000000000016,0.21213203435596426,0.22101271337371542,0.02420828541058934,0.015521910492551845,5.747003131634232e-05,-0.21213820063818678,2.0988535380340902e-07,3.2748192570183756e-05,-44.98281048132115,45.01385430230627,0.00034358087850638994,0.0013007932594388733,0.0,0.004070481578163384,0.0017473447386447214,-3.8557157016357046e-05
0.22000000000000017,0.21213203435596426,0.2210134649880833,0.028911117648866714,0.019167434940246288,7.096788413020472e-05,-0.21213897960911887,2.3332249319839377e-07,3.674033722104329e-05,-44.978953450631934,45.01728832051243,0.00038194783824451497,0.0014589379920886849,0.0,0.004477743233817942,0.001931877636362386,-4.328784504559447e-05
0.23000000000000018,0.21213203435596426,0.22101423968500528,0.034241332022889565,0.023407220727189832,8.666612086555281e-05,-0.21213978088167354,2.57139481111609e-07,4.085748335344302e-05,-44.97449566235975,45.02131010381413,0.0004209365993935043,0.0016210153318406968,0.0,0.004890571714518592,0.002118567264298367,-4.8139856011353734e-05
0.24000000000000019,0.21213203435596426,0.22101503229407116,0.04024641233274733,0.02829525429907881,0.00010476465666747758,-0.2121405984820351,2.811942257178494e-07,4.5074965379038925e-05,-44.96938458497025,45.025975093568405,0.00046031455301545095,0.00178595194764829,0.0,0.00530701129518611,0.002306387625412125,-5.308075243809347e-05
0.25000000000000017,0.21213203435596426,0.2210158379846592,0.046974567892677475,0.033885864394107644,0.0001254646767156059,-0.2121414266442932,3.05361913208004e-07,4.936957801562442e-05,-44.963567249037496,45.03133897782572,0.0004998773748897582,0.0019527655839645995,0.0,0.005725359297642062,0.0024944580602398506,-5.808076718822134e-05
0.2600000000000002,0.21213203435596426,0.22101665236467932,0.05447462684300804,0.04023349624557671,0.00014896779993613107,-0.21214225988964125,3.295363790407437e-07,5.372002911997527e-05,-44.95699044525342,45.03745743774458,0.0005394512703613553,0.0021205821006999325,0.0,0.0061441754240217795,0.0026820489665470605,-6.311333427968805e-05
0.2700000000000002,0.21213203435596426,0.2210174715498224,0.06279593110023454,0.04739252193493938,0.00017547537654948042,-0.21214309307321033,3.536305563112364e-07,5.810726112557162e-05,-44.94960089458592,45.04438593845581,0.0005788937086926078,0.002288646061492941,0.0,0.0065622792534074026,0.0028685806838482184,-6.815542555583501e-05
0.2800000000000002,0.21213203435596426,0.22101829220398286,0.07198823298141323,0.0554170863088348,0.000205187917295388,-0.2121439213993268,3.7757609437377286e-07,6.251464349038537e-05,-44.94134539098418,45.052179563601875,0.0006180927982878771,0.0024563252076815496,0.0,0.006978737463864206,0.003053616418126383,-7.318770259262872e-05
0.2900000000000002,0.21213203435596426,0.22101911155265871,0.08210159353808148,0.06436098650380588,0.00023830464709914678,-0.21214474040716108,4.013222637255514e-07,6.692804376466517e-05,-44.93217091808054,45.060892891088145,0.0006569654942028749,0.0026231093729213928,0.0,0.007392842588738481,0.0032368502322773565,-7.819449991174915e-05
0.3000000000000002,0.21213203435596426,0.22101992737205617,0.09318628263394332,0.07427758200480084,0.00027502317179772806,-0.2121455459296847,4.248342808951377e-07,7.133578913200694e-05,-44.9220247421947,45.0705799062043,0.0006954548560803334,0.0027886045616916317,0.0,0.0078040852542492975,0.0034180912125202543,-8.316366075320103e-05
0.3100000000000002,0.21213203435596426,0.22102073795733523,0.10529268079957504,0.08521973131372275,0.000315539243390478,-0.21214633402958188,4.48091195932723e-07,7.572853350423328e-05,-44.9108544845988,45.081293947226264,0.0007335265894112882,0.0029525230347062434,0.0,0.008212121886139893,0.0035972449555698276,-8.80862504090004e-05
0.32000000000000023,0.21213203435596426,0.22102154207389554,0.11847118289642024,0.09723975072672152,0.00036004660713354064,-0.21214710091623562,4.710834851897484e-07,8.009904743805974e-05,-44.89860817644604,45.093087677899504,0.0007711651049677738,0.003114670311258725,0.0,0.008616739822981292,0.003774293491704963,-9.29561742862804e-05
0.33000000000000024,0.21213203435596426,0.22102233889585393,0.13277210362135025,0.11038939040539072,0.00040873691263017264,-0.2121478428481656,4.938104880857983e-07,8.444194932596268e-05,-44.88523430000996,45.10601308082075,0.0008083693233204202,0.003274930021419096,0.0,0.009017821648880315,0.0039492746940512705,-9.776972867188905e-05
0.34000000000000025,0.21213203435596426,0.22102312793590875,0.14824558488206882,0.12471982285709907,0.00046179967080547946,-0.21214855602534072,5.162778178172018e-07,8.87533965711067e-05,-44.87068181993968,45.120121465653895,0.0008451484353880624,0.0034332475183513345,0.0,0.009415310370627792,0.004122262113890617,-0.00010252511163534299
0.35000000000000026,0.21213203435596426,0.221023908970632,0.1649415050726365,0.14028163908869545,0.0005194222392027881,-0.21214923647563677,5.384948581574859e-07,9.303075487759222e-05,-44.854900208128036,45.135463486305426,0.000881517804579284,0.003589613104142452,0.0,0.009809176830788217,0.0042933460538033515,-0.00010722191987918383
0.36000000000000026,0.21213203435596426,0.22102468196494238,0.1829093902773834,0.15712484803115595,0.0005817898192718579,-0.21214987993941953,5.604724431145056e-07,9.727226251176132e-05,-44.837839465540426,45.15208916160275,0.0009174951684213492,0.0037440456350213607,0.0,0.010199390483621213,0.00446261653252498,-0.000111860654813026
0.3700000000000003,0.21213203435596426,0.22102544699908025,0.20219832743046715,0.17529887531397628,0.000649085451101511,-0.2121504817558056,5.82220796630514e-07,0.00010147670454917989,-44.819450143989954,45.170047894617916,0.0009530972659699908,0.0038965771622501573,0.0,0.010585894380326283,0.0046301486397735655,-0.00011644225789156223
0.3800000000000003,0.21213203435596426,0.22102620420089694,0.22285687945731497,0.19485255805988277,0.0007214899932425217,-0.21215103675364455,6.037477878207751e-07,0.0001056431098633114,-44.799683370397396,45.18938848651717,0.0009883369813659738,0.004047239141104952,0.0,0.01096858492756602,0.004795990611429485,-0.00012096769157146391
0.3900000000000003,0.21213203435596426,0.22102695368569544,0.2449330024231727,0.21583413303276844,0.0007991820777224629,-0.21215153914969648,6.250575381277225e-07,0.00010977048108490248,-44.77849087557287,45.210159141638414,0.0010232210635745817,0.004196050608183463,0.0,0.011347296710974565,0.004960154801806344,-0.0001254375783009726
0.4000000000000003,0.21213203435596426,0.22102769550526832,0.268473964712955,0.23829121616778934,0.0008823380329358171,-0.2121519824558923,6.461493965210287e-07,0.0001138575651085441,-44.75582502902777,45.232407461363344,0.0010577484484076635,0.0043430085948892435,0.0,0.011721792423605592,0.0051226115847985455,-0.00012985190596408855
0.4100000000000003,0.21213203435596426,0.22102842960718,0.29352626826556855,0.26227077220924566,0.0009711317696772942,-0.2121523593969722,6.670172805914497e-07,0.00011790266906733555,-44.731638880796055,45.256180425214566,0.0010919091808499267,0.0044880809162856595,0.0,0.012091757716690266,0.005283286082504863,-0.0001342098043376023
0.4200000000000003,0.21213203435596426,0.22102915580477536,0.32013557188484715,0.28781907384956756,0.0010657346280637942,-0.2121526618392383,6.876493687165225e-07,0.00012190352415353641,-44.70588621073601,45.28152435843514,0.0011256839098787172,0.004631201356864496,0.0,0.01245680060187393,0.005442057517172302,-0.00013850939353742575
0.4300000000000003,0.21213203435596426,0.22102987375788183,0.3483466166482047,0.3149816503745351,0.0011663151853608805,-0.2121528807306504,7.080281110840504e-07,0.00012585719733395118,-44.678521585316446,45.30848488606554,0.0011590439074964578,0.00477226716901843,0.0,0.01281645488479962,0.005598760890886627,-0.0001427477022272022
0.44000000000000034,0.21213203435596426,0.22103058296371553,0.3782031534330795,0.34380322635960836,0.001273039026732703,-0.21215300605203866,7.281305220824373e-07,0.00012976004895274337,-44.64950042148048,45.3371068741997,0.0011919515465581005,0.004911138711892062,0.0,0.01317018700088551,0.005753190634546013,-0.0001469206506612866
0.45000000000000034,0.21213203435596426,0.2210312827571283,0.4097478725802011,0.37432765141173663,0.0013860684826025316,-0.21215302677883985,7.479287052028008e-07,0.00013360773250387114,-44.618779056834654,45.367434359658134,0.0012243611605577515,0.005047640988095939,0.0,0.013517405555163413,0.005905105831019036,-0.00015102309146765758
0.46000000000000035,0.21213203435596426,0.2210319723190375,0.4430223357116768,0.40659782230649677,0.0015055623376302174,-0.21215293085246612,7.673905606579265e-07,0.00013739523150138933,-44.58631482514026,45.39951046975325,0.001256220201980324,0.005181566783703182,0.0,0.01385747283725726,0.0060542365928148625,-0.00015504889946806952
0.47000000000000036,0.21213203435596426,0.22103265069167188,0.47806690972084576,0.44065559912349767,0.001631675517251921,-0.2121527051602054,7.864806221553682e-07,0.0001411169274114557,-44.552066135887834,45.43337733413484,0.0012874706125099405,0.005312681084448288,0.0,0.014189717586337788,0.006200291179694532,-0.00015899110079350696
0.48000000000000037,0.21213203435596426,0.22103331679914312,0.5149207029498148,0.4765417171392385,0.001764558758306889,-0.21215233552242327,8.051609725983519e-07,0.00014476669201394908,-44.51599255661536,45.46907599089385,0.0013180503204923263,0.0054407264267029316,0.0,0.014513448315600256,0.006342963461976921,-0.00016284203107307744
0.4900000000000004,0.21213203435596426,0.22103396947180654,0.5536215035695382,0.5142956962982077,0.0019043582705040307,-0.21215180668578115,8.233921862918996e-07,0.0001483379973253486,-44.47805489658178,45.50664628917819,0.0013478947859274133,0.005565428842886446,0.0,0.014827966565363063,0.006481940363948378,-0.00016659351246076998
0.5000000000000003,0.21213203435596426,0.22103460747289835,0.5942057201762636,0.553955750060979,0.0020512153953985007,-0.2121511023211992,8.411342589135477e-07,0.00015182403629500897,-44.43821529042243,45.54612679054438,0.0013769385206281713,0.005686504076860099,0.0,0.015132579532994883,0.006616908971002232,-0.00017023703970479393
0.5100000000000003,0.21213203435596426,0.22103522952602708,0.6367083246171196,0.5955586953315194,0.0022052662691893904,-0.21215020502536747,8.583474819859451e-07,0.00015521784785232795,-44.39643728048494,45.587554671148,0.0014051165208951036,0.005803663773339988,0.0,0.01542661162154694,0.006747563037276929,-0.00017376396627748363
0.5200000000000004,0.21213203435596426,0.22103583434223073,0.6811627970565668,0.6391398650097131,0.0023666414950691134,-0.21214909632473072,8.749932339292129e-07,0.0001585124404724961,-44.352685896662074,45.63096562668151,0.0014323655623963913,0.005916621381415587,0.0,0.01570941454988778,0.006873608683138164,-0.0001771656826523632
0.5300000000000004,0.21213203435596426,0.2210364206454863,0.7276010732944078,0.6847330245116258,0.0025354658300992816,-0.2121477566810282,8.910346626272467e-07,0.0001617009091988499,-44.30692773269165,45.6763937817149,0.0014586253175667254,0.006025097556958096,0.0,0.015980375772017108,0.006994769140633218,-0.00018043378013217893
0.5400000000000004,0.21213203435596426,0.2210369871957633,0.7760534943449796,0.7323702933654668,0.0027118578907170815,-0.21214616549766008,9.064372435669017e-07,0.000164776541949009,-44.259131018072466,45.723871604803406,0.001483839269183471,0.006128824894988514,0.0,0.016238925055028875,0.007110788452513311,-0.0001835601950149134
0.5500000000000004,0.21213203435596426,0.22103753280892513,0.8265487582861278,0.7820820727365114,0.0028959298800310534,-0.21214430112634797,9.211692049766182e-07,0.0001677329118960042,-44.20926568493809,45.773429830411125,0.001507955406036672,0.006227551873179673,0.0,0.01648453916212407,0.007221434096434247,-0.0001865373293836462
0.5600000000000004,0.21213203435596426,0.2210380563730007,0.879113874385503,0.8338969794760875,0.003087787339107778,-0.2121421408737601,9.352018162929963e-07,0.0001705639536934475,-44.157303429427714,45.82509738837991,0.0015309266958838932,0.006321045934978306,0.0,0.016716744674084086,0.007326498548619765,-0.00018935814624029416
0.5700000000000004,0.21213203435596426,0.221038556860566,0.9337741195106881,0.887841787036715,0.0032875289235134025,-0.21213966100797543,9.485095455345772e-07,0.00017326402227249183,-44.10321776728614,45.87890134135956,0.0015527113430560651,0.006409095685921102,0.0,0.016935119057003355,0.007425799846799291,-0.00019201623805379866
0.5800000000000004,0.21213203435596426,0.22103903333716649,0.9905529968286096,0.9439413733587525,0.003495246205497321,-0.21213683676483902,9.610700943084601e-07,0.00017582793383326837,-44.046984083605835,45.93486683032335,0.0015732728448487204,0.006491512218381402,0.0,0.017139290146256647,0.0075191812483425356,-0.00019450586906467646
0.5900000000000004,0.21213203435596426,0.22103948496589537,1.0494721967986564,1.0022186756227478,0.0037110235014246457,-0.21213364235443694,9.728643219043892e-07,0.00017825098945368318,-43.98857967678598,45.99301702803149,0.00159257986840908,0.006568129614186821,0.0,0.017328934262575906,0.007606510105811117,-0.00019682199273853628
0.6000000000000004,0.21213203435596426,0.22103991100838552,1.110551560462882,1.0626946515784181,0.003934937723387336,-0.21213005096805132,9.838760775229253e-07,0.00018052898242940273,-43.92798379692338,46.05337310008022,0.001610605974848383,0.006638804704145228,0.0,0.017503773208253227,0.0076876760993937485,-0.00019896024665222578
0.6100000000000004,0.21213203435596426,0.22104031082260112,1.1738090450356329,1.1253882470154914,0.004167058253387548,-0.21212603478607944,9.9409195533369e-07,0.00018265819101000877,-43.86517767896282,46.11595417299383,0.0016273292200377435,0.0067034161851932715,0.0,0.017663570408803182,0.007762588979687459,-0.00020091692778724982
0.6200000000000004,0.21213203435596426,0.2210406838578991,1.2392606917939124,1.1903163688293033,0.004407446838074577,-0.21212156498747892,1.0035009962660613e-06,0.00018463535861798085,-43.80014457102077,46.180777308679374,0.0016427316641093688,0.006761863210668068,0.0,0.017808126468974457,0.007831175970963581,-0.0002026889516504666
0.6300000000000004,0.21213203435596426,0.22104102964789477,1.3069205962687533,1.2574938630606172,0.004656157501749719,-0.21211661176136204,1.0120943498956916e-06,0.00018645766391302214,-43.73286975835309,46.24785748447433,0.00165679882040638,0.006814063578014,0.0,0.017937274404708558,0.007893378988156579,-0.0002042737989464072
0.6400000000000005,0.21213203435596426,0.22104134780168955,1.3768008807368393,1.3269334972501097,0.004913236475214078,-0.21211114432138192,1.0198649210896405e-06,0.0001881226832070328,-43.66334058346911,46.31720757796931,0.0016695190749107182,0.006859951639433088,0.0,0.018050874793504944,0.007949151804350308,-0.00020566945355729183
0.6500000000000005,0.21213203435596426,0.22104163799402612,1.4489116690106012,1.3986459464411198,0.0051787221380149295,-0.21210513092355718,1.0268070137708957e-06,0.00018962834775804142,-43.59154646289914,46.38883835578138,0.0016808831041316681,0.006899476057838922,0.0,0.018148811060000405,0.00799845729306181,-0.00020687433552781504
0.6600000000000005,0.21213203435596426,0.2210418999549101,1.5232610635239832,1.4726397821879968,0.005452644971740084,-0.21209853888815133,1.0329159886287761e-06,0.00019097289837585038,-43.517478901106905,46.46275846548292,0.0016908833150483448,0.006932597522301623,0.0,0.018230985081118405,0.008041264854456507,-0.00020788723250595313
0.6700000000000005,0.21213203435596426,0.2210421334591968,1.5998551247100448,1.548921463973516,0.005735027522186631,-0.21209133462617735,1.0381879487769981e-06,0.00019215483959320113,-43.441131502002534,46.53897442994956,0.0016995133293127786,0.006959286523949922,0.0,0.01829731325828978,0.008077548108599737,-0.00020870723271397193
0.6800000000000005,0.21213203435596426,0.22104233831658313,1.6786978526655754,1.6274953325057087,0.006025884368483975,-0.21208348367103094,1.0426194598839104e-06,0.00019317289539742027,-43.362499978462246,46.61749064347369,0.0017067675266812918,0.0069795212795803205,0.0,0.018347723166929966,0.008107282920894202,-0.0002093336621102186
0.6900000000000005,0.21213203435596426,0.2210425143623726,1.759791171096853,1.7083636044454606,0.006325222097556482,-0.21207495071567573,1.0462073162752888e-06,0.00019402596820550154,-43.28158216019981,46.698309369090744,0.0017126406601801034,0.006993285871929769,0.0,0.018382150854243596,0.008130445802755622,-0.0002097660278697591
0.7000000000000005,0.21213203435596426,0.22104266144930862,1.8431349135397057,1.791526368204714,0.006633039282643749,-0.21206569965571653,1.0489483534363784e-06,0.00019471310242551138,-43.198378000266615,46.781430736676064,0.0017171275510646936,0.007000568658769883,0.0,0.01840053882023491,0.00814701270768892,-0.0002100039697950819
0.7100000000000005,0.21213203435596426,0.22104277944068573,1.928726811846,1.8769815805502343,0.006949326464952915,-0.2120556936385985,1.0508393119505547e-06,0.0001952334535811301,-43.11288958038659,46.86685274148708,0.001720222865182278,0.007001360984821713,0.0,0.018402834683253724,0.008156958227277087,-0.00021004722073442874
0.7200000000000005,0.21213203435596426,0.22104286820487418,2.0165624869277123,1.9647250638394462,0.007274066137859955,-0.21204489511907476,1.0518767517092962e-06,0.00019558626362464033,-43.02512111526139,46.95457124294029,0.001721920971583431,0.006995656212878401,0.0,0.01838899050129301,0.00816025516937179,-0.00020989557654962102
0.7300000000000005,0.21213203435596426,0.22104292761131417,2.1066354417487227,2.054750503804723,0.007607232733412267,-0.21203326592098792,1.0520570116467739e-06,0.00019577084271800614,-42.93507895591341,47.04457996352287,0.0017222158787392448,0.006983449075493214,0.0,0.01835896269579177,0.00815687449238118,-0.000209548875715546
0.7400000000000005,0.21213203435596426,0.22104295752796863,2.198937056553499,2.1470494478828774,0.0079487926111841,-0.21202076730531783,1.0513762149414656e-06,0.00019578655745235862,-42.842771592073085,47.13687048783884,0.0017211012414812957,0.006964735334252967,0.0,0.018312712505055007,0.008146785553753137,-0.00020900698820361225
0.7500000000000006,0.21213203435596426,0.22104295782016584,2.293456586320855,2.2416113041569683,0.008298704049797864,-0.2120073600443661,1.0498303111853332e-06,0.00019563282520555043,-42.748209653562824,47.23143226187676,0.0017185704302041564,0.006939511722039681,0.0,0.018250206880308067,0.00812995662392022,-0.0002082698129418779
0.7600000000000006,0.21213203435596426,0.22104292835070968,2.39018116042998,2.338423341036826,0.008656917241643622,-0.2119930045018663,1.0474151497627391e-06,0.0001953091141075225,-42.651405910585375,47.32825259265904,0.001714616651459304,0.006907776134684478,0.0,0.01817141972891507,0.008106355612738777,-0.0002073372828692333
0.7700000000000006,0.21213203435596426,0.2210428689811001,2.4890957845249995,2.437470687849694,0.00902337429149494,-0.21197766071874502,1.0441265786850925e-06,0.00019481494790954423,-42.55237527278969,47.42731664848911,0.0017092331090883853,0.006869528031610304,0.0,0.018076333405472537,0.008075950952317041,-0.00020620937638507185
0.7800000000000006,0.21213203435596426,0.2210427795736786,2.5901833445633002,2.5387363365440048,0.00939800921983476,-0.21196128850420248,1.039960559793306e-06,0.00019414991492893734,-42.45113478696327,47.52860746005129,0.0017024131939878265,0.0068247690010023706,0.0,0.017964940353041955,0.008038712580129635,-0.00020488613387376306
0.7900000000000006,0.21213203435596426,0.2210426599944959,2.6934246130319965,2.6422011447286446,0.009780747971774167,-0.21194384753173412,1.0349132960347224e-06,0.00019331368016402433,-42.347703633185574,47.63210592264286,0.0016941506910420868,0.006773503443324842,0.0,0.017837244801615408,0.00799461296919997,-0.00020336767791684701
0.8000000000000006,0.21213203435596426,0.22104251011669884,2.798798257315846,2.7478438402756074,0.010171508432465073,-0.21192529743968558,1.0289813618368803e-06,0.0001923059996500121,-42.242103119272485,47.73779079982368,0.0016844399933149284,0.006715739327476234,0.0,0.017693264439581056,0.007943628158405191,-0.00020165423582016754
0.8100000000000006,0.21213203435596426,0.2210423298242281,2.906280850199097,2.8556410277090043,0.01057020044988595,-0.21190559793590183,1.022161831516642e-06,0.0001911267361403454,-42.13435667334615,47.845638728764165,0.0016732763124940012,0.006651488976305179,0.0,0.01753303198514861,0.00788573873887072,-0.00019974616314760902
0.8200000000000006,0.21213203435596426,0.22104211901564336,3.0158468824827174,2.9655671965885966,0.01097672586582206,-0.2118847089060285,1.0144524021811159e-06,0.00018977587525293793,-42.024489834375295,47.95562422755247,0.0016606558791322015,0.006580769841796994,0.0,0.01735659659709775,0.007820930762556947,-0.00019764396705482668
0.8300000000000006,0.21213203435596426,0.22104187760789692,3.127468777697606,3.07759473207283,0.011390978555771605,-0.21186259052500617,1.005851503743582e-06,0.0001882535413029444,-41.91253024054961,48.06771970469527,0.0016465761239901813,0.0065036052360098046,0.0,0.017164025078847598,0.007749196545870401,-0.0001953483283936996
0.8400000000000006,0.21213203435596426,0.22104160553991462,3.241116908893401,3.1916939278182643,0.01181284447840196,-0.2118392033713125,9.963583965499945e-07,0.0001865600121495475,-41.79850761537309,48.18189547100962,0.001631035837013188,0.006420024988876015,0.0,0.016955402843101035,0.007670535346755913,-0.0001928601216969458
0.8500000000000006,0.21213203435596426,0.22104130277585612,3.356759617481656,3.307833001338198,0.012242201735049543,-0.2118145085435038,9.859732519036794e-07,0.00018469573250784243,-41.682453751387285,48.298119754063705,0.0016140352988851733,0.006330066011428173,0.0,0.016730834618961,0.007584953906797676,-0.00019018043238354368
0.8600000000000007,0.21213203435596426,0.22104096930796882,3.474363234111186,3.4259781119092323,0.012678920639627611,-0.21178846777863153,9.746972149093e-07,0.00018266132530552495,-41.56440249146206,48.41635871528054,0.0015955763849947607,0.006233772748702186,0.0,0.016490444895778507,0.007492466851458046,-0.00018731057069133077
0.8700000000000007,0.21213203435596426,0.2210406051589667,3.5938921015525516,3.546093381077633,0.01312286379916508,-0.21176104357211406,9.625324502344721e-07,0.00018045760079855638,-41.444389707619344,48.53657646977463,0.0015756626393449756,0.0061311975138691665,0.0,0.016234378109998476,0.007393096951990786,-0.000184252082064793
0.8800000000000007,0.21213203435596426,0.22104021038390356,3.715308599567697,3.6681409157839053,0.013573886205072536,-0.21173219929867088,9.494821701133594e-07,0.00017808556328557864,-41.32245327738184,48.65873510894966,0.0015542993210211514,0.00602240070009551,0.0,0.01596279859070889,0.007286875256379837,-0.00018100675387582572
0.8900000000000007,0.21213203435596426,0.22103978507152858,3.838573171739971,3.7920808340901315,0.014031835335101772,-0.2117018993339364,9.35550646767646e-07,0.00017554641538503407,-41.198633057663876,48.78279472584417,0.001531493424082115,0.005907450873614093,0.0,0.01567589028848031,0.007173841102609009,-0.00017757661856490493
0.9000000000000007,0.21213203435596426,0.2210393293451421,3.963644354238802,3.917871293467385,0.0144965512658609,-0.21167010917639378,9.207432101302291e-07,0.00017284155994014435,-41.0729708562437,48.908713443178456,0.0015072536741442745,0.00578642475427511,0.0,0.015373856317025831,0.0070540420293293505,-0.00017396395338171118
0.9100000000000007,0.21213203435596426,0.2210388433629832,4.090478806492479,4.045468521573893,0.014967866795644116,-0.21163679556928014,9.050662339481864e-07,0.0001699725997138222,-40.945510400875904,49.03644744402369,0.001481590505278068,0.005659407095442099,0.0,0.015056918342358016,0.006927533604316028,-0.0001701712770675902
0.9200000000000007,0.21213203435596426,0.22103832731820144,4.219031343741691,4.17482684943694,0.015445607577265888,-0.2116019266221304,8.885271113033074e-07,0.00016694133510105732,-40.81629730611807,49.165951004991946,0.0014545160204036966,0.005526490476597339,0.0,0.014725315855285729,0.0067943791878817906,-0.00016620134387327379
0.9300000000000007,0.21213203435596426,0.22103778143847366,4.349254971445529,4.305898746933708,0.015929592260518946,-0.2115654719316365,8.711342238592326e-07,0.00016374976014920395,-40.685379037957695,49.297176531825116,0.0014260439403513622,0.005387775024649111,0.0,0.014379305364020687,0.006654649653676179,-0.00016205713539035923
0.9400000000000007,0.21213203435596426,0.22103720598533594,4.4811009215109285,4.438634860458389,0.016419632643841914,-0.21152740270150605,8.528969055440241e-07,0.00016040005720474156,-40.55280487633335,49.43007459725013,0.0013961895451418654,0.005243368080741602,0.0,0.01401915954201618,0.006508423085095849,-0.00015774185069638913
0.9500000000000007,0.21213203435596426,0.22103660125330413,4.614518690315676,4.572984052656627,0.016915533834754276,-0.21148769186100985,8.338254044917994e-07,0.0001568945905253374,-40.41862587564804,49.5645939809613,0.0013649696111261232,0.005093383829680514,0.0,0.013645166363621725,0.006355784465991294,-0.00015325889532656322
0.9600000000000007,0.21213203435596426,0.22103596756885505,4.749456078494278,4.7088934441069386,0.017417094418605908,-0.21144631418190601,8.139308449412712e-07,0.00015323589919812725,-40.28289482337463,49.7006817115885,0.001332402348366409,0.004937942908159086,0.0,0.0132576282564901,0.006196825380777226,-0.0001486118695631742
0.9700000000000008,0.21213203435596426,0.2210353052893394,4.88585923245521,4.8463084568326105,0.017924106635197154,-0.21140324639343067,7.932251899731307e-07,0.00014942668968845988,-40.145666196850165,49.83828311051539,0.001298507340663813,0.00477717200729786,0.0,0.01285686129508288,0.006031643738710454,-0.00014380455650971392
0.9800000000000008,0.21213203435596426,0.22103461480189004,5.023672687597308,4.985172859532931,0.018436356562839276,-0.21135846729503827,7.717212089517064e-07,0.0001454698283196431,-40.006996118352184,49.97734183741806,0.0012633054913361458,0.0046112034828297704,0.0,0.01244319445462497,0.0058603435323629875,-0.00013884091035616636
0.9900000000000008,0.21213203435596426,0.2210338965223814,5.162839413192214,5.125428814431486,0.01895362430945159,-0.2113119578665698,7.494324489711206e-07,0.00014136833394791138,-39.86694230854351,50.117799937406495,0.001226818976508313,0.004440174984460824,0.0,0.012016968939812033,0.005683034638173682,-0.0001337250451900304
1.0000000000000007,0.21213203435596426,0.22103315089448708,5.3033008588991155,5.26701692564981,0.01947568421032396,-0.21126370137551986,7.263732117624977e-07,0.00013712537105459041,-39.72556403836408,50.259597889663695,0.001189071207734436,0.004264229113621332,0.0,0.01157853759719268,0.005499832664204585,-0.0001284612246321462
1.0099999999999996,0.21213203435596426,0.22103237838887124,5.444997002877205,5.409876289026163,0.020002305032208692,-0.21121368348106528,7.025585368537214e-07,0.00013274424343137083,-39.58292207944,50.40267465749232,0.0011500868041679992,0.0040835131162785246,0.0,0.011128264415463596,0.00531085884724942,-0.00012305385250986297
1.0199999999999985,0.21213203435596426,0.22103157950253927,5.587866401460595,5.553944543311561,0.02053325018344443,-0.21116189233451055,6.780041908232855e-07,0.00012822838858567365,-39.43907865307059,50.54696773969372,0.0011098915752596316,0.0038981786152144596,0.0,0.01066652411313826,0.005116239999186446,-0.00011750746470213745
1.0299999999999974,0.21213203435596426,0.2210307547583633,5.731846240359574,5.699157922686668,0.021068277929849263,-0.2111083186757982,6.52726662948097e-07,0.00012358137294808165,-39.29409737784537,50.69241322321869,0.0010685125129138596,0.003708381383750879,0.0,0.010193701809374622,0.004916108499420832,-0.00011182672222684377
1.0399999999999963,0.21213203435596426,0.22102990470478528,5.876872387351588,5.845451310554882,0.021607141616156095,-0.21105295592572457,6.267431661661996e-07,0.00011880688791837493,-39.14804321593465,50.83894583704443,0.0010259777937154948,0.0035142811608420434,0.0,0.009710192770241604,0.004710602328211429,-0.00010601640557098906
1.0499999999999952,0.21213203435596426,0.22102902991569548,6.02287944642443,5.992758294577281,0.02214958989279378,-0.2109958002734994,6.000716429133386e-07,0.00011390874674771458,-39.00098241808934,50.98649900724392,0.000982316788344077,0.003316041505805858,0.0,0.009216402220482266,0.004499865137097647,-0.00010008141021708989
1.059999999999994,0.21213203435596426,0.2210281309904716,6.169800813333559,6.14101122292319,0.02269536694783937,-0.21093685075928292,5.727307756727139e-07,0.00010889088222474817,-38.85298246737946,51.13500491322583,0.0009375600787552293,0.0031138296889517704,0.0,0.008712745208626776,0.004284046346742951,-9.402674326127883e-05
1.069999999999993,0.21213203435596426,0.22102720855416236,6.317568732534639,6.2901412617181665,0.02324421274398944,-0.21087610935133771,5.447400004390874e-07,0.00010375734510700256,-38.704112021695,51.284394545131335,0.0008917394802727913,0.0029078166136736424,0.0,0.008199646512561947,0.004063301265680758,-8.785752098753788e-05
1.0799999999999919,0.21213203435596426,0.22102626325778785,6.4661143554519835,6.440078453676109,0.023795863260408417,-0.21081358101743086,5.161195228788867e-07,9.851230322696022e-05,-38.55444085502953,51.434597762381756,0.0008448880674276454,0.002698176764471887,0.0,0.0076775405722208315,0.0038377912223293087,-8.157896723935436e-05
1.0899999999999908,0.21213203435596426,0.22102529577873298,6.615367800042642,6.590751777905652,0.024350050739318313,-0.21074927379013436,4.868903346728671e-07,9.316004120208829e-05,-38.4040397975635,51.58554335337482,0.000797040201857543,0.002485088174698171,0.0,0.007146871436141217,0.003607683699898445,-7.519641240162124e-05
1.0999999999999897,0.21213203435596426,0.22102430682120114,6.765258211615403,6.742089210883091,0.02490650393719447,-0.21068319882567516,4.570742319162925e-07,8.770496069190609e-05,-38.25298067456382,51.737159096330004,0.0007482315608175958,0.0022687324080142416,0.0,0.0066080927095366945,0.0033731524710144878,-6.871529280963322e-05
1.1099999999999886,0.21213203435596426,0.22102329711670168,6.915713824863398,6.894017788583844,0.02546494838042565,-0.21061537045600456,4.266938307017853e-07,8.215158118561808e-05,-38.10133624411582,51.88937182128351,0.0006984991643994628,0.0020492945473213923,0.0,0.006061667493000916,0.0031343777199163347,-6.21411504055834e-05
1.1199999999999875,0.21213203435596426,0.22102226742453787,7.066662027068187,7.046463669763722,0.026025106625287536,-0.21054580623376556,3.957725834345319e-07,7.650454137332442e-05,-37.9491801337049,52.042107473232335,0.000647881400117039,0.0018269631853093072,0.0,0.005508068301780006,0.0028915461505605007,-5.5479632455208514e-05
1.1299999999999863,0.21213203435596426,0.22102121853227055,7.218029422432789,7.199352200377555,0.026586698522060817,-0.21047452696986102,3.643347910824661e-07,7.076860129258428e-05,-37.796586775667755,52.195291176422856,0.0005964180441143926,0.0016019304115225418,0.0,0.004947776958248112,0.0026448510725720774,-4.8736491177936976e-05
1.1399999999999852,0.21213203435596426,0.2210201512561319,7.36974189750051,7.352607979120096,0.027149441483110617,-0.21040155676334377,3.3240561375910285e-07,6.494864568275207e-05,-37.643631341535546,52.34884729977573,0.0005441502776792063,0.0013743917912276656,0.0,0.004381284451336576,0.002394492462869717,-4.191758314248549e-05
1.1499999999999841,0.21213203435596426,0.221019066441367,7.5217246876157535,7.506154924068912,0.027713050754721316,-0.21032692302337247,3.000110780122053e-07,5.904968944991921e-05,-37.49038967529514,52.50269952343297,0.0004911206979039955,0.0011445463325946135,0.0,0.0038090907591450396,0.002140676999043637,-3.50288683209935e-05
1.159999999999983,0.21213203435596426,0.22101796496248607,7.673902444382501,7.659916340404462,0.0282772396924615,-0.21025065648300317,2.6717808037142343e-07,5.307688709385086e-05,-37.33693822559855,52.65677090640749,0.0004373733228894964,0.0009125964390418179,0.0,0.0032317046324407683,0.001883618062767599,-2.8076408708956365e-05
1.169999999999982,0.21213203435596426,0.22101684772341348,7.826199304075725,7.813814989176884,0.028841720039831126,-0.21017279120461466,2.339343882911983e-07,4.703555001861432e-05,-37.18335397695453,52.810983955308295,0.00038295359029433257,0.0006787478451369027,0.0,0.002649643338657637,0.001623535713403503,-2.1066366451161754e-05
1.1799999999999808,0.21213203435596426,0.22101571565752387,7.978538956960142,7.967773157084103,0.02940620220992346,-0.21009336457679129,2.0030863846317417e-07,4.093118054403413e-05,-37.0297143799408,52.965260694109006,0.0003279083497271289,0.0004432095346352803,0.0,0.0020634323676285427,0.001360656630234378,-1.4005001439302439e-05
1.1899999999999797,0.21213203435596426,0.22101456972755837,8.130844717470696,8.121712727220494,0.029970395569814512,-0.21001241730251713,1.6633033539388608e-07,3.476954429718074e-05,-36.87609728047917,53.11952273492015,0.0002722858487965978,0.00020619364068152714,0.0,0.0014736051014047624,0.0010952140256521989,-6.898668369090621e-06
1.1999999999999786,0.21213203435596426,0.22101341092542123,8.283039595208137,8.275555250750799,0.030534008727376896,-0.20992999337856794,1.3202985767277022e-07,2.855684108399583e-05,-36.72258084821939,53.27369134972099,0.00021613571284504564,-3.208467148837975e-05,0.0,0.0008807024517750229,0.0008274475304868279,2.46186726052501e-07
1.2099999999999775,0.21213203435596426,0.22101224027185548,8.435046366702945,8.429222019459486,0.03109674982019929,-0.20984614006601196,9.743849950130075e-08,2.2300170889056974e-05,-36.56924350408139,53.427687543000374,0.00015950891909682365,-0.00027140733840951415,0.0,0.0002852724696898901,0.0005576030528524047,7.4230304428117515e-06
1.2199999999999764,0.21213203435596426,0.2210110588160029,8.586787647900307,8.582634139122328,0.03165832680628307,-0.2097609078517665,6.258870444176681e-08,1.6009114598159597e-05,-36.416163847007965,53.58143212525265,0.00010245776545072583,-0.0005115535469510889,0.0,-0.00031213006856278813,0.0002859326135789973,1.4625246424141041e-05
1.2299999999999753,0.21213203435596426,0.22100986763485414,8.73818596731821,8.735712603643806,0.032218447756178714,-0.20967435040118315,2.7516240075544662e-08,9.703529714134852e-06,-36.2634205799824,53.73484578727003,4.503583488958192e-05,-0.0007522998959730303,0.0,-0.0009109440935026135,1.2694160711371129e-05,2.1846140172514482e-05
1.2399999999999742,0.21213203435596426,0.22100866783259634,8.889163839830609,8.88837836990156,0.03277682114621987,-0.20958652450166643,7.797544638376224e-09,3.5065742362671975e-06,-36.111092435367866,53.88784917517099,-1.2702045160870464e-05,-0.0009934205683581746,0.0,-0.001510602687544793,-0.00026184863334174067,2.9078944181546233e-05
1.2499999999999731,0.21213203435596426,0.22100746053986847,9.039643841026871,9.040552433237634,0.03333315615251234,-0.2094974899973595,4.3199606518618656e-08,3.436340533916221e-06,-35.95925809962622,54.0403629661015,-7.069984654552917e-05,-0.0012346875117773806,0.0,-0.0021105335385362247,-0.000537426592648638,3.6316823337785925e-05
1.259999999999972,0.21213203435596426,0.22100624691293252,9.18954868209851,9.19215590353529,0.03388716294533686,-0.20940730971495786,7.87502688580941e-08,9.669369706378176e-06,-35.807996137474646,54.19230794454523,-0.0001289003874457758,-0.0014758706252375046,0.0,-0.0027101593971113223,-0.0008137652695152906,4.355288050158962e-05
1.269999999999971,0.21213203435596426,0.22100502813277126,9.338801285203795,9.343110081819452,0.03443855298362811,-0.20931604938074114,1.1439085909173876e-07,1.6057756228343264e-05,-35.657384915539375,54.34360507917829,-0.00018724538211062867,-0.001716737949588847,0.0,-0.0033088985339173537,-0.00109058518871298,5.078016221395886e-05
1.2799999999999698,0.21213203435596426,0.22100380540412187,9.487324859260381,9.493336537319275,0.03498703930920102,-0.20922377752894003,1.5008392394477859e-07,2.2473241478659073e-05,-35.50750252556539,54.49417560020395,-0.00024567549288425624,-0.001957055859550687,0.0,-0.0039061651933457063,-0.001367602099909904,5.799166445550467e-05
1.2899999999999687,0.21213203435596426,0.22100257995445385,9.635042976115775,9.642757184932025,0.03553233684040519,-0.20913056540158054,1.8579232331153182e-07,2.8895209515670994e-05,-35.358426707240426,54.64394107710445,-0.00030413038404640693,-0.002196589255766504,0.0,-0.004501370041148434,-0.0016445272388888638,6.518033840933755e-05
1.2999999999999676,0.21213203435596426,0.22100135303289847,9.78187964704517,9.791294363027772,0.03607416266489716,-0.20903648683997336,2.2147852281128308e-07,3.53133941338327e-05,-35.21023477069146,54.792823496747,-0.000362548777249477,-0.0024351017550520927,0.0,-0.005093920604097418,-0.0019210675935579934,7.233909617705327e-05
1.3099999999999665,0.21213203435596426,0.22100012590913906,9.9277593995258,9.938870911536629,0.03661223633123839,-0.2089416181680444,2.5710450193281014e-07,4.1719892950312384e-05,-35.06300351871033,54.9407453417836,-0.0004208685082786896,-0.0026723558777053094,0.0,-0.005683221700257762,-0.0021969261771126033,7.946081640748352e-05
1.3199999999999654,0.21213203435596426,0.2209988998722643,10.072607354236574,10.085410250260171,0.03714628013903386,-0.20884603806771992,2.9263175669453585e-07,4.8107560252052316e-05,-34.91680916876502,55.08762966928536,-0.0004790265849699953,-0.002908113230986938,0.0,-0.0062686758593505755,-0.0024718023051373415,8.653834981336883e-05
1.3299999999999643,0.21213203435596426,0.22099767622958993,10.216349302231746,10.230836457351549,0.03767601942734776,-0.20874982744660836,3.280213234836398e-07,5.446953644142964e-05,-34.77172727485107,55.23340018955416,-0.0005369592463556671,-0.003142134688032704,0.0,-0.006849683733315309,-0.0027453918776206314,9.356452455351216e-05
1.3399999999999632,0.21213203435596426,0.22099645630545292,10.358911782236664,10.375074347909113,0.038201182861144156,-0.20865306929824298,3.632338106989736e-07,6.079907757318022e-05,-34.62783264923749,55.377981345055716,-0.0005946020227386174,-0.0033741805621680518,0.0,-0.007425644497496911,-0.003017387666432562,0.00010053215147636264
1.3499999999999621,0.21213203435596426,0.22099524143997853,10.500222158013733,10.518049552630169,0.038721502715516776,-0.20855584855516912,3.9822943410374136e-07,6.708948505159834e-05,-34.48519928416012,55.521298389420444,-0.0006518897968862694,-0.003604010776269651,0.0,-0.007995956243365094,-0.0032874796075862242,0.00010743402921466298
1.359999999999961,0.21213203435596426,0.22099403298782075,10.64020869574648,10.659688596472623,0.039236715157488444,-0.20845825193518275,4.329680538393587e-07,7.333407453275448e-05,-34.34390027351428,55.66327746645954,-0.000708756866464847,-0.0038313850277851497,0.0,-0.008560016364241418,-0.0035553550988163527,0.00011426294914887882
1.36999999999996,0.21213203435596426,0.22099283231687603,10.778800641389099,10.799918977273158,0.039746560525174446,-0.20836036778104786,4.6740921260969053e-07,7.952616207073007e-05,-34.20400773459855,55.80384568914485,-0.000765137007828577,-0.00405606294952441,0.0,-0.00911722193538254,-0.003820699304111232,0.00012101170024333718
1.3799999999999588,0.21213203435596426,0.22099164080697087,10.915928297928787,10.938669244271138,0.040250783604119045,-0.20826228589404183,5.015121750833966e-07,8.565905856193719e-05,-34.06559272996019,55.94293121850245,-0.0008209635407885075,-0.004277804267112354,0.0,-0.009666970090153118,-0.004083195463988176,0.00012767307377831662
1.3899999999999577,0.21213203435596426,0.22099045984851917,11.051523102508302,11.075869076488821,0.04074913390062994,-0.20816409736169322,5.352359681975929e-07,9.172606848414531e-05,-33.928725189392665,56.08046334237031,-0.0008761693954677651,-0.004496368953552565,0.0,-0.010208658393960074,-0.004342525214226205,0.00013423986799507813
1.3999999999999566,0.21213203435596426,0.22098929084114918,11.185517703355353,11.211449360917504,0.04124136591194559,-0.20806589438010026,5.685394229781298e-07,9.772049099868128e-05,-33.793473832135696,56.21637255397069,-0.0009306871802572873,-0.0047115173818673365,0.0,-0.010741685217546742,-0.004598368911448028,0.00014070489267933923
1.4099999999999555,0.21213203435596426,0.22098813519229815,11.317846036465898,11.345342270460392,0.0417272393930862,-0.20796777007123368,6.013812167292339e-07,0.00010363562242818342,-33.65990608932759,56.35059063024838,-0.0009844492516608032,-0.004923010476505376,0.0,-0.011265450111250097,-0.004850405967701109,0.0001470609737065253
1.4199999999999544,0.21213203435596426,0.22098699431577273,11.448443401987944,11.477481341582639,0.04220651962025064,-0.20786981829564574,6.337199171498867e-07,0.00010946475958117531,-33.52808802676034,56.48305070992562,-0.001037387786251702,-0.0051306098643607145,0.0,-0.011779354181562288,-0.005098315192964818,0.00015330095757189923
1.4299999999999533,0.21213203435596426,0.2209858696302732,11.57724654025237,11.607801551618008,0.042678977650630015,-0.2077721334610229,6.655140266842436e-07,0.00011520120362569909,-33.3980842679878,56.613687371223804,-0.0010894348539466526,-0.00533407802608806,0.0,-0.012282800471095128,-0.005341775148062566,0.0001594177159289839
1.4399999999999522,0.21213203435596426,0.22098476255788063,11.704193707397174,11.73623939568216,0.04314439057852358,-0.20767481032703675,6.967220293709833e-07,0.00012083826434359584,-33.269957917837736,56.74243670920206,-0.0011405224932766105,-0.005533178448398034,0.0,-0.012775194342922588,-0.005580464504266341,0.00016540415015440108
1.449999999999951,0.21213203435596426,0.22098367452250745,11.829224750531667,11.862732963141616,0.043602541787651036,-0.20757794380696049,7.273024372662963e-07,0.00012636926466352272,-33.143770486378855,56.869236412662076,-0.0011905827891513787,-0.005727675777705802,0.0,-0.013255943869847625,-0.00581406241259807,0.00017125319595209738
1.45999999999995,0.21213203435596426,0.22098260694830954,11.952281182386752,11.98722201358601,0.044053221199561995,-0.20748162876653325,7.572138388810332e-07,0.00013178754540857634,-33.019581813394666,56.99402584056669,-0.001239547951342977,-0.005917335976014988,0.0,-0.013724460229103442,-0.006042248882539714,0.00017695782802322133
1.469999999999949,0.21213203435596426,0.22098156125806223,12.073306255397478,12.109648052252334,0.0444962255180594,-0.2073859598205643,7.864149488432085e-07,0.00013708647022270953,-32.89744999341609,57.11674609792077,-0.0012873503955961455,-0.006101926478729193,0.0,-0.014180158102553969,-0.006264705165866127,0.00018251106479483503
1.4799999999999478,0.21213203435596426,0.22098053887150002,12.192245035164207,12.229954404847115,0.04493135846955444,-0.20729103112778163,8.148646579084747e-07,0.00014225943064435182,-32.777431301365766,57.237340111059986,-0.0013339228260746845,-0.006281216355110656,0.0,-0.014622456082275994,-0.006481114149931749,0.00018790597322417072
1.4899999999999467,0.21213203435596426,0.22097954120362462,12.309044473238423,12.348086291713225,0.04535843103928508,-0.20719693618443988,8.425220843305671e-07,0.00014729985130927182,-32.65958011886712,57.355752702293564,-0.0013791983187619583,-0.006454976471224547,0.0,-0.015050777081298605,-0.006691160756011546,0.00019313567368077004
1.4999999999999456,0.21213203435596426,0.22097856966298018,12.423653479179475,12.463990901286998,0.045777261703335445,-0.20710376761720423,8.693466253161293e-07,0.0001522011952666192,-32.54394886127186,57.47193066384584,-0.0014231104068269836,-0.006622979655296195,0.0,-0.015464548749033857,-0.006894532343620775,0.00019819334489947136
1.5099999999999445,0.21213203435596426,0.2209776256499027,12.536022991828286,12.577617462790228,0.04618767665640047,-0.20701161697584108,8.952980104976278e-07,0.00015695696939214087,-32.430587905460136,57.585822831040616,-0.0014655931666711559,-0.006785000865494411,0.0,-0.015863203890667043,-0.007090919117935064,0.00020307222900760647
1.5199999999999434,0.21213203435596426,0.22097671055474527,12.64610604974438,12.688917318102003,0.046589510035249845,-0.2069205745262443,9.203363542386534e-07,0.00016156072988591252,-32.31954551846753,57.69738015467154,-0.0015065813046874189,-0.0069408173597814695,0.0,-0.01624618088999647,-0.007280014541231762,0.0002077656366130405
1.5299999999999423,0.21213203435596426,0.22097582575608404,12.753857860752433,12.797843992753926,0.04698260413784851,-0.20683072904433092,9.444222091281602e-07,0.0001660060878396005,-32.21086778699389,57.80655577250173,-0.001546010244674631,-0.007090208867682843,0.0,-0.01661292413483224,-0.007461515745994602,0.00021226695195398771
1.5399999999999412,0.21213203435596426,0.22097497261890967,12.859235870544632,12.904353265993278,0.04736680963810218,-0.20674216761134062,9.675166199561144e-07,0.00017028671486197248,-32.10459854784861,57.91330507983517,-0.0015838162157608181,-0.0072329577634365465,0.0,-0.01696288444412864,-0.0076351239483305475,0.00021656963808843426
1.54999999999994,0.21213203435596426,0.22097415249280872,12.962199830285371,13.008403239857047,0.047741985796197,-0.2066549754110721,9.895811769724602e-07,0.00017439634874612763,-32.00077931938746,58.01758579910159,-0.001619936340046538,-0.007368849240489445,0.0,-0.017295519496272276,-0.007800544860559775,0.00022066724212613953
1.559999999999939,0.21213203435596426,0.22097336671014225,13.062711863164795,13.109954407200785,0.04810800066451203,-0.20656923552958778,1.0105780694738123e-06,0.00017832879916589986,-31.8994492339959,58.11935804839747,-0.0016543087198411352,-0.00749767148661418,0.0,-0.017610294257450136,-0.007957489102651054,0.0002245534004802952
1.569999999999938,0.21213203435596426,0.22097261658422218,13.160736529847657,13.208969718625843,0.04846473128908531,-0.2064850287579088,1.0304701387888867e-06,0.00018207795338880302,-31.800644971673727,58.21858440892541,-0.0016868725250516609,-0.007619215859419433,0.0,-0.017906681409800774,-0.008105672609387932,0.00022822184413267524
1.5799999999999368,0.21213203435596426,0.22097190340749712,13.256240892764447,13.305414648248702,0.048812063906620504,-0.20640243339822387,1.0492209310464547e-06,0.00018563778199069312,-31.70440069477597,58.31522999127339,-0.0017175680792868484,-0.0077332770619284435,0.0,-0.018184161778185725,-0.00824481703333961,0.00023166640390060933
1.5899999999999357,0.21213203435596426,0.22097122844974754,13.349194579191924,13.399257258256457,0.04914989413702253,-0.20632152507411822,1.0667947494880619e-06,0.0001890023445596172,-31.610747983964266,58.409262500477176,-0.0017463369448797025,-0.007839653317794935,0.0,-0.018442224755688127,-0.008374650143424544,0.00023488101569609255
1.5999999999999346,0.21213203435596426,0.22097059295629834,13.439569843069489,13.490468262192618,0.04947812717145429,-0.20624237654532465,1.0831567050080564e-06,0.00019216579537867525,-31.519715775423187,58.50065229980843,-0.0017731220069813639,-0.007938146545958556,0.0,-0.018680368726875205,-0.008494906214664562,0.00023785972576637046
1.6099999999999335,0.21213203435596426,0.22096999814625407,13.527341625499648,13.579021086918077,0.04979667795590838,-0.20616505752748468,1.0982727673738432e-06,0.00019512238907359305,-31.431330299395317,58.58937247323146,-0.0017978675558865873,-0.00802856253430501,0.0,-0.018898101488715083,-0.008605326411993084,0.00024059669590742247
1.6199999999999324,0.21213203435596426,0.22096944521075987,13.612487613879214,13.664891933192104,0.05010547137028713,-0.20608963451739232,1.1121098136611743e-06,0.0001978664862175569,-31.345615020088502,58.67539888647271,-0.001820519367628998,-0.008110711112162855,0.0,-0.019094940668801165,-0.008705659163859288,0.00024308620864319416
1.6299999999999313,0.21213203435596426,0.22096893531129505,13.694988299609665,13.748059834819179,0.05040444240298604,-0.20601617062418026,1.1246356769515628e-06,0.0002003925588820993,-31.262590577008673,58.75871024664706,-0.001841024782998789,-0.0081844063216234,0.0,-0.019270414140867168,-0.008795660527170372,0.000245322672368047
1.6399999999999302,0.21213203435596426,0.22096846957800206,13.774827034334036,13.828506716307507,0.05069353632097226,-0.20594472540688846,1.1358191929086569e-06,0.00020269519612752578,-31.182274727770537,58.839288160385536,-0.001859332783621593,-0.00824946658728393,0.0,-0.019424060437320187,-0.008875094540354702,0.00024730062644470004
1.649999999999929,0.21213203435596426,0.22096804910805742,13.85199008464934,13.906217448985508,0.05097270883534792,-0.20587535471883883,1.1456302448145114e-06,0.00020476910942161493,-31.104682292438735,58.917117190409755,-0.0018753940665106818,-0.008305714884457032,0.0,-0.01955542915889447,-0.008943733565642945,0.00024901474625428426
1.659999999999928,0.21213203435596426,0.2209676749640858,13.926466685242248,13.981179905524062,0.051241926262386966,-0.20580811055921475,1.154039807710015e-06,0.0002066091379861163,-31.02982509945107,58.992184910499184,-0.0018891611157312248,-0.008352978905692664,0.0,-0.019664081381394534,-0.009001358618802953,0.00025045984819847106
1.6699999999999269,0.21213203435596426,0.22096734817262467,13.998249090397541,14.053385012811106,0.05150116568002493,-0.20574304093222825,1.1610199904426241e-06,0.00020821025405907235,-30.957711933175222,59.064481958797444,-0.0019005882712529376,-0.008391091225826288,0.0,-0.019749590059721593,-0.009047759685831012,0.0002516308946540817
1.6799999999999258,0.21213203435596426,0.22096706972264005,14.067332623828033,14.122826803127468,0.05175041507978034,-0.20568018971422725,1.166544076066068e-06,0.0002095675680731408,-30.888348483149755,59.13400208940469,-0.0019096317952201178,-0.008419889465199936,0.0,-0.01981154042918125,-0.009082736024812946,0.0002525229988754876
1.6899999999999247,0.21213203435596426,0.22096684056409957,14.133715726775735,14.189502463571669,0.05198967351407505,-0.2056195965290762,1.170586560282326e-06,0.0002106763337413967,-30.82173729506006,59.2007422222034,-0.0019162499348375737,-0.00843921645134619,0.0,-0.019849530404337866,-0.00910609645462147,0.00025313142985097055
1.6999999999999236,0.21213203435596426,0.22096666160660441,14.197400004333941,14.2534123836833,0.052218951238916914,-0.20556129663211226,1.1731231881287012e-06,0.00021153195304956358,-30.75787772349925,59.26470249086584,-0.0019204029825467173,-0.008448920378954618,0.0,-0.019863170975174406,-0.009117659626769463,0.00025345161710457786
1.7099999999999225,0.21213203435596426,0.2209665337180847,14.258390269940378,14.3145602012142,0.052438269851897285,-0.20550532080295406,1.1741309886690363e-06,0.00021212998115084395,-30.696765886563398,59.3258862889918,-0.001922053332626717,-0.008448854968439114,0.0,-0.019852086601368876,-0.009117254282739394,0.00025347915545896653
1.7199999999999214,0.21213203435596426,0.22096645772356063,14.316694587992561,14.372952845997316,0.052647662425445996,-0.20545169524740942,1.1735883070972376e-06,0.0002124661311578818,-30.63839462233065,59.38430031432528,-0.0019211655341825388,-0.008438879622905054,0.0,-0.019815915604049043,-0.009104719494009842,0.0002532098097485701
1.7299999999999203,0.21213203435596426,0.2209664344039732,14.372324314535174,14.42860058186346,0.05284717363527605,-0.20540044150869874,1.171474835494461e-06,0.00021253627883267346,-30.58275344727277,59.439954610999706,-0.001917706340863374,-0.008418859583553815,0.0,-0.019754310555590883,-0.00907990488389983,0.00025263951948668596
1.7399999999999192,0.21213203435596426,0.2209664644950865,14.425294135972317,14.481517046557153,0.0530368598839403,-0.20535157638817775,1.1677716403359812e-06,0.00021233646716787387,-30.52982851664769,59.49286260976199,-0.0019116447567135192,-0.008388666083792812,0.0,-0.01966693866737356,-0.009042670833838336,0.0002517644034918493
1.749999999999918,0.21213203435596426,0.22096654868646523,14.475622105755638,14.531719289602156,0.05321678941940679,-0.20530511187571177,1.1624611889014892e-06,0.0002118629108575141,-30.479602586920965,59.543041166125285,-0.0019029520782956404,-0.008348176501833662,0.0,-0.0195534821754043,-0.008992888669252205,0.0002505807644711788
1.759999999999917,0.21213203435596426,0.22096668762053093,14.523329679000492,14.579227808068989,0.05338704244855129,-0.2052610550898194,1.1555273718005567e-06,0.00021111200065661596,-30.43205498026364,59.59051059640162,-0.0018916019324630416,-0.008297274511887285,0.0,-0.019413638723949977,-0.008930440827072988,0.0002490850935603702
1.7699999999999159,0.21213203435596426,0.2209668818916968,14.568441744983616,14.624066580195885,0.053547711245446813,-0.20521940822766577,1.1469555236637754e-06,0.00021008030762267825,-30.38716155117394,59.6352947115657,-0.0018775703104679316,-0.0082358502339178,0.0,-0.019247121747082506,-0.008855221004098659,0.0002472740748203349
1.7799999999999148,0.21213203435596426,0.2209671320455871,14.610986657475197,14.66626309681614,0.05369890025432093,-0.20518016852495374,1.1367324419621645e-06,0.0002087645872380585,-30.34489465526938,59.677420848901654,-0.001860835597769584,-0.008163800381975088,0.0,-0.019053660847775288,-0.008767134284702695,0.0002451445896907952
1.7899999999999137,0.21213203435596426,0.22096743857834117,14.650996262858804,14.705848390544695,0.05384072618703466,-0.20514332822572062,1.1248464021436589e-06,0.0002071617834109664,-30.30522312029554,59.71691990138493,-0.0018413785993642742,-0.008081028410984686,0.0,-0.018833002175024253,-0.008666097248390922,0.00024269372140031003
1.7999999999999126,0.21213203435596426,0.22096780193600618,14.688505925994317,14.742857062677453,0.05397331811492333,-0.20510887456201243,1.1112871702497526e-06,0.00020526903234837008,-30.268112219397526,59.75382634475245,-0.001819182560726051,-0.007987444662129565,0.0,-0.018584908798181247,-0.008552038056414904,0.00023991875933068258
1.8099999999999115,0.21213203435596426,0.22096822251401835,14.72355455377802,14.777327307757217,0.054096817554824275,-0.20507678974336607,1.096046013448393e-06,0.00020308366629998378,-30.23352364669948,59.788178262213926,-0.0017942331844982883,-0.007882966506389906,0.0,-0.01830916107869831,-0.008424896516506847,0.0002368172033293797
1.8199999999999104,0.21213203435596426,0.2209687006567778,14.756184616355219,14.809300935761092,0.054211378549104086,-0.20504705095599499,1.0791157067589697e-06,0.00020060321717050173,-30.201415495236844,59.82001736675903,-0.0017665186422999033,-0.00776751848661887,0.0,-0.018005557038971057,-0.008284624126571051,0.00023338676797652268
1.8299999999999093,0.21213203435596426,0.22096923665731655,14.7864421659421,14.838823391863965,0.05431716773947967,-0.20501963037152904,1.0604905381872132e-06,0.00019782541999260617,-30.171742237286026,59.84938902101394,-0.0017360295818243554,-0.00764103245771313,0.0,-0.017673912728202165,-0.008131184095482536,0.00022962538679501825
1.8399999999999082,0.21213203435596426,0.22096983075706247,14.814376853212474,14.865943773734383,0.0544143644344177,-0.20499449516512197,1.040166309619114e-06,0.00019474821626271348,-30.144454707135004,59.876342254603735,-0.0017027591295876445,-0.007503447724871295,0.0,-0.017314062584753074,-0.007964551342146808,0.00022553121640470192
1.849999999999907,0.21213203435596426,0.22097048314569998,14.840041941207437,14.8907148463185,0.05450316066987797,-0.20497160754269733,1.0181403356259232e-06,0.00019136975713098848,-30.119500086338395,59.900929778975396,-0.001666702888460201,-0.007354711179959334,0.0,-0.0169258597951177,-0.007784712471566157,0.00022110264061943143
1.859999999999906,0.21213203435596426,0.22097119396113,14.863494316724946,14.913193054069652,0.05458376126315709,-0.2049509247770646,9.944114391714901e-07,0.0001876884064470036,-30.096821891499513,59.92320799963883,-0.0016278589306060551,-0.0071947774356465,0.0,-0.016509176648920956,-0.007591665728324692,0.00021633827447774663
1.8699999999999048,0.21213203435596426,0.22097196328952767,14.884794499148402,14.933438530580851,0.05465638385957132,-0.2049323992525915,9.689799443115104e-07,0.00018370274365530349,-30.076359964621336,59.94323702578306,-0.0015862277855875613,-0.007023608957433087,0.0,-0.01606390489008807,-0.007385420927619146,0.0002112369682097393
1.8799999999999037,0.21213203435596426,0.22097279116550184,14.904006646673153,14.951515105578869,0.0547212589717084,-0.20491597851808363,9.418476658701754e-07,0.0001794115665390591,-30.058050466068075,59.96108067722582,-0.0015418124233430698,-0.006841176193358082,0.0,-0.015589956063657262,-0.007165999362911935,0.00020579781113588754
1.8899999999999026,0.21213203435596426,0.22097367757235395,14.921198559890506,14.967490309238801,0.05477863001096239,-0.2049016053474758,9.130178958706847e-07,0.0001748138938099142,-30.041825870177743,59.976806488655356,-0.0014946182326609331,-0.006647457701171941,0.0,-0.015087261858132053,-0.006933433691268983,0.0002000201354901163
1.8999999999999015,0.21213203435596426,0.22097462244243782,14.936441682689843,14.9814353737795,0.054828753311057465,-0.20488921780790015,8.824953884345412e-07,0.00016990896754324737,-30.027614963565977,59.990485711124975,-0.0014446529947554573,-0.006442440273059463,0.0,-0.014555774443198487,-0.006687767795739251,0.00019390352016866402
1.9099999999999004,0.21213203435596426,0.22097562565761966,14.949811100440094,14.9934252323,0.05487189814325184,-0.2048787493346566,8.502863390653753e-07,0.00016469625545494876,-30.015342846160355,60.002193310760376,-0.0013919268516521882,-0.0062261190578292115,0.0,-0.013995466802538391,-0.006429056626260895,0.00018744779440309673
1.9199999999998993,0.21213203435596426,0.22097668704983808,14.961385535412296,15.003538514819109,0.054908346722907106,-0.20487012881257016,8.163983638465637e-07,0.00015917545302159502,-30.004930935003742,60.01200796464196,-0.0013364522702858108,-0.005998497680148245,0.0,-0.013406333061636118,-0.0061573660171270785,0.00018065304134701676
1.9299999999998982,0.21213203435596426,0.2209778064017628,14.971247339406142,15.01185754148022,0.054938394207095745,-0.20486328066317963,7.808404741268086e-07,0.00015334648544112906,-29.99629697086458,60.02001205382501,-0.0012782440021198269,-0.0057595883572318565,0.0,-0.012788388810221242,-0.005872772484520058,0.00017351960158444447
1.9399999999998971,0.21213203435596426,0.22097898344755107,14.979482483543462,15.018468312884705,0.05496234868291275,-0.20485812493716465,7.43623049060101e-07,0.0001472095094363092,-29.98935502769109,60.02629165346052,-0.0012173190371557333,-0.005509412012604016,0.0,-0.012141671419510372,-0.005575363001543562,0.0001660480765512757
1.949999999999896,0.21213203435596426,0.22098021787369992,14.986180545192974,15.023460497518233,0.05498053114615031,-0.20485457741138,7.047578048005917e-07,0.0001407649149010713,-29.98401552494571,60.03093651998216,-0.0011536965547616484,-0.005247998386780598,0.0,-0.011466240353686133,-0.005265234753370102,0.00015823933186451012
1.959999999999895,0.21213203435596426,0.22098150931999347,14.991434691991742,15.026927416234818,0.05499327546998699,-0.20485254968983052,6.642577620357041e-07,0.00013401332638810255,-29.980185242855246,60.0340400753249,-0.0010873978693993257,-0.004975386145061085,0.0,-0.01076217747577156,-0.004942494871525256,0.00015009450056635473
1.9699999999998938,0.21213203435596426,0.22098285738053994,14.995341662928215,15.028966023765056,0.055000928363338836,-0.20485194930788167,6.2213721025766e-07,0.0001269556044444276,-29.9777673406113,60.0356993881414,-0.001018446372203725,-0.0046916229824027975,0.0,-0.010029587347600616,-0.004607260151349138,0.0001416149862775797
1.9799999999998927,0.21213203435596426,0.2209842616048996,14.998001746453527,15.02967688721479,0.055003849318513515,-0.20485267983897343,5.784116694623909e-07,0.00011959284679328498,-29.976661377554933,60.036015151984536,-0.0009468674688604205,-0.004396765724950843,0.0,-0.009268597523804807,-0.004259656747695997,0.00013280246625435352
1.9899999999998916,0.21213203435596426,0.2209857214992977,14.999518755589555,15.029164161522907,0.0550024105478087,-0.20485464100306702,5.330978501659925e-07,0.00011192638936464812,-29.97676333737842,60.03509166042423,-0.0008726885132337832,-0.004090880428598925,0.0,-0.008479358839768952,-0.003899819856214739,0.00012365889435417667
1.9999999999998905,0.21213203435596426,0.2209872365279201,15.000000000000012,15.0275355618463,0.05499699690868913,-0.20485772877602773,4.862136111446399e-07,0.00010395780718099637,-29.97796565537632,60.033036779068944,-0.0007959387377637239,-0.003774042474279536,0.0,-0.007662045692991492,-0.0035278933758288843,0.0001141865039036921
2.0099999999998897,0.21213203435596426,0.2209888039874244,14.999537364671857,15.024901617206455,0.054988002683977646,-0.204861834045825,4.379270624813284e-07,9.575533401849288e-05,-29.98015856285221,60.029961797265116,-0.0007168932127091468,-0.003446956270597833,0.0,-0.0068746859492919005,-0.0031471651998397,0.00010440030318818814
2.0199999999998886,0.21213203435596426,0.2209903985507164,14.998149487224927,15.021367404463817,0.05497579652440725,-0.20486683003383305,3.8987003944948303e-07,8.763798946547226e-05,-29.98324410901076,60.02597891793839,-0.0006382227768928748,-0.0031161356065162603,0.0,-0.006206934725167063,-0.0027800846974867168,9.447102088211235e-05
2.0299999999998875,0.21213203435596426,0.22099196480160582,14.995836453270039,15.017023333107753,0.05496068650745571,-0.20487257367813624,3.45028983252709e-07,7.994515893533776e-05,-29.987147476969415,60.0211941431849,-0.000564816130678433,-0.0027950516873298465,0.0,-0.005665118876458512,-0.0024530209603338673,8.478821186005077e-05
2.0399999999998863,0.21213203435596426,0.22099343582029934,14.992598405486014,15.011943137191391,0.05494291799653005,-0.20487892628986354,3.0618326681571173e-07,7.295793512455913e-05,-29.991813762576868,60.01570003695968,-0.0005012231498500738,-0.002499317229293723,0.0,-0.005251311991466184,-0.0021849462993493722,7.581980485273207e-05
2.0499999999998852,0.21213203435596426,0.22099474852297316,14.988435543610898,15.006183221253703,0.05492267545400202,-0.2048857696271425,2.752657687800017e-07,6.689345764940879e-05,-29.997204312310938,60.009570754818355,-0.0004506081153868441,-0.0022429155535036178,0.0,-0.004964310197904524,-0.001986528874382283,6.799375144335243e-05
2.059999999999884,0.21213203435596426,0.2209958527803689,14.983348124429613,14.99978264775277,0.05490008485721368,-0.20489301508053714,2.532719085472226e-07,6.190283651845369e-05,-30.003294169912504,60.002859465418034,-0.00041460091439236786,-0.002036150001194101,0.0,-0.004799514565433484,-0.001861157621650493,6.163168586297204e-05
2.069999999999883,0.21213203435596426,0.22099671548315775,14.977336461758146,14.992763732217918,0.05487521691470573,-0.2049006071804273,2.4038310008445094e-07,5.807242090959235e-05,-30.010070337092998,59.99559780152884,-0.0003934990876553182,-0.001884945647778333,0.0,-0.004748889565038956,-0.0018065789532771504,5.692459287009949e-05
2.079999999999882,0.21213203435596426,0.22099732110748463,14.97040092642416,14.985133193712219,0.05484809131810388,-0.20490852304246793,2.3615407712630828e-07,5.5427945876464796e-05,-30.017530463727006,59.987796851151444,-0.0003865742667294236,-0.0017910127233162002,0.0,-0.004801175846346537,-0.0018165346129874682,5.393573686956549e-05
2.089999999999881,0.21213203435596426,0.22099767016724753,14.96254194624415,14.976883783077161,0.054818682129752355,-0.20491676922328417,2.3969823984624513e-07,5.39409465946885e-05,-30.025681654965382,59.979449221119715,-0.00039237535786581254,-0.0017524640081102826,0.0,-0.004942374108578448,-0.0018821631170960575,5.2618261843818685e-05
2.0999999999998797,0.21213203435596426,0.22099777659078687,14.953760005997031,14.967996289187008,0.054786924231593634,-0.2049253771286342,2.4984619680274445e-07,5.353676431261962e-05,-30.034539203076335,59.97053178145035,-0.00040898800466670663,-0.0017646073591777848,0.0,-0.005156438109702008,-0.00199311155891206,5.283871346678511e-05
2.1099999999998786,0.21213203435596426,0.22099766470839755,14.94405564739424,14.95844180880317,0.054752720612802674,-0.20493439777660966,2.6527235548765885e-07,5.410349182963958e-05,-30.04412516526681,59.96100878287316,-0.0004342419244248847,-0.0018207487841522822,0.0,-0.005426087148627049,-0.002138385655057058,5.4401243694240477e-05
2.1199999999998775,0.21213203435596426,0.2209973662566247,14.933429469046335,14.948184160043908,0.05471595017743505,-0.204943896441307,2.845928107143703e-07,5.5501311005891155e-05,-30.05446679321476,59.95083511330258,-0.0004658713162693759,-0.0019129236696198296,0.0,-0.005733649631579081,-0.0023069912033478446,5.7069824336227844e-05
2.1299999999998764,0.21213203435596426,0.2209969176114862,14.921882126426043,14.937182322429203,0.05467647571119985,-0.20495394750426396,3.0644020080869313e-07,5.757180209820299e-05,-30.065594871631152,59.93995951648959,-0.0005016375124630859,-0.0020325247542801704,0.0,-0.006061864668784294,-0.0024884180976460094,6.058741078174272e-05
2.1399999999998753,0.21213203435596426,0.22099635734430187,14.909414331827854,14.925392796371833,0.05463415164976569,-0.20496462971195972,3.295208014758281e-07,6.0146891679872906e-05,-30.077542046598623,59.92832763934228,-0.00053942247878449,-0.002170822582220179,0.0,-0.006394588686059892,-0.0026730056081415757,6.469187136647842e-05
2.1499999999998742,0.21213203435596426,0.2209957241300964,14.896026854324067,14.912771789949867,0.054588831327269646,-0.204976021958932,3.5265775675857406e-07,6.3057145961207e-05,-30.09034122740353,59.91588480730327,-0.0005772995747830192,-0.0023193857875718348,0.0,-0.006717373570208756,-0.0028522139926525215,6.912888267567386e-05
2.159999999999873,0.21213203435596426,0.22099505500923186,14.881720519717351,14.899277158936265,0.054540373440646425,-0.2049881996688791,3.7482294590033044e-07,6.613914695749493e-05,-30.10402413569348,59.90257845356601,-0.0006135856987440631,-0.0024704115340421487,0.0,-0.007017899496289349,-0.003018816816773189,7.366209864164016e-05
2.169999999999872,0.21213203435596426,0.2209943839920206,14.86649621048982,14.884870045721641,0.054488647532733206,-0.2050012318159728,3.951589515562015e-07,6.924173902172095e-05,-30.118620059206265,59.88836015064956,-0.0006468772276260927,-0.002616975563082571,0.0,-0.007286258611483358,-0.003167021773708214,7.808088199510014e-05
2.179999999999871,0.21213203435596426,0.22099374099288152,14.850354865748576,14.86951618258784,0.05443353836706018,-0.20501517860605004,4.1299198933015577e-07,7.223100301666498e-05,-30.134154848397284,59.87318721357296,-0.0006760711675711819,-0.0027532094580073043,0.0,-0.007515095359498085,-0.003292524868110377,8.220583168159671e-05
2.18999999999987,0.21213203435596426,0.2209931510790694,14.833297481167797,14.853186843709018,0.05437494913435986,-0.20503008981730503,4.278364370533581e-07,7.49938912434995e-05,-30.150650175807026,59.85702386322507,-0.0007003725588342483,-0.0028744113098299476,0.0,-0.007699615961982827,-0.0033925025175695015,8.589229495927272e-05
2.1999999999998687,0.21213203435596426,0.22099263401646124,14.815325108927308,14.835859447480116,0.05431280349156947,-0.20504600378066318,4.3939163137132665e-07,7.744052671721283e-05,-30.16812306150585,59.83984195646609,-0.0007192892262902762,-0.002977095422332147,0.0,-0.007837484025761145,-0.0034655472812587613,8.903203376209109e-05
2.2099999999998676,0.21213203435596426,0.2209922040907453,14.796438857647686,14.817517825740554,0.054247046486326875,-0.20506294696116098,4.4753176546696517e-07,7.95052302474717e-05,-30.186585654148242,59.821621305629364,-0.0007326152388070268,-0.003058986941750625,0.0,-0.007928621929831531,-0.0035115546413515795,9.155322030245756e-05
2.2199999999998665,0.21213203435596426,0.22099187017716895,14.776639892321878,14.798152188814797,0.05417764446255875,-0.20508093408430556,4.522899232707003e-07,8.114638676947228e-05,-30.206045246274925,59.802349623904526,-0.0007404047713830558,-0.003118968042400262,0.0,-0.007974938959239236,-0.0035315698772326633,9.341895824204013e-05
2.2299999999998654,0.21213203435596426,0.22099163602666133,14.755929434243324,14.777758824838857,0.0541045840753127,-0.20509996873665726,4.5383746160484007e-07,8.234529865697639e-05,-30.226504494453472,59.78202214413121,-0.0007429383529996562,-0.0031569832062501766,0.0,-0.007980007377795317,-0.003527605216951452,9.462455288381267e-05
2.2399999999998643,0.21213203435596426,0.22099150073154677,14.73430876093063,14.756339578541697,0.05402787056560861,-0.20512004435872933,4.524600627088864e-07,8.310419887970067e-05,-30.24796180944151,59.7606409665249,-0.0007406836633074097,-0.0031739119285998764,0.0,-0.007948706979678906,-0.003502437976083626,9.519377830811617e-05
2.249999999999863,0.21213203435596426,0.2209914593308529,14.71177920604877,14.73390115857815,0.053947525459236104,-0.20514114554132012,4.485318117649489e-07,8.344361146380982e-05,-30.27041187852923,59.73821419568552,-0.0007342530980854597,-0.0031714176765266743,0.0,-0.007886857291526935,-0.0034594002668037974,9.517440526145317e-05
2.259999999999862,0.21213203435596426,0.2209915035137636,14.688342159326815,14.710454323853106,0.053863583857881175,-0.20516324953377685,4.4248861466746195e-07,8.339925158898794e-05,-30.29384628128354,59.71475492898973,-0.0007243602536175264,-0.0031517820349128427,0.0,-0.007800854657970987,-0.0034021701793348026,9.463325807569802e-05
2.269999999999861,0.21213203435596426,0.22099162238017195,14.663999066472206,14.68601299829611,0.05377609148768073,-0.2051863278742741,4.348021630123566e-07,8.301865379550516e-05,-30.31825416078104,59.69028015737327,-0.0007117773069411191,-0.0031177326769325437,0.0,-0.007697329067053184,-0.003334573203286457,9.365106113943607e-05
2.27999999999986,0.21213203435596426,0.22099180321944165,14.638751429081571,14.660593360574158,0.05368510166042843,-0.20521034805752336,4.25955494643862e-07,8.235770541029831e-05,-30.343622914782834,59.664809635931135,-0.0006972950094313099,-0.003072273131846392,0.0,-0.007582832894994849,-0.003260401214502175,9.231731654327728e-05
2.289999999999859,0.21213203435596426,0.22099203227213518,14.612600804548114,14.634212950637096,0.053590672287420274,-0.20523527516377577,4.1642101297707816e-07,8.147724480076323e-05,-30.36993887486897,59.63836477614316,-0.0006816867034935657,-0.003018521356651246,0.0,-0.007463570903458607,-0.0031832547184852326,9.072542632782884e-05
2.2999999999998577,0.21213203435596426,0.22099229544429524,14.585548805965539,14.606889829171232,0.05349286306664641,-0.20526107338380478,4.0664161298793944e-07,8.043986190949463e-05,-30.397187946014288,59.610967604356766,-0.0006656774264901844,-0.0029595629381089566,0.0,-0.007345177938780906,-0.0031064123494239336,8.89682378923206e-05
2.3099999999998566,0.21213203435596426,0.22099257894948302,14.557597102028543,14.578641819386167,0.05339173294198911,-0.2052877073869617,3.970153527851364e-07,7.93070131945657e-05,-30.425356184154946,59.58263982292726,-0.0006499188184029691,-0.0028983234381003524,0.0,-0.007232547977428596,-0.0030327299431674327,8.713415199441519e-05
2.3199999999998555,0.21213203435596426,0.22099286985984204,14.52874741692989,14.549485853466793,0.0532873379095556,-0.2053151434926365,3.878839012996851e-07,7.81365360605581e-05,-30.45443029468374,59.55340200161735,-0.0006349702094663133,-0.0028374630342417567,0.0,-0.007129715543726644,-0.002964569938132086,8.53038919883978e-05
2.3299999999998544,0.21213203435596426,0.2209931565536244,14.499001530254047,14.519437438839532,0.05317972922241383,-0.20534335061882447,3.7952479852858714e-07,7.698062045079267e-05,-30.4843980402614,59.523272917940474,-0.0006212859504785175,-0.0027792952678879317,0.0,-0.007039788178396086,-0.0029037604487587776,8.354799259678342e-05
2.3399999999998533,0.21213203435596426,0.22099342905258196,14.468361276867427,14.48851025244707,0.05306895202185248,-0.20537230099436704,3.721473981794383e-07,7.58842686903163e-05,-30.515248551605143,59.4922690564993,-0.0006092087703278359,-0.0027257304545629498,0.0,-0.0069649266287988044,-0.0028515821575400353,8.192502848773771e-05
2.349999999999852,0.21213203435596426,0.2209936792481608,14.436828546805183,14.456715864769855,0.05295504440175748,-0.20540197063330934,3.6589221869070264e-07,7.488424996183271e-05,-30.546972539817176,59.460404269356886,-0.0005989687121987139,-0.0026782431836197057,0.0,-0.006906367806100376,-0.002808780197539294,8.04805686371495e-05
2.359999999999851,0.21213203435596426,0.22099390102033772,14.404405285154636,14.42406358958592,0.05283803689348211,-0.20543233958028578,3.6083331452806505e-07,7.40085337919242e-05,-30.57956241318173,59.42768959235358,-0.0005906870147517768,-0.00263786236936456,0.0,-0.006864484336102495,-0.002775597474371483,7.924681299643083e-05
2.36999999999985,0.21213203435596426,0.22099409025707314,14.371093491935294,14.390560450586245,0.05271795234223994,-0.20546339194463015,3.569831986631487e-07,7.327616827607746e-05,-30.613012305071138,59.39413320624363,-0.0005843841697283374,-0.002605181535808255,0.0,-0.006838873721198764,-0.0027518253895475694,7.824284400913427e-05
2.379999999999849,0.21213203435596426,0.2209942447856385,14.336895221975476,14.356211252058284,0.052594806132901586,-0.2054951157478377,3.5429979525541827e-07,7.269755388392973e-05,-30.647318022580787,59.35974052669736,-0.0005799913030309906,-0.0025803864339650614,0.0,-0.006828469716610132,-0.0027368676775317053,7.747540742450974e-05
2.389999999999848,0.21213203435596426,0.2209943642294744,14.301812584785559,14.321018737967973,0.052468606713315116,-0.20552750261401284,3.5269487826876215e-07,7.227505277800315e-05,-30.68247692772105,59.32451440365699,-0.0005773639881524836,-0.002563296702593119,0.0,-0.006831668475136698,-0.002729813033210563,7.694012464401782e-05
2.3999999999998467,0.21213203435596426,0.22099444980575447,14.265847744427862,14.284983821903968,0.052339356356884345,-0.20556054733604695,3.5204345387777056e-07,7.200386661927777e-05,-30.718487764432336,59.288455408240274,-0.0005762976058630507,-0.0025534180849044953,0.0,-0.006846462288237353,-0.0027295123585067927,7.66230323208547e-05
2.4099999999998456,0.21213203435596426,0.22099450407951066,14.229002919383145,14.248105869459108,0.05220705210301459,-0.20559424735157833,3.52193571878938e-07,7.18731126437617e-05,-30.755350445386874,59.2515621843051,-0.0005765434065840544,-0.00255000168836327,0.0,-0.006870574298436691,-0.002734656769913877,7.650234369125684e-05
2.4199999999998445,0.21213203435596426,0.22099453069010216,14.191280382413774,14.210383014625705,0.052071686813890475,-0.2056286021624779,3.529760954492263e-07,7.186702799295796e-05,-30.793065812559696,59.213831841811114,-0.0005778245035018674,-0.0025521069022421943,0.0,-0.0069015883204130695,-0.002743852944972345,7.65503295067311e-05
2.4299999999998434,0.21213203435596426,0.22099453406506314,14.152682460423515,14.171812492570728,0.05193325028854795,-0.20566361272986863,3.5421401696920803e-07,7.196623543644247e-05,-30.8316353849716,59.17526037011307,-0.0005798511240145707,-0.0025586648442588174,0.0,-0.006937068828516009,-0.0027556929161429407,7.673522378084297e-05
2.4399999999998423,0.21213203435596426,0.22099451913507692,14.113211534314011,14.132390972600398,0.051791730379906045,-0.2056992808738013,3.5573097750633477e-07,7.21490091933902e-05,-30.87106110592612,59.13584305112693,-0.0005823345571257864,-0.0025685395663802347,0.0,-0.006974667188548805,-0.002768816012648133,7.702307007148702e-05
2.449999999999841,0.21213203435596426,0.22099449106210103,14.07287003883791,14.09211487708344,0.05164711406687357,-0.20573560870291852,3.5735872454783004e-07,7.239248702235866e-05,-30.911345100587393,59.09557485475428,-0.0005849993621692124,-0.002580584681783061,0.0,-0.007012211274105983,-0.002781961258067882,7.737943677737689e-05
2.45999999999984,0.21213203435596426,0.2209944549906467,14.031660462448674,14.050980674429434,0.05149938844135002,-0.20577259809503284,3.5894331686814315e-07,7.267378354964091e-05,-30.95248945298771,59.05445080184659,-0.0005875935274875519,-0.002593693555539202,0.0,-0.0070477766647455125,-0.002794009151401932,7.777094425213287e-05
2.469999999999839,0.21213203435596426,0.22099441583000978,13.989585347147095,14.008985136772248,0.0513485415784251,-0.20581025024477284,3.603499667191397e-07,7.297096944259857e-05,-30.994496009620132,59.01246628316463,-0.0005898963963747798,-0.0026068417006565596,0.0,-0.007079738627191466,-0.0028040123360516707,7.816656147034402e-05
2.479999999999838,0.21213203435596426,0.22099437807298908,13.946647288324474,13.966125555648848,0.051194563266885124,-0.20584856528958403,3.614664751538435e-07,7.326389099597563e-05,-31.037366214768987,58.96961732606668,-0.000591724291810764,-0.002619120519238248,0.0,-0.00710680499862678,-0.002811215199062329,7.853864497955676e-05
2.489999999999837,0.21213203435596426,0.22099434565439338,13.902848934602533,13.922399911571468,0.051037445585849994,-0.2058875420206014,3.622052872848616e-07,7.353481455387558e-05,-31.08110098075071,58.92590080389364,-0.0005929338804448958,-0.002629762001163763,0.0,-0.007128030890435029,-0.0028150629073068864,7.886370712673185e-05
2.4999999999998357,0.21213203435596426,0.22099432185054538,13.85819298767004,13.877806995855149,0.05087718332162512,-0.2059271776804611,3.6250424491846976e-07,7.37688895208499e-05,-31.12570059436347,58.88131458607377,-0.0005934234059261404,-0.0026381544257811167,0.0,-0.007142816795509091,-0.002815200777005493,7.912291370338145e-05
2.5099999999998346,0.21213203435596426,0.22099430921909263,13.812682202116152,13.832346485298924,0.05071377422636909,-0.20596746784611591,3.6232616630145337e-07,7.395443220366219e-05,-31.171164659141496,58.83585762973935,-0.0005931319984427817,-0.002643849489458371,0.0,-0.007150892197024768,-0.002811465177984118,7.930232263718297e-05
2.5199999999998335,0.21213203435596426,0.22099430957680188,13.766319385260495,13.786018972256569,0.05054721912671299,-0.20600840639130097,3.6165740798280475e-07,7.40830400940243e-05,-31.217492071532085,58.789530016045234,-0.0005920373224986802,-0.0026465615968111296,0.0,-0.007152287140763139,-0.002803867387356161,7.939288501767334e-05
2.5299999999998324,0.21213203435596426,0.22099432401167243,13.71910739698,13.738825954227893,0.0503775218958676,-0.20604998552052228,3.60505598427266e-07,7.4149552279282e-05,-31.264681027895595,58.742332936351374,-0.0005901518659311264,-0.002646160297094096,0.0,-0.007147294446187323,-0.0027925719374620375,7.93902372609972e-05
2.5399999999998313,0.21213203435596426,0.22099435292468433,13.671049149532497,13.69076978832629,0.05020468930692622,-0.20609219586436295,3.588967381875198e-07,7.415187634106557e-05,-31.312729058290522,58.69426863494311,-0.0005875181927421446,-0.002642657021548249,0.0,-0.007136425306434514,-0.0027778710527603815,7.929431866454724e-05
2.54999999999983,0.21213203435596426,0.220994396095803,13.622147607377057,13.64185361682538,0.050028730787983186,-0.20613502662452143,3.568718687068563e-07,7.409070533682184e-05,-31.3616330823548,58.64534031600557,-0.0005842034889561038,-0.0026361873790465644,0.0,-0.007120360974058831,-0.0027601567390203555,7.910885185641598e-05
2.559999999999829,0.21213203435596426,0.22099445276847393,13.57240578699115,13.592081270467597,0.049849658101371944,-0.20617846575628013,3.5448350218155816e-07,7.396915029597308e-05,-31.411389482222027,58.595552023157225,-0.0005802937196227126,-0.0026269903055141206,0.0,-0.007099903069038102,-0.0027398920041568037,7.884072497539865e-05
2.569999999999828,0.21213203435596426,0.22099452174675807,13.521826756684565,13.541457156353916,0.04966748496985968,-0.2062225001760164,3.517919968855113e-07,7.379231418604113e-05,-31.461994187300448,58.54490850000828,-0.0005758876942582042,-0.0026153853385061728,0.0,-0.007075924795505732,-0.0027175825444634544,7.849931386937787e-05
2.579999999999827,0.21213203435596426,0.22099460149942213,13.470413636410129,13.489986137062656,0.04948222667213027,-0.2062671159818169,3.4886203745932987e-07,7.356683265445506e-05,-31.51344276586549,58.4934150399908,-0.0005710913042400329,-0.0026017492146375673,0.0,-0.007049325036956088,-0.002693750047506378,7.809578052289136e-05
2.5899999999998258,0.21213203435596426,0.22099469026569632,13.418169597571294,13.43767340721144,0.04929389962849644,-0.20631229867617387,3.457593575366125e-07,7.330040519696781e-05,-31.565730518740207,58.44107733316309,-0.0005660121590812916,-0.002586492870460723,0.0,-0.007020986937556667,-0.0026689080575368665,7.764238053608638e-05
2.5999999999998247,0.21213203435596426,0.22099478615797996,13.365097862826454,13.384524373030102,0.04910252099566699,-0.2063580333810181,3.425478166096692e-07,7.30013379397496e-05,-31.618852570823464,58.38790131688368,-0.0005607548002556944,-0.0025700397795743153,0.0,-0.006991742190354161,-0.002643541121445644,7.715180811136539e-05
2.6099999999998236,0.21213203435596426,0.22099488725748073,13.311201705890205,13.330544539706638,0.048908108286734905,-0.2064043050368854,3.392869122812788e-07,7.267811614660816e-05,-31.67280395683339,58.333893036246664,-0.0005554166283828064,-0.0025528063875866445,0.0,-0.0069623418613996724,-0.002618087707129932,7.663660193522468e-05
2.6199999999998225,0.21213203435596426,0.22099499169956072,13.25648445133138,13.275739410358456,0.04871067902952812,-0.206451098579715,3.3602978026885495e-07,7.233902109362557e-05,-31.727579698321517,58.279058519038436,-0.0005500846299156663,-0.0025351852252824235,0.0,-0.006933434199522646,-0.0025929271667375527,7.610862991350058e-05
2.6299999999998214,0.21213203435596426,0.2209950977463977,13.20094947436798,13.220114399516076,0.048510250473243643,-0.2064983990905572,3.328217103570996e-07,7.199180227059416e-05,-31.78317486974395,58.2234036687761,-0.0005448329467390093,-0.00251753109470207,0.0,-0.006905549528633019,-0.002568370808063037,7.55786651571974e-05
2.6399999999998203,0.21213203435596426,0.22099520384539761,13.144600200658973,13.163674763036845,0.04830683935003435,-0.20654619191521983,3.296991766215421e-07,7.164341217336975e-05,-31.83958465211131,58.16693417818499,-0.0005397212895686477,-0.0025001505444591106,0.0,-0.006879092006078458,-0.0025446569577646837,7.505606022964714e-05
2.649999999999819,0.21213203435596426,0.22099530867259773,13.087440106092997,13.106425545432243,0.048100461695075813,-0.2065944627525561,3.266893630384913e-07,7.129980739158645e-05,-31.896804373448706,58.10965546431319,-0.0005347941605730176,-0.002483294683360625,0.0,-0.006854337763837948,-0.0025219497414533526,7.454852160476031e-05
2.659999999999818,0.21213203435596426,0.22099541116102978,13.02947271657393,13.048371544729207,0.04789113272572318,-0.20664319771161055,3.2381014306156746e-07,7.096581641070221e-05,-31.954829535953305,58.051572625411715,-0.0005300808197356334,-0.002467155233250995,0.0,-0.0068314387360001215,-0.0025003411800854198,7.406198178273717e-05
2.669999999999817,0.21213203435596426,0.22099551051466104,12.97070160780341,12.989517294224175,0.047678866777784365,-0.20669238333915924,3.210704587977259e-07,7.064507165021973e-05,-32.013655830317504,57.99269041876587,-0.0005255959066916942,-0.0024518635958965746,0.0,-0.00681043131835618,-0.0024798561119750697,7.360056265044414e-05
2.679999999999816,0.21213203435596426,0.22099560620906897,12.911130405060259,12.929867059844947,0.04746367729473955,-0.20674200662026743,3.1847103680586266e-07,7.034000081639117e-05,-32.073279138176886,57.93301325786678,-0.0005213406111340393,-0.002437492606896531,0.0,-0.006791248903223262,-0.0024604593846597406,7.316662054959207e-05
2.6899999999998148,0.21213203435596426,0.22099569798043525,12.850762782976872,12.869424851326256,0.04724557686399025,-0.2067920549553308,3.1600536649586336e-07,7.005187071722098e-05,-32.13369552403133,57.872545226683854,-0.0005173042753801538,-0.0024240605758584603,0.0,-0.006773737284486837,-0.002442064735815145,7.276086121281844e-05
2.6999999999998137,0.21213203435596426,0.22099578580474705,12.789602465312532,12.80819444503366,0.04702457729293226,-0.2068425161176461,3.136608692636021e-07,6.978087528468269e-05,-32.194901218273465,57.81129010834078,-0.0005134663080228628,-0.002411537161873048,0.0,-0.006757671926659084,-0.002424544777705481,7.238251115571304e-05
2.7099999999998126,0.21213203435596426,0.22099586986928366,12.727653224723722,12.746179416036187,0.04680068971682083,-0.2068933781958988,3.1142018532424257e-07,6.952625866764097e-05,-32.256892593138765,57.74925142521114,-0.0005097982898646437,-0.0023998506108391785,0.0,-0.006742776135203929,-0.002407741523589737,7.202953135561913e-05
2.7199999999998115,0.21213203435596426,0.22099595053854398,12.664918882531417,12.683383176925751,0.0465739247300138,-0.20694462952605847,3.092625065323676e-07,6.928646387867497e-05,-32.31966613347354,57.686432487325035,-0.0005062661577373576,-0.0023888958804231426,0.0,-0.006728739243801346,-0.0023914769443917423,7.169885896590096e-05
2.7299999999998104,0.21213203435596426,0.22099602831674497,12.60140330848534,12.619809020896966,0.0463442925321962,-0.20699625861707205,3.0716489725269257e-07,6.905929754552315e-05,-32.38321840420721,57.62283644600115,-0.0005028323643533234,-0.0023785431979533797,0.0,-0.006715234040810629,-0.0023755630970691303,7.13866633391621e-05
2.7399999999998093,0.21213203435596426,0.2209961038089077,12.537110420525288,12.555460166721826,0.04611180308156622,-0.20704825407446537,3.051035430939611e-07,6.884210178352292e-05,-32.44754601632727,57.558466349770924,-0.0004994579244833664,-0.002368646633574402,0.0,-0.006701932784288005,-0.002359811447787767,7.108860369998178e-05
2.749999999999808,0.21213203435596426,0.2209961776823643,12.472044184539435,12.490339803459992,0.04587646624763214,-0.20710060452554213,3.030548875053957e-07,6.863192499403281e-05,-32.51264559299996,57.49332519991995,-0.0004961042744617513,-0.0023590523212145983,0.0,-0.006688521294269334,-0.0023440410874166944,7.080007727795125e-05
2.759999999999807,0.21213203435596426,0.2209962506302799,12.406208614119706,12.424451133018925,0.04563829195717235,-0.20715329854934336,3.0099661781975766e-07,6.842568443582613e-05,-32.578513737274825,57.427416003312665,-0.0004927348874754055,-0.0023496060193680247,0.0,-0.006674710754872817,-0.0023280856254404058,7.051644847047514e-05
2.769999999999806,0.21213203435596426,0.22099632333849722,12.339607770314196,12.357797408999192,0.04539729032797822,-0.20720632461392405,2.989084799191195e-07,6.822031463859981e-05,-32.64514700256815,57.36074182056654,-0.0004893166060763862,-0.0023401597692433262,0.0,-0.0066602470014412215,-0.002311798625417676,7.023325156623187e-05
2.779999999999805,0.21213203435596426,0.2209963964567208,12.272245761376672,12.290381970608555,0.04515347178616862,-0.20725967102287846,2.9677290520191045e-07,6.801289704977013e-05,-32.71254186685752,57.293305808074614,-0.00048582066912573614,-0.0023305774763570266,0.0,-0.006644917202331078,-0.002295057530778564,6.994636159885323e-05
2.7899999999998037,0.21213203435596426,0.22099647057474045,12.204126742513148,12.22220827078632,0.04490684716406891,-0.20731332587239798,2.945754467204302e-07,6.780076766631353e-05,-32.780694711247634,57.22511125282027,-0.0004822234264641217,-0.0023207393078430805,0.0,-0.006628553966959254,-0.0022777660948311916,6.965212990852058e-05
2.7999999999998026,0.21213203435596426,0.2209965462040971,12.135254915625579,12.153279898031009,0.04465742777683816,-0.2073672770195339,2.923050301563673e-07,6.758160073720927e-05,-32.849601803301475,57.15616159936351,-0.00047850674844005317,-0.002310544862109018,0.0,-0.006611037017891341,-0.002259855391894489,6.934748292309984e-05
2.8099999999998015,0.21213203435596426,0.22099662376531376,12.065634529052657,12.083600591754317,0.0444052254771502,-0.20742151206177023,2.8995402953402937e-07,6.735346787428987e-05,-32.919259285279495,57.08646046878813,-0.00047465815091204483,-0.0022999151246186223,0.0,-0.0065922926516372,-0.0022412835415971575,6.902998440920689e-05
2.8199999999998004,0.21213203435596426,0.22099670358055937,11.99526987730777,12.013174251281447,0.04415025268824932,-0.2074760183275102,2.8751818716704486e-07,6.711487303697802e-05,-32.98966316720346,57.01601166976637,-0.0004706706634209846,-0.002288793274222747,0.0,-0.006572291280052314,-0.0022220343120691716,6.869786298609697e-05
2.8299999999997993,0.21213203435596426,0.22099678587139912,11.924165300814085,11.94200493887509,0.04389252241658552,-0.207530782876658,2.8499639896799733e-07,6.686476483250121e-05,-33.06080932446555,56.94481920221573,-0.0004665424785403412,-0.0022771444447701548,0.0,-0.006551043390332337,-0.0022021147987496903,6.835000793733019e-05
2.8399999999997982,0.21213203435596426,0.22099687076111002,11.852325185636811,11.870096877368159,0.043632048245952876,-0.20758579251014653,2.8239039223248865e-07,6.660252836104624e-05,-33.13269349954411,56.872887254280435,-0.0004622764235605879,-0.002264954579632391,0.0,-0.006528594288146433,-0.0021815523900605483,6.798593736153379e-05
2.849999999999797,0.21213203435596426,0.22099695828090754,11.779753963212652,11.7974544431503,0.043368844315613525,-0.20764103378701732,2.7970432089731764e-07,6.632795944212247e-05,-33.20531130726525,56.80022019356584,-0.0004578792986921055,-0.0022522285380509135,0.0,-0.006505017996099013,-0.002160391236509974,6.76057433786108e-05
2.859999999999796,0.21213203435596426,0.220997048379342,11.706456110076449,11.724082155359556,0.04310292528526648,-0.20769649304750903,2.769443068958993e-07,6.604122446170272e-05,-33.278658242967005,56.726822553686134,-0.00045336112598991804,-0.0022389876248186122,0.0,-0.006480410670154549,-0.0021386884330311085,6.721001951450675e-05
2.869999999999795,0.21213203435596426,0.22099714093408013,11.632436147585043,11.649984662189905,0.042834306289939506,-0.20775215644054656,2.7411795377658475e-07,6.574280930277912e-05,-33.35272969287697,56.6526990172568,-0.00044873435238302093,-0.0022252667192372627,0.0,-0.006454883873580846,-0.002116510114514242,6.679977553662081e-05
2.879999999999794,0.21213203435596426,0.22099723576527794,11.557698641638385,11.575166725236604,0.04256300288793492,-0.20780800995403303,2.712338549889515e-07,6.54334608645312e-05,-33.427520946003995,56.577854396477186,-0.0004440130460754371,-0.0022111111739758936,0.0,-0.006428558012370117,-0.0020939276389076657,6.637634488598333e-05
2.8899999999997927,0.21213203435596426,0.22099733264978025,11.482248202397894,11.499633202773783,0.042289031004881225,-0.20786403944642717,2.683011210675952e-07,6.511412456855378e-05,-33.50302720686499,56.502293612412565,-0.00043921212138778976,-0.0021965736444604553,0.0,-0.0064015561925388955,-0.0020710140126368594,6.594128956559361e-05
2.8999999999997916,0.21213203435596426,0.22099743133544253,11.406089484002061,11.423389032794754,0.04201240687673777,-0.20792023067822685,2.653289414515275e-07,6.478588100657741e-05,-33.579243608415084,56.426021674004595,-0.0004343466218730002,-0.002181710992521323,0.0,-0.006373998709964013,-0.002047840680956159,6.549630684852345e-05
2.9099999999997905,0.21213203435596426,0.2209975315549464,11.32922718427937,11.346439216554643,0.04173314699429931,-0.20797656934215386,2.623261965581644e-07,6.444988453711813e-05,-33.656165224617226,56.34904365772652,-0.00042943108513407327,-0.0021665813869624516,0.0,-0.0063459983307149635,-0.002024474773704455,6.504314155804493e-05
2.9199999999997894,0.21213203435596426,0.22099763303858186,11.251666044458533,11.268788803244036,0.041451268051378456,-0.2080330410910451,2.593011301661427e-07,6.410730621631262e-05,-33.733787082172014,56.2713646886601,-0.00042447900672888325,-0.0021512417013598113,0.0,-0.0063176564672253075,-0.0020009768726951325,6.45835069964747e-05
2.9299999999997883,0.21213203435596426,0.22099773552557694,11.173410848875994,11.190442876296839,0.041166786898421404,-0.20808963156268218,2.5626108849773463e-07,6.37592829697347e-05,-33.81210417102187,56.19298992361557,-0.000419502413161625,-0.0021357452836281124,0.0,-0.006289060304425229,-0.0019773993284825844,6.411901683733507e-05
2.9399999999997872,0.21213203435596426,0.22099783877366597,11.094466424680833,11.111406541705207,0.04087972050287021,-0.20814632640101643,2.53212330577205e-07,6.340687441631233e-05,-33.89111145334378,56.11392453675418,-0.0004145115504428994,-0.002120140147344326,0.0,-0.006260280882754288,-0.0019537851347833047,6.365112955238534e-05
2.949999999999786,0.21213203435596426,0.22099794256670338,11.014837641536994,11.031684918582883,0.04059008591713782,-0.20820311127347568,2.5015990627050224e-07,6.305102825534213e-05,-33.97080387084342,56.034173708009185,-0.0004095146857566844,-0.002104467610855694,0.0,-0.006231372103758409,-0.0019301673387722889,6.318110622755058e-05
2.959999999999785,0.21213203435596426,0.2209980467202349,10.93452941132291,10.95128313209348,0.0402979002546337,-0.2082599718842455,2.471076025603191e-07,6.269255465279727e-05,-34.05117635025931,55.9537426144463,-0.0004045180187037762,-0.002088761387768125,0.0,-0.006202370588294195,-0.001906568948310094,6.270998193415985e-05
2.969999999999784,0.21213203435596426,0.2209981510850379,10.853546687828494,10.870206308744343,0.04000318067387952,-0.208316893983609,2.440579493157716e-07,6.233210962368539e-05,-34.13222380707287,55.872636424561556,-0.00039952569064625885,-0.0020730471127134455,0.0,-0.006173296289990374,-0.001883003279780243,6.22385502346966e-05
2.979999999999783,0.21213203435596426,0.22099825554872432,10.771894466449613,10.788459573946081,0.039705944370405255,-0.20837386337358516,2.4101227801260895e-07,6.197018702510285e-05,-34.21394114749746,55.79086029538961,-0.00039453988169533877,-0.002057342269673326,0.0,-0.006144153745740205,-0.0018594746764848467,6.176735988012427e-05
2.9899999999997817,0.21213203435596426,0.22099836003557605,10.689577783879885,10.706048051653497,0.03940620857582282,-0.20843086591024096,2.379708255934361e-07,6.16071184553016e-05,-34.296323268884144,55.70841937219114,-0.00038956097938252067,-0.0020416564771642896,0.0,-0.006114933832694977,-0.0018359795252291498,6.129672236547621e-05
2.9999999999997806,0.21213203435596426,0.22099846450483196,10.606601717800041,10.622976865836312,0.03910399056323628,-0.2084878875031444,2.3493287077064027e-07,6.124308009922338e-05,-34.379365058732674,55.62531879040532,-0.0003845878031813232,-0.0020259920745625383,0.0,-0.0060856158951988065,-0.0018125074873055506,6.082672869833634e-05
3.0099999999997795,0.21213203435596426,0.22099856894769038,10.522971386564688,10.53925114348135,0.03879930765798209,-0.20854491411249593,2.318968964591764e-07,6.08781053839959e-05,-34.46306139253297,55.541563679495695,-0.00037961786949201247,-0.0020103449479972144,0.0,-0.006056170105908376,-0.0017890428681763331,6.035727354200121e-05
3.0199999999997784,0.21213203435596426,0.22099867338330872,10.438691948886591,10.454876018797963,0.03849217725258218,-0.2086019317445027,2.2886076509717397e-07,6.0512102196812176e-05,-34.54740713068504,55.457159168280974,-0.00037464767921463335,-0.001994705531590508,0.0,-0.006026559932148565,-0.001765566049970524,5.988808481489123e-05
3.0299999999997773,0.21213203435596426,0.2209987778540955,10.353768603518459,10.369856638287649,0.03818261682475049,-0.20865892644557082,2.258219002276038e-07,6.0144873375876434e-05,-34.63239711475429,55.372110391329585,-0.0003696730143611784,-0.0019790599198134546,0.0,-0.005996744589277838,-0.0017420549173090922,5.941875681162919e-05
3.039999999999776,0.21213203435596426,0.22099888242057958,10.26820658893225,10.284198166342573,0.037870643957298805,-0.20871588429586443,2.227774641609331e-07,5.9776139201618993e-05,-34.71802616331669,55.28642249600183,-0.0003646892294834521,-0.0019633910300821595,0.0,-0.005966681378213187,-0.00171848621656318,5.894878500857903e-05
3.049999999999775,0.21213203435596426,0.22099898715612826,10.18201118299607,10.197905791055918,0.03755627635884619,-0.20877279140274124,2.197245252405415e-07,5.940556068506741e-05,-34.80428906763457,55.20010064974641,-0.00035969152531527336,-0.0019476797600757709,0.0,-0.005936327821550735,-0.0016948367994140433,5.8477600869484034e-05
3.059999999999774,0.21213203435596426,0.22099909214175784,10.09518770264857,10.110984729956343,0.03723953188433178,-0.20882963389451462,2.1666020917838403e-07,5.903276256258373e-05,-34.89118058738242,55.11315004729511,-0.00035467519665854637,-0.0019319060906119617,0.0,-0.0059056435313846216,-0.0016710847102442666,5.800460515245495e-05
3.069999999999773,0.21213203435596426,0.22099919746124744,10.007741503570989,10.023440235417032,0.03692042855445897,-0.20888639791492056,2.1358182951633307e-07,5.865735505122233e-05,-34.9786954466128,55.02557591744688,-0.0003496358453850077,-0.0019160500941548721,0.0,-0.005874591762111636,-0.0016472100916606709,5.752919849730038e-05
3.079999999999772,0.21213203435596426,0.22099930319672673,9.919677979856797,9.93527759953413,0.036598984573348606,-0.20894306961858902,2.1048699382502618e-07,5.827895358860353e-05,-35.066828330119385,54.93738352918765,-0.00034456955502959474,-0.0019000928170069605,0.0,-0.005843140620115169,-0.0016231958899218708,5.705080830351766e-05
3.0899999999997707,0.21213203435596426,0.2209994094248695,9.83100256367895,9.846502158315953,0.036275218343837776,-0.208999635167739,2.0737368512305947e-07,5.789719595750569e-05,-35.15557388031879,54.8485781969507,-0.0003394730236231316,-0.0018840170130771062,0.0,-0.005811263920376214,-0.0015990283553495893,5.656891121084652e-05
3.0999999999997696,0.21213203435596426,0.22099951621378186,9.741720724954819,9.757119295074324,0.03594914848003235,-0.20905608073023424,2.042403169958805e-07,5.751175638541694e-05,-35.24492669473497,54.759165284883636,-0.0003343436538356099,-0.0018678077159716476,0.0,-0.005778941696614271,-0.0015746973413663797,5.608305075855371e-05
3.1099999999997685,0.21213203435596426,0.22099962362063275,9.65183797100877,9.667134442955176,0.03562079381687934,-0.20911239247906066,2.010857630989317e-07,5.7122356383153375e-05,-35.33488132413526,54.6691502100456,-0.0003291796022684251,-0.0018514526445864666,0.0,-0.005746160385115481,-0.001550196413241038,5.559285005193973e-05
3.1199999999997674,0.21213203435596426,0.22099973169003861,9.561359846232458,9.576553086590696,0.035290173416681905,-0.20916855659321643,1.9790936530145927e-07,5.67287722579052e-05,-35.4254322713327,54.57853844451409,-0.0003239797910061514,-0.0018349424450988215,0.0,-0.00571291271407762,-0.001525522785506048,5.509801950200147e-05
3.1299999999997663,0.21213203435596426,0.22099984045317997,9.470291931742802,9.485380762894543,0.034957306572617336,-0.20922455925994693,1.9471091856552252e-07,5.633083938422618e-05,-35.51657399063971,54.48733551642879,-0.00031874388475471396,-0.0018182707790322474,0.0,-0.005679197339103747,-0.0015006771110869965,5.4598359912655493e-05
3.139999999999765,0.21213203435596426,0.22099994992759675,9.378639845037737,9.39362306105519,0.03462221280943545,-0.20928038667820364,1.9149064030251794e-07,5.5928453444506075e-05,-35.60830088793199,54.395547010042364,-0.0003134722387566265,-0.0018014342723667615,0.0,-0.005645018271148064,-0.0014756631501816203,5.40937613464131e-05
3.149999999999764,0.21213203435596426,0.22100006011759157,9.286409239649695,9.301285621810603,0.034284911881615865,-0.2093360250631719,1.8824912353686545e-07,5.552156895571132e-05,-35.70060732126059,54.30317856488179,-0.00030816582441053864,-0.0017844323444625942,0.0,-0.005610384146501534,-0.0014504873456589623,5.358419832396695e-05
3.159999999999763,0.21213203435596426,0.22100017101514768,9.193605804796857,9.20837413610703,0.03394542376933164,-0.2093914606516823,1.8498728187268764e-07,5.511019547415944e-05,-35.79348760193479,54.210235874148864,-0.00030282613693973393,-0.001767266939030394,0.0,-0.005575307389157708,-0.0014251583367405351,5.306972201617916e-05
3.169999999999762,0.21213203435596426,0.22100028260126037,9.100235265032223,9.114894343259174,0.0336037686726208,-0.20944667970830652,1.8170628547557218e-07,5.469439192410783e-05,-35.8869359959872,54.11672468250555,-0.0002974550922912692,-0.0017499421803868016,0.0,-0.005539803314394248,-0.001399686436946939,5.255045012412845e-05
3.179999999999761,0.21213203435596426,0.22100039484757675,9.006303379890513,9.020852028735217,0.033259967004190885,-0.20950166853193547,1.7840749574917188e-07,5.427425951867974e-05,-35.98094672592752,54.02265078339797,-0.0002920549185772819,-0.001732463978760782,0.0,-0.005503889218926458,-0.0013740831056604592,5.202655515869511e-05
3.1899999999997597,0.21213203435596426,0.22100050771823296,8.911815943532854,8.92625302169183,0.03291403938128987,-0.20955641346263693,1.7509239746639447e-07,5.3849933748879126e-05,-36.07551397269036,53.92802001607403,-0.0002866280470964652,-0.0017148396076261602,0.0,-0.00546758349803444,-0.0013483604328658886,5.149825181541347e-05
3.1999999999997586,0.21213203435596426,0.22100062117179045,8.816778784389397,8.831103192378713,0.032566006617060106,-0.20961090088861037,1.7176253678338436e-07,5.342157589325269e-05,-36.170631877686034,53.83283826244346,-0.0002811770083490125,-0.0016970772745169896,0.0,-0.005430904823939237,-0.0013225306617442427,5.0965784090607625e-05
3.2099999999997575,0.21213203435596426,0.22100073516317342,8.721197764799784,8.735408449524382,0.03221588971176624,-0.20966511725306722,1.684194613034315e-07,5.2989364471893235e-05,-36.2662945448695,53.73711144391827,-0.0002757043362383106,-0.001679185704488674,0.0,-0.005393871413257559,-0.0012966057613361865,5.042941272491735e-05
3.2199999999997564,0.21213203435596426,0.22100084964552677,8.62507878065153,8.639174737800738,0.031863709844240765,-0.2097190490608966,1.6506466960908164e-07,5.255348701368586e-05,-36.36249604275305,53.64084551835451,-0.0002702124837671578,-0.0016611737523309713,0.0,-0.005356500403626741,-0.0012705970626748315,4.988940346240535e-05
3.2299999999997553,0.21213203435596426,0.2210009645719243,8.52842776101633,8.542408035449656,0.0315094883638421,-0.20977268288499779,1.6169956738627745e-07,5.211413245196002e-05,-36.45923040629902,53.544046477198336,-0.00026470375232767154,-0.0016430500567075291,0.0,-0.0053188073531142775,-0.0012445149679166892,4.934601653708551e-05
3.239999999999754,0.21213203435596426,0.22100107989687204,8.431250667784353,8.445114352137319,0.03115324678315995,-0.209826005372192,1.5832543431212195e-07,5.1671484395886656e-05,-36.55649163864244,53.44672034291708,-0.0002591802363341928,-0.0016248227457335213,0.0,-0.005280805868543947,-0.0012183687318550514,4.879949767225163e-05
3.249999999999753,0.21213203435596426,0.22100119557756864,8.333553495296451,8.347299727084179,0.03079500677164143,-0.20987900324865588,1.5494339831512564e-07,5.122571545867524e-05,-36.65427371260648,53.34887316677482,-0.00025364378298926957,-0.0016064992004651642,0.0,-0.005242507363160761,-0.0011921663216096939,4.8250070808712565e-05
3.259999999999752,0.21213203435596426,0.22100131157489772,8.235342269974419,8.248970227500795,0.030434790150249247,-0.2099316633248432,1.515544221788923e-07,5.077698275538152e-05,-36.75257057198724,53.250511026988846,-0.00024809596788244107,-0.0015880858791992455,0.0,-0.005203920938093293,-0.0011659143459223766,4.7697932648252275e-05
3.269999999999751,0.21213203435596426,0.22100142785414292,8.136623049949247,8.150131947343358,0.030072618887206595,-0.20998397249989048,1.4815929611194217e-07,5.032542462153841e-05,-36.85137613259719,53.151640027283925,-0.00024253808464071286,-0.0015695882027074418,0.0,-0.00516505337762588,-0.0011396180517791218,4.7143249030716864e-05
3.27999999999975,0.21213203435596426,0.22100154438542846,8.03740192468744,8.050791006386662,0.029708515094826138,-0.21003591776552172,1.4475864007748602e-07,4.987115854284208e-05,-36.95068428306812,53.05226629584143,-0.00023697114840808372,-0.0015510104980447014,0.0,-0.005125909244698143,-0.0011132813800559481,4.658615307734552e-05
3.2899999999997487,0.21213203435596426,0.22100166114390035,7.937685014615375,7.9509535495994825,0.029342501027375498,-0.21008748620948803,1.4135291313071178e-07,4.9414280237633776e-05,-37.05048888542467,52.95239598462365,-0.00023139591036159724,-0.001532355995954892,0.0,-0.005086491060382564,-0.0010869070686008089,4.6026744960725915e-05
3.2999999999997476,0.21213203435596426,0.22100177810967242,7.837478470741767,7.850625746796097,0.02897459907989154,-0.21013866501859296,1.3794242723042575e-07,4.895486379147455e-05,-37.1507837754483,52.852035269040485,-0.00022581288164183513,-0.0015136268757323763,0.0,-0.005046799549391865,-0.0010604967951619824,4.546509311778811e-05
3.3099999999997465,0.21213203435596426,0.2210018952675666,7.73678847427827,7.749813792528394,0.02860483178782175,-0.21018944148136198,1.3452736754485847e-07,4.849296270837809e-05,-37.25156276285785,52.751190347914665,-0.0002202223648976587,-0.0014948243496002052,0.0,-0.005006833933186109,-0.0010340513472089194,4.490123667376255e-05
3.3199999999997454,0.21213203435596426,0.22100201260668575,7.635621236258153,7.6485239061784,0.028233221827354743,-0.21023980299042583,1.3110781368761142e-07,4.802861172564776e-05,-37.352819631337645,52.64986744369444,-0.00021462449051908768,-0.0014759487784059197,0.0,-0.004966592252344884,-0.0010075708090456375,4.433518883043495e-05
3.3299999999997443,0.21213203435596426,0.22100213011985587,7.533982997153193,7.546762332205247,0.027859792016279597,-0.2102897370446864,1.276837640783777e-07,4.756182921759252e-05,-37.45454813844705,52.54807280285755,-0.00020901925596167827,-0.0014569998097637832,0.0,-0.004926071700954193,-0.0009810547561266462,4.376694095598653e-05
3.339999999999743,0.21213203435596426,0.22100224780297856,7.431880026488743,7.444535340501966,0.027484565315218354,-0.21033923125133513,1.2425516058858397e-07,4.70926200187763e-05,-37.556742015446275,52.44581269645022,-0.00020340656600598446,-0.001437976530106655,0.0,-0.004885268957213126,-0.0009545024474413878,4.319646711475614e-05
3.349999999999742,0.21213203435596426,0.22100236565433176,7.329318622456978,7.341849226815802,0.02710756482906855,-0.2103882733277898,1.2082191218473401e-07,4.662097849141682e-05,-37.65939496707257,52.343093420704164,-0.00019778627162393608,-0.0014188776223962032,0.0,-0.004844180496668837,-0.0009279130068272778,4.2623728793119286e-05
3.359999999999741,0.21213203435596426,0.2210024836738552,7.226305111528407,7.238710313190352,0.0267288138085085,-0.2104368511036095,1.1738391754894297e-07,4.614689167880574e-05,-37.762500671299186,52.23992129767988,-0.000192158206803301,-0.0013997015220823883,0.0,-0.004802802876793627,-0.0009012855887021855,4.204867959205296e-05
3.36999999999974,0.21213203435596426,0.22100260186245307,7.122845848061615,7.135124948390967,0.02634833565142823,-0.21048495252243954,1.1394108492555604e-07,4.56703423992777e-05,-37.86605277910623,52.13630267588816,-0.0001865222212883149,-0.0013804465649690657,0.0,-0.0047611329842430885,-0.0008746195215154665,4.1471269695286845e-05
3.3799999999997388,0.21213203435596426,0.22100272022134218,7.0189472139113205,7.03109950828048,0.0259661539041683,-0.21053256564403022,1.1049334938448572e-07,4.5191312155786e-05,-37.97004491428849,52.03224393084945,-0.00018087820861309044,-0.0013611111214671071,0.0,-0.004719168238865345,-0.0008479144261393337,4.089144994470475e-05
3.3899999999997377,0.21213203435596426,0.22100283875146556,6.914615618034679,6.92664039611833,0.02558229226246922,-0.21057967864635918,1.0704068657256979e-07,4.470978376037363e-05,-38.07447067332101,51.92775146555768,-0.00017522612899524957,-0.0013416937133572135,0.0,-0.0046769067508357215,-0.0008211703071318151,4.0309175398881566e-05
3.3999999999997366,0.21213203435596426,0.22100295745299264,6.809857496095968,6.821754042762654,0.02519677457205767,-0.21062627982788423,1.0358312332934023e-07,4.4225743595953046e-05,-38.17932362529795,51.82283171082326,-0.0001695660262946415,-0.0013221931101182556,0.0,-0.004634347430099067,-0.0007943876158872659,3.97244082873315e-05
3.4099999999997355,0.21213203435596426,0.22100307632491337,6.704679310069607,6.716446906761307,0.02480962482881713,-0.21067235760993616,1.0012074461602468e-07,4.373918346329433e-05,-38.2845973119556,51.71749112547822,-0.00016389803931703348,-0.0013026084030986023,0.0,-0.004591490049098324,-0.0007675672869641361,3.913712030449916e-05
3.4199999999997344,0.21213203435596426,0.2210031953647334,6.599087547841541,6.6107254743245925,0.024420867178515396,-0.2107179005392561,9.66536968161728e-08,4.325010198641751e-05,-38.39028524778541,51.611736196434606,-0.00015822240764724868,-0.0012829390573238489,0.0,-0.004548335261906922,-0.0007407107489717293,3.8547294228955465e-05
3.4299999999997333,0.21213203435596426,0.22100331456827263,6.49308872280904,6.5045962591777045,0.02403052591607993,-0.21076289729067468,9.318218834173571e-08,4.275850556931027e-05,-38.49638092023839,51.50557343859381,-0.00015253947241249883,-0.0012631849410576043,0.0,-0.004504884584101906,-0.0007138199123908784,3.7954924877298326e-05
3.439999999999732,0.21213203435596426,0.2210034339295604,6.386689373478943,6.398065802296629,0.023638625484432046,-0.2108073366699184,8.970648749525642e-08,4.2264408918800575e-05,-38.602877790018546,51.399009394611824,-0.0001468496725420522,-0.001243346334958029,0.0,-0.004461140339070374,-0.0006868971379961938,3.736001943575528e-05
3.449999999999731,0.21213203435596426,0.2210035534408228,6.2798960630642995,6.291140671535761,0.023245190472908017,-0.21085120761652953,8.622691736281564e-08,4.1767835165484616e-05,-38.70976929145896,51.29205063453049,-0.00014115353695579125,-0.0012234239226293034,0.0,-0.004417105577245184,-0.0006599451896235119,3.6762597230938937e-05
3.45999999999973,0.21213203435596426,0.22100367309254915,6.172715379079532,6.1838274611585415,0.022850245615305437,-0.2108944992068749,8.274385004041877e-08,4.126881562576044e-05,-38.81704883297227,51.18470375528938,-0.00013545167422104868,-0.001203418765382985,0.0,-0.004372783974688191,-0.0006329671749591322,3.616268901484923e-05
3.469999999999729,0.21213203435596426,0.221003792873628,6.065153932934099,6.076132791285844,0.022453815787606593,-0.21093720065722332,7.925769795161262e-08,4.0767389261050854e-05,-38.92470979756427,51.076975380135956,-0.0001297447597031667,-0.001183332264039265,0.0,-0.004328179718103611,-0.0006059664778473319,3.5560335853825936e-05
3.4799999999997278,0.21213203435596426,0.22100391277153544,5.9572183595246555,5.9680633072777205,0.022055926005433255,-0.2109793013268631,7.576890578130784e-08,4.0263601893813995e-05,-39.032745543398875,50.968872157954316,-0.00012403352096675087,-0.0011631661112948017,0.0,-0.004283297382842574,-0.0005789466875232288,3.4955587724216936e-05
3.4899999999997267,0.21213203435596426,0.22100403277256414,5.848915316825793,5.859625679065714,0.021656601421294067,-0.2110207907212363,7.227794151513908e-08,3.975750524543679e-05,-39.141149404401695,50.86040076253311,-0.0001183187234886186,-0.0011429222373293467,0.0,-0.004238141809634605,-0.0005519115264092001,3.434850189563705e-05
3.4999999999997256,0.21213203435596426,0.22100415286207586,5.740251485479332,5.750826600452455,0.021255867321683747,-0.21106165849506342,6.878528669141064e-08,3.9249155859523844e-05,-39.24991469088905,50.751567891793954,-0.00011260115570919218,-0.00112260275226677,0.0,-0.004192717985842237,-0.0005248647804997579,3.373914121061309e-05
3.5099999999997245,0.21213203435596426,0.22100427302476677,5.631233568382255,5.641672788394556,0.02085374912409174,-0.2111018944554385,6.529142893673894e-08,3.873861397093562e-05,-39.35903469021073,50.642380266999844,-0.00010688161477089133,-0.0011022098881784848,0.0,-0.004147030935550311,-0.0004978102357283962,3.312757234287962e-05
3.5199999999997234,0.21213203435596426,0.22100439324492974,5.5218682902732,5.532170982283963,0.020450272373974607,-0.21114148856487158,6.179685284699209e-08,3.822594237846384e-05,-39.46850266739456,50.53284463196248,-0.00010116089397402586,-0.0010817459428869756,0.0,-0.004101085622035669,-0.00047075162035611944,3.251386410211109e-05
3.5299999999997222,0.21213203435596426,0.22100451350670552,5.41216239731768,5.422327943240412,0.02004546274173813,-0.21118043094426428,5.830203423174081e-08,3.771120536813619e-05,-39.57831186578343,50.422967752264256,-9.543977134588192e-05,-0.0010612132281692822,0.0,-0.00405488686541623,-0.0004436925570877675,3.1898085865592535e-05
3.539999999999721,0.21213203435596426,0.22100463379431162,5.302122656691933,5.312150453426347,0.019639346019770618,-0.21121871187580307,5.480743407349596e-08,3.719446773066826e-05,-39.68845550765596,50.31275641450866,-8.971900053161352e-05,-0.0010406140237359614,0.0,-0.004008439276986428,-0.00041663652496047235,3.1280306176533324e-05
3.54999999999972,0.21213203435596426,0.22100475409224293,5.191755856165493,5.201645315392534,0.01923194811955775,-0.21125632180576137,5.1313493790534195e-08,3.667579390370358e-05,-39.79892679482439,50.20221742560947,-8.399930319271676e-05,-0.0010199505383524854,0.0,-0.00396174721119949,-0.0003895868305929772,3.066059155719859e-05
3.559999999999719,0.21213203435596426,0.22100487438543828,5.081068803682484,5.0908193514608655,0.01882329506890329,-0.21129325134720311,4.7820632764111383e-08,3.615524726333786e-05,-39.90971890920492,50.09135761212666,-7.82813641789479e-05,-0.000999224878886056,0.0,-0.003914814734951621,-0.00036254659073335914,3.0039005553500644e-05
3.569999999999718,0.21213203435596426,0.22100499465941104,4.970068326941701,4.979679403147812,0.01841341300926924,-0.2113294912825855,4.432924580069562e-08,3.563288957789799e-05,-40.0208250133575,49.980183819653135,-7.256582817601862e-05,-0.0009784390275907361,0.0,-0.0038676456135725485,-0.00033551872339745113,2.9415608030639535e-05
3.5799999999997167,0.21213203435596426,0.22100511490034155,4.858761272975399,4.868232330630451,0.018002328193243322,-0.2113650325662595,4.083970325151648e-08,3.510878063133705e-05,-40.13223825099382,49.86870291225473,-6.685329866873531e-05,-0.0009575948276671037,0.0,-0.003820243311986532,-0.0003085059488325698,2.879045471453845e-05
3.5899999999997156,0.21213203435596426,0.2210052350951327,4.747154507726971,4.756485012254285,0.017590066982132113,-0.21139986632687113,3.735235106903466e-08,3.458297801299799e-05,-40.243951747453785,49.75692177196236,-6.114433858347104e-05,-0.0009366939765509579,0.0,-0.003772611009090257,-0.0002815107972422107,2.8163596968144362e-05
3.5999999999997145,0.21213203435596426,0.22100535523143108,4.635254915627412,4.644444344080734,0.017176655843673297,-0.21143398386966802,3.386751267463083e-08,3.405553706592515e-05,-40.35595861015223,49.64484729831369,-5.543947234916502e-05,-0.0009157380266099917,0.0,-0.0037247516233046814,-0.00025453562430952895,2.7535081791611007e-05
3.6099999999997134,0.21213203435596426,0.22100547529761613,4.523069399170657,4.532117239470455,0.01676212134985401,-0.21146737667871607,3.0385491261754176e-08,3.352651097954183e-05,-40.46825192899836,49.53248640793929,-4.973918920509945e-05,-0.0008947283917960416,0.0,-0.0036766678466272074,-0.0002275826295973574,2.6904952004380657e-05
3.6199999999997123,0.21213203435596426,0.22100559528276295,4.410604878487803,4.419510628697894,0.01634649017481972,-0.21150003641903453,2.6906573716381937e-08,3.299595100918612e-05,-40.58082477679206,49.419846034187856,-4.404394769820388e-05,-0.0008736663597440087,0.0,-0.0036283621848350266,-0.00020065388093514408,2.6273246594651244e-05
3.6299999999997112,0.21213203435596426,0.22100571517658218,4.297868290920232,4.306631458591,0.015929789092852545,-0.21153195493865648,2.343103493903524e-08,3.2463906800530326e-05,-40.69367020960073,49.306933126782724,-3.835418047933162e-05,-0.0008525531078591663,0.0,-0.003579837001319308,-0.00017375133910833246,2.5640001191016637e-05
3.63999999999971,0.21213203435596426,0.22100583496934384,4.184866590591718,4.193486692190408,0.015512044976399061,-0.21156312427062288,1.9959144810467134e-08,3.193042679725148e-05,-40.806781267121686,49.19375465150251,-3.2670299735647175e-05,-0.0008313897222331399,0.0,-0.003531094562217729,-0.0001468768839956146,2.500524862241748e-05
3.649999999999709,0.21213203435596426,0.2210059546517894,4.071606747979413,4.080083308421869,0.015093284794125847,-0.2115935366349176,1.6491178706764906e-08,3.139555870989829e-05,-40.92015097303457,49.080317589878305,-2.6992702343124806e-05,-0.0008101772184035853,0.0,-0.0034821370808388874,-0.00012003234030218673,2.4369019538477766e-05
3.659999999999708,0.21213203435596426,0.22100607421503735,3.958095749483914,3.966428301775488,0.014673535608979896,-0.21162318444035047,1.3027441552254035e-08,3.0859350021872994e-05,-41.03377233534851,48.96662893889951,-2.132177536254702e-05,-0.0007889165626226886,0.0,-0.0034329667594032607,-9.321950215500451e-05,2.3731343045519874e-05
3.669999999999707,0.21213203435596426,0.22100619365048765,3.844340596998291,3.852528681986814,0.014252824576236486,-0.21165206028639522,9.568333192438921e-09,3.032184851526231e-05,-41.14763834674805,48.85269571072167,-1.5657900619503338e-05,-0.0007676086928464911,0.0,-0.003383585826872054,-6.64401539378656e-05,2.3092247339579985e-05
3.6799999999997057,0.21213203435596426,0.22100631294972897,3.730348307476184,3.7383914737137554,0.013831178941512978,-0.21168015696498665,6.114629125688518e-09,2.978310279496289e-05,-41.261741984942134,48.738524932369636,-1.0001459220777905e-05,-0.0007462545383451416,0.0,-0.0033339965714056343,-3.969608950833058e-05,2.2451760300092e-05
3.6899999999997046,0.21213203435596426,0.22100643210445303,3.616125912498955,3.6240237162060307,0.013408626038736979,-0.21170746746228278,2.6699080978737535e-09,2.9243162800110226e-05,-41.376076213019104,48.624123645431176,-4.352835129292981e-06,-0.0007248550376589649,0.0,-0.0032842013670567605,-1.298912777772794e-05,2.1809910033336544e-05
3.6999999999997035,0.21213203435596426,0.22100655110637712,3.5016804578419767,3.509432462962899,0.012985193288053629,-0.21173398496039214,8.203171249212577e-10,2.8702080288572188e-05,-41.49063397981048,48.509498905736265,1.2875820115585196e-06,-0.0007034111539055996,0.0,-0.0032342026939596426,1.3678876137526244e-05,2.1166725340596112e-05
3.7099999999997024,0.21213203435596426,0.22100666994717919,3.387019003039971,3.3946247813767028,0.012560908193663331,-0.21175970283907125,4.23279163587305e-09,2.8159909287409645e-05,-41.60540822026564,48.39465778301907,6.919394486135899e-06,-0.0006819238873266844,0.0,-0.003184003152147599,4.030602286658115e-05,2.0522236103118733e-05
3.7199999999997013,0.21213203435596426,0.22100678861844686,3.2721486209515733,3.27960775236094,0.012135798341585582,-0.21178461467739157,7.664653723577438e-09,2.7616706506483072e-05,-41.72039185583853,48.27960736056042,1.2542195418800973e-05,-0.000660394284857277,0.0,-0.0031336054690488694,6.689036501652177e-05,1.9876473578953194e-05
3.7299999999997,0.21213203435596426,0.22100690711163762,3.1570763973230394,3.1643884699611204,0.011709891397342478,-0.2118087142553735,1.109256499291171e-08,2.707253171170223e-05,-41.835577794887406,48.16435473480966,1.815556790880721e-05,-0.0006388234466533257,0.0,-0.003083012501111401,9.342990550249771e-05,1.9229470606893503e-05
3.739999999999699,0.21213203435596426,0.22100702541805572,3.0418094303511616,3.0489740409492065,0.011283215103565447,-0.2118319955555907,1.4514982156051587e-08,2.6527448063959083e-05,-41.950958933087385,48.0489070149858,2.375908524021632e-05,-0.0006172125296265485,0.0,-0.003032227230293655,0.00011992260085468938,1.858126172137818e-05
3.749999999999698,0.21213203435596426,0.22100714352884013,2.926354830245417,2.9333715844016885,0.010855797277525281,-0.21185445276473802,1.79313369777454e-08,2.5981522427652436e-05,-42.06652815385551,47.93327132265889,2.935231128900928e-05,-0.0005955627481935579,0.0,-0.0029812527560678674,0.0001463663653610963,1.7931883183672353e-05
3.759999999999697,0.21213203435596426,0.22100726143496519,2.8107197187893758,2.8175882312626874,0.01042766580859103,-0.2118760802751632,2.1341250146484084e-08,2.5434825658317155e-05,-42.18227832878746,47.81745479131285,3.493480187800259e-05,-0.0005738753726921667,0.0,-0.002930092283859401,0.0001727590780711699,1.7281372940067326e-05
3.769999999999696,0.21213203435596426,0.22100737912725296,2.694911228901413,2.7016311238935593,0.009998848655623435,-0.21189687268635954,2.474439797951174e-08,2.4887432879809164e-05,-42.29820231810469,47.70146456589182,4.050610627807014e-05,-0.0005521517255463634,0.0,-0.0028787491108903523,0.0001990985913485207,1.6629770514142357e-05
3.7799999999996947,0.21213203435596426,0.22100749659639266,2.578936504194687,2.585507415611337,0.009569373844311682,-0.21191682480641388,2.8140477484229296e-08,2.4339423765902728e-05,-42.41429297111027,47.58530780233293,4.606576895108711e-05,-0.0005303931758571113,0.0,-0.00282722661019906,0.0002253827400227275,1.5977116846859967e-05
3.7899999999996936,0.21213203435596426,0.2210076138329681,2.462802698536506,2.4692242702178824,0.009139269464460822,-0.21193593165340874,3.1529194607808714e-08,2.3790882839757876e-05,-42.53054312665202,47.46899166708777,5.161333146462394e-05,-0.0005086011327038232,0.0,-0.0027755282139180714,0.0002516093516370748,1.5323454100812686e-05
3.7999999999996925,0.21213203435596426,0.22100773082749078,2.346516975607044,2.352788861522312,0.00870856366723971,-0.21195418845677538,3.491026031052487e-08,2.3241899809257022e-05,-42.64694561359102,47.352523336635656,5.714833474377901e-05,-0.0004867770376513654,0.0,-0.0027236573964468493,0.00027777625600539443,1.4668825435825391e-05
3.8099999999996914,0.21213203435596426,0.22100784757043448,2.2300865084574437,2.236208372858895,0.008277284662397855,-0.21197159065859283,3.828338938967342e-08,2.2692569955729343e-05,-42.763493251273765,47.23590999699155,6.267032089681705e-05,-0.0004649223568424824,0.0,-0.00267161765834579,0.0003038812947553882,1.4013274773531637e-05
3.8199999999996903,0.21213203435596426,0.22100796405227247,2.113518479067357,2.119489996602387,0.007845460715459066,-0.211988133914832,4.164830048646091e-08,2.2142994594776844e-05,-42.880178850006374,47.11915884321115,6.817883525072413e-05,-0.0004430385730879686,0.0,-0.0026194125114341106,0.00032992233014607965,1.3356846558440618e-05
3.829999999999689,0.21213203435596426,0.22100808026351343,1.9968200779019136,2.0026409336833675,0.00741312014490178,-0.2120038140965413,4.5004716180967994e-08,2.1593281632123026e-05,-42.996995211529196,47.002277078895936,7.367342804962385e-05,-0.00042112717823225413,0.0,-0.002567045465708534,0.00035589725303197177,1.2699585528917124e-05
3.839999999999688,0.21213203435596426,0.22100819619473602,1.8799985034682096,1.8856683931047407,0.0069802913193310195,-0.21201862729097226,4.8352363778032335e-08,2.1043546234738487e-05,-43.113935129490564,46.885271915700066,7.915365597508249e-05,-0.0003991896661761658,0.0,-0.002514520018267516,0.00038180398879409565,1.2041536504133985e-05
3.849999999999687,0.21213203435596426,0.2210083118366202,1.7630609618712278,1.768579591461245,0.006547002654649289,-0.21203256980264323,5.16909758718945e-08,2.0493911643547963e-05,-43.230991389918536,46.76815057284102,8.461908345013642e-05,-0.0003772275267359517,0.0,-0.0024618396446321965,0.0004076405029046854,1.1382744198698899e-05
3.859999999999686,0.21213203435596426,0.22100842717997407,1.6460146663693593,1.6513817524628962,0.006113282611230578,-0.21204563815433963,5.502029074208065e-08,1.994451015377778e-05,-43.348156771689744,46.65092027661553,9.006928365706959e-05,-0.0003552422404132126,0.0,-0.0024090077923464097,0.000433404804593728,1.0723253061721879e-05
3.869999999999685,0.21213203435596426,0.22100854221575697,1.528866836929448,1.5340821064633536,0.0056791596911017345,-0.21205782908805088,5.834005235927929e-08,1.9395484294769936e-05,-43.465424046994706,46.53358825992142,9.550383897633016e-05,-0.00033323527421290757,0.0,-0.002356027876906719,0.0004590949491990042,1.0063107148345935e-05
3.8799999999996837,0.21213203435596426,0.22100865693509658,1.4116246997814288,1.4166878899935689,0.005244662435133246,-0.21206913956584234,6.165001138460453e-08,1.8846988244069825e-05,-43.58278598179924,46.416161761786384,0.00010092234175622456,-0.0003112080788014305,0.0,-0.0023029032800550935,0.0004847090392632956,9.402350030645543e-06
3.8899999999996826,0.21213203435596426,0.22100877132930158,1.2942954869725747,1.2992063453010154,0.0048098194202412375,-0.21207956677066317,6.494992391122203e-08,1.8299189517887307e-05,-43.70023533630174,46.29864802690378,0.00010632439403938995,-0.00028916208650895346,0.0,-0.0022496373499709373,0.0005102452244313109,8.741024735029676e-06
3.8999999999996815,0.21213203435596426,0.22100888538986918,1.1768864359214146,1.1816447198942426,0.004374659256600466,-0.21208910810709014,6.823955271334617e-08,1.775227098669822e-05,-43.81776486538642,46.18105430517493,0.00011170960798898846,-0.0002670987105721859,0.0,-0.0021962334033045735,0.0005357017005233849,8.079173716484194e-06
3.9099999999996804,0.21213203435596426,0.22100899910848784,1.0594047889712568,1.0640102660927948,0.003939210584869152,-0.21209776120200713,7.151866634508922e-08,1.7206433277400883e-05,-43.935367319072796,46.063387851258376,0.00011707760513809635,-0.00024501934517599154,0.0,-0.002142694728570238,0.0005610767070875107,7.416838856610505e-06
3.9199999999996793,0.21213203435596426,0.22100911247703567,0.9418577929434733,0.9463102405814561,0.0035035020734225514,-0.21210552390522158,7.478703889029959e-08,1.6661897632508632e-05,-44.05303544296163,45.94565592412456,0.0001224280161670651,-0.00022292536649398478,0.0,-0.0020890245907517454,0.0005863685253125978,6.754061492741558e-06
3.929999999999678,0.21213203435596426,0.22100922548757576,0.8242526986904746,0.8285519039688335,0.0030675624155960257,-0.2121123942900191,7.804444981223151e-08,1.6118909318873007e-05,-44.17076197867795,45.82786578661562,0.0001277604803246605,-0.00020081813426641723,0.0,-0.0020352262366388958,0.0006115754746255926,6.090882463607965e-06
3.939999999999677,0.21213203435596426,0.2210093381323479,0.7065967606484438,0.7107425203488412,0.0026314203269329622,-0.2121183706536553,8.129068339755864e-08,1.5577741693557825e-05,-44.288539664311664,45.71002470500933,0.00013307464476014619,-0.00017869899400717058,0.0,-0.0019813029006226584,0.0006366959091718478,5.427342174001625e-06
3.949999999999676,0.21213203435596426,0.22100945040375883,0.5888972363898483,0.5928893568648976,0.002195104542437598,-0.2121234515177879,8.452552822056278e-08,1.503870106670115e-05,-44.406361234856256,45.59213994858605,0.0001383701636327284,-0.00015656927949857672,0.0,-0.0019272578106351885,0.0006617282152272082,4.763480669141029e-06
3.959999999999675,0.21213203435596426,0.22100956229437033,0.4711613861757519,0.4749996832755368,0.0017586438138285782,-0.21212763562884784,8.774877688331388e-08,1.4502132529363717e-05,-44.52421942264648,45.474218789197565,0.00014364669778077805,-0.00013443031560994115,0.0,-0.0018730941939567591,0.0006866708063943506,4.099337718027243e-06
3.969999999999674,0.21213203435596426,0.2210096737968868,0.3533964725079946,0.35708077152096634,0.0013220669067922214,-0.21213092195835165,9.096022567769884e-08,1.3968426959378513e-05,-44.64210695779523,45.35626850083717,0.00014890391369133123,-0.00011228342102842367,0.0,-0.0018188152826042997,0.0007115221220416094,3.434952896031487e-06
3.9799999999996727,0.21213203435596426,0.22100978490414305,0.23560975968116704,0.23913989528962148,0.0008854025982326236,-0.21213330970315486,9.415967382418607e-08,1.3438029467163399e-05,-44.76001656863049,45.23829635920977,0.00015414148303572822,-9.012991103903165e-05,0.0,-0.001764424318170163,0.0007362806233022834,2.770365668316854e-06
3.9899999999996716,0.21213203435596426,0.22100989560909215,0.11780851333454129,0.12118432958433437,0.0004486796735178461,-0.21213479828564757,9.734692362218803e-08,1.2911449607186585e-05,-44.877940982132685,45.12030964130134,0.00015935908209711353,-6.79711001290021e-05,0.0,-0.0017099245559840993,0.0007609447912724878,2.105615468364176e-06
3.9999999999996705,0.21213203435596426,0.2210100059047941,3.885397110337519e-12,0.003221350287095089,1.1926923719041138e-05,-0.21213538735389156,1.0052177979328931e-07,1.2389273754228512e-05,-44.99587292437279,45.00231562494697,0.00016455639129971385,-4.580830423089913e-05,0.0,-0.0016553192684083313,0.000785513124939557,1.4407417673835708e-06
4.009999999999674,0.21213203435596426,0.22101011578440619,-0.11780851332682402,-0.11474176627733855,-0.0004248268571558911,-0.21213507678170074,1.0368404913954853e-07,1.1872180136849594e-05,-45.113805120951774,44.8843215883971,0.00016973309476992155,-2.364284269036421e-05,0.0,-0.001600611747242514,0.0008099841396547806,7.757841328469295e-07
4.019999999999677,0.21213203435596426,0.22101022524117495,-0.23560975967350378,-0.23269774377993147,-0.0008615528749369994,-0.21213386666866413,1.0683354104676487e-07,1.1360957115462233e-05,-45.23173029744126,44.7663348098814,0.00017488888035537798,-1.4760398679878797e-06,0.0,-0.0015458053053275579,0.000834356366438229,1.1078227939682334e-07
4.0299999999996805,0.21213203435596426,0.22101033426842914,-0.3533964725003858,-0.35063930632794976,-0.0012982223380746533,-0.21213175734011094,1.099700666733117e-07,1.0856525406168743e-05,-45.34964117982591,44.64836256717002,0.00018002343899522363,2.069077372274307e-05,0.0,-0.0014909032772129627,0.0008586283512296921,-5.542238981808965e-07
4.039999999999684,0.21213203435596426,0.22101044285957555,-0.4711613861681981,-0.4685591789074176,-0.001734806460428187,-0.21212874934701936,1.1309343929878016e-07,1.0359965049818766e-05,-45.467530494947255,44.53041213713242,0.00018513646504451478,4.2856260658789e-05,0.0,-0.0014359090191942425,0.0008827986552800764,-1.2191942979679563e-06
4.049999999999687,0.21213203435596426,0.22101055100809633,-0.5888972363823429,-0.5864500878279555,-0.0021712764640620524,-0.2121248434658679,1.1620347414085615e-07,9.872547991707907e-06,-45.58539097094925,44.41249079529334,0.00019022765614700108,6.501907627159253e-05,0.0,-0.0013808259084656799,0.0009068658550284291,-1.8840886017951265e-06
4.0599999999996905,0.21213203435596426,0.2210106587075474,-0.7065967606409943,-0.7043047611693735,-0.002607603582046522,-0.21212004069842835,1.192999885259672e-07,9.395777119281568e-06,-45.703215337725226,44.29460581538647,0.00019529671339415361,8.717786860158571e-05,0.0,-0.001325657341849981,0.0009308285433669236,-2.5488662726906274e-06
4.069999999999694,0.21213203435596426,0.22101076595155933,-0.8242526986830813,-0.8221159292302376,-0.0030437590612631266,-0.21211434227150205,1.223828021037205e-07,8.931432400661287e-06,-45.82099632736627,44.176764468905795,0.00020034334136333144,0.00010933127882118467,0.0,-0.0012704067339379204,0.0009546853304588541,-3.2134865656634717e-06
4.079999999999697,0.21213203435596426,0.22101087273383943,-0.9418577929361365,-0.9398763249778294,-0.0034797141652120472,-0.21210774963659812,1.2545173684036108e-07,8.48162422302399e-06,-45.938726674610656,44.058974024654994,0.00020536724864575337,0.0001314779417668592,0.0,-0.0012150775150018278,0.0009784348445482098,-3.87790854361718e-06
4.0899999999997005,0.21213203435596426,0.22101097904817438,-1.059404788963977,-1.0575786844994555,-0.003915440176820648,-0.21210026446955296,1.285066168644371e-07,8.048852883790734e-06,-46.05639911729427,43.94124174829537,0.00021036814766838742,0.0001536164868690906,0.0,-0.0011596731285673455,0.001002075734099884,-4.542091104657937e-06
4.099999999999704,0.21213203435596426,0.22101108488843446,-1.1768864359141924,-1.1752157474545568,-0.004350908401250492,-0.21209188867009204,1.3154726925952862e-07,7.63607106612369e-06,-46.174006396801666,43.823574901892556,0.00021534575534914473,0.00017574553904229967,0.0,-0.0011041970290100345,0.0010256066681486767,-5.205993008112273e-06
4.109999999999707,0.21213203435596426,0.2210111902485782,-1.2942954869654104,-1.2927802575274563,-0.004786090168701587,-0.21208262436133302,1.34573524111087e-07,7.246742537767239e-06,-46.29154125851744,43.70598074346253,0.00022029979316049068,0.00019786371989601807,0.0,-0.0010486526790669942,0.001049026338678086,-5.869572910670439e-06
4.119999999999711,0.21213203435596426,0.22101129512265705,-1.411624699774316,-1.4102649628803938,-0.005220956837211924,-0.21207247388923012,1.3758521404387308e-07,6.884884775876826e-06,-46.40899645227791,43.58846652651713,0.00022522998751747268,0.0002199696487685271,0.0,-0.0009930435474969051,0.001072333460754078,-6.5327893977268685e-06
4.129999999999714,0.21213203435596426,0.22101139950482074,-1.5288668369223934,-1.5276626166062828,-0.005655479795449558,-0.21206143982195994,1.4058217515640882e-07,6.555075645877191e-06,-46.526364732822486,43.47103949960993,0.00023013606992402578,0.0002420619439910302,0.0,-0.0009373731068877539,0.0010955267752296109,-7.1956010210272605e-06
4.139999999999717,0.21213203435596426,0.2210115033893219,-1.6460146663623638,-1.6449659771813319,-0.0060896304654971395,-0.21204952494924845,1.4356424659172067e-07,6.262395718705418e-06,-46.643638860244884,43.35370690588223,0.0002350177773228332,0.00026413922387194495,0.0,-0.0008816448317755354,0.0011186050479124528,-7.85796632803812e-06
4.149999999999721,0.21213203435596426,0.22101160677052076,-1.7630609618642914,-1.762167808916845,-0.006523380305625673,-0.21203673228163905,1.4653127125870017e-07,6.0122717671134785e-06,-46.7608116004436,43.236475982609925,0.000239874852216188,0.0002862001077459125,0.0,-0.0008258621969752161,0.0011415670720409596,-8.519843894708209e-06
4.159999999999724,0.21213203435596426,0.2210117096428898,-1.8799985034613325,-1.8792608824103434,-0.006956700813057465,-0.21202306504970309,1.4948309508710423e-07,5.81019026076571e-06,-46.8778757255719,43.119353960751205,0.00024470704289499267,0.0003082432168618465,0.0,-0.0007700286762704067,0.0011644116678249873,-9.181192351619478e-06
4.169999999999727,0.21213203435596426,0.22101181200101647,-1.9968200778950966,-1.9962379749955736,-0.007389563526715909,-0.2120085267031901,1.5241956824722788e-07,5.661271331088617e-06,-46.99482401448671,43.00234806449557,0.00024951410356598147,0.0003302671751815592,0.0,-0.0007141477413701913,0.0011871376837363486,-9.841970408438709e-06
4.179999999999731,0.21213203435596426,0.22101191383960686,-2.1135184790605934,-2.113091871191289,-0.007821940029961158,-0.21199312091012174,1.5534054388581805e-07,5.569738917618704e-06,-47.11164925319678,42.88546551081421,0.00025429579422449805,0.00035227060994016854,0.0,-0.0006582228612347307,0.0012097439962016415,-1.0502136872164719e-05
4.189999999999734,0.21213203435596426,0.22101201515348728,-2.2300865084507406,-2.229815363148988,-0.00825380195331167,-0.21197685155582627,1.5824587927734771e-07,5.538382246217656e-06,-47.22834423530962,42.76871350901166,0.0002590518810043568,0.000374252152087792,0.0,-0.0006022575017344434,0.001232229509923716,-1.1161650659316077e-05
4.199999999999737,0.21213203435596426,0.22101211593760645,-2.3465169756004016,-2.3464012510992176,-0.00868512097714963,-0.21195972274191688,1.6113543502595013e-07,5.568147156811078e-06,-47.344901762477484,42.652099260279066,0.0002637821359933702,0.00039621043663180713,0.0,-0.0005462551254893616,0.0012545931577932876,-1.1820470807611125e-05
4.209999999999741,0.21213203435596426,0.22101221618703598,-2.462802698529925,-2.462842343796756,-0.009115868834410706,-0.21194173878521178,1.6400907586108724e-07,5.657985275656326e-06,-47.4613146448422,42.53562995724869,0.00026848633733512724,0.0004181441027958194,0.0,-0.0004902191919701759,0.0012768339006027864,-1.2478556481084301e-05
4.219999999999744,0.21213203435596426,0.22101231589697024,-2.5789365041881673,-2.579131458964354,-0.009546017313256425,-0.21192290421659754,1.6686666968101666e-07,5.805012878719369e-06,-47.57757570147899,42.4193127835503,0.00027316426905724263,0.0004400517940692111,0.0,-0.00043415315781709376,0.0012989507270711506,-1.3135866971620165e-05
4.229999999999747,0.21213203435596426,0.2210124150627266,-2.694911228894955,-2.6952614237353183,-0.009975538259729633,-0.21190322377983684,1.6970808806902784e-07,6.004925450640213e-06,-47.69367776083914,42.3031549133685,0.0002778157210904408,0.0004619321581013574,0.0,-0.00037806047730520875,0.001320942652929457,-1.379236169643299e-05
4.239999999999751,0.21213203435596426,0.22101251367974373,-2.810719718782979,-2.8112250750950665,-0.010404403580392838,-0.21188270243031926,1.7253320638490022e-07,6.252538859761809e-06,-47.809613661191754,42.187163511001636,0.0002824404890268335,0.00048378384659778634,0.0,-0.0003219446028411482,0.0013428087206909813,-1.4448000194910067e-05
4.249999999999754,0.21213203435596426,0.22101261174358106,-2.9263548302390765,-2.9270152603213995,-0.010832585244948081,-0.21186134533375794,1.753419031175153e-07,6.542318896578486e-06,-47.925376251064506,42.07134573042171,0.00028703837429803087,0.000505605514993884,0.0,-0.0002658089856528545,0.0013645479992327367,-1.5102742119020479e-05
4.259999999999757,0.21213203435596426,0.22101270924991667,-3.0418094303448826,-3.0426248374240323,-0.01126005528883961,-0.21183915786483024,1.7813406041026536e-07,6.868805092214931e-06,-48.04095838968349,41.955708714835424,0.000291609183857086,0.000527395822283418,0.0,-0.00020965707632733532,0.0013861595832261931,-1.5756547228635662e-05
4.269999999999761,0.21213203435596426,0.22101280619454522,-3.157076397316824,-3.158046675583002,-0.011686785815837486,-0.2118161456057643,1.8090956362179288e-07,7.226894268432989e-06,-48.15635294741226,41.84025959624628,0.00029615272994949483,0.0005491534306772632,0.0,-0.00015349232542780645,0.0014076425922072407,-1.6409375380690038e-05
4.279999999999764,0.21213203435596426,0.22101290257337705,-3.27214862094542,-3.273273655586427,-0.01211274900060337,-0.21179231434487286,1.8366830148475204e-07,7.611994164092991e-06,-48.271552806190115,41.72500549501727,0.00030066883039308527,0.0005708770052633705,0.0,-9.731818403618532e-05,0.0014289961708913806,-1.7061186519521333e-05
4.289999999999767,0.21213203435596426,0.22101299838243485,-3.3870190030338803,-3.388298670267452,-0.01253791709123718,-0.21176767007503156,1.8641016566593373e-07,8.02007871425188e-06,-48.38655085996955,41.60995351943466,0.00030515730807548935,0.0005925652137292854,0.0,-4.1138104226112765e-05,0.0014502194877923417,-1.7711940668419335e-05
4.299999999999771,0.21213203435596426,0.22101309361785285,-3.5016804578359495,-3.503114624940542,-0.012962262411804926,-0.21174221899210677,1.8913505126410242e-07,8.447679544495858e-06,-48.50134001515312,41.49511076527203,0.0003096179912403931,0.0006142167260924611,0.0,1.5044460588770059e-05,0.0014713117356853077,-1.8361597921055796e-05
4.309999999999774,0.21213203435596426,0.22101318827587427,-3.6161259124929908,-3.617714437837159,-0.013385757364847109,-0.21171596749332935,1.9184285642055042e-07,8.891842032951227e-06,-48.615913191029605,41.3804843153553,0.00031405071297864803,0.0006358302144936661,0.0,7.12260554544236e-05,0.0014922721307656828,-1.9010118436042887e-05
4.319999999999777,0.21213203435596426,0.22101328235285023,-3.7303483074702757,-3.7320910405407273,-0.013808374433867038,-0.2116889221756179,1.9453348229169844e-07,9.350065705245671e-06,-48.73026332020954,41.266081239128084,0.0003184553115399652,0.0006574043529790204,0.0,0.00012740322369175216,0.0015130999124601237,-1.965746242901236e-05
4.329999999999781,0.21213203435596426,0.22101337584523764,-3.844340596992448,-3.846237378421278,-0.014230086185799809,-0.21166108983384968,1.9720683306511688e-07,9.820241148250857e-06,-48.84438334906012,41.15190859221755,0.00032283163011663773,0.0006789378173375654,0.0,0.00018357250688492976,0.0015337943431280273,-2.0303590168099674e-05
4.339999999999784,0.21213203435596426,0.22101346874959854,-3.9580957494781344,-3.960146411069288,-0.014650865273459865,-0.21163247745908165,1.998628159322749e-07,1.0300590114939154e-05,-48.95826623813947,41.037973416000895,0.0003271795167862906,0.0007004292850864248,0.0,0.0002397304450474036,0.001554354708260597,-2.0948461974401598e-05
4.349999999999787,0.21213203435596426,0.22101356106259898,-4.071606747973698,-4.073811112728961,-0.015070684437967469,-0.21160309223672127,2.025013411708029e-07,1.0789611923460014e-05,-49.07190496263025,40.92428273717233,0.00033149882460093664,0.0007218774353847232,0.0,0.00029587357675804333,0.001574780316015919,-2.1592038217589313e-05
4.359999999999791,0.21213203435596426,0.22101365278100799,-4.184866590586066,-4.187224472730978,-0.015489516511153698,-0.2115729415446471,2.0512232176086243e-07,1.1286037152194712e-05,-49.185292512772534,40.81084356731059,0.0003357894113007258,0.0007432809490965673,0.0,0.0003519984394786263,0.0015950704971090077,-2.223427931783118e-05
4.369999999999794,0.21213203435596426,0.22101374390169706,-4.297868290914645,-4.300379495924565,-0.015907334417943036,-0.21154203295128055,2.0772567404093747e-07,1.1788788502096278e-05,-49.2984218942961,40.69766290244697,0.00034005113968289043,0.0007646385088844958,0.0,0.000408101569971106,0.0016152246054380972,-2.287514575020038e-05
4.379999999999797,0.21213203435596426,0.22101383442164024,-4.410604878482272,-4.413269203108841,-0.016324111178712977,-0.21151037421360974,2.1031131705757627e-07,1.229694816305767e-05,-49.41128612885182,40.58474772263414,0.00034428387732185576,0.0007859487992940048,0.0,0.0004641795046890745,0.0016352420173466455,-2.35145980447355e-05
4.389999999999801,0.21213203435596426,0.2210139243379133,-4.523069399165192,-4.525886631463371,-0.01673981991162979,-0.2114779732751642,2.1287917281657309e-07,1.2809730824084273e-05,-49.523878254442366,40.47210499151562,0.0003484874966582957,0.0008072105069283603,0.0,0.0005202287802857891,0.0016551221319949015,-2.4152596793265392e-05
4.399999999999804,0.21213203435596426,0.22101401364769369,-4.635254915622011,-4.6382248349779145,-0.017154433834960153,-0.21144483826394272,2.1542916650047062e-07,1.3326461453455277e-05,-49.63619132585192,40.3597416558961,0.000352661874948244,0.0008284223206195525,0.0,0.0005762459341161486,0.0016748643715007096,-2.4789102654087073e-05
4.409999999999807,0.21213203435596426,0.22101410234826135,-4.747154507721635,-4.750276884881245,-0.01756792626935781,-0.2114109774902953,2.1796122603027918e-07,1.3846557042541377e-05,-49.74821841507499,40.24766464531248,0.00035680689451117735,0.0008495829316815233,0.0,0.0006322275047199206,0.001694468180831576,-2.5424076358204342e-05
4.419999999999811,0.21213203435596426,0.2210141904369976,-4.858761272970127,-4.862035870069161,-0.017980270640125,-0.2113763994447566,2.2047528256999432e-07,1.4369511609232922e-05,-49.85995261174438,40.13588087160606,0.00036092244240559915,0.0008706910340759049,0.0,0.0006881700324179757,0.0017139330280169654,-2.6057478716716514e-05
4.429999999999814,0.21213203435596426,0.22101427791138625,-4.970068326936499,-4.97349489753114,-0.0183914404794467,-0.21134111279583642,2.2297126997875757e-07,1.4894883867547149e-05,-49.97138702355794,40.02439722849566,0.00036500841063259466,0.0008917453246415772,0.0,0.0007440700597353189,0.0017332584037714394,-2.6689270625782656e-05
4.439999999999817,0.21213203435596426,0.22101436476901298,-5.081068803677348,-5.084647092776216,-0.018801409428599036,-0.21130512638776305,2.2544912552952018e-07,1.542228706994479e-05,-50.08251477670427,39.91322059115182,0.0003690646960404143,0.0009127445033771267,0.0,0.0007999241319254751,0.0017524438223714294,-2.7319413075703855e-05
4.449999999999821,0.21213203435596426,0.22101445100756567,-5.191755856160414,-5.195485600257628,-0.019210151240130105,-0.21126844923818364,2.2790878910093563e-07,1.595138061888342e-05,-50.19332901628738,39.80235781577214,0.0003730912005789185,0.0009336872735432695,0.0,0.0008557287973619043,0.001771488820121197,-2.7947867153885016e-05
4.459999999999824,0.21213203435596426,0.22101453662483497,-5.302122656686919,-5.306003583795999,-0.019617639780011922,-0.211231090535821,2.3035020356254104e-07,1.6481863118463003e-05,-50.303822906749964,39.691815739157974,0.000377087830886105,0.0009545723420034984,0.0,0.0009114806079951687,0.0017903929574291048,-2.857459405533206e-05
4.4699999999998274,0.21213203435596426,0.22101462161871288,-5.412162397312731,-5.41619422700159,-0.020023849029764937,-0.21119305963808566,2.3277331510402578e-07,1.7013466600518613e-05,-50.413989632295625,39.581601178292445,0.0003810544985425538,0.0009753984192978548,0.0,0.0009671761196800355,0.0018091558167652301,-2.9199555085185064e-05
4.479999999999831,0.21213203435596426,0.22101470598719336,-5.5218682902683165,-5.526050733695111,-0.020428753088553298,-0.21115436606864763,2.3517807275546886e-07,1.7545951711141263e-05,-50.5238223973097,39.47172092991948,0.00038499112003962104,0.0009961642198678526,0.0,0.0010228118924893337,0.001827777003705767,-2.98227116644342e-05
4.489999999999834,0.21213203435596426,0.22101478972837257,-5.631233568377436,-5.635566328327048,-0.020832326175250132,-0.2111150195149666,2.3756442817702246e-07,1.8079103682344276e-05,-50.633314426778746,39.362181770124664,0.00038889761666493957,0.0010168684621741676,0.0,0.0010783844909978886,0.0018462561461581712,-3.044402533506517e-05
4.4999999999998375,0.21213203435596426,0.2210148728404472,-5.740251485474578,-5.744734256395824,-0.02123454263047367,-0.21107502982577936,2.3993233658071505e-07,1.8612728949145983e-05,-50.742458966708796,39.25299045391713,0.0003927739145978352,0.001037509868858648,0.0,0.0011338904844934521,0.001864592894940304,-3.1063457763286557e-05
4.509999999999841,0.21213203435596426,0.22101495532171495,-5.848915316821097,-5.853547784864453,-0.021635376918592977,-0.21103440700854936,2.42281755589203e-07,1.9146652299150678e-05,-50.85124928454207,39.14415371481317,0.0003966199447248547,0.0010580871667983768,0.0,0.0011893264471812548,0.0018827869227818368,-3.168097074270723e-05
4.519999999999844,0.21213203435596426,0.22101503717057347,-5.9572183595200245,-5.962000202575659,-0.02203480362970263,-0.2109931612268758,2.446126458933553e-07,1.9680714460741465e-05,-50.95967866957246,39.03567826442114,0.0004004356427860712,0.0010785990872381392,0.0,0.001244688958351467,0.001900837924586923,-3.229652619735817e-05
4.5299999999998475,0.21213203435596426,0.2210151183855195,-6.065153932929531,-6.0700848206657465,-0.02243279748156729,-0.21095130279786417,2.469249710361654e-07,2.0214770056503118e-05,-51.06774043335945,38.92757079202797,0.0004042209489488903,0.0010990443658901727,0.0,0.0012999746025529834,0.0019187456175839821,-3.291008618548068e-05
4.539999999999851,0.21213203435596426,0.22101519896514832,-6.17271537907503,-6.1777949729768125,-0.02282933332153446,-0.2109088421894596,2.4921869741527785e-07,2.0748685859719935e-05,-51.17542791014066,38.81983796418703,0.00040797580832966,0.0011194217428611725,0.0,0.001355179969610623,0.0019365097397706572,-3.352161289642958e-05
4.549999999999854,0.21213203435596426,0.22101527890815262,-6.279896063059861,-6.285124016467698,-0.02322438612841657,-0.21086579001774258,2.514937943015491e-07,2.128233930455645e-05,-51.28273445724299,38.71248642430759,0.00041170017042753345,0.0011397299628401543,0.0,0.0014103016548641211,0.001954130051349084,-3.413106865770992e-05
4.5599999999998575,0.21213203435596426,0.2210153582133216,-6.38668937347457,-6.3920653316231375,-0.0236179310143403,-0.2108221570441891,2.5375023358884206e-07,2.181561720778566e-05,-51.38965345549207,38.6055227922458,0.0004153939893979953,0.0011599677750309609,0.0,0.001465336259129779,0.0019716063329673038,-3.473841593141834e-05
4.569999999999861,0.21213203435596426,0.22101543687953998,-6.493088722804732,-6.498612322861747,-0.024009943226565272,-0.21077795417289502,2.5598798998171125e-07,2.2348414670018456e-05,-51.49617830962059,38.49895366389713,0.0004190572238047792,0.0011801339332355699,0.0,0.001520280388905132,0.0019889383865884453,-3.534361731790391e-05
4.579999999999864,0.21213203435596426,0.22101551490578683,-6.59908754783729,-6.604758418942209,-0.024400398149269545,-0.21073319244776606,2.582070410113239e-07,2.2880634126676913e-05,-51.60230244867476,38.39278561079034,0.0004226898366962008,0.001200227195871296,0.0,0.0015751306564340012,0.0020061260345300594,-3.5946635555904235e-05
4.5899999999998675,0.21213203435596426,0.22101559229113438,-6.70467931006542,-6.710497073368244,-0.024789271305303964,-0.21068788304967367,2.604073665342468e-07,2.3412184527298995e-05,-51.70801932641954,38.28702517968303,0.0004262917954588525,0.001220246325968343,0.0,0.0016298836798046973,0.0020231691193603922,-3.654743352232154e-05
4.599999999999871,0.21213203435596426,0.2210156690347467,-6.809857496091846,-6.815821764791788,-0.0251765383579131,-0.21064203729357828,2.625889494019153e-07,2.3942980622414283e-05,-51.81332242174219,38.18167889215863,0.00042986307176671415,0.001240190091216141,0.0,0.0016845360830959415,0.0020400675040001958,-3.71459742340607e-05
4.609999999999874,0.21213203435596426,0.22101574513587935,-6.914615618030621,-6.92072599741461,-0.025562175112423605,-0.21059566662562115,2.647517749205673e-07,2.44729423428762e-05,-51.918205239054316,38.0767532442251,0.0004334036415620703,0.0012600572639769963,0.0,0.001739084496457155,0.0020568210706820894,-3.7742220847609804e-05
4.6199999999998775,0.21213203435596426,0.22101582059387725,-7.0189472139073255,-7.025203301388711,-0.025946157517900803,-0.21054878262018334,2.6689583094977085e-07,2.5001994258737485e-05,-52.022661308692356,37.972254705914935,0.00043691348499189857,0.0012798466213325955,0.0,0.0017935255563178182,0.0020734297216557025,-3.833613666137879e-05
4.629999999999881,0.21213203435596426,0.22101589540817418,-7.1228458480576835,-7.1292472332147305,-0.026328461668771008,-0.21050139697691567,2.6902110786736486e-07,2.5530065104604634e-05,-52.12668418731651,37.86818972088704,0.00044039258631245324,0.0012995569451461331,0.0,0.0018478559055325554,0.0020898933781359776,-3.8927685116818355e-05
4.639999999999884,0.21213203435596426,0.2210159695782913,-7.2263051115245345,-7.232851376139088,-0.026709063806411887,-0.21045352151773847,2.7112759870185546e-07,2.6057087364348914e-05,-52.23026745830809,37.76456470602992,0.00044384093395923756,0.0013191870220283415,0.0,0.0019020721935275487,0.0021062119804495416,-3.951682979798234e-05
4.649999999999888,0.21213203435596426,0.2210160431038363,-7.329318622453168,-7.336009340549221,-0.027087940320708506,-0.21040516818381283,2.7321529864844115e-07,2.6582996904738637e-05,-52.33340473216512,37.66138605106671,0.0004472585203370869,0.0013387356434586856,0.0,0.0019561710765224312,0.0021223854876452424,-4.0103534434507695e-05
4.659999999999891,0.21213203435596426,0.2210161159845023,-7.431880026484995,-7.43871476436742,-0.02746506775157699,-0.21035634903248407,2.752842054243376e-07,2.710773265343399e-05,-52.43608964689649,37.55866011816164,0.0004506453418074467,0.0013582016058722114,0.0,0.002010149217747065,0.0021384138776126905,-4.0687762904591794e-05
4.669999999999894,0.21213203435596426,0.2210161882200667,-7.53398299714951,-7.540961313443003,-0.027840422790454525,-0.2103070762341978,2.7733431962827934e-07,2.763123631434257e-05,-52.53831586841429,37.456393241528275,0.00045400139881559464,0.0013775837106334739,0.0,0.0020640032876291263,0.0021542971461586,-4.126947923410912e-05
4.679999999999898,0.21213203435596426,0.22101625981038986,-7.63562123625453,-7.642742681942552,-0.028213982281754993,-0.21025736206939002,2.7936564342307487e-07,2.8153452114835048e-05,-52.64007709092456,37.354591727039455,0.0004573266955407797,0.0013968807642326243,0.0,0.002117729964101414,0.0021700353075585874,-4.1848647602658995e-05
4.689999999999901,0.21213203435596426,0.22101633075541444,-7.736788474274711,-7.744052592738614,-0.02858572322429151,-0.2102072189253522,2.8137818205854805e-07,2.8674326582023574e-05,-52.74136703731619,37.25326185183897,0.000460621239972555,0.001416091578239519,0.0,0.0021713259327135804,0.0021856283937597247,-4.2425232341429565e-05
4.699999999999904,0.21213203435596426,0.22101640105516437,-7.8374784707382705,-7.844884797796744,-0.028955622772665585,-0.21015665929307203,2.833719426163359e-07,2.9193808344320618e-05,-52.84217945954822,37.152409863954716,0.00046388504404436183,0.0014352149694183583,0.0,0.0022247878869484706,0.0022010764542367773,-4.299919793814883e-05
4.709999999999908,0.21213203435596426,0.2210164707097433,-7.937685014611935,-7.945233078560619,-0.02932365823862161,-0.21010569576404953,2.8534693451309915e-07,2.9711847953619834e-05,-52.942508139035226,37.052041981913966,0.0004671181233663625,0.0014542497598995286,0.0,0.002278112528455001,0.0022163795562235014,-4.357050904005824e-05
4.719999999999911,0.21213203435596426,0.2210165397193343,-8.037401924684064,-8.045091246335378,-0.029689807092367848,-0.21005434102709247,2.873031697301612e-07,3.0228397727341864e-05,-53.04234688703104,36.952164394360295,0.0004703204972063574,0.001473194777198806,0.0,0.0023312965673280366,0.002231537783913075,-4.4139130456789636e-05
4.729999999999914,0.21213203435596426,0.22101660808419835,-8.136623049945932,-8.144453142669125,-0.03005404696386313,-0.2100026078650883,2.8924066237529593e-07,3.074341160646248e-05,-53.141689545010536,36.85278325967229,0.00047349218848978454,0.00149204885429778,0.0,0.0023843367222962596,0.0022465512384224093,-4.470502716126692e-05
4.739999999999918,0.21213203435596426,0.22101667580467332,-8.235342269971163,-8.243312639732657,-0.03041635564407004,-0.20995050915175587,2.9115942835813994e-07,3.125684502893757e-05,-53.240529985049555,36.75390470558423,0.00047663322376791453,0.001510810829774339,0.0,0.0024372297209607763,0.0022614200376088424,-4.526816429344357e-05
4.749999999999921,0.21213203435596426,0.22101674288117337,-8.333553495293257,-8.3416636406973,-0.030776711086174025,-0.20989805784837762,2.930594862534297e-07,3.176865481605045e-05,-53.33886211020309,36.655534828808484,0.0004797436330651834,0.0015294795478772777,0.0,0.0024899723001068825,0.002276144315860023,-4.58285071641101e-05
4.759999999999924,0.21213203435596426,0.22101680931418693,-8.431250667781221,-8.439500080110582,-0.031135091406767457,-0.20984526700051137,2.9494085633185073e-07,3.2278799068893076e-05,-53.43667985488134,36.55767969466017,0.0004828234499173599,0.0015480538585837535,0.0,0.002542561205833846,0.0022907242236147427,-4.638602125495296e-05
4.769999999999928,0.21213203435596426,0.22101687510427664,-8.528427761013257,-8.536815924270348,-0.03149147488700135,-0.2097921497346857,2.9680356142251354e-07,3.2787237077083445e-05,-53.533977185223996,36.46034533668332,0.00048587271135246157,0.001566532617741103,0.0,0.0025949931938548166,0.0023051599275533763,-4.694067222385651e-05
4.779999999999931,0.21213203435596426,0.22101694025207766,-8.625078780648511,-8.633605171596532,-0.03184583997370155,-0.20973871925507664,2.9864762614614485e-07,3.3293929234355994e-05,-53.630748099472456,36.36353775627938,0.0004888914576490326,0.001584914687133392,0.0,0.0026472650296963164,0.0023194516097775563,-4.749242590659221e-05
4.789999999999934,0.21213203435596426,0.22101700475829658,-8.721197764796829,-8.729861853001367,-0.032198165280452676,-0.2096849888401684,3.004730769404018e-07,3.379883696413412e-05,-53.72698662834019,36.267262922337466,0.0004918797324824503,0.001603198934536392,0.0,0.002699373488895154,0.002333599467856594,-4.8041248317837914e-05
4.799999999999938,0.21213203435596426,0.2210170686237104,-8.816778784386502,-8.825580032256964,-0.032548429588646025,-0.20963097183939894,3.0227994264813535e-07,3.430192264985734e-05,-53.822686835380864,36.17152677086696,0.0004948375827849794,0.0016213842338191492,0.0,0.0027513153572097356,0.0023476037146516852,-4.858710565565527e-05
4.809999999999941,0.21213203435596426,0.22101713184916544,-8.911815943530017,-8.9207538063615,-0.03289661184849611,-0.20957668166979065,3.0406825384829493e-07,3.480314957389296e-05,-53.91784281735468,36.07633520463168,0.0004977650586885227,0.0016394694650010283,0.0,0.002803087430829343,0.002361464577739184,-4.912996430216139e-05
4.819999999999944,0.21213203435596426,0.22101719443557566,-9.006303379887736,-9.015377305902893,-0.03324269118002192,-0.20952213181256713,3.058380431259731e-07,3.530248186050139e-05,-54.01244870459246,35.98169409278668,0.0005006622134355659,0.0016574535143738013,0.0,0.002854686516569141,0.0023751822993758197,-4.966979082695125e-05
4.829999999999948,0.21213203435596426,0.22101725638392195,-9.100235265029504,-9.109444695420581,-0.033586646873995415,-0.20946733580975774,3.075893449391699e-07,3.579988442462421e-05,-54.10649866135778,35.88760927051661,0.0005035291034046207,0.0016753352744872732,0.0,0.002906109432048254,0.0023887571359457816,-5.020655198773395e-05
4.839999999999951,0.21213203435596426,0.22101731769525076,-9.19360580479419,-9.202950173765174,-0.03392845839285666,-0.2094123072607902,3.0932219532113236e-07,3.6295322925071e-05,-54.19998688620694,35.794086538676616,0.00050636578790031,0.001693113644323545,0.0,0.0029573530059007922,0.002402189358166026,-5.0740214734620505e-05
4.849999999999954,0.21213203435596426,0.2210173783706724,-9.286409239647085,-9.295887974455795,-0.034268105371594956,-0.20935705981907138,3.110366325124214e-07,3.678876372093755e-05,-54.29290761234675,35.70113166343518,0.0005091723292424225,0.001710787529224699,0.0,0.0030084140778996126,0.002415479250110255,-5.127074620853051e-05
4.859999999999958,0.21213203435596426,0.22101743841136026,-9.378639845035186,-9.388252366035665,-0.03460556761859861,-0.20930160718855942,3.127326963579451e-07,3.728017383342077e-05,-54.385255107990346,35.60875037591902,0.00051194879263869,0.001728355841065769,0.0,0.003059289499199666,0.0024286271094033493,-5.17981137462366e-05
4.869999999999961,0.21213203435596426,0.22101749781854962,-9.47029193174031,-9.480037652425086,-0.034940825116470245,-0.209245963120326,3.144104283481652e-07,3.7769520909264844e-05,-54.47702367671064,35.51694837186046,0.0005146952461148159,0.0017458174982898987,0.0,0.0031099761325014824,0.0024416332468677163,-5.2322284881491774e-05
4.879999999999964,0.21213203435596426,0.2210175565935355,-9.56135984623002,-9.571238173272507,-0.035273858022810314,-0.20919014140910963,3.160698716567096e-07,3.8256773187823555e-05,-54.568207657791724,35.4257313112467,0.0005174117604063365,0.0017631714259443683,0.0,0.003160470852193506,0.0024544979858693054,-5.284322734525358e-05
4.889999999999968,0.21213203435596426,0.22101761473767212,-9.651837971006392,-9.661848304303318,-0.03560464667096837,-0.20913415588986312,3.1771107124341294e-07,3.874189947115934e-05,-54.65880142657803,35.3351048179714,0.0005200984090413149,0.0017804165557661642,0.0,0.003210770544601413,0.0024672216626055567,-5.336090906991211e-05
4.899999999999971,0.21213203435596426,0.2210176722523714,-9.741720724952495,-9.751862457666304,-0.035933171570761424,-0.20907802043429358,3.1933407368113704e-07,3.922486909580212e-05,-54.74879939482121,35.2450744794886,0.0005227552681049801,0.0017975518261945638,0.0,0.0032608721080644304,0.0024798046250337777,-5.3875298188043513e-05
4.909999999999974,0.21213203435596426,0.22101772913910117,-9.83100256367668,-9.841275082278038,-0.03625941340916132,-0.20902174894739692,3.209389267750213e-07,3.9705651907472544e-05,-54.83819601102486,35.1556458464688,0.0005253824162333664,0.0018145761825042212,0.0,0.0033107724532262183,0.0024922472333977555,-5.438636303778758e-05
4.919999999999978,0.21213203435596426,0.22101778539938458,-9.91967797985458,-9.930080664164876,-0.03658335305094994,-0.20896535536398841,3.225256803181445e-07,4.0184218237520164e-05,-54.92698576078693,35.066824432457175,0.0005279799345815067,0.0018314885767892128,0.0,0.003360468503135661,0.0025045498592456425,-5.4894072161350774e-05
4.929999999999981,0.21213203435596426,0.22101784103479788,-10.007741503568827,-10.018273726802736,-0.03690497153934319,-0.20890885364522838,3.240943852803157e-07,4.066053888115506e-05,-55.01516316713983,34.97861571353437,0.000530547906740739,0.001848287968067879,0.0,0.003409957193456026,0.0025167128854444937,-5.539839430804058e-05
4.939999999999984,0.21213203435596426,0.22101789604696961,-10.095187702646463,-10.105848831454452,-0.037224250096583686,-0.20885225777514604,3.256450942435702e-07,4.1134585077241114e-05,-55.10272279088826,34.89102512797935,0.0005330864186560123,0.0018649733222925904,0.0,0.0034592354726306674,0.002528736705819854,-5.5899298435972394e-05
4.949999999999988,0.21213203435596426,0.22101795043757913,-10.182011182994017,-10.192800577504974,-0.037541170124503115,-0.20879558175716098,3.271778609081241e-07,4.1606328490086885e-05,-55.189659230944706,34.80405807593476,0.0005355955585877188,0.0018815436124866817,0.0,0.0035083003021017687,0.002540621724801266,-5.639675371426455e-05
4.959999999999991,0.21213203435596426,0.22101800420835532,-10.268206588930251,-10.2791236027941,-0.03785571320505382,-0.20873883961060358,3.286927408396422e-07,4.20757411923049e-05,-55.2759671246626,34.7177199190744,0.000538075417016278,0.0018979978187412907,0.0,0.0035571486564623224,0.002552368357338513,-5.689072952433408e-05
4.969999999999994,0.21213203435596426,0.22101805736107472,-10.353768603516508,-10.364812583946856,-0.03816786110081011,-0.20868204536723467,3.301897903590756e-07,4.2542795648746615e-05,-55.3616411481671,34.632015980273394,0.0005405260865976091,0.0019143349283075842,0.0,0.0036057775236787324,0.0025639770280073636,-5.738119546247353e-05
4.979999999999998,0.21213203435596426,0.22101810989756104,-10.438691948884694,-10.449862236701483,-0.038477595755439964,-0.20862521306776735,3.3166906739852223e-07,4.300746470203765e-05,-55.44667601668346,34.54695154328049,0.0005429476620168248,0.0019305539356307153,0.0,0.003654183905233316,0.002575448171625394,-5.786812134022192e-05
4.990000000000001,0.21213203435596426,0.2210181618196828,-10.522971386562844,-10.534267316235145,-0.03878489929414752,-0.2085683567583883,3.3313063126877433e-07,4.346972155916465e-05,-55.53106648486306,34.46253185239276,0.0005453402400772874,0.0019466538424353515,0.0,0.0037023648163431845,0.002586782231847971,-5.8351477187311845e-05
5.000000000000004,0.21213203435596426,0.22101821312935277,-10.606601717798247,-10.618022617486977,-0.03908975402408574,-0.2085114904872834,3.3457454203028484e-07,4.392953977861575e-05,-55.61480734710691,34.378762112132975,0.0005477039195097754,0.001962633657774852,0.0,0.003750317286131516,0.0025979796619782134,-5.883123325334554e-05
5.010000000000008,0.21213203435596426,0.22101826382852627,-10.689577783878145,-10.701122975478812,-0.03939214243474075,-0.20845462830116568,3.3600086137779834e-07,4.438689325870334e-05,-55.697893437886805,34.29564748692916,0.0005500388010106503,0.001978492398091909,0.0,0.0037980383578183454,0.002609040923573598,-5.93073600093687e-05
5.020000000000011,0.21213203435596426,0.2210183139191994,-10.771894466447922,-10.783563265633562,-0.039692047198288075,-0.20839778424180677,3.3740965173078075e-07,4.484175622697151e-05,-55.780319632063936,34.2131931007968,0.0005523449869047164,0.001994229087315071,0.0,0.0038455250889344846,0.0026199664870554776,-5.9779828150602495e-05
5.0300000000000145,0.21213203435596426,0.22101836340340839,-10.853546687826856,-10.865338404090844,-0.039989451169920226,-0.20834097234257515,3.3880097675185073e-07,4.529410322978828e-05,-55.86208084520504,34.13140403702336,0.0005546225816159459,0.0020098427568464145,0.0,0.00389277455145505,0.002630756830933306,-6.024860859681385e-05
5.040000000000018,0.21213203435596426,0.22101841228322794,-10.934529411321316,-10.946443348020264,-0.040284337388147115,-0.2082842066249788,3.4017490132080023e-07,4.5743909123070816e-05,-55.943172033896076,34.05028533785555,0.000556871690910504,0.0020253324457217923,0.0,0.00393978383204494,0.0026414124414798194,-6.07136724960451e-05
5.050000000000021,0.21213203435596426,0.2210184605607695,-11.014837641535449,-11.026873095932226,-0.04057668907506935,-0.2082275010952145,3.415314910541563e-07,4.619114906363331e-05,-56.02358819605329,33.96984200418885,0.000559092422488333,0.0020406972005785726,0.0,0.003986550032185465,0.0026519338124804327,-6.117499122405644e-05
5.0600000000000245,0.21213203435596426,0.22101850823818023,-11.094466424679338,-11.106622687985933,-0.040866489636624106,-0.20817086974072582,3.428708125250014e-07,4.6635798500479594e-05,-56.10332437123179,33.890078995259955,0.0005612848853534032,0.002055936075777289,0.0,0.004033070268409533,0.0026623214450813256,-6.163253638899794e-05
5.070000000000028,0.21213203435596426,0.22101855531764186,-11.173410848874546,-11.185687206295174,-0.04115372266280573,-0.20811432652676842,3.441929335483145e-07,4.7077833167878456e-05,-56.18237564093158,33.811001228341226,0.0005634491903098786,0.0020710481334361526,0.0,0.004079341672444181,0.002672575847404923,-6.208627983091109e-05
5.080000000000031,0.21213203435596426,0.2210186018013684,-11.251666044457131,-11.264061775231195,-0.04143837192785921,-0.20805788539298448,3.454979223409367e-07,4.751722907741006e-05,-56.26073712890086,33.73261357843846,0.0005655854492751172,0.0020860324434993486,0.0,0.004125361391401119,0.0026826975338945743,-6.253619362444697e-05
5.0900000000000345,0.21213203435596426,0.22101864769160603,-11.32922718427802,-11.341741561723225,-0.04172042139044943,-0.2080015602499885,3.467858483141458e-07,4.795396251201956e-05,-56.33840400143694,33.65492087799051,0.0005676937757821989,0.0021008880837889783,0.0,0.00417112658796053,0.0026926870255652214,-6.298225008052613e-05
5.100000000000038,0.21213203435596426,0.22101869299063048,-11.40608948400075,-11.418721775556122,-0.04199985519380407,-0.20794536497596205,3.4805678161930076e-07,4.838801001895859e-05,-56.415371467684366,33.57792791657214,0.0005697742845219257,0.0021156141400608067,0.0,0.0042166344405401455,0.0027025448492129026,-6.342442174809997e-05
5.110000000000041,0.21213203435596426,0.22101873770074643,-11.482248202396628,-11.49499766966559,-0.04227665766583308,-0.20788931341326158,3.4931079287815427e-07,4.8819348404218996e-05,-56.49163477993039,33.50163944059921,0.0005718270914764044,0.0021302097061055474,0.0,0.004261882143491292,0.0027122715375810513,-6.38626814167213e-05
5.1200000000000445,0.21213203435596426,0.2210187818242857,-11.55769864163717,-11.570564540430697,-0.04255081331922379,-0.20783341936503802,3.505479538663865e-07,4.924795472713141e-05,-56.56718923389794,33.42606015303655,0.0005738523137536585,0.0021446738837119774,0.0,0.0043068669072303225,0.0027218676284174723,-6.429700211585493e-05
5.130000000000048,0.21213203435596426,0.2210188253636061,-11.632436147583865,-11.645417727963533,-0.04282230685151191,-0.20777769659186995,3.5176833666961933e-07,4.967380629479824e-05,-56.64203016903572,33.351194713108654,0.0005758500695812666,0.0021590057828049297,0.0,0.0043515859584290105,0.002731333664608087,-6.472735711885768e-05
5.140000000000051,0.21213203435596426,0.22101886832109005,-11.70645611007532,-11.71955261639643,-0.043091123145130195,-0.20772215880841063,3.5297201412704665e-07,5.0096880657293064e-05,-56.71615296880574,33.27704773601288,0.0005778204782236681,0.0021732045214612563,0.0,0.004396036540204359,0.0027406701939223263,-6.515371994343793e-05
5.1500000000000545,0.21213203435596426,0.2210189106991428,-11.779753963211565,-11.792964634166248,-0.043357247267433896,-0.20766681968004966,3.541590597801829e-07,5.051715560300296e-05,-56.789553060968046,33.20362379263555,0.0005797636598803856,0.0021872692259967312,0.0,0.004440215912248571,0.0027498777685149257,-6.557606435432051e-05
5.160000000000058,0.21213203435596426,0.22101895250019163,-11.852325185635772,-11.865649254296052,-0.04362066447070455,-0.20761169281959094,3.55329547451013e-07,5.093460915412236e-05,-56.86222591786279,33.13092740927069,0.0005816797356733025,0.002201199030984944,0.0,0.004484121351032494,0.0027589569444263964,-6.599436436354427e-05
5.170000000000061,0.21213203435596426,0.22101899372668388,-11.924165300813083,-11.937601994674003,-0.043881360192131874,-0.20755679178394598,3.5648355181952374e-07,5.134921956267208e-05,-56.934167056689475,33.05896306734148,0.000583568827538524,0.002214993079302707,0.0,0.00452775014994525,0.0027679082815374053,-6.640859423324999e-05
5.1800000000000646,0.21213203435596426,0.22101903438108592,-11.995269877306812,-12.008818418329483,-0.04413932005377495,-0.20750213007084545,3.576211476811632e-07,5.176096530643322e-05,-57.005372039783545,32.98773520312458,0.0005854310580800721,0.0022286505222547178,0.0,0.004571099619492622,0.0027767323436501032,-6.681872847663372e-05
5.190000000000068,0.21213203435596426,0.22101907446588162,-12.065634529051737,-12.079294133706412,-0.04439452986250246,-0.20744772111556758,3.587424103854189e-07,5.2169825085316396e-05,-57.075836474890025,32.91724820747719,0.0005872665508243294,0.0022421705194658947,0.0,0.0046141670873631095,0.002785429696849201,-6.722474185741962e-05
5.200000000000071,0.21213203435596426,0.22101911398357102,-12.135254915624701,-12.149024794933846,-0.04464697560991336,-0.20739357828768604,3.598474158838163e-07,5.257577781785429e-05,-57.14555601543448,32.8475064255668,0.000589075429711151,0.0022555522391454435,0.0,0.004656949898728066,0.002794000910868213,-6.762660939602223e-05
5.210000000000075,0.21213203435596426,0.22101915293666888,-12.204126742512308,-12.218006102093586,-0.044896643472237555,-0.2073397148878367,3.609362399847307e-07,5.2978802637748955e-05,-57.21452636079116,32.77851415660399,0.0005908578193610301,0.002268794857970219,0.0,0.004699445416308847,0.002802446557615582,-6.802430636741154e-05
5.220000000000078,0.21213203435596426,0.22101919132770323,-12.272245761375878,-12.286233801485173,-0.04514351981021823,-0.20728614414450455,3.620089593892926e-07,5.337887889079391e-05,-57.282743256548244,32.71027565357789,0.0005926138448015716,0.002281897561189176,0.0,0.004741651020562618,0.0028107672112032624,-6.841780830324331e-05
5.230000000000081,0.21213203435596426,0.2210192291592142,-12.339607770313437,-12.35370368588789,-0.04538759116897549,-0.20723287921083175,3.630656504944525e-07,5.3775986132045426e-05,-57.35020249477026,32.64279512299451,0.0005943436315374627,0.00229485954270218,0.0,0.004783564109842627,0.002818963447891577,-6.880709099467542e-05
5.240000000000085,0.21213203435596426,0.22101926643375275,-12.406208614118984,-12.420411594819903,-0.045628844277852146,-0.20717993316144714,3.6410639033195775e-07,5.417010412274336e-05,-57.4168999142577,32.576076724617884,0.0005960473054105305,0.0023076800050579565,0.0,0.0048251821005836654,0.002827035845326121,-6.919213049195588e-05
5.250000000000088,0.21213203435596426,0.2210193031538785,-12.472044184538756,-12.486353414794642,-0.045867266050242425,-0.2071273189893171,3.651312558752026e-07,5.4561212827831986e-05,-57.482831400803654,32.51012457121435,0.0005977249925106844,0.0023203581595233986,0.0,0.00486650242740159,0.0028349849826977695,-6.957290310706974e-05
5.260000000000091,0.21213203435596426,0.2210193393221596,-12.537110420524641,-12.551525079574123,-0.04610284358340391,-0.20707504960262144,3.6614032444751427e-07,5.4949292413492575e-05,-57.547992887447535,32.444942728299296,0.0005993768193603897,0.0023328932261214726,0.0,0.004907522543256018,0.002842811439895101,-6.994938541374797e-05
5.270000000000095,0.21213203435596426,0.2210193749411704,-12.601403308484734,-12.615922570419407,-0.04633556415825296,-0.2070231378216505,3.671336732042358e-07,5.5334323244227245e-05,-57.61238035472604,32.38053521388725,0.0006010029125202785,0.002345284433720742,0.0,0.004948239919672896,0.00285051579777199,-7.032155425233639e-05
5.280000000000098,0.21213203435596426,0.22101941001349043,-12.664918882530841,-12.679541916338186,-0.04656541523914502,-0.20697159637572832,3.6811137969241916e-07,5.5716285880990735e-05,-57.67598983092105,32.316905998244685,0.0006026033985000936,0.002357531020047296,0.0,0.004988652046867841,0.002858098637677455,-7.068938672738395e-05
5.290000000000101,0.21213203435596426,0.2210194445417033,-12.727653224723188,-12.74237919432954,-0.046792384473640425,-0.20692043790016026,3.6907352110924086e-07,5.609516107932646e-05,-57.738817392304654,32.25405900364557,0.0006041784040767445,0.002369632231698828,0.0,0.00502875643387043,0.002865560540781226,-7.105286021042128e-05
5.300000000000105,0.21213203435596426,0.2210194785283949,-12.789602465312026,-12.80443052962531,-0.047016459692253904,-0.2068696749332059,3.70020174932565e-07,5.647092978644504e-05,-57.800859163381055,32.19199810413043,0.0006057280559762523,0.0023815873242495544,0.0,0.00506855060866792,0.002872902088234239,-7.141195234147349e-05
5.310000000000108,0.21213203435596426,0.22101951197615238,-12.850762782976402,-12.865692095929022,-0.04723762890819243,-0.2068193199130789,3.709514184709638e-07,5.684357313992797e-05,-57.86211131712578,32.13072712526773,0.0006072524806574709,0.002393395562273139,0.0,0.00510803211843453,0.0028801238609119308,-7.17666410310199e-05
5.320000000000111,0.21213203435596426,0.22101954488756295,-12.911130405059819,-12.92616011565147,-0.04745588031707833,-0.2067693851749736,3.718673289667318e-07,5.72130724656772e-05,-57.922570075221664,32.0702498439187,0.0006087518046555875,0.0024050562193846238,0.0,0.0051471985295926,0.0028872264384877814,-7.211690445974634e-05
5.330000000000115,0.21213203435596426,0.22101957726521215,-12.970701607803006,-12.985830860143468,-0.04767120229666029,-0.20671988294811888,3.7276798355128733e-07,5.757940927605961e-05,-57.98223170829194,32.010569988005,0.0006102261541877345,0.0024165685782785765,0.0,0.005186047428041246,0.0028942104000140344,-7.246272108194811e-05
5.340000000000118,0.21213203435596426,0.2210196091116831,-13.029472716573554,-13.0447006499255,-0.04788358340651204,-0.20667082535286105,3.736534590703237e-07,5.794256526846698e-05,-58.0410925361303,31.951691236279316,0.0006116756552165994,0.002427931930801631,0.0,0.005224576419255904,0.0029010763230343825,-7.280406962494969e-05
5.350000000000121,0.21213203435596426,0.2210196404295545,-13.087440106092656,-13.102765854914292,-0.04809301238771904,-0.20662222439777447,3.7452383241163284e-07,5.8302522322933927e-05,-58.09914892792781,31.893617218099212,0.0006131004333232033,0.0024391455779659626,0.0,0.005262783128425476,0.0029078247834332994,-7.314092909144424e-05
5.360000000000125,0.21213203435596426,0.22101967122140023,-13.144600200658658,-13.160022894646657,-0.04829947816255574,-0.206574091976803,3.753791798758805e-07,5.8659262502024704e-05,-58.15639730249707,31.836351513203734,0.0006145006136814559,0.002450208829968524,0.0,0.00530066520066687,0.002914456355135378,-7.347327876050102e-05
5.370000000000128,0.21213203435596426,0.22101970148978722,-13.200949474367697,-13.21646823849973,-0.048502969834149964,-0.20652643986643016,3.762195777365707e-07,5.9012768047730175e-05,-58.212834128492844,31.779897651493403,0.0006158763211472122,0.002461121006337546,0.0,0.005338220301067317,0.002920971610274468,-7.380109818924212e-05
5.380000000000131,0.21213203435596426,0.2210197312372749,-13.256484451331124,-13.27209840590863,-0.04870347668613974,-0.20647927972288133,3.770451020063821e-07,5.936302138113468e-05,-58.26845592463016,31.724259112812895,0.0006172276799402156,0.002471881435853291,0.0,0.005375446114936039,0.0029273711180537966,-7.412436721345387e-05
5.390000000000135,0.21213203435596426,0.22101976046641347,-13.31120170588998,-13.326909966580903,-0.04890098818231996,-0.2064326230793558,3.7785582812577706e-07,5.9710005100979e-05,-58.3232592598989,31.66943932673711,0.0006185548137331543,0.0024824894566354903,0.0,0.0054123403478457555,0.002933655445089245,-7.444306594859867e-05
5.400000000000138,0.21213203435596426,0.2210197891797427,-13.365097862826254,-13.380899540707553,-0.049095493966279546,-0.20638648134329174,3.7865183125292085e-07,6.005370198159889e-05,-58.3772407537754,31.61544167236031,0.000619857845575328,0.002492944416240555,0.0,0.0054489007258649875,0.0029398251553052917,-7.475717479289185e-05
5.410000000000141,0.21213203435596426,0.22101981737979126,-13.418169597571122,-13.434063799171506,-0.04928698386103249,-0.20634086579366337,3.7943318623048404e-07,6.03940949727232e-05,-58.43039707643112,31.562269478088105,0.0006211368978417583,0.002503245671585801,0.0,0.005485124995623163,0.002945880808919838,-7.506667442626267e-05
5.420000000000145,0.21213203435596426,0.2210198450690745,-13.470413636409981,-13.486399463752566,-0.0494754478686396,-0.20629578757831005,3.801999671491016e-07,6.073116719783026e-05,-58.48272494893798,31.50992602143283,0.000622392092055079,0.002513392589094183,0.0,0.005521010924519791,0.002951822962763089,-7.537154581220886e-05
5.430000000000148,0.21213203435596426,0.2210198722500944,-13.52182675668444,-13.537903307329318,-0.04966087616982422,-0.20625125771130084,3.8095224794104744e-07,6.106490195310778e-05,-58.53422114347057,31.45841452881195,0.0006236235490763676,0.002523384544670264,0.0,0.005556556300777611,0.0029576521700108286,-7.56717701998034e-05
5.440000000000151,0.21213203435596426,0.22101989892533744,-13.57240578699105,-13.588572154077788,-0.04984325912358066,-0.20620728707033117,3.8169010182826325e-07,6.139528270590912e-05,-58.584882483505275,31.407738175349696,0.0006248313888507022,0.0025332209237734723,0.0,0.005591758933637431,0.002963368979592329,-7.596732912358236e-05
5.450000000000155,0.21213203435596426,0.22101992509727378,-13.622147607376982,-13.63840287966729,-0.0500225872667784,-0.206163886394155,3.82413601524186e-07,6.172229309455698e-05,-58.63470584401629,31.357900084681695,0.0006260157303562726,0.002542901121450112,0.0,0.005626616653496915,0.0029689739362289604,-7.625820440660993e-05
5.460000000000158,0.21213203435596426,0.22101995076835626,-13.671049149532443,-13.68739241145266,-0.05019885131375941,-0.20612106628005228,3.831228191984698e-07,6.204591692675443e-05,-58.68368815166824,31.308903328762934,0.0006271766916425462,0.002552424542316985,0.0,0.005661127311985206,0.0029744675800149065,-7.654437815860754e-05
5.470000000000161,0.21213203435596426,0.2210199759410191,-13.719107396979972,-13.735537728663582,-0.050372042155931745,-0.2060788371813314,3.838178260982548e-07,6.236613817883191e-05,-58.73182638500592,31.260750927678735,0.000628314389741213,0.002561790600697509,0.0,0.005695288782170791,0.002979850446237218,-7.682583278014947e-05
5.480000000000165,0.21213203435596426,0.22102000061767632,-13.766319385260486,-13.782835862590716,-0.050542150861358895,-0.20603720940486764,3.8449869328447014e-07,6.268294099504846e-05,-58.77911757464055,31.213445849459134,0.0006294289405898524,0.00257099872058258,0.0,0.005729098958623602,0.0029851230650530408,-7.710255096133189e-05
5.490000000000168,0.21213203435596426,0.2210200248007217,-13.812682202116166,-13.829283896768338,-0.05070916867434501,-0.20599619310867973,3.851654907970721e-07,6.299630968624416e-05,-58.82555880343298,31.166991009896314,0.0006305204589683217,0.002580048335661074,0.0,0.005762555757580098,0.0029902859612604255,-7.73745156842695e-05
5.500000000000171,0.21213203435596426,0.2210200484925264,-13.858192987670071,-13.874878967154197,-0.050873087015017984,-0.2059557982995408,3.8581828797560416e-07,6.330622872955044e-05,-58.87114720667366,31.121389272365256,0.0006315890585623673,0.002588938889406707,0.0,0.005795657117086367,0.002995339654269022,-7.764171022357652e-05
5.510000000000175,0.21213203435596426,0.22102007169543875,-13.902848934602586,-13.919618262305775,-0.05103389747890939,-0.20591603483062956,3.864571535329738e-07,6.361268276729264e-05,-58.91587997225927,31.076643447647726,0.000632634851607403,0.0025976698350742055,0.0,0.005828400997053565,0.0030002846575959623,-7.790411814742592e-05
5.520000000000178,0.21213203435596426,0.22102009441178266,-13.946647288324542,-13.963499023553485,-0.05119159183653277,-0.20587691239921768,3.870821553008025e-07,6.391565660640266e-05,-58.95975434086628,31.0327562937593,0.0006336579493210646,0.0026062406357470758,0.0,0.005860785379493323,0.0030051214787027965,-7.816172331912691e-05
5.530000000000181,0.21213203435596426,0.22102011664385715,-13.989585347147182,-14.006518545170563,-0.05134616203296054,-0.20583844054439682,3.876933604114726e-07,6.421513521762828e-05,-59.00276760612103,30.98973051577991,0.0006346584614070447,0.0026146507643478325,0.0,0.00589280826849996,0.0030098506186714284,-7.8414509896342e-05
5.540000000000185,0.21213203435596426,0.2210201383939343,-14.031660462448778,-14.048674174539746,-0.051497600187399864,-0.20580062864484303,3.882908348054219e-07,6.451110373487406e-05,-59.04491711476686,30.947568765687382,0.000635636496182313,0.0026228997037258082,0.0,0.005924467690545182,0.0030144725723472254,-7.866246233520662e-05
5.550000000000188,0.21213203435596426,0.22102015966425922,-14.07287003883803,-14.089963312316538,-0.05164589859276823,-0.20576348591662258,3.888746440512914e-07,6.480354745436749e-05,-59.08620026682753,30.906273642194478,0.0006365921606025626,0.002630986946610125,0.0,0.0059557616944301475,0.0030189878275516924,-7.890556538742993e-05
5.5600000000001915,0.21213203435596426,0.22102018045704874,-14.113211534314145,-14.130383412589435,-0.05179104971526971,-0.20572702141103597,3.894448524406692e-07,6.509245183452565e-05,-59.126614515767784,30.865847690588957,0.0006375255600713756,0.0026389119956780494,0.0,0.005986688351493061,0.003023396865433932,-7.914380410381553e-05
5.570000000000195,0.21213203435596426,0.22102020077448997,-14.152682460423664,-14.16993198303659,-0.05193304619397089,-0.20569124401250224,3.900015232790117e-07,6.53778024947031e-05,-59.16615736865034,30.826293402577157,0.0006384367985420011,0.0026466743635998905,0.0,0.006017245755697958,0.003027700159785593,-7.937716383434925e-05
5.580000000000198,0.21213203435596426,0.22102022061873952,-14.191280382413932,-14.208606585079464,-0.05207188084037927,-0.20565616243648435,3.9054471951065003e-07,6.565958521534376e-05,-59.204826386289696,30.787613216130772,0.0006393259782629112,0.00265427357309233,0.0,0.006047432023816602,0.0030318981770722222,-7.960563023015377e-05
5.5900000000002015,0.21213203435596426,0.2210202399919229,-14.229002919383321,-14.246404834032822,-0.05220754663802213,-0.20562178522745578,3.910745021619012e-07,6.593778593678125e-05,-59.24261918340257,30.74980951533693,0.0006401932000068002,0.0026617091568512086,0.0,0.006077245295450062,0.003035991376179244,-7.982918924238467e-05
5.600000000000205,0.21213203435596426,0.22102025889613333,-14.265847744428047,-14.283324399251748,-0.05234003674202872,-0.20558812075690777,3.915909319977765e-07,6.621239075935514e-05,-59.27953342875506,30.71288463025157,0.0006410385627398078,0.0026689806576719426,0.0,0.006106683733189194,0.0030399802081445726,-8.004782712434486e-05
5.610000000000208,0.21213203435596426,0.22102027733343046,-14.301812584785758,-14.319363004275123,-0.05246934447871429,-0.20555517722139846,3.9209406833692466e-07,6.648338594248627e-05,-59.315566845306414,30.67684083675619,0.0006418621637741848,0.0026760876284427793,0.0,0.006135745522735866,0.003043865116253219,-8.02615304325784e-05
5.6200000000002115,0.21213203435596426,0.22102029530583991,-14.33689522197568,-14.354518426965816,-0.05259546334516772,-0.2055229626406446,3.925839695503117e-07,6.675075790449155e-05,-59.35071721034953,30.64168035641791,0.0006426640987301274,0.002683029632161418,0.0,0.00616442887299377,0.00304764653531569,-8.047028602638067e-05
5.630000000000215,0.21213203435596426,0.2210203128153522,-14.371093491935511,-14.388788499647536,-0.05271838700884267,-0.20549148485565535,3.930606930196723e-07,6.701449322199122e-05,-59.384982355648,30.60740535635293,0.0006434444613194985,0.002689806241997622,0.0,0.006192732016208147,0.003051324891875396,-8.067408107076186e-05
5.640000000000218,0.21213203435596426,0.22102032986392173,-14.404405285154862,-14.422171109238345,-0.05283810930715281,-0.20546075152690876,3.9352429480495537e-07,6.727457862965865e-05,-59.418360167569915,30.574017949093218,0.0006442033434348841,0.0026964170412771687,0.0,0.006220653208018289,0.003054900603882231,-8.087290303471709e-05
5.6500000000002215,0.21213203435596426,0.22102034645346613,-14.436828546805417,-14.454664197380833,-0.05295462424707194,-0.20543077013257197,3.9397482992289954e-07,6.7531001019972e-05,-59.45084858721822,30.54152019245656,0.000644940835162315,0.0027028616235177765,0.0,0.006248190727610713,0.00305837408053947,-8.106673969292055e-05
5.660000000000225,0.21213203435596426,0.22102036258586535,-14.468361276867668,-14.486265760568696,-0.053067926004738045,-0.20540154796676446,3.944123521025066e-07,6.778374744226303e-05,-59.48244561055763,30.50991408942024,0.0006456570246286003,0.0027091395924998974,0.0,0.0062753428778256,0.003061745722133255,-8.125557912847916e-05
5.670000000000228,0.21213203435596426,0.22102037826296084,-14.499001530254299,-14.516973850270361,-0.05317800892506448,-0.20537309213786517,3.948369142746423e-07,6.803280510319467e-05,-59.513149288538415,30.4792015879977,0.0006463519980013273,0.0027152505622266457,0.0,0.006302107985212642,0.0030650159198110666,-8.143940973021688e-05
5.6800000000002315,0.21213203435596426,0.22102039348655447,-14.528747416930141,-14.546786573048816,-0.053284867521355445,-0.20534540956686362,3.9524856751193897e-07,6.827816136591552e-05,-59.54295772721651,30.449384581118863,0.0006470258393998062,0.0027211941569888153,0.0,0.006328484400229,0.0030681850554985235,-8.161822019648385e-05
5.690000000000235,0.21213203435596426,0.22102040825840805,-14.557597102028803,-14.57570209067826,-0.05338849647492855,-0.20531850698575593,3.956473620728737e-07,6.851980374985396e-05,-59.57186908787031,30.4204649065138,0.0006476786309714037,0.0027269700113363693,0.0,0.006354470497193406,0.0030712535014338796,-8.179199953258007e-05
5.700000000000238,0.21213203435596426,0.22102042258024254,-14.5855488059658,-14.603718620257347,-0.053488890634744185,-0.20529239093598517,3.9603334699711813e-07,6.875771993086833e-05,-59.59988158711423,30.392444346599536,0.0006483104528152084,0.002732577770190456,0.0,0.006380064674547619,0.0030742216205495373,-8.196073705523997e-05
5.7100000000002415,0.21213203435596426,0.22102043645373715,-14.612600804548382,-14.630834434318917,-0.05358604501704134,-0.20526706776692671,3.964065698905424e-07,6.899189774044293e-05,-59.62699349700856,30.365324628370754,0.0006489213829311436,0.0027380170887624723,0.0,0.006405265354834653,0.003077089765811437,-8.212442238979621e-05
5.720000000000245,0.21213203435596426,0.22102044988052869,-14.638751429081838,-14.65704786093638,-0.0536799548049814,-0.20524254363441916,3.967670768596565e-07,6.922232516581475e-05,-59.65320314516616,30.339107423293395,0.0006495114971181885,0.002743287632667471,0.0,0.0064300709848648906,0.0030798582802900746,-8.228304547358911e-05
5.730000000000248,0.21213203435596426,0.22102046286221094,-14.663999066472476,-14.682357283826748,-0.053770615348299924,-0.20521882449934056,3.971149131344088e-07,6.944899034981712e-05,-59.678508914855534,30.313794347202045,0.0006500808690761558,0.002748389077893396,0.0,0.006454480035769747,0.003082527497098355,-8.243659655492403e-05
5.740000000000252,0.21213203435596426,0.22102047540033345,-14.688342159327087,-14.706761142450056,-0.05385802216296588,-0.20519591612623017,3.974501222926645e-07,6.967188159041228e-05,-59.70290924510064,30.28938696020054,0.0006506295701894153,0.0027533211108149575,0.0,0.006478491003134937,0.0030850977389297713,-8.258506619390388e-05
5.750000000000255,0.21213203435596426,0.22102048749640166,-14.71177920604904,-14.730257932105516,-0.053942170930850464,-0.20517382408195728,3.9777274648223344e-07,6.989098734077986e-05,-59.72640263077713,30.265886766566098,0.0006511576697558922,0.002758083428217599,0.0,0.006502102407036031,0.003087569318092699,-8.272844526302087e-05
5.760000000000258,0.21213203435596426,0.22102049915187574,-14.734308760930897,-14.752846204024216,-0.05402305749940432,-0.2051525537344353,3.9808282698059343e-07,7.010629620929575e-05,-59.74898762270515,30.24329521465671,0.000651665234821679,0.00276267573733053,0.0,0.006525312792155395,0.003089942536730607,-8.286672494744507e-05
5.770000000000262,0.21213203435596426,0.22102051036816997,-14.75592943424359,-14.774524565458252,-0.054100677881343845,-0.20513211025138264,3.9838040289213944e-07,7.031779695902965e-05,-59.77066282773884,30.221613696822324,0.0006521523299520359,0.0027670977558789415,0.0,0.00654812072793644,0.0030922176859734785,-8.299989674794689e-05
5.780000000000265,0.21213203435596426,0.22102052114665235,-14.776639892322143,-14.795291679766548,-0.054175028254347654,-0.2051124985991308,3.986655125577568e-07,7.052547850812233e-05,-59.79142690885216,30.200843549319075,0.000652619017625779,0.0027713492120121897,0.0,0.006570524808551437,0.003094395046344542,-8.312795247719875e-05
5.790000000000268,0.21213203435596426,0.22102053148864378,-14.796438857647951,-14.815146266497095,-0.05424610496076228,-0.2050937235414788,3.9893819259982946e-07,7.072932992920479e-05,-59.81127858522142,30.180986052227237,0.0006530653578408919,0.0027754298444040934,0.0,0.006592523653078309,0.0030964748876448423,-8.32508842639336e-05
5.800000000000272,0.21213203435596426,0.2210205413954175,-14.815325108927565,-14.83408710146587,-0.05431390450731875,-0.20507578963859513,3.991984781630473e-07,7.092934044973069e-05,-59.83021663230429,30.16204242937257,0.0006534914081908588,0.002779339402213571,0.0,0.006614115905562943,0.003098457468345944,-8.336868455170054e-05
5.810000000000275,0.21213203435596426,0.2210205508681989,-14.833297481168048,-14.85211301683219,-0.05437842356485935,-0.20505870124596723,3.994464031283372e-07,7.112549945186938e-05,-59.84823988191531,30.144013848250943,0.0006538972240427753,0.0027830776451125416,0.0,0.006635300235061048,0.003100343036105819,-8.348134609881796e-05
5.820000000000278,0.21213203435596426,0.2210205599081643,-14.850354865748825,-14.869222901170568,-0.05443965896807486,-0.20504246251339783,3.996819997231697e-07,7.131779647222487e-05,-59.8653472222979,30.12690141995677,0.000654282858219294,0.002786644343353297,0.0,0.006656075335772328,0.003102131827207455,-8.358886198110637e-05
5.830000000000282,0.21213203435596426,0.22102056851644128,-14.866496210490062,-14.885415699539239,-0.05449760771525364,-0.20502707738405004,3.999052986100964e-07,7.150622120223962e-05,-59.88153759819306,30.11070619911458,0.0006546483610495117,0.002790039277699231,0.0,0.006676439927117315,0.003103824066709984,-8.369122559004614e-05
5.840000000000285,0.21213203435596426,0.22102057669410746,-14.881720519717588,-14.900690413545098,-0.054552266968041344,-0.20501254959353923,4.0011632927704704e-07,7.169076348806872e-05,-59.89681001090439,30.09542918381422,0.0006549937806743044,0.0027932622394536578,0.0,0.006696392753770372,0.003105419968133041,-8.378843063314216e-05
5.850000000000288,0.21213203435596426,0.22102058444219055,-14.896026854324294,-14.915046101405057,-0.05460363405121213,-0.20499888266907407,4.0031511937799793e-07,7.187141333032307e-05,-59.91116351835966,30.08107131554957,0.0006553191624483817,0.002796313030569572,0.0,0.006715932585791867,0.003106919733760814,-8.388047113699022e-05
5.860000000000292,0.21213203435596426,0.2210205917616676,-14.90941433182807,-14.928481878004195,-0.054651706452452334,-0.2049860799286447,4.005016952444264e-07,7.204816088458465e-05,-59.92459723516902,30.067633479160616,0.0006556245493219543,0.0027991914635311986,0.0,0.0067350582186859655,0.0031083235539538703,-8.39673414443742e-05
5.870000000000295,0.21213203435596426,0.22102059865346457,-14.92188212642625,-14.940996914950153,-0.054696481822155404,-0.20497414448025997,4.0067608150222133e-07,7.222099646111063e-05,-59.93711033267945,30.05511650277916,0.0006559099817898439,0.0028018973614372974,0.0,0.0067537684734147885,0.0031096316075852307,-8.404903621634266e-05
5.880000000000298,0.21213203435596426,0.22102060511845625,-14.933429469046528,-14.952590440624114,-0.05473795797322935,-0.20496307922123327,4.008383012929658e-07,7.238991052502918e-05,-59.94870203902609,30.043521157777846,0.0006561754977388182,0.0028044305579895787,0.0,0.006772062196576053,0.003110844061792985,-8.412555043244848e-05
5.890000000000302,0.21213203435596426,0.22102061115746552,-14.944055647394425,-14.963261740228454,-0.054776132880916956,-0.20495288683751614,4.0098837634258097e-07,7.255489369672499e-05,-59.95937163917964,30.03284815872272,0.0006564211325748119,0.00280679089752002,0.0,0.006789938260388223,0.003111961071927067,-8.419687939043659e-05
5.900000000000305,0.21213203435596426,0.22102061677126336,-14.9537600059972,-14.973010155830561,-0.05481100468262767,-0.20494356980308173,4.011263265380518e-07,7.271593675149075e-05,-59.96911847499061,30.023098163329486,0.000656646919108427,0.0028089782349802737,0.0,0.006807395562815495,0.0031129827811474105,-8.426301870732615e-05
5.910000000000308,0.21213203435596426,0.22102062196056813,-14.96254194624431,-14.981835086403484,-0.0548425716777831,-0.20493513037935587,4.0125217042910404e-07,7.287303061999633e-05,-59.97794194522987,30.01427177242293,0.0006568528875167665,0.0028109924359956523,0.0,0.006824433027593052,0.0031139093211198328,-8.432396431928172e-05
5.920000000000312,0.21213203435596426,0.22102062672604555,-14.9704009264243,-14.989735987862815,-0.054870832327674826,-0.2049275706146983,4.01365924890327e-07,7.302616638826593e-05,-59.98584150562573,30.006369529900088,0.0006570390654833783,0.002812833376772711,0.0,0.006841049604333717,0.003114740811148335,-8.437971248131502e-05
5.930000000000315,0.21213203435596426,0.2210206310683083,-14.977336461758272,-14.996712373100355,-0.05489578525533596,-0.2049208923439318,4.014676050685793e-07,7.317533529821378e-05,-59.99281666889753,29.999391922696812,0.0006572054779438107,0.0028145009442385586,0.0,0.006857244268552617,0.0031154773586820664,-8.443025976881123e-05
5.940000000000318,0.21213203435596426,0.22102063498791555,-14.983348124429725,-15.002763812013855,-0.05491742924542456,-0.2049150971879212,4.0155722484677867e-07,7.332052874710932e-05,-59.99886700478564,29.99333938075794,0.0006573521473909468,0.0028159950359341636,0.0,0.006873016021744149,0.0031161190591037983,-8.447560307621063e-05
5.950000000000322,0.21213203435596426,0.2210206384853735,-14.988435543610992,-15.00788993153366,-0.05493576324412189,-0.20491018655320178,4.0163479620859056e-07,7.346173828845023e-05,-60.00399214007807,29.988212277010735,0.0006574790935187812,0.0028173155600908196,0.0,0.006888363891464017,0.0031166659954205735,-8.451573961838969e-05
5.960000000000325,0.21213203435596426,0.22102064156113407,-14.992598405486094,-15.012090415645734,-0.05495078635904334,-0.2049061616316554,4.0170032948842146e-07,7.359895563225234e-05,-60.008191758633515,29.984010927342062,0.0006575863335531981,0.002818462435592405,0.0,0.006903286931357728,0.0031171182386239725,-8.455066692967595e-05
5.970000000000328,0.21213203435596426,0.22102064421559556,-14.9958364532701,-15.015365005410839,-0.05496249785916203,-0.204903023400238,4.0175383384449544e-07,7.373217264449869e-05,-60.01146560140073,29.98073559057904,0.0006576738819720822,0.0028194355920486583,0.0,0.0069177842212554816,0.003117475847645892,-8.458038286640811e-05
5.980000000000332,0.21213203435596426,0.2210206464491019,-14.99814948722497,-15.0177134989807,-0.05497089717474746,-0.20490077262075476,4.0179531627210945e-07,7.386138134811017e-05,-60.013813466434584,29.978386468473172,0.0006577417506325414,0.0028202349696825396,0.0,0.0069318548671791855,0.0031177388686603647,-8.46048856034179e-05
5.990000000000335,0.21213203435596426,0.22102064826194315,-14.999537364671875,-15.019135751610358,-0.05497598389731685,-0.20489940983968585,4.018247824102836e-07,7.398657392306025e-05,-60.01523520890855,29.97696370568784,0.0006577899487836287,0.002820860519439841,0.0,0.006945498001408512,0.003117907336321148,-8.462417363693123e-05
6.000000000000338,0.21213203435596426,0.22102064965435456,-14.999999999999998,-15.019631675667025,-0.054977757779600095,-0.20489893538806042,4.018422363945405e-07,7.410774270642116e-05,-60.01573074112361,29.97646738978955,0.0006578184829136757,0.002821312202977195,0.0,0.006958712782622046,0.003117981272486389,-8.463824578427195e-05
6.010000000000342,0.21213203435596426,0.22102065062651724,-14.999537364671811,-15.019201240635535,-0.054976218735518986,-0.20489934938138132,4.018476805510872e-07,7.422488019311525e-05,-60.015300032513636,29.97689755124257,0.0006578273569156814,0.0028215899926053384,0.0,0.006971498395820411,0.003117960686982665,-8.464710118305882e-05
6.020000000000345,0.21213203435596426,0.22102065117855765,-14.998149487224845,-15.017844473120158,-0.05497136684017945,-0.20490065171959818,4.018411154797506e-07,7.433797903577505e-05,-60.01394310964734,29.978254163407023,0.0006578165721127563,0.0028216938713162176,0.0,0.006983854052451714,0.0031178455770747727,-8.465073929094358e-05
6.030000000000348,0.21213203435596426,0.22102065131054766,-14.99583645326991,-15.015561456842956,-0.054963202329878,-0.2049028420871306,4.0182254053265946e-07,7.444703204538848e-05,-60.01166005622654,29.980537142540634,0.0006577861270418456,0.0028216238328506492,0.0,0.006995778990431171,0.0031176359282368226,-8.464915988776425e-05
6.040000000000352,0.21213203435596426,0.2210206510225044,-14.992598405485843,-15.012352332638555,-0.05495172560212136,-0.20490591995294044,4.0179195304287246e-07,7.45520321911999e-05,-60.008451013081036,29.983746347803915,0.000657736017568228,0.0028213798815869846,0.0,0.007007272474201045,0.003117331713038083,-8.4642363073268e-05
6.050000000000355,0.21213203435596426,0.2210206503143905,-14.988435543610677,-15.00821729844568,-0.054936937215661105,-0.20490988457065365,4.017493490435691e-07,7.46529726020897e-05,-60.00431617816005,29.987881581268706,0.0006576662369872943,0.002820962032629871,0.0,0.007018333794802553,0.0031169328924854633,-8.463034926813249e-05
6.060000000000358,0.21213203435596426,0.22102064918611397,-14.98334812442935,-15.003156609294615,-0.05491883789053964,-0.2049147349787318,4.016947225478496e-07,7.47498465655977e-05,-59.999255806519805,29.992942587930592,0.0006575767759354914,0.0028203703117822246,0.0,0.007028962269869451,0.003116439414841086,-8.461311921443417e-05
6.070000000000362,0.21213203435596426,0.22102064763752813,-14.977336461757833,-14.997170577291671,-0.05489742850815192,-0.20492047000069252,4.0162806645678025e-07,7.484264752907687e-05,-59.99327021030787,29.99892905572452,0.0006574676223267117,0.0028196047554923257,0.0,0.007039157243664112,0.003115851216195427,-8.459067397362268e-05
6.080000000000365,0.21213203435596426,0.22102064566843188,-14.970400926423801,-14.990259571600035,-0.054872710111320167,-0.20492708824537945,4.015493716149231e-07,7.493136910042181e-05,-59.986359758744015,30.005840615543935,0.0006573387614286256,0.0028186654109556785,0.0,0.00704891808721028,0.0031151682207026824,-8.456301492950953e-05
6.0900000000003685,0.21213203435596426,0.22102064327856955,-14.962541946243743,-14.982424018416813,-0.05484468390438109,-0.2049345881072817,4.014586274804036e-07,7.501600504767113e-05,-59.97852487809727,30.013676841263642,0.0006571901760153494,0.0028175523360222036,0.0,0.007058244198218727,0.0031143903401677367,-8.453014378552822e-05
6.100000000000372,0.21213203435596426,0.22102064046763126,-14.953760005996577,-14.973664400946891,-0.05481335125328772,-0.20494296776690246,4.0135582180998476e-07,7.509654929998806e-05,-59.96976605165974,30.022437249765964,0.0006570218460112216,0.0028162655992137985,0.0,0.007067135001167259,0.003113517474265965,-8.449206256518242e-05
6.110000000000375,0.21213203435596426,0.22102063723525292,-14.944055647393737,-14.96398125937313,-0.05477871368572387,-0.2049522251911766,4.012409409325412e-07,7.517299594793846e-05,-59.96008381971674,30.032121300970488,0.0006568337489106375,0.0028148052797483695,0.0,0.0070755899473762185,0.003112549510610697,-8.444877361311855e-05
6.1200000000003785,0.21213203435596426,0.2210206335810164,-14.93342946904578,-14.953375190823133,-0.05474077289123214,-0.2049623581339375,4.011139692996676e-07,7.524533924417266e-05,-59.94947877951354,30.04272839786729,0.000656625859485437,0.0028131714675364325,0.0,0.00708360851501529,0.0031114863249005445,-8.440027959458525e-05
6.130000000000382,0.21213203435596426,0.22102062950444956,-14.921882126425439,-14.941846849332277,-0.05469953072135407,-0.2049733641364331,4.009748900305312e-07,7.531357360320147e-05,-59.93795158521837,30.054257886553817,0.000656398149848517,0.0028113642631002714,0.0,0.0070911902090677,0.0031103277805320717,-8.434658349325727e-05
6.140000000000385,0.21213203435596426,0.22102062500502687,-14.909414331827197,-14.929396945803711,-0.05465498918978505,-0.20498524052789066,4.008236844516192e-07,7.537769360305548e-05,-59.92550294788228,30.066709056274853,0.0006561505896955525,0.0028093837776738202,0.0,0.007098334561480312,0.0031090737294796637,-8.42876886141563e-05
6.1500000000003885,0.21213203435596426,0.22102062008216913,-14.896026854323354,-14.916026247964282,-0.05460715047253974,-0.20499798442613026,4.006603324276191e-07,7.543769398469815e-05,-59.91213363539507,30.080081139466497,0.0006558831459742189,0.0028072301331274587,0.0,0.007105041131118485,0.0031077240114266128,-8.422359858135364e-05
6.160000000000392,0.21213203435596426,0.22102061473524412,-14.88172051971659,-14.901735580317421,-0.054556016908131846,-0.20501159273822747,4.0048481226621667e-07,7.549356965325143e-05,-59.8978444724381,30.09437331180326,0.0006555957831768043,0.002804903461981632,0.0,0.007111309503812755,0.003106278454462388,-8.41543173388143e-05
6.170000000000395,0.21213203435596426,0.22102060896356657,-14.866496210489,-14.886525824092232,-0.05450159099776518,-0.2050260621612241,4.0029710069934817e-07,7.554531567811193e-05,-59.88263634043331,30.10958469224884,0.0006552884632511519,0.0028024039073899485,0.0,0.007117139292358818,0.0031047368748738143,-8.407984914900992e-05
6.1800000000003985,0.21213203435596426,0.22102060276639857,-14.850354865747702,-14.870397917189285,-0.054443875405537676,-0.20504138918288775,4.000971729923255e-07,7.55929272937085e-05,-59.86651017748888,30.12571434311032,0.0006549611455116066,0.002799731623151752,0.0,0.00712253013662205,0.0031030990773710087,-8.400019859412808e-05
6.190000000000402,0.21213203435596426,0.22102059614295025,-14.833297481166865,-14.853352854122763,-0.054382872958656944,-0.2050575700825202,3.9988500259981907e-07,7.563639989999999e-05,-59.849466978341376,30.14276127009583,0.0006546137868044024,0.0027968867736696493,0.0,0.0071274817034368354,0.003101364855092616,-8.391537057452271e-05
6.200000000000405,0.21213203435596426,0.22102058909237904,-14.81532510892632,-14.835391685959317,-0.05431858664766795,-0.20507460093181223,3.996605616433557e-07,7.567572906314706e-05,-59.83150779429441,30.160724422375747,0.000654246341456774,0.002793869533965093,0.0,0.0071319936867331075,0.0030995339897439147,-8.382537030868369e-05
6.2100000000004085,0.21213203435596426,0.22102058161379143,-14.79643885764664,-14.816515520253175,-0.054251019626691904,-0.2050924775957493,3.9942382084630243e-07,7.571091051591006e-05,-59.81263373315368,30.17960269264733,0.0006538587614423457,0.0027906800896505012,0.0,0.00713606580748302,0.003097606251563666,-8.373020333338314e-05
6.220000000000412,0.21213203435596426,0.22102057370624237,-14.776639892320775,-14.796725520978002,-0.054180175213676796,-0.20511119573356254,3.991747493306559e-07,7.574194015832897e-05,-59.792845959158804,30.199394917202813,0.0006534509960503538,0.002787318636964315,0.0,0.007139697813805245,0.00309558139967619,-8.362987550393745e-05
6.230000000000415,0.21213203435596426,0.22102056536873624,-14.755929434242159,-14.776022908455188,-0.054106056890658935,-0.20513075079972917,3.9891331456435483e-07,7.576881405848708e-05,-59.77214569291139,30.220099876001015,0.0006530229923563683,0.002783785382660949,0.0,0.007142889480881945,0.00309345918180208,-8.352439299150098e-05
6.2400000000004185,0.21213203435596426,0.22102055660022663,-14.734308760929409,-14.754408959278694,-0.054028668304035146,-0.20515113804501922,3.9863948264131533e-07,7.579152845290742e-05,-59.750534211299765,30.24171629274238,0.0006525746948787933,0.0027800805441274105,0.0,0.0071456406110400935,0.0030912393349723463,-8.34137622858192e-05
6.250000000000422,0.21213203435596426,0.2210205473996175,-14.711779206047487,-14.73188500623635,-0.05394801326484558,-0.20517235251759094,3.983532184148333e-07,7.58100797473857e-05,-59.72801284742026,30.264242834947567,0.0006521060457824225,0.0027762043492360116,0.0,0.007147951033729919,0.0030889215848261655,-8.329799019151777e-05
6.260000000000425,0.21213203435596426,0.22102053776576308,-14.68834215932547,-14.708452438227756,-0.053864095749066504,-0.20519438906413232,3.980544849818122e-07,7.582446451712611e-05,-59.70458299049484,30.287678114039327,0.0006516169848911615,0.0027721570364244233,0.0,0.007149820605528977,0.0030865056463099624,-8.317708382993828e-05
6.270000000000429,0.21213203435596426,0.22102052769746897,-14.663999066470796,-14.6841127001789,-0.05377691989791415,-0.20521724233105018,3.9774324416360026e-07,7.583467950851305e-05,-59.68024608578561,30.312020685427825,0.0006511074496498605,0.0027679388546849796,0.0,0.007151249210215338,0.0030839912240408006,-8.305105063944801e-05
6.280000000000432,0.21213203435596426,0.22102051719349208,-14.638751429080102,-14.65886729295291,-0.05368649001815626,-0.20524090676570578,3.974194564371745e-07,7.584072163849698e-05,-59.65500363450553,30.337269048599726,0.0006505773752515376,0.0027635500634838584,0.0,0.007152236758709649,0.0030813780116072404,-8.291989837262103e-05
6.290000000000435,0.21213203435596426,0.22102050625254133,-14.612600804546581,-14.632717773257792,-0.053592810582434716,-0.20526537661769687,3.9708308057739976e-07,7.584258799626265e-05,-59.6288571937259,30.363421647210306,0.0006500266945101555,0.002758990932786116,0.0,0.00715278318912709,0.0030786656922995935,-8.278363509671182e-05
6.300000000000439,0.21213203435596426,0.22102049487327832,-14.585548805963942,-14.605665753550424,-0.053495886229595974,-0.20529064594018642,3.967340742929937e-07,7.584027584323984e-05,-59.60180837628018,30.390476869179327,0.0006494553380260112,0.0027542617430087566,0.0,0.007152888466709466,0.00307585393898712,-8.26422691931164e-05
6.310000000000442,0.21213203435596426,0.22102048305431798,-14.557597102026879,-14.57771290193729,-0.05339572176503081,-0.2053167085912773,3.9637239391303285e-07,7.583378261428531e-05,-59.573858850664664,30.418433046790085,0.0006488632342366243,0.002749362785059521,0.0,0.007152552583888622,0.0030729424147527148,-8.249580935746931e-05
6.320000000000445,0.21213203435596426,0.2210204707942289,-14.528747416928164,-14.548860942071691,-0.05329232216102181,-0.2053435582354325,3.959979942770458e-07,7.582310591796569e-05,-59.54501034093543,30.44728845679204,0.0006482503092513484,0.0027442943602952745,0.0,0.0071517755603077065,0.0030699307723141287,-8.234426459912908e-05
6.330000000000449,0.21213203435596426,0.22102045809153417,-14.499001530252253,-14.519111653047606,-0.05318569255709919,-0.20537118834494128,3.9561082890229e-07,7.580824353769566e-05,-59.51526462660205,30.477041320506828,0.0006476164871058156,0.0027390567804441803,0.0,0.007150557442753661,0.0030668186545241487,-8.21876442392045e-05
6.340000000000452,0.21213203435596426,0.22102044494471196,-14.468361276865568,-14.48846686929015,-0.05307583826040403,-0.20539959220143034,3.952108501016446e-07,7.5789193432391e-05,-59.4846235425179,30.50768980393758,0.0006469616896856028,0.002733650367691613,0.0,0.007148898305209491,0.003063605694630988,-8.20259579115813e-05
6.350000000000455,0.21213203435596426,0.22102043135219612,-14.436828546803252,-14.456928480442494,-0.052962764746058266,-0.20542876289742032,3.9479800888349855e-07,7.576595373709004e-05,-59.453088978766814,30.539232017881815,0.000646285836891621,0.0027280754545608776,0.0,0.007146798248804532,0.0030602915162979186,-8.185921556084221e-05
6.360000000000459,0.21213203435596426,0.22102041731237698,-14.404405285152638,-14.42449843124944,-0.052846477657541524,-0.2054586933379268,3.9437225507645047e-07,7.573852276341533e-05,-59.420662880546594,30.571666018047704,0.0006455888462330039,0.0027223323840083235,0.0,0.0071442574018642695,0.0030568757340903785,-8.168742744493063e-05
6.370000000000462,0.21213203435596426,0.2210204028236019,-14.371093491933227,-14.391178721437722,-0.05272698280707476,-0.20548937624210575,3.939335369173962e-07,7.570689900089491e-05,-59.38734724804903,30.604989805173588,0.0006448706335141081,0.0027164215092316925,0.0,0.007141275919844016,0.0030533579526408976,-8.151060412861173e-05
6.380000000000465,0.21213203435596426,0.22102038788417616,-14.336895221973343,-14.356971405592898,-0.05260428617600969,-0.20552080414494334,3.934818019267916e-07,7.567108111775679e-05,-59.35314413633654,30.639201325150736,0.0006441311124274016,0.0027103431938197385,0.0,0.0071378539853659585,0.003049737768173504,-8.132875648841122e-05
6.390000000000469,0.21213203435596426,0.22102037249236361,-14.301812584783352,-14.321878593032597,-0.05247839391522277,-0.2055529693989894,3.9301699617297124e-07,7.563106796122247e-05,-59.3180556552153,30.674298469150095,0.0006433701946934088,0.002704097811665523,0.0,0.007133991808195349,0.0030460147681586423,-8.11418957105594e-05
6.400000000000472,0.21213203435596426,0.22102035664638767,-14.265847744425587,-14.28590244767676,-0.05234931234551547,-0.2055858641761346,3.925390645152545e-07,7.55868585587103e-05,-59.28208396910522,30.71027907375169,0.0006425877902260988,0.002697685746888735,0.0,0.007129689625220208,0.0030421885306423663,-8.095003328762715e-05
6.410000000000475,0.21213203435596426,0.2210203403444313,-14.229002919380795,-14.24904518791424,-0.05221704795801807,-0.20561948046942996,3.9204795057117374e-07,7.553845211832151e-05,-59.24523129690637,30.747140921077897,0.0006417838068657194,0.002691107393903543,0.0,0.007124947700440672,0.003038258625943307,-8.075318102168041e-05
6.420000000000479,0.21213203435596426,0.2210203235846392,-14.191280382411355,-14.211309086466192,-0.05208160741459844,-0.2056538100949512,3.915435971635226e-07,7.548584802985202e-05,-59.207499911862094,30.784881738929727,0.0006409581508367959,0.002684363157329095,0.0,0.007119766324925646,0.003034224615544821,-8.055135102015319e-05
6.430000000000482,0.21213203435596426,0.2210203063651171,-14.15268246042102,-14.172696470246105,-0.05194299754827396,-0.2056888446937029,3.910259459988117e-07,7.54290458655626e-05,-59.16889214141885,30.82349920092664,0.0006401107263664659,0.002677453452030255,0.0,0.007114145816902981,0.0030300860531670207,-8.034455569862698e-05
6.440000000000485,0.21213203435596426,0.2210202886839337,-14.113211534311446,-14.133209720216508,-0.051801225363627065,-0.2057245757335669,3.904949371687657e-07,7.53680453811729e-05,-59.129410367082635,30.862990926649623,0.0006392414360915898,0.0026703787029663927,0.0,0.00710808652157275,0.003025842484435469,-8.013280777554072e-05
6.450000000000489,0.21213203435596426,0.22102027053912118,-14.07287003883527,-14.09285127124212,-0.05165629803722269,-0.205760994511292,3.89950510324422e-07,7.53028465161635e-05,-59.089057024271945,30.903354481787705,0.0006383501807915835,0.002663139345328267,0.0,0.007101588811211243,0.003021493447329958,-7.991612027605654e-05
6.460000000000492,0.21213203435596426,0.22102025192867572,-14.031660462445963,-14.051623611940178,-0.05150822291802935,-0.20579809215452383,3.8939260390662816e-07,7.523344939545735e-05,-59.04783460216779,30.944587378287444,0.0006374368597955303,0.002655735824387325,0.0,0.0070946530851146135,0.0030170384724037777,-7.969450652788344e-05
6.470000000000495,0.21213203435596426,0.2210202328505593,-13.989585347144306,-14.009529284526918,-0.051357007527840726,-0.20583585962387788,3.8882115524983133e-07,7.515985432975713e-05,-59.00574564356001,30.986687074506182,0.0006365013705750694,0.0026481685955416006,0.0,0.007087279769600392,0.0030124770827332447,-7.94679801628959e-05
6.480000000000499,0.21213203435596426,0.22102021330269944,-13.946647288321612,-13.966570884660973,-0.05120265956169848,-0.20587428771505092,3.8823610099382214e-07,7.508206181603016e-05,-58.96279274469035,31.02965097536841,0.0006355436091515074,0.0026404381242487156,0.0,0.007079469317903075,0.0030078087945235076,-7.923655511446984e-05
6.490000000000502,0.21213203435596426,0.22102019328299116,-13.902848934599591,-13.92275106128366,-0.051045186888317176,-0.20591336706097432,3.8763737639646574e-07,7.50000725393787e-05,-58.91897855509251,31.07347643252519,0.0006345634699558728,0.0026325448860082044,0.0,0.007071222210250726,0.003003033116902947,-7.900024561762839e-05
6.500000000000505,0.21213203435596426,0.22102017278929714,-13.858192987667026,-13.878072516455694,-0.050884597550507865,-0.20595308813400592,3.870249163128014e-07,7.491388737306077e-05,-58.87430577742855,31.118160744517176,0.0006335608460579177,0.002624489366332276,0.0,0.00706253895376346,0.0029981495526323738,-7.875906620757093e-05
6.510000000000509,0.21213203435596426,0.2210201518194494,-13.812682202113056,-13.832538005190695,-0.05072089976560204,-0.20599344124816257,3.8639865446075697e-07,7.482350737960762e-05,-58.82877716732226,31.163701156940856,0.0006325356290007272,0.002616272060720583,0.0,0.0070534200824357695,0.002993157597887833,-7.851303171966072e-05
6.520000000000512,0.21213203435596426,0.22102013037124954,-13.766319385257322,-13.786150335285617,-0.05055410192587498,-0.20603441656139002,3.857585235740655e-07,7.472893381179615e-05,-58.7823955331891,31.210094862617872,0.0006314877088643317,0.002607893474606257,0.0,0.007043866157106284,0.002988056742744377,-7.82621572869333e-05
6.530000000000515,0.21213203435596426,0.22102010844247055,-13.71910739697675,-13.738912367147709,-0.05038421259896743,-0.20607600407787288,3.851044559228598e-07,7.463016811353303e-05,-58.73516373606311,31.25733900176768,0.0006304169745583171,0.0025993541233905364,0.0,0.007033877765474862,0.0029828464711982566,-7.800645834153326e-05
6.540000000000519,0.21213203435596426,0.22102008603085693,-13.671049149529168,-13.690827013618433,-0.05021124052830571,-0.20611819365038114,3.8443638264076393e-07,7.452721192094218e-05,-58.6870846894203,31.30543066218344,0.0006293233136182701,0.0025906545323286013,0.0,0.007023455521996505,0.0029775262618359027,-7.774595061158577e-05
6.550000000000522,0.21213203435596426,0.22102006313412645,-13.622147607373645,-13.641897239793783,-0.05003519463351834,-0.20616097498265568,3.8375423456575627e-07,7.442006706249116e-05,-58.63816135899895,31.35436687941138,0.0006282066123075551,0.0025817952365445053,0.0,0.007012600067858249,0.002972095587434542,-7.748065012138951e-05
6.560000000000525,0.21213203435596426,0.22102003974997092,-13.572405786987659,-13.592126062841972,-0.04985608401085172,-0.20620433763182971,3.8305794130029556e-07,7.430873556096943e-05,-58.58839676261674,31.40414463693281,0.0006270667558463147,0.0025727767809865278,0.0,0.00700131207097013,0.0029665539158491698,-7.721057319009364e-05
6.570000000000529,0.21213203435596426,0.2210200158760574,-13.521826756680987,-13.541516551817326,-0.04967391793358017,-0.20624827101088777,3.823474319075549e-07,7.419321963365542e-05,-58.53779396998456,31.454760866349897,0.0006259036281443031,0.002563599720424618,0.0,0.0069895922259234754,0.0029609007097929157,-7.693573643074273e-05
6.580000000000532,0.21213203435596426,0.22101999151002857,-13.47041363640648,-13.490071827471336,-0.04948870585241305,-0.2062927643911595,3.816226350147332e-07,7.407352169332564e-05,-58.48635610251712,31.506212447574445,0.000624717112144386,0.0025542646193326577,0.0,0.006977441253908605,0.002955135427080222,-7.66561567492667e-05
6.590000000000535,0.21213203435596426,0.22101996664950502,-13.418169597567557,-13.437795062060431,-0.04930045739589724,-0.20633780690485112,3.8088347848146414e-07,7.394964434952828e-05,-58.43408633314046,31.558496209019594,0.0006235070897716511,0.002544772051950369,0.0,0.0069648599026895215,0.002949257521525264,-7.637185134311268e-05
6.600000000000539,0.21213203435596426,0.22101994129208527,-13.36509786282264,-13.384689479150534,-0.04910918237081388,-0.20638338754760996,3.801298894821217e-07,7.382159040907566e-05,-58.38098788609623,31.611608927795142,0.0006222734419206869,0.0025351226022134435,0.0,0.006951848946606031,0.0029432664423204333,-7.608283770160162e-05
6.610000000000542,0.21213203435596426,0.2210199154353477,-13.311201705886303,-13.330758353418537,-0.048914890762569954,-0.206429495181125,3.7936179477959025e-07,7.368936287741257e-05,-58.32706403674276,31.66554732990568,0.0006210160486209708,0.002525316863675184,0.0,0.006938409186446053,0.0029371616348233586,-7.578913360228767e-05
6.6200000000005454,0.21213203435596426,0.221019889076851,-13.256484451327397,-13.276005010450554,-0.048717592735582974,-0.20647611853576042,3.78579120518136e-07,7.355296495912861e-05,-58.27231811135311,31.72030809045202,0.0006197347890368691,0.0025153554395525557,0.0,0.006924541449472766,0.002930942540873969,-7.549075711289465e-05
6.630000000000549,0.21213203435596426,0.22101986221413586,-13.20094947436391,-13.220432826537062,-0.04851729863365918,-0.20652324621322396,3.7778179236309007e-07,7.341240005920466e-05,-58.21675348690982,31.775887833835693,0.0006184295414421933,0.0025052389426259364,0.0,0.006910246589343973,0.002924608598512153,-7.518772658799892e-05
6.640000000000552,0.21213203435596426,0.22101983484472582,-13.144600200654823,-13.164045228464923,-0.04831401898036401,-0.20657086668926697,3.7696973553226604e-07,7.32676717836777e-05,-58.16037359089658,31.832283133966754,0.0006171001835891433,0.0024949679951798294,0.0,0.006895525486009618,0.0029181592429247992,-7.488006066776798e-05
6.6500000000005555,0.21213203435596426,0.22101980696612844,-13.08744010608876,-13.10684569330626,-0.048107764479384515,-0.20661896831641752,3.761428749992289e-07,7.311878394063177e-05,-58.10318190108687,31.889490514474357,0.0006157465923011981,0.0024845432290691465,0.0,0.0068803790457393505,0.0029115939064299438,-7.456777827955772e-05
6.660000000000559,0.21213203435596426,0.22101977857583674,-13.029472716569613,-13.048837748204365,-0.047898546014883664,-0.2066675393267457,3.7530113494128195e-07,7.296574054137071e-05,-58.04518194532942,31.94750644892067,0.0006143686439056688,0.002473965285589647,0.0,0.006864808201032649,0.0029049120184807837,-7.42508986334217e-05
6.670000000000562,0.21213203435596426,0.22101974967133003,-12.970701607798999,-12.990024970156336,-0.04768637465184465,-0.20671656783465928,3.744444396603963e-07,7.280854580117933e-05,-57.98637730133058,32.0063273610179,0.0006129662141064788,0.0024632348154556387,0.0,0.0068488139105467635,0.0028981130063133217,-7.392944122284188e-05
6.6800000000005655,0.21213203435596426,0.22101972025007555,-12.911130405055767,-12.930410985792824,-0.04747126163640626,-0.2067660418397313,3.73572712822377e-07,7.264720414045676e-05,-57.92677159643371,32.06594962484809,0.0006115391781113844,0.0024523524787977194,0.0,0.006832397159119388,0.0028911962952153187,-7.360342582357088e-05
6.690000000000569,0.21213203435596426,0.22101969030952942,-12.85076278297229,-12.86999947115439,-0.04725321839618647,-0.20681594922955673,3.726858779352198e-07,7.248172018495638e-05,-57.86636850739525,32.1263695650865,0.0006100874106828646,0.0024413189450343416,0.0,0.0068155589575170416,0.002884161308529236,-7.327287249024712e-05
6.700000000000572,0.21213203435596426,0.22101965984713773,-12.789602465307865,-12.808794151465424,-0.04703225654059738,-0.20686627778263886,3.717838582636135e-07,7.231209876782605e-05,-57.80517176015819,32.18758345722733,0.0006086107862144539,0.0024301348929695724,0.0,0.006798300342641129,0.002877007468125996,-7.293780155889513e-05
6.7100000000005755,0.21213203435596426,0.22101962886033816,-12.727653224718967,-12.746798800904346,-0.04680838786114626,-0.20691701517130515,3.7086657674559933e-07,7.21383449297054e-05,-57.743185129621935,32.24958752781324,0.0006071091786671314,0.002418801010634569,0.0,0.006780622377230669,0.002869734194823771,-7.259823364284984e-05
6.720000000000579,0.21213203435596426,0.2210195973465609,-12.664918882526576,-12.684017242371311,-0.046581624331726204,-0.20696814896465068,3.699339564667635e-07,7.196046392011075e-05,-57.68041243940975,32.31237795466712,0.000605582461938265,0.0024073179952898848,0.0,0.006762526149958851,0.0028623409084319444,-7.22541896324448e-05
6.730000000000582,0.21213203435596426,0.22101956530323025,-12.601403308480409,-12.620453347252523,-0.0463519781088929,-0.2070196666315101,3.689859201041386e-07,7.177846119799355e-05,-57.61685756163261,32.37595086712757,0.0006040305095690006,0.0023956865533628995,0.0,0.006744012775217545,0.002854827027878222,-7.190569069285192e-05
6.7400000000005855,0.21213203435596426,0.22101953272776562,-12.537110420520271,-12.556111035181926,-0.0461194615321292,-0.20707155554345533,3.680223902473153e-07,7.159234243304497e-05,-57.55252441665064,32.4403023462868,0.0006024531949096509,0.002383907400457857,0.0,0.006725083393232835,0.0028471919720942486,-7.1552758264663e-05
6.750000000000589,0.21213203435596426,0.22101949961758266,-12.472044184534324,-12.49099427379962,-0.04588408712409507,-0.20712380297782068,3.6704328962017667e-07,7.140211350642753e-05,-57.48741697283109,32.50542842523184,0.0006008503913486949,0.002371981261235391,0.0,0.006705739169828076,0.0028394351598737644,-7.11954140611298e-05
6.760000000000592,0.21213203435596426,0.22101946597009517,-12.40620861411451,-12.425107078507555,-0.04564586759086381,-0.20717639612075356,3.6604854093018937e-07,7.120778051195866e-05,-57.421539246303624,32.571325089288536,0.0005992219721855566,0.002359908869428217,0.0,0.0066859812964309515,0.002831556010235436,-7.083368006632386e-05
6.7700000000005955,0.21213203435596426,0.22101943178271583,-12.339607770308909,-12.358453512221994,-0.045404815822142314,-0.20722932207028982,3.6503806661190467e-07,7.100934975660776e-05,-57.35489530071258,32.637988276268594,0.0005975678108596039,0.002347690967768839,0.0,0.006665810990017539,0.0028235539426097788,-7.04675785357153e-05
6.780000000000599,0.21213203435596426,0.2210193970528576,-12.272245761371298,-12.29103768512335,-0.0451609448914769,-0.20728256783945367,3.640117894498361e-07,7.080682776166044e-05,-57.28748924696627,32.70541387671958,0.0005958877807275104,0.002335328307948979,0.0,0.006645229492975291,0.002815428377272246,-7.009713199320908e-05
6.790000000000602,0.21213203435596426,0.22101936177793555,-12.20412674250768,-12.22286375440299,-0.044914268056442636,-0.2073361203593816,3.629696323500391e-07,7.060022126399537e-05,-57.2193252429835,32.773597734177514,0.0005941817554958113,0.002322821650587557,0.0,0.006624238073091371,0.002807178736073105,-6.972236323062975e-05
6.800000000000606,0.21213203435596426,0.22101932595536697,-12.135254915620024,-12.153935924007074,-0.04466479875881553,-0.20738996648246816,3.619115181268449e-07,7.038953721638389e-05,-57.15040749343701,32.842535645422885,0.0005924496090555129,0.0023101717651327477,0.0,0.006602838023423617,0.0027988044416191495,-6.934329530485729e-05
6.810000000000609,0.21213203435596426,0.22101928958257452,-12.065634529047006,-12.084258444377538,-0.04441255062472811,-0.20744409298553645,3.608373700028525e-07,7.017478278887575e-05,-57.080740249494106,32.91222336073905,0.0005906912155902335,0.002297379429914297,0.0,0.0065810306622698005,0.0027903049189797326,-6.895995153939815e-05
6.820000000000612,0.21213203435596426,0.2210192526569859,-11.995269877302032,-12.013835612190334,-0.04415753746480701,-0.2074984865730272,3.597471114489578e-07,6.995596536948147e-05,-57.010327808554464,32.9826565841738,0.0005889064496970629,0.002284445431984994,0.0,0.006558817333035807,0.0027816795947341517,-6.857235551960091e-05
6.830000000000616,0.21213203435596426,0.22101921517603595,-11.924165300808252,-11.942671770090664,-0.04389977327429208,-0.20755313388021063,3.5864066585630575e-07,6.973309256522766e-05,-56.93917451398509,33.05383097380375,0.0005870951862657022,0.002271370567170514,0.0,0.006536199404221343,0.002772927898076939,-6.818053109405987e-05
6.840000000000619,0.21213203435596426,0.22101917713716807,-11.852325185630892,-11.870771306425485,-0.043639272233136975,-0.2076080214764185,3.575179573456683e-07,6.950617220300904e-05,-56.867284754852285,33.12574214200131,0.0005852573008792135,0.002258155639922141,0.0,0.006513178269268172,0.002764049260781665,-6.778450237042274e-05
6.850000000000622,0.21213203435596426,0.22101913853783528,-11.779753963206637,-11.798138654973107,-0.043376048706089826,-0.20766313586829452,3.563789101444521e-07,6.927521233054231e-05,-56.79466296565103,33.198385655704826,0.0005833926695722975,0.0022448014633454864,0.0,0.006489755346493919,0.002755043117643823,-6.738429371618591e-05
6.860000000000626,0.21213203435596426,0.2210190993755018,-11.706456110070334,-11.72477829467003,-0.04311011724275422,-0.20771846350306444,3.552234489993175e-07,6.904022121698817e-05,-56.721313626031375,33.27175703669129,0.000581501168977599,0.0022313088591322987,0.0,0.006465932079035919,0.002745908906779136,-6.69799297561111e-05
6.870000000000629,0.21213203435596426,0.22101905964764437,-11.632436147578838,-11.650694749335127,-0.04284149257763019,-0.2077739907718236,3.540514988238877e-07,6.880120735441819e-05,-56.647241260522115,33.34585176185187,0.0005795826765737907,0.0022176786574965466,0.0,0.006441709934731405,0.0027366460697180557,-6.657143537115098e-05
6.880000000000632,0.21213203435596426,0.22101901935175347,-11.557698641632086,-11.575892587390731,-0.0425701896301328,-0.2078297040128415,3.5286298539977787e-07,6.855817945798126e-05,-56.57245043825175,33.42066526347029,0.0005776370704438507,0.0022039116971237626,0.0,0.006417090406037801,0.0027272540522349483,-6.615883569664066e-05
6.890000000000636,0.21213203435596426,0.22101897848533503,-11.482248202391505,-11.500376421581398,-0.04229622350459107,-0.20788558951488356,3.516578345581941e-07,6.83111464674697e-05,-56.49694577266662,33.49619292950382,0.000575664229554951,0.002190008825133617,0.0,0.006392075009966541,0.002717732303894433,-6.57421561210899e-05
6.900000000000639,0.21213203435596426,0.22101893704591136,-11.406089483995572,-11.424150908689587,-0.042019609490223236,-0.20794163352054748,3.504359732251679e-07,6.806011754781627e-05,-56.420731921246286,33.57243010386711,0.0005736640337839023,0.002175970897018612,0.0,0.00636666528793112,0.0027080802793326476,-6.532142228394352e-05
6.910000000000642,0.21213203435596426,0.22101889503102315,-11.329227184272797,-11.347220749248764,-0.04174036306109029,-0.20799782222961566,3.491973283354227e-07,6.780510208991671e-05,-56.343813585216296,33.64937208671874,0.0005716363639744042,0.002161798776587379,0.0,0.006340862805707348,0.0026982974374055936,-6.489666007479751e-05
6.920000000000646,0.21213203435596426,0.22101885243822986,-11.251666044451861,-11.269590687253892,-0.0414584998760264,-0.20805414180242016,3.479418278266834e-07,6.754610971183779e-05,-56.26619550925815,33.72701413475036,0.0005695811020133779,0.0021474933359096724,0.0,0.006314669153309621,0.002688383242583883,-6.446789563095818e-05
6.930000000000649,0.21213203435596426,0.2210188092651126,-11.173410848869231,-11.191265509869003,-0.041174035778545434,-0.20811057836322325,3.4666940027118195e-07,6.728315025914315e-05,-56.18788248121665,33.80535146147863,0.000567498130900939,0.0021330554553106095,0.0,0.006288085944903182,0.0026783371647855904,-6.40351553373818e-05
6.940000000000652,0.21213203435596426,0.221018765509274,-11.09446642467397,-11.112250047132408,-0.04088698679672398,-0.20816711800360777,3.453799747564809e-07,6.701623380634451e-05,-56.108879331804566,33.88437923753974,0.0005653873347376748,0.002118486023229845,0.0,0.006261114818715103,0.002668158679322306,-6.35984658229648e-05
6.950000000000656,0.21213203435596426,0.22101872116834054,-11.014837641530042,-11.032549171659024,-0.040597369143059434,-0.20822374678588135,3.440734813437819e-07,6.674537065724331e-05,-56.02919093430465,33.9640925909866,0.0005632485989027559,0.00210378593625667,0.0,0.006233757436913431,0.0026578472681637027,-6.315785396120814e-05
6.960000000000659,0.21213203435596426,0.22101867623996369,-10.934529411315856,-10.952167798340142,-0.04030519921430313,-0.20828045074649043,3.427498508234364e-07,6.647057134592442e-05,-55.948822204269014,34.044486607588766,0.0005610818100539353,0.0020889560990196873,0.0,0.006206015485528907,0.0026474024193868704,-6.271334686682498e-05
6.970000000000662,0.21213203435596426,0.2210186307218212,-10.853546687821357,-10.871110884040672,-0.04001049359126849,-0.2083372158994447,3.414090146841939e-07,6.61918466375673e-05,-55.867778099215975,34.12555633113465,0.0005588868562865775,0.0020739974241172346,0.0,0.006177890674314651,0.002636823627562486,-6.226497189392649e-05
6.980000000000666,0.21213203435596426,0.2210185846116189,-10.771894466442372,-10.78938342729373,-0.03971326903861294,-0.2083940282397509,3.400509056373059e-07,6.590920752950654e-05,-55.78606361832418,34.20729676373673,0.0005566636270191572,0.0020589108321293756,0.0,0.006149384736687999,0.0026261103949699175,-6.181275663589703e-05
6.990000000000669,0.21213203435596426,0.22101853790709142,-10.689577783872554,-10.706990467992645,-0.03941354250459349,-0.20845087374685434,3.3867545692403337e-07,6.562266525155858e-05,-55.70368380212428,34.289702866139,0.000554412013304954,0.002043697251514545,0.0,0.006120499429595136,0.002615262230652525,-6.13567289232598e-05
7.000000000000672,0.21213203435596426,0.2210184906060042,-10.606601717792609,-10.62393708708038,-0.03911133112079554,-0.20850773838808923,3.3728260291682907e-07,6.533223126712035e-05,-55.62064373218801,34.37276955802725,0.000552131907628498,0.0020283576185540064,0.0,0.006091236533419661,0.0026042786516271878,-6.089691682077691e-05
7.010000000000676,0.21213203435596426,0.22101844270615456,-10.522971386557165,-10.540228406236555,-0.03880665220183485,-0.20856460812213454,3.3587227896684005e-07,6.503791727374839e-05,-55.5369485308147,34.4564917183416,0.0005498232042172624,0.0020128928772785966,0.0,0.006061597851829958,0.002593159182688096,-6.0433348626415614e-05
7.020000000000679,0.21213203435596426,0.22101839420537345,-10.438691948878967,-10.455869587561867,-0.038499523245031836,-0.20862146890247682,3.3444442167973766e-07,6.47397352043714e-05,-55.452603360715365,34.54086418559163,0.0005474857990353035,0.0019973039794911516,0.0,0.0060315852117461015,0.0025819033573655104,-5.996605287069258e-05
7.030000000000682,0.21213203435596426,0.2210183451015263,-10.353768603510744,-10.370865833259954,-0.03818996193005732,-0.20867830668087697,3.3299896832050757e-07,6.443769722727696e-05,-55.367613424694184,34.62588175817428,0.0005451195896560386,0.001981591884607528,0.0,0.006001200463172235,0.0025705107171963277,-5.9495058313904844e-05
7.040000000000686,0.21213203435596426,0.22101829539251489,-10.268206588924437,-10.285222385316938,-0.03787798611855081,-0.20873510741084222,3.3153585758550996e-07,6.413181574764729e-05,-55.28198396532764,34.71153919469376,0.0005427244756884394,0.0019657575596380796,0.0,0.005970445479080502,0.0025589808131102685,-5.90203939432079e-05
7.050000000000689,0.21213203435596426,0.22101824507627854,-10.182011182988168,-10.198944525178344,-0.03756361385370924,-0.2087918570511009,3.3005502927924394e-07,6.382210340750107e-05,-55.19572026464104,34.79783121428436,0.0005403003584907836,0.0019498019791499603,0.0,0.005939322155314159,0.0025473132051475273,-5.854208897309739e-05
7.060000000000692,0.21213203435596426,0.22101819415079554,-10.095187702640564,-10.112037573423763,-0.03724686335984724,-0.20884854156907975,3.2855642439340485e-07,6.350857308713117e-05,-55.10882764378278,34.884752496935256,0.0005378471415205136,0.0019337261252045852,0.0,0.005907832410489641,0.0025355074628476723,-5.8060172842950425e-05
7.070000000000696,0.21213203435596426,0.22101814261408462,-10.007741503562892,-10.024506889438968,-0.03692775304192755,-0.208905146944383,3.270399851117256e-07,6.319123790530091e-05,-55.02131146269609,34.97229768381814,0.0005353647301688503,0.0019175309872486001,0.0,0.00587597818583262,0.002523563165693001,-5.757467521416782e-05
7.080000000000699,0.21213203435596426,0.22101809046420615,-9.919677979848597,-9.93635787108567,-0.036606301485061665,-0.20896165917227202,3.255056549862325e-07,6.287011122022739e-05,-54.93317711978838,35.060461377617024,0.0005328530319643469,0.001901217562094762,0.0,0.0058437614451017725,0.0025114799031967987,-5.708562596927697e-05
7.090000000000702,0.21213203435596426,0.22101803769926362,-9.83100256367066,-9.84759595436897,-0.03628252745398057,-0.20901806426714475,3.239533789539295e-07,6.254520663008066e-05,-54.84443005159827,35.14923814286033,0.0005303119568018892,0.0018847868538464283,0.0,0.005811184174407624,0.0024992572755208713,-5.6593055209083255e-05
7.100000000000706,0.21213203435596426,0.2210179843174051,-9.74172072494643,-9.758226613102284,-0.03595644989247451,-0.20907434826601445,3.2238310313375713e-07,6.221653797364824e-05,-54.75507573246025,35.23862250625567,0.0005277414164783349,0.001868239873898676,0.0,0.005778248382223522,0.0024868948936403587,-5.609699325451827e-05
7.110000000000709,0.21213203435596426,0.22101793031682454,-9.651837971000292,-9.668255358570184,-0.0356280879228027,-0.2091304972319861,3.207947751899102e-07,6.188411933106463e-05,-54.66511967416697,35.328608957026624,0.0005251413253667906,0.001851577640757696,0.0,0.005744956099087106,0.0024743923794683822,-5.5597470638755124e-05
7.120000000000712,0.21213203435596426,0.22101787569576312,-9.561359846223876,-9.577687739188615,-0.03529746084507103,-0.20918649725773047,3.191883442830656e-07,6.154796502415187e-05,-54.57456742562926,35.41919194725204,0.0005225115999967794,0.001834801180076034,0.0,0.005711309377614315,0.002461749366350474,-5.509451811025259e-05
7.130000000000716,0.21213203435596426,0.22101782045251056,-9.47029193173413,-9.486529340163242,-0.034964588136579766,-0.20924233446895382,3.1756376086586553e-07,6.120808961757551e-05,-54.48342457253389,35.51036589220738,0.0005198521595249623,0.0018179115245360732,0.0,0.00567731029228209,0.0024489654994866816,-5.4588166628490756e-05
7.140000000000719,0.21213203435596426,0.2210177645854067,-9.378639845028964,-9.394785783145105,-0.034629489451138265,-0.20929799502786395,3.159209771584637e-07,6.086450791910356e-05,-54.39169673699894,35.60212517070874,0.0005171629255315834,0.0018009097138161848,0.0,0.0056429609393784915,0.0024360404358438597,-5.407844736291576e-05
7.1500000000007224,0.21213203435596426,0.22101770809284274,-9.286409239640829,-9.302462725884169,-0.03429218461834822,-0.20935346513663003,3.1425994662130563e-07,6.051723497982379e-05,-54.29938957722705,35.69446412545873,0.000514443822147691,0.001783796794492482,0.0,0.0056082634367780135,0.0024229738448209386,-5.356539169021272e-05
7.160000000000726,0.21213203435596426,0.22101765097326223,-9.19360580478789,-9.209565861880806,-0.03395269364285537,-0.20940873104083596,3.12580624783801e-07,6.016628609528899e-05,-54.20650878715637,35.78737706339477,0.0005116947761696386,0.0017665738200471589,0.0,0.005573219923920919,0.002409765408648856,-5.304903119429409e-05
7.170000000000729,0.21213203435596426,0.22101759322516312,-9.10023526502317,-9.11610092003491,-0.03361103670356838,-0.20946377903292746,3.108829683634089e-07,5.981167680580244e-05,-54.11306009610939,35.88085825603956,0.0005089157171036124,0.0017492418507294967,0.0,0.005537832561599607,0.002396414821977077,-5.2529397662185195e-05
7.1800000000007325,0.21213203435596426,0.2210175348470986,-9.00630337988136,-9.022073664292856,-0.033267234152845174,-0.20951859545564977,3.09166936180076e-07,5.945342289713242e-05,-54.01904926843947,35.97490193985376,0.0005061065771592697,0.001731801953528074,0.0,0.005502103531882086,0.0023829217931389986,-5.2006523083649566e-05
7.190000000000736,0.21213203435596426,0.22101747583767842,-8.911815943523608,-8.927489893292226,-0.032921306515646204,-0.20957316670547693,3.07432488348039e-07,5.909154040044946e-05,-53.92448210317529,36.069502316590864,0.000503267291383323,0.0017142552020731803,0.0,0.005466035037921679,0.002369286043482718,-5.1480439647656275e-05
7.200000000000739,0.21213203435596426,0.2210174161955703,-8.81677878438005,-8.83235544000456,-0.032573274488655546,-0.2096274792360311,3.05679587055008e-07,5.8726045593438835e-05,-53.82936443366316,36.16465355365405,0.0005003977977485946,0.0016966026766307338,0.0,0.005429629303865852,0.0023555073086045093,-5.095117974243916e-05
7.2100000000007425,0.21213203435596426,0.22101735591950147,-8.721197764790345,-8.736676171375901,-0.03222315893936836,-0.20968151956149067,3.0390819619445864e-07,5.835695500046287e-05,-53.733702127207145,36.26034978445536,0.0004974980371349344,0.0016788454639656166,0.0,0.005392888574710572,0.002341585337970994,-5.0418775951548076e-05
7.220000000000746,0.21213203435596426,0.2210172950082596,-8.625078780641987,-8.64045798796517,-0.031870980905144966,-0.20973527425998692,3.021182814984622e-07,5.798428539309317e-05,-53.6375010847072,36.35658510877686,0.0004945679533991911,0.0016609846573178504,0.0,0.005355815116136492,0.0023275198952024657,-4.9883261052667035e-05
7.230000000000749,0.21213203435596426,0.22101723346069427,-8.528427761006702,-8.543706823580624,-0.031516761592231934,-0.20978872997698766,3.0030981055551927e-07,5.7608053790517465e-05,-53.540767240295146,36.4533535931339,0.0004916074935660458,0.0016430213563316523,0.0,0.005318411214403906,0.0023133107588162384,-4.9344668016172964e-05
7.2400000000007525,0.21213203435596426,0.22101717127571816,-8.431250667774624,-8.44642864491405,-0.031160522374748936,-0.2098418734286675,2.984827528943106e-07,5.7228277459791404e-05,-53.443506560968586,36.5506492711405,0.0004886166077135124,0.0016249566669747906,0.0,0.005280679176189027,0.0022989577222311463,-4.880303000209483e-05
7.250000000000756,0.21213203435596426,0.22101710845230868,-8.333553495286633,-8.34862945117317,-0.030802284793642817,-0.20989469140526373,2.966370800820365e-07,5.684497391639733e-05,-53.34572504622291,36.64846614387657,0.00048559524918285357,0.0016067917014686954,0.0,0.00524262132843673,0.0022844605939908737,-4.825838035859913e-05
7.260000000000759,0.21213203435596426,0.2210170449895086,-8.2353422699645,-8.250315273711882,-0.030442070555607242,-0.20994717077441627,2.9477276536445134e-07,5.645816092470996e-05,-53.24742872768116,36.74679818025742,0.00048254337445135896,0.0015885275782959237,0.0,0.005204240018273823,0.0022698191982900716,-4.771075262119275e-05
7.2700000000007625,0.21213203435596426,0.22101698088642796,-8.136623049939239,-8.15149217565848,-0.03007990153196849,-0.20999929848449195,2.928897845225853e-07,5.606785649782336e-05,-53.148623668722,36.84563931740505,0.00047946094341223437,0.0015701654219779264,0.0,0.0051655376127706185,0.002255033374835151,-4.716018050768927e-05
7.280000000000766,0.21213203435596426,0.22101691614224464,-8.037401924677328,-8.052166251542136,-0.029715799757537964,-0.21005106156789094,2.909881147381569e-07,5.567407889863089e-05,-53.04931596410574,36.944983461021465,0.0004763479192601008,0.001551706363143756,0.0,0.005126516498897574,0.002240102979428461,-4.660669791895143e-05
7.290000000000769,0.21213203435596426,0.22101685075620628,-7.937685014605175,-7.952343626917147,-0.029349787429429883,-0.21010244714433585,2.8906773597205773e-07,5.5276846639339904e-05,-52.94951173959824,37.04482448576396,0.00047320426868818955,0.001533151538393467,0.0,0.00508717908326746,0.002225027884308182,-4.6050338934687995e-05
7.3000000000007725,0.21213203435596426,0.22101678472763092,-7.837478470731471,-7.852030457985464,-0.028981886905845508,-0.21015344242414097,2.8712862976862576e-07,5.4876178482290485e-05,-52.849217151593216,37.145156235622295,0.00047002996179292564,0.0015145020902559297,0.0,0.005047527792079387,0.0022098079782373915,-4.5491137813302594e-05
7.310000000000776,0.21213203435596426,0.22101671805590878,-7.736788474267885,-7.751232931217359,-0.028612120704823524,-0.21020403471146237,2.851707801455064e-07,5.4472093440093116e-05,-52.74843838673239,37.245972524297684,0.00046682497232201084,0.0014957591671162227,0.0,0.005007565070936304,0.0021944431666375175,-4.4929128988607355e-05
7.320000000000779,0.21213203435596426,0.22101665074050267,-7.6356212362476645,-7.649957262969999,-0.028240511502955506,-0.21025421140752634,2.8319417315293146e-07,5.406461077567614e-05,-52.647181661523895,37.34726713558391,0.00046358927747722884,0.0014769239231235201,0.0,0.004967293384713589,0.002178933372245554,-4.43643470685354e-05
7.330000000000783,0.21213203435596426,0.22101658278095004,-7.533982997142621,-7.548209699104416,-0.027867082134068383,-0.2103039600138372,2.8119879731220987e-07,5.365375000257938e-05,-52.54545322195879,37.449033823749964,0.00046032285833427956,0.0014579975181363647,0.0,0.004926715217325875,0.0021632785349560415,-4.3796826831121066e-05
7.340000000000786,0.21213203435596426,0.22101651417686352,-7.43188002647807,-7.445996514600497,-0.027491855587872135,-0.2103532681353615,2.791846431050034e-07,5.323953088522293e-05,-52.44325934312582,37.55126631392481,0.00045702569936569503,0.0014389811176743932,0.0,0.004885833071720127,0.0021474786125128737,-4.322660322562756e-05
7.350000000000789,0.21213203435596426,0.22101644492793224,-7.329318622446217,-7.343324013170279,-0.027114855008574065,-0.21040212348368947,2.7715170348231443e-07,5.282197343885764e-05,-52.34060632882426,37.653958302483716,0.00045369778914056163,0.0014198758927882347,0.0,0.004844649469542453,0.0021315335802170278,-4.2653711366443764e-05
7.360000000000793,0.21213203435596426,0.2210163750339232,-7.226305111517545,-7.240198526869374,-0.02673610369345876,-0.21045051388017189,2.7509997376607886e-07,5.240109792994943e-05,-52.23750051117519,37.75710345743644,0.0004503391197965483,0.0014006830200435215,0.0,0.004803166951159485,0.002115443431675236,-4.207818653479844e-05
7.370000000000796,0.21213203435596426,0.22101630449468204,-7.122845848050672,-7.136626415706737,-0.02635562509143452,-0.21049842725903145,2.730294515443026e-07,5.197692487598354e-05,-52.13394825023081,37.86069541881734,0.0004469496874470171,0.0013814036814438803,0.0,0.004761388075386225,0.0020992081787399824,-4.150006417413155e-05
7.380000000000799,0.21213203435596426,0.2210162333101344,-7.018947213900278,-7.032614067252604,-0.02597344280154576,-0.2105458516704487,2.709401367947717e-07,5.1549475045793586e-05,-52.029955933582094,37.96472779907689,0.00044352949221282916,0.0013620390642936733,0.0,0.00471931541933728,0.002082827851948422,-4.091937988783867e-05
7.390000000000803,0.21213203435596426,0.22101616148028697,-6.914615618023549,-6.928167896244847,-0.02558958057145215,-0.21059277528362041,2.6883203208542234e-07,5.111876945942814e-05,-51.92552997596487,38.06919418347519,0.00044007853793609454,0.001342590361228689,0.0,0.00467695157832596,0.0020663025006317395,-4.0336169439144655e-05
7.400000000000806,0.21213203435596426,0.2210160890052286,-6.8098574960847404,-6.823294344193562,-0.025204062295873922,-0.21063918638979034,2.667051421919069e-07,5.068482938844358e-05,-51.82067681886408,38.17408813047696,0.0004365968328353665,0.0013230587700535173,0.0,0.0046342991656630585,0.0020496321930932805,-3.975046874662394e-05
7.410000000000809,0.21213203435596426,0.221016015885131,-6.704679310058292,-6.717999878983998,-0.02481691201500376,-0.21068507340525108,2.645594746208948e-07,5.024767635539189e-05,-51.71540293011644,38.27940317214843,0.00043308438882500304,0.0013034454937186665,0.0,0.00459136081250594,0.002032817017080175,-3.91623138839869e-05
7.420000000000813,0.21213203435596426,0.22101594212025036,-6.599087547830129,-6.612290994477957,-0.024428153912885914,-0.21073042487431712,2.623950391052883e-07,4.980733213451284e-05,-51.60971480351145,38.38513281455554,0.0004295412222848605,0.0012837517402187377,0.0,0.004548139167668022,0.002015857079529804,-3.8571741075279024e-05
7.430000000000816,0.21213203435596426,0.22101586771092815,-6.493088722797548,-6.506174210113398,-0.024037812315761478,-0.2107752294722668,2.602118483596189e-07,4.936381875082741e-05,-51.50361895839087,38.49127053816406,0.0004259673535450446,0.0012639787225413657,0.0,0.004504636897489927,0.001998752507666874,-3.797878669574166e-05
7.440000000000819,0.21213203435596426,0.221015792657592,-6.386689373467355,-6.399656070502762,-0.023645911690381854,-0.210819476008253,2.580099172666588e-07,4.8917158481004313e-05,-51.397121939246546,38.597809798241016,0.0004223628072802985,0.0012441276585838236,0.0,0.00446085668569555,0.0019815034481655953,-3.738348726748246e-05
7.450000000000823,0.21213203435596426,0.2210157169607568,-6.279896063052625,-6.292743145029306,-0.023252476642288092,-0.21086315342818246,2.557892635756033e-07,4.846737385210472e-05,-51.29023031531671,38.70474402525809,0.0004187276123509754,0.00122419977106658,0.0,0.004416801233145196,0.0019641100681727993,-3.67858794579811e-05
7.460000000000826,0.21213203435596426,0.2210156406210258,-6.172715379067762,-6.1854420274424555,-0.02285753191405962,-0.21090625081756154,2.535499076150611e-07,4.8014487642767764e-05,-51.18295068018083,38.81206662529592,0.0004150618019747883,0.0012041962874964158,0.0,0.004372473257777465,0.0019465725551324063,-3.6186000077864854e-05
7.470000000000829,0.21213203435596426,0.2210155636390912,-6.065153932922245,-6.077759335451092,-0.02246110238352879,-0.21094875740430852,2.5129187218927685e-07,4.755852288177578e-05,-51.075289651352776,38.9197709804506,0.00041136541373317144,0.001184118440015612,0.0,0.004327875494330227,0.0019288911169522574,-3.558388607790712e-05
7.480000000000833,0.21213203435596426,0.22101548601573573,-5.957218359512705,-5.969701710315765,-0.02206321306196493,-0.2109906625615319,2.4901518306680833e-07,4.709950284878172e-05,-50.96725386987269,39.02785044924118,0.00040763848960944656,0.0011639674654140577,0.0,0.004283010694252598,0.0019110659825351338,-3.4979574547635886e-05
7.490000000000836,0.21213203435596426,0.22101540775183295,-5.84891531681376,-5.861275816439253,-0.02166388909222587,-0.2110319558102723,2.467198685574351e-07,4.663745107343873e-05,-50.85884999989731,39.13629836701882,0.0004038810759951843,0.001143744604998114,0.0,0.004237881625487683,0.001893097401745609,-3.437310271295242e-05
7.500000000000839,0.21213203435596426,0.22101532884834868,-5.74025148546721,-5.752488340955774,-0.02126315574687844,-0.21107262682220945,2.444059597980546e-07,4.617239133574798e-05,-50.75008472828891,39.245108046377375,0.00040009322383650946,0.0011234511045361477,0.0,0.0041924910723494715,0.0018749856455407665,-3.376450793360865e-05
7.510000000000843,0.21213203435596426,0.2210152493063413,-5.63123356837005,-5.643345993318725,-0.02086103842628742,-0.2111126654223312,2.420734907042365e-07,4.570434766513942e-05,-50.64096476420281,39.35427277756537,0.00039627498854504574,0.001103088214178013,0.0,0.00414684183530156,0.0018567310062376514,-3.315382770125641e-05
7.520000000000846,0.21213203435596426,0.22101516912696326,-5.521868290260901,-5.533855504887108,-0.02045756265667406,-0.21115206159156588,2.397224977851817e-07,4.523334434074081e-05,-50.531496838673576,39.463785828899354,0.00039242643012513774,0.0010826571883671206,0.0,0.0041009367308304815,0.0018383337978567784,-3.254109963618601e-05
7.530000000000849,0.21213203435596426,0.22101508831146144,-5.4121623973053,-5.4240236285105405,-0.02005275408814372,-0.21119080546937533,2.37353020705626e-07,4.4759405890514094e-05,-50.42168770419967,39.57364044717861,0.0003885476132756288,0.00106215928575447,0.0,0.00405477859117973,0.001819794356014631,-3.192636148521122e-05
7.540000000000853,0.21213203435596426,0.22101500686117834,-5.302122656679459,-5.3138571381129305,-0.019646638492683374,-0.21122888735630957,2.349651017137573e-07,4.428255709117675e-05,-50.3115441343271,39.683829858101234,0.00038463860720538886,0.0010415957692015267,0.0,0.004008370264338856,0.001801113038461719,-3.1309651122316364e-05
7.550000000000856,0.21213203435596426,0.2210149247775526,-5.191755856152939,-5.203362828275005,-0.019239241762129808,-0.2112662977165207,2.3255878589020934e-07,4.380282296777636e-05,-50.20107292323148,39.7943472666815,0.0003806994858623141,0.0010209679055599823,0.0,0.0039617146136755235,0.0017822902247199934,-3.069100654065064e-05
7.560000000000859,0.21213203435596426,0.22101484206212002,-5.081068803669845,-5.092547513815274,-0.018830589906107337,-0.21130302718023675,2.3013412156029141e-07,4.3320228793116335e-05,-50.090280885298995,39.905185857668435,0.0003767303280032997,0.001000276965730545,0.0,0.003914814517910656,0.0017633263167600975,-3.0070465855272386e-05
7.570000000000863,0.21213203435596426,0.2210147587165145,-4.97006832692898,-4.981418029370057,-0.01842070904993763,-0.2113390665461941,2.2769115950396773e-07,4.2834800087502974e-05,-49.979174854705995,40.01633879596587,0.0003727312170224894,0.0009795242245204537,0.0,0.0038676728708456815,0.0017442217390403322,-2.9448067298666626e-05
7.580000000000866,0.21213203435596426,0.22101467474246786,-4.858761272962589,-4.869981228972014,-0.018009625432519674,-0.21137440678402672,2.2522995368300563e-07,4.234656261795148e-05,-49.8677616849975,40.127799227053465,0.0003687022411548311,0.000958710960575372,0.0,0.003820292581284393,0.0017249769386195638,-2.8823849219319684e-05
7.590000000000869,0.21213203435596426,0.22101459014181185,-4.7471545077140815,-4.758243985627633,-0.01759736540418233,-0.21140903903661443,2.2275056095318155e-07,4.1855542397757674e-05,-49.75604824866439,40.23956027740914,0.0003646434934697159,0.00093783845627039,0.0,0.0037726765727003953,0.001705592384897752,-2.8197850076771722e-05
7.600000000000873,0.21213203435596426,0.22101450491647828,-4.635254915614432,-4.646213190893539,-0.017183955424508776,-0.21144295462238627,2.2025304122584603e-07,4.136176568625286e-05,-49.64404143671952,40.35161505493243,0.00036055507193458907,0.0009169079976839011,0.0,0.0037248277832177103,0.0016860685706417693,-2.757010844283463e-05
7.610000000000876,0.21213203435596426,0.22101441906849942,-4.523069399157601,-4.53389575445158,-0.01676942206013335,-0.21147614503757955,2.177374571101183e-07,4.086525898765944e-05,-49.531748158272585,40.463956649369415,0.0003564370793386169,0.0008959208744858804,0.0,0.003676749165299739,0.0016664060113769784,-2.694066299661624e-05
7.620000000000879,0.21213203435596426,0.22101433260000913,-4.410604878474657,-4.4212986036828195,-0.01635379198251155,-0.2115086019584551,2.152038746725554e-07,4.036604905091141e-05,-49.419175340103955,40.57657813273832,0.00035228962348351974,0.0008748783798905106,0.0,0.003628443685659921,0.0016466052459876027,-2.6309552523977998e-05
7.630000000000883,0.21213203435596426,0.2210142455132432,-4.297868290907017,-4.30842868324042,-0.015937091965663452,-0.21154031724346573,2.126523626843966e-07,3.986416286845816e-05,-49.30632992623746,40.68947255975662,0.0003481128169227665,0.0008537818105518326,0.0,0.0035799143250407088,0.0016266668364415438,-2.5676815914875725e-05
7.640000000000886,0.21213203435596426,0.22101415781054023,-4.184866590578415,-4.195292954621551,-0.01551934888389149,-0.21157128293537958,2.1008299294827844e-07,3.9359627676245466e-05,-49.19321887751196,40.80263296826886,0.0003439067774768251,0.0008326324664228641,0.0,0.0035311640780019806,0.0016065913680045796,-2.504249215755773e-05
7.650000000000889,0.21213203435596426,0.22101406949434213,-4.071606747966035,-4.081898395738153,-0.015100589709472312,-0.21160149126335587,2.0749584052166623e-07,3.885247095252147e-05,-49.079849171152034,40.91605237967574,0.00033967162776243936,0.000811431650823873,0.0,0.0034821959527783497,0.0015863794501005083,-2.4406620341734032e-05
7.660000000000893,0.21213203435596426,0.22101398056719462,-3.958095749470448,-3.9682520004866797,-0.014680841510323603,-0.2116309346449735,2.0489098329268106e-07,3.8342720417289585e-05,-48.96622780033754,41.029723799364206,0.0003354074955297687,0.0007901806702379595,0.0,0.0034330129710983094,0.0015660317150992874,-2.3769239652630317e-05
7.670000000000896,0.21213203435596426,0.22101389103174787,-3.844340596984752,-3.8543607783168756,-0.014260131447646485,-0.2116596056882115,2.0226850268245205e-07,3.7830404031113594e-05,-48.85236177377227,41.14364021713855,0.00033111451355424885,0.000768880834256563,0.0,0.0033836181679284733,0.0015455488194798608,-2.3130389368740657e-05
7.680000000000899,0.21213203435596426,0.221013800890757,-3.730348307462559,-3.7402317537996614,-0.013838486773544226,-0.21168749719338084,1.9962848259889353e-07,3.731554999495893e-05,-48.73825811525165,41.25779460765233,0.00032679281961114757,0.0007475334555547362,0.0,0.003334014591396539,0.00152493144374984,-2.2490108861173443e-05
7.690000000000903,0.21213203435596426,0.22101371014708257,-3.6161259124852645,-3.6258719661939876,-0.013415934828617151,-0.2117146021550071,1.969710104771177e-07,3.679818674878805e-05,-48.62392386322937,41.372179930841405,0.00032244255677453656,0.0007261398497161579,0.0,0.0032842053024797592,0.0015041802919936284,-2.1848437589083446e-05
7.700000000000906,0.21213203435596426,0.2210136188036915,-3.5016804578282015,-3.5112884690127495,-0.012992503039534586,-0.21174091376366339,1.9429617684661386e-07,3.627834297090916e-05,-48.50936607038335,41.48678913235785,0.0003180638731119585,0.0007047013352488061,0.0,0.0032341933749137687,0.0014832960928427513,-2.1205415098545073e-05
7.7100000000009095,0.21213203435596426,0.22101352686365638,-3.3870190030261247,-3.396488329587944,-0.01256821891658487,-0.21176642540775192,1.9160407536762872e-07,3.5756047576766624e-05,-48.39459180318059,41.60161514400471,0.00031365692183073235,0.0006832192334337395,0.0,0.0031839818949329912,0.0014622795986746506,-2.0561081019999156e-05
7.720000000000913,0.21213203435596426,0.2210134343301575,-3.272148620937644,-3.281478628634879,-0.012143110051203429,-0.21179113067523675,1.8889480277893906e-07,3.523132971850477e-05,-48.27960814144136,41.71665088417161,0.00030922186136064794,0.0006616948682887638,0.0,0.0031335739611539765,0.0014411315864481635,-1.9915475065954354e-05
7.730000000000916,0.21213203435596426,0.22101334120648175,-3.1570763973090403,-3.1662664598155645,-0.011717204113479596,-0.21181502335532243,1.8616845889953011e-07,3.470421878331465e-05,-48.16442217790241,41.831889258271296,0.00030475885529671586,0.0006401295664512035,0.0,0.003082972684300794,0.001419852857246086,-1.926863702778102e-05
7.7400000000009195,0.21213203435596426,0.2210132474960244,-3.0418094303370804,-3.050858929301282,-0.011290528849642933,-0.21183809744008353,1.8342514695295015e-07,3.417474439294157e-05,-48.049041017779494,41.94732315917695,0.00030026807238008426,0.0006185246571410523,0.0,0.0030321811870818866,0.0013984442366924807,-1.862060677425943e-05
7.750000000000923,0.21213203435596426,0.2210131532022882,-2.926354830231268,-2.9352631553344897,-0.01086311207952989,-0.21186034712603888,1.8066497332522745e-07,3.364293640230904e-05,-47.93347177832909,42.06294546766012,0.0002957496867397607,0.0005968814720075052,0.0,0.002981202603939742,0.0013769065748884196,-1.7971424247927202e-05
7.760000000000926,0.21213203435596426,0.2210130583288847,-2.810719718775152,-2.819486267789799,-0.010434981694030593,-0.2118817668156754,1.7788804738826105e-07,3.3108824898641096e-05,-47.81772158840936,42.17874905282977,0.00029120387754911266,0.0005752013451211937,0.0,0.0029300400808950577,0.0013552407463867026,-1.7321129463363565e-05
7.7700000000009295,0.21213203435596426,0.22101296287953398,-2.694911228887123,-2.7035354077343725,-0.010006165652517357,-0.2119023511189167,1.7509448202242752e-07,3.257244020002488e-05,-47.701797588040385,42.29472677257165,0.00028663082931211725,0.0005534856128688811,0.0,0.0028786967753517386,0.001333447650432779,-1.666976250610351e-05
7.780000000000933,0.21213203435596426,0.2210128668580651,-2.5789365041803176,-2.5874177269875394,-0.00957669198025489,-0.21192209485453878,1.7228439301313076e-07,3.203381285451377e-05,-47.585706927963784,42.41087147398869,0.0002820307317870279,0.0005317356138441798,0.0,0.0028271758558776976,0.0013115282108884744,-1.6017363526611838e-05
7.790000000000936,0.21213203435596426,0.22101277026841654,-2.462802698522072,-2.471140387679814,-0.009146588765793301,-0.21194099305153152,1.6945789951240256e-07,3.149297363873247e-05,-47.46945676920156,42.52717599384192,0.00027740377996092984,0.0005099526887693618,0.0,0.002775480502005004,0.0012894833762163037,-1.5363972740901722e-05
7.8000000000009395,0.21213203435596426,0.22101267311463638,-2.3465169755925315,-2.3547105618112463,-0.008715884158344248,-0.21195904095040494,1.6661512401245794e-07,3.0949953557012666e-05,-47.35305428261441,42.64363315899191,0.00027275017418968464,0.00048813818048115817,0.0,0.002723613904071248,0.0012673141198659697,-1.4709630427199936e-05
7.810000000000943,0.21213203435596426,0.2210125754008822,-2.230086508442868,-2.2381354308090926,-0.008284606365140751,-0.2119762340044405,1.6375619205361087e-07,3.040478383950733e-05,-47.23650664845941,42.760235786841235,0.000268070120007097,0.0004662934337651986,0.0,0.002671579263007054,0.0012450214399284437,-1.4054376924061478e-05
7.820000000000946,0.21213203435596426,0.2210124771314219,-2.113518479052705,-2.1214221850850286,-0.007852783648782058,-0.21199256788088755,1.60881232383706e-07,2.985749594161105e-05,-47.11982105594707,42.87697668577703,0.0002633638283348312,0.00044441979529146055,0.0,0.0026193797901138626,0.0012226063591958176,-1.339825262543007e-05
7.8300000000009495,0.21213203435596426,0.22101237831063344,-1.996820077887206,-2.004578023591643,-0.007420444324563166,-0.21200803846210314,1.5799037716178297e-07,2.9308121541901497e-05,-47.00300470279784,42.99384865561456,0.00025863151538063324,0.00042251861354802834,0.0,0.0025670187068600496,0.0012000699253752211,-1.2741297981031552e-05
7.840000000000953,0.21213203435596426,0.22101227894300476,-1.8799985034534272,-1.8876101533785767,-0.006987616757790929,-0.21202264184663577,1.5508376179188914e-07,2.8756692541415715e-05,-46.88606479479819,43.11084448804102,0.00025387340264469244,0.00040059123877592216,0.0,0.002514499244743601,0.0011774132111309703,-1.2083553492692549e-05
7.850000000000956,0.21213203435596426,0.2210121790331343,-1.7630609618563853,-1.7705257891480635,-0.006554329361086478,-0.21203637435025297,1.5216152477280547e-07,2.8203241061920206e-05,-46.769008545356044,43.22795696705994,0.00024908971691964076,0.00037863902288003945,0.0,0.0024618246450380187,0.0011546373139762701,-1.1425059712802855e-05
7.8600000000009596,0.21213203435596426,0.22101207858573138,-1.6460146663544437,-1.6533321528098521,-0.006120610591674458,-0.21204923250691238,1.4922380795311176e-07,2.764779944442727e-05,-46.651843175055916,43.34517886943622,0.00024428069020785895,0.00035666331929036136,0.0,0.0024089981586203624,0.0011317433561462641,-1.0765857239663582e-05
7.870000000000963,0.21213203435596426,0.22101197760561542,-1.5288668369144738,-1.5360364730360683,-0.005686488948661722,-0.2120612130696743,1.4627075624737003e-07,2.7090400248083706e-05,-46.534575911213444,43.46250296514131,0.00023944656009042061,0.0003346654828789061,0.0,0.002356023045698799,0.0011087324846403676,-1.0105986715596476e-05
7.880000000000966,0.21213203435596426,0.22101187609771672,-1.4116246997663833,-1.4186459848151851,-0.005251992970303085,-0.21207231301155832,1.4330251814287272e-07,2.6531076248402612e-05,-46.417213987429506,43.57992201779914,0.00023458756930725902,0.00031264687001457235,0.0,0.0023029025756993947,0.0010856058719081857,-9.445488826705342e-06
7.89000000000097,0.21213203435596426,0.22101177406707595,-1.2942954869574785,-1.3011679290059204,-0.004817151231257727,-0.21208252952634127,1.4031924509821367e-07,2.596986043562016e-05,-46.299764643144165,43.697428785132324,0.00022970396584622268,0.00029060883833870584,0.0,0.002249640027052799,0.0010623647144304806,-8.784404299091692e-06
7.900000000000973,0.21213203435596426,0.22101167151884457,-1.1768864359062488,-1.1836095518907261,-0.004381992339835675,-0.21209186002929786,1.37321091950313e-07,2.5406786013846472e-05,-46.18223512319003,43.815016019408596,0.00022479600311482527,0.00026855274668778037,0.0,0.0021962386869365524,0.0010390102340936838,-8.122773894020391e-06
7.910000000000976,0.21213203435596426,0.22101156845828465,-1.0594047889560356,-1.0659781047287322,-0.003946544935234442,-0.2121003021578829,1.3430821684729603e-07,2.484188639855501e-05,-46.064632677345315,43.93267646788786,0.00021986393978121806,0.00024647995508114256,0.0,0.0021427018510935592,0.0010155436773555701,-7.460638408663735e-06
7.92000000000098,0.21213203435596426,0.2210114648907687,-0.9418577929281842,-0.9482808433086536,-0.0035108376847683698,-0.21210785377235492,1.3128078093443525e-07,2.427519521586683e-05,-45.94696455988672,44.05040287326942,0.00021490803982507825,0.00022439182461851136,0.0,0.002089032823685702,0.0009919663157466876,-6.7980386730625305e-06
7.930000000000983,0.21213203435596426,0.2210113608217795,-0.8242526986751318,-0.8305250275012495,-0.0030748992810897824,-0.21211451295634148,1.282389488160218e-07,2.3706746300400005e-05,-45.82923802914189,44.168187974139386,0.00020992857248672094,0.00020228971733650132,0.0,0.0020352349169902306,0.000968279445106164,-6.1350155455713784e-06
7.940000000000986,0.21213203435596426,0.22101125625691032,-0.706596760633035,-0.7127179208115342,-0.0026387584394033242,-0.21212027801734598,1.251828880708081e-07,2.313657369404462e-05,-45.711460347041715,44.28602450541864,0.0002049258123561539,0.0001801749961702328,0.0,0.00198131145125941,0.0009444843862907352,-5.471609911462786e-06
7.95000000000099,0.21213203435596426,0.2210111512018646,-0.5888972363743877,-0.5948667899308108,-0.0022024438946744024,-0.21212514748719508,1.2211276991058536e-07,2.256471164399976e-05,-45.59363877867234,44.40390519881075,0.00019990003927130025,0.00015804902489161105,0.0,0.0019272657544847221,0.0009205824846526512,-4.807862681717302e-06
7.960000000000993,0.21213203435596426,0.22101104566245583,-0.47116138616023373,-0.47697890428846396,-0.0017659843988321322,-0.21212912012242735,1.190287685287755e-07,2.1991194601523203e-05,-45.475780591827075,44.521822783250165,0.00019485153843885943,0.00013591316800647666,0.0,0.0018731011622453498,0.0008965751104204145,-4.143814789255078e-06
7.970000000000996,0.21213203435596426,0.221010939644607,-0.3533964724924266,-0.35906153560360016,-0.0013294087179677727,-0.21213219490462243,1.1593106115009857e-07,2.141605721991445e-05,-45.35789305655807,44.639769985350874,0.0001897805999826683,0.00011376879067742467,0.0,0.0018188210174685249,0.0008724636581208148,-3.479507187542659e-06
7.980000000001,0.21213203435596426,0.2210108331543511,-0.23560975966553666,-0.24112195743652598,-0.0008927456295292763,-0.21213437104067173,1.1281982859471149e-07,2.083933435336109e-05,-45.2399834447278,44.75773952985475,0.00018468751966886786,9.161725852974129e-05,0.0,0.0017644286701351346,0.0008482495466258968,-2.8149808433085193e-06
7.990000000001003,0.21213203435596426,0.22101072619783002,-0.11780851331886281,-0.12316744474012165,-0.0004560239195127991,-0.21213564796298856,1.0969525470075846e-07,2.026106105485597e-05,-45.122059029560575,44.875724140080315,0.00017957259834612538,6.945993776399612e-05,0.0,0.0017099274772341883,0.0008239342196061874,-2.1502767415861915e-06
8.000000000001005,0.21213203435596426,0.22101061878129502,1.1840185286303726e-11,-0.005205273411151103,-1.927237965200501e-05,-0.21213602532966036,1.0655752624398176e-07,1.9681272575311596e-05,-45.00412708519386,44.99371653837156,0.00017443614199016237,4.729819494964371e-05,0.0,0.0016553208024317062,0.0007995191447799832,-1.4854358781307333e-06
