time_s,phase,x_m,y_m,planar_displacement_m,height_m,roll_deg,pitch_deg,yaw_deg,target_yaw_deg,yaw_error_deg,yaw_rate_deg_s,target_yaw_rate_deg_s,tilt_deg,wheel_contact_count,both_wheels_contact,floor_normal_n,nonwheel_ground_contacts,target_leg_length_m,target_leg_speed_m_s,hip_motor_left_nm,knee_motor_left_nm,wheel_motor_left_nm,hip_motor_right_nm,knee_motor_right_nm,wheel_motor_right_nm,left_leg_length_m,right_leg_length_m
0.0,balance_extension,0.0,0.0,0.0,0.24198122004748188,0.0,3.0000000000000004,0.0,0.0,0.0,0.0,0.0,3.0000000000000444,0,False,0.0,0,0.18384776310850237,0.0,0.0,0.0,0.0,0.0,0.0,0.0,0.18314082580289956,0.18314082580289956
0.010000000000000002,balance_extension,-6.600849873705102e-05,-2.678135593644611e-14,6.600849873705102e-05,0.24137286855910978,3.5281648627527273e-11,2.8527667948398894,4.172887742080134e-11,0.0,4.172887742080134e-11,9.362192831930776e-09,0.0,2.852766794840612,0,False,0.0,0,0.18384776310850237,0.0,0.010936747313350547,-0.3282231119053326,0.19020259786537005,0.010936748510325502,-0.3282231112986126,0.19020259728544597,0.18287495341982873,0.1828749534201865
0.02000000000000001,balance_extension,-0.00018706151562801858,-7.622055685341473e-14,0.00018706151562801858,0.23991269509422666,1.161079001918251e-10,2.6675051714417664,1.8727105964457187e-10,0.0,1.8727105964457187e-10,1.7628175246676866e-08,0.0,2.6675051714430578,0,False,0.0,0,0.18384776310850237,0.0,0.0265894220468306,-0.6039910694269089,0.07863427426456597,0.02658942252537204,-0.6039910698370571,0.07863427395513567,0.18297380610976632,0.1829738061108205
0.03000000000000002,balance_extension,-0.0003178596187019206,-2.241072086745093e-13,0.0003178596187019206,0.23779517661705013,2.971817983888342e-10,2.4353890918402468,3.703692315470636e-10,0.0,3.703692315470636e-10,1.7816480825911357e-08,0.0,2.4353890918417505,0,False,0.0,0,0.18384776310850237,0.0,0.03515189652908844,-0.7790736822618163,0.075412636723386,0.03515189625411472,-0.7790736836474587,0.07541263668909842,0.18406528740481784,0.18406528740785397
0.04000000000000003,balance_extension,-0.0004543320860255264,-5.387633867737738e-13,0.0004543320860255264,0.23510912767577277,6.19759231278197e-10,2.139938019730907,5.134687477754701e-10,0.0,5.134687477754701e-10,1.0837723617873719e-08,0.0,2.1399380197324542,2,True,169.09064881349852,0,0.18384776310850237,0.0,0.04105003071718605,-0.9059894427393449,0.09127603601321357,0.04105002969652749,-0.905989445020329,0.09127603633125672,0.1864258632568437,0.18642586326395708
0.05000000000000004,balance_extension,-0.0005408761466176086,-9.904216298030376e-13,0.0005408761466176086,0.2327248711710681,8.695464085302002e-10,1.9596354745553066,5.554011806958852e-10,0.0,5.554011806958852e-10,1.783720398854662e-09,0.0,1.959635474557074,2,True,127.9963817132215,0,0.18384776310850237,0.0,-0.03786011472383929,-3.326772342705157,-0.1221758835249781,-0.03786011587991937,-3.326772342340052,-0.12217588227921133,0.18644162217141322,0.1864416221802163
0.060000000000000046,balance_extension,-0.0004806867010936988,-1.1426308928961247e-12,0.0004806867010936988,0.23191396073717171,9.36320998334156e-10,1.830007926697657,5.571314024426013e-10,0.0,5.571314024426013e-10,-7.547806245761673e-10,0.0,1.8300079266993947,2,True,75.98248606327535,0,0.18384776310850237,0.0,0.024113601235349637,-2.6504782675166005,0.041107951841920565,0.024113600869509425,-2.650478266767521,0.04110795192628314,0.18536006541569555,0.1853600654234401
0.07000000000000005,balance_extension,-0.0003632677681322427,-1.0181942124740148e-12,0.0003632677681322427,0.23202797884870804,9.105746221398577e-10,1.6979684478853716,5.381244076661754e-10,0.0,5.381244076661754e-10,-2.0972144710399607e-09,0.0,1.6979684478878188,2,True,48.22198759871725,0,0.18384776310850237,0.0,0.024271192261194566,-1.7240643710250294,0.06940098988331929,0.02427119245515597,-1.7240643709873826,0.06940098957472819,0.1846980199180804,0.1846980199243436
0.08000000000000006,balance_extension,-0.00023033450921064507,-8.042143696625674e-13,0.00023033450921064507,0.2323940139865861,8.581271251078902e-10,1.5633284806591377,5.169546357063542e-10,0.0,5.169546357063542e-10,-1.5691260388380986e-09,0.0,1.5633284806626944,2,True,38.385860796206465,0,0.18384776310850237,0.0,0.014389143952126315,-1.2849690573662258,0.03907566200613337,0.014389144320491435,-1.2849690576698674,0.03907566171989873,0.18435699750690127,0.18435699751199966
0.09000000000000007,balance_extension,-8.566743195595479e-05,-5.771640470688887e-13,8.566743195595479e-05,0.2327157406556663,8.024093528923337e-10,1.4323305708278429,5.055046388530855e-10,0.0,5.055046388530855e-10,-4.3966673287361175e-10,0.0,1.4323305708306517,2,True,36.58942243452803,0,0.18384776310850237,0.0,0.007321584338035515,-1.1521915702578287,0.009293867637403093,0.007321584697812206,-1.1521915706821015,0.0092938674533058,0.1841524865534313,0.18415248655772923
0.10000000000000007,balance_extension,7.447087876975907e-05,-3.5665657271957035e-13,7.447087876975907e-05,0.23291343329385003,7.490242985904492e-10,1.308721093634713,5.056827499152475e-10,0.0,5.056827499152475e-10,6.839810006212495e-10,0.0,1.3087210936380138,2,True,37.571040246880074,0,0.18384776310850237,0.0,0.0041541962962239505,-1.1550611543351694,-0.008885939069898457,0.004154196586350512,-1.1550611547868845,-0.00888593917273945,0.1839923982370901,0.18399239824082206
0.11000000000000008,balance_extension,0.0002522923103845773,-1.5735908041559663e-13,0.0002522923103845773,0.23299808936762048,7.016120885339212e-10,1.1936760576672352,5.162167470202546e-10,0.0,5.162167470202546e-10,1.5527267415508022e-09,0.0,1.1936760576699499,2,True,39.347847399291524,0,0.18384776310850237,0.0,0.0027907097713141087,-1.1995687794105332,-0.017604027083005444,0.0027907099651395574,-1.1995687798052541,-0.017604027130468797,0.18385246632096547,0.18385246632430122
0.12000000000000009,balance_extension,0.000447238108236704,1.793452230047241e-14,0.000447238108236704,0.23300619343574672,6.604967605282294e-10,1.0874156406561883,5.331627423630922e-10,0.0,5.331627423630922e-10,1.9656038640186913e-09,0.0,1.0874156406584814,2,True,40.923767856815495,0,0.18384776310850237,0.0,0.002216743446335715,-1.246730823885631,-0.021171191697798672,0.002216743562575039,-1.2467308241986776,-0.021171191711344774,0.1837254543230677,0.18372545432613707
0.1300000000000001,balance_extension,0.0006569777162003284,1.794440764800879e-13,0.0006569777162003284,0.2329728356696917,6.227482636340712e-10,0.9896037692454412,5.522969593267768e-10,0.0,5.522969593267768e-10,2.026956306835413e-09,0.0,0.9896037692480271,2,True,41.93896276084796,0,0.18384776310850237,0.0,0.0020832233115199786,-1.2809940359713696,-0.022133975507963834,0.002083223383513206,-1.280994036226717,-0.022133975506528996,0.1836094670515473,0.18360946705441908
0.1400000000000001,balance_extension,0.0008783669994028608,3.3527049583413606e-13,0.0008783669994028608,0.23292213835825676,5.862225077101818e-10,0.8996157554083913,5.710495097286857e-10,0.0,5.710495097286857e-10,1.9057471457024173e-09,0.0,0.8996157554100012,2,True,42.48259218912979,0,0.18384776310850237,0.0,0.0020635323793954195,-1.3010479687837533,-0.022105326230527904,0.002063532429715246,-1.3010479690078993,-0.02210532622459077,0.1835054395666116,0.18350543956931406
0.1500000000000001,balance_extension,0.001108168024008851,4.883924323611589e-13,0.001108168024008851,0.2328675174587511,5.501865410797301e-10,0.8168013568462736,5.882499494460403e-10,0.0,5.882499494460403e-10,1.7139866547626418e-09,0.0,0.8168013568450546,2,True,42.734259607230484,0,0.18384776310850237,0.0,0.0020264229751072154,-1.3111994280628285,-0.02192613098897397,0.0020264230148970726,-1.3111994282720314,-0.021926130982326163,0.18341384212381265,0.18341384212635714
0.16000000000000011,balance_extension,0.0013434313827623172,6.387363322209517e-13,0.0013434313827623172,0.232815326467532,5.146932083599211e-10,0.7405771355917533,6.03542056354517e-10,0.0,6.03542056354517e-10,1.5069332835924045e-09,0.0,0.7405771355904424,2,True,42.83218770687873,0,0.18384776310850237,0.0,0.0019518470151442429,-1.3157767156406812,-0.021844749847728245,0.0019518470486517175,-1.315776715841914,-0.021844749841026266,0.1833341738726469,0.1833341738750385
0.17000000000000012,balance_extension,0.001581598711531865,7.851553399889758e-13,0.001581598711531865,0.23276809696352377,4.800519605713758e-10,0.6704328401858336,6.169003860166637e-10,0.0,6.169003860166637e-10,1.304251452211149e-09,0.0,0.6704328401855943,2,True,42.857177897203094,0,0.18384776310850237,0.0,0.0018523447313178213,-1.3175839206784994,-0.02184591158264053,0.0018523447596911107,-1.317583920873601,-0.021845911575597107,0.1832654262442075,0.18326542624645037
0.18000000000000013,balance_extension,0.0018204767699249807,9.264506317668468e-13,0.0018204767699249807,0.2327265253985869,4.465722173682476e-10,0.6059157550078552,6.283503828699323e-10,0.0,6.283503828699323e-10,1.1100985839736487e-09,0.0,0.605915755007453,2,True,42.85047077205774,0,0.18384776310850237,0.0,0.001741995749372312,-1.3181284486510503,-0.021860256541452665,0.0017419957727051354,-1.3181284488396363,-0.02186025653368096,0.18320645651594727,0.18320645651804587
0.19000000000000014,balance_extension,0.002058182135438477,1.0617622817739353e-12,0.002058182135438477,0.23269050323536317,4.144714971943311e-10,0.5466161684681392,6.37968380226678e-10,0.0,6.37968380226678e-10,9.235318513279754e-10,0.0,0.5466161684658251,2,True,42.83152473805227,0,0.18384776310850237,0.0,0.0016297900061130043,-1.3181446424575658,-0.021836765253424345,0.0016297900243478524,-1.318144642638764,-0.021836765244704723,0.18315615400411103,0.1831561540060703
0.20000000000000015,balance_extension,0.0022930924347681707,1.1905959849684672e-12,0.0022930924347681707,0.23265960558366774,3.8387363358839e-10,0.4921578846334219,6.458561558367076e-10,0.0,6.458561558367076e-10,7.434875674202104e-10,0.0,0.49215788463232263,2,True,42.80900419541549,0,0.18384776310850237,0.0,0.001520402409345842,-1.3179691324707548,-0.021750515395955086,0.0015204024225283946,-1.3179691326436258,-0.02175051538622237,0.18311349487369102,0.1831134948755166
0.21000000000000016,balance_extension,0.0025238096497352154,1.312759667716698e-12,0.0025238096497352154,0.2326333101358068,3.5482701491774526e-10,0.44219251583101954,6.519882652625692e-10,0.0,6.519882652625692e-10,5.69354473030484e-10,0.0,0.44219251583072383,2,True,42.786529185672514,0,0.18384776310850237,0.0,0.0014159426719600832,-1.3177484611688153,-0.021593921193322686,0.0014159426802894564,-1.3177484613329185,-0.021593921182616813,0.18307755446162072,0.18307755446331817
0.22000000000000017,balance_extension,0.0027491325931198107,1.4282679842395664e-12,0.0027491325931198107,0.23261108997340366,3.2732914409408395e-10,0.3963959555578135,6.564919306915215e-10,0.0,6.564919306915215e-10,4.0156039457772327e-10,0.0,0.39639595555542817,2,True,42.765465677184224,0,0.18384776310850237,0.0,0.0013171901307960164,-1.3175423434139675,-0.021368420186889957,0.0013171901345756692,-1.3175423435689693,-0.0213684201753085,0.1830475055234195,0.18304750552499474
0.23000000000000018,balance_extension,0.002968035196697494,1.5372724008414452e-12,0.002968035196697494,0.23259244971563714,3.013442599423665e-10,0.35446600862589495,6.593925965610163e-10,0.0,6.593925965610163e-10,2.4092946095985034e-10,0.0,0.3544660086253018,2,True,42.74622238860239,0,0.18384776310850237,0.0,0.001224284861665852,-1.317372418730651,-0.02107946467723254,0.001224284861258199,-1.3173724188765452,-0.021079464664903694,0.18302261191595753,0.18302261191741662
0.24000000000000019,balance_extension,0.003179648406456478,1.639996252323808e-12,0.003179648406456478,0.2325769372486419,2.768193910296964e-10,0.3161206292133962,6.607411517459568e-10,0.0,6.607411517459568e-10,8.824379117690234e-11,0.0,0.31612062921672995,2,True,42.72883009420006,0,0.18384776310850237,0.0,0.001137080322450826,-1.3172444397250826,-0.02073395780766716,0.0011370803182271826,-1.31724443986206,-0.020733957794712363,0.18300222085045062,0.18300222085179937
0.25000000000000017,balance_extension,0.003383244447235696,1.7366992403985554e-12,0.003383244447235696,0.23256414552012025,2.5369287345362443e-10,0.28109648883682364,6.606648184336017e-10,0.0,6.606648184336017e-10,-5.581993542855764e-11,0.0,0.28109648884192967,2,True,42.71318738151576,0,0.18384776310850237,0.0,0.0010553144220797836,-1.3171579644218674,-0.020339045514963607,0.0010553144144072356,-1.3171579645501506,-0.020339045501502374,0.1829857549093267,0.18298575491057084
0.2600000000000002,balance_extension,0.0035782227921020916,1.827658686235349e-12,0.0035782227921020916,0.2325537106376195,2.3189886838293601e-10,0.24914773615552605,6.592653743737578e-10,0.0,6.592653743737578e-10,-1.9066958924896197e-10,0.0,0.24914773616363425,2,True,42.699157376935375,0,0.18384776310850237,0.0,0.0009786888665951421,-1.3171103637631099,-0.019901585045250574,0.000978688855826578,-1.317110363883014,-0.01990158503137949,0.18297270434871835,0.18297270434986335
0.2700000000000002,balance_extension,0.003764097474188447,1.913150505921944e-12,0.003764097474188447,0.232545308797767,2.1137200513160596e-10,0.22004488024427052,6.565937084413284e-10,0.0,6.565937084413284e-10,-3.160499123744541e-10,0.0,0.22004488025914976,2,True,42.68660161440242,0,0.18384776310850237,0.0,0.0009069038196405234,-1.3170983603502355,-0.01942793636584928,0.0009069038060961521,-1.3170983604621032,-0.01942793635167013,0.1829626199101569,0.1829626199112084
0.2800000000000002,balance_extension,0.003940485531148993,1.9934472384258875e-12,0.003940485531148993,0.23253865298384668,1.9204777521403612e-10,0.19357376316827335,6.527007095112171e-10,0.0,6.527007095112171e-10,-4.319788080655604e-10,0.0,0.1935737631820052,2,True,42.67538957898148,0,0.18384776310850237,0.0,0.0008396715978738338,-1.317118564450464,-0.018923903091068235,0.0008396715818557546,-1.3171185645546786,-0.018923903076660017,0.1829551062177263,0.1829551062186894
0.2900000000000002,balance_extension,0.004107096447833467,2.0688019253722932e-12,0.004107096447833467,0.23253348973677176,1.7386661827598058e-10,0.16953460417746039,6.477135997706823e-10,0.0,6.477135997706823e-10,-5.383321352117133e-10,0.0,0.16953460419805264,2,True,42.66540005967748,0,0.18384776310850237,0.0,0.0007767210174744798,-1.3171676402327301,-0.018394739509056224,0.000776720999241729,-1.3171676403296602,-0.01839473949448518,0.18294981576761893,0.1829498157684987
0.3000000000000002,balance_extension,0.004263722500125046,2.13946329914264e-12,0.004263722500125046,0.23252959607962798,1.567699279333305e-10,0.1477411056255921,6.417341569695308e-10,0.0,6.417341569695308e-10,-6.356013965527154e-10,0.0,0.14774110565838802,2,True,42.65652043238118,0,0.18384776310850237,0.0,0.0007177978744279527,-1.3172423546062515,-0.01784518416996657,0.0007177978542289124,-1.3172423546962575,-0.017845184155297587,0.18294644348778705,0.1829464434885882
0.3100000000000002,balance_extension,0.00441022992195572,2.2056598632643715e-12,0.00441022992195572,0.23252677660968687,1.4070420331798536e-10,0.1280196143559159,6.348132699826662e-10,0.0,6.348132699826662e-10,-7.238455688320252e-10,0.0,0.12801961439022747,2,True,42.648645835526324,0,0.18384776310850237,0.0,0.0006626640218319683,-1.3173395977524789,-0.01727950184403618,0.0006626639998779,-1.3173395978359217,-0.017279501829308732,0.18294472183449195,0.1829447218352191
0.32000000000000023,balance_extension,0.00454655082811331,2.26762032091999e-12,0.00454655082811331,0.23252486075909065,1.2561584508123268e-10,0.11020833401527161,6.27078160997347e-10,0.0,6.27078160997347e-10,-8.036122162322976e-10,0.0,0.11020833401794365,2,True,42.641678654270024,0,0.18384776310850237,0.0,0.000611096077870514,-1.3174564004669946,-0.016701525939292014,0.0006110960543718769,-1.3174564005441947,-0.016701525924559715,0.18294441638909567,0.18294441638975303
0.33000000000000024,balance_extension,0.00467267583226411,2.3255483558172504e-12,0.00467267583226411,0.2325237002262622,1.1145763990678797e-10,0.09415658462601204,6.186051633259282e-10,0.0,6.186051633259282e-10,-8.752264249492664e-10,0.0,0.09415658466945302,2,True,42.63552825689479,0,0.18384776310850237,0.0,0.0005628841554054077,-1.3175899517349785,-0.01611469828603808,0.0005628841305379237,-1.3175899518063487,-0.01611469827134175,0.18294532191770752,0.18294532191829938
0.34000000000000025,balance_extension,0.00478864730475454,2.3796430349788875e-12,0.00478864730475454,0.23252316658164238,9.818340252014623e-11,0.079724106242437,6.094451658433132e-10,0.0,6.094451658433132e-10,-9.39197798445256e-10,0.0,0.07972410629221069,2,True,42.63011084649102,0,0.18384776310850237,0.0,0.0005178307326010838,-1.317737614556628,-0.015522105347581458,0.0005178307065320553,-1.3177376146224655,-0.015522105332956268,0.18294725885661609,0.18294725885714644
0.35000000000000026,balance_extension,0.004894553219124409,2.4300869455592438e-12,0.004894553219124409,0.23252314905088095,8.57511388049116e-11,0.06678040385420687,5.997253907367608e-10,0.0,5.997253907367608e-10,-9.95890815712716e-10,0.0,0.0667804039152456,2,True,42.62534932509312,0,0.18384776310850237,0.0,0.0004757496802230792,-1.3178969379610765,-0.014926510812206733,0.00047574965309668174,-1.3178969380216512,-0.014926510797669667,0.18295007018724865,0.18295007018772125
0.36000000000000026,balance_extension,0.004990521540215607,2.4770583120678468e-12,0.004990521540215607,0.23252355247650772,7.411988557611235e-11,0.05520413095918251,5.894712824437224e-10,0.0,5.894712824437224e-10,-1.0458329810667749e-09,0.0,0.055204131069430756,2,True,42.62117311625219,0,0.18384776310850237,0.0,0.0004364654270510875,-1.318065664247136,-0.014330384848302003,0.00043646539900154044,-1.318065664302818,-0.014330384833880595,0.18295361866564328,0.18295361866606175
0.3700000000000003,balance_extension,0.00507671511041675,2.5207318020548464e-12,0.00507671511041675,0.23252429545631728,6.324957660311447e-11,0.04488250944621678,5.787337298391015e-10,0.0,5.787337298391015e-10,-1.0894197043343446e-09,0.0,0.04488250944387422,2,True,42.61751792804777,0,0.18384776310850237,0.0,0.00039981223835254483,-1.3182417314497032,-0.013735930390838307,0.0003998122095072476,-1.3182417315006965,-0.013735930376553844,0.18295778437293128,0.18295778437329904
0.3800000000000003,balance_extension,0.005153326993985185,2.561274336516937e-12,0.005153326993985185,0.23252530865393192,5.3102088038887544e-11,0.03571078361781687,5.676399551101568e-10,0.0,5.676399551101568e-10,-1.1270583868826186e-09,0.0,0.03571078360289717,2,True,42.61432545911937,0,0.18384776310850237,0.0,0.00036563358459810866,-1.3184232715920066,-0.013145106819484262,0.0003656335550779424,-1.3184232716386104,-0.013145106805366843,0.18296246255513288,0.18296246255545315
0.3900000000000003,balance_extension,0.005220576242545027,2.598842591594979e-12,0.005220576242545027,0.23252653327465397,4.364194226385142e-11,0.027591706349285247,5.561899582568881e-10,0.0,5.561899582568881e-10,-1.1590803572121743e-09,0.0,0.02759170627957952,2,True,42.611543059913465,0,0.18384776310850237,0.0,0.00033378158196337924,-1.318608605524109,-0.012559651351085863,0.0003337815518684414,-1.3186086055665485,-0.01255965133714471,0.1829675617225709,0.18296756172284684
0.4000000000000003,balance_extension,0.00527870404778175,2.633586867424675e-12,0.00527870404778175,0.23252791969792885,3.48351580920536e-11,0.02043505552819338,5.44434628154199e-10,0.0,5.44434628154199e-10,-1.1859997827207622e-09,0.0,0.02043505542351397,2,True,42.60912336376648,0,0.18384776310850237,0.0,0.00030411649037412753,-1.3187962351746307,-0.011981098425030194,0.00030411645979601024,-1.3187962352131994,-0.011981098411275135,0.18297300198129027,0.1829730019815248
0.4100000000000003,balance_extension,0.005327970250049617,2.665656146536293e-12,0.005327970250049617,0.2325294262565219,2.6647961651274227e-11,0.014157179048520213,5.324757425518961e-10,0.0,5.324757425518961e-10,-1.2080544339633772e-09,0.0,0.014157178870195679,2,True,42.60702390195441,0,0.18384776310850237,0.0,0.0002765062581822607,-1.3189848339748635,-0.011410797320127725,0.0002765062272163837,-1.318984834009722,-0.011410797306578969,0.18297871357105275,0.18297871357124865
0.4200000000000003,balance_extension,0.005368650174090391,2.6951965618100285e-12,0.005368650174090391,0.23253101815179691,1.9047382721140862e-11,0.008680566749753836,5.202624125750762e-10,0.0,5.202624125750762e-10,-1.2258582352089421e-09,0.0,0.008680566659664901,2,True,42.60520671463642,0,0.18384776310850237,0.0,0.00025082610502327203,-1.319173236093797,-0.010849928206141547,0.00025082607376190874,-1.3191732361252453,-0.010849928192815335,0.18298463558661587,0.18298463558677588
0.4300000000000003,balance_extension,0.0054010317653440465,2.7223378401829577e-12,0.0054010317653440465,0.23253266649418589,1.2004471966971767e-11,0.003933447794800411,5.079218604109978e-10,0.0,5.079218604109978e-10,-1.2394327830702691e-09,0.0,0.003933447584607745,2,True,42.60363796699154,0,0.18384776310850237,0.0,0.00022695813640614252,-1.319360425005079,-0.01029951680376941,0.0002269581049204257,-1.3193604250333162,-0.010299516790673771,0.18299071486111287,0.1829907148612393
0.44000000000000034,balance_extension,0.005425413002429022,2.747201260697448e-12,0.005425413002429022,0.2325343474579631,5.4923367801138246e-12,-0.00015058792650819779,4.954540860596607e-10,0.0,4.954540860596607e-10,-1.2493640303969368e-09,0.0,0.0001505815661362162,2,True,42.60228757761043,0,0.18384776310850237,0.0,0.00020479098495933645,-1.3195455217903826,-0.009760447801888054,0.00020479095330691574,-1.3195455218156213,-0.009760447789011563,0.18299690499236795,0.18299690499246335
0.45000000000000034,balance_extension,0.005442099563295674,2.7699190248782447e-12,0.005442099563295674,0.23253604153970292,-5.189393654168971e-13,-0.003632945697535726,4.829863117083238e-10,0.0,4.829863117083238e-10,-1.2556701825330115e-09,0.0,0.0036329454128735646,2,True,42.601128864020936,0,0.18384776310850237,0.0,0.00018421947441788484,-1.3197277734884705,-0.00923347716029998,0.00018421944267388288,-1.319727773510842,-0.009233477147672612,0.18300316549489817,0.18300316549496476
0.46000000000000035,balance_extension,0.005451402724325656,2.79061288332104e-12,0.005451402724325656,0.2325377329102388,-6.05649933657547e-12,-0.006570360431482476,4.705185373569868e-10,0.0,4.705185373569868e-10,-1.2587725819925756e-09,0.0,0.006570360198306812,2,True,42.60013820859672,0,0.18384776310850237,0.0,0.00016514430334927253,-1.3199065417175375,-0.008719243408499272,0.00016514427157618403,-1.3199065417372595,-0.00871924339611894,0.18300946106214122,0.1830094610621812
0.47000000000000036,balance_extension,0.005453637473275321,2.8093950516662335e-12,0.005453637473275321,0.23253940885049304,-1.1145260948293204e-11,-0.009015210867593791,4.5805076300564984e-10,0.0,4.5805076300564984e-10,-1.2590414954874947e-09,0.0,0.00901521077571276,2,True,42.59929474677898,0,0.18384776310850237,0.0,0.00014747174613566932,-1.3200812917349343,-0.008218278036519026,0.00014747171438376353,-1.320081291752198,-0.00821827802439095,0.1830157609251127,0.18301576092512797
0.48000000000000037,balance_extension,0.005449120818454938,2.8263741981992603e-12,0.005449120818454938,0.2325410592621757,-1.5809430245671843e-11,-0.01101581462567683,4.4558298865431286e-10,0.0,4.4558298865431286e-10,-1.256630751244596e-09,0.0,0.011015814380199563,2,True,42.5985800785133,0,0.18384776310850237,0.0,0.0001311133693633258,-1.3202515820445688,-0.007731015061422208,0.00013111333768526718,-1.3202515820595562,-0.007731015049555472,0.1830220382952309,0.1830220382952236
0.4900000000000004,balance_extension,0.0054381702779090066,2.8416527781045826e-12,0.0054381702779090066,0.2325426762450139,-2.0071761617949096e-11,-0.01261670517814578,4.331152143029759e-10,0.0,4.331152143029759e-10,-1.2518509464001115e-09,0.0,0.012616704899407305,2,True,42.59797800301255,0,0.18384776310850237,0.0,0.00011598576224377954,-1.320417054624786,-0.007257799842797119,0.00011598573067803776,-1.320417054637654,-0.007257799831181279,0.18302826988043966,0.18302826988041132
0.5000000000000003,balance_extension,0.00542110253362625,2.8553356761372903e-12,0.00542110253362625,0.23254425373285045,-2.3955799153413235e-11,-0.013858891743406699,4.206474399516389e-10,0.0,4.206474399516389e-10,-1.2446619432246272e-09,0.0,0.013858891548578516,2,True,42.59747427648053,0,0.18384776310850237,0.0,0.0001020102797667639,-1.3205774258156973,-0.006798897211621,0.0001020102483602693,-1.320577425826491,-0.006798897200268637,0.18303443546503773,0.18303443546499004
0.5100000000000003,balance_extension,0.005398232236970844,2.86752553289664e-12,0.005398232236970844,0.23254578718162275,-2.748454282363291e-11,-0.014780103052568994,4.0817966560030186e-10,0.0,4.0817966560030186e-10,-1.2354619724750043e-09,0.0,0.014780102807809808,2,True,42.59705639193403,0,0.18384776310850237,0.0,8.911279779675226e-05,-1.3207324778829848,-0.006354498969726011,8.911276659264915e-05,-1.3207324778919303,-0.006354498958636132,0.18304051754477077,0.18304051754470546
0.5200000000000004,balance_extension,0.005369870952597116,2.878319023338468e-12,0.005369870952597116,0.23254727330288325,-3.0679628977766603e-11,-0.01541501589281985,3.959408911860303e-10,0.0,3.959408911860303e-10,-1.2243596090476424e-09,0.0,0.015415015633659646,2,True,42.596713380072885,0,0.18384776310850237,0.0,7.722347931895153e-05,-1.320882051257121,-0.005924730810728812,7.722344836450116e-05,-1.3208820512642905,-0.005924730799906302,0.1830465010097694,0.18304650100968803
0.5300000000000004,balance_extension,0.005336326229096662,2.887800060395054e-12,0.005336326229096662,0.23254870983714682,-3.355953447733559e-11,-0.01579546928492363,3.837275612092104e-10,0.0,3.837275612092104e-10,-1.2116501023489434e-09,0.0,0.015795468997815077,2,True,42.59643562991032,0,0.18384776310850237,0.0,6.627655124681897e-05,-1.3210260374323772,-0.005509658707728026,6.627652056882801e-05,-1.3210260374380183,-0.005509658697174373,0.18305237286885373,0.1830523728687577
0.5400000000000004,balance_extension,0.005297900785536302,2.896053159566269e-12,0.005297900785536302,0.23255009536193585,-3.614321947221029e-11,-0.015950665108930874,3.717177867320041e-10,0.0,3.717177867320041e-10,-1.1973933664375617e-09,0.0,0.01595066494469092,2,True,42.596214727838586,0,0.18384776310850237,0.0,5.6210091270499377e-05,-1.3211643725031537,-0.005109294809172035,5.621006089954319e-05,-1.3211643725073199,-0.00510929479888368,0.18305812200953867,0.18305812200942928
0.5500000000000004,balance_extension,0.005254891803884215,2.9031606500151093e-12,0.005254891803884215,0.2325514291299432,-3.8449139566512e-11,-0.01590735595104569,3.59784345567153e-10,0.0,3.59784345567153e-10,-1.1817077305443577e-09,0.0,0.015907355768556435,2,True,42.59604331372904,0,0.18384776310850237,0.0,4.696582436289849e-05,-1.321297031305841,-0.004723602879616656,4.6965794329761053e-05,-1.3212970313086236,-0.004723602869591389,0.18306373898881775,0.18306373898869627
0.5600000000000004,balance_extension,0.005207590318095661,2.9091966293760163e-12,0.005207590318095661,0.2325527109332395,-4.0493790439343067e-11,-0.015690020905521105,3.480799043393673e-10,0.0,3.480799043393673e-10,-1.1649555106418594e-09,0.0,0.015690020673274893,2,True,42.59591495264111,0,0.18384776310850237,0.0,3.8488928521929925e-05,-1.321424022132244,-0.004352503319312039,3.84888988509377e-05,-1.321424022133779,-0.004352503309551888,0.18306921585044092,0.1830692158503085
0.5700000000000004,balance_extension,0.005156280691344313,2.914227682626199e-12,0.005156280691344313,0.23255394098991675,-4.2291963824794816e-11,-0.015321030028240062,3.365281297362918e-10,0.0,3.365281297362918e-10,-1.1471330352719223e-09,0.0,0.01532102978761568,2,True,42.5958240208321,0,0.18384776310850237,0.0,3.072784943876694e-05,-1.3215453819778522,-0.003995877793453708,3.072782014310035e-05,-1.321545381978262,-0.003995877783948726,0.18307454596498995,0.1830745459648477
0.5800000000000004,balance_extension,0.005101240173545274,2.9183297803547703e-12,0.005101240173545274,0.23255511984998584,-4.386104022982383e-11,-0.014820798103139814,3.2515446619537824e-10,0.0,3.2515446619537824e-10,-1.1281790584936914e-09,0.0,0.014820797823756874,2,True,42.59576560470015,0,0.18384776310850237,0.0,2.3634123717698942e-05,-1.3216611722860014,-0.0036535734992398806,2.3634094823959978e-05,-1.3216611722852734,-0.003653573489987263,0.1830797238895465,0.18307972388939547
0.5900000000000004,balance_extension,0.005042738531925618,2.921576040451368e-12,0.005042738531925618,0.23255624831772984,-4.5217644965140875e-11,-0.014207928348774946,3.139589137166267e-10,0.0,3.139589137166267e-10,-1.108651832994934e-09,0.0,0.0142079280498624,2,True,42.59573541146506,0,0.18384776310850237,0.0,1.7162210446652833e-05,-1.321771475150361,-0.0033254070968791382,1.716218198461672e-05,-1.3217714751487022,-0.003325407087884472,0.18308474524419455,0.1830847452440359
0.6000000000000004,balance_extension,0.004981037747961946,2.924028135908022e-12,0.004981037747961946,0.23255732738806376,-4.6375641910201057e-11,-0.013499346659963152,3.0301780561239215e-10,0.0,3.0301780561239215e-10,-1.088116776406132e-09,0.0,0.013499346403146152,2,True,42.59572969037785,0,0.18384776310850237,0.0,1.1269330736153113e-05,-1.3218763899381079,-0.0030111683283905255,1.1269302720664747e-05,-1.3218763899355204,-0.0030111683196596397,0.18308960660298937,0.18308960660282375
0.6100000000000004,balance_extension,0.0049163917745254915,2.925744308590947e-12,0.0049163917745254915,0.23255835819476275,-4.73481712856748e-11,-0.01271042694852548,2.922548085703196e-10,0.0,2.922548085703196e-10,-1.067168953934093e-09,0.0,0.012710426659149981,2,True,42.5957451634062,0,0.18384776310850237,0.0,5.915314966971631e-06,-1.321976030297289,-0.002710623346577315,5.9152874112417975e-06,-1.3219760302939432,-0.002710623338095946,0.1830943053973551,0.1830943053971836
0.6200000000000004,balance_extension,0.004849046347557237,2.9267785578421183e-12,0.004849046347557237,0.23255934196870084,-4.8147500077296094e-11,-0.011855108117558345,2.816953670278608e-10,0.0,2.816953670278608e-10,-1.045583984395872e-09,0.0,0.011855107796127912,2,True,42.5957789643738,0,0.18384776310850237,0.0,1.0624574945594775e-06,-1.322070521514269,-0.0024235177745602424,1.0624304140432626e-06,-1.3220705215101691,-0.0024235177663353372,0.1830988398301742,0.18309883982999736
0.6300000000000004,balance_extension,0.004779238847041231,2.9271826955749387e-12,0.004779238847041231,0.23256028000449058,-4.8785395005044934e-11,-0.010946003175414012,2.7136492542246725e-10,0.0,2.7136492542246725e-10,-1.0236347149357447e-09,0.0,0.010946002723814371,2,True,42.59582858562105,0,0.18384776310850237,0.0,-3.324621474830588e-06,-1.3221599981878192,-0.0021495795151249093,-3.3246480722972215e-06,-1.3221599981830698,-0.0021495795071368564,0.18310320879907838,0.1831032087988971
0.6400000000000005,balance_extension,0.004707198202456721,2.9270116830822883e-12,0.004707198202456721,0.2325611736341346,-4.9274622432841314e-11,-0.00999450096852547,2.612380393166874e-10,0.0,2.612380393166874e-10,-1.0011810834712356e-09,0.0,0.009994500483650987,2,True,42.595891831384094,0,0.18384776310850237,0.0,-7.279107126351346e-06,-1.3222446021900491,-0.001888521327570703,-7.279133226073339e-06,-1.3222446021846215,-0.0018885213198229908,0.18310741182767737,0.1831074118274925
0.6500000000000005,balance_extension,0.004633144838271342,2.9263148097068686e-12,0.004633144838271342,0.2325620242064951,-4.962647048486429e-11,-0.009010860986382459,2.5134015314797296e-10,0.0,2.5134015314797296e-10,-9.784861271244207e-10,0.0,0.009010860427467177,2,True,42.595966777098255,0,0.18384776310850237,0.0,-1.0832114643570288e-05,-1.3223244808842738,-0.0016400431886301639,-1.0832140235772907e-05,-1.3223244808782912,-0.0016400431811231055,0.18311144900364706,0.183111449003459
0.6600000000000005,balance_extension,0.004557290655390777,2.9251394636977586e-12,0.004557290655390777,0.23256283307155895,-4.985189832966092e-11,-0.008004301667264785,2.4167126691632385e-10,0.0,2.4167126691632385e-10,-9.555500224641197e-10,0.0,0.008004301288441686,2,True,42.59605173392679,0,0.18384776310850237,0.0,-1.4012807449748362e-05,-1.3223997855752283,-0.0014038344528975,-1.4012832519429394e-05,-1.322399785568796,-0.0014038344456308127,0.18311532092275992,0.1831153209225695
0.6700000000000005,balance_extension,0.004479839044807199,2.9235218247561646e-12,0.004479839044807199,0.23256360156862702,-4.995914137973063e-11,-0.006983082609778437,2.3225682505919186e-10,0.0,2.3225682505919186e-10,-9.324827263768844e-10,0.0,0.006983082090087815,2,True,42.596145217927344,0,0.18384776310850237,0.0,-1.684850933520076e-05,-1.3224706701651212,-0.0011795758269547902,-1.6848533882346652e-05,-1.3224706701582964,-0.0011795758199201422,0.18311902863808963,0.1831190286378971
0.6800000000000005,balance_extension,0.004400984929991363,2.9214994987795537e-12,0.004400984929991363,0.23256433101768742,-4.995693638130273e-11,-0.0059545810727156135,2.230713831391252e-10,0.0,2.230713831391252e-10,-9.093063767068381e-10,0.0,0.0059545804441255585,2,True,42.59624592327689,0,0.18384776310850237,0.0,-1.936481077242917e-05,-1.3225372899949872,-0.0009669411708692129,-1.9364834794887672e-05,-1.3225372899877914,-0.0009669411640601986,0.18312257361372333,0.1831225736135294
0.6900000000000005,balance_extension,0.004320914834853328,2.9191089157942418e-12,0.004320914834853328,0.23256502271334803,-4.9853813683115327e-11,-0.0049253631243089185,2.1411494115612396e-10,0.0,2.1411494115612396e-10,-8.861075921112732e-10,0.0,0.004925362448996639,2,True,42.59635269903999,0,0.18384776310850237,0.0,-2.1585669594724937e-05,-1.3225998008496187,-0.0007655991392156718,-2.1585693089838344e-05,-1.322599800842068,-0.0007655991326373931,0.18312595768243947,0.18312595768224466
0.7000000000000005,balance_extension,0.004239806974355991,2.916386644109583e-12,0.004239806974355991,0.2325656779208024,-4.965841910098937e-11,-0.0039012497814669305,2.0538749911018807e-10,0.0,2.0538749911018807e-10,-8.628543062621484e-10,0.0,0.0039012489613273896,2,True,42.59646452908915,0,0.18384776310850237,0.0,-2.353350636142847e-05,-1.3226583581084768,-0.0005752146735809995,-2.3533529329644342e-05,-1.3226583581006055,-0.0005752146672162643,0.1831291830068749,0.18312918300667952
0.7100000000000005,balance_extension,0.004157831365105659,2.9133671138708658e-12,0.004157831365105659,0.23256629787339012,-4.937888991927185e-11,-0.0028873784600917302,1.9688905700131754e-10,0.0,1.9688905700131754e-10,-8.398285742557789e-10,0.0,0.002887377522473025,2,True,42.59658051470363,0,0.18384776310850237,0.0,-2.52292945806186e-05,-1.3227131160254781,-0.00039545035714394776,-2.522931701346151e-05,-1.3227131160173884,-0.0003954503509940087,0.1831322520437881,0.18313225204359265
0.7200000000000005,balance_extension,0.004075149953465889,2.9100816093023946e-12,0.004075149953465889,0.2325668837713872,-4.9022654685766173e-11,-0.0018882600390215352,1.886196148295124e-10,0.0,1.886196148295124e-10,-8.166957284248612e-10,0.0,0.0018882581892226908,2,True,42.596699859580184,0,0.18384776310850237,0.0,-2.669264608778957e-05,-1.322764227121955,-0.00022596764158660707,-2.6692667985392007e-05,-1.3227642271135902,-0.00022596763564238843,0.183135167511089,0.18313516751089384
0.7300000000000005,balance_extension,0.003991916758946495,2.9065620841530266e-12,0.003991916758946495,0.23256743678172434,-4.8597321888778695e-11,-0.0009078318224907246,1.8057917259477264e-10,0.0,1.8057917259477264e-10,-7.937287975681278e-10,0.0,0.0009078304092928991,2,True,42.59682185686616,0,0.18384776310850237,0.0,-2.7941891765916e-05,-1.3228118416799248,-6.642795586726097e-05,-2.794191312450852e-05,-1.3228118416714194,-6.642795012776399e-05,0.18313793235734738,0.18313793235715287
0.7400000000000005,balance_extension,0.003908278030809755,2.9028327470918386e-12,0.003908278030809755,0.23256795803838798,-4.810865058688366e-11,5.049333077896351e-05,1.7276773029709824e-10,0.0,1.7276773029709824e-10,-7.709883383080029e-10,0.0,5.048827832577736e-05,2,True,42.596945878017095,0,0.18384776310850237,0.0,-2.8994157843854737e-05,-1.3228561073232508,8.350629456167834e-05,-2.899417866454648e-05,-1.3228561073145941,8.3506300091001e-05,0.18314054973354993,0.18314054973335625
0.7500000000000006,balance_extension,0.003824372416011896,2.898917369164503e-12,0.003824372416011896,0.23256844864330295,-4.756236608591311e-11,0.0009837814596723095,1.651598434990375e-10,0.0,1.651598434990375e-10,-7.4841379419054e-10,0.0,0.0009837799255783407,2,True,42.59707136317829,0,0.18384776310850237,0.0,-2.9865437977516176e-05,-1.3228971686750643,0.00022417082968856166,-2.9865458267909022e-05,-1.3228971686662878,0.00022417083502603344,0.18314302296689539,0.1831430229667031
0.7600000000000006,balance_extension,0.003740331136760734,2.8948436795222828e-12,0.003740331136760734,0.23256890966753715,-4.6965270601474615e-11,0.0018895352968785974,1.5778095663804215e-10,0.0,1.5778095663804215e-10,-7.259508314355948e-10,0.0,0.0018895339823930975,2,True,42.59719781289792,0,0.18384776310850237,0.0,-3.0570661348341414e-05,-1.3229351670824587,0.00035589869045361757,-3.057068110146503e-05,-1.3229351670735312,0.0003558986955994974,0.18314535553646316,0.1831453555362724
0.7700000000000006,balance_extension,0.003656278176120951,2.890631672325787e-12,0.003656278176120951,0.2325693421527003,-4.632216501337094e-11,0.0027656551864593463,1.5065651415156386e-10,0.0,1.5065651415156386e-10,-7.038315897401213e-10,0.0,0.0027656544739105525,2,True,42.59732478101976,0,0.18384776310850237,0.0,-3.112375692123377e-05,-1.322970240399199,0.00047901952071040645,-3.1123776141504595e-05,-1.3229702403902468,0.0004790195256649764,0.18314755105060448,0.18314755105041544
0.7800000000000006,balance_extension,0.0035723304702377084,2.8862990942179924e-12,0.0035723304702377084,0.23256974711243752,-4.563738866086045e-11,0.003610402913617176,1.4376107160215097e-10,0.0,1.4376107160215097e-10,-6.819497406933858e-10,0.0,0.003610402215853928,2,True,42.59745186853936,0,0.18384776310850237,0.0,-3.153771412220378e-05,-1.3230025228190865,0.0005938589289758863,-3.153773281788886e-05,-1.323002522810092,0.000593858933745134,0.18314961322593273,0.1831496132257457
0.7900000000000006,balance_extension,0.003488598105878057,2.8818615088114337e-12,0.003488598105878057,0.2325701255339414,-4.4914830563348196e-11,0.004422368250350073,1.370691845523517e-10,0.0,1.370691845523517e-10,-6.604645111501033e-10,0.0,0.0044223675827177655,2,True,42.59757871832682,0,0.18384776310850237,0.0,-3.182464007122437e-05,-1.323032144752592,0.0007007379238024671,-3.182465825167527e-05,-1.3230321447436424,0.0007007379283901194,0.18315154586779986,0.18315154586761495
0.8000000000000006,balance_extension,0.0034051845221085603,2.877337655941055e-12,0.0034051845221085603,0.2325704783794259,-4.415922575422496e-11,0.005200438032830456,1.3058085300216615e-10,0.0,1.3058085300216615e-10,-6.392223118839491e-10,0.0,0.0052004375338948515,2,True,42.59770501057081,0,0.18384776310850237,0.0,-3.1995813566806346e-05,-1.3230592327412003,0.0007999724169477046,-3.199583123530376e-05,-1.3230592327322013,0.000799972421369781,0.1831533528521673,0.18315335285198472
0.8100000000000006,balance_extension,0.003322186715037459,2.872748683786397e-12,0.003322186715037459,0.23257080658752036,-4.3375877903201594e-11,0.0059437675978330825,1.2429607695159425e-10,0.0,1.2429607695159425e-10,-6.184094248398135e-10,0.0,0.005943767081307596,2,True,42.59783045884833,0,0.18384776310850237,0.0,-3.2061735982792055e-05,-1.3230839094036546,0.0008918727891492405,-3.2061753137731904e-05,-1.3230839093946878,0.0008918727933958956,0.18315503810878578,0.1831550381086057
0.8200000000000006,balance_extension,0.003239695444651213,2.8681062920067137e-12,0.003239695444651213,0.23257111107455594,-4.2567746889936614e-11,0.006651754416395564,1.18214856400636e-10,0.0,1.18214856400636e-10,-5.978275235341373e-10,0.0,0.006651754043180359,2,True,42.59795480673658,0,0.18384776310850237,0.0,-3.2032179235243496e-05,-1.3231062934097535,0.000976743513197282,-3.203219588666769e-05,-1.3231062934007833,0.0009767435172802342,0.1831566056056072,0.18315660560542982
0.8300000000000006,balance_extension,0.0031577954428690094,2.863423817689489e-12,0.0031577954428690094,0.23257139273572647,-4.1738212130692764e-11,0.007324013773118759,1.1236263578674312e-10,0.0,1.1236263578674312e-10,-5.776404933068437e-10,0.0,0.007324013366776339,2,True,42.598077824849824,0,0.18384776310850237,0.0,-3.1916231009964634e-05,-1.3231264994771037,0.0010548828301300043,-3.191624716572802e-05,-1.3231264994681895,0.0010548828340610525,0.183158059334365,0.18315805933419044
0.8400000000000006,balance_extension,0.003076565622025253,2.8587205733797875e-12,0.003076565622025253,0.2325716524461137,-4.089225289910921e-11,0.007960356349186667,1.0671397067246391e-10,0.0,1.0671397067246391e-10,-5.57792777129027e-10,0.0,0.007960355829913258,2,True,42.59819930829522,0,0.18384776310850237,0.0,-3.172233734818645e-05,-1.323144638387922,0.0011265824737165483,-3.172235300693945e-05,-1.3231446383790435,0.0011265824774806302,0.18315940329725633,0.18315940329708472
0.8500000000000006,balance_extension,0.002996079283069874,2.8540063056140516e-12,0.002996079283069874,0.23257189106157425,-4.0032371253196756e-11,0.00856076757627528,1.0124341662034667e-10,0.0,1.0124341662034667e-10,-5.382815176151254e-10,0.0,0.008560767199756255,2,True,42.59831907444156,0,0.18384776310850237,0.0,-3.145834274718194e-05,-1.3231608170217877,0.0011921274395823803,-3.145835791803373e-05,-1.3231608170129912,0.0011921274431981438,0.18316064149467437,0.18316064149450575
0.8600000000000007,balance_extension,0.002916404322849822,2.8492913732154243e-12,0.002916404322849822,0.23257210941949047,-3.916128328697462e-11,0.009125388637103068,9.595097363039137e-11,0.0,9.595097363039137e-11,-5.192682244222727e-10,0.0,0.009125388238234953,2,True,42.59843696095271,0,0.18384776310850237,0.0,-3.113152794903859e-05,-1.3231751384023507,0.00125179579515006,-3.113154264132893e-05,-1.3231751383936525,0.0012517957986107838,0.18316177791393465,0.1831617779137691
0.8700000000000007,balance_extension,0.00283760343990287,2.844580773545783e-12,0.00283760343990287,0.2325723083393899,-3.828041997851619e-11,0.009654498996426083,9.086208614004974e-11,0.0,9.086208614004974e-11,-5.006351088429697e-10,0.0,0.009654498526800562,2,True,42.59855282408242,0,0.18384776310850237,0.0,-3.074864548639191e-05,-1.3231877017550528,0.001305858526816917,-3.074865971143291e-05,-1.3231877017464617,0.001305858530137777,0.18316281651894606,0.18316281651878372
0.8800000000000007,balance_extension,0.00275973433825726,2.839886413060421e-12,0.00275973433825726,0.2325724886234429,-3.739297348700181e-11,0.010148500353887351,8.597675414932179e-11,0.0,8.597675414932179e-11,-4.824409040050005e-10,0.0,0.010148499826510591,2,True,42.59866653714471,0,0.18384776310850237,0.0,-3.0315953144846768e-05,-1.3231986025742986,0.0013545794213234781,-3.0315966909405495e-05,-1.3231986025658407,0.0013545794245055603,0.18316376124078118,0.18316376124062198
0.8900000000000007,balance_extension,0.0026828499287881607,2.8352157059445174e-12,0.0026828499287881607,0.23257265105684755,-3.650101297023251e-11,0.010607901917246474,8.124408878330407e-11,0.0,8.124408878330407e-11,-4.646045990223703e-10,0.0,0.01060790139657219,2,True,42.598777989169406,0,0.18384776310850237,0.0,-2.9839245444527204e-05,-1.3232079326977586,0.0013982149781711479,-2.9839258756841874e-05,-1.3232079326892539,0.0013982149812135935,0.18316461596909897,0.18316461596894298
0.9000000000000007,balance_extension,0.002606998527734699,2.830581731944989e-12,0.002606998527734699,0.23257279640811418,-3.560795981503968e-11,0.011033306901238474,7.666409004199661e-11,0.0,7.666409004199661e-11,-4.4702191800731564e-10,0.0,0.011033306508189959,2,True,42.59888708370225,0,0.18384776310850237,0.0,-2.9323883272214267e-05,-1.3232157803862339,0.001437014350329593,-2.932389613324278e-05,-1.3232157803779696,0.001437014353243326,0.1831653845443782,0.18316538454422557
0.9100000000000007,balance_extension,0.0025322240520299303,2.8259899886896846e-12,0.0025322240520299303,0.2325729254292615,-3.4715339844043486e-11,0.011425400163576838,7.231309123775452e-11,0.0,7.231309123775452e-11,-4.3005616866557917e-10,0.0,0.011425399857984261,2,True,42.5989937376827,0,0.18384776310850237,0.0,-2.877482169931848e-05,-1.3232222304091923,0.0014712193109143738,-2.877483411777377e-05,-1.3232222304010648,0.0014712193136971106,0.18316607075091915,0.18316607075076996
0.9200000000000007,balance_extension,0.0024585662111405397,2.821440077979904e-12,0.0024585662111405397,0.23257303885593586,-3.382328317268481e-11,0.011784936895543517,6.808931462077096e-11,0.0,6.808931462077096e-11,-4.1337150565741624e-10,0.0,0.011784936442953756,2,True,42.5990978805033,0,0.18384776310850237,0.0,-2.8196636200838927e-05,-1.3232273641317567,0.0015010642429078877,-2.819664819338396e-05,-1.3232273641237282,0.0015010642455660019,0.18316667831057362,0.18316667831042774
0.9300000000000007,balance_extension,0.0023860606951541102,2.8169396174738565e-12,0.0023860606951541102,0.2325731374074665,-3.293395799815621e-11,0.01211273229013957,6.401820462849767e-11,0.0,6.401820462849767e-11,-3.972404182471871e-10,0.0,0.012112731852583762,2,True,42.59919945307939,0,0.18384776310850237,0.0,-2.7593547280044364e-05,-1.323231259605594,0.0015267761502881089,-2.7593558853144698e-05,-1.32323125959776,0.0015267761528259382,0.1831672108771624,0.18316721087701984
0.9400000000000007,balance_extension,0.0023147393588891494,2.8124855542588486e-12,0.0023147393588891494,0.2325732217868684,-3.204689196286705e-11,0.012409652115958401,6.017609457328974e-11,0.0,6.017609457328974e-11,-3.8145824246296963e-10,0.0,0.012409651692243007,2,True,42.59929840704124,0,0.18384776310850237,0.0,-2.6969443580218986e-05,-1.3232339916609364,0.0015485746881231032,-2.6969454754655037e-05,-1.3232339916531715,0.0015485746905561726,0.18316767203154655,0.18316767203140735
0.9500000000000007,balance_extension,0.0022446304018374093,2.808098862814365e-12,0.0022446304018374093,0.23257329268080373,-3.116764258901647e-11,0.012676604129822678,5.6410317830436936e-11,0.0,5.6410317830436936e-11,-3.66158805377232e-10,0.0,0.012676603764726275,2,True,42.59939470397409,0,0.18384776310850237,0.0,-2.632790366828765e-05,-1.323235631999071,0.0015666722098999107,-2.6327914435529648e-05,-1.3232356319914398,0.0015666722122140457,0.18316806527731044,0.18316806527717464
0.9600000000000007,balance_extension,0.002175758543779421,2.8037799901059053e-12,0.002175758543779421,0.2325733507595119,-3.0296408438592663e-11,0.012914530265767383,5.2848096587197794e-11,0.0,5.2848096587197794e-11,-3.5123438028271033e-10,0.0,0.012914529867083758,2,True,42.59948831470078,0,0.18384776310850237,0.0,-2.5672216422598976e-05,-1.3232362492855139,0.0015812738302709555,-2.567222678902089e-05,-1.3232362492780498,0.0015812738324750275,0.1831683940370241,0.18316839403689167
0.9700000000000008,balance_extension,0.0021081451959427577,2.7995314968069034e-12,0.0021081451959427577,0.23257339667671875,-2.943405013934374e-11,0.013124399542231442,4.94130975312172e-11,0.0,4.94130975312172e-11,-3.3660236180899186e-10,0.0,0.013124399161388895,2,True,42.59957921862875,0,0.18384776310850237,0.0,-2.500540023888231e-05,-1.3232359092428214,0.0015925775015568373,-2.5005410217232543e-05,-1.3232359092355455,0.0015925775036547043,0.1831686616490472,0.1831686616489184
0.9800000000000008,balance_extension,0.002041808627598753,2.795350247638472e-12,0.002041808627598753,0.23257343106953246,-2.8579990886197103e-11,0.013307201633305501,4.610532066249514e-11,0.0,4.610532066249514e-11,-3.223604096698689e-10,0.0,0.01330720128023596,2,True,42.599667403144814,0,0.18384776310850237,0.0,-2.4330221058362007e-05,-1.3232346747428287,0.0016007741026099987,-2.433023066384183e-05,-1.3232346747356722,0.0016007741046083603,0.18316887136484516,0.18316887136471957
0.9900000000000008,balance_extension,0.001976764128017139,2.7912441820806734e-12,0.001976764128017139,0.2325734545583342,-2.7736536440463886e-11,0.013463941053625693,4.297565485593504e-11,0.0,4.297565485593504e-11,-3.0865727879685787e-10,0.0,0.013463940673951843,2,True,42.5997528630228,0,0.18384776310850237,0.0,-2.3649209289946078e-05,-1.3232326058977455,0.0016060475385032873,-2.3649218527570036e-05,-1.3232326058907855,0.0016060475404012483,0.1831690263467777,0.18316902634665552
1.0000000000000007,balance_extension,0.0019130241637197367,2.787212324109759e-12,0.0019130241637197367,0.23257346774667084,-2.6903680190290325e-11,0.013595631909984703,3.992232236173006e-11,0.0,3.992232236173006e-11,-2.9533985737126947e-10,0.0,0.013595631537418636,2,True,42.59983559987553,0,0.18384776310850237,0.0,-2.2964675676360053e-05,-1.32322976015035,0.0016085748498560998,-2.2964684559372325e-05,-1.3232297601435359,0.0016085748516597663,0.18316912966633497,0.18316912966621607
1.0099999999999996,balance_extension,0.0018505985309939658,2.7832540426737738e-12,0.0018505985309939658,0.23257347122115485,-2.608152093703304e-11,0.013703293176010935,3.7072545367138754e-11,0.0,3.7072545367138754e-11,-2.8240232378392455e-10,0.0,0.013703292890895231,2,True,42.59991562165253,0,0.18384776310850237,0.0,-2.2278726223155575e-05,-1.3232261923625364,0.0016085263305346638,-2.2278734761024446e-05,-1.323226192355852,0.0016085263322539005,0.1831691843027857,0.18316918430267012
1.0199999999999985,balance_extension,0.001789494503644751,2.779374028988024e-12,0.001789494503644751,0.23257346555137723,-2.5271474861041475e-11,0.013787944449302496,3.4273657247450854e-11,0.0,3.4273657247450854e-11,-2.6979734159565475e-10,0.0,0.01378794427954687,2,True,42.59999294212851,0,0.18384776310850237,0.0,-2.159327617185179e-05,-1.3232219549021564,0.0016060656527484033,-2.1593284374448053e-05,-1.3232219548956017,0.0016060656543813957,0.18316919314221003,0.1831691931420977
1.0299999999999974,balance_extension,0.0017297169759794451,2.775581040729705e-12,0.0017297169759794451,0.2325734512898369,-2.4475999952198538e-11,0.013850602153260921,3.1678324627376625e-11,0.0,3.1678324627376625e-11,-2.576438885865581e-10,0.0,0.013850601961943536,2,True,42.60006758045941,0,0.18384776310850237,0.0,-2.0910063145029026e-05,-1.3232170977283333,0.0016013499983722462,-2.0910071006632863e-05,-1.3232170977219662,0.0016013499999120388,0.18316915897688713,0.18316915897677793
1.0399999999999963,balance_extension,0.0016712686010349272,2.7718700008273102e-12,0.0016712686010349272,0.2325734289718905,-2.3693972177032393e-11,0.013892276148523034,2.9133880882205815e-11,0.0,2.9133880882205815e-11,-2.4594349966138556e-10,0.0,0.013892275979461691,2,True,42.600139560715206,0,0.18384776310850237,0.0,-2.0230659430636748e-05,-1.323211668474851,0.001594530195664792,-2.0230666969897414e-05,-1.323211668468678,0.001594530197122134,0.1831690845050096,0.18316908450490368
1.0499999999999952,balance_extension,0.0016141499240690496,2.7682347926315233e-12,0.0016141499240690496,0.2325733991157255,-2.292412001246479e-11,0.013913966721380854,2.6767548199196958e-11,0.0,2.6767548199196958e-11,-2.345373775636098e-10,0.0,0.013913966566281891,2,True,42.60020891147619,0,0.18384776310850237,0.0,-1.955648355059316e-05,-1.3232057125315888,0.001585750860566045,-1.9556490786525715e-05,-1.3232057125255223,0.0015857508619551777,0.1831689723307017,0.18316897233059887
1.059999999999994,balance_extension,0.0015583595113502957,2.7646855786247005e-12,0.0015583595113502957,0.23257336222235767,-2.2169292469063996e-11,0.013916661918887746,2.4477548828543223e-11,0.0,2.4477548828543223e-11,-2.2350025917129786e-10,0.0,0.01391666171093318,2,True,42.60027566543398,0,0.18384776310850237,0.0,-1.888881110241037e-05,-1.3231992731238456,0.001575150541656928,-1.8888818030885254e-05,-1.3231992731179831,0.0015751505429613968,0.18316882496431133,0.1831688249642117
1.069999999999993,balance_extension,0.0015038940742899748,2.7612163872992824e-12,0.0015038940742899748,0.2325733187756561,-2.1428146738098692e-11,0.013901335202520715,2.2289327207696325e-11,0.0,2.2289327207696325e-11,-2.1280287306228582e-10,0.0,0.01390133503599961,2,True,42.60033985898835,0,0.18384776310850237,0.0,-1.8228784863133414e-05,-1.3231923913900758,0.0015628618681474402,-1.8228791501174985e-05,-1.323192391384326,0.0015628618693875212,0.18316864482295428,0.1831686448228577
1.0799999999999919,balance_extension,0.0014507485889705338,2.7578322338042853e-12,0.0014507485889705338,0.2325732692423947,-2.0702201025047405e-11,0.013868943394272528,2.0253772211559675e-11,0.0,2.0253772211559675e-11,-2.0252577708720017e-10,0.0,0.013868943148081365,2,True,42.60040153190593,0,0.18384776310850237,0.0,-1.7577424350162534e-05,-1.323185106457139,0.0015490117002978517,-1.7577430702561826e-05,-1.323185106451563,0.0015490117014637316,0.18316843423128926,0.18316843423119558
1.0899999999999908,balance_extension,0.0013989164111318235,2.7545349827042625e-12,0.0013989164111318235,0.2325732140723326,-1.999214151934466e-11,0.013820424890939851,1.8218217215423023e-11,0.0,1.8218217215423023e-11,-1.9252518031684806e-10,0.0,0.0138204246649053,2,True,42.60046072696864,0,0.18384776310850237,0.0,-1.6935634702343603e-05,-1.3231774555138447,0.0015337212814529049,-1.6935640772914082e-05,-1.323177455508383,0.00153372128255576,0.18316819542249696,0.18316819542240628
1.0999999999999897,balance_extension,0.0013483893866844065,2.7513240478707712e-12,0.0013483893866844065,0.23257315369832193,-1.9297959834838097e-11,0.0137566981241153,1.6411662156351745e-11,0.0,1.6411662156351745e-11,-1.8288710949232072e-10,0.0,0.01375669787428155,2,True,42.600517489640474,0,0.18384776310850237,0.0,-1.630421504121477e-05,-1.3231694738822881,0.0015171063914073794,-1.630422084169661e-05,-1.3231694738770161,0.001517106392438754,0.18316793053944883,0.1831679305393611
1.1099999999999886,balance_extension,0.0012991579578253418,2.748195614017422e-12,0.0012991579578253418,0.23257308853644346,-1.8618934951656397e-11,0.013678660245031008,1.4630551534732177e-11,0.0,1.4630551534732177e-11,-1.7359048521949293e-10,0.0,0.01367866005396457,2,True,42.60057186776265,0,0.18384776310850237,0.0,-1.5683866305156668e-05,-1.3231611950873092,0.001499277500399763,-1.568387184666343e-05,-1.3231611950821431,0.0014992775013689176,0.1831676416360401,0.18316764163595514
1.1199999999999875,balance_extension,0.0012512112648374071,2.7451480569697422e-12,0.0012512112648374071,0.23257301898616922,-1.7954885804225296e-11,0.013587186014922651,1.2874885350564316e-11,0.0,1.2874885350564316e-11,-1.6471265784912095e-10,0.0,0.013587185869169011,2,True,42.600623911256015,0,0.18384776310850237,0.0,-1.507519855607426e-05,-1.323152650923901,0.001480339923343192,-1.5075203847719041e-05,-1.323152650918949,0.0014803399242567928,0.18316733067867247,0.1831673306785903
1.1299999999999863,balance_extension,0.001204537243657503,2.7421846156293286e-12,0.001204537243657503,0.23257294543055157,-1.7306869196926932e-11,0.01348312688299635,1.1348219103461828e-11,0.0,1.1348219103461828e-11,-1.560078635223195e-10,0.0,0.013483126616032555,2,True,42.60067367184395,0,0.18384776310850237,0.0,-1.4478737851074389e-05,-1.323143871522912,0.0014603939739013792,-1.4478742895063379e-05,-1.3231438715180401,0.0014603939747551472,0.18316699954786755,0.18316699954778823
1.1399999999999852,balance_extension,0.0011591227193040307,2.7393051879728767e-12,0.0011591227193040307,0.23257286823643677,-1.667495755501391e-11,0.013367310235399752,9.82155285635934e-12,0.0,9.82155285635934e-12,-1.476915796587328e-10,0.0,0.013367309944702411,2,True,42.600721202798795,0,0.18384776310850237,0.0,-1.3894932643590945e-05,-1.3231348854141645,0.0014395351179879944,-1.3894937448640966e-05,-1.323134885409453,0.0014395351187877054,0.18316665003999388,0.18316665003991717
1.1499999999999841,balance_extension,0.001114953495256479,2.7365077615293063e-12,0.001114953495256479,0.2325727877547025,-1.6058875526226854e-11,0.013240538799831978,8.32033104670856e-12,0.0,8.32033104670856e-12,-1.3964868884583955e-10,0.0,0.01324053845286802,2,True,42.600766558672184,0,0.18384776310850237,0.0,-1.3324159801477313e-05,-1.3231257195886863,0.001417854126425627,-1.3324164373738177e-05,-1.3231257195841188,0.0014178541271705428,0.1831662838690945,0.18316628386902054
1.159999999999983,balance_extension,0.0010720144388832729,2.7337889331020346e-12,0.0010720144388832729,0.23257270432051755,-1.5457935297806134e-11,0.013103590191574853,7.048109174123153e-12,0.0,7.048109174123153e-12,-1.3189760229303636e-10,0.0,0.013103589923493583,2,True,42.60080979508366,0,0.18384776310850237,0.0,-1.2766730211576997e-05,-1.3231163995583164,0.0013954372262860162,-1.276673456513802e-05,-1.3231163995538604,0.0013954372269830242,0.18316590266879912,0.18316590266872762
1.169999999999982,balance_extension,0.0010302895630162879,2.7311485744553825e-12,0.0010302895630162879,0.23257261825362213,-1.4872307793881387e-11,0.012957216587780087,5.7758873015377465e-12,0.0,5.7758873015377465e-12,-1.2452790063922216e-10,0.0,0.012957216356913685,2,True,42.60085096850008,0,0.18384776310850237,0.0,-1.2222894052101803e-05,-1.3231069494137022,0.0013723662508896366,-1.2222898194418392e-05,-1.3231069494094316,0.001372366251540536,0.18316550799430703,0.18316550799423797
1.1799999999999808,balance_extension,0.0009897621037721965,2.728585566011685e-12,0.0009897621037721965,0.23257252985862717,-1.4301909386005487e-11,0.012802144517848248,4.503665428952339e-12,0.0,4.503665428952339e-12,-1.1743581330146092e-10,0.0,0.01280214428545671,2,True,42.60089013602022,0,0.18384776310850237,0.0,-1.1692845678093936e-05,-1.323097391880899,0.001348718787984887,-1.1692849614377039e-05,-1.323097391876752,0.0013487187885900943,0.18316510132442915,0.18316510132436256
1.1899999999999797,balance_extension,0.0009504145947222048,2.7261015579627083e-12,0.0009504145947222048,0.23257243942533082,-1.3747316430626174e-11,0.012639074758649737,3.384110181077182e-12,0.0,3.384110181077182e-12,-1.1048255015784337e-10,0.0,0.012639074593273025,2,True,42.600927355189086,0,0.18384776310850237,0.0,-1.1176728221512915e-05,-1.3230877483757126,0.00132456832603423,-1.117673195719021e-05,-1.3230877483716514,0.0013245683265976226,0.18316468406367864,0.18316468406361455
1.1999999999999786,balance_extension,0.0009122289375126921,2.72369667727947e-12,0.0009122289375126921,0.23257234722905065,-1.320868238191257e-11,0.01246868232420545,2.3663326830088564e-12,0.0,2.3663326830088564e-12,-1.039250036502837e-10,0.0,0.01246868217200933,2,True,42.60096268382986,0,0.18384776310850237,0.0,-1.0674637883533478e-05,-1.3230780390565777,0.001299984398343862,-1.067464141904347e-05,-1.323078039052685,0.0012999843988557233,0.18316425754439802,0.1831642575443362
1.2099999999999775,balance_extension,0.0008751864690398559,2.7213618192489536e-12,0.0008751864690398559,0.23257225353096966,-1.2683862971147236e-11,0.012291616540231406,1.348555184940531e-12,0.0,1.348555184940531e-12,-9.756028118376532e-11,0.0,0.012291616363759134,2,True,42.600996179862314,0,0.18384776310850237,0.0,-1.0186627905771007e-05,-1.3230682828761116,0.001275032724845478,-1.0186631262911581e-05,-1.3230682828723261,0.0012750327253261964,0.18316382302891207,0.18316382302885248
1.2199999999999764,balance_extension,0.0008392680252817073,2.7191055861294114e-12,0.0008392680252817073,0.23257215857849406,-1.2175267077212597e-11,0.012108501194695174,3.3077768687220577e-13,0.0,3.3077768687220577e-13,-9.13886952529286e-11,0.0,0.012108500996681945,2,True,42.601027901166916,0,0.18384776310850237,0.0,-9.712712360970748e-06,-1.3230584976305475,0.0012497753515353866,-9.712715530922246e-06,-1.3230584976268973,0.0012497753519711426,0.18316338171170055,0.1831633817116432
1.2299999999999753,balance_extension,0.0008044540018907156,2.7169199406391743e-12,0.0008044540018907156,0.23257206260562183,-1.16809040254797e-11,0.011919934756228772,-5.343331864858708e-13,0.0,-5.343331864858708e-13,-8.563475151469278e-11,0.0,0.011919934664061434,2,True,42.60105790543159,0,0.18384776310850237,0.0,-9.252869573948106e-06,-1.3230487000079958,0.0012242707871541149,-9.252872575577433e-06,-1.323048700004503,0.0012242707875555533,0.18316293472157907,0.1831629347215239
1.2399999999999742,balance_extension,0.0007707244116500592,2.714800141111307e-12,0.0007707244116500592,0.23257196583331965,-1.1199803931663263e-11,0.011726490652873045,-1.297666310037115e-12,0.0,-1.297666310037115e-12,-8.01604928675219e-11,0.0,0.011726490452540749,2,True,42.60108625003037,0,0.18384776310850237,0.0,-8.807045428747116e-06,-1.3230389056349763,0.0011985741373290724,-8.807048269456717e-06,-1.323038905631572,0.001198574137697136,0.18316248312388422,0.18316248312383118
1.2499999999999731,balance_extension,0.0007380589388958816,2.7127485376724705e-12,0.0007380589388958816,0.2325718684699073,-1.073277238828896e-11,0.011528717604232646,-2.060999433588359e-12,0.0,-2.060999433588359e-12,-7.474280271544815e-11,0.0,0.011528717409730797,2,True,42.601112991896315,0,0.18384776310850237,0.0,-8.37515636685605e-06,-1.3230291291216132,0.0011727372357942935,-8.375159048899765e-06,-1.3230291291182752,0.0011727372361375883,0.18316202792265074,0.18316202792259975
1.259999999999972,balance_extension,0.0007064369910071328,2.7107709947237496e-12,0.0007064369910071328,0.23257177071144705,-1.0281362485413992e-11,0.011327140000661382,-2.824332557139603e-12,0.0,-2.824332557139603e-12,-6.977063116549367e-11,0.0,0.01132713995645317,2,True,42.601138187425164,0,0.18384776310850237,0.0,-7.957092217243431e-06,-1.3230193841052038,0.0011468087728152105,-7.957094738310066e-06,-1.3230193841020488,0.0011468087731132208,0.18316157006278078,0.1831615700627317
1.269999999999971,balance_extension,0.0006758377470635834,2.7088541055569263e-12,0.0006758377470635834,0.23257167274213777,-9.842271466997527e-12,0.011122258323625914,-3.587665680690847e-12,0.0,-3.587665680690847e-12,-6.487775319973464e-11,0.0,0.011122258243055889,2,True,42.60116189236686,0,0.18384776310850237,0.0,-7.552718816520961e-06,-1.3230096832927831,0.0011208344205929292,-7.552721195695835e-06,-1.3230096832897424,0.0011208344208700422,0.18316111043219524,0.18316111043214822
1.2799999999999698,balance_extension,0.0006462402037714115,2.706999511708961e-12,0.0006462402037714115,0.23257157473471113,-9.416114569500382e-12,0.010914549601867083,-4.147443304628426e-12,0.0,-4.147443304628426e-12,-6.018741074482295e-11,0.0,0.010914549479268482,2,True,42.601184161740015,0,0.18384776310850237,0.0,-7.161880486937676e-06,-1.3230000385016685,0.0010948569557505431,-7.161882730206669e-06,-1.3230000384987166,0.0010948569559988614,0.18316064986396244,0.1831606498639173
1.2899999999999687,balance_extension,0.0006176232187544583,2.7052104332414373e-12,0.0006176232187544583,0.23257147685082946,-9.003848602070228e-12,0.01070446789840764,-4.656332053662588e-12,0.0,-4.656332053662588e-12,-5.568540110376784e-11,0.0,0.010704467689414241,2,True,42.60120504974993,0,0.18384776310850237,0.0,-6.784402276077795e-06,-1.322990460699321,0.001068916378743671,-6.784404384882625e-06,-1.3229904606964022,0.0010689163789683815,0.18316018913840254,0.18316018913835908
1.2999999999999676,balance_extension,0.0005899655513077168,2.703490502443901e-12,0.0005899655513077168,0.2325713792414835,-8.606475148049108e-12,0.010492444823892128,-5.1652208026967515e-12,0.0,-5.1652208026967515e-12,-5.1407457365027365e-11,0.0,0.010492444735971312,2,True,42.601224609721356,0,0.18384776310850237,0.0,-6.420092095869198e-06,-1.3229809600414026,0.001043050030171661,-6.42009406432552e-06,-1.3229809600386333,0.0010430500303648402,0.1831597289851596,0.1831597289851179
1.3099999999999665,balance_extension,0.0005632459007080772,2.7018311024740316e-12,0.0005632459007080772,0.2325712820473891,-8.221840935251686e-12,0.010278890072104354,-5.674109551730914e-12,0.0,-5.674109551730914e-12,-4.738197498224978e-11,0.0,0.010278889958595008,2,True,42.601242894033696,0,0.18384776310850237,0.0,-6.0687426575044006e-06,-1.3229715459091158,0.0010172927040352458,-6.068744502357176e-06,-1.3229715459064602,0.0010172927042052774,0.1831592700852425,0.18315927008520255
1.3199999999999654,balance_extension,0.0005374429421756159,2.700230985463411e-12,0.0005374429421756159,0.2325711853993818,-7.849842027067817e-12,0.01006419197387229,-6.182998300765076e-12,0.0,-6.182998300765076e-12,-4.3452104677138575e-11,0.0,0.010064191808006554,2,True,42.60125995406497,0,0.18384776310850237,0.0,-5.73013334347287e-06,-1.3229622269445747,0.0009916767579598341,-5.730135069365356e-06,-1.3229622269419814,0.0009916767581053514,0.18315881307302567,0.18315881307298737
1.3299999999999643,balance_extension,0.0005125353605769135,2.6986892840723e-12,0.0005125353605769135,0.2325710894188079,-7.490334977452521e-12,0.009848718065888946,-6.6918870497992395e-12,0.0,-6.6918870497992395e-12,-3.973807156206756e-11,0.0,0.009848717741235602,2,True,42.60127584013923,0,0.18384776310850237,0.0,-5.404031852167455e-06,-1.322953011085594,0.0009662322201535233,-5.404033463904187e-06,-1.3229530110831067,0.0009662322202829835,0.183158358538213,0.1831583585381764
1.3399999999999632,balance_extension,0.0004885018819600407,2.697207148576877e-12,0.0004885018819600407,0.23257099421791222,-7.143723220987797e-12,0.0096328156712981,-7.048109174123153e-12,0.0,-7.048109174123153e-12,-3.6189369175919775e-11,0.0,0.009632815430338256,2,True,42.60129060148657,0,0.18384776310850237,0.0,-5.090195791663212e-06,-1.3229439055990992,0.0009409868934530101,-5.090197289753384e-06,-1.3229439055967092,0.0009409868935589029,0.18315790702775758,0.18315790702772258
1.3499999999999621,balance_extension,0.00046532130300887584,2.695781648121926e-12,0.00046532130300887584,0.23257089990021973,-6.809335442769086e-12,0.00941681248915646,-7.302553548640235e-12,0.0,-7.302553548640235e-12,-3.283201419310907e-11,0.0,0.009416812234197002,2,True,42.60130428621108,0,0.18384776310850237,0.0,-4.788374119127026e-06,-1.3229349171132485,0.0009159664561741976,-4.788375511349084e-06,-1.3229349171109477,0.0009159664562593205,0.18315745904773992,0.1831574590477063
1.359999999999961,balance_extension,0.0004429725185024332,2.6944090337322734e-12,0.0004429725185024332,0.2325708065609124,-6.486318558391139e-12,0.009201017190163707,-7.556997923157315e-12,0.0,-7.556997923157315e-12,-2.9684273992393635e-11,0.0,0.009201016992984038,2,True,42.601316941264244,0,0.18384776310850237,0.0,-4.498308479220634e-06,-1.3229260516487218,0.0008911945598993037,-4.498309772747443e-06,-1.3229260516465104,0.0008911945599649937,0.18315701506519802,0.18315701506516593
1.36999999999996,balance_extension,0.0004214345468628514,2.6930849828117363e-12,0.0004214345468628514,0.23257071428719947,-6.1737232478889466e-12,0.008985720016275948,-7.811442297674397e-12,0.0,-7.811442297674397e-12,-2.6668838321963463e-11,0.0,0.008985719774595424,2,True,42.601328612401744,0,0.18384776310850237,0.0,-4.219734460997232e-06,-1.322917314648537,0.0008666929243210562,-4.219735660057506e-06,-1.3229173146464523,0.0008666929243726417,0.18315657550991263,0.18315657550988207
1.3799999999999588,balance_extension,0.0004006865538735769,2.6918134370248574e-12,0.0004006865538735769,0.2325706231586803,-5.8726446231273816e-12,0.00877119338205591,-8.065886672191478e-12,0.0,-8.065886672191478e-12,-2.3710435136693338e-11,0.0,0.008771193149944062,2,True,42.60133934419167,0,0.18384776310850237,0.0,-3.952382725110312e-06,-1.3229087110072706,0.0008424814289823262,-3.952383830849402e-06,-1.3229087110051985,0.0008424814290135065,0.1831561407761434,0.18315614077611414
1.3899999999999577,balance_extension,0.0003807078746472027,2.6905896223496183e-12,0.0003807078746472027,0.23257053324770033,-5.5819419173037806e-12,0.008557692475815688,-8.32033104670856e-12,0.0,-8.32033104670856e-12,-2.1065078910544434e-11,0.0,0.008557692220319471,2,True,42.60134917997528,0,0.18384776310850237,0.0,-3.6959800557574618e-06,-1.3229002450987246,0.000818578202042388,-3.6959810781821197e-06,-1.322900245096741,0.0008185782020671238,0.18315571122431612,0.18315571122428811
1.3999999999999566,balance_extension,0.0003614780339202862,2.6894184424699644e-12,0.0003614780339202862,0.23257044461969856,-5.302978842781379e-12,0.008345455858797785,-8.574775421225642e-12,0.0,-8.574775421225642e-12,-1.84364818227176e-11,0.0,0.008345455593941623,2,True,42.6013581618753,0,0.18384776310850237,0.0,-3.450250348189862e-06,-1.3228919208031211,0.0007949997062101093,-3.450251279963455e-06,-1.3228919208012064,0.000794999706214551,0.18315528718266189,0.1831552871826352
1.4099999999999555,balance_extension,0.00034297676475032463,2.6882965748817873e-12,0.00034297676475032463,0.23257035733354683,-5.03490549512426e-12,0.008134706060819915,-8.829219795742723e-12,0.0,-8.829219795742723e-12,-1.5956121897965148e-11,0.0,0.008134705755602952,2,True,42.60136633077306,0,0.18384776310850237,0.0,-3.214915476725848e-06,-1.3228837415328778,0.0007717608216476399,-3.2149163263357813e-06,-1.3228837415310586,0.0007717608216362586,0.18315486894880506,0.18315486894877978
1.4199999999999544,balance_extension,0.00032518402568792836,2.6872180657919188e-12,0.00032518402568792836,0.2325702714418804,-4.776292446387996e-12,0.007925650170972978,-9.083664170259803e-12,0.0,-9.083664170259803e-12,-1.3596378182767306e-11,0.0,0.00792564992691794,2,True,42.60137372632833,0,0.18384776310850237,0.0,-2.9896961287308207e-06,-1.3228757102576783,0.0007488749260938996,-2.989696904272832e-06,-1.3228757102559496,0.0007488749260733025,0.18315445679130238,0.1831544567912782
1.4299999999999533,balance_extension,0.0003080800164950983,2.6861841336249134e-12,0.0003080800164950983,0.2325701869914193,-4.5275803558475395e-12,0.007718480422113521,-9.159997482614928e-12,0.0,-9.159997482614928e-12,-1.1412186199506336e-11,0.0,0.007718480107483782,2,True,42.6013803869573,0,0.18384776310850237,0.0,-2.774312552037656e-06,-1.3228678295285354,0.0007263539722116941,-2.7743132540344936e-06,-1.3228678295268603,0.0007263539721732058,0.18315405095113121,0.18315405095110815
1.4399999999999522,balance_extension,0.00029164519247835746,2.6851909522181728e-12,0.0002916451924783575,0.23257010402328082,-4.287854720571546e-12,0.007513374768026214,-9.159997482614928e-12,0.0,-9.159997482614928e-12,-9.319704060976298e-12,0.0,0.007513374382378631,2,True,42.60138634985313,0,0.18384776310850237,0.0,-2.568485231317503e-06,-1.3228601015008148,0.0007042085621336857,-2.5684858672542273e-06,-1.3228601014991879,0.0007042085620952774,0.1831536516431291,0.18315365164310723
1.449999999999951,balance_extension,0.00027586027750337076,2.684241177974502e-12,0.00027586027750337076,0.2325700225732821,-4.057876346589862e-12,0.007310497452272427,-9.159997482614928e-12,0.0,-9.159997482614928e-12,-7.399155115371851e-12,0.0,0.0073104970137389995,2,True,42.60139165098788,0,0.18384776310850237,0.0,-2.3719355251169178e-06,-1.322852527956674,0.0006824480193150292,-2.371936091614667e-06,-1.3228525279551415,0.0006824480192600924,0.18315325905738347,0.1831532590573626
1.45999999999995,balance_extension,0.0002607062757555841,2.6833274698496575e-12,0.00026070627575558415,0.23256994267223363,-3.835856715288275e-12,0.007109999567846031,-9.159997482614928e-12,0.0,-9.159997482614928e-12,-5.547994339469575e-12,0.0,0.007109998925858139,2,True,42.60139632511534,0,0.18384776310850237,0.0,-2.1843862109860975e-06,-1.322845110326367,0.0006610804577784381,-2.184386721926888e-06,-1.3228451103248526,0.0006610804577192179,0.18315287336057132,0.18315287336055147
1.469999999999949,balance_extension,0.0002461644823092994,2.682454934552569e-12,0.00024616448230929943,0.2325698643462227,-3.623174839516989e-12,0.006912019606877588,-9.159997482614928e-12,0.0,-9.159997482614928e-12,-3.867821675270089e-12,0.0,0.006912019200865569,2,True,42.601400405797726,0,0.18384776310850237,0.0,-2.005562035050011e-06,-1.322837849708798,0.0006401128486991085,-2.005562485323239e-06,-1.3228378497073796,0.0006401128486307588,0.183152494697252,0.18315249469723313
1.4799999999999478,balance_extension,0.00023221649256555775,2.681624182653531e-12,0.00023221649256555775,0.23256978761688743,-3.4200201842588304e-12,0.0067166839997245195,-9.159997482614928e-12,0.0,-9.159997482614928e-12,-2.2268760807283817e-12,0.0,0.006716683510802738,2,True,42.60140392541241,0,0.18384776310850237,0.0,-1.8351901496030203e-06,-1.322830746891405,0.0006195510845764759,-1.8351905387790706e-06,-1.3228307468900573,0.0006195510844893676,0.18315212319111238,0.18315212319109456
1.4899999999999467,balance_extension,0.0002188442106171326,2.6808273810338598e-12,0.0002188442106171326,0.23256971250168113,-3.22443091807151e-12,0.006524107642879564,-9.159997482614928e-12,0.0,-9.159997482614928e-12,-7.795563252838326e-13,0.0,0.006524107061704112,2,True,42.601406915163295,0,0.18384776310850237,0.0,-1.6730005417019958e-06,-1.322823802368884,0.0005994000407890678,-1.6730008785887914e-06,-1.322823802367593,0.0005994000406990942,0.1831517589461623,0.18315175894614538
1.4999999999999456,balance_extension,0.00020602985659694498,2.680064376277902e-12,0.000206029856596945,0.23256963901412667,-3.0364647680463123e-12,0.006334394415207946,-9.159997482614928e-12,0.0,-9.159997482614928e-12,6.884109050000557e-13,0.0,0.006334393755297476,2,True,42.60140940510882,0,0.18384776310850237,0.0,-1.5187264210234617e-06,-1.3228170163616533,0.0005796636348476825,-1.5187267094393458e-06,-1.322817016360399,0.0005796636347536687,0.18315140204788616,0.18315140204787017
1.5099999999999445,balance_extension,0.00019375597306420822,2.6793337388424065e-12,0.00019375597306420825,0.23256956716406163,-2.855803194661064e-12,0.006147637682114286,-9.159997482614928e-12,0.0,-9.159997482614928e-12,2.0162930687048492e-12,0.0,0.00614763684926595,2,True,42.6014114241669,0,0.18384776310850237,0.0,-1.3721045468202654e-06,-1.3228103888330518,0.0005603448832532264,-1.372104789609561e-06,-1.3228103888318556,0.0005603448831551336,0.18315105256434858,0.18315105256433334
1.5199999999999434,balance_extension,0.0001820054304806662,2.6786381808963063e-12,0.00018200543048066623,0.23256949695787374,-2.683205875210554e-12,0.0059639207873001775,-9.159997482614928e-12,0.0,-9.159997482614928e-12,3.282505174611329e-12,0.0,0.005963920049050678,2,True,42.601413000154814,0,0.18384776310850237,0.0,-1.2328755378618827e-06,-1.322803919506153,0.0005414459560477759,-1.2328757353716159e-06,-1.3228039195050425,0.0005414459559379048,0.18315071054725454,0.18315071054724014
1.5299999999999423,balance_extension,0.00017076143182737883,2.677972594144308e-12,0.00017076143182737885,0.23256942839872674,-2.5173873377559507e-12,0.005783317531846334,-9.159997482614928e-12,0.0,-9.159997482614928e-12,4.426963866253804e-12,0.0,0.005783316855685355,2,True,42.60141415979278,0,0.18384776310850237,0.0,-1.1007841360715124e-06,-1.3227976078798542,0.0005229682291159443,-1.100784295707055e-06,-1.3227976078787749,0.0005229682290087939,0.18315037603296774,0.18315037603295417
1.5399999999999412,balance_extension,0.00016000751641061814,2.677339055261759e-12,0.00016000751641061817,0.232569361486777,-2.3589728006899793e-12,0.005605892640413013,-9.159997482614928e-12,0.0,-9.159997482614928e-12,5.546894298191206e-12,0.0,0.005605891936720737,2,True,42.60141492874816,0,0.18384776310850237,0.0,-9.755794387351306e-07,-1.322791453244124,0.0005049123343890513,-9.755795598820653e-07,-1.3227914532430596,0.0005049123342708538,0.18315004904348453,0.18315004904347165
1.54999999999994,balance_extension,0.00014972756290360727,2.676737211055385e-12,0.0001497275629036073,0.23256929621938152,-2.2078752998682256e-12,0.0054317022143992415,-9.159997482614928e-12,0.0,-9.159997482614928e-12,6.5710842077915215e-12,0.0,0.005431701296635127,2,True,42.60141533163012,0,0.18384776310850237,0.0,-8.570151122522468e-07,-1.322785454694569,0.0004872782078331106,-8.570151930023236e-07,-1.3227854546935536,0.0004872782077142118,0.18314972958736733,0.1831497295873552
1.559999999999939,balance_extension,0.00013990579166902172,2.6761651440422376e-12,0.00013990579166902174,0.23256923259129592,-2.0636392899489872e-12,0.005260794171959283,-9.159997482614928e-12,0.0,-9.159997482614928e-12,7.431211824608275e-12,0.0,0.005260793315574438,2,True,42.601415392037026,0,0.18384776310850237,0.0,-7.448495538166049e-07,-1.3227796111465602,0.0004700651354831121,-7.448495994057342e-07,-1.3227796111456498,0.0004700651353539446,0.18314941766063744,0.18314941766062595
1.569999999999938,balance_extension,0.0001305267664054197,2.6756170764343657e-12,0.00013052676640541974,0.23256917059486454,-1.9248748628357546e-12,0.005093208674819302,-9.159997482614928e-12,0.0,-9.159997482614928e-12,8.31003468815106e-12,0.0,0.005093208066677767,2,True,42.60141513257509,0,0.18384776310850237,0.0,-6.388460655650994e-07,-1.322773921348678,0.00045327179737443936,-6.388460803281924e-07,-1.3227739213477743,0.00045327179725336694,0.18314911324762878,0.18314911324761796
1.5799999999999368,balance_extension,0.00012157539515904568,2.675098604880647e-12,0.0001215753951590457,0.23256911022020146,-1.7930589577783115e-12,0.0049289785418777775,-9.159997482614928e-12,0.0,-9.159997482614928e-12,9.143090556285858e-12,0.0,0.004928977973895925,2,True,42.60141457488165,0,0.18384776310850237,0.0,-5.387729712901879e-07,-1.322768383895284,0.0004368963096466682,-5.387729531491274e-07,-1.3227683838943811,0.0004368963095190305,0.18314881632180338,0.18314881632179328
1.5899999999999357,balance_extension,0.00011303693074077497,2.6746073232218054e-12,0.000113036930740775,0.23256905145536322,-1.6675499787532237e-12,0.004768129649608277,-9.159997482614928e-12,0.0,-9.159997482614928e-12,9.87129765125599e-12,0.0,0.00476812906916425,2,True,42.60141373965182,0,0.18384776310850237,0.0,-4.4440371527538196e-07,-1.3227629972389225,0.0004209362646884041,-4.4440366578610644e-07,-1.3227629972381032,0.0004209362645549432,0.1831485268465289,0.18314852684651944
1.5999999999999346,balance_extension,0.00010489697058632402,2.6741424954475832e-12,0.00010489697058632405,0.23256899428651345,-1.548236542007943e-12,0.004610681319316652,-9.159997482614928e-12,0.0,-9.159997482614928e-12,1.0575583888964972e-11,0.0,0.004610680928780899,2,True,42.60141264666428,0,0.18384776310850237,0.0,-3.5551696179814515e-07,-1.3227577597018536,0.00040538876949112004,-3.5551688496060166e-07,-1.322757759701042,0.00040538876935748995,0.1831482447758213,0.18314824477581235
1.6099999999999335,balance_extension,9.714145609626199e-05,2.673706615854857e-12,9.714145609626202e-05,0.23256893869807937,-1.4357653789081018e-12,0.004456646691341444,-9.159997482614928e-12,0.0,-9.159997482614928e-12,1.1195629263650717e-11,0.0,0.004456646422755316,2,True,42.60141131480738,0,0.18384776310850237,0.0,-2.7189666084869927e-07,-1.3227526694870657,0.00039025048227905087,-2.7189655056986135e-07,-1.3227526694863059,0.0003902504821395197,0.18314797005505193,0.18314797005504369
1.6199999999999324,balance_extension,8.975667149080514e-05,2.6732927303920174e-12,8.975667149080518e-05,0.23256888467290052,-1.3283661962096896e-12,0.004306033086305504,-9.159997482614928e-12,0.0,-9.159997482614928e-12,1.178944866254177e-11,0.0,0.0043060329262256955,2,True,42.6014097621069,0,0.18384776310850237,0.0,-1.93332080320502e-07,-1.3227477246890276,0.00037551764736474657,-1.9333194394329147e-07,-1.322747724688284,0.0003755176472174449,0.18314770262162153,0.1831477026216137
1.6299999999999313,balance_extension,8.27292422128735e-05,2.672897801997356e-12,8.272924221287354e-05,0.23256883219237018,-1.2253385577647728e-12,0.004158842353558745,-9.159997482614928e-12,0.0,-9.159997482614928e-12,1.2229063375298458e-11,0.0,0.004158842205312651,2,True,42.60140800574695,0,0.18384776310850237,0.0,-1.196178687984546e-07,-1.3227429233034085,0.00036118612839703865,-1.1961771298467042e-07,-1.3227429233027592,0.0003611861282517189,0.18314744240560035,0.1831474424055931
1.6399999999999302,balance_extension,7.604613291141811e-05,2.67251597401073e-12,7.604613291141817e-05,0.23256878123656938,-1.1252903456919456e-12,0.0040150712069677635,-9.159997482614928e-12,0.0,-9.159997482614928e-12,1.2693253522251673e-11,0.0,0.004015071165534497,2,True,42.601406062101844,0,0.18384776310850237,0.0,-5.055405175684895e-08,-1.3227382632369442,0.0003472514400400257,-5.05538852821048e-08,-1.3227382632363374,0.00034725143990113714,0.18314718933033847,0.18314718933033164
1.649999999999929,balance_extension,6.969464503560077e-05,2.6721519764925977e-12,6.969464503560082e-05,0.23256873178439375,-1.029527596972692e-12,0.0038747115482309293,-8.956441983001262e-12,0.0,-8.956441983001262e-12,1.3185236094099612e-11,0.0,0.0038747111440244125,2,True,42.6014039467611,0,0.18384776310850237,0.0,1.405394488165124e-08,-1.3227337423163155,0.00033370877803920224,1.4054126312124099e-08,-1.322733742315665,0.0003337087779033801,0.18314694331304418,0.18314694331303788
1.659999999999928,balance_extension,6.366241406903943e-05,2.671814460100599e-12,6.366241406903949e-05,0.2325686838136739,-9.401577701830967e-13,0.003737750777913801,-8.701997608484182e-12,0.0,-8.701997608484182e-12,1.3543791033705371e-11,0.0,0.003737750428022932,2,True,42.601401674554836,0,0.18384776310850237,0.0,7.439531318655453e-08,-1.3227293582966193,0.0003205530478727907,7.439551979697232e-08,-1.3227293582960107,0.00032055304772725705,0.18314670426533328,0.18314670426532742
1.6699999999999269,balance_extension,5.7937406431981655e-05,2.6714922378782805e-12,5.7937406431981716e-05,0.2325686373012889,-8.543124352890682e-13,0.003604172094413513,-8.447553233967101e-12,0.0,-8.447553233967101e-12,1.3864629118743072e-11,0.0,0.0036041716480345884,2,True,42.60139925957431,0,0.18384776310850237,0.0,1.3065388741167012e-07,-1.3227251088696967,0.0003077788919317269,1.3065410520343782e-07,-1.3227251088691592,0.00030777889179154196,0.1831464720937514,0.183146472093746
1.6799999999999258,balance_extension,5.250791607797692e-05,2.671187941354557e-12,5.250791607797699e-05,0.2325685922232735,-7.727595216406575e-13,0.0034739547810804963,-8.19310885945002e-12,0.0,-8.19310885945002e-12,1.4031116475836822e-11,0.0,0.0034739541893632413,2,True,42.601396715201844,0,0.18384776310850237,0.0,1.8300815276124838e-07,-1.3227209916719582,0.0002953807153070268,1.8300838522841076e-07,-1.3227209916714746,0.00029538071516106967,0.18314624670026697,0.18314624670026194
1.6899999999999247,balance_extension,4.736256081036664e-05,2.670900780319434e-12,4.736256081036672e-05,0.23256854855491949,-6.953605567949781e-13,0.003347074481724878,-7.938664484932938e-12,0.0,-7.938664484932938e-12,1.4302904845949844e-11,0.0,0.0033470740787775333,2,True,42.60139405413256,0,0.18384776310850237,0.0,2.316312964947853e-07,-1.3227170042914305,0.0002833527103003242,2.3163154100311056e-07,-1.3227170042908962,0.0002833527101590765,0.18314602798273916,0.18314602798273447
1.6999999999999236,balance_extension,4.2490278342682116e-05,2.6706360533545802e-12,4.24902783426822e-05,0.2325685062708709,-6.234196902375722e-13,0.0032235034647541795,-7.684220110415856e-12,0.0,-7.684220110415856e-12,1.4612980254376094e-11,0.0,0.003223503215920892,2,True,42.60139128840849,0,0.18384776310850237,0.0,2.7669124387549387e-07,-1.322713144274592,0.00027168887955256345,2.76691504767808e-07,-1.3227131442741247,0.00027168887941030257,0.1831458158353609,0.1831458158353567
1.7099999999999225,balance_extension,3.788032212589583e-05,2.6703910175896787e-12,3.788032212589593e-05,0.2325684653452137,-5.562172275995137e-13,0.00310321087620043,-7.429775735898774e-12,0.0,-7.429775735898774e-12,1.4710407056135794e-11,0.0,0.0031032109443920675,2,True,42.60138842942506,0,0.18384776310850237,0.0,3.1835072364551716e-07,-1.3227094091332967,0.00026038305806344483,3.183510019870082e-07,-1.322709409132871,0.0002603830579117538,0.18314561014907688,0.18314561014907302
1.7199999999999214,balance_extension,3.352225696429147e-05,2.6701547350527965e-12,3.352225696429157e-05,0.23256842575156023,-4.909964407638499e-13,0.0029861629818872626,-7.175331361381694e-12,0.0,-7.175331361381694e-12,1.483750829503983e-11,0.0,0.0029861633727077596,2,True,42.60138548797201,0,0.18384776310850237,0.0,3.56767328535997e-07,-1.3227057963505318,0.0002494289338566833,3.56767610078622e-07,-1.3227057963501436,0.00024942893371902224,0.1831454108119782,0.1831454108119746
1.7299999999999203,balance_extension,2.9405954440675027e-05,2.6699309028107196e-12,2.940595444067515e-05,0.23256838746312825,-4.2880923750171695e-13,0.0028723233990063496,-6.920886986864613e-12,0.0,-6.920886986864613e-12,1.5063708512904492e-11,0.0,0.0028723244773143173,2,True,42.601382474242406,0,0.18384776310850237,0.0,3.9209356202806306e-07,-1.3227023033864123,0.00023882006771824198,3.920938470143175e-07,-1.3227023033859742,0.0002388200675860246,0.18314521770967518,0.18314521770967193
1.7399999999999192,balance_extension,2.5521588170536003e-05,2.6697269119804853e-12,2.5521588170536142e-05,0.23256835045281507,-3.715146632363179e-13,0.0027616533173721006,-6.666442612347531e-12,0.0,-6.666442612347531e-12,1.5092275195950254e-11,0.0,0.002761654487845565,2,True,42.60137939786849,0,0.18384776310850237,0.0,4.244769200844923e-07,-1.3226989276833947,0.00022854991159600125,4.244772201173993e-07,-1.322698927683034,0.00022854991145057895,0.183145030725649,0.18314503072564609
1.749999999999918,balance_extension,2.1859628903803545e-05,2.669533461034047e-12,2.185962890380371e-05,0.23256831469326714,-3.1674698671814485e-13,0.0026541117106278767,-6.41199823783045e-12,0.0,-6.41199823783045e-12,1.50797071157378e-11,0.0,0.002654113131472743,2,True,42.601376267929965,0,0.18384776310850237,0.0,4.5405999471916465e-07,-1.3226956666717278,0.0002186118261133552,4.540602986264004e-07,-1.3226956666714096,0.00021861182597282503,0.18314484974158146,0.18314484974157869
1.759999999999917,balance_extension,1.8410839491811768e-05,2.6693544997575625e-12,1.841083949181196e-05,0.23256828015694467,-2.6557568716872653e-13,0.0025496555376759286,-6.157553863313368e-12,0.0,-6.157553863313368e-12,1.5170692809823697e-11,0.0,0.002549657019299642,2,True,42.601373092988766,0,0.18384776310850237,0.0,4.809805136660693e-07,-1.322692517774116,0.0002089990970000229,4.809808262801532e-07,-1.3226925177737594,0.00020899909686202109,0.18314467463766598,0.1831446746376636
1.7699999999999159,balance_extension,1.516626973617641e-05,2.6691894788823172e-12,1.5166269736176646e-05,0.23256824681618252,-2.1783219080681221e-13,0.0024482399346090946,-5.903109488796287e-12,0.0,-5.903109488796287e-12,1.5166965192529942e-11,0.0,0.0024482414476157907,2,True,42.6013698810981,0,0.18384776310850237,0.0,5.053714573338328e-07,-1.3226894784100331,0.0001997049505705287,5.053717756207064e-07,-1.3226894784097123,0.0001997049504313091,0.1831445052929005,0.18314450529289827
1.7799999999999148,balance_extension,1.2117251135347477e-05,2.6690326343567786e-12,1.2117251135347772e-05,0.23256821464324642,-1.7206296843491315e-13,0.002349818397419031,-5.648665114279206e-12,0.0,-5.648665114279206e-12,1.513935315373877e-11,0.0,0.002349820222919899,2,True,42.601366639832,0,0.18384776310850237,0.0,5.273611253421627e-07,-1.3226865460001025,0.00019072256826202386,5.273614427883731e-07,-1.3226865459998132,0.00019072256812917125,0.18314434158536042,0.18314434158535844
1.7899999999999137,balance_extension,9.255391543739888e-06,2.6688863657214847e-12,9.255391543740273e-06,0.23256818361038542,-1.2894514524132934e-13,0.0022543429557640195,-5.394220739762124e-12,0.0,-5.394220739762124e-12,1.5086241632769867e-11,0.0,0.0022543451366033957,2,True,42.601363376305265,0,0.18384776310850237,0.0,5.470732384901404e-07,-1.3226837179701936,0.00018204510024666978,5.470735585913044e-07,-1.3226837179699011,0.00018204510011559608,0.183144183392456,0.18314418339245428
1.7999999999999126,balance_extension,6.572569757505953e-06,2.668754251584026e-12,6.572569757506495e-06,0.23256815368988087,-8.934959493341385e-14,0.00216176433806397,-5.139776365245043e-12,0.0,-5.139776365245043e-12,1.5078262115691054e-11,0.0,0.002161766336981888,2,True,42.601360097181214,0,0.18384776310850237,0.0,5.646270357067179e-07,-1.3226809917547604,0.0001736656782474442,5.64627363075018e-07,-1.322680991754511,0.00017366567811620244,0.18314403059117235,0.18314403059117085
1.8099999999999115,balance_extension,4.060930040185158e-06,2.668633529753474e-12,4.060930040186035e-06,0.23256812485409137,-5.257615972765095e-14,0.002072032128199432,-4.885331990727962e-12,0.0,-4.885331990727962e-12,1.496686318320355e-11,0.0,0.002072034060550149,2,True,42.6013568087062,0,0.18384776310850237,0.0,5.801373703372083e-07,-1.3226783648004987,0.0001655774274915617,5.801377031401124e-07,-1.3226783648002705,0.00016557742735795607,0.183143883058294,0.18314388305829266
1.8199999999999104,balance_extension,1.712876600704387e-06,2.6685203686682097e-12,1.7128766007064657e-06,0.2325680970754947,-1.7679214970434386e-14,0.0019850949140887164,-4.63088761621088e-12,0.0,-4.63088761621088e-12,1.485442269459192e-11,0.0,0.0019850973527703896,2,True,42.60135351671853,0,0.18384776310850237,0.0,5.937148004488428e-07,-1.3226758345693652,0.00015777347787815626,5.937151329029591e-07,-1.3226758345691483,0.00015777347774716978,0.1831437406706141,0.18314374067061287
1.8299999999999093,balance_extension,-4.789319645589576e-07,2.6684142249586595e-12,4.789319645663912e-07,0.23256807032672638,1.5431292871869417e-14,0.0019009004284135619,-4.376443241693799e-12,0.0,-4.376443241693799e-12,1.4939419774302245e-11,0.0,0.0019009039677952196,2,True,42.60135022667648,0,0.18384776310850237,0.0,6.054656882726423e-07,-1.3226733985416623,0.0001502469744326753,6.054660161268412e-07,-1.322673398541315,0.00015024697431432785,0.18314360330513035,0.1831436033051295
1.8399999999999082,balance_extension,-2.5215882546336866e-06,2.6683254129985782e-12,2.521588254635098e-06,0.23256804458061506,4.4168317418002496e-14,0.0018193956817576312,-4.121998867176718e-12,0.0,-4.121998867176718e-12,1.470326036670005e-11,0.0,0.001819395646680193,2,True,42.601346943641275,0,0.18384776310850237,0.0,6.154922921434701e-07,-1.3226710542185407,0.00014299108699734197,6.154926401707886e-07,-1.3226710542183753,0.00014299108685804986,0.1831434708392259,0.18314347083922508
1.849999999999907,balance_extension,-4.4219416614325e-06,2.66823451274187e-12,4.421941661433305e-06,0.23256801981021535,7.352845187103551e-14,0.0017405270884183182,-3.867554492659636e-12,0.0,-3.867554492659636e-12,1.4561456506921266e-11,0.0,0.0017405274635475512,2,True,42.601343672350666,0,0.18384776310850237,0.0,6.23892921038523e-07,-1.3226687991245782,0.00013599901925205677,6.238932533415896e-07,-1.3226687991244344,0.00013599901913756914,0.18314334315083675,0.18314334315083614
1.859999999999906,balance_extension,-6.186603972182187e-06,2.6681488942607215e-12,6.186603972182763e-06,0.2325679959888373,1.0147512918182104e-13,0.001664240585161504,-3.613110118142555e-12,0.0,-3.613110118142555e-12,1.4440182121861817e-11,0.0,0.0016642413707247815,2,True,42.60134041719854,0,0.18384776310850237,0.0,6.307619374119037e-07,-1.3226666308105566,0.00012926401707297842,6.307622669464127e-07,-1.3226666308103792,0.0001292640169595698,0.18314322011861012,0.18314322011860965
1.8699999999999048,balance_extension,-7.821954967751536e-06,2.6680769529970373e-12,7.821954967751991e-06,0.23256797309007393,1.25882975786046e-13,0.0015904817431696703,-3.358665743625474e-12,0.0,-3.358665743625474e-12,1.4325816739997933e-11,0.0,0.0015904817699959198,2,True,42.60133718224882,0,0.18384776310850237,0.0,6.361899426286322e-07,-1.3226645468547569,0.0001227793763530131,6.361902727652663e-07,-1.3226645468545757,0.00012277937623352377,0.18314310162204758,0.18314310162204728
1.8799999999999037,balance_extension,-9.33414800850691e-06,2.6680147895807203e-12,9.334148008507291e-06,0.23256795108782613,1.47827346927183e-13,0.0015191958734283744,-3.1042213691083922e-12,0.0,-3.1042213691083922e-12,1.4150035973033325e-11,0.0,0.0015191961032164814,2,True,42.60133397125772,0,0.18384776310850237,0.0,6.402638476272034e-07,-1.3226625448653755,0.00011653845005124921,6.402641819699864e-07,-1.3226625448652196,0.00011653844993142189,0.18314298754163705,0.1831429875416369
1.8899999999999026,balance_extension,-1.0729115599796706e-05,2.6679588657893015e-12,1.0729115599797038e-05,0.2325679299563249,1.6819279914790361e-13,0.0014503281258051344,-2.849776994591311e-12,0.0,-2.849776994591311e-12,1.4006853354732263e-11,0.0,0.0014503294956265372,2,True,42.601330787693236,0,0.18384776310850237,0.0,6.43066980883051e-07,-1.3226606224822606,0.00011053465487446964,6.430673121689192e-07,-1.3226606224821122,0.00011053465476000223,0.18314287775897672,0.18314287775897667
1.8999999999999015,balance_extension,-1.201257492979354e-05,2.6679085936889933e-12,1.2012574929793836e-05,0.2325679096701516,1.8710123271815346e-13,0.0013838235820639421,-2.59533262007423e-12,0.0,-2.59533262007423e-12,1.3803691354250401e-11,0.0,0.001383825128850286,2,True,42.60132763474869,0,0.18384776310850237,0.0,6.446791663319935e-07,-1.3226587773783551,0.00010476147726133476,6.446794973890408e-07,-1.3226587773782232,0.00010476147714887481,0.18314277215688707,0.1831427721568872
1.9099999999999004,balance_extension,-1.3190033372898238e-05,2.6678639336067668e-12,1.3190033372898507e-05,0.23256789020425633,2.0454994186347819e-13,0.001319627343051004,-2.3408882455571482e-12,0.0,-2.3408882455571482e-12,1.3655459767973828e-11,0.0,0.0013196289054701776,2,True,42.601324515350164,0,0.18384776310850237,0.0,6.451768548052243e-07,-1.322657007261317,9.921247893193545e-05,6.451771848660999e-07,-1.322657007261179,9.921247881498674e-05,0.1831426706195126,0.18314267061951284
1.9199999999998993,balance_extension,-1.4266793952450151e-05,2.6678189916999943e-12,1.42667939524504e-05,0.23256787153397407,2.2200938596036008e-13,0.0012576846102754986,-2.086443871040067e-12,0.0,-2.086443871040067e-12,1.3272641093097041e-11,0.0,0.0012576865368238042,2,True,42.60132143216855,0,0.18384776310850237,0.0,6.446332142133777e-07,-1.3226553098745357,9.388130197216708e-05,6.446335337472126e-07,-1.322655309874446,9.388130186130963e-05,0.18314257303241607,0.18314257303241638
1.9299999999998982,balance_extension,-1.5247960756954115e-05,2.6677797611982322e-12,1.5247960756954349e-05,0.23256785363503912,2.3787792576922365e-13,0.0011979407621264381,-1.831999496522986e-12,0.0,-1.831999496522986e-12,1.3219999029201681e-11,0.0,0.0011979417872466662,2,True,42.60131838764681,0,0.18384776310850237,0.0,6.43118202323931e-07,-1.322653682998608,8.876167335986786e-05,6.431185185585522e-07,-1.3226536829984852,8.87616732629625e-05,0.18314247928266372,0.18314247928266403
1.9399999999998971,balance_extension,-1.613844430446888e-05,2.667752262658793e-12,1.61384443044691e-05,0.23256783648359783,2.5070996874000116e-13,0.001140341424935273,-1.5775551220059043e-12,0.0,-1.5775551220059043e-12,1.2962272879104424e-11,0.0,0.0011403418365747533,2,True,42.60131538398913,0,0.18384776310850237,0.0,6.406986986605252e-07,-1.3226521244520015,8.384740918854547e-05,6.406990158973693e-07,-1.3226521244519078,8.384740908560972e-05,0.1831423892589009,0.1831423892589013
1.949999999999896,balance_extension,-1.694296685027697e-05,2.6677291939586253e-12,1.694296685027718e-05,0.2325678200562195,2.6240295457789707e-13,0.0010848325391065927,-1.323110747488823e-12,0.0,-1.323110747488823e-12,1.2729541598635966e-11,0.0,0.0010848332312941402,2,True,42.6013124231943,0,0.18384776310850237,0.0,6.37438591480746e-07,-1.3226506320922542,7.913241830332621e-05,6.374389076211229e-07,-1.322650632092176,7.913241819883847e-05,0.18314230285142197,0.18314230285142258
1.959999999999895,balance_extension,-1.7666067633331247e-05,2.667711280896154e-12,1.766606763333145e-05,0.23256780432990615,2.727296229164954e-13,0.0010313604205242604,-1.297666310037115e-12,0.0,-1.297666310037115e-12,1.2522196494202188e-11,0.0,0.0010313617451291315,2,True,42.60130950705462,0,0.18384776310850237,0.0,6.333988564530911e-07,-1.3226492038164903,7.461070571130555e-05,6.333991699440438e-07,-1.322649203816383,7.461070561231786e-05,0.18314221995223212,0.1831422199522328
1.9699999999998938,balance_extension,-1.831210805739115e-05,2.667695490967184e-12,1.8312108057391343e-05,0.23256778928210034,2.824874423283784e-13,0.0009798718174400616,-1.297666310037115e-12,0.0,-1.297666310037115e-12,1.229319390753218e-11,0.0,0.000979872558394856,2,True,42.60130663717034,0,0.18384776310850237,0.0,6.286376657127873e-07,-1.322647837562131,7.027637552353409e-05,6.286379748680155e-07,-1.3226478375620874,7.02763754278986e-05,0.18314214045510155,0.18314214045510216
1.9799999999998927,balance_extension,-1.8885276803126704e-05,2.667683533774795e-12,1.8885276803126894e-05,0.23256777489069227,2.9118192291041225e-13,0.0009303139630425021,-1.297666310037115e-12,0.0,-1.297666310037115e-12,1.2084821168792037e-11,0.0,0.000930314797422066,2,True,42.60130381496115,0,0.18384776310850237,0.0,6.23210477542488e-07,-1.3226465313076257,6.612363353844029e-05,6.232107799006834e-07,-1.3226465313075524,6.612363344467813e-05,0.1831420642556134,0.18314206425561416
1.9899999999998916,balance_extension,-1.938959486781608e-05,2.6676754481140585e-12,1.9389594867816264e-05,0.232567761134025,2.9879556788993165e-13,0.0008826346239009335,-1.297666310037115e-12,0.0,-1.297666310037115e-12,1.1887483388979219e-11,0.0,0.0008826372077409785,2,True,42.601301041670204,0,0.18384776310850237,0.0,6.171701164163955e-07,-1.3226452830725925,6.214678956453174e-05,6.171704144806794e-07,-1.322645283072516,6.214678947251686e-05,0.18314199125120692,0.18314199125120764
1.9999999999998905,balance_extension,-1.9828920529622082e-05,2.667674625531174e-12,1.9828920529622262e-05,0.23256774799089897,3.044902383071984e-13,0.0008367821444707153,-1.297666310037115e-12,0.0,-1.297666310037115e-12,1.1678440018218444e-11,0.0,0.0008367835463430804,2,True,42.60129831838972,0,0.18384776310850237,0.0,6.105668792003912e-07,-1.3226440909183685,5.83402593114515e-05,6.105671780057612e-07,-1.3226440909183195,5.834025921763091e-05,0.1831419213412131,0.18314192134121404
2.0099999999998897,balance_extension,-2.0206954754669604e-05,2.6676777414981792e-12,2.020695475466978e-05,0.23256773546039464,3.0915958426282744e-13,0.0007927074592559437,-1.297666310037115e-12,0.0,-1.297666310037115e-12,1.1476645744572523e-11,0.0,0.0007927098652390297,2,True,42.6013045525178,0,0.18384776323841992,5.1868758869577293e-08,6.32705599212486e-07,-1.3226434291398796,5.4683927496883446e-05,6.327058951999536e-07,-1.3226434291398315,5.4683927406334946e-05,0.18314185444822198,0.18314185444822298
2.0199999999998886,balance_extension,-2.0527252041252786e-05,2.6676811764404014e-12,2.052725204125296e-05,0.23256772406428938,3.1367930495792226e-13,0.0007503877798516075,-1.297666310037115e-12,0.0,-1.297666310037115e-12,1.1228748739544766e-11,0.0,0.0007503893269511984,2,True,42.601365523763626,0,0.18384776517145637,4.110176042372949e-07,7.835047734604565e-07,-1.3226455884938053,5.1129443276507356e-05,7.835050587076106e-07,-1.322645588493784,5.1129443190178734e-05,0.1831417910494874,0.1831417910494884
2.0299999999998875,balance_extension,-2.0793230007178108e-05,2.6676855528893707e-12,2.079323000717828e-05,0.2325677162483602,3.1782300435225665e-13,0.0007098371710869589,-1.297666310037115e-12,0.0,-1.297666310037115e-12,1.0913659785109525e-11,0.0,0.0007098397528587131,2,True,42.60151158699756,0,0.18384777347253925,1.3739024852231069e-06,1.1163821604099964e-06,-1.3226520798255232,4.7703531266504124e-05,1.1163824374279917e-06,-1.3226520798255106,4.7703531183035654e-05,0.18314173361567124,0.18314173361567213
2.0399999999998863,balance_extension,-2.1008186031902156e-05,2.667691502489978e-12,2.1008186031902325e-05,0.23256771734753776,3.214390983837312e-13,0.0006710833140792218,-1.297666310037115e-12,0.0,-1.297666310037115e-12,1.0719419028921747e-11,0.0,0.0006710823791499886,2,True,42.60174941239406,0,0.18384779561204978,3.2251560453033553e-06,1.6580003760432067e-06,-1.3226633220804331,4.4475196951878346e-05,1.65800064233211e-06,-1.3226633220803787,4.447519687901462e-05,0.18314168753641577,0.1831416875364168
2.0499999999998852,balance_extension,-2.117532371099049e-05,2.6677064958682633e-12,2.117532371099066e-05,0.2325677358106105,3.2265010026831227e-13,0.0006341530429796918,-1.297666310037115e-12,0.0,-1.297666310037115e-12,1.0455083126093676e-11,0.0,0.0006341544207666606,2,True,42.60207620787663,0,0.18384784184753966,6.237579028598724e-06,2.4219706489324563e-06,-1.322679241686076,4.149136834966972e-05,2.421970912279753e-06,-1.3226792416860516,4.149136827350528e-05,0.1831416612904557,0.18314166129045667
2.059999999999884,balance_extension,-2.1297769986407946e-05,2.6677252966073737e-12,2.1297769986408112e-05,0.23256778311306328,3.228226156375841e-13,0.0005990670982975669,-1.297666310037115e-12,0.0,-1.297666310037115e-12,1.018758760984142e-11,0.0,0.0005990656576355081,2,True,42.602486968650425,0,0.18384792510540554,1.067214043760416e-05,3.416046168932703e-06,-1.322699608537163,3.8768843160289816e-05,3.4160464193964524e-06,-1.3226996085371203,3.8768843091485316e-05,0.18314166633577958,0.1831416663357805
2.069999999999883,balance_extension,-2.1378580990774846e-05,2.6677492974593117e-12,2.1378580990775012e-05,0.23256787359413178,3.215636206972945e-13,0.0005658389734572938,-1.297666310037115e-12,0.0,-1.297666310037115e-12,9.920948402357468e-12,0.0,0.0005658406981944847,2,True,42.60297669489602,0,0.18384806086260858,1.6777986338447907e-05,4.645596957843558e-06,-1.3227241534505214,3.630784263511899e-05,4.645597194035396e-06,-1.3227241534504515,3.630784257568292e-05,0.18314171694794554,0.18314171694794656
2.079999999999882,balance_extension,-2.14207419614403e-05,2.667786299305234e-12,2.1420741961440466e-05,0.23256802429127738,3.168979845036123e-13,0.0005344750913192556,-1.297666310037115e-12,0.0,-1.297666310037115e-12,9.679392333174426e-12,0.0,0.0005344752590272068,2,True,42.60354076108582,0,0.18384826702852453,2.4792457206440753e-05,6.114952356157687e-06,-1.322752594990819,3.410233382028027e-05,6.114952585590529e-06,-1.3227525949907513,3.410233375874575e-05,0.18314183006376325,0.1831418300637643
2.089999999999881,balance_extension,-2.142716512664276e-05,2.667832203326275e-12,2.1427165126642926e-05,0.23256825478484516,3.099319490943311e-13,0.000504975281884822,-1.297666310037115e-12,0.0,-1.297666310037115e-12,9.304602710665627e-12,0.0,0.0005049766189229206,2,True,42.60417485200081,0,0.18384856382700998,3.494111370141392e-05,7.827817537782682e-06,-1.322784641434584,3.214451740137928e-05,7.827817756168924e-06,-1.3227846414345574,3.2144517342730174e-05,0.18314202513477612,0.18314202513477712
2.0999999999998797,balance_extension,-2.140068723088004e-05,2.6678859512500997e-12,2.1400687230880207e-05,0.2325685870514537,3.008949005009525e-13,0.00047733327684090613,-1.297666310037115e-12,0.0,-1.297666310037115e-12,9.00060025017942e-12,0.0,0.0004773373553817069,2,True,42.604874865006806,0,0.1838489736787676,4.743777075914546e-05,9.787376197915692e-06,-1.3228199889181587,3.042623732985095e-05,9.787376400568687e-06,-1.322819988918097,3.0426237276445484e-05,0.18314232398691419,0.18314232398691505
2.1099999999998786,balance_extension,-2.134406721143693e-05,2.6679542625198085e-12,2.1344067211437097e-05,0.23256904532347153,2.8804865331619797e-13,0.0004515371676978526,-1.297666310037115e-12,0.0,-1.297666310037115e-12,8.64818947517218e-12,0.0,0.00045153649768981904,2,True,42.60563684442925,0,0.1838495210840936,6.2484539882042e-05,1.19963092228981e-05,-1.3228583201832478,2.8939296530136243e-05,1.1996309414885823e-05,-1.3228583201831596,2.893929647553048e-05,0.18314275068395025,0.1831427506839511
2.1199999999998775,balance_extension,-2.1259984131909853e-05,2.668035093832315e-12,2.125998413191002e-05,0.23256965595284362,2.719838896756971e-13,0.00042756982680297546,-1.297666310037115e-12,0.0,-1.297666310037115e-12,8.342502970809535e-12,0.0,0.0004275692965011763,2,True,42.60645694263469,0,0.18385023250608865,8.02718795091752e-05,1.4456796695650275e-05,-1.3228993041772417,2.7675487027841608e-05,1.4456796875112158e-05,-1.3228993041771837,2.7675486976897753e-05,0.18314333139381103,0.18314333139381186
2.1299999999998764,balance_extension,-2.1151035373852327e-05,2.6681281129575407e-12,2.1151035373852496e-05,0.23257044727826393,2.5274995335529814e-13,0.0004054092974558633,-1.297666310037115e-12,0.0,-1.297666310037115e-12,8.0572104053319e-12,0.0,0.0004054139461993037,2,True,42.60733139711402,0,0.18385113625441218,0.0001009786533427718,1.717051879805314e-05,-1.3229425961946155,2.6626572439767868e-05,1.7170518957851264e-05,-1.3229425961945023,2.6626572401331844e-05,0.1831440942573783,0.18314409425737901
2.1399999999998753,balance_extension,-2.101973507079204e-05,2.66824093610099e-12,2.101973507079221e-05,0.23257144949510153,2.2840189479943703e-13,0.00038502915830926105,-1.297666310037115e-12,0.0,-1.297666310037115e-12,7.627231368412763e-12,0.0,0.00038503014356328286,2,True,42.608256516861346,0,0.18385226236965946,0.0001247721965053238,2.0138658239224316e-05,-1.3229878383274565,2.5784273250606928e-05,2.013865838368815e-05,-1.3229878383273332,2.578427320815319e-05,0.18314506925958823,0.18314506925958884
2.1499999999998742,balance_extension,-2.0868512770228528e-05,2.6683709475050177e-12,2.0868512770228697e-05,0.23257269452771925,1.996212460458393e-13,0.00036639886580560623,-1.297666310037115e-12,0.0,-1.297666310037115e-12,7.29629436885446e-12,0.0,0.00036639723632596045,2,True,42.60922867423483,0,0.18385364250843853,0.00015180838939862087,2.3361904328359036e-05,-1.3230346600961662,2.5140259973921954e-05,2.3361904453024142e-05,-1.3230346600960115,2.514025994176226e-05,0.1831462881026939,0.18314628810269443
2.159999999999873,balance_extension,-2.0699712312197605e-05,2.668517931707294e-12,2.0699712312197778e-05,0.23257421590396118,1.6649075900434573e-13,0.0003494840773801684,-1.297666310037115e-12,0.0,-1.297666310037115e-12,6.818367329050536e-12,0.0,0.00034948241578939903,2,True,42.61024430001379,0,0.18385530982922416,0.00018223173913321165,2.6840458348350855e-05,-1.3230826791825159,2.4686152535717354e-05,2.6840458450738327e-05,-1.323082679182385,2.468615249931284e-05,0.18314778408159021,0.18314778408159046
2.169999999999872,balance_extension,-2.051559091510912e-05,2.6686841054302354e-12,2.0515590915109293e-05,0.23257604863166673,1.283856436386582e-13,0.0003342469574987948,-1.297666310037115e-12,0.0,-1.297666310037115e-12,6.45803371954416e-12,0.0,0.0003342499291264225,2,True,42.611299880388266,0,0.18385729887906285,0.0002161754683940761,3.0574040066394906e-05,-1.323131502222088,2.4413523670637183e-05,3.057404013942022e-05,-1.3231315022218806,2.4413523646097676e-05,0.1831495919611112,0.1831495919611113
2.179999999999871,balance_extension,-2.0318318460829963e-05,2.6688765365345266e-12,2.031831846083014e-05,0.23257822907711992,8.352455133745504e-14,0.0003206464680845749,-1.297666310037115e-12,0.0,-1.297666310037115e-12,5.941087269813845e-12,0.0,0.00032065992370479976,2,True,42.61239195505836,0,0.18385964548120362,0.00025376161160563747,3.456189507078735e-05,-1.3231807256277646,2.4313905222832506e-05,3.4561895124334426e-05,-1.323180725627567,2.4313905196287117e-05,0.18315174785524274,0.18315174785524263
2.18999999999987,balance_extension,-2.0109976971755974e-05,2.66909270844891e-12,2.010997697175615e-05,0.23258079484537555,3.261152732187224e-14,0.0003086386445720639,-1.297666310037115e-12,0.0,-1.297666310037115e-12,5.443525804104943e-12,0.0,0.00030865186728070706,2,True,42.613517116055526,0,0.18386238662372592,0.00029510111825665656,3.88028028599739e-05,-1.3232299364302567,2.4378796066846116e-05,3.880280288549643e-05,-1.3232299364300202,2.4378796050519847e-05,0.18315428910819806,0.18315428910819773
2.1999999999998687,balance_extension,-1.9892560272955585e-05,2.669336866737649e-12,1.9892560272955765e-05,0.232583784662423,-2.548479087202782e-14,0.00029817685861459087,-1.297666310037115e-12,0.0,-1.297666310037115e-12,4.983638264743765e-12,0.0,0.00029818098070765744,2,True,42.61467200702913,0,0.18386556034923632,0.00034029396324304476,4.329508542067807e-05,-1.3232787131253958,2.4599671363991133e-05,4.3295085417175e-05,-1.3232787131251031,2.4599671344457686e-05,0.18315725417732526,0.18315725417732462
2.2099999999998676,balance_extension,-1.9667973832667504e-05,2.669610339409015e-12,1.9667973832667687e-05,0.23258723825916522,-9.106074625192901e-14,0.0002892120682961972,-1.297666310037115e-12,0.0,-1.297666310037115e-12,4.336340123547452e-12,0.0,0.0002892113332330208,2,True,42.615853322872155,0,0.18386920564570297,0.0003894292640841897,4.803661634837831e-05,-1.3233266265238603,2.4967992517999835e-05,4.803661631217479e-05,-1.323326626523588,2.4967992507965408e-05,0.1831606825178255,0.18316068251782452
2.2199999999998665,balance_extension,-1.9438034774455612e-05,2.6699127526881135e-12,1.9438034774455795e-05,0.2325911962572004,-1.6405053660835186e-13,0.00028169305662880236,-1.297666310037115e-12,0.0,-1.297666310037115e-12,3.82680507790354e-12,0.0,0.000281688379269747,2,True,42.617057809623134,0,0.183873362338496,0.00044258540486602493,5.302483032905589e-05,-1.323373240600457,2.547521750909356e-05,5.302483025388804e-05,-1.3233732406000858,2.5475217502220694e-05,0.18316461446926954,0.18316461446926824
2.2299999999998654,balance_extension,-1.920447205427314e-05,2.6702496404841155e-12,1.9204472054273327e-05,0.23259570005640193,-2.458794195394846e-13,0.00027556665899633475,-1.297666310037115e-12,0.0,-1.297666310037115e-12,3.178706797587638e-12,0.0,0.0002755613135459499,2,True,42.618282264558545,0,0.18387807098370032,0.0004998301667617848,5.8256733031046046e-05,-1.3234181133394132,2.6112811582724114e-05,5.8256732918357724e-05,-1.323418113339016,2.6112811588667006e-05,0.18316909114390625,0.18316909114390456
2.2399999999998643,balance_extension,-1.8968926795661085e-05,2.670624274784097e-12,1.8968926795661275e-05,0.2326007917243017,-3.373622884116786e-13,0.00027077798016206803,-1.297666310037115e-12,0.0,-1.297666310037115e-12,2.5622085265479124e-12,0.0,0.0002707701089625464,2,True,42.61952353648216,0,0.18388337276276603,0.0005612208649791656,6.372891127666701e-05,-1.3234607975756927,2.6872258087953708e-05,6.3728911126348e-05,-1.32346079757519,2.687225809697107e-05,0.18317415431676762,0.1831741543167656
2.249999999999863,balance_extension,-1.8732952776195864e-05,2.6710416196421715e-12,1.8732952776196053e-05,0.2326065138872849,-4.3969840706709564e-13,0.00026727060137820093,-1.297666310037115e-12,0.0,-1.297666310037115e-12,1.841766193699651e-12,0.0,0.0002672638818085283,2,True,42.62077852614211,0,0.18388930937855963,0.0006268044919804788,6.943754351553394e-05,-1.3235008418291958,2.7745069361665377e-05,6.943754332514997e-05,-1.3235008418286907,2.7745069375333372e-05,0.18317984631758014,0.18317984631757758
2.259999999999862,balance_extension,-1.849801705826574e-05,2.6715013919589842e-12,1.8498017058265934e-05,0.23261290962361197,-5.528386796987999e-13,0.00026498677810663684,-1.297666310037115e-12,0.0,-1.297666310037115e-12,1.112428877193707e-12,0.0,0.0002649767354998779,2,True,42.62204418680268,0,0.1838959229528783,0.0006966178668203105,7.537841056487163e-05,-1.3235377911324455,2.8722797655749137e-05,7.537841032552533e-05,-1.3235377911318786,2.8722797678355457e-05,0.18318620992449444,0.18318620992449133
2.269999999999861,balance_extension,-1.8265500757174407e-05,2.6720076640025177e-12,1.8265500757174603e-05,0.23262002235828658,-6.778511499905165e-13,0.0002638676287961024,-1.297666310037115e-12,0.0,-1.297666310037115e-12,3.8314660808806635e-13,0.0,0.00026386026133268497,2,True,42.62331752487313,0,0.18390325592548729,0.000770687790443213,8.154690654838762e-05,-1.3235711878488563,2.9797045926828444e-05,8.154690625961029e-05,-1.3235711878481657,2.9797045957700667e-05,0.1831932882596529,0.1831932882596492
2.27999999999986,balance_extension,-1.8036699939519638e-05,2.6725665658467152e-12,1.8036699939519835e-05,0.2326278957597911,-8.162484708247451e-13,0.0002638533151339338,-1.297666310037115e-12,0.0,-1.297666310037115e-12,-4.947311371745418e-13,0.0,0.0002638505922003579,2,True,42.6245956006834,0,0.18391135095473965,0.0008490312067820458,8.793805006093201e-05,-1.3236005724819842,3.095947853206322e-05,8.793804972320175e-05,-1.3236005724812772,3.0959478566020755e-05,0.18320112468661712,0.18320112468661268
2.289999999999859,balance_extension,-1.781282664476448e-05,2.6731801405181734e-12,1.781282664476468e-05,0.23263657363871657,-9.685582368586144e-13,0.00026488321414471665,-1.297666310037115e-12,0.0,-1.297666310037115e-12,-1.2593392112628883e-12,0.0,0.00026487905988582913,2,True,42.625875529280904,0,0.18392025081983512,0.0009316553694957386,9.454649552953804e-05,-1.3236254844745086,3.2201831770579074e-05,9.454649513815624e-05,-1.3236254844736526,3.220183181411944e-05,0.18320976270967923,0.18320976270967396
2.2999999999998577,balance_extension,-1.759501002290037e-05,2.673851583665893e-12,1.7595010022900573e-05,0.23264609984831328,-1.1355364795081467e-12,0.0002668960824746946,-1.297666310037115e-12,0.0,-1.297666310037115e-12,-2.2180003992930206e-12,0.0,0.0002668940663285419,2,True,42.62715448128293,0,0.18392999832477405,0.0010185580141834993,0.0001013665446929939,-1.3236454629950447,3.3515924226516086e-05,0.00010136654424372225,-1.323645462994135,3.351592428010863e-05,0.183219245875083,0.18321924587507696
2.3099999999998566,balance_extension,-1.7384297581095113e-05,2.6745796812058663e-12,1.738429758109532e-05,0.23265651818699248,-1.316915219439998e-12,0.00026983021317906054,-1.297666310037115e-12,0.0,-1.297666310037115e-12,-3.2441619030802183e-12,0.0,0.00026982759352909544,2,True,42.62842968382222,0,0.18394063620405987,0.0011097275359108008,0.00010839215824851626,-1.3236600477139837,3.489366684071422e-05,0.0001083921577355326,-1.3236600477129772,3.4893666908079494e-05,0.1832296176741886,0.18322961767418178
2.3199999999998555,balance_extension,-1.7181656532207326e-05,2.6753749421051263e-12,1.7181656532207533e-05,0.23266787230281052,-1.5153939868878225e-12,0.0002736235852943297,-1.297666310037115e-12,0.0,-1.297666310037115e-12,-4.268513890337417e-12,0.0,0.0002736181368703833,2,True,42.62969842145683,0,0.18395220703020315,0.00120514317188088,0.00011561696762695485,-1.3236687795659194,3.6327072650951816e-05,0.00011561696705742203,-1.323668779564794,3.632707271953324e-05,0.18324092144860446,0.1832409214485967
2.3299999999998544,balance_extension,-1.698797523810823e-05,2.6762346678043054e-12,1.698797523810844e-05,0.23268020559996633,-1.7302277948174913e-12,0.00027821400645540114,-1.297666310037115e-12,0.0,-1.297666310037115e-12,-5.3334500288655455e-12,0.0,0.00027820709138271947,2,True,42.63095803715245,0,0.18396475312307697,0.0013047751890839644,0.0001230342868734896,-1.323671201498763,3.780826638929425e-05,0.0001230342862288152,-1.3236712014975258,3.780826647297319e-05,0.18325320029732364,0.18325320029731465
2.3399999999998533,balance_extension,-1.6804064740772565e-05,2.677164366308078e-12,1.6804064740772778e-05,0.23269356114734607,-1.9628404719960985e-12,0.000283539248800767,-1.297666310037115e-12,0.0,-1.297666310037115e-12,-6.517039419703324e-12,0.0,0.0002835299882808893,2,True,42.63220593326266,0,0.18397831646117319,0.001408585076754983,0.00013063712457814415,-1.3236668592092582,3.932949352311078e-05,0.0001306371238584288,-1.3236668592079055,3.932949361663352e-05,0.1832664969858934,0.18326649698588346
2.349999999999852,balance_extension,-1.6630660374138258e-05,2.678169489764696e-12,1.6630660374138475e-05,0.23270798158914854,-2.214633786548965e-12,0.00028953717838451964,-1.297666310037115e-12,0.0,-1.297666310037115e-12,-7.69567664461844e-12,0.0,0.0002895274711657249,2,True,42.63343957249464,0,0.18399293859480662,0.0015165257434691618,0.0001384181959546539,-1.323655301863546,4.08831291337789e-05,0.00013841819515925954,-1.323655301862063,4.08831292341616e-05,0.18328085385765364,0.18328085385764228
2.359999999999851,balance_extension,-1.6468423449863504e-05,2.6792559549037493e-12,1.646842344986372e-05,0.23272350905762287,-2.4870823130733376e-12,0.0002961458782941801,-1.297666310037115e-12,0.0,-1.297666310037115e-12,-8.974584352760553e-12,0.0,0.0002961302538304901,2,True,42.63465647891004,0,0.1840086605613125,0.0016285417187036145,0.00014636993491941116,-1.3236360828030393,4.2461686296962144e-05,0.00014636993404555415,-1.323636082801429,4.246168641506906e-05,0.18329631274707328,0.18329631274706068
2.36999999999985,balance_extension,-1.6317943010133522e-05,2.680427764436073e-12,1.6317943010133742e-05,0.2327401850879545,-2.781146953886317e-12,0.0003033037656738506,-1.297666310037115e-12,0.0,-1.297666310037115e-12,-1.0254695636233564e-11,0.0,0.00030328558827119465,2,True,42.63585423887963,0,0.18402552280228138,0.0017445693586918291,0.00015448450627424164,-1.3236087602349973,4.405782408298121e-05,0.00015448450531976277,-1.3236087602332272,4.405782421083337e-05,0.18331291489522106,0.18331291489520707
2.379999999999849,balance_extension,-1.6179737640815063e-05,2.6816874422066926e-12,1.6179737640815287e-05,0.23275805053533002,-3.097456430385078e-12,0.0003109497028151933,-1.297666310037115e-12,0.0,-1.297666310037115e-12,-1.1563818756497272e-11,0.0,0.0003109506444755278,2,True,42.63703050205642,0,0.18404356508287315,0.0018645370563968155,0.00016275381786994757,-1.3235728979069286,4.566435521769151e-05,0.00016275381683006547,-1.3235728979049532,4.56643553647515e-05,0.1833307008674005,0.183330700867385
2.389999999999848,balance_extension,-1.6054257338364437e-05,2.6830415559146564e-12,1.605425733836466e-05,0.23277714549421513,-3.4376411362627468e-12,0.0003190231024945446,-1.348555184940531e-12,0.0,-1.348555184940531e-12,-1.301522346448193e-11,0.0,0.00031901900927398347,2,True,42.638182982327514,0,0.18406282641325064,0.001988365455427663,0.00017116953284502005,-1.3235280657653634,4.727425321613853e-05,0.0001711695317191468,-1.323528065763252,4.7274253363736175e-05,0.1833497104729862,0.18334971047296902
2.3999999999998467,balance_extension,-1.594188542400106e-05,2.684484541393094e-12,1.5941885424001288e-05,0.2327975092198766,-3.800279801667526e-12,0.00032746402770581433,-1.6029995594576124e-12,0.0,-1.6029995594576124e-12,-1.4532121021906087e-11,0.0,0.0003274541943716622,2,True,42.639309458699564,0,0.18408334497217155,0.0021159676677232303,0.0001797230818892256,-1.3234738405978546,4.888065917605419e-05,0.00017972308066018425,-1.3234738405955802,4.8880659346659905e-05,0.18336998268748098,0.1833699826874621
2.4099999999998456,balance_extension,-1.5842940498864713e-05,2.686025466808676e-12,1.584294049886494e-05,0.2328191800521802,-4.187756874289089e-12,0.00033621328591985455,-1.8574439339746936e-12,0.0,-1.8574439339746936e-12,-1.611832066544719e-11,0.0,0.0003362004082904309,2,True,42.640407776224706,0,0.18410515803277513,0.00224724949482586,0.00018840567545325355,-1.3234098066582827,5.047688805699343e-05,0.00018840567412167688,-1.3234098066558233,5.047688824056772e-05,0.18339155557684128,0.18339155557682052
2.4199999999998445,balance_extension,-1.5757678433963585e-05,2.687673416777991e-12,1.5757678433963815e-05,0.2328421953416939,-4.602362291843696e-12,0.00034521251803517277,-2.1118883084917752e-12,0.0,-2.1118883084917752e-12,-1.7740089425244255e-11,0.0,0.0003451949496416253,2,True,42.64147584685624,0,0.18412830189059887,0.0023821096525671855,0.00019720831602750187,-1.3233355562754399,5.2056434557099226e-05,0.00019720831460056444,-1.323335556272768,5.205643475020496e-05,0.1834144662240872,0.18341446622406446
2.4299999999998434,balance_extension,-1.5686294388943e-05,2.6894265226453506e-12,1.568629438894323e-05,0.23286659137812665,-5.04352826255505e-12,0.0003544042821376364,-2.3663326830088564e-12,0.0,-2.3663326830088564e-12,-1.9360260011599893e-11,0.0,0.0003543860040123493,2,True,42.6425116502853,0,0.18415281179385842,0.0025204399989873284,0.00020612181040238645,-1.3232506904442392,5.361297849339155e-05,0.0002061218088673557,-1.3232506904412418,5.3612978708540414e-05,0.18343875065823234,0.1834387506582074
2.4399999999998423,balance_extension,-1.5628924853857608e-05,2.6912896766750284e-12,1.5628924853857842e-05,0.23289240332112982,-5.512494631012759e-12,0.00036373213219857703,-2.620777057525938e-12,0.0,-2.620777057525938e-12,-2.117183664710698e-11,0.0,0.00036372561032794245,2,True,42.643513234721105,0,0.184178721876022,0.0026621257653082165,0.00021513678185299068,-1.3231548193992022,5.514038982870987e-05,0.00021513678020391194,-1.323154819396057,5.514039006304651e-05,0.1834644437855579,0.18346444378553078
2.449999999999841,balance_extension,-1.5585649708348666e-05,2.6932670793873383e-12,1.5585649708348896e-05,0.23291966513348883,-6.010336588083689e-12,0.00037314069183903815,-2.875221432043019e-12,0.0,-2.875221432043019e-12,-2.3029084507059833e-11,0.0,0.00037312936477304585,2,True,42.644478717672236,0,0.18420606509070916,0.002807045789781106,0.00022424368238422137,-1.3230475631717118,5.663273311787626e-05,0.00022424368061784878,-1.3230475631683152,5.663273336844622e-05,0.1834915793232636,0.1834915793232341
2.45999999999984,balance_extension,-1.555649429282042e-05,2.6953639743841154e-12,1.5556494292820655e-05,0.23294840951673013,-6.538360090009769e-12,0.0003825757232696671,-3.1296658065601004e-12,0.0,-3.1296658065601004e-12,-2.4722768935876777e-11,0.0,0.0003825582414777431,2,True,42.645406286655444,0,0.18423487314894169,0.0029550727542279687,0.00023343280489247767,-1.3229285521277387,5.808427153746165e-05,0.00023343280300419363,-1.3229285521240568,5.8084271806502085e-05,0.18352018973550807,0.18352018973547593
2.469999999999839,balance_extension,-1.5541431486413757e-05,2.6975912877964477e-12,1.554143148641399e-05,0.23297866784916815,-7.099296578346935e-12,0.00039198419152819967,-3.384110181077182e-12,0.0,-3.384110181077182e-12,-2.684331236707828e-11,0.0,0.000391976955889563,2,True,42.6462941998876,0,0.18426517645877247,0.0031060734230959463,0.00024269429530201893,-1.3227974274892544,5.9489470565230634e-05,0.00024269429329905893,-1.3227974274853305,5.948947084769501e-05,0.18355030617187995,0.18355030617184523
2.479999999999838,balance_extension,-1.5540383786830634e-05,2.6999400942608205e-12,1.5540383786830868e-05,0.23301047012641427,-7.690804861188594e-12,0.00040131432414798287,-3.6385545555942636e-12,0.0,-3.6385545555942636e-12,-2.8858902221304706e-11,0.0,0.00040130086090909764,2,True,42.64714078690168,0,0.18429700406731683,0.0032599088848438013,0.0002520181646919017,-1.3226538418374565,6.084300101564398e-05,0.00025201816255654045,-1.322653841833256,6.084300131819602e-05,0.18358195840830718,0.18358195840826957
2.489999999999837,balance_extension,-1.555322538724482e-05,2.7024162738654624e-12,1.5553225387245053e-05,0.23304384490436975,-8.314411912142568e-12,0.0004105156663304706,-3.892998930111344e-12,0.0,-3.892998930111344e-12,-3.1098820417969405e-11,0.0,0.0004105133335361127,2,True,42.64794444915648,0,0.18433038360520865,0.0034164347954789946,0.00026139430130805774,-1.3224974595973793,6.213974188887963e-05,0.0002613942990361665,-1.322497459592975,6.213974221090806e-05,0.18361517479043094,0.18361517479039033
2.4999999999998357,balance_extension,-1.5579784245840033e-05,2.705024170529251e-12,1.557978424584027e-05,0.2330788192447225,-8.971271011061761e-12,0.000419539131769195,-4.147443304628426e-12,0.0,-4.147443304628426e-12,-3.3180866259617684e-11,0.0,0.00041953745473617476,2,True,42.648703660591835,0,0.1843653412335018,0.0035755016240639047,0.00027081248257512965,-1.3223279575054057,6.33747825188361e-05,0.000270812480161185,-1.3223279575005693,6.337478286173455e-05,0.18364998217947004,0.18364998217942632
2.5099999999998346,balance_extension,-1.5619844143681053e-05,2.7077716814674845e-12,1.5619844143681287e-05,0.2331154186629647,-9.663315035877036e-12,0.0004283370492283276,-4.4018876791455075e-12,0.0,-4.4018876791455075e-12,-3.545029961300188e-11,0.0,0.00042833152482446595,2,True,42.649416968107985,0,0.18440190159303568,0.0037369549000095753,0.0002802623870679688,-1.3221450250581268,6.454342451057373e-05,0.00028026238451177993,-1.3221450250529547,6.45434248740074e-05,0.1836864059005794,0.1836864059005323
2.5199999999998335,balance_extension,-1.567314672694047e-05,2.7106636704997495e-12,1.5673146726940704e-05,0.23315366707894947,-1.0391704946274244e-11,0.00043686320496641706,-4.656332053662588e-12,0.0,-4.656332053662588e-12,-3.7738798615100714e-11,0.0,0.0004368527068760241,2,True,42.65008299202704,0,0.1844400877562821,0.0039006354619754054,0.0002897336063703532,-1.3219483649432862,6.56411831169193e-05,0.00028973360367156567,-1.321948364937781,6.564118350311515e-05,0.18372446969373268,0.1837244696936821
2.5299999999998324,balance_extension,-1.5739393529727535e-05,2.7136946618776615e-12,1.573939352972777e-05,0.2331935867699997,-1.1154991155536257e-11,0.0004450728811361365,-5.139776365245043e-12,0.0,-5.139776365245043e-12,-4.0168689110113166e-11,0.0,0.00044507327453534046,2,True,42.6507004265075,0,0.18447992118168813,0.004066379708193258,0.00029921565689455646,-1.321737693452759,6.666378836761038e-05,0.00029921565403744316,-1.3217376934469387,6.666378878134301e-05,0.1837641956671365,0.18376419566708235
2.5399999999998313,balance_extension,-1.5818247974027156e-05,2.716879196975527e-12,1.581824797402739e-05,0.23323519832658388,-1.1956944071913515e-11,0.00045292289026254535,-5.648665114279206e-12,0.0,-5.648665114279206e-12,-4.255865087212084e-11,0.0,0.00045291947591529207,2,True,42.651268039900025,0,0.18452142167052873,0.004234019848034589,0.0003086979915984272,-1.3215127408772727,6.760718554278528e-05,0.00030869798859564976,-1.3215127408709868,6.760718596844956e-05,0.18380560425319473,0.1838056042531367
2.54999999999983,balance_extension,-1.5909337343490263e-05,2.7202163217966855e-12,1.5909337343490496e-05,0.23327852061056942,-1.2797164114155312e-11,0.00046037160592162695,-6.157553863313368e-12,0.0,-6.157553863313368e-12,-4.4966251769451543e-11,0.0,0.0004603661187898602,2,True,42.651784675029226,0,0.18456460732628055,0.004403384154639519,0.0003181700117294267,-1.321273251883156,6.846753556897757e-05,0.0003181700085679495,-1.3212732518764896,6.846753602242497e-05,0.18384871416702245,0.1838487141669605
2.559999999999829,balance_extension,-1.6012254728142688e-05,2.7237083691691047e-12,1.6012254728142918e-05,0.23332357071606344,-1.3676213631847869e-11,0.00046737898969716353,-6.666442612347531e-12,0.0,-6.666442612347531e-12,-4.755821230154048e-11,0.0,0.0004673722575609024,2,True,42.652249249492456,0,0.18460949451652642,0.0045742972184269265,0.00032762107835398926,-1.3210189858707893,6.924121485365392e-05,0.00032762107503329886,-1.3210189858637031,6.924121533095918e-05,0.18389354236753658,0.18389354236747035
2.569999999999828,balance_extension,-1.6126560937271544e-05,2.727356250030447e-12,1.6126560937271775e-05,0.23337036393284918,-1.459431692245158e-11,0.0004739066145613065,-7.175331361381694e-12,0.0,-7.175331361381694e-12,-5.02403999418189e-11,0.0,0.0004738982121936956,2,True,42.65266075582663,0,0.1846560978373987,0.0047465802013052375,0.00033704052390474894,-1.3207497173153662,6.992481478992711e-05,0.0003370405204105497,-1.3207497173078933,6.992481529177633e-05,0.1839401040211166,0.18394010402104602
2.579999999999827,balance_extension,-1.625178637804958e-05,2.7311659941342083e-12,1.6251786378049806e-05,0.23341891371242462,-1.5553021503421762e-11,0.0004799176847696959,-7.684220110415856e-12,0.0,-7.684220110415856e-12,-5.292322289299819e-11,0.0,0.0004799073740833427,2,True,42.65301826168917,0,0.18470443008056756,0.004920051091403846,0.00034641766360657075,-1.3204652360893325,7.051514095797039e-05,0.0003464176599433667,-1.3204652360813873,7.051514147981706e-05,0.18398841246784944,0.1839884124677743
2.5899999999998258,balance_extension,-1.6387432897705978e-05,2.7351341835651526e-12,1.6387432897706208e-05,0.23346923163664687,-1.655131991852614e-11,0.00048537705238989266,-8.19310885945002e-12,0.0,-8.19310885945002e-12,-5.5806365340076976e-11,0.0,0.0004853648738377434,2,True,42.653320909953564,0,0.18475450220277817,0.005094524958145797,0.0003557418068226389,-1.3201653477668183,7.10092120249494e-05,0.0003557418029756358,-1.3201653477584625,7.100921258261702e-05,0.18403847919035965,0.18403847919027974
2.5999999999998247,balance_extension,-1.6532975587304386e-05,2.739263005978571e-12,1.6532975587304613e-05,0.23352132738898634,-1.7589845521679488e-11,0.0004902512305674722,-8.701997608484182e-12,0.0,-8.701997608484182e-12,-5.86407659855706e-11,0.0,0.0004902527074333654,2,True,42.65356791875254,0,0.18480632329794,0.005269814207482919,0.0003650022683201698,-1.3198498739105158,7.140425827701192e-05,0.0003650022642888062,-1.3198498739016482,7.140425886201835e-05,0.18409031378522855,0.18409031378514376
2.6099999999998236,balance_extension,-1.6687864545471703e-05,2.743560557681206e-12,1.668786454547193e-05,0.2335752087283904,-1.867062670742248e-11,0.0004945084036526801,-9.210886357518344e-12,0.0,-9.210886357518344e-12,-6.161565314277148e-11,0.0,0.0004945125944477408,2,True,42.65375858151287,0,0.18485990057176804,0.005445728837115313,0.0003741883794356603,-1.3195186523402789,7.169771978151335e-05,0.00037418837521334435,-1.3195186523309113,7.169772039329698e-05,0.18414392393700726,0.1841439239369172
2.6199999999998225,balance_extension,-1.68515266006045e-05,2.7480315472809386e-12,1.6851526600604724e-05,0.23363088146575703,-1.979475736394706e-11,0.0004981184342920183,-9.82155285635934e-12,0.0,-9.82155285635934e-12,-6.460733029188524e-11,0.0,0.0004981196718380176,2,True,42.6538922668599,0,0.18491523931897583,0.0056220766915178804,0.00038328949915361984,-1.3191715373839457,7.188724458347885e-05,0.00038328949474087005,-1.3191715373740562,7.188724521761612e-05,0.18419931539481216,0.1841993153947167
2.6299999999998214,balance_extension,-1.7023366990438502e-05,2.752677580277914e-12,1.7023366990438726e-05,0.2336883494430143,-2.096255542672675e-11,0.0005010528675887732,-1.0584885979910585e-11,0.0,-1.0584885979910585e-11,-6.769937790734928e-11,0.0,0.0005010531236769272,2,True,42.65396841854242,0,0.1849723429030167,0.005798663716597403,0.00039229502508877917,-1.3188084001103424,7.197068622890202e-05,0.0003922950204841914,-1.3188084000999676,7.19706868915872e-05,0.1842564919515123,0.1842564919514114
2.6399999999998203,balance_extension,-1.720277099799533e-05,2.7574957037532087e-12,1.720277099799555e-05,0.23374761451480267,-2.217324324545632e-11,0.0005032849324619877,-1.1348219103461828e-11,0.0,-1.1348219103461828e-11,-7.084365738102619e-11,0.0,0.0005032856243733796,2,True,42.653986555281584,0,0.1850312127383694,0.005975294213804675,0.00040119440437025685,-1.3184291285449652,7.194610134685574e-05,0.0004011943995614488,-1.3184291285340266,7.194610204877365e-05,0.1843154554255,0.18431545542539327
2.649999999999819,balance_extension,-1.738910554321707e-05,2.762493624269392e-12,1.738910554321729e-05,0.2338086765327528,-2.342876247013085e-11,0.0005047895403103499,-1.2111552227013073e-11,0.0,-1.2111552227013073e-11,-7.393203422302333e-11,0.0,0.0005047896521662388,2,True,42.653946270565484,0,0.185091848275361,0.006151771093527139,0.0004099771444102873,-1.3180336278673832,7.181174689134296e-05,0.00040997713939569145,-1.3180336278558173,7.181174762182612e-05,0.18437620564503537,0.18437620564492274
2.659999999999818,balance_extension,-1.7581720729815123e-05,2.767675135835378e-12,1.758172072981534e-05,0.23387153333235194,-2.4729937512346405e-11,0.000505543281092088,-1.2874885350564316e-11,0.0,-1.2874885350564316e-11,-7.726494062634189e-11,0.0,0.0005055435927770349,2,True,42.65384723238136,0,0.18515424698751962,0.00632789612758857,0.00041863282361570477,-1.3176218205913655,7.15660771837109e-05,0.00041863281839685294,-1.3176218205792558,7.156607793879223e-05,0.18443874043516062,0.18443874043504174
2.669999999999817,balance_extension,-1.7779951347090875e-05,2.7730341191355495e-12,1.777995134709109e-05,0.23393618072238803,-2.6075197281474723e-11,0.0005055244169369124,-1.363821847411556e-11,0.0,-1.363821847411556e-11,-8.062335896129646e-11,0.0,0.0005055255690486253,2,True,42.65368918291653,0,0.18521840436144693,0.00650347020068353,0.00042715110195475683,-1.317193646727332,7.120774079802662e-05,0.0004271510965163915,-1.317193646714621,7.120774159064542e-05,0.184503055607174,0.1845030556070488
2.679999999999816,balance_extension,-1.798311832667456e-05,2.7785785044253836e-12,1.7983118326674773e-05,0.23400261247696086,-2.7466555472188946e-11,0.000504712873403146,-1.4401551597666804e-11,0.0,-1.4401551597666804e-11,-8.404482112966652e-11,0.0,0.0005047138351016473,2,True,42.65347193820988,0,0.18528431388919903,0.006678293560575504,0.0004355217314266662,-1.3167490639275863,7.073557719733891e-05,0.00043552172576989613,-1.3167490639142643,7.073557801773995e-05,0.18456914495065194,0.18456914495052004
2.6899999999998148,balance_extension,-1.8190530154357284e-05,2.78430640800546e-12,1.8190530154357498e-05,0.23407082033004648,-2.890343853551749e-11,0.0005030902284928799,-1.5164884721218047e-11,0.0,-1.5164884721218047e-11,-8.750866573684397e-11,0.0,0.0005030929580804298,2,True,42.6531953877331,0,0.18535196706316215,0.006852166066888971,0.0004437345664517382,-1.3162880476134322,7.014861332815558e-05,0.0004437345605702408,-1.316288047599438,7.014861418388252e-05,0.1846370002280051,0.18463700022786636
2.6999999999998137,balance_extension,-1.8401484237386977e-05,2.7902243729867784e-12,1.840148423738719e-05,0.2341407939725998,-3.0387442271796306e-11,0.0005006396995429092,-1.608088446947954e-11,0.0,-1.608088446947954e-11,-9.102891102933124e-11,0.0,0.000500642703475029,2,True,42.65285949393096,0,0.1854213533734089,0.007024887438327025,0.0004517795741039643,-1.3158105910855546,6.944606002531642e-05,0.0004517795680010983,-1.3158105910709412,6.944606090700481e-05,0.18470661117155576,0.18470661117141002
2.7099999999998126,balance_extension,-1.8615268227760455e-05,2.796326565497866e-12,1.8615268227760665e-05,0.23421252105217896,-3.191700345453519e-11,0.0004973461281034709,-1.7098661967547867e-11,0.0,-1.7098661967547867e-11,-9.465754566835053e-11,0.0,0.0004973471492969715,2,True,42.65246429172109,0,0.1854924603075179,0.007196257498147567,0.0004596468443094079,-1.3153167056167965,6.862730823278216e-05,0.0004596468379690926,-1.3153167056015083,6.862730915741579e-05,0.18477796548311803,0.18477796548296518
2.7199999999998115,balance_extension,-1.8831161302253072e-05,2.802616005472382e-12,1.883116130225328e-05,0.23428598717507257,-3.349290486304968e-11,0.0004931959629178429,-1.811643946561619e-11,0.0,-1.811643946561619e-11,-9.829436499071588e-11,0.0,0.0004931967405383196,2,True,42.65200988792935,0,0.18556527335283884,0.0073660764177326575,0.0004673265998391488,-1.3148064205275387,6.769192525714393e-05,0.00046732659325717814,-1.3148064205115149,6.76919262153191e-05,0.1848510488360638,0.1848510488359033
2.7299999999998104,balance_extension,-1.90484354000677e-05,2.8090974633526507e-12,1.9048435400067906e-05,0.23436117591090921,-3.511628573522125e-11,0.0004881772411214356,-1.9134216963684516e-11,0.0,-1.9134216963684516e-11,-1.0204508254977721e-10,0.0,0.0004881786328665465,2,True,42.651496460694716,0,0.18563977600118298,0.007534144958087194,0.0004748092062630505,-1.3142797832439643,6.66396507911471e-05,0.00047480919944254454,-1.3142797832272102,6.663965178071273e-05,0.18492584487985433,0.1849258448796861
2.7399999999998093,balance_extension,-1.9266356419151234e-05,2.815770825284296e-12,1.926635641915144e-05,0.2344380687997282,-3.678700106574931e-11,0.00048227956777461433,-2.0151994461752843e-11,0.0,-2.0151994461752843e-11,-1.0582233668940942e-10,0.0,0.00048227934412870194,2,True,42.65092425879428,0,0.18571594975591765,0.00770026470910474,0.0004820851817699236,-1.31373685933917,6.547039300739384e-05,0.0004820851747027639,-1.3137368593216985,6.54703940346845e-05,0.18500233524701593,0.1850023352468397
2.749999999999808,balance_extension,-1.9484185372374008e-05,2.822635894327645e-12,1.948418537237421e-05,0.23451664536148703,-3.85049388722989e-11,0.00047549409384200955,-2.116977195982117e-11,0.0,-2.116977195982117e-11,-1.0968518270146276e-10,0.0,0.000475490604719961,2,True,42.6502936009562,0,0.18579377414144163,0.007864238326439994,0.0004891452068419111,-1.3131777325569072,6.41842244825676e-05,0.0004891451995262239,-1.3131777325387068,6.418422553722657e-05,0.1850804995625356,0.18508049956235126
2.759999999999807,balance_extension,-1.9701179504888472e-05,2.829689019416136e-12,1.9701179504888675e-05,0.23459688310798069,-4.026912639309157e-11,0.0004678134927324401,-2.2187549457889492e-11,0.0,-2.2187549457889492e-11,-1.1354063831192524e-10,0.0,0.0004678095302074093,2,True,42.64960487510395,0,0.18587322671501638,0.008025869765829292,0.0004959801338558486,-1.3126025048183483,6.278137817501392e-05,0.0004959801262810913,-1.3126025047993215,6.278137927875992e-05,0.1851603154556528,0.18516031545546005
2.769999999999806,balance_extension,-1.991659337411315e-05,2.8369374550428553e-12,1.9916593374113354e-05,0.23467875755714532,-4.2081372389922144e-11,0.0004592319355179216,-2.3408882455571484e-11,0.0,-2.3408882455571484e-11,-1.1747118479971552e-10,0.0,0.0004592238844049607,2,True,42.64885853754605,0,0.18595428308092748,0.008184964514702315,0.0005025809965090843,-1.312011296211732,6.126224333597176e-05,0.0005025809886816507,-1.3120112961919426,6.126224447106812e-05,0.18524175857402128,0.18524175857381994
2.779999999999805,balance_extension,-2.0129679893893684e-05,2.8443783061565032e-12,2.0129679893893884e-05,0.23476224224971826,-4.3940832946404094e-11,0.0004497450649480655,-2.468110432815689e-11,0.0,-2.468110432815689e-11,-1.2144737582567547e-10,0.0,0.0004497312955955454,2,True,42.64805511215242,0,0.18603691690694754,0.008341329820930136,0.000508939019195311,-1.3114042449650227,5.962736135806538e-05,0.0005089390111072059,-1.3114042449444165,5.962736252822787e-05,0.18532480260020961,0.18532480259999942
2.7899999999998037,balance_extension,-2.0339691344481208e-05,2.8520094641055303e-12,2.0339691344481408e-05,0.2348473087682236,-4.5846918969069365e-11,0.00043934996836549983,-2.5953326200742297e-11,0.0,-2.5953326200742297e-11,-1.2555429831325687e-10,0.0,0.0004393351943004421,2,True,42.647195189436346,0,0.18612109994307194,0.008494774918556726,0.0005150456261740592,-1.3107815074013658,5.787742179418584e-05,0.0005150456178185391,-1.3107815073799802,5.787742300550465e-05,0.18540941927051444,0.1854094192702949
2.7999999999998026,balance_extension,-2.0545880350078457e-05,2.8598331390094024e-12,2.0545880350078657e-05,0.2349339267582519,-4.7800121996412484e-11,0.00042804514965030446,-2.7225548073327705e-11,0.0,-2.7225548073327705e-11,-1.2970786646619998e-10,0.0,0.0004280404201594754,2,True,42.64627942563136,0,0.1862068020424961,0.008645111250363074,0.0005208924506647396,-1.3101432578778727,5.601325818265713e-05,0.0005208924420417619,-1.3101432578556989,5.601325942488047e-05,0.1854955783960541,0.18549557839582573
2.8099999999998015,balance_extension,-2.074750082572535e-05,2.8678367483603856e-12,2.074750082572555e-05,0.23502206395200012,-4.979726686168115e-11,0.00041583050030204963,-2.849776994591311e-11,0.0,-2.849776994591311e-11,-1.3382138881785855e-10,0.0,0.00041582808572912435,2,True,42.6453085417218,0,0.1862939911848019,0.008792152687115315,0.0005264713438035469,-1.3094896887072711,5.403584411442745e-05,0.0005264713348941835,-1.3094896886841756,5.403584540752329e-05,0.1855832478861083,0.1855832478858704
2.8199999999998004,balance_extension,-2.094380881160394e-05,2.8760232290524325e-12,2.0943808811604137e-05,0.23511168619434245,-5.183882959193276e-11,0.00040270731353067764,-2.976999181849852e-11,0.0,-2.976999181849852e-11,-1.363219697654657e-10,0.0,0.00040271245834089584,2,True,42.64428363886888,0,0.18638263350131928,0.008935715743350246,0.0005317742535680661,-1.308821022161772,5.1938157902011836e-05,0.0005317742452814985,-1.3088210221391035,5.1938159156760745e-05,0.1856723937740498,0.18567239377380212
2.8299999999997993,balance_extension,-2.113406087804136e-05,2.8840132799682833e-12,2.1134060878041555e-05,0.23520275748148306,-5.382249013391966e-11,0.0003886789631585216,-3.104221369108392e-11,0.0,-3.104221369108392e-11,-1.24529601227993e-10,0.0,0.00038869211489546315,2,True,42.643205536334555,0,0.18647269330262822,0.009075619789554045,0.0005367934234858155,-1.3081374854700336,4.972851738729673e-05,0.0005367934170336275,-1.3081374854497454,4.972851825902347e-05,0.18576298025773746,0.1857629802574803
2.8399999999997982,balance_extension,-2.1317517527282557e-05,2.8910989931836972e-12,2.1317517527282753e-05,0.23529523998574217,-5.556774261509168e-11,0.00037374973902867917,-3.22126578138625e-11,0.0,-3.22126578138625e-11,-1.0870914916204477e-10,0.0,0.00037375007957078145,2,True,42.64207444614755,0,0.1865641331081632,0.009211687260592245,0.0005415223526212969,-1.3074392995907227,4.741915001305985e-05,0.0005415223471482547,-1.3074392995719495,4.741915062767758e-05,0.18585496972131127,0.18585496972104612
2.849999999999797,balance_extension,-2.1493446653998613e-05,2.8968351426010944e-12,2.149344665399881e-05,0.23538909407161832,-5.696872524732818e-11,0.00035792486155279744,-3.323043531193082e-11,0.0,-3.323043531193082e-11,-9.313173023629313e-11,0.0,0.0003579297731220902,2,True,42.640891582549294,0,0.18665691367788323,0.009343743860251377,0.0005459532047021532,-1.3067267340098536,4.5003630104169365e-05,0.000545953199739803,-1.3067267339916677,4.5003630644707465e-05,0.18594832274957385,0.18594832274930212
2.859999999999796,balance_extension,-2.1661122172734157e-05,2.901053547262801e-12,2.166112217273435e-05,0.235484278335473,-5.798919483448134e-11,0.00034121087559818835,-3.404465731038548e-11,0.0,-3.404465731038548e-11,-7.955487377339326e-11,0.0,0.00034121691572875973,2,True,42.63965809247708,0,0.18675099404596698,0.00947161876175514,0.0005500789650481296,-1.3060000733224069,4.2481794659501785e-05,0.0005500789604010551,-1.3060000733043253,4.2481795173110905e-05,0.18604299816958217,0.18604299816930583
2.869999999999795,balance_extension,-2.1819824218974225e-05,2.9037336347353276e-12,2.181982421897442e-05,0.23558074964546633,-5.862795742112054e-11,0.0003236156344931841,-3.480799043393673e-11,0.0,-3.480799043393673e-11,-6.806311859005661e-11,0.0,0.00032361737936027513,2,True,42.63837510025128,0,0.18684633155649247,0.009595144804120477,0.0005538929796768856,-1.3052596166239727,3.985516528875011e-05,0.000553892975276922,-1.3052596166057757,3.9855165772585306e-05,0.18613895309060627,0.18613895309032696
2.879999999999794,balance_extension,-2.1968839894439632e-05,2.904928420000201e-12,2.1968839894439825e-05,0.23567846318104346,-5.890055068110908e-11,0.00030514824883344255,-3.5418656932777726e-11,0.0,-3.5418656932777726e-11,-5.829394153544635e-11,0.0,0.00030514615427992744,2,True,42.63704375625092,0,0.18694288190105893,0.009714158684221423,0.0005573888740834059,-1.3045056786898208,3.7125638622392904e-05,0.000557388869921074,-1.3045056786714413,3.7125639072712374e-05,0.1862361429431747,0.18623614294289406
2.8899999999997927,balance_extension,-2.2107464085944804e-05,2.9047360331110565e-12,2.2107464085944994e-05,0.23577737247340658,-5.883268905091344e-11,0.0002858190437647891,-3.592754568181188e-11,0.0,-3.592754568181188e-11,-4.9727152705251725e-11,0.0,0.0002858089373271008,2,True,42.63566525829647,0,0.18704059915830734,0.00982850114443124,0.0005605605520578677,-1.303738590640273,3.429520926520932e-05,0.0005605605481508087,-1.3037385906217065,3.4295209666160725e-05,0.18633452151913202,0.1863345215188517
2.8999999999997916,balance_extension,-2.2235000262502137e-05,2.903268894765156e-12,2.2235000262502327e-05,0.2358774294476339,-5.845286411643864e-11,0.00026563952337014174,-3.6436434430846045e-11,0.0,-3.6436434430846045e-11,-4.1927353262574735e-11,0.0,0.00026561692618273254,2,True,42.63424085712845,0,0.18713943583529472,0.009938017155716062,0.0005634022061000307,-1.3029587000191434,3.136594985516587e-05,0.0005634022024763664,-1.302958700000447,3.13659501949956e-05,0.18643404101341488,0.1864340410131361
2.9099999999997905,balance_extension,-2.2350761247700355e-05,2.9006453293049204e-12,2.235076124770054e-05,0.23597858446661202,-5.7790570490506853e-11,0.00024462233763335064,-3.681810099262167e-11,0.0,-3.681810099262167e-11,-3.4608964203566596e-11,0.0,0.00024463110598475015,2,True,42.6327718563255,0,0.18723934291067612,0.010042556096055862,0.0005659083268428224,-1.302166370618962,2.8340024439839756e-05,0.0005659083235358276,-1.302166370600207,2.8340024700187055e-05,0.18653465206766853,0.18653465206739298
2.9199999999997894,balance_extension,-2.245406997566828e-05,2.8969779993148914e-12,2.2454069975668467e-05,0.23608078637677232,-5.6873618066167645e-11,0.00022278125003685647,-3.7072545367138754e-11,0.0,-3.7072545367138754e-11,-2.7393706490281703e-11,0.0,0.0002227973001169051,2,True,42.63125961100114,0,0.18734026987964697,0.010141971924071359,0.0005680737110100522,-1.301361982226174,2.521969490688814e-05,0.0005680737080505395,-1.3013619822074878,2.521969507821984e-05,0.18663630381567756,0.18663630381540616
2.9299999999997883,balance_extension,-2.2544260236063e-05,2.8923632388897836e-12,2.2544260236063187e-05,0.23618398255558293,-5.572556420191446e-11,0.00020013110528370622,-3.732698974165583e-11,0.0,-3.732698974165583e-11,-2.023927592819102e-11,0.0,0.00020015666588643564,2,True,42.62970552617377,0,0.18744216480059708,0.010236123347738522,0.0005698934686756033,-1.300545930338346,2.2007321291063004e-05,0.0005698934660784128,-1.300545930319884,2.200732137878732e-05,0.1867389439305319,0.18673894393026585
2.9399999999997872,balance_extension,-2.2620677411046996e-05,2.886898996114669e-12,2.2620677411047182e-05,0.23628811896074042,-5.4370418459411955e-11,0.0001766877971280704,-3.758143411617291e-11,0.0,-3.758143411617291e-11,-1.3135668517219517e-11,0.0,0.00017672495790030466,2,True,42.62811105522295,0,0.18754497434342704,0.010324873988074797,0.0005713630301469501,-1.2997186258659505,1.8705359585567795e-05,0.0005713630279389265,-1.2997186258478606,1.8705359567364257e-05,0.18684251867349386,0.1868425186732342
2.949999999999786,balance_extension,-2.26826792062015e-05,2.880662978442196e-12,2.2682679206201682e-05,0.2363931401810076,-5.282710790516774e-11,0.00015246823639371136,-3.758143411617291e-11,0.0,-3.758143411617291e-11,-5.570197193326937e-12,0.0,0.00015246972705976032,2,True,42.626477698322745,0,0.18764864383947552,0.010408092537684484,0.0005724781526640639,-1.2988804948184223,1.531635914009533e-05,0.0005724781508475083,-1.2988804948005268,1.531635904500711e-05,0.18694697294449855,0.1869469729442461
2.959999999999785,balance_extension,-2.2729636376999947e-05,2.873744755208919e-12,2.272963637700013e-05,0.2364989894886414,-5.111752106994185e-11,0.0001274903192468727,-3.758143411617291e-11,0.0,-3.758143411617291e-11,1.8748037398528868e-12,0.0,0.00012748701777883913,2,True,42.624807000820155,0,0.18775311733300618,0.010485652914053406,0.0005732349268017931,-1.2980319779731322,1.184296017955321e-05,0.0005732349254047226,-1.2980319779557745,1.1842959977084525e-05,0.18705225033423392,0.18705225033398956
2.969999999999784,balance_extension,-2.2760933452298458e-05,2.866203091569036e-12,2.2760933452298637e-05,0.23660560889335625,-4.9255822184113226e-11,0.00010177289582659227,-3.758143411617291e-11,0.0,-3.758143411617291e-11,9.440267695355599e-12,0.0,0.00010174245408737145,2,True,42.62310055165368,0,0.18785833763420057,0.010557434407486235,0.0005736297827612798,-1.2971735305307637,8.287891147494878e-06,0.0005736297817822041,-1.297173530513921,8.287890859405664e-06,0.18715829317775814,0.18715829317752256
2.979999999999783,balance_extension,-2.2775969456160282e-05,2.858099818352822e-12,2.277596945616046e-05,0.2367129391977661,-4.725712191223402e-11,7.53357392936326e-05,-3.7428767491462665e-11,0.0,-3.7428767491462665e-11,1.737353402217653e-11,0.0,7.52532578155521e-05,2,True,42.6213599816897,0,0.18796424637360332,0.010623321823582704,0.0005736594963595119,-1.2963056217523976,4.6539664751686446e-06,0.0005736594958061754,-1.2963056217361701,4.653966097308575e-06,0.18726504260958132,0.1872650426093552
2.9899999999997817,balance_extension,-2.2774158629238755e-05,2.8494909037777693e-12,2.2774158629238935e-05,0.23682092005424757,-4.5135018857649453e-11,4.81995153640146e-05,-3.717432311694559e-11,0.0,-3.717432311694559e-11,2.5056259585898313e-11,0.0,4.8251431359845774e-05,2,True,42.61958696207404,0,0.18807078405796443,0.010683205620152233,0.0005733211947994411,-1.295428734581413,9.440843822745135e-07,0.0005733211946779673,-1.2954287345658742,9.440839157531607e-07,0.18737243862016795,0.18737243861995173
2.9999999999997806,balance_extension,-2.2754931150771054e-05,2.840423953621928e-12,2.275493115077123e-05,0.23692949002316663,-4.2901120107436333e-11,2.0385752422895147e-05,-3.69198787424285e-11,0.0,-3.69198787424285e-11,3.3060112859074015e-11,0.0,2.0614700166548044e-05,2,True,42.61778320254753,0,0.1881778901274222,0.010736982038469501,0.0005726123622138271,-1.2945433652498617,-2.8387753585915157e-06,0.0005726123625245657,-1.294543365235049,-2.8387759026840645e-06,0.18748042011380275,0.187480420113597
3.0099999999997795,spin_and_extension,-2.2717733862111734e-05,-1.3806946522138219e-09,2.2717733904068332e-05,0.23703858663240948,4.7484101930326927e-07,-8.08318777326279e-06,2.396585864694563e-06,3.3166888886698744e-05,-3.077030302200418e-05,0.0007986084364443047,0.00993344444400788,8.748576518413899e-06,2,True,42.61595044990922,0,0.18828550301397048,0.010784553228776821,0.0004523973287953985,-1.2936833365150677,8.456805870919687e-06,0.0006906643620889427,-1.2936167092085067,-2.183991313218517e-05,0.1875889241475363,0.18758892578776376
3.0199999999997784,spin_and_extension,-2.2662030994863947e-05,-1.8819879364182213e-08,2.266203880942828e-05,0.23714814643817797,6.3647714477979354e-06,-3.718414267408136e-05,3.268780818027988e-05,0.00026400711110236556,-0.0002313193029220857,0.005658512714485963,0.039468444443575765,3.784635184137772e-05,2,True,42.6140904902447,0,0.18839356020115136,0.010825827369942387,8.330570664794478e-05,-1.2929132376021,7.583973301697705e-05,0.0010568440225753714,-1.2925852205152717,-9.706196041402463e-05,0.18769787891243356,0.18769790127275204
3.0299999999997773,spin_and_extension,-2.2587304939147632e-05,-8.096451351875427e-08,2.2587450047902536e-05,0.2372581050870871,2.7240467775175423e-05,-6.689322256715313e-05,0.0001440434962830895,0.0008865539999803572,-0.0007425105036972676,0.016628122136539296,0.0882089999987037,7.227384284868548e-05,2,True,42.61220513948243,0,0.18850199828491504,0.010860718783186583,-0.0004975658351525721,-1.2922524211536714,0.00020253496362296702,0.0016340519073592076,-1.2914306139521434,-0.00023172334762027063,0.18780720348917537,0.18780729949996103
3.039999999999776,spin_and_extension,-2.2493057156488194e-05,-2.1878797363110206e-07,2.249412119693611e-05,0.23736839737914756,7.369932621721442e-05,-9.718599117333147e-05,0.0004038391240018526,0.0020908942221873643,-0.0016870550981855118,0.0347606639727542,0.15576177777605843,0.00012198510387928693,2,True,42.61029620773733,0,0.1886107530355871,0.010889148039792147,-0.0012746961822264315,-1.2917063205346055,0.00038337374820559156,0.002406764896338535,-1.2901485457829873,-0.0004206484018768815,0.18791681464159182,0.1879170740350756
3.049999999999775,spin_and_extension,-2.2378809288163348e-05,-4.598759391182442e-07,2.2383533926423818e-05,0.23747895733063276,0.0001557539847109856,-0.00012803775524150113,0.0008874413178098062,0.004063194444390082,-0.0031757531265802757,0.06069316326653969,0.24173611110897344,0.00020162800567835758,2,True,42.60836549421411,0,0.18871975946088218,0.010911042062717199,-0.0022412195175951946,-1.2912746480278383,0.0006144138582710515,0.0033681158849903437,-1.28874041486665,-0.0006598878720722357,0.18802662965477318,0.18802717636769942
3.059999999999774,spin_and_extension,-2.2244104393337232e-05,-8.264631994909388e-07,2.225945241199337e-05,0.23758971823668915,0.000282284417250825,-0.0001594239161952324,0.0016753069671713735,0.006985727999921867,-0.005310421032750493,0.09484883338998122,0.34574399999744865,0.000324195740187433,2,True,42.606414810682885,0,0.18882895186990306,0.010926334222033438,-0.003394019700053239,-1.2909553260414657,0.0008932255020445895,0.0045149881692357,-1.287209432764609,-0.0009470052248106703,0.18813656715411042,0.1881375552205397
3.069999999999773,spin_and_extension,-2.2088507510742957e-05,-1.335100191772618e-06,2.2128819592879765e-05,0.2377006127377893,0.00046091906677406003,-0.00019132014411811922,0.002851393455683069,0.011036901555449416,-0.008185508099766347,0.13752702809951872,0.4674001111081509,0.0004990553447805056,2,True,42.60444679445591,0,0.18893826393806315,0.010934964424115456,-0.004731700140012871,-1.2907459647077115,0.0012183357823632238,0.0058459846091981895,-1.285559209382102,-0.0012805515443526476,0.18824654728934173,0.18824815650324817
3.079999999999772,spin_and_extension,-2.1911604889617142e-05,-1.996987997750546e-06,2.2002417819454606e-05,0.2378115728989037,0.0006980893780868154,-0.0002237023337680931,0.004502196620989669,0.01639128177763942,-0.011889085156649751,0.1889495936803027,0.6063217777744137,0.0007330585247351224,2,True,42.60246227687239,0,0.18904762877286901,0.010936879194510368,-0.0062536914492085345,-1.290644241157021,0.0015888331059599845,0.007360539869136998,-1.28379317332494,-0.001659554292027342,0.18835649172487914,0.18835892348728606
3.0899999999997707,spin_and_extension,-2.1713011205264913e-05,-2.818559463367407e-06,2.1895185156753017e-05,0.23792253025138912,0.000999150706897021,-0.000256547866238081,0.006716132277148408,0.023219621999825253,-0.016503489722676845,0.24928674179481275,0.7621289999962367,0.0010315631532272173,2,True,42.60046309456028,0,0.18915697898049988,0.010932031754420741,-0.00795975185902298,-1.2906481784393882,0.00200409326090714,0.009058412291434295,-1.2819144972749197,-0.0020833969291971237,0.1884663235067669,0.1884697970166106
3.0999999999997696,spin_and_extension,-2.1492370387475122e-05,-3.802108511727824e-06,2.1826085631816136e-05,0.23803341585387103,0.0013685187506187384,-0.0002898356135628552,0.00958310230961933,0.03168888888867359,-0.02210578657905426,0.3186711048230288,0.934444444440287,0.0013988739237632086,2,True,42.59845141025666,0,0.18926624673311987,0.010920382090737006,-0.009849729063234116,-1.290756155816372,0.0024636557277569076,0.010939451521847459,-1.2799260430326154,-0.0025516225215678288,0.18857596692293668,0.188580715776433
3.1099999999997685,spin_and_extension,-2.1249356209024272e-05,-4.946378245086023e-06,2.1817465412862666e-05,0.23814416036590969,0.001809798870606549,-0.00032354611828073213,0.013194171995346978,0.04196228911085116,-0.028768117115504182,0.39720673508407484,1.122893444439898,0.001838492468367152,2,True,42.59642929967454,0,0.18937536383685774,0.01090189701955937,-0.011923444991681754,-1.290966862480093,0.0029671478378194577,0.013003482832311432,-1.2778303790154626,-0.003063854417843316,0.18868534737362574,0.18869161657641742
3.1199999999997674,spin_and_extension,-2.098367458243319e-05,-6.247079817430413e-06,2.189384857047292e-05,0.23825469411934716,0.002325900869911353,-0.00035766187002963775,0.017641317217744857,0.05419929599969131,-0.03655797878194646,0.4849747386586755,1.3271039999950698,0.002353239467713042,2,True,42.59439880310773,0,0.18948426180038944,0.010876550243152601,-0.01418063624901488,-1.2912792494557768,0.0035142399628698157,0.015250247054679021,-1.2756298281063303,-0.003619757159403682,0.18879439124860364,0.18880243461936672
3.1299999999997663,spin_and_extension,-2.069506658320863e-05,-7.69733757301522e-06,2.20801899130508e-05,0.23836494718858986,0.0029191375807734988,-0.00039216753773427347,0.023017216716680316,0.06855567622186075,-0.045538459505180436,0.5820370087303915,1.5467067777724686,0.0029453614368875336,2,True,42.59236196330036,0,0.18959287190405688,0.010844322400280966,-0.016620926290303355,-1.29169247991667,0.004104620331471996,0.017679372672071824,-1.2733265188595666,-0.004219012846927691,0.18890302582054588,0.188913103750982
3.139999999999765,spin_and_extension,-2.0383311939334644e-05,-9.28806639141207e-06,2.2399722831041923e-05,0.23847484946098357,0.003591308322345233,-0.0004270501379465507,0.02941507500816654,0.08518351644402619,-0.05576844143585965,0.6884388310012336,1.7813351111054283,0.0036166086468367277,2,True,42.59032083803524,0,0.18970112526945682,0.01080520110987408,-0.019243813710906048,-1.2922058830536216,0.0047379806663205674,0.02029036410493064,-1.2709224317074594,-0.004861306993299727,0.18901117915876534,0.18902355668933554
3.149999999999764,spin_and_extension,-2.0048232956117882e-05,-1.1008290760417955e-05,2.2871687959760958e-05,0.2385843307076728,0.004343769258882237,-0.0004622991435145932,0.036928467242960956,0.10423124999952094,-0.06730278275655997,0.8042107884083175,2.0306249999939485,0.00436829988494142,2,True,42.58827750129102,0,0.18980895292943292,0.010759181007977809,-0.022048668615101803,-1.2928189142882893,0.005414007706515363,0.023082598082522672,-1.2684194378784728,-0.005546319971791999,0.1891187800636961,0.1891337252344167
3.159999999999763,spin_and_extension,-1.968969888644603e-05,-1.2845415368186383e-05,2.3509337256080892e-05,0.23869332065497342,0.005177492821535696,-0.000497906537010346,0.04565120045779339,0.12584368355501183,-0.08019248309721842,0.9293702110382105,2.294215111104697,0.00520137838948526,2,True,42.58623404112017,0,0.18991628589840354,0.010706263777948848,-0.0250347329742419,-1.2935311224727954,0.006132378046735932,0.026055324000375125,-1.2658193309772163,-0.006273721757976237,0.18922575802063238,0.18924354045921762
3.169999999999762,spin_and_extension,-1.9307630750763445e-05,-1.478545591451358e-05,2.4318600120234116e-05,0.23880174905618345,0.006093118141207402,-0.0005338668120645999,0.05567718753883868,0.15016202377716545,-0.09448483623832676,1.0639223182058115,2.571746777771006,0.006116460801978286,2,True,42.58419255698238,0,0.19002305524295743,0.010646458173854454,-0.02820112293721683,-1.2943421235254868,0.006892754948499662,0.029207666227714785,-1.2631238520138857,-0.007043168654875899,0.18933204317049857,0.18935293288437785
3.179999999999761,spin_and_extension,-1.890200660033781e-05,-1.6813237364528284e-05,2.5297644242007674e-05,0.2389095457637428,0.007090994119182511,-0.0005701769256422938,0.06710033135645052,0.17732390399931516,-0.11022357264286466,1.2078611441723293,2.862863999992876,0.00711387974978526,2,True,42.582155157082184,0,0.19012919215264956,0.010579780037042984,-0.031546832101016296,-1.2952515795059327,0.007694786390895453,0.032538627373890974,-1.2603347089432324,-0.007854301261257619,0.18943756629530195,0.18946183263854247
3.1899999999997597,spin_and_extension,-1.8472867208911956e-05,-1.8912565445086544e-05,2.6437321245405634e-05,0.23901664080165178,0.008171216446087577,-0.0006068362046506364,0.08001441725419471,0.20746341088812784,-0.12744899363393314,1.361170306859625,3.167213444436975,0.00819371888949421,2,True,42.58012395580588,0,0.19023462801092805,0.0105062523058548,-0.03507073526624369,-1.2962591820826694,0.008538103938916672,0.036047092039149846,-1.2574535917687304,-0.008706743256892118,0.18954225881605427,0.18957016960646503
3.1999999999997586,spin_and_extension,-1.802032217116445e-05,-2.1066375975879066e-05,2.7722269169562144e-05,0.23912296443806247,0.00933365960900121,-0.0006438462106757727,0.09451301255408415,0.24071111111026994,-0.1461980985561858,1.5238236595638368,3.484444444436634,0.009355839823637389,2,True,42.57810107119086,0,0.19033929446612405,0.010425905018446247,-0.03877159245096245,-1.2973646394642313,0.009422322173731474,0.039731830823145735,-1.2544821841446452,-0.009600100747058027,0.18964605280120633,0.18967787356664648
3.2099999999997575,spin_and_extension,-1.7544556380929593e-05,-2.325686566319451e-05,2.913234043257584e-05,0.2392284472579588,0.01057800470976932,-0.0006812105669475552,0.11068937206947466,0.27719407799907503,-0.1665047059296004,1.6957858535062764,3.814208999991854,0.010599916718561971,2,True,42.576088622408754,0,0.19044312350243522,0.010338775308704121,-0.042648053052096,-1.2985676660314898,0.010347038519856463,0.04359150448053672,-1.2514221722376238,-0.01053396200275319,0.1897488809838903,0.1897848743200216
3.2199999999997564,spin_and_extension,-1.7045836857347038e-05,-2.5465607239391858e-05,3.0644048463580297e-05,0.23933302023584144,0.011903763749758501,-0.0007189347517620234,0.1286363488490571,0.31703591822120986,-0.18839956937215271,1.877012831078716,4.156161777769302,0.011925454261948012,2,True,42.57408872733035,0,0.19054604751083373,0.010244907395230976,-0.046698660096716076,-1.2998679740741979,0.011311833357886,0.04762466816568554,-1.2482752514497155,-0.011507897486527493,0.18985067678656228,0.18989110181097812
3.2299999999997553,spin_and_extension,-1.6524519882976986e-05,-2.7673651263399642e-05,3.2231827928480294e-05,0.23943661480833459,0.0133103009081562,-0.0007570258626385698,0.14844630954064353,0.3603567984433409,-0.21191048890269737,2.067452264213473,4.509960111102312,0.013331811660099604,2,True,42.572103500058816,0,0.1906479993598294,0.010144352563385878,-0.050921854549430774,-1.3012652671725156,0.012316270344942686,0.0518297757329431,-1.2450431314640757,-0.012521460087107729,0.1899513743518203,0.1899964862417321
3.239999999999754,spin_and_extension,-1.598105841445036e-05,-2.9861616466041762e-05,3.386901778928718e-05,0.23953916294663416,0.014796851243346617,-0.000795492355479173,0.1702110538886818,0.40727347199880165,-0.23706241811011985,2.2670439485383267,4.8752639999908824,0.014818219113420928,2,True,42.57013504855542,0,0.19074891246601852,0.01003716914036906,-0.0553159796535327,-1.3027592348771964,0.013359896886298088,0.05620518406988346,-1.2417275399616516,-0.013574185507675567,0.19005090857839793,0.1901009581809321
3.249999999999753,spin_and_extension,-1.5416009723298683e-05,-3.2009770193454835e-05,3.552856236363398e-05,0.23964059722871614,0.01636253717193894,-0.0008343437628756656,0.19402173796823532,0.4578993055542589,-0.26387756758602354,2.475720161291832,5.251736111101681,0.016383795601836684,2,True,42.56818547225066,0,0.19084872086434873,0.009923422463342702,-0.059879285289361636,-1.304349548426603,0.014442244717070642,0.06074915744703973,-1.238330225273654,-0.014665592767679774,0.190149215161467,0.19020444866718028
3.259999999999752,spin_and_extension,-1.4830043222274484e-05,-3.409810024567622e-05,3.7183472435192414e-05,0.23974085091122552,0.01800638302174148,-0.0008735903955824781,0.2199688008276519,0.5123443057763793,-0.29237550494872744,2.6934059890588515,5.639041777768041,0.01802756202648462,2,True,42.566256859712446,0,0.19094735927803003,0.009803184840583776,-0.06460993233681638,-1.306035857302931,0.015562830563537855,0.0654598718709561,-1.2348529581712295,-0.015795184788533475,0.19024623063652477,0.19030688930805906
3.269999999999751,spin_and_extension,-1.4223948430646969e-05,-3.6106379205619714e-05,3.8807104095741436e-05,0.2398398580009676,0.01972732790887956,-0.0009132430309856808,0.2481418942655552,0.5707151459984962,-0.32257325173294094,2.9200196300062595,6.036848999989962,0.019748455232943916,2,True,42.56435128631763,0,0.19104476318802283,0.00967653550566901,-0.06950599703124229,-1.3078177864755605,0.01672115686138615,0.07033541942986113,-1.2312975329457594,-0.016962449041435484,0.19034189242623678,0.19040821237512667
3.27999999999975,spin_and_extension,-1.3598643030640681e-05,-3.8014222191603995e-05,4.037331025699317e-05,0.23993755332592354,0.021524237152110742,-0.0009533125921959915,0.2786298155071529,0.6331151928872764,-0.3544853773801235,3.1554726743004626,6.444828444434111,0.021545338069323974,2,True,42.56247081197524,0,0.1911408689020328,0.0095435605646957,-0.07456547530385552,-1.3096949342143358,0.017916712514094997,0.07537381262287171,-1.227665767899664,-0.018166858240999093,0.1904361388896988,0.19050835089528542
3.2899999999997487,spin_and_extension,-1.2955180966306416e-05,-3.9801138834658546e-05,4.185650924773246e-05,0.24003387260571238,0.023395912407055717,-0.0009938098211548733,0.3115204425794114,0.6996445331093866,-0.38812409052997515,3.3996703656610863,6.862653444433823,0.02341701047541052,2,True,42.56061747886763,0,0.19123561362294314,0.009404352936545934,-0.07978628709866242,-1.3116668703803942,0.019148973678335617,0.08057298866493531,-1.2239595053444456,-0.019407871072582593,0.19052890937364247,0.19060723873883564
3.2999999999997476,spin_and_extension,-1.2294760535646892e-05,-4.1446580172205826e-05,4.32317030036984e-05,0.24012875252142496,0.02534110067778388,-0.001034744948925925,0.346900672209301,0.77039999999816,-0.42349932778885907,3.6525118464845727,7.289999999989097,0.025362217617003066,2,True,42.558793309198336,0,0.1913289355166149,0.009259012286206196,-0.0851662806590785,-1.313733135119613,0.02041740456712085,0.08593081376046492,-1.2201806111814162,-0.020684932943808618,0.1906201442651783,0.19070481070449197
3.3099999999997465,spin_and_extension,-1.161873224940588e-05,-4.292996301056132e-05,4.447444955445258e-05,0.24022213078619176,0.027358497081336267,-0.0010761274391709605,0.3848563463051722,0.8454752002202633,-0.4606188539150912,3.913886121206716,7.726546777766598,0.027379653318441725,2,True,42.557000643106136,0,0.19142077377898567,0.009107644951156992,-0.09070283318055646,-1.3158935617241403,0.02172154515907926,0.09144468279773284,-1.2163306778120253,-0.021997572416667454,0.19070978505664432,0.19080100259359464
3.3199999999997454,spin_and_extension,-1.0928606449807958e-05,-4.423058797775466e-05,4.556072158990329e-05,0.24031394621999155,0.02944672001919667,-0.0011179657854291129,0.42547214638399383,0.9249605404423638,-0.49948839405836987,4.183677863575517,8.171975111099659,0.02946793456092786,2,True,42.555240913636254,0,0.19151106870239767,0.008950363860852717,-0.0963940558970512,-1.3181473313796137,0.023060628403102735,0.0971127283324363,-1.2124118700895696,-0.02334498216747337,0.19079777447393212,0.19089575122861138
3.3299999999997443,spin_and_extension,-1.0226062835184587e-05,-4.532778605068448e-05,4.646698343303307e-05,0.24040413880432732,0.03160435174387401,-0.0011602668114091706,0.46883163862558946,1.008943253997794,-0.5401116153722046,4.4617746621302565,8.625968999988283,0.03162564261176203,2,True,42.553516067672604,0,0.19159976174108626,0.008787288449314102,-0.10223769461597454,-1.3204937550895712,0.024434190023565897,0.10293271502462509,-1.208426252854761,-0.02472668081784068,0.19088405645379916,0.19098899458119026
3.339999999999743,spin_and_extension,-9.512957199795885e-06,-4.620104245876965e-05,4.717025205531749e-05,0.24049264974735737,0.03382996498253733,-0.0012030354453895858,0.5150172090148678,1.0975074275532217,-0.5824902185383538,4.7480546288537235,9.088215111099135,0.03385134891398775,2,True,42.55182818589769,0,0.1916867955757598,0.00861854456086087,-0.10823130393306862,-1.3229322782125814,0.02584167588225171,0.10890221796468919,-1.2043757560466246,-0.02614209383820029,0.1909685761445714,0.1910806719004811
3.349999999999742,spin_and_extension,-8.791328069408905e-06,-4.683000968029356e-05,4.76480561605651e-05,0.24057942155434636,0.03612212217558132,-0.0012462744414613318,0.5641099904690052,1.1907340277753125,-0.6266240373063072,5.042389879424153,9.558402777765552,0.036143615065030665,2,True,42.55017921005839,0,0.19177211417720302,0.008444264349015343,-0.11437241426515246,-1.325462320437884,0.02728249908252139,0.11501878879743137,-1.2002623138626127,-0.0275906087426831,0.19105127998358276,0.19117072377436636
3.359999999999741,spin_and_extension,-8.063403715355446e-06,-4.7194515074568916e-05,4.787839525924528e-05,0.24066439809384707,0.03847937511922362,-0.00128998412250123,0.6161898084856839,1.2887009279974007,-0.6725111195117167,5.344647398559274,10.036223999987525,0.03850099181974801,2,True,42.54857100301098,0,0.19185566286883518,0.008264586168611397,-0.12065852067163663,-1.3280832577105834,0.0287560665922145,0.12127994437920599,-1.196087883833006,-0.02907160475680301,0.19113211576710074,0.19125909218842352
3.36999999999974,spin_and_extension,-7.331608938940618e-06,-4.7274572961839705e-05,4.783970880302115e-05,0.24074752466125765,0.040900266114105174,-0.0013341621161260216,0.6713351319494792,1.3914829348861524,-0.7201478029366731,5.654689394786574,10.521373444431731,0.040922020529768274,2,True,42.54700538378066,0,0.19193738838815547,0.008079654461148196,-0.12708708098526936,-1.3307944246567538,0.030261780902040545,0.1276831648920366,-1.1918544454980045,-0.030584455264387758,0.19121103271143355,0.19134572058826732
3.3799999999997388,spin_and_extension,-6.598571446366717e-06,-4.705039980182308e-05,4.751085419821663e-05,0.2408287480408704,0.043383329976385256,-0.0013788030919097438,0.7296230267318657,1.499151815108234,-0.7695287883763682,5.972373537639008,11.013548444431496,0.04340523502915018,2,True,42.545484134998595,0,0.1920172389470086,0.00788961963343047,-0.13365551676654938,-1.3335951185108421,0.031799039858222106,0.13422589479131122,-1.1875639956628432,-0.032128527652237546,0.19128798151018095,0.19143055394276476
3.3899999999997377,spin_and_extension,-5.8671277780775364e-06,-4.650243069247673e-05,4.6871091822923125e-05,0.24090801656665484,0.045927096411037975,-0.0014238985105014138,0.7911291113812314,1.61177632199698,-0.8206472106157485,6.297553148812269,11.512448999986825,0.0459491641062671,2,True,42.54400900143064,0,0.1920951642906031,0.00769463792954199,-0.14036121555381753,-1.3364846018945356,0.03336723685674547,0.14090554503945893,-1.183218544012963,-0.03370318344255862,0.19136291438967712,0.19151353880647512
3.3999999999997366,spin_and_extension,-5.14032877152771e-06,-4.561133609535052e-05,4.590007582000732e-05,0.24098528018172446,0.04853009247058486,-0.0014694363888825969,0.8559275145887346,1.729422222219056,-0.8734947076303214,6.630077370910013,12.017777777764381,0.04855233393083045,2,True,42.5425816873799,0,0.19217111575521656,0.007494871296202458,-0.14720153373315759,-1.3394621047551074,0.03496576130744783,0.14771949595376266,-1.1788201094335613,-0.03530777874876387,0.19143578516315293,0.19159462338062458
3.4099999999997355,spin_and_extension,-4.421444529756222e-06,-4.4358038190811954e-05,4.4577850148557445e-05,0.24106049049639872,0.051190844954404846,-0.0015154010830467695,0.9240908342741827,1.8521523224411298,-0.9280614881669472,6.969791325146621,12.529240111097499,0.05121327021545835,2,True,42.54120385435891,0,0.1922450463245212,0.007290487241561504,-0.15417379967980135,-1.3425268258277767,0.03659399922192276,0.15466510032336986,-1.1743707168298174,-0.03694166489035654,0.19150654928368974,0.1916737575723505
3.4199999999997344,spin_and_extension,-3.7139688652312438e-06,-4.272372655293554e-05,4.288485018397425e-05,0.24113360084478044,0.05390788267468129,-0.0015617730886662664,0.995690098217457,1.980026495996534,-0.9843363977790769,7.31653626389683,13.04654399998618,0.05393050109351344,2,True,42.5398771190945,0,0.1923169106844652,0.0070816586874879114,-0.1612753169870021,-1.3456779338196094,0.03825133384854453,0.161739686612979,-1.169872394265785,-0.03860418907025924,0.1915751638959299,0.191750893052094
3.4299999999997333,spin_and_extension,-3.021623189374876e-06,-4.068987299527656e-05,4.080191136540426e-05,0.24120456633978096,0.056679738553861804,-0.001608528860193112,1.0707947262017703,2.1131017095519358,-1.0423069833501653,7.670149721132185,13.569400111097092,0.05670255834569038,2,True,42.53860305159313,0,0.1923866652766443,0.0068685638154154065,-0.16850336768328983,-1.3489145684190795,0.03993714631548056,0.16894056215384193,-1.1653271703050843,-0.040294695067625515,0.1916415878865063,0.19182598330908124
3.439999999999732,spin_and_extension,-2.3483598204746673e-06,-3.8238245530977306e-05,3.8310288632868925e-05,0.24127334392652583,0.059504951540421624,-0.0016556406487434677,1.149472493657865,2.2514320497740012,-1.1019595561161364,8.030465662314917,14.097521777763559,0.059527979991913345,2,True,42.53738317325316,0,0.19245426835010027,0.00665138590581035,-0.17585521538108134,-1.352235841191983,0.04165081625960588,0.1762650162654606,-1.1607370714925238,-0.04201252392314676,0.19170578193311472,0.1918989837048176
3.449999999999731,spin_and_extension,-1.6983646852512296e-06,-3.5350921442088564e-05,3.5391695203943336e-05,0.2413398924340767,0.06238206834187643,-0.0017030763590667414,1.2317894968079337,2.395068749996065,-1.1632792531881313,8.397314634584134,14.630624999985598,0.06240531163923792,2,True,42.53621895502026,0,0.19251968001148204,0.006430313171330608,-0.18332810832363253,-1.3556408364023427,0.04339172243019465,0.18371032327456363,-1.1561041199386004,-0.043757014605031,0.19176770855218167,0.19196985152455945
3.45999999999973,spin_and_extension,-1.07605939204178e-06,-3.201029948020048e-05,3.202838079933677e-05,0.2414041726254063,0.0653096449804275,-0.0017507994257742543,1.3178101193153908,2.544060216884792,-1.2262500975694013,8.770523917706665,15.168428444429857,0.06533310819199287,2,True,42.535111815522804,0,0.19258286227350754,0.006205538583748128,-0.19091928230978525,-1.3591286117792407,0.04515924326131142,0.1912737454110961,-1.1514303309878606,-0.045527504649818924,0.19182733214504916,0.19203854602670734
3.469999999999729,spin_and_extension,-4.861026561976978e-07,-2.819911123345891e-05,2.8203300696006327e-05,0.24146614724556262,0.06828624817974213,-0.0017987687089232169,1.4075970004499374,2.698452057106851,-1.2908550566569137,9.149917676099687,15.71065344442968,0.06830993532314533,2,True,42.534063119310375,0,0.19264377910166378,0.005977259694712043,-0.19862596348344608,-1.3626981992431628,0.04695275740988156,0.1989525355680104,-1.146717710961073,-0.0473233307744781,0.19188461904261245,0.19210502849008496
3.4799999999997278,spin_and_extension,6.660893895888357e-08,-2.390043169941196e-05,2.390052451660853e-05,0.24152578106796066,0.07131045659250028,-0.0018469384089561196,1.501211004779751,2.8582871039955733,-1.3570760992158224,9.53531711214633,16.25702399998507,0.07133437044240296,2,True,42.533074175050274,0,0.19270239645908385,0.005745678450432363,-0.2064453709788694,-1.3663486055963958,0.04877164425782084,0.20674393991602258,-1.141968254968076,-0.04914382945812503,0.1919395375483375,0.19216926225906394
3.4899999999997267,spin_and_extension,5.769408595841459e-07,-1.909768910285681e-05,1.9106401802140387e-05,0.2415830409387413,0.07438086187841514,-0.0018952580009189933,1.598711193404512,3.023605444217627,-1.4248942508131148,9.926540620988629,16.80726677776269,0.07440500398910568,2,True,42.53214623379575,0,0.19275868234954127,0.005511001000367884,-0.21437471941536118,-1.3700788131794377,0.05061528437760177,0.21464520036697185,-1.1371839447928145,-0.05098833749208699,0.19199205797958596,0.1922312127864945
3.4999999999997256,spin_and_extension,1.039521228338301e-06,-1.377467399531553e-05,1.381384262475101e-05,0.24163789581913678,0.07749606964201063,-0.0019436721878220114,1.7001547967455573,3.1944444444396787,-1.4942896476941216,10.323403946951002,17.361111111095862,0.07752044036601864,2,True,42.53128048726539,0,0.1928126068585009,0.005273437500006564,-0.22241122123630042,-1.37388778049238,0.05248305996031331,0.2226535568807195,-1.1323667468525753,-0.0528561924974539,0.19204215270717828,0.19229084767440788
3.5099999999997245,spin_and_extension,1.4487421294600687e-06,-7.915547668941926e-06,8.047033531492488e-06,0.24169031682578382,0.0806547002387266,-0.0019921208729385526,1.8055971889093343,3.3708387779950626,-1.565241589085728,10.72572034172231,17.918288999984597,0.08067929855984342,2,True,42.530478066170616,0,0.19286414219216924,0.005033201907828546,-0.2305520888885369,-1.3777744427794456,0.05437435520616762,0.23076624961163447,-1.12751861023704,-0.05474673340922584,0.19208979619312994,0.19234813671245657
3.5199999999997234,spin_and_extension,1.7987616175964588e-06,-1.5048499136029658e-06,2.345232743121476e-06,0.24174027726892733,0.08385538945717158,-0.002040539150771743,1.91509186364325,3.552820451550443,-1.6377285879071932,11.133300724390775,18.47853511109557,0.08388021305564634,2,True,42.52974003855624,0,0.19291326271448486,0.004790511776547215,-0.2387945368389162,-1.381737712573126,0.05628855667680693,0.23898052089149874,-1.1226414648317045,-0.05665930092638126,0.1921349650264871,0.19240305191405002
3.5299999999997222,spin_and_extension,2.0835064333930635e-06,5.472493858003659e-06,5.855697062167582e-06,0.24178775268845717,0.08709678908463422,-0.0020888573163878885,2.028690411901588,3.740418831772489,-1.7117284198709013,11.54595384339837,19.0415867777621,0.0871218342089368,2,True,42.5290674081879,0,0.19295994498199384,0.0045455880387263075,-0.24713578342516626,-1.3857764801958221,0.05822505360907099,0.24729361704611802,-1.1177372195303907,-0.05859323792709084,0.19217763795720755,0.1924555675501572
3.539999999999721,spin_and_extension,2.296675426181762e-06,1.3031166096130948e-05,1.3232006946725047e-05,0.24183272088772373,0.09037756736227356,-0.0021370008927532828,2.146442501042291,3.9336606719945313,-1.7872181709522401,11.963486440437622,19.607183999984187,0.09040282879307728,2,True,42.52846111297555,0,0.19300416777655313,0.004298654786874752,-0.25557305253923523,-1.3898896142155808,0.06018323819016231,0.2557027900437172,-1.1128077605421682,-0.06054788984839543,0.19221779592801466,0.19250566018073317
3.54999999999972,spin_and_extension,2.4317436814493746e-06,2.1185451192740387e-05,2.1324556726278133e-05,0.2418751619650766,0.09369640933586698,-0.0021848906756974673,2.2683958556725403,4.13257013888324,-1.8641742832106998,12.385703416277982,20.175069444428516,0.09372188041487575,2,True,42.527922023410106,0,0.19304591213580782,0.0040499390481247574,-0.2641035751415769,-1.3940759618533862,0.06216250579373858,0.2642052989736896,-1.1078549497964287,-0.06252260502971534,0.19225542210417076,0.1925533086837377
3.559999999999719,spin_and_extension,2.4819673481835176e-06,2.99492301382483e-05,3.0051897573883905e-05,0.2419150583430745,0.09705201710748755,-0.002232442796058186,2.394596240163159,4.3371688391052805,-1.9425725989421212,12.812407998461616,20.744988444428394,0.09707768964581785,2,True,42.5274509410653,0,0.19308516138138873,0.003799670553601445,-0.27272459060568005,-1.3983343493409484,0.06416225517690786,0.2727984113550311,-1.1028806234512079,-0.06451673501982381,0.19229050190111138,0.19259849428170878
3.569999999999718,spin_and_extension,2.440389158693996e-06,3.933597574371133e-05,3.9411603455780855e-05,0.24195239479531416,0.1004431099930836,-0.0022795687985579394,2.5250874428495527,4.547475845993985,-2.0223884031444324,13.243401910774962,21.316688999983846,0.1004689742307887,2,True,42.527048597118295,0,0.19312190114477737,0.0035480815025968233,-0.28143334789270125,-1.402663582225932,0.06618188863821917,0.28147940427440005,-1.0978865905065809,-0.06652963484660641,0.19232302300988124,0.1926412005658564
3.5799999999997167,spin_and_extension,2.299844631008738e-06,4.935874841802735e-05,4.9412299387105e-05,0.24198715847082797,0.10386842459059309,-0.002326175736932436,2.6599112619364043,4.763507726216021,-2.1035964642796166,13.678485544352771,21.889921777761515,0.10389446918044482,2,True,42.526715650902716,0,0.19315611939078733,0.00329540632166263,-0.29022710655686856,-1.4070624456244614,0.06822081213676204,0.2902455653544595,-1.0928746315270415,-0.06856066324962679,0.1923529754203189,0.19268141351763726
3.5899999999997156,spin_and_extension,2.052968941574945e-06,6.003019249131477e-05,6.0065286913652343e-05,0.24201933891600047,0.1073267147629958,-0.002372166284804978,2.799107493121248,4.985278566438057,-2.1861710733168085,14.117458130236427,22.464440111094756,0.10735292672490096,2,True,42.5264526885327,0,0.19318780643861164,0.003041881418742142,-0.2991031375828685,-1.4115297044198933,0.070278435372477,0.2990941935538129,-1.0878464974746995,-0.07060918287520683,0.1923803514419381,0.19271912152778226
3.5999999999997145,spin_and_extension,1.6922044537012224e-06,7.13625330771252e-05,7.138259369830235e-05,0.24204892809395706,0.11081675154048545,-0.0024174388617837547,2.9427139189503464,5.212799999993422,-2.2700860810430754,14.560117913165733,23.039999999983554,0.1108431163037058,2,True,42.52626022148078,0,0.19321695498038702,0.002787744932461759,-0.3080587240573145,-1.4160641034078083,0.07235417182838609,0.30802259980066127,-1.082803908655122,-0.07267456043416055,0.19240514572245143,0.19275431541273536
3.6099999999997134,spin_and_extension,1.2098088849437663e-06,8.336757346722137e-05,8.337635122353726e-05,0.24207592040137715,0.11433732294580067,-0.002461887774236342,3.090766299918278,5.446081233548788,-2.3553149336305093,15.006262326351928,23.616360111094586,0.11436382428519719,2,True,42.52613868532855,0,0.19324356009722754,0.002533236476708962,-0.31709116167702417,-1.4206643673875088,0.07444743877508678,0.31702810746293075,-1.0777485537765399,-0.07475616682215666,0.19242735526389193,0.19278698842847883
3.6199999999997123,spin_and_extension,5.978640945299199e-07,9.60566930534419e-05,9.605855361100687e-05,0.24210031268268734,0.11788723374666585,-0.002505403370193935,3.2432983673185345,5.685129073770816,-2.441830706452282,15.455688166941043,24.19328177776117,0.11791385380625179,2,True,42.526088438425845,0,0.19326761927268105,0.002278596880624473,-0.3261977590974856,-1.4253292012005356,0.07655765723840334,0.32610805265838955,-1.0726820891230955,-0.0768533772033456,0.19244697943627576,0.19281713628170372
3.6299999999997112,spin_and_extension,-1.5171453010117165e-07,0.00010944084577177233,0.00010944095093035102,0.24212210424159072,0.12146530513922892,-0.0025478722078118993,3.4003418178510287,5.929947953992847,-2.529606136141818,15.90819177184995,24.77052899998332,0.12149202441499805,2,True,42.526109760669016,0,0.19328913240356288,0.002024067924140822,-0.33537583812572497,-1.4300572897178843,0.07868425193099235,0.3352597844088753,-1.0676061378423845,-0.07896557105748649,0.19246401998876686,0.19284475713830038
3.63999999999971,spin_and_extension,-1.0471681104841706e-06,0.00012353055906415774,0.00012353499740460182,0.2421412968498897,0.12507037436635038,-0.002589177236814611,3.5619263099885026,6.180539960881541,-2.618613650893039,16.363569193629218,25.347868444427707,0.12509717173161478,2,True,42.52654433927272,0,0.1933081018081235,0.0017698920692020173,-0.34462273376228814,-1.434847297777446,0.0808266511489627,0.3444806646435615,-1.062522289345764,-0.0810921321914074,0.19247848105829096,0.19286985162913545
3.649999999999709,spin_and_extension,-2.0914049253277556e-06,0.00013827506401705328,0.000138290879321385,0.2421579114898263,0.12871975839019587,-0.0026228299977802115,3.728215963642969,6.436904861103566,-2.708688897460598,16.85490010868082,25.925069444427653,0.12874647735511838,2,True,42.533972532230635,0,0.1933245322315073,0.0015163121868028181,-0.35337900681456597,-1.4399129588666413,0.08308159877792448,0.35319034746011463,-1.0573695489250012,-0.08334240073716051,0.1924901708784867,0.1928924714587933
3.659999999999708,spin_and_extension,-3.273676466504656e-06,0.00015350486246178173,0.00015353976604455888,0.24217203359874695,0.13246714598726025,-0.002639256976379209,3.899678689471011,6.69904012799226,-2.799361438521248,17.389155570813603,26.501903999983156,0.13249343544918518,2,True,42.53523281072229,0,0.1933384308484613,0.001263571279987867,-0.3613172113402472,-1.4451437867776418,0.08530831859531539,0.3611031310185311,-1.0520737986430408,-0.08552802946812667,0.19249865899155266,0.1929128003144273
3.669999999999707,spin_and_extension,-4.593096611325849e-06,0.00016916451067262433,0.00016922685427434207,0.24218371198979335,0.13633400832598253,-0.0026403381598682765,4.076623764917962,6.966940968214284,-2.890317203296322,17.946905296982,27.07814677776089,0.13635957320784056,2,True,42.533146623100755,0,0.19334980726325446,0.0010119122029555749,-0.3688561490847129,-1.4502744327990802,0.08740062748598428,0.3686221055003338,-1.0467552034097622,-0.0875449905240383,0.19250396398982533,0.19293092871825826
3.6799999999997057,spin_and_extension,-6.056420369160887e-06,0.00018527298724808891,0.00018537195049823073,0.2421929246361627,0.14032066308465554,-0.0026292648009026043,4.259228658925834,7.240600348436305,-2.9813716895104716,18.518542935988467,27.65357511109419,0.1403452938869419,2,True,42.530523864076244,0,0.19335867350676889,0.0007615773764131059,-0.37616991764346625,-1.4552993700646262,0.08937806455702473,0.37591455052660167,-1.041527611031899,-0.08944386355878066,0.19250622282273927,0.19294684043155355
3.6899999999997046,spin_and_extension,-7.670578104623259e-06,0.0002018736961794919,0.00020201937277803073,0.24219962795541866,0.14441971462790307,-0.0026082545777411817,4.447598995211536,7.520009021991661,-3.0724100267801258,19.09842934986362,28.227968999983055,0.14444326555132114,2,True,42.52867734704542,0,0.19336504403072682,0.0005128084993328705,-0.38334224303337217,-1.4602625069919508,0.09127204711415347,0.3830642223015244,-1.0364359253758177,-0.09126552574648772,0.1925055521992595,0.19296048786664644
3.6999999999997035,spin_and_extension,-9.440560405291994e-06,0.00021901613962738929,0.00021921951007620202,0.24220379139893627,0.1486209870017882,-0.002578700518757889,4.64179638929808,7.805155555547016,-3.1633591662489353,19.683002164090798,28.801111111094134,0.14864335658567707,2,True,42.52780977091706,0,0.19336893569901759,0.00026584625726264687,-0.39041967839669284,-1.4651918677587819,0.0931093818040962,0.39011867121773836,-1.0314784881032926,-0.0930340707624886,0.19250204249891664,0.19297183179672903
3.7099999999997024,spin_and_extension,-1.1369819809009026e-05,0.00023674930038633404,0.00023702215937736277,0.24220540590252176,0.15291347270715508,-0.00254160928344476,4.841854093811485,8.096026355769036,-3.254172261957551,20.269928953171846,29.372786777760783,0.15293459352317962,2,True,42.527699901116435,0,0.19337036777609104,2.093002734530419e-05,-0.39743053555716923,-1.470099027549531,0.09490909599963639,0.39710684278307057,-1.0266371114480142,-0.09476456370360165,0.19249576816834454,0.19298085017879077
3.7199999999997013,spin_and_extension,-1.3459602115001974e-05,0.0002551053888103001,0.0002554602127321367,0.24220448264719302,0.15729183867021052,-0.0024963365408907736,5.047812764073929,8.392605695991056,-3.3447929319171266,20.86921020522604,29.942783999982996,0.1573116467123988,2,True,42.53427332099135,0,0.19336936191238566,-0.00022170241979382194,-0.4042499863308213,-1.4750222056624045,0.09672756595470001,0.403891082709996,-1.0219142040818843,-0.09651669852920551,0.1924867841793935,0.19298751337166536
3.7299999999997,spin_and_extension,-1.5687626302544837e-05,0.00027390126190231744,0.00027435014651115133,0.242201102566949,0.1618328961984513,-0.0024301139870138377,5.260088161488894,8.694875742879743,-3.4347875813908497,21.528148663855433,30.510893444427442,0.16185114064742648,2,True,42.54023083877891,0,0.19336594212676017,-0.00046181522113108276,-0.409846361805002,-1.4800901488530962,0.09864249664041189,0.4094526478426491,-1.0172972428655953,-0.09835417963722191,0.19247500097586961,0.1929916048661002
3.739999999999699,spin_and_extension,-1.80247917120539e-05,0.00029291964720070063,0.000293473700410183,0.2421953898911877,0.1666206168154696,-0.002340326826612623,5.479184765690419,9.00281658310176,-3.5236318174113417,22.22593540992015,31.076908444427442,0.16663705188554506,2,True,42.54034558721434,0,0.19336013478590056,-0.0006991747251364819,-0.41448601829347265,-1.4851153471932108,0.10035243737011323,0.41407627035685746,-1.0125925925333696,-0.09992979779960277,0.19246033661074421,0.1929931710188216
3.749999999999698,spin_and_extension,-2.0461477787215326e-05,0.00031213894974611476,0.00031280888098301216,0.24218738591289,0.1716732917262751,-0.0022315124434797236,5.705392531048919,9.316406249990443,-3.611013718941523,22.946067616151986,31.640624999983004,0.17168779433372572,2,True,42.537929242787015,0,0.19335196858067433,-0.0009335497983077079,-0.41851016056005463,-1.4900269870688048,0.10184331922558898,0.41808498629007046,-1.0078848563004887,-0.10126659673865925,0.19244278656187294,0.19299241676104312
3.759999999999697,spin_and_extension,-2.2997313625358956e-05,0.0003316591386388011,0.00033245550179928534,0.24217706811322304,0.1769736943906125,-0.0021080318996265037,5.938875769466496,9.635620750212464,-3.696744980745967,23.678436539745764,32.201841777760805,0.17698624886688213,2,True,42.535487164144214,0,0.19334147449940742,-0.0011647121341778306,-0.4221228898693472,-1.494815217550274,0.10316543501057726,0.4216800831143642,-1.003312302110974,-0.10244024217518839,0.19242237037233656,0.1929894773379999
3.769999999999696,spin_and_extension,-2.5633085931796902e-05,0.0003516316775425251,0.00035256473412092316,0.2421644048640424,0.18248945482607,-0.001973079848127149,6.179717678621541,9.960434090434482,-3.780716411812941,24.416315457880536,32.76036011109417,0.1825001209579733,2,True,42.53401324381138,0,0.19332868579805904,-0.0013924365646245435,-0.42545193389502795,-1.4994752154900335,0.10436633257354873,0.42499034772699845,-0.9989538209892808,-0.1035005712414365,0.19239913375708484,0.19298442040514882
3.7799999999996947,spin_and_extension,-2.8367923362916402e-05,0.0003722161935701874,0.00037329563864556937,0.24214938329267702,0.18818457306897016,-0.0018290678767602711,6.427946775271962,10.290818303989829,-3.862871528717867,25.155128190282273,33.31598399998309,0.18819346166733106,2,True,42.53358007674667,0,0.1933136379672727,-0.0016165013733091653,-0.42857681927658525,-1.5040024083846013,0.10548071989934965,0.42809652532270237,-0.9948301702422172,-0.10447687574025011,0.19237314772247677,0.1929772784645013
3.7899999999996936,spin_and_extension,-3.119888119809324e-05,0.0003935587209895907,0.00039479341060227337,0.24213201386947122,0.1940251018699441,-0.0016780545446733253,6.683554031713615,10.626743477545183,-3.943189445831568,25.89170320457945,33.86852011109423,0.1940323581442016,2,True,42.53393672473037,0,0.19329636869628306,-0.0018366886110690402,-0.43154738333768244,-1.5083975920499944,0.10653151073873113,0.43104913460502947,-0.9909302110339832,-0.10538759156832744,0.1923444999834471,0.19296807004115818
3.7999999999996925,spin_and_extension,-3.41211320541145e-05,0.00041578360823123217,0.00041718132811337217,0.24211232558051513,0.1999813506394208,-0.0015219726404674357,6.946504088062123,10.968177777767197,-4.021673689705074,26.62379063492455,34.41777777776094,0.1999871420523708,2,True,42.534809463742306,0,0.19327691783365966,-0.0020527844130847515,-0.434395916498572,-1.5126678673232532,0.10753341907328237,0.4338807267115032,-0.987230889163462,-0.10624552541648355,0.19231328586730778,0.19295681032851755
3.8099999999996914,spin_and_extension,-3.712819790221342e-05,0.0004389927091271391,0.0004405599865469524,0.24209035975363127,0.20602827177309024,-0.0013627070628794641,7.216742674234898,11.315087477989213,-4.098344803754315,27.349757627222015,34.963568999983224,0.20603277827615424,2,True,42.53599594304389,0,0.193255327344871,-0.002264579317643324,-0.4371445332407315,-1.5168244374056923,0.10849614363558001,0.4366134593505078,-0.983707595493237,-0.10706023649414838,0.19227960203327654,0.19294351616915095
3.8199999999996903,spin_and_extension,-4.021214380056587e-05,0.00046326776853879354,0.00046500972234561996,0.2420661653071744,0.21214504864197678,-0.001202101226780965,7.4942016665014295,11.667436984877897,-4.173235318376467,28.068399313626703,35.505708444427704,0.2121484543832807,2,True,42.53736970416726,0,0.1932316412666536,-0.0024718685863142895,-0.4398093538650831,-1.5208799920171006,0.10942645179734786,0.4392634110640891,-0.9803383110716182,-0.10783916314729136,0.19224354308544234,0.19292820825659357
3.829999999999689,spin_and_extension,-4.3363753877701216e-05,0.000488673764844788,0.0004905939905848267,0.24203979573240803,0.2183144315131798,-0.001041938885427666,7.778802669677564,12.025188865099913,-4.246386195422349,28.77881987513489,36.04401344442777,0.2183169178812138,2,True,42.53885935078239,0,0.19320590565817317,-0.0026744525253546837,-0.442402776298344,-1.5248468698238957,0.11032936179831235,0.44184291841980955,-0.9771046811338383,-0.10858822582702089,0.1922052001741923,0.19291091194561413
3.839999999999688,spin_and_extension,-4.657270827679104e-05,0.0005152621828945517,0.0005173626719019198,0.24201130737986823,0.22452207300514648,-0.0008839214863416534,8.070459684779749,12.388303871988596,-4.317844187208847,29.480385864426086,36.5783039999834,0.22452381291815485,2,True,42.541031919889264,0,0.19317816854896624,-0.002872136808156753,-0.4449346935504772,-1.5287361059290119,0.11120877199348808,0.444361819544986,-0.9739918305010986,-0.10931219332045265,0.19216466073909944,0.19289165730136087
3.849999999999687,spin_and_extension,-4.983729394349436e-05,0.0005431416636316665,0.0005454233425882912,0.24198077035286847,0.2307495402453372,-0.0007275894673637957,8.369172611672212,12.756740972210608,-4.3875683605383955,30.194292436157394,37.10840277776125,0.23075068734215262,2,True,42.54709173879915,0,0.193148479883653,-0.003064732798550209,-0.44717177528900853,-1.5323857276489967,0.11213973223106379,0.4465801687046199,-0.9712496993790578,-0.11013815431490183,0.1921220375502299,0.1928703415426021
3.859999999999686,spin_and_extension,-5.3174938213206645e-05,0.0005725665809482501,0.0005750304893418673,0.24194829835492937,0.23696134681987566,-0.0005710289673090529,8.675130279965476,13.130457372432629,-4.455327092467153,30.92530683586045,37.634135111094665,0.23696203485648795,2,True,42.5498290896289,0,0.1931168914634135,-0.0032520578747688308,-0.44897095139055276,-1.5355778512332152,0.11304216554365752,0.44836550639341,-0.968964526787867,-0.11095241567867972,0.19207751642593665,0.19284672974837963
3.869999999999685,spin_and_extension,-5.659846916060839e-05,0.0006037356775219042,0.0006063828452587994,0.24191398399860067,0.24312481464897043,-0.0004154369940406377,8.988442757758932,13.509408545987975,-4.520965788229043,31.66326914284854,38.155328999983645,0.24312516959696834,2,True,42.5504604903987,0,0.19308345688422165,-0.003433935753890027,-0.45046094889571253,-1.5383849230574778,0.11383985987306496,0.4498436767718379,-0.9669885673994618,-0.11164475670931569,0.19203124821388348,0.1928208499211726
3.8799999999996837,spin_and_extension,-6.01175076955717e-05,0.0006367848791800802,0.0006396163671169747,0.24187787559760282,0.24921554197103227,-0.0002624343562705844,9.30914281621623,13.89354825954333,-4.5844054433271015,32.40184215974617,38.671815111094844,0.2492156801672176,2,True,42.55052196613061,0,0.1930482314718337,-0.0036101968165537348,-0.4517185434659454,-1.5409156392354113,0.11453526597334873,0.45108991659773967,-0.9652751260099364,-0.11222683620544231,0.19198333207486518,0.19279279657224907
3.8899999999996826,spin_and_extension,-6.373854514477507e-05,0.0006718058717581041,0.0006748227407740782,0.2418400039704137,0.25521630323011185,-0.00011326006590187667,9.63721021100031,14.282828599765345,-4.645618388765035,33.13644539138685,39.183426777761625,0.25521632835135283,2,True,42.55083616555303,0,0.193011272213528,-0.0037806784317651622,-0.4528007418177431,-1.5432503240519295,0.11514665626931427,0.4521613855451769,-0.9637957108433892,-0.11272230540330044,0.19193384296632532,0.1927626601039761
3.8999999999996815,spin_and_extension,-6.746480619772426e-05,0.0007088558800945082,0.000712059097842206,0.24180040310628084,0.2611159433576864,3.1176198785661e-05,9.972585930416855,14.677199999987353,-4.704614069570499,33.863727678367354,39.689999999983954,0.26111594521434583,2,True,42.55163081728226,0,0.1929726376865983,-0.003945225281585555,-0.45375016900445914,-1.5454399314543092,0.11569288116422963,0.45310108616550243,-0.9625180522748709,-0.11315041653901835,0.19188284851972887,0.19273052409423222
3.9099999999996804,spin_and_extension,-7.12967504972525e-05,0.0007479648214590075,0.0007513551761794635,0.2417591171991437,0.2669083061869006,0.00017011745996459445,10.315182850478237,15.076611266876046,-4.761428416397809,34.58128213573193,40.191373444428514,0.2669083603970507,2,True,42.55286060332593,0,0.19293238798360057,-0.00410368968551229,-0.45459817340100506,-1.547517909741386,0.11618919439321693,0.45394055425362667,-0.9614078075820099,-0.11352596045790438,0.19183041428995246,0.19269647030347017
3.9199999999996793,spin_and_extension,-7.523272281358367e-05,0.0007891417018782164,0.0007927197412864104,0.24171620033741473,0.2725911189107696,0.00030285710760544063,10.664893893134366,15.481009607098065,-4.816115713963698,35.28741962107504,40.68738844442862,0.2725912871529542,2,True,42.55440926591089,0,0.19289058463435887,-0.004255931924348666,-0.4553678125871693,-1.5495082338124442,0.11664700588575623,0.4547028569396703,-0.9604334865354374,-0.11386052874117232,0.19177660439912006,0.1926605813008749
3.929999999999678,spin_and_extension,-7.926950155175129e-05,0.0008323802973244345,0.0008361462869918021,0.2416717139976794,0.27816493341731596,0.00042870843021188633,11.02159817441084,15.890340653986755,-4.868742479575913,35.98098845317929,41.17788899998431,0.2781652637702305,2,True,42.55617137547632,0,0.19284729052473598,-0.004401820563363038,-0.4560762265188295,-1.5514291464384533,0.11707471549558959,0.45540505660123687,-0.9595689633524582,-0.11416327585423623,0.19172148139338108,0.1926229411101592
3.939999999999677,spin_and_extension,-8.340271581497492e-05,0.0008776638673449091,0.0008816177613048275,0.24162572460254003,0.2836322267118522,0.000547009727758459,11.385165590741108,16.304548494208774,-4.9193829034676675,36.66123693062019,41.662721777762215,0.2836327541877667,2,True,42.55807178149622,0,0.19280256981217644,-0.004541232774534889,-0.4567362886387145,-1.5532947754462378,0.11747855516014971,0.45605992710049864,-0.9587937862325233,-0.11444137992310265,0.1916651063682108,0.19258363502537265
3.949999999999676,spin_and_extension,-8.762716464479773e-05,0.000924968821712314,0.0009291102416417295,0.24157830174252362,0.2889966991759338,0.0006571399983368439,11.755460227729515,16.72357569443079,-4.968115466701275,37.32771031277087,42.14173611109568,0.28899744629306484,2,True,42.560062246471574,0,0.1927564878380329,-0.00467405465768446,-0.4573577069279841,-1.5551159810716073,0.11786319865466262,0.4566770859125968,-0.9580924339606396,-0.11470039625921837,0.1916075393762749,0.19254274918942815
3.959999999999675,spin_and_extension,-9.193707089109413e-05,0.0009742674363620328,0.0009785956583592027,0.24152951702752487,0.29426275942008684,0.0007585336747435476,12.13234288651016,17.147363327986145,-5.015020441475985,37.980173472157674,42.61478399998473,0.2942637370637387,2,True,42.56211314069336,0,0.1927091110366875,-0.004800181560281889,-0.45794777325495684,-1.5569009634347422,0.11823216920810752,0.457263753279811,-0.9574532933144939,-0.11494456224264817,0.1915488399378637,0.19250037016424573
3.969999999999674,spin_and_extension,-9.632628991027009e-05,0.0010255297951077447,0.0010300437441107101,0.24147944338222202,0.2994351619917641,0.0008506907333797879,12.51567294456199,17.575851001541505,-5.060178056979514,38.61855230216603,43.08172011109597,0.299436370380181,2,True,42.56420625773223,0,0.19266050684148253,-0.004919518395730206,-0.4585119004979737,-1.558655777260838,0.11858811610493171,0.45782528914774345,-0.9568677092923699,-0.11517706097772172,0.1914890675217201,0.19245658456732942
3.9799999999996727,spin_and_extension,-0.00010078848445526403,0.0010787251418487174,0.001083423393810252,0.2414281546160714,0.3045187604673931,0.0009331819779484517,12.905309710135967,18.00897688176353,-5.103667171627562,39.242888985907605,43.54240177776279,0.3045201902982649,2,True,42.56632994142868,0,0.19261074358747685,-0.005031979959915769,-0.45905402882420415,-1.5603847771275774,0.11893301234666756,0.4583655957352867,-0.9563292179970225,-0.11540024319617317,0.19142828193461195,0.19241147879039416
3.9899999999996716,spin_and_extension,-0.00010531727239226522,0.00113382280204569,0.0011387035936989427,0.24137572515062827,0.30951834341490425,0.0010056504763536153,13.301113389228227,18.446677721985555,-5.145564332757326,39.85330772961263,43.99668899998519,0.3095199771183266,2,True,42.56847615475448,0,0.19255989041104626,-0.0051374912458193745,-0.45957694493991,-1.5620909917463515,0.11926830347788188,0.45888743256377007,-0.9558329655185055,-0.115615809366704,0.1913665436039527,0.19236513879308648
3.9999999999996705,spin_and_extension,-0.00010990635154434408,0.0011907927969935206,0.0011958540427165186,0.24132222983270255,0.31443852812230444,0.0010678103005654722,13.702945755834676,18.88888888887425,-5.185943133039571,40.44998854672762,44.44444444442979,0.3144403411993477,2,True,42.570638841766964,0,0.1925080171463485,-0.005235987755979845,-0.46008253781652375,-1.5637764281661928,0.11959502372383302,0.4593926685768998,-0.9553752805059472,-0.11582495643009305,0.19130391376060005,0.19231764995703435
4.009999999999674,spin_and_extension,-0.000114557976099971,0.0012496410558325132,0.0012548809896999475,0.24126774783215615,0.31926740873217785,0.001120503728838963,14.110717800693953,19.335544389096462,-5.224826588402509,41.04641486419045,44.88553344443017,0.3192693749679826,2,True,42.57641464747936,0,0.19245518337854356,-0.0053306692403112975,-0.46043921226035556,-1.5653350746685064,0.11995754972124292,0.45973966322403337,-0.9550584537378861,-0.11611347945911418,0.19124042503249195,0.19226905961655308
4.019999999999677,spin_and_extension,-0.00011930738287442229,0.0013105204855798195,0.0013159400422255985,0.24121237457823988,0.3239377567018111,0.0011666270988856815,14.524534898396448,19.78657689598537,-5.262041997588919,41.65615578164303,45.31982399998609,0.32393985741671155,2,True,42.57875758528698,0,0.1924014057101092,-0.00542476615668936,-0.4604433152409414,-1.566491877478276,0.12033211960705449,0.45973179994319996,-0.9550631091794379,-0.11645663409546288,0.19117606845435464,0.19221928771224153
4.0299999999996805,spin_and_extension,-0.00012418530509832946,0.0013735591486224658,0.0013791616021216796,0.2411561693853746,0.3284086964944298,0.0012069703120308212,14.944487058343732,20.24191777620761,-5.297430717863877,42.27181585112907,45.74718677776424,0.32841091440180625,2,True,42.57850981494946,0,0.19234669003837276,-0.005518268186326779,-0.4601786098795333,-1.5672379905202813,0.1206363793116182,0.4594566867333603,-0.9553502337043505,-0.11671401319343484,0.19111094551450358,0.19216827850724325
4.039999999999684,spin_and_extension,-0.00012921163370492022,0.0014388125458037022,0.0014446027787065982,0.24109913707353084,0.33266597871552883,0.0012417513700356563,15.370603888396609,20.701497116429845,-5.3308932280332355,42.88819679524318,46.16749511109793,0.3326682962478942,2,True,42.577258380530864,0,0.1922910423635243,-0.005611165075672335,-0.4596905028430813,-1.5676739326750488,0.12085513128442833,0.45895905195736475,-0.9558911342433571,-0.11687268563394591,0.19104516003923985,0.19211599246066982
4.049999999999687,spin_and_extension,-0.0001343985682116724,0.0015062865069339199,0.0015122704837787905,0.2410412567012358,0.3367080116812835,0.0012711844262306305,15.802868457727264,21.165243749985432,-5.36237529225817,43.501025368916956,46.580624999987194,0.33671041122628786,2,True,42.575919063583456,0,0.19223446878795838,-0.005703446637535267,-0.4590167983029489,-1.567895426218922,0.12099300758560182,0.45827656084521856,-0.9566474702400374,-0.11694319746263633,0.19097877858161152,0.19206240530065344
4.0599999999996905,spin_and_extension,-0.00013975282418095248,0.0015759559768466099,0.0015821403518098843,0.24098250376539038,0.3405397247583815,0.0012954866427422461,16.241225234767217,21.633085283541014,-5.3918600487737995,44.106773362176035,46.98645511109867,0.34054218888602394,2,True,42.57483048707006,0,0.19217697551560517,-0.0057951027522023845,-0.45819347805240324,-1.5679691237083688,0.12106140923303242,0.45744512317778474,-0.9575765208274454,-0.11693964905353664,0.19091183721282268,0.19200751270697175
4.069999999999694,spin_and_extension,-0.0001452774241836392,0.0016477773835594672,0.0016541692282676268,0.2409228590898396,0.3441694895061917,0.0013148205229020033,16.685587316672905,22.10494812376327,-5.419360807090363,44.70261582322699,47.38486677776568,0.3441720009645182,2,True,42.574049307907664,0,0.19211856885124978,-0.005886123368547851,-0.4572535195113351,-1.5679391532951752,0.12107283549872898,0.4564976015424849,-0.958638757497398,-0.11687598750345933,0.190844351835695,0.191951327569101
4.079999999999697,spin_and_extension,-0.00015097289031330006,0.0017216962093552766,0.0017283028238471057,0.2408623104666677,0.34760749625487425,0.001329276616000279,17.135843099153007,22.580757503985538,-5.444914404832531,45.28636029725305,47.77574399998827,0.3476100378539625,2,True,42.57353471289992,0,0.1920592551998412,-0.005976498505135378,-0.45622572073609435,-1.5678358387581828,0.1210387079196402,0.4554626650333246,-0.9598012142387646,-0.116764835305824,0.19077632553584356,0.19189387467026986
4.0899999999997005,spin_and_extension,-0.00015683794527077756,0.0017976515624321615,0.0018044803354405254,0.2408008517315602,0.3508648782257291,0.00133888440642933,17.591862106430273,23.060437510874465,-5.468575404444191,45.856355336596614,48.15897344443308,0.3508674327579612,2,True,42.57322732586994,0,0.19199904106578974,-0.006066218251312796,-0.4551343299900016,-1.5676812327690492,0.12096877868656856,0.45436444941270715,-0.9610376557134572,-0.11661701338687643,0.19070775340428625,0.19183518601066757
4.099999999999704,spin_and_extension,-0.0001628699221952482,0.001875579004956089,0.0018826373031967574,0.24073848134189177,0.35395322311252353,0.0013436306370586705,18.053499885035816,23.543911111096737,-5.490411226060918,46.411397313396726,48.53444444443341,0.35395577334180967,2,True,42.57307478882932,0,0.19193793305225368,-0.0061552727682988905,-0.45399923624408023,-1.5674921379946323,0.12087111909737615,0.4532227565816451,-0.9623275061377228,-0.1164414767763985,0.19063862568325007,0.19177529750951833
4.109999999999707,spin_and_extension,-0.00017039264120008741,0.001959485302615334,0.0019668798395785767,0.24067437865682847,0.3559075036801971,0.0011490192743605157,18.52522769790166,24.031100177985675,-5.505872480084015,47.77598873321045,48.90204899998934,0.35590935841937166,2,True,42.72822433666148,0,0.19187593786041535,-0.006243652290262326,-0.44222014875025284,-1.552116617083031,0.1240752333072138,0.4412694889900727,-0.9724343148109955,-0.12194119783845135,0.19057405311215628,0.19171725075337104
4.119999999999711,spin_and_extension,-0.00017870992097740958,0.002047498401942589,0.002055282691459549,0.24060880564752554,0.357307955639106,0.0011217643000444423,19.004861205029368,24.521925518207965,-5.517064313178596,48.41791189177243,49.261681777767464,0.3573097165104074,2,True,42.753869369045745,0,0.19181306228874617,-0.006331347125392564,-0.4375846462548196,-1.5538530910736568,0.12180875852996148,0.4379173390268821,-0.9742949418166342,-0.11902088086808305,0.1905088252177209,0.19165278886397605
4.129999999999714,spin_and_extension,-0.00018837120126851997,0.0021409461993626023,0.0021492171453886453,0.24054250739438476,0.3578047833215077,0.0010935893088312436,19.494135849110364,25.01630689843025,-5.522171049319885,48.97969236963809,49.61324011110116,0.3578064545234354,2,True,41.62918306147336,0,0.1917493132322611,-0.006418347656962704,-0.43722859122434865,-1.551718659802058,0.11782367666598946,0.43605835817919564,-0.9857736248109222,-0.11385698750350288,0.1904471366190163,0.19158517255226995
4.139999999999717,spin_and_extension,-0.0001992616649436848,0.0022391792022213083,0.0022480277379909224,0.2404758040736553,0.35753683720121343,0.0010555069773437288,19.992271638562688,25.514163071985877,-5.52189143342319,49.83968307580739,49.956623999990406,0.357538395204678,2,True,41.638200595914014,0,0.1916846976817626,-0.006504644344384059,-0.4304828806767242,-1.5449344053191028,0.11653903047396065,0.42920125940599135,-0.9937779709395063,-0.1123687674293583,0.19038557469592762,0.19151709799626188
4.149999999999721,spin_and_extension,-0.00021157975538906972,0.0023424095189688724,0.002351945651465289,0.24040858355806502,0.35646486290304186,0.0009620907953244039,20.499647593257443,26.015411805541508,-5.5157642122840675,51.593428471743756,50.29173611110184,0.35646616122704095,2,True,43.125751002890674,0,0.1916192227230739,-0.006590227724252367,-0.4251281748319275,-1.540100498459187,0.1145831505703198,0.42395702759481263,-1.000902527583412,-0.10979299201478677,0.190326320730417,0.1914474767080269
4.159999999999724,spin_and_extension,-0.0002249258645999576,0.002449247130886921,0.0024595534457953648,0.2403407911542538,0.35494191635154837,0.0009737238974592775,21.01450442906137,26.5199699057638,-5.5054654767024305,52.09191764809597,50.618481777768864,0.3549432519735993,2,True,43.01003047660071,0,0.19155289553626212,-0.006675088411385594,-0.41413538284582324,-1.5248296851648138,0.11563826450775161,0.41338030672172854,-1.012272169979727,-0.11174488508664926,0.19026763452565287,0.1913743601306784
4.169999999999727,spin_and_extension,-0.00023943933609558751,0.0025597814943668557,0.0025709555605986094,0.2402726272367535,0.35285125701470543,0.0010171257584651512,21.53696172292367,27.027753245986098,-5.49079152306243,52.41490999865384,50.93676899999143,0.35285272297103576,2,True,42.879077661939455,0,0.19148572339485065,-0.006759217099853108,-0.4065974799379376,-1.521178300456732,0.11345000891953906,0.4049752809978648,-1.0166108895373707,-0.10939632208797424,0.1902074339272763,0.1913015828799068
4.179999999999731,spin_and_extension,-0.00025493306808239133,0.0026733410790189555,0.002685468933719423,0.2402040102757299,0.3504293614844632,0.0010615353300799256,22.066294386358393,27.538676792875084,-5.472382406516691,53.22951018947524,51.24650844443622,0.3504309692859978,2,True,42.91528412203072,0,0.19141771366502178,-0.0068426045639961635,-0.3984220917746006,-1.509396975772678,0.1134592092748211,0.3972911174436773,-1.0263785758010924,-0.10975968381882174,0.19014958305039245,0.19122436587772831
4.189999999999734,spin_and_extension,-0.0002715987320829493,0.0027902597232955465,0.0028034470201368893,0.24013453698925935,0.3475283917107912,0.0011114550993991828,22.602540230080752,28.0526546330974,-5.4501144030166495,54.356818629238504,51.54761344443656,0.3475301689969405,2,True,43.21492275162229,0,0.1913488738048088,-0.006925241659439632,-0.3999165184993276,-1.5147428406774877,0.10818989134929217,0.39856611667080794,-1.031203766428173,-0.10210534927540153,0.19009067504443783,0.19114736404693494
4.199999999999737,spin_and_extension,-0.00028883146244735734,0.0029088413784364524,0.0029231458702233047,0.24006444801645932,0.34455913910282887,0.0012279589976772669,23.143613205351542,28.569599999986387,-5.425986794634844,54.291083462609855,51.839999999992436,0.3445613272053101,2,True,42.94091016752169,0,0.19127921136327816,-0.007007119324094766,-0.387839414798617,-1.5013510614545664,0.1101332653885254,0.38684678383107024,-1.0365310131801322,-0.10560050033660627,0.19003032583742413,0.19106914556858726
4.209999999999741,spin_and_extension,-0.0003069139105002569,0.0030296271960738867,0.0030451333461195226,0.23999364917757154,0.34135831673911493,0.001333421450773098,23.690228991853957,29.089425300208717,-5.39919630835476,54.705951513558176,52.12358677777054,0.3413609210179866,2,True,42.929797321038414,0,0.19120873397970156,-0.007088228579152952,-0.38466262339477836,-1.4961162937144747,0.10815083358905515,0.3835909207342393,-1.0454723257611076,-0.10314422889819723,0.18997096419566512,0.19098882572120865
4.219999999999744,spin_and_extension,-0.0003258416259306034,0.003152544187231656,0.003169338671968839,0.2399220150395016,0.3379003616926469,0.0013819379591422903,24.24207295529262,29.612042140431022,-5.3699691851384035,55.46416820915079,52.39829511110419,0.337903187560017,2,True,43.01613792697497,0,0.19113744938271832,-0.0071685605300703574,-0.3746870306947558,-1.4856089317143373,0.10900241453420342,0.3749079142031165,-1.05046395868611,-0.10538310222448075,0.18991053593900262,0.19090982054536557
4.229999999999747,spin_and_extension,-0.0003447902491743039,0.0032757626402009064,0.0032938581012031606,0.23984975684935658,0.3346932403375274,0.0015621516028659704,24.796649045680873,30.137361353986684,-5.340712308305811,55.73415947606499,52.66404899999339,0.3346968858739761,2,True,41.781398717780505,0,0.19106536538948782,-0.007248106367543308,-0.38103970339499005,-1.4975640802152796,0.10329570864264431,0.37955455867055626,-1.0519894776523881,-0.09618163287290396,0.18984788472662284,0.19082667602534578
4.239999999999751,spin_and_extension,-0.00036442777789073735,0.0034006414645083123,0.0034201125676549915,0.23977657952783568,0.33129695752945837,0.0016812167402111401,25.3556106752732,30.665293027542365,-5.309682352269162,55.72470121092312,52.92077511110482,0.3313012232507602,2,True,41.62231003292932,0,0.19099248990483222,-0.00732685736847432,-0.3732994027569582,-1.4907101008350099,0.103594823692798,0.3721977739560476,-1.0552124446022197,-0.09735200499426301,0.18978422889997756,0.19074580573020877
4.249999999999754,spin_and_extension,-0.00038444485353472327,0.003526529924544135,0.0035474231709953347,0.23970236270722303,0.3279847915616506,0.001826035437623527,25.918132806469902,31.195746527764683,-5.277613721294782,55.7501831151391,53.16840277777178,0.3279898746382472,2,True,41.599457094838414,0,0.19091883092036968,-0.007404804896928699,-0.3743796553682778,-1.4924703420546654,0.10040881365344768,0.3729541342136344,-1.0615999088680017,-0.09259349537423504,0.18972157387188304,0.190661337145177
4.259999999999757,spin_and_extension,-0.00040463764718015946,0.003652944046960557,0.003675286633140341,0.23962761395224524,0.32470899484460347,0.0018899132530866727,26.48317228630664,31.72863052798704,-5.245458241680398,56.20554954137626,53.40686399999431,0.32471449469760855,2,True,42.93680264713209,0,0.19084439651363785,-0.007481940405081565,-0.36835473878612984,-1.4866796953602206,0.10103052328036043,0.36676127778815937,-1.0636613881828005,-0.09411035265117064,0.18965627139940544,0.19057965811835298
4.269999999999761,spin_and_extension,-0.0004246128986704742,0.0037791028556375316,0.0038028823946061083,0.23955210644161545,0.3217540679252518,0.0019837989621309185,27.049800852721972,32.26385303487605,-5.21405218215408,56.65102823368205,53.636093444439055,0.32176018343130125,2,True,43.07179335488822,0,0.19076919484720825,-0.007558255434155208,-0.3693628039619841,-1.4876405245872282,0.09933275226300452,0.3678661525996154,-1.0675841399470811,-0.09116802620081556,0.18958984763877096,0.19049566018322817
4.279999999999764,spin_and_extension,-0.00044434828951994297,0.003904987652961764,0.0039301875237936325,0.23947588796522,0.3190399987709991,0.0020726976075039257,27.617648902554958,32.80132141509841,-5.183672512543447,56.57664320501398,53.85602844443933,0.31904673145246937,2,True,42.94310728100519,0,0.19069323416779108,-0.007633741615346697,-0.36403262410596715,-1.4821195853704354,0.10040038139256724,0.36236012026562536,-1.0688615310970415,-0.09349563238971889,0.1895208428871412,0.19041241027221026
4.289999999999767,spin_and_extension,-0.00046494946331890276,0.004032816813453905,0.004059530693850835,0.23939805355193666,0.3160114267824149,0.002060615105993699,28.189399350912144,33.340942421987414,-5.1515430710752685,56.80899562447305,54.06660899999523,0.3160181449650394,2,True,42.98603771940088,0,0.19061652280533078,-0.007708390670745616,-0.3616074388010974,-1.4814533462592314,0.09855168044796556,0.35947247690352135,-1.073577694412852,-0.0918484727047433,0.18945287325188673,0.19033135531823003
4.299999999999771,spin_and_extension,-0.00048408576684263294,0.004158264947035636,0.0041863476204688135,0.23932018122630902,0.31387154460412237,0.002139564846501632,28.75962827472331,33.88262222220978,-5.1229939474864725,57.2165187119619,54.26777777777325,0.31387883681923073,2,True,43.04866102387737,0,0.19053906917209273,-0.007782194414241815,-0.35309192256893357,-1.4743079474695466,0.10206873201394319,0.3535560971970587,-1.0695362860141877,-0.09722809507674558,0.18938090236925859,0.1902448220236293
4.309999999999774,spin_and_extension,-0.0005030013875134153,0.004283604583996176,0.004313035894572809,0.23924147300595186,0.3119594455806931,0.0022393495545375056,29.33106786904665,34.42626642243214,-5.095198553385493,57.07775608640226,54.45948011110689,0.3119674827968779,2,True,43.059967160662936,0,0.19046088176174067,-0.007855144752423137,-0.3642626655625458,-1.4837218666513823,0.09756558744333464,0.36291502252170615,-1.0769705600547181,-0.08856253561366668,0.18930830635123008,0.19015828484512778
4.319999999999777,spin_and_extension,-0.0005215701114107932,0.004408528762171661,0.0044392748538485275,0.23916199457664558,0.310299226359807,0.0022326822831012995,29.90347061155805,34.971780095987825,-5.0683094844297765,56.878151863243005,54.64166399999604,0.31030725853439695,2,True,42.92821157089296,0,0.1903819691484052,-0.007927233685462918,-0.3604503678298012,-1.4815010166270732,0.09781102491954308,0.3585816590755042,-1.0768470053590462,-0.09020356751141373,0.1892342775154575,0.19007438860266693
4.329999999999781,spin_and_extension,-0.0005396954189574909,0.004533058915631556,0.004565073304759787,0.23908165678100915,0.30886563851998133,0.00216582485792052,30.476057001743193,35.51906780954354,-5.043010807800348,57.18802921086877,54.81428011110739,0.3088732319352843,2,True,42.99742174633667,0,0.19030233998574364,-0.007998453307997281,-0.35557762014047395,-1.476857004263831,0.09945594655948845,0.35401381486929956,-1.0762518896460966,-0.09378540393800167,0.18915752042283218,0.18999172437689532
4.339999999999784,spin_and_extension,-0.0005570538432343402,0.0046567720630628995,0.004689971751683078,0.23900046745331155,0.3078617093741328,0.002166786673501934,31.048241246176453,36.06803364976591,-5.019792403589455,57.05005075140509,54.97728177777434,0.30786933432607383,2,True,42.95414442307412,0,0.190222003005991,-0.00806879580999205,-0.3582793076543095,-1.4783948085331522,0.09879778247694834,0.35655444691745075,-1.0793964137387697,-0.09225808722383422,0.1890789400159265,0.18990635674914425
4.349999999999787,spin_and_extension,-0.0005741475279965106,0.0047804759851236694,0.004814830841083477,0.23891841380189735,0.307012029689339,0.002041775032395938,31.62112038646571,36.618581249988274,-4.997460863522569,57.34116687967635,55.13062499999683,0.30701881893178745,2,True,43.04422313105312,0,0.1901409670190025,-0.008138253477599184,-0.35320369238034677,-1.4730115000175277,0.10057830802711926,0.3524826712668985,-1.0776021175692791,-0.09603648181532026,0.1889997022821489,0.18982356849596785
4.359999999999791,spin_and_extension,-0.0005901612279109031,0.004902880384599288,0.0049382715944566846,0.2388356074547071,0.3067077593106648,0.0019982749565300778,32.19275436943718,37.17061381687732,-4.977859447440137,57.247738021678174,55.27426844444155,0.30671426880246383,2,True,41.68082500077945,0,0.1900592409112872,-0.00820681869400272,-0.35446515314584853,-1.4739274501818291,0.10071625275420122,0.3547119182264533,-1.0802403149113216,-0.09629823515755835,0.18891785469642514,0.18973810697296756
4.369999999999794,spin_and_extension,-0.000606221508412611,0.005025924015896575,0.005062352884857793,0.23875190910453725,0.3063619203775513,0.0018813907387919039,32.76554650631117,37.724034157099695,-4.9584876507885225,57.58147624447129,55.40817344444177,0.3063676971511559,2,True,43.160993601564975,0,0.18997683364503384,-0.008274483940254018,-0.35684247136212355,-1.4845262867751774,0.0988531657416909,0.35705049344133144,-1.0749720038150543,-0.09289506037812517,0.18883485625286545,0.18965446307287046
4.379999999999797,spin_and_extension,-0.0006216460912122909,0.005148537557148036,0.00518593124135708,0.23866765055299294,0.3063374713581196,0.0018343702921506985,33.33808786740508,38.27874470398874,-4.940656836583667,56.82306794373874,55.53230399999759,0.3063429634244527,2,True,41.545215398243286,0,0.18989375425712782,-0.008341241796096306,-0.36114755603608184,-1.4883925648519298,0.09708527169666024,0.3594851619336612,-1.0790154138689767,-0.08941917537260792,0.18875017862484947,0.18956948647622626
4.389999999999801,spin_and_extension,-0.0006374972249968102,0.005272375565006992,0.005310776479043477,0.238582213016391,0.30621745826521085,0.0016311168114529744,33.91242609772682,38.834647544211144,-4.922221446484323,57.04752691569895,55.64662677777559,0.30622180239197816,2,True,42.97918519059184,0,0.1898100118581602,-0.008407084940778398,-0.3570703508094818,-1.4866344833987564,0.09754782092401322,0.35584062236522224,-1.0785151503233728,-0.09131734151849359,0.18866799978588408,0.18948557534596444
4.399999999999804,spin_and_extension,-0.0006529297104633865,0.00539611473130684,0.005435473429263774,0.23849655715455956,0.3061920942455939,0.001433891695462293,34.48630918023972,39.391644444433524,-4.9053352641938,57.322214317268575,55.75111111110915,0.3061954516360164,2,True,41.66335110478646,0,0.18972561563142876,-0.008472006153857502,-0.3538261569206398,-1.4825401671389076,0.09859262780732593,0.35152351266902904,-1.0797629238498887,-0.09425655557252953,0.18858162000638973,0.18940351097834468
4.409999999999807,spin_and_extension,-0.0006675355411210293,0.005519361352261124,0.005559582127776646,0.23841039842554945,0.3066527877180334,0.0013927431100228256,35.05938439503254,39.94963687798925,-4.890252482956712,57.19756388596986,55.84572899999827,0.3066559504165315,2,True,41.62059491362011,0,0.1896405748319308,-0.008535998315990998,-0.3539886935933395,-1.4827368996849508,0.09923285905333262,0.3541806342481166,-1.0807640904596898,-0.09381003009603692,0.1884952126925113,0.18931371716735948
4.419999999999811,spin_and_extension,-0.0006827580167448516,0.005643848536018088,0.0056849964649894795,0.23832361384111114,0.3069730290187054,0.001157589364211156,35.63471490273361,40.50852605154499,-4.873811148811375,57.51193883400801,55.9304551111096,0.30697521161032604,2,True,41.70199087419952,0,0.1895548987853483,-0.008599054409717189,-0.3512529833017305,-1.4734057970566659,0.10001106542482725,0.34985583939823833,-1.0891969294214046,-0.09618492786238082,0.18841313817935965,0.1892263452127572
4.429999999999814,spin_and_extension,-0.0006985330910423216,0.005769852332939204,0.00581198283060137,0.23823563624228974,0.30695862082876935,0.0010082391548747746,36.210911279550096,41.06821293176736,-4.857301652217264,57.695623665260854,56.0052667777765,0.3069602766404012,2,True,43.08836486671165,0,0.18946859688702528,-0.008661167520224822,-0.3476470274472636,-1.4695724870837756,0.1004336003938607,0.3484469052201306,-1.092137923244289,-0.09822481640569544,0.1883238923397865,0.18914286087973659
4.439999999999817,spin_and_extension,-0.000713068397498441,0.005894507976421147,0.005937481858802056,0.23814795183807658,0.3076383900253115,0.0008400623458215431,36.78557799771384,41.62859827198975,-4.843020274275915,57.94160262818254,56.070143999998876,0.30763953697630403,2,True,43.15671844936904,0,0.1893816786009374,-0.008722330836111371,-0.34234534692589047,-1.4652027468871431,0.10219491470469705,0.3434180152724785,-1.0877556677304072,-0.10212037253081105,0.18823572998683902,0.18905562416525
4.449999999999821,spin_and_extension,-0.0007269455106353603,0.006018712703938966,0.006062454320486812,0.23805951049534593,0.3086189492378677,0.000830355758759457,37.358906544086466,42.18958263887883,-4.830676094792367,57.182311029953944,56.12506944444353,0.3086200662778337,2,True,40.02784276234412,0,0.18929415345865422,-0.008782537650130005,-0.35367825076665704,-1.4839548220940344,0.09807032358839025,0.3526464717674111,-1.0866454772366836,-0.09242838313655467,0.1881427163613194,0.18896795686108567
4.459999999999824,spin_and_extension,-0.0007414194386771195,0.006144100789517899,0.006188673306598335,0.2379701738144821,0.30944186164400306,0.0006291054430008741,37.933253138097925,42.75106643910123,-4.817813301003309,57.40649109426786,56.17002844444373,0.3094425011194927,2,True,43.04505622025914,0,0.1892060310582939,-0.0088417813599251,-0.3484490948861849,-1.480104034077479,0.09944741897694467,0.3490147400872568,-1.085371205336697,-0.0961821588412898,0.18805270252339282,0.18888182970867892
4.4699999999998274,spin_and_extension,-0.0007562168854379377,0.0062703303858636485,0.0063157665509189324,0.2378801724486772,0.31025407176803477,0.000405848428499832,38.50832701093062,43.312949945990304,-4.8046229350596805,57.70134982068563,56.2050089999995,0.3102543371995313,2,True,41.771879380924474,0,0.18911732106347068,-0.008900055468756258,-0.3450127277818368,-1.469775018129692,0.10065521941938171,0.34546324798613404,-1.094511120095355,-0.09945883754057924,0.1879651279404135,0.18879307124310785
4.479999999999831,spin_and_extension,-0.0007709245775781526,0.006397065964719185,0.006443351430838043,0.2377895303426264,0.3110845467498348,0.0002875171572279834,39.08297212263072,43.875133326212726,-4.792161203582003,57.92170880354275,56.23000177777747,0.3110846796033423,2,True,43.222658755849054,0,0.18902803320223519,-0.008957353586210757,-0.3484819593343047,-1.4813240034321538,0.09850113981336135,0.34895197392551963,-1.0899145271978323,-0.09490230865885209,0.18787091364207736,0.18870620903900778
4.489999999999834,spin_and_extension,-0.0007855617277245057,0.006524196918777786,0.006571320465709693,0.23769865248662517,0.31205103781660914,0.0002127233151558501,39.65723494028253,44.43751666643512,-4.780281726152598,57.52708263791021,56.245000111110954,0.3120511103163231,2,True,41.76479007116466,0,0.1889381772660076,-0.009013669428904329,-0.3527129306464125,-1.485920883384818,0.09717016141031048,0.35181063691762654,-1.092776856318995,-0.09050183826372346,0.1877773156304724,0.18861726969656187
4.4999999999998375,spin_and_extension,-0.0008012008811293807,0.006652958076798735,0.006701027833367358,0.23760703537003708,0.3127823902868711,4.604399051968275e-06,40.23299323410225,44.99999999999086,-4.767006765888606,57.733911171859496,56.24999999999999,0.31278239031081057,2,True,43.110180682277424,0,0.18884776310850385,-0.009068996821170195,-0.3417813227632264,-1.469761204144746,0.0998748066463728,0.3421653998247711,-1.0981218245948832,-0.09893672420429556,0.1876880184269023,0.188528100086982
4.509999999999841,spin_and_extension,-0.0008161663849719949,0.006781429518352411,0.006830367038478947,0.23751490864333888,0.3137841192341575,-4.695456823430261e-05,40.806878469067904,45.56248333354658,-4.755604864478681,57.3070601353431,56.24500011111128,0.3137841227406232,2,True,41.686805410505436,0,0.18875680064465525,-0.009123329695736317,-0.3462310755981572,-1.481982511318541,0.09760100690436724,0.3456239359039128,-1.0923330735194745,-0.09332408755893734,0.18759122968489003,0.18843998748507926
4.519999999999844,spin_and_extension,-0.0008316598632680756,0.006910843805236309,0.006960705440438069,0.23742217646775618,0.3147954865181607,-0.00020059818373548992,41.38116339199628,46.12486667376901,-4.743703281772733,57.555373887104835,56.2300017777781,0.31479555042286317,2,True,41.77312314552269,0,0.18866529984952096,-0.00917666209439072,-0.3418719480085869,-1.4716511212798717,0.0993727097045617,0.3424283266252481,-1.100549249582287,-0.09765415770054077,0.18750021729414926,0.18834841329543367
4.5299999999998475,spin_and_extension,-0.00084765162554795,0.0070412793846729325,0.007092117360232705,0.23732881505907175,0.3156482175572258,-0.0003341762257438766,41.955562696527885,46.68705005399144,-4.731487357463559,57.639998561993664,56.20500900000046,0.3156483944447911,2,True,43.1236401096604,0,0.18857327075719432,-0.009228988168634888,-0.3390665980075819,-1.4709312001947075,0.09915863722443019,0.3394602952125871,-1.101031816747205,-0.09860169803224628,0.1874056137216321,0.18825945050941895
4.539999999999851,spin_and_extension,-0.0008633817300989461,0.00717184580439129,0.007223627914963063,0.23723521559344715,0.31671304478483137,-0.00044353133932908647,42.52872335287049,47.248933560880495,-4.720210208009996,57.74914739639384,56.170028444445016,0.3167133553474437,2,True,43.185737686415536,0,0.18848072345970238,-0.00928030218032512,-0.33415144715239337,-1.467298020921908,0.10018420080423412,0.3366128996504976,-1.0981581050410492,-0.10148888321455135,0.18730999357600073,0.1881689084462775
4.549999999999854,spin_and_extension,-0.0008791790790035689,0.0073028773390022665,0.007355608287658498,0.23714098141374912,0.3178627683905873,-0.0005003301514813748,43.10092788277727,47.81041736110293,-4.709489478325662,57.39197830574172,56.1250694444451,0.31786316215375465,2,True,43.09371170384478,0,0.18838766810589921,-0.009330598502301782,-0.33953228968012467,-1.4729403197387203,0.09865483017397071,0.3400587693275735,-1.1031799565066995,-0.09714090568204457,0.18721378574522732,0.18807754827062992
4.5599999999998575,spin_and_extension,-0.0008950415596240953,0.0074343756784258095,0.007488059903701595,0.23704630103151458,0.319031874172308,-0.0005594364437501498,43.672166822384725,48.371401727991994,-4.699234905607272,56.89508685696026,56.07014400000091,0.319032364656481,2,True,41.672861218147666,0,0.18829411490035297,-0.009379871619006375,-0.3453794482710339,-1.4864970922068006,0.09586101326904267,0.3436128516285399,-1.0984911968187856,-0.09013734955297509,0.18711461030703183,0.1879883177915564
4.569999999999861,spin_and_extension,-0.0009125801100310596,0.007568019774518292,0.007622842367826072,0.2369507018378573,0.3197904103004068,-0.0008070049926418658,44.24508972593979,48.931787068214426,-4.686697342274635,57.45164399168676,56.00526677777877,0.31979142853478326,2,True,43.15478274301436,0,0.18820007410222697,-0.009428116127086397,-0.3362660279779322,-1.473398458905089,0.09741078694876991,0.33394413598694744,-1.105394092609698,-0.09705741143705383,0.18702244565776857,0.18789813682062073
4.579999999999864,spin_and_extension,-0.0009285804735440949,0.007700656906200053,0.007756441096460022,0.23685503876576175,0.3211560986519795,-0.0008485391968303512,44.8143017992858,49.49147394843684,-4.677172149151039,57.58626978431843,55.930455111112224,0.3211572196067157,2,True,43.251934085514414,0,0.18810555602415438,-0.009475326735987874,-0.3283188067304106,-1.4660441644817575,0.10019195179913085,0.33128145155571004,-1.0997214390774532,-0.10359428136479576,0.1869226695704838,0.18780465881469585
4.5899999999998675,spin_and_extension,-0.0009446593508556205,0.007833719436945183,0.007890471564230601,0.2367588851791772,0.3226126835650707,-0.0008542354796401476,45.382285517663064,50.0503631219926,-4.668077604329543,57.2455339830887,55.84572900000121,0.3226138144947705,2,True,43.217354894683865,0,0.18801057103110766,-0.009521498268535522,-0.3405349037434907,-1.4773365584200513,0.09793093422383087,0.3415761055149673,-1.1079139471531017,-0.09419490711989875,0.18682397566187253,0.1877103400740211
4.599999999999871,spin_and_extension,-0.0009609572809398198,0.007967282153253378,0.008025024847646332,0.2366625530774433,0.3240475555883882,-0.0009412345682223405,45.94960476657508,50.60835555554833,-4.658750788973251,56.841030250378445,55.75111111111241,0.32404892252167744,2,True,41.78379267521829,0,0.18791512953926162,-0.00956662566150049,-0.33748171715541553,-1.476025976040133,0.09775400869767556,0.3380089267834625,-1.1076203714081994,-0.09601977233431547,0.18672437033443565,0.18761801080883908
4.609999999999874,spin_and_extension,-0.0009774170661446422,0.008101521085292263,0.008160268869138194,0.23656562911093268,0.3254708217488654,-0.0010081465196241921,46.51552941247508,51.1653524557708,-4.649823043295718,56.314836324937296,55.64662677777911,0.32547238308820653,2,True,41.675168269062986,0,0.1878192420148514,-0.009610703966155603,-0.34322565181383985,-1.4891165303538605,0.09512435933830225,0.3415305718436178,-1.1030145326573837,-0.08899001010602671,0.1866222719162105,0.18752715320107977
4.6199999999998775,spin_and_extension,-0.0009936306128493582,0.008235925440757413,0.008295647633579104,0.2364682516812743,0.32710734916178025,-0.001109744897498486,47.07967434131675,51.72125529599321,-4.6415809546764555,56.444393870184996,55.53230400000142,0.3271092315875456,2,True,41.78751271348248,0,0.1877229189730246,-0.009653728348818034,-0.3459503083945469,-1.4923698193466008,0.09484480120605013,0.3444049267798149,-1.1053788744831359,-0.08679497761806304,0.1865214263890115,0.1874335423803996
4.629999999999881,spin_and_extension,-0.0010104646022434897,0.008371445943584056,0.0084322088386577,0.23637026889543525,0.32859730786224356,-0.0012051435233726092,47.64314859887305,52.27596584288229,-4.632817244009247,56.01549953812309,55.408173444445936,0.32859951777810537,2,True,41.66467428487795,0,0.1876261709766882,-0.009695694091379388,-0.3429166397165894,-1.490778106672394,0.09473797760834526,0.3410655400604252,-1.1062129660329796,-0.08833785690490237,0.1864204360061161,0.1873403969561193
4.639999999999884,spin_and_extension,-0.0010275276516726135,0.0085077463331164,0.008569571794646883,0.236271833112937,0.3300846851061441,-0.0013131721580660362,48.20532905896861,52.8293861831047,-4.624057124136093,56.08090969569481,55.27426844444607,0.33008729714781815,2,True,41.72421878494342,0,0.18752900863535027,-0.00973659659182308,-0.337718389666468,-1.4879376388089498,0.09554549846064284,0.3375520152059337,-1.1050352794746434,-0.09162546332802357,0.18631904180712186,0.18724664664987692
4.649999999999888,spin_and_extension,-0.0010445209709458907,0.008644514197995518,0.008707390526334043,0.23617305508658656,0.33168888404602587,-0.001369693438705975,48.765728224725095,53.3814187499938,-4.615690525268706,55.66306015871427,55.13062500000167,0.33169171203547837,2,True,40.15931805704957,0,0.18743144260395647,-0.009776431364729006,-0.3426855354335794,-1.4922770088961022,0.09428543230637466,0.34096299943768826,-1.1088547348290967,-0.08685530452911373,0.1862171400916186,0.18715171704077446
4.659999999999891,spin_and_extension,-0.0010618332279167066,0.008782064184454449,0.00884602403025142,0.23607368954103666,0.333248248074972,-0.0015374020652094195,49.32459753318493,53.93196635021622,-4.607368817031299,56.212704475635796,54.97728177777948,0.33325179432774005,2,True,41.90723001986871,0,0.1873334835817216,-0.00981519404176542,-0.3365974941478424,-1.4880346134385787,0.09573320392734762,0.3370459438579133,-1.1065937185873562,-0.09217326366503865,0.18611443882424297,0.1870594177650132
4.669999999999894,spin_and_extension,-0.0010796860519630843,0.008920804810566807,0.008985904542061168,0.23597374495799595,0.33470311253140944,-0.0015236177778881633,49.88204939836405,54.48093219043867,-4.59888279207462,55.27111633704718,54.814280111112886,0.3347065803355534,2,True,42.92216593070637,0,0.18723514231095634,-0.009852880372167973,-0.3425869728332697,-1.4925359458950889,0.09427439191620793,0.3417744433790886,-1.1130684690481774,-0.08596911937983898,0.18601172137511415,0.1869631920056914
4.679999999999898,spin_and_extension,-0.0010970023943704826,0.009059359514255324,0.009125536097226454,0.23587389451551505,0.33643391515723464,-0.0017257194926167641,50.437223762725054,55.0282199039944,-4.590996141269343,55.924502926994776,54.641664000001775,0.33643834106232534,2,True,43.19007519562634,0,0.18713642957588922,-0.009889486223205846,-0.3372130645799764,-1.4883073753764098,0.09517848390114127,0.3371458663000125,-1.1107910179661764,-0.09110249709808417,0.18590964321763626,0.1868696294148954
4.689999999999901,spin_and_extension,-0.001113643247918452,0.009197954457687976,0.009265126415183792,0.23577359032032927,0.3384236179101733,-0.0017445694822765577,50.98928460245449,55.57373357755016,-4.584448975095669,55.44895747041832,54.45948011111296,0.33842811443576803,2,True,41.92330861932779,0,0.18703735620148407,-0.009925007580634963,-0.34774270597061957,-1.505228750159614,0.09273308089746567,0.34679026555046416,-1.108315953990653,-0.08053647650402694,0.18580277847046944,0.1867742642632894
4.699999999999904,spin_and_extension,-0.0011310147021617368,0.009337666357367064,0.009405913419653123,0.2356727871258411,0.3402648110254505,-0.001865112835406317,51.540140217943126,56.11737777777258,-4.577237559829452,55.019085789345795,54.26777777777964,0.3402699225922688,2,True,43.062479209082504,0,0.1869379330522528,-0.009959440549138195,-0.3439056420859975,-1.5026583193111156,0.09295780036816523,0.3425826769571153,-1.1081540662222897,-0.08357234643823033,0.18569864233896072,0.18667969031862067
4.709999999999908,spin_and_extension,-0.0011469942309424966,0.00947675078824342,0.00954591018542955,0.23557194606513546,0.3425611947995387,-0.0019224320637425017,52.08665795586717,56.65905757799499,-4.572399622127828,54.10126737800961,54.06660900000189,0.3425665889675763,2,True,40.18180431360038,0,0.18683817103106418,-0.009992781352752516,-0.34607068843211414,-1.5035345324198015,0.09312679696706297,0.344623434757258,-1.1097523151798363,-0.08243187231709323,0.18559108761303397,0.18658417979321115
4.719999999999911,spin_and_extension,-0.001164456784389059,0.009617608713891506,0.009687845837761434,0.23547009124548138,0.3445027617119082,-0.0021312022682723297,52.63310276938227,57.198678584884085,-4.565575815501821,54.136217977039365,53.85602844444637,0.34450935370320607,2,True,42.92678469713808,0,0.18673808107794798,-0.010025026335283098,-0.34114412204416206,-1.5018695059966565,0.09314010550782897,0.3399279113760903,-1.1094033534930623,-0.08559838412855905,0.18548747524121498,0.1864898270470208
4.729999999999914,spin_and_extension,-0.00118075985154709,0.009758134266396419,0.009829312193029861,0.23536843817043646,0.3467821354524071,-0.002249652167756595,53.17545448564234,57.73614696510651,-4.560692479464163,53.804309914713436,53.636093444446374,0.3467894322696067,2,True,42.878508715069934,0,0.18663767416889554,-0.010056171960704238,-0.34336181224036794,-1.5027560150786992,0.09310352056176913,0.34153907707468284,-1.1119303901632567,-0.08427228931438213,0.18538008475595774,0.18639377261723603
4.739999999999918,spin_and_extension,-0.001198163913684578,0.009900186218333076,0.00997242618030979,0.23526630928807615,0.3487783350948353,-0.002449221977185067,53.71696728152533,58.271369471995605,-4.5544021904702765,53.86866669573873,53.40686400000196,0.34878693444209935,2,True,42.95114578133504,0,0.18653696131465586,-0.010086214813547127,-0.3380530319810919,-1.4994467407576082,0.09326688711866747,0.33634094711571666,-1.1117868561039002,-0.08777812409500514,0.18527446234536313,0.1862992359223722
4.749999999999921,spin_and_extension,-0.0012149659636033247,0.010042514986505264,0.010115742659187084,0.23516399807220004,0.3509959929223695,-0.0025549897340816376,54.25504862838407,58.80425347221799,-4.549204843833921,53.51718645664222,53.16840277777974,0.3510052918828469,2,True,42.9088311903258,0,0.18643595355952838,-0.010115151599274399,-0.3400912597055198,-1.5006034920709617,0.0931456249202452,0.337995546320618,-1.114411600698566,-0.08593868024852627,0.18516726925904525,0.18620231383511612
4.759999999999924,spin_and_extension,-0.00123198944356157,0.010185666605804103,0.010259902640553662,0.23506140417661875,0.35318000887109174,-0.0027039411727708723,54.79082161428021,59.33470697244043,-4.543885358160217,53.65771491283891,52.92077511111302,0.3531903592481655,2,True,43.04723353343258,0,0.1863346619801517,-0.010142979144641413,-0.3411799119234663,-1.50077713830232,0.0933938558425835,0.33933366111391683,-1.1165313573563902,-0.08516432481417763,0.18505971422691347,0.18610636924078564
4.769999999999928,spin_and_extension,-0.001248968327815741,0.010329416733505167,0.010404651456839071,0.23495846744450774,0.3554270570333502,-0.0028709880216542935,55.32386066664662,59.86263864599619,-4.538777979349574,53.28068711925588,52.664049000001924,0.3554386519928027,2,True,42.98434144239761,0,0.18623309768428892,-0.010169694398044231,-0.3353852871878355,-1.4955743974357774,0.09397954648781487,0.3331624090507035,-1.1156937489597567,-0.09058794492205122,0.1849520706756825,0.18601122258225777
4.779999999999931,spin_and_extension,-0.0012646047815069138,0.01047290949177393,0.010548983765097879,0.23485524607600916,0.3580639669162345,-0.002891045848965193,55.85203198846973,60.38795785955193,-4.5359258710822035,52.47189601844007,52.39829511111298,0.3580756378597004,2,True,41.683983617977866,0,0.18613127180960964,-0.010195294429854262,-0.3429212146727039,-1.5067139601903685,0.09315002985780371,0.3415568283683034,-1.1142156555865723,-0.08446931230739574,0.1848384487778948,0.18591561414936503
4.789999999999934,spin_and_extension,-0.001281077377053623,0.010617526845163454,0.010694532975018834,0.23475181783985485,0.360512882337904,-0.0031058188570928756,56.37882518418525,60.91057469977434,-4.531749515589089,52.642200457943304,52.12358677777962,0.36052626022870776,2,True,42.96863208453662,0,0.18602919552246847,-0.010219776432739533,-0.334286421150414,-1.5000876534100718,0.0944327938654296,0.33438245800185984,-1.1124153798834433,-0.09242472797408041,0.1847297041528096,0.18582026168121638
4.799999999999938,spin_and_extension,-0.0012969631468772937,0.01076244584187791,0.010840311522447727,0.23464811641285113,0.36314861613382804,-0.003249152477730779,56.90184189288378,61.430399999996766,-4.528558107112986,52.384651388723846,51.84000000000179,0.3631631510113496,2,True,41.840191338996824,0,0.18592688001668062,-0.010243137721972544,-0.3433685297653475,-1.511998589487662,0.0927123991626626,0.3419929530213241,-1.1115398836662296,-0.08388049421137769,0.1846189410898702,0.18572434268633245
4.809999999999941,spin_and_extension,-0.001313806944602512,0.010908867752457793,0.010987696952878675,0.23454377248765618,0.36558274541787705,-0.003349206872269449,57.42325452726158,61.94734536688583,-4.524090839624249,51.437132506091515,51.5476134444462,0.36559808640639924,2,True,42.801592494799884,0,0.18582433651229424,-0.010265375735724667,-0.34479791340807114,-1.5140551761214296,0.09183533218015912,0.34356086671714986,-1.1149688363417236,-0.0806472893112379,0.18451026743199167,0.1856268413121568
4.819999999999944,spin_and_extension,-0.0013300864104058441,0.011055515705650873,0.011135239439591741,0.23443961428196872,0.3681824393887703,-0.0035512806165978886,57.94083246021076,62.461323207108244,-4.520490746897482,51.6526426631483,51.246508444446135,0.36819956559003486,2,True,42.961140213352955,0,0.1857215762543602,-0.010286488035347097,-0.34415737312222916,-1.5123474395087702,0.09249694300523931,0.34271243106992333,-1.116244937701634,-0.08201955596245711,0.18440067212305838,0.18553045939365406
4.829999999999948,spin_and_extension,-0.0013455384273416808,0.011202286486017192,0.011282805332640306,0.23433539846355758,0.37100503942652424,-0.003739000486556128,58.45403050907504,62.97224675399733,-4.518216244922296,51.44387538867113,50.93676900000163,0.37102387957338306,2,True,42.95455803602046,0,0.18561861051169876,-0.010306472305638265,-0.33395133198784005,-1.502304339628905,0.09444178844315054,0.3340614676412903,-1.1150220252197927,-0.09372080915527134,0.18428787536231878,0.18543555823319324
4.839999999999951,spin_and_extension,-0.0013607067494790979,0.011349589931808674,0.011430866742215605,0.2342307403504219,0.3739418017757457,-0.003895721028957116,58.96358682984231,63.48003009421977,-4.516443264377456,50.64132708392028,50.6184817777793,0.37396209373149203,2,True,42.84747115720203,0,0.1855154505756639,-0.010325326355097735,-0.3424301275121558,-1.513141839222106,0.09277183964697702,0.3406163795506823,-1.113865854443278,-0.08538351227840629,0.18417552557065145,0.18534033846706818
4.849999999999954,spin_and_extension,-0.0013745157357077224,0.011496636286130069,0.011578511968438376,0.23412590653404303,0.37726567877003675,-0.00408936596364255,59.46824709673199,63.98458819444215,-4.51634109771016,50.56168971506048,50.29173611111264,0.37728784111768543,2,True,42.94060530863532,0,0.18541210775890515,-0.010343048116166513,-0.34671803918493493,-1.5207182924809428,0.09273622728850914,0.3454118033532605,-1.1109578046723314,-0.08303840314731706,0.18406145672826493,0.18524416531404542
4.859999999999958,spin_and_extension,-0.0013890295962726044,0.011644857821544216,0.01172740878895678,0.23402068795579456,0.3803946450395498,-0.004304503373401728,59.97043328460666,64.48583692799791,-4.515403643391253,49.78846788236957,49.95662400000141,0.38041899855314537,2,True,42.802608580727046,0,0.18530859339412692,-0.010359635645453797,-0.34539291348245216,-1.518122990396396,0.09277350560137546,0.34379214126697955,-1.1142149532930519,-0.08440908960874703,0.18394914995557693,0.18514845929297258
4.869999999999961,spin_and_extension,-0.0014039138059847344,0.011794087677278686,0.011877351477243211,0.23391518470575323,0.38346434393916506,-0.004568409824145087,60.46994872109368,64.98369310155354,-4.513744380459866,49.58503218773065,49.61324011111249,0.38349155550037617,2,True,41.80187133472313,0,0.18520491883284582,-0.010375087123950074,-0.3435412370258943,-1.5167674528418058,0.09257769763914737,0.3415976311052934,-1.1164707544126051,-0.08510290235114294,0.1838400482560194,0.18505079939836971
4.879999999999964,spin_and_extension,-0.0014170413963267002,0.011943167859138671,0.012026939129739806,0.23380985022030074,0.3869602479052769,-0.0047243369640352865,60.96317960756159,65.47807448177602,-4.514894874214435,49.61909184830635,49.261681777778996,0.38698908573558755,2,True,41.93177982319871,0,0.1851010954441458,-0.0103894008572266,-0.34501574152306214,-1.5194067561421518,0.09405446828945893,0.34566136414632354,-1.113347406390552,-0.08737682968776878,0.18372165854928185,0.18495595819423186
4.889999999999968,spin_and_extension,-0.001431039330581318,0.01209349372420575,0.01217786779461308,0.2337043393632309,0.39024244303911926,-0.004911547677549337,61.45412759170716,65.96889982199845,-4.514772230291281,48.805939423275525,48.90204900000113,0.3902733494320018,2,True,42.85099798643232,0,0.18499713461343137,-0.010402575275621226,-0.3510043213861902,-1.5287853598277685,0.09258887171511221,0.35022549510609086,-1.1115381254610757,-0.08016833065659157,0.18360734563787498,0.18486127171267558
4.899999999999971,spin_and_extension,-0.0014442450583685214,0.012243990806892459,0.01232887483381549,0.23359884305038184,0.39372892045744284,-0.005192922070375265,61.94040319833339,66.45608888888746,-4.515685690554079,48.776829579174006,48.53444444444543,0.39376316336283934,2,True,42.92830400806718,0,0.1848930477411792,-0.010414608934410515,-0.3462405977874363,-1.5218918793461476,0.09393909526134173,0.34531889449557684,-1.1134739927050261,-0.08718892123958479,0.183493601921086,0.18476604597011415
4.909999999999974,spin_and_extension,-0.0014569658805925762,0.012395015985966196,0.012480351392070996,0.23349303440762015,0.39734765605854305,-0.005415067556254554,62.42230834731403,66.93956248910987,-4.517254141795851,48.189602830550285,48.15897344444546,0.3973845521213614,2,True,42.88043687383051,0,0.1847888462416878,-0.010425500513968164,-0.34974839483482734,-1.5280149394040907,0.09331162289600642,0.3485270280093246,-1.1119433523303441,-0.08391151452587223,0.18337836696269022,0.18467103745122332
4.919999999999978,spin_and_extension,-0.0014688219067534218,0.012546347530967754,0.01263203365106266,0.23338709478498715,0.40119045967628764,-0.005600456209098768,62.89928932869765,67.41924249599894,-4.519953167301302,47.184317105820966,47.77574400000081,0.4012295471909242,2,True,41.75979443793577,0,0.18468454154182576,-0.010435248819909749,-0.35217574015493763,-1.532576630563201,0.0931151389679038,0.3511501178729883,-1.1104183492518755,-0.08233479108766184,0.18326183802518686,0.18457546873305186
4.929999999999981,spin_and_extension,-0.0014802515839045496,0.012698141905576377,0.012784128934182681,0.23328108195358407,0.4051385982556657,-0.005852380626263342,63.37190666493633,67.89505187622132,-4.5231452112849775,46.707704204804394,47.3848667777786,0.40518086528229874,2,True,40.58701489299942,0,0.18458014507977888,-0.01044385278322366,-0.3536599882858143,-1.535732533591816,0.09318859393828059,0.3526753629179341,-1.1086681666390663,-0.08240229799512151,0.18314458041705017,0.18448156504930233
4.939999999999984,spin_and_extension,-0.0014918828372092081,0.012850870163486365,0.012937178145126684,0.23317466798284758,0.4090300460208426,-0.006123833287395115,63.84065408072992,68.36691471644366,-4.526260635713742,46.23218255625119,46.98645511111176,0.4090758844647049,2,True,41.741422816984894,0,0.18447566830379566,-0.010451311460388366,-0.355177256472152,-1.538797988844285,0.09312078890721318,0.35429622282030104,-1.1078812514406977,-0.08193108623921459,0.18302831588590177,0.18438820438083955
4.949999999999988,spin_and_extension,-0.0015026449010245781,0.01300378464008523,0.013090315376807838,0.23306838198997645,0.4131337951684699,-0.006452885000886526,64.3046065014926,68.83475624999944,-4.530149748506843,46.412088721736836,46.58062500000048,0.4131841861934338,2,True,42.84157284951877,0,0.18437112267093195,-0.010457624033475865,-0.35519750110276166,-1.5408195193275125,0.09332561377149541,0.3540892289017802,-1.1059196280637702,-0.08370084415484881,0.18291226039472713,0.1842940680354655
4.959999999999991,spin_and_extension,-0.0015128180077813925,0.013157186926227549,0.013243873532179352,0.2329620913196747,0.4173802014761435,-0.006749795870116419,64.76369703488947,69.29850288355513,-4.534805848665665,46.03970654659632,46.16749511111157,0.41743477518068983,2,True,42.851197664783825,0,0.18426651964579446,-0.010462789810241385,-0.35480693309246647,-1.5424365002551028,0.09344254436022482,0.35355651572278923,-1.104262507406305,-0.08538769688089116,0.18279491735546874,0.18420047554457702
4.969999999999994,spin_and_extension,-0.0015224041770645494,0.013311110485493226,0.013397887028757606,0.23285577017063794,0.4217588492401209,-0.007034768062284634,65.21786188379717,69.75808222377752,-4.540220339980357,45.73811779880775,45.747186777778026,0.4218175126597582,2,True,42.88455536351212,0,0.18416187069928372,-0.010466808224199282,-0.35210114352582667,-1.5427722330058924,0.09430732820571866,0.35213048646811285,-1.1017853618681817,-0.08933243204474309,0.18267748947627707,0.18410616322024217
4.979999999999998,spin_and_extension,-0.0015316873437880177,0.013465763044706694,0.013552595341679352,0.2327493605036803,0.426198600762059,-0.007236286690127346,65.66718024423498,70.21342310399992,-4.546242859764943,44.38059753822223,45.319824000000054,0.4262600264813966,2,True,41.76589073724005,0,0.18405718730733597,-0.010469678834685189,-0.3597468157912677,-1.5482454205990615,0.09385330884132613,0.358987839754437,-1.1037406841101642,-0.08302994197074438,0.18255884736743494,0.18401221291841222
4.990000000000001,spin_and_extension,-0.0015415069446911363,0.013621385199394502,0.01370833244456869,0.23264287817190304,0.4304872421424361,-0.007549442797186129,66.11298312153313,70.6644556108889,-4.551472489355757,44.080486479284446,44.88553344444445,0.43055343300094445,2,True,42.68124701140431,0,0.18395248094966482,-0.010471401326904314,-0.35843661100819724,-1.5485587403790195,0.09364350269991673,0.35725357874371017,-1.1033674690698385,-0.0849883196758259,0.18244199755727528,0.1839196618643371
5.000000000000004,spin_and_extension,-0.0015506719799254767,0.013777500106015441,0.013864490353438222,0.23253644153691427,0.43490262175574457,-0.007844626640453874,66.5536608342777,71.11111111111133,-4.557450276833637,43.8845360933081,44.444444444444244,0.43497336401723163,2,True,42.737819562560475,0,0.18384776310850232,-0.010471975511965976,-0.35458699612898487,-1.5478420415051293,0.09419296019822518,0.3534052433495338,-1.101753454328398,-0.08987367687078378,0.1823251251994284,0.18382592190303712
5.010000000000008,spin_and_extension,-0.0015600915337899092,0.013934637472595417,0.014021697724828593,0.2324300242862072,0.4391702493486202,-0.008063473451785371,66.98991593267779,71.55332227800032,-4.563406345322532,43.267433215050616,43.99668899999961,0.4392442671815367,2,True,42.68281319361759,0,0.18374304526733984,-0.010471401326904313,-0.35902076301019575,-1.550520638240662,0.09413453866397753,0.35777885909316665,-1.1041702637238928,-0.0862698852061975,0.1822081808854234,0.1837315987307625
5.020000000000011,spin_and_extension,-0.0015699022536641084,0.014092695110315277,0.014179867720058737,0.23232378134470352,0.443283447567824,-0.00833684097966156,67.4223701946562,71.99102311822266,-4.568652923566463,43.147015174297884,43.54240177777727,0.4433618346554536,2,True,42.74108872512782,0,0.18363833890966869,-0.010469678834685189,-0.35470060431620026,-1.5481352376311688,0.09403349869864017,0.3527333159717541,-1.104318919664723,-0.09093700936110244,0.18209143002560801,0.18363887597032827
5.0300000000000145,spin_and_extension,-0.001579951675462802,0.014251905755677804,0.014339214238078732,0.23221760232047148,0.4472263661417496,-0.008478213333198339,67.850323825989,72.42414899844505,-4.573825172456054,42.64971915950645,43.08172011111039,0.4473067194049838,2,True,42.70823371078866,0,0.18353365551772094,-0.010466808224199278,-0.35620988116234753,-1.5491325172115251,0.09454690030276096,0.3548307165232547,-1.106175825921401,-0.08959410143204097,0.18197547317940388,0.183543055569829
5.040000000000018,spin_and_extension,-0.0015913426476937096,0.014412527924441183,0.014500114916619306,0.23211152933403661,0.45081511821269676,-0.008650560774645698,68.27535736145227,72.85263667200076,-4.57727931054848,42.57871195905018,42.61478399999922,0.4508981054249453,2,True,42.77975302313301,0,0.1834290065712102,-0.01046278981024138,-0.350234638451644,-1.5450548880909298,0.09448993459368726,0.3496380065318388,-1.10728279564742,-0.09498211464013043,0.18185945740245377,0.1834501590018618
5.050000000000021,spin_and_extension,-0.0016030843287641002,0.014574370203125955,0.014662269475865417,0.23200557729701646,0.4542046849177695,-0.008673182113766498,68.69589592570418,73.27642430555639,-4.580528379852204,42.14028350207446,42.14173611111015,0.45428748421234494,2,True,42.76107957103714,0,0.1833244035460727,-0.010457624033475861,-0.3593031472318052,-1.5558088792626943,0.09387228308448278,0.35845702749016145,-1.1058647931278147,-0.08453216737175001,0.18174452506890054,0.1833536560438338
5.0600000000000245,spin_and_extension,-0.0016147570239394334,0.014736904297182891,0.014825106694748923,0.2318999256539289,0.45756319028524856,-0.00870582313117109,69.11220215472186,73.69545150577882,-4.583249351056972,41.638757655782875,41.66272177777656,0.45764600167292313,2,True,42.737095860427274,0,0.183219857913209,-0.010451311460388362,-0.3585034913158673,-1.556225947044396,0.09392519610931802,0.3576662746273782,-1.1062712896012084,-0.08456511549594098,0.18162980019427544,0.18325753226001434
5.070000000000028,spin_and_extension,-0.0016296752969410984,0.014901723507035754,0.01499057053796159,0.2317940295107086,0.4601084456272905,-0.00873105713420163,69.5271116524443,74.10965934600114,-4.582547693556832,41.07203975915644,41.17788899999855,0.46019127702947527,2,True,42.67227286230063,0,0.18311538113722578,-0.010443852783223653,-0.3542820794497256,-1.5528341925890596,0.09267035521748551,0.3529042702525894,-1.1100327665887741,-0.08576130854494554,0.18151791560860844,0.18316312642482804
5.080000000000031,spin_and_extension,-0.0016443230254308467,0.01506742637515724,0.015156884105341247,0.23168835513501163,0.46260698140209466,-0.008647578768554848,69.93690669533689,74.51899039289016,-4.582083697553273,40.65477356965068,40.68738844444289,0.4626877978045583,2,True,42.65448115423538,0,0.1830109846751789,-0.01043524881990974,-0.35373220084982,-1.5525853495276025,0.09295953878327554,0.3525807680856206,-1.1122979181801822,-0.08483987678131932,0.18140644775984585,0.18306506441871928
5.0900000000000345,spin_and_extension,-0.001658666354507621,0.015233698824559595,0.015323731724125295,0.23158300762191822,0.46512595558333913,-0.008572530441353124,70.34198668727399,74.92338873311253,-4.58140204583854,40.3015945571028,40.19137344444272,0.4652049453999758,2,True,42.65701170921318,0,0.18290667997531687,-0.010425500513968159,-0.3519237078774808,-1.551594538327995,0.09303112203150621,0.35061905808090255,-1.1132448321452022,-0.08596009940832766,0.18129468266712137,0.18296735444546736
5.100000000000038,spin_and_extension,-0.0016728051016184188,0.015400572130470781,0.015491155504152488,0.23147779139982158,0.46764306552371226,-0.00851069070941068,70.74224524376186,75.32280000000151,-4.580554756239657,40.01359407351552,39.689999999998115,0.4677205009210831,2,True,42.68689316237146,0,0.18280247847582545,-0.010414608934410506,-0.348768757452624,-1.5490652979809383,0.09332850008600943,0.3477076915627874,-1.1142383163880454,-0.08949983212689801,0.18118189257108588,0.18287062629212836
5.110000000000041,spin_and_extension,-0.0016875194112790034,0.015568456841175889,0.015659647830618663,0.23137252646477754,0.4699725366164052,-0.008433057185785254,71.13841806782106,75.71717140022378,-4.578753332402722,39.7614335838398,39.18342677777575,0.47004818905412366,2,True,42.73116545247537,0,0.1826983916035733,-0.010402575275621218,-0.35316196714222553,-1.5561824249529042,0.09237536402251224,0.3522417509382922,-1.1128132222994556,-0.08373605498393899,0.1810694542006025,0.18277401613839836
5.1200000000000445,spin_and_extension,-0.001703541465018231,0.01573774792989203,0.015829679827079807,0.23126725242911286,0.4719601545183197,-0.008317594373451465,71.53125233001748,76.10645174044618,-4.575199410428692,38.955388200997255,38.67181511110884,0.47203343977443507,2,True,42.63637951628629,0,0.18259443077285886,-0.01038940085722659,-0.350460970256099,-1.5543961835191407,0.0917011879003895,0.34935720162030737,-1.115891374940295,-0.08405355991558089,0.18095860578344117,0.1826767196914618
5.130000000000048,spin_and_extension,-0.0017209152308776633,0.015908480024967718,0.01600129013350685,0.2311621631163656,0.4736045621679117,-0.008201429218416146,71.9207441401574,76.49059145400182,-4.569847313844415,38.69711926127782,38.155328999997565,0.4736755674694214,2,True,42.65532752931516,0,0.18249060738415884,-0.010375087123950062,-0.34711764645726045,-1.5515250729929166,0.09114984132707388,0.34574293325408095,-1.1193367917791515,-0.08484748861747338,0.18084965716962073,0.1825787324972078
5.140000000000051,spin_and_extension,-0.0017391353648211465,0.016080527594828854,0.016174299352529117,0.23105736913624572,0.4750468027273722,-0.008034049098708024,72.30614028842935,76.86954262755752,-4.56340233912817,38.49830473650024,37.63413511110838,0.47511473271853233,2,True,42.68697354373133,0,0.18238693282287774,-0.010359635645453785,-0.34258253778843295,-1.5469832794023461,0.09108249278011499,0.3410132583697093,-1.1228757559583864,-0.08758685967008425,0.18074047088316678,0.18248065936218527
5.1500000000000545,spin_and_extension,-0.001758264029164852,0.016254003828203724,0.016348826650359846,0.23095280934940865,0.47628657163968025,-0.00774912147648311,72.68738545435457,77.24325902777974,-4.555873573425169,37.85382556117228,37.108402777774955,0.4763496046198577,2,True,42.62434649923196,0,0.1822834184580995,-0.0103430481161665,-0.3444877580503675,-1.5509742853179223,0.09030950678738447,0.34343523922443664,-1.1236671802038187,-0.08260863940747432,0.1806302463323136,0.1823825487317048
5.160000000000058,spin_and_extension,-0.0017796382224333867,0.01642924593960798,0.016525351262435276,0.23084841209405746,0.476962700495576,-0.007499087951734937,73.066328411375,77.61169612800205,-4.545367716627058,37.62069489581102,36.57830399999694,0.4770216480185681,2,True,42.64509358770867,0,0.18218007564134076,-0.01032532635509772,-0.3403090233174108,-1.5468691966201273,0.0895449393748892,0.3389794235809098,-1.1281781933857276,-0.08288803999951846,0.1805249350952614,0.1822830635996752
5.170000000000061,spin_and_extension,-0.0018012715900492513,0.01660560603294959,0.01670301562780357,0.23074435276868466,0.47760524729035825,-0.007190054499867013,73.44036499935649,77.97481113489103,-4.534446135534537,37.50721959587512,36.04401344444129,0.47765936389715763,2,True,42.704524928867926,0,0.1820769157053059,-0.01030647230563825,-0.33321330267385885,-1.5394242420835527,0.09001551721020101,0.33286017212254804,-1.1322363520398537,-0.08848920228428116,0.18041741001434586,0.18218405118140918
5.1800000000000646,spin_and_extension,-0.001824828618778248,0.01678371818360329,0.016882629995191144,0.23064036358897083,0.477786344622848,-0.006810271485656103,73.81150401130321,78.33256301511346,-4.521059003810254,36.83292921317975,35.505708444440884,0.4778348771543963,2,True,42.62911937538465,0,0.18197394996264446,-0.01028648803534708,-0.3358865096252367,-1.5439168118998436,0.0883651658629388,0.33473454931976027,-1.134407184856005,-0.08076950972550159,0.18031248514120454,0.18208406849130115
5.190000000000068,spin_and_extension,-0.0018486533383939127,0.016962876947662135,0.01706331484521933,0.2305367583292198,0.47791930864211907,-0.006450821959090153,74.17786851931696,78.6849125220024,-4.507044002685447,36.746274167766444,34.96356899999622,0.477962841345887,2,True,42.69740286871786,0,0.18187118970471042,-0.01026537573572465,-0.3281153454317971,-1.5354429870859305,0.0887919437550643,0.3277582491109112,-1.138849892142898,-0.08700198849555395,0.18020675912253947,0.18198443557909832
5.200000000000071,spin_and_extension,-0.0018745266879158886,0.01714384317829032,0.017246020098142075,0.23043314587558283,0.4775577465698415,-0.00602921333874741,74.54146873180217,79.03182222222469,-4.490353490422522,36.08207852674446,34.41777777777389,0.477595803871928,2,True,42.6282002823885,0,0.18176864620032404,-0.010243137721972525,-0.33032846141119965,-1.5393097670686238,0.08700929870352614,0.3291667945554223,-1.1416101019033158,-0.07928918773259021,0.18010410579915467,0.1818836848461204
5.210000000000075,spin_and_extension,-0.0019000278425748546,0.017325739643185192,0.017429611584484566,0.23032994535121432,0.4773126833825436,-0.005575711649034622,74.89943574280076,79.37325652244697,-4.473820779646206,35.57154333645101,33.86852011110695,0.47734524775932746,2,True,42.604465273056455,0,0.1816663306945362,-0.010219776432739514,-0.32920581557720674,-1.5390208908497143,0.08674062826502998,0.32824973507430116,-1.143589981747076,-0.07824813740698353,0.17999820128854713,0.18178388180113234
5.220000000000078,spin_and_extension,-0.00192630981842932,0.01750879777757061,0.017614444899923438,0.23022705031958934,0.47685966200722313,-0.005212164074916225,75.2534672983333,79.70918169600257,-4.4557143976692695,35.52195314995884,33.31598399999572,0.4768881454560021,2,True,42.68755902596345,0,0.18156425440739501,-0.010195294429854243,-0.32055181773023295,-1.5291337453448453,0.08688947861596368,0.3201506537201663,-1.1487312376501833,-0.08498256333393936,0.17989524648463706,0.18168373739154423
5.230000000000081,spin_and_extension,-0.001954819502407453,0.017693796536809435,0.01780145373763059,0.23012396191566728,0.47586150263796445,-0.004785968677566121,75.60494564723284,80.03956590955826,-4.4346202623254225,34.87606677577628,32.76036011110666,0.4758855688775921,2,True,42.630034181241086,0,0.18146242853271574,-0.010169694398044209,-0.3220762499442836,-1.5322574530548996,0.08484779671356821,0.3208736296588698,-1.152474006515486,-0.07723800945024502,0.1797957312519407,0.1815821754255154
5.240000000000085,spin_and_extension,-0.0019830415009599862,0.017879903125618737,0.017989535551982443,0.23002126796715106,0.4749487806888999,-0.0043181663384164,75.95086319591478,80.36437924978046,-4.413516053865686,34.36564839626579,32.20184177777298,0.47496840991646144,2,True,42.61062068029395,0,0.18136086423685296,-0.01014297914464139,-0.32051947581848417,-1.5315661266229113,0.08439831999409288,0.31953573355870984,-1.1552102430182523,-0.07593494802240475,0.1796928661245818,0.181481500400903
5.250000000000088,spin_and_extension,-0.0020113679806146624,0.01806711483873123,0.018178730421823854,0.22991904508641425,0.473994802527524,-0.003882933342710416,76.2919271914912,80.68359375000281,-4.391666558511615,33.89506561265103,31.64062499999504,0.4740107062674691,2,True,42.600411797083936,0,0.18125957265747628,-0.010115151599274378,-0.3183614411444449,-1.529549158936526,0.08391945865135289,0.31738540710997215,-1.1579827906446565,-0.07546578972524985,0.17959037975976122,0.1813812180781169
5.260000000000091,spin_and_extension,-0.002039960711150093,0.018255510806281273,0.01836913483268301,0.22981708590469022,0.4729537393184542,-0.003483643204206942,76.6283869054216,80.99718341689167,-4.368796511470068,33.44111771781974,31.076908444439365,0.47296656862168474,2,True,42.59879536415233,0,0.1811585649023488,-0.010086214813547103,-0.3158757177335091,-1.5272273576289312,0.08323998648911246,0.31486694803600745,-1.1612210913374872,-0.07501478164712251,0.1794888582010468,0.18128098266507195
5.270000000000095,spin_and_extension,-0.0020689153467882675,0.01844518322881352,0.01856085114041594,0.22971529535029908,0.471799153133209,-0.0031098102324313938,76.96035320896806,81.30512425711397,-4.344771048145908,32.99466451056423,30.510893444439056,0.47180940177549463,2,True,42.601669496846384,0,0.18105785204810912,-0.010056171960704212,-0.31317188737186896,-1.5248268453204172,0.08243511013345392,0.3121315841882608,-1.1648602521152898,-0.07446003801291921,0.1793882560454754,0.18118065049920867
5.280000000000098,spin_and_extension,-0.00209829818777453,0.01863621379254705,0.018753968108278812,0.22961369877112275,0.4705116311341829,-0.0027512374309264717,77.28787160577524,81.60739430400294,-4.319522698227695,32.55072159343482,29.942783999994305,0.47051967459218724,2,True,42.60533582441938,0,0.18095744513905668,-0.010025026335283073,-0.31031879545935165,-1.5223183509996123,0.08157721903944358,0.3092569913856245,-1.168746349212484,-0.07379155544918808,0.17928849966746552,0.18108022067665477
5.290000000000101,spin_and_extension,-0.0021281510202616127,0.01882866279791756,0.018948550591607934,0.22951236116129362,0.46907791679541655,-0.0024010310505619453,77.61094898208508,81.9039736442252,-4.293024662140123,32.106164416076176,29.372786777771985,0.4690840616058344,2,True,42.60817494765183,0,0.18085735518594048,-0.00999278135275249,-0.3073632428542134,-1.5196732416941439,0.08070037520453316,0.3062900655239039,-1.172778455425235,-0.07302649578576384,0.1791895529108472,0.1809797416406548
5.300000000000105,spin_and_extension,-0.0021584920959589315,0.019022568798617995,0.019144639245137842,0.22941134047202955,0.467490845998841,-0.002055399398090664,77.9295670194595,82.19484444444755,-4.265277424988048,31.65889359370648,28.801111111105172,0.46749536432839317,2,True,42.609934818514176,0,0.18075759316475187,-0.009959440549138167,-0.30433852730362054,-1.5168977904492171,0.07981585965279386,0.30326211499194,-1.1769076005799528,-0.07218772194386869,0.17909139714716998,0.18087926419101105
5.310000000000108,spin_and_extension,-0.002189318320202624,0.019217952925792443,0.01934225502275133,0.22931067579819586,0.4657486710554875,-0.0017128611751426664,78.24369022095756,82.47999097800303,-4.236300757045464,31.207470631867015,28.227968999993816,0.46575182063171217,2,True,42.610869776159504,0,0.1806581700155206,-0.009925007580634934,-0.30126920348618474,-1.5140148185050109,0.07892645445094804,0.300195590943437,-1.18111040632785,-0.07129594916762824,0.17899401641803953,0.18077882985580526
5.320000000000111,spin_and_extension,-0.0022206084922635184,0.019414823870127867,0.019541404452699904,0.22921039045296016,0.4638540730277257,-0.0013735426555203912,78.55327143468848,82.75939965155862,-4.206128216870154,30.75093530572368,27.653575111104708,0.4638561066208838,2,True,42.61129929979888,0,0.18055909664111544,-0.009889486223205816,-0.2981736205422102,-1.5110490320277634,0.0780326667637305,0.2971071023907754,-1.1853723932721367,-0.07036786650719201,0.17889739206372557,0.18067847250375357
5.330000000000115,spin_and_extension,-0.0022523269263677592,0.019613182056898427,0.01974208415999394,0.22911049800077235,0.4618131365870389,-0.0010386490897909767,78.85825598236643,83.03305903178085,-4.174803049414425,30.28869203314452,27.078146777771256,0.461814304562491,2,True,42.61146645982508,0,0.18046038390604832,-0.009852880372167942,-0.295065498362701,-1.5080213731818357,0.07713459529170105,0.29400901606836893,-1.1896814897239656,-0.06941646238012367,0.178801501748794,0.18057822207350036
5.340000000000118,spin_and_extension,-0.0022844269866485753,0.01981302279399314,0.01994428436652015,0.22901100709016747,0.4596344120474496,-0.0007100719095136793,79.15858482900012,83.30095987200313,-4.142375043003019,29.82042568308109,26.501903999993175,0.45963496052303376,2,True,42.611524268602224,0,0.18036204263528305,-0.009815194041765389,-0.29195506837464225,-1.5049480945350513,0.07623234086208944,0.2909105278473076,-1.1940265129430139,-0.06845175748426928,0.17870632010305446,0.1804781072004549
5.350000000000121,spin_and_extension,-0.0023168542770338058,0.020014338531252847,0.020147991477678418,0.22891192445442718,0.4573281118896428,-0.00039009263524360715,79.45419701068214,83.56309513889201,-4.108898128209882,29.34603482383228,25.925069444437483,0.4573282782619244,2,True,42.61155828667918,0,0.1802640836130482,-0.009776431364728973,-0.2888499384167462,-1.5018414471635115,0.07532608235888921,0.28781846282773715,-1.1983972435258794,-0.06748142515011797,0.17861181988860741,0.18037815652010591
5.360000000000125,spin_and_extension,-0.0023495493754935076,0.020217120413693238,0.020353189924177825,0.22881325650107384,0.45490545212271927,-8.115951548397088e-05,79.74503147016557,83.8194600391143,-4.074428568948732,28.865578388273292,25.347868444437186,0.4549054593709857,2,True,42.61161138083244,0,0.1801665175816544,-0.009736596591823046,-0.28575574766416445,-1.4987106605102607,0.07441609770466372,0.2847378809554645,-1.2027847120396076,-0.06651126263401803,0.17851797324579521,0.18027839909144527
5.370000000000128,spin_and_extension,-0.0023824500972020107,0.020421359289066625,0.020559863415859688,0.22871501002416791,0.4523781294191127,0.00021427785985745108,80.03102842141551,84.07005204600316,-4.039023624587641,28.379233466080834,24.770528999992504,0.452378180174322,2,True,42.61170192991709,0,0.18006935524031645,-0.009695694091379353,-0.28267666244835715,-1.4955627923680102,0.07350276978673045,0.28167253309452295,-1.2071813224422563,-0.06554556555848104,0.17842475281514705,0.180178864346321
5.380000000000131,spin_and_extension,-0.00241549332247777,0.020627046304230706,0.020767995744120624,0.22861719243822692,0.4497579158418168,0.000493886845967911,80.31213034375934,84.31487092622541,-4.002740582466085,27.88726230129616,24.193281777770267,0.44975818701974596,2,True,42.6118353180076,0,0.17997260724398007,-0.009653728348817999,-0.2796157552224649,-1.4924033667130678,0.07258658019498146,0.2786252058186509,-1.2115807991988137,-0.06458743988081492,0.17833213265318337,0.1800795818233433
5.390000000000135,spin_and_extension,-0.0024486164455706995,0.020834173201635168,0.02097757124867539,0.22851981178179348,0.4470563507089497,0.0007555321475078961,80.58828268824135,84.55391876644762,-3.965636078206281,27.389986795665372,23.616360111103347,0.4470569891341834,2,True,42.61201056410075,0,0.17987628420215326,-0.009610703966155567,-0.27657529782900037,-1.489236823338757,0.07166809538100317,0.27559798516483247,-1.2159780303243877,-0.0636390644404001,0.17824008892657658,0.17998058083092025
5.400000000000138,spin_and_extension,-0.0024817585023978184,0.0210427324056458,0.02118857504316512,0.22842287662830632,0.4442845107641753,0.0009973264037162028,80.85943436308473,84.78720000000324,-3.9277656369185068,26.887769056458154,23.03999999999197,0.44428563014201355,2,True,42.612223890177106,0,0.17978039667774304,-0.009566625661500454,-0.2735569902714364,-1.4860668263835997,0.07074795093428081,0.2725924607226908,-1.2203688724185795,-0.06270190869305949,0.17814860040195554,0.17988189011394795
5.410000000000141,spin_and_extension,-0.002514861029050625,0.021252716968476706,0.02140099307363131,0.22832639597315604,0.44145284303205523,0.0012176578301805188,81.12553805183786,85.01472143355868,-3.889183381720823,26.38099676134101,22.464440111103006,0.44145452233700966,2,True,42.61247052159906,0,0.17968495518589703,-0.009521498268535484,-0.270562139258184,-1.4828964751210416,0.06982683762896907,0.2696098843559083,-1.22474995853555,-0.06177690935253737,0.17805764876077315,0.1797835375592639
5.420000000000145,spin_and_extension,-0.0025478686943206084,0.02146412042807647,0.02161481206567544,0.22823037912718033,0.4385710480890247,0.0014152005642191943,81.3865504066756,85.23649227378098,-3.849941867105397,25.87007232346656,21.88992177776949,0.43857333136381826,2,True,42.6127455342996,0,0.17958997019285028,-0.009475326735987838,-0.26759179660151,-1.4797284498243646,0.06890549045414637,0.2666512932435151,-1.2291185282610948,-0.06086461085146647,0.1779672187700915,0.17968554995385666
5.430000000000148,spin_and_extension,-0.002580729741530078,0.02167693661600697,0.021830019401118304,0.22813483562708523,0.4356480043314248,0.001588912208015235,81.64243215019323,85.45252415400306,-3.8100920038098334,25.355405026405634,21.31668899999159,0.43565090184883615,2,True,42.613044218723324,0,0.17949545211477771,-0.009428116127086359,-0.26464686499561874,-1.476565115471154,0.06798468024434472,0.2637176040305979,-1.2334722856623337,-0.05996527538050225,0.177877298337111,0.1795879527990628
5.440000000000151,spin_and_extension,-0.002613396268735099,0.02189115944223173,0.022046602953349752,0.22803977516418542,0.4326917260126949,0.0017380220774755007,81.89314811159399,85.66283116089207,-3.7696830492980893,24.837405453563377,20.744988444435855,0.4326952165605995,2,True,42.613362215501205,0,0.1794014113166517,-0.009379871619006335,-0.26172817732531345,-1.473408597997798,0.06706520696631779,0.26080968347862354,-1.237809283994107,-0.05907896833549697,0.17778787847102995,0.17949077017887394
5.450000000000155,spin_and_extension,-0.002645824371792541,0.022106782675390787,0.022264550901900753,0.2279452075293096,0.42970934921804105,0.0018620128677897336,82.13866721718675,85.8674298611142,-3.7287626439274546,24.316481676050582,20.17506944443573,0.429713383347908,2,True,42.61369555138757,0,0.17930785811110547,-0.00933059850230174,-0.25883655451166554,-1.4702608423907435,0.06614789377921312,0.25792839986161004,-1.2421278333039756,-0.05820562434351087,0.1776989531720937,0.17939402467785878
5.460000000000158,spin_and_extension,-0.002677974171624746,0.022323799731063184,0.02248385154052806,0.2278511425707912,0.42670714104796154,0.0019605978410755023,82.37896245037645,86.0663393280031,-3.687376877626654,23.793036772646506,19.607183999990966,0.42671164512750714,2,True,42.61404063692291,0,0.17921480275730228,-0.009280302180325078,-0.25597284611224785,-1.4671236584472358,0.06523358118887765,0.25507465871999885,-1.2464264264748197,-0.05734509820812894,0.17761051926425428,0.17929773734346893
5.470000000000161,spin_and_extension,-0.0027098097447881995,0.022542203476157086,0.022704493088668985,0.2277575901626232,0.42369052786886485,0.002033695185491426,82.61401079258322,86.25958116822521,-3.6455703756419977,23.267467350553993,19.04158677776889,0.4236954085632011,2,True,42.61439425266487,0,0.17912225545981034,-0.009228988168634846,-0.2531379571887583,-1.463998757667263,0.06432312104637404,0.2522494260758321,-1.2507036799327405,-0.05649720415698771,0.1775225761855023,0.1792019276870332
5.480000000000165,spin_and_extension,-0.0027412989748295175,0.022761986054444815,0.02292646351298302,0.22766456018037098,0.42066413905876987,0.002081400845852895,82.84379315364214,86.44717954844745,-3.6033863948053155,22.740162807723966,18.47853511110202,0.42066928819413707,2,True,42.61475353429429,0,0.17903022636748372,-0.009176662094390676,-0.2503328643422087,-1.4608877836371963,0.06341737024805831,0.2494537416134535,-1.254958285768713,-0.055661746011440486,0.17743512574762169,0.17910661371796024
5.490000000000168,spin_and_extension,-0.0027724133405815656,0.022983138736033654,0.02314975036346624,0.22757206248298684,0.41763186288084486,0.0021039608770986457,83.06829429795837,86.62916122200308,-3.5608669240447037,22.211505137435747,17.918288999990537,0.4176371624461417,2,True,42.61511595877033,0,0.17893872557234944,-0.009123329695736272,-0.2475586233998498,-1.4577923370479404,0.06251718436909597,0.24668872415578266,-1.2591889732156463,-0.054838540182962525,0.17734817187587204,0.1790118120055737
5.500000000000171,spin_and_extension,-0.0028031276562998403,0.023205651791929238,0.023374340626973453,0.22748010689912962,0.4145969114724379,0.002101744158659955,83.28750277098244,86.8055555555585,-3.518052784576053,21.68186912301342,17.361111111101746,0.41460223858953865,2,True,42.615479331786915,0,0.1788477631085008,-0.009068996821170152,-0.24481637064804546,-1.4547139964012439,0.06162341137939271,0.2439555711574627,-1.2633944776581392,-0.05402743292218441,0.17726172033751722,0.1789175377633585
5.510000000000175,spin_and_extension,-0.0028334201318031232,0.02342951445867508,0.023600220706861446,0.22738870323269808,0.4115617859874832,0.0020752153878384415,83.50141067924261,86.9763945557807,-3.474983876538081,21.15158425750196,16.807266777768177,0.41156701778664934,2,True,42.61584547728327,0,0.1787573489509971,-0.009013669428904282,-0.24210444013628907,-1.4516580191209827,0.06073579775184895,0.24125255843877205,-1.26756984799984,-0.053228189487734154,0.17717577880537877,0.1788238047122844
5.520000000000178,spin_and_extension,-0.0028632730337512066,0.02365471516738088,0.023827376735925544,0.22729786132954738,0.40852807889199594,0.0020249544188755612,83.71001336551622,87.14171289600289,-3.4316995304866653,20.6209975361169,16.257023999990153,0.4085330973229362,2,True,42.61621252776112,0,0.17866749301476947,-0.00895735358621071,-0.2394283824367985,-1.4486216668941032,0.059855624459524415,0.23858524425087216,-1.2717176197055662,-0.05244142945342643,0.17709035752672164,0.17873062474273912
5.530000000000181,spin_and_extension,-0.0028926708323962396,0.02388124122576665,0.02405579404276343,0.2272075909383982,0.40549700940407013,0.0019516261232496216,83.91330994587959,87.30154794289172,-3.3882379970121335,20.090491206754095,15.710653444434628,0.40550170580190625,2,True,42.61657175822338,0,0.17857820515353398,-0.008900055468756211,-0.23678936301720252,-1.4456062020775484,0.05898501938209149,0.23595505596015692,-1.2758371366577947,-0.051666571550790685,0.17700546744715087,0.17863800903978683
5.540000000000185,spin_and_extension,-0.002921599374516629,0.024109078479617334,0.02428545671881679,0.22711790165171006,0.4024696204653009,0.0018558998072870938,84.11130325991755,87.45593978311392,-3.344636523196379,19.56043153411733,15.168428444434417,0.40247389939995826,2,True,42.616922818537155,0,0.17848949515871076,-0.008841781359925053,-0.2341883734915304,-1.44261357653434,0.058124837836189464,0.233363092532551,-1.2799269719057869,-0.050903415751623174,0.1769211195014532,0.17854596820822838
5.550000000000188,spin_and_extension,-0.002950045715101835,0.024338211282582102,0.02451634756966864,0.22702880297495062,0.3994468000501587,0.0017384200827061593,84.30399975342888,87.60493125000285,-3.3009314965739622,19.03117502553867,14.630624999989921,0.3994505828260177,2,True,42.61726631818263,0,0.17840137275835044,-0.008782537650129955,-0.2316265875643497,-1.4396457495663426,0.0572756088537997,0.23081055119958838,-1.2839853692622012,-0.050152088291555666,0.17683732469046587,0.1784545122716587
5.5600000000001915,spin_and_extension,-0.002977997979563876,0.024568622564864254,0.024748448167532515,0.22694030436204318,0.39642930182841934,0.0015997979096244938,84.49140939713956,87.74856795022501,-3.2571585530854414,18.50307136531151,14.097521777767525,0.3964325297657498,2,True,42.617602638230004,0,0.17831384761606725,-0.008722330836111321,-0.22910530722693978,-1.436704604003643,0.05643781467106049,0.22829873296233194,-1.2880104771646943,-0.049412859665347406,0.1767540940917781,0.17836365074688623
5.570000000000195,spin_and_extension,-0.0030054452075116123,0.02480029391725569,0.02498173891620886,0.2268524152195084,0.3934177745969186,0.0014406079855737847,84.67354563294784,87.88689829044716,-3.213352657499328,17.976465967172185,13.56940011110076,0.39342041213814527,2,True,42.61793208727656,0,0.17822692932997938,-0.00866116752022477,-0.22662591003523475,-1.4337919918053676,0.05561195267442828,0.22582901112110831,-1.2920004248060937,-0.04868606226112586,0.17667143878810998,0.17827339273156634
5.580000000000198,spin_and_extension,-0.0030323771842447273,0.025033205667775414,0.02521619910677799,0.2267651449028641,0.39041279759628356,0.0012613874207481762,84.85042534234768,88.01997350400251,-3.169548161654834,17.451701904147967,13.046543999989735,0.39041483527248394,2,True,42.618254992538375,0,0.17814062743165635,-0.008599054409717139,-0.22418980899495347,-1.4309097656051513,0.05479853804321959,0.22340279641079536,-1.295953332451115,-0.04797206098833934,0.1765893697680661,0.17818374699307687
5.5900000000002015,spin_and_extension,-0.0030587842724428102,0.02526733694768674,0.025451806962439403,0.22667850271426804,0.3874149178274304,0.001062634429822575,85.02206883087695,88.14784767755808,-3.1257788466811305,16.92912126295269,12.529240111100853,0.3874163751460243,2,True,42.61857169481963,0,0.17805495138507388,-0.008535998315990946,-0.22179842443052022,-1.428059791927814,0.05399809213920753,0.22102150871675078,-1.2998673019097937,-0.04727124425808141,0.17650789782724052,0.17809472205483642
5.600000000000205,spin_and_extension,-0.003084657254330024,0.02550266574890437,0.025688539675836595,0.22659249790212388,0.3844246863056288,0.0008448071167888616,85.18849982364884,88.27057777778028,-3.082077954131437,16.40906607362486,12.017777777767405,0.38442561455536484,2,True,42.61888253741746,0,0.1779699105855759,-0.008472006153857448,-0.2194531647441436,-1.4252439562277415,0.05321113026426698,0.21868655638829534,-1.3037404059879534,-0.04658402165866285,0.1764270334795665,0.17800632627698057
5.610000000000208,spin_and_extension,-0.0031099871913755025,0.025739168975426614,0.025926373442425064,0.22650713966157987,0.3814426911512951,0.0006083227370414107,85.34974546850842,88.38822367800243,-3.0384782094940164,15.891878952482593,11.512448999989466,0.38144317621005863,2,True,42.61918787016992,0,0.17788551435884448,-0.008407084940778346,-0.21715541332951838,-1.422464164610267,0.05243815269912941,0.21639932182192861,-1.3075706822751942,-0.045910822971705706,0.17634678688229125,0.17791856792927377
5.6200000000002115,spin_and_extension,-0.003134765305714037,0.025976822490696907,0.026165283492350797,0.22642243713516774,0.37846958623435417,0.0003535577571202994,85.50583634453773,88.50084818489125,-2.9950118403535217,15.377903560109742,11.013548444433885,0.37846975136978733,2,True,42.61948805937749,0,0.17780177195987687,-0.008341241796096252,-0.2149065196111718,-1.4197223437197701,0.051679639506830924,0.21416115165150149,-1.3113561314756252,-0.045252096646048484,0.17626716777587773,0.1778314552550871
5.630000000000215,spin_and_extension,-0.0031589828851874154,0.026215601161878512,0.026405244122098038,0.22633839941329903,0.37550611471677237,8.084887811397966e-05,85.65680647446261,88.60851706511343,-2.951710590650823,14.867484942939896,10.521373444433769,0.37550612340929945,2,True,42.61978349421941,0,0.17771869257197084,-0.008274483940253962,-0.21270779279447022,-1.4170204392651697,0.05093604841226265,0.21197335012306054,-1.3150947191500537,-0.04460830731624439,0.17618818543915465,0.17774499652586323
5.640000000000218,spin_and_extension,-0.0031826312122000128,0.026455478901309993,0.026646228726229307,0.2262550355345756,0.37255312728702417,-0.00020950495360669478,85.80269334005811,88.71129907200215,-2.9086057319440415,14.360969803266844,10.036223999989422,0.37255318618427813,2,True,42.620074586495576,0,0.17763628530571748,-0.008206818694002664,-0.2105604973686766,-1.4143604134800458,0.05020781483392597,0.20983717458179232,-1.3187843797163021,-0.043979932517531434,0.17610984865932577,0.17765920008583785
5.6500000000002215,spin_and_extension,-0.003205643659675168,0.026696421262198566,0.026888195541567742,0.22617236178502645,0.36963539496805137,-0.0005141777608126739,85.94363848708483,88.80926597222435,-2.86562748513952,13.884660581573751,9.558402777767299,0.36963575257553694,2,True,42.625489123964364,0,0.1775545591980022,-0.008138253477599128,-0.20805936870201103,-1.411781150013053,0.049667852579637864,0.20734980605412415,-1.3225092793948863,-0.04337471055518653,0.17603211523991844,0.17757400238303458
5.660000000000225,spin_and_extension,-0.0032277710274430157,0.026938353345312936,0.027131041018776503,0.22609042638328292,0.36684553074448173,-0.0008342054416711405,86.08006555387038,88.90249257244639,-2.8224270185760107,13.448947119518794,9.088215111100729,0.3668464792158585,2,True,42.62562978605265,0,0.17747352321101367,-0.008068795809991992,-0.20481753069492814,-1.4092749066388464,0.04913808877125293,0.2041554829536438,-1.3261917905510394,-0.04266298374995571,0.17595478230687345,0.17748929682082384
5.670000000000228,spin_and_extension,-0.003248850064282456,0.02718119534923715,0.027374667255577363,0.22600926409603436,0.3642384882039013,-0.0011808711507674328,86.21226854625772,88.99105674600193,-2.778788199744212,13.035689946579215,8.62596899998973,0.3642404023821263,2,True,42.62398284062941,0,0.17739318623126105,-0.007998453307997224,-0.20118139376594177,-1.4067897144870447,0.04837307896724739,0.20055605987950717,-1.329695175223961,-0.04186395221240814,0.1758777166096892,0.1774052351951515
5.6800000000002315,spin_and_extension,-0.003268845455351751,0.02742489809851606,0.027619022182636437,0.22592887080099228,0.36182714988437226,-0.0015605929929596394,86.34041865574025,89.0750394595574,-2.734620803817151,12.636025647957716,8.171975111100876,0.36183051530895716,2,True,42.6223613683304,0,0.17731355706859947,-0.007927233685462859,-0.19733733367732262,-1.4043206470937872,0.04741008416139618,0.196727330701847,-1.3330644599522927,-0.04104032667564826,0.17580087875752104,0.17732197524257357
5.690000000000235,spin_and_extension,-0.0032878015990699862,0.02766944140136014,0.027864092068792583,0.22584922426843812,0.3596007821891172,-0.001973077731284616,86.46462308399748,89.15452479977965,-2.6899017157821654,12.245164502146,7.726546777767424,0.35960619506913893,2,True,42.62144908009988,0,0.17723464445526402,-0.007855144752423078,-0.19339309447692296,-1.4018700637735615,0.04632693120797602,0.19278284767330975,-1.336374052523774,-0.04021233199648719,0.17572428857865874,0.17723960313601875
5.700000000000238,spin_and_extension,-0.003305803125814664,0.027914821219788125,0.028109883991923185,0.22577030474752954,0.3575371929379451,-0.002413570430634708,86.58495441974333,89.22960000000175,-2.6446455802584206,11.86053785393482,7.289999999989724,0.3575453391919746,2,True,42.62124595864901,0,0.17715645704491192,-0.0077821944142417564,-0.18941183465521336,-1.3994351173740924,0.04518812617632345,0.18879379842490498,-1.3396723349064266,-0.039378571481648264,0.1756480029649751,0.17715815082868275
5.7100000000002415,spin_and_extension,-0.003322949263069418,0.02816103774729155,0.028356410894351796,0.22569210252957644,0.3556101293496121,-0.002875405743926477,86.7014670574565,89.30035546689054,-2.5988884094340468,11.480829122615646,6.8626534444342715,0.3556217540398601,2,True,42.62150716979982,0,0.1770790034116739,-0.0077083906707455544,-0.1854308099535137,-1.3970111658152626,0.04403605974951896,0.18480335876519052,-1.3429794616096038,-0.03853377154495731,0.17557209809655328,0.17707762018072953
5.720000000000245,spin_and_extension,-0.0033393392154445396,0.028408087935450774,0.028603682394826538,0.2256146172622741,0.35379336559575414,-0.00335176883682384,86.81420638848779,89.36688480711263,-2.552678418624834,11.10541683816799,6.444828444434449,0.3538092420363233,2,True,42.62198834331281,0,0.1770022920492136,-0.007633741615346637,-0.1814728877135512,-1.3945957740277994,0.04289489245262268,0.18083774773225414,-1.3462982143166067,-0.03767538874149552,0.17549665592983146,0.1769979983214327
5.730000000000248,spin_and_extension,-0.003355064655985315,0.028655962148614593,0.02885170056528166,0.22553785475469232,0.35206274345092525,-0.0038366375103756597,86.92321387569913,89.42928485400157,-2.506070978302429,10.73406252814841,6.0368489999898856,0.3520836476263945,2,True,42.622524353963584,0,0.17692633136979644,-0.007558255434155145,-0.1775532593729717,-1.392189793036631,0.04177684438638019,0.176913631680597,-1.3496230952575048,-0.036804336835972354,0.17542175546923744,0.1769192660372044
5.740000000000252,spin_and_extension,-0.0033701754606182796,0.028904640198954643,0.029100452018248416,0.22546182857833041,0.35040769233914637,-0.004323068539920391,87.02859013188608,89.48765569422359,-2.4590655623375173,10.382777796651391,5.63904177776795,0.35043435838827675,2,True,42.62638955222809,0,0.17685112970336683,-0.007481940405081503,-0.17342158154710896,-1.3898739946931962,0.04078242597981469,0.17278013208535237,-1.3529458955362865,-0.035929488012344635,0.17534736975274473,0.176841424474379
5.750000000000255,spin_and_extension,-0.003384612286451698,0.029154076489516227,0.02934988545609953,0.2253865762946227,0.3488537836625214,-0.00480692623519549,87.13062191748702,89.54210069444578,-2.411478776958767,10.059395294168574,5.251736111101515,0.3488868994800811,2,True,42.62688170447207,0,0.176776695296635,-0.007404804896928637,-0.16882992797404434,-1.3876442006200618,0.03981041704396832,0.16820922375830802,-1.3562136404972023,-0.034987519652583995,0.17527324448097453,0.17676455488718137
5.760000000000258,spin_and_extension,-0.0033983579121436625,0.029404218743472155,0.029599947912335733,0.22531212783619045,0.3474118312579793,-0.005291899626397903,87.22951144557706,89.59272652800124,-2.3632150824241847,9.751492431471535,4.875263999990445,0.3474521324669571,2,True,42.625961623170866,0,0.17670303631217243,-0.007326857368474255,-0.1640447871822047,-1.385375728311295,0.03872470570549649,0.16344252297207598,-1.3594201698338961,-0.03397788767808384,0.1751993816337983,0.17668870348628646
5.770000000000262,spin_and_extension,-0.0034114413949886536,0.029655024667867017,0.029850601676402497,0.22523848408931602,0.34607750600985454,-0.005780329531415192,87.3253788717375,89.63964320155685,-2.3142643298193466,9.453356913188232,4.509960111101705,0.34612577478281165,2,True,42.624852605378834,0,0.17663016082751687,-0.007248106367543242,-0.15918600420127973,-1.383068154625425,0.03755431026668529,0.15859498085331927,-1.362599401622615,-0.03293226946372134,0.1751258891511866,0.17661386170648807
5.780000000000265,spin_and_extension,-0.0034239107874717177,0.029906460826594098,0.03010181994918534,0.22516563181384888,0.3448401072161936,-0.006272225327452066,87.41830397701447,89.68296408177889,-2.2646601047644084,9.162013869985634,4.156161777768509,0.3448971439139235,2,True,42.62411037132746,0,0.17655807683428637,-0.007168560530070294,-0.15431585160150904,-1.380751273641169,0.03633896452400981,0.153731375330069,-1.3657735880658626,-0.031869335474454336,0.1750528702418536,0.1765399982688911
5.790000000000268,spin_and_extension,-0.0034358205742073874,0.030158498599934754,0.030353581350812845,0.225093559530731,0.34368648605226354,-0.006766177459456114,87.50834520222656,89.72280592200107,-2.2144607197745154,8.875891264431278,3.8142089999910667,0.3437530818785687,2,True,42.62381963304576,0,0.17648679223730313,-0.007088228579152886,-0.14947206556633758,-1.3784467987503926,0.03510830913099618,0.14889220001121703,-1.3689459483663664,-0.030799307880070154,0.17498040890510477,0.17646708036810016
5.800000000000272,spin_and_extension,-0.0034472254911572936,0.03041111091904654,0.03060586595601301,0.22502226339897824,0.34260302143385074,-0.007260265820281621,87.59555001442392,89.75928888888987,-2.163738874465943,8.594215790238156,3.484444444435723,0.3426799397747997,2,True,42.62386248189735,0,0.17641631485372652,-0.007007119324094698,-0.14467992515478847,-1.376165939326019,0.033881996646611394,0.1441045267418035,-1.3721090291307743,-0.029728819344501972,0.17490857412814742,0.17639508113742103
5.810000000000275,spin_and_extension,-0.003458177072684369,0.030664270301595346,0.030858652948489863,0.2249517466366134,0.3415767448471749,-0.007752627847992666,87.6799609509895,89.7925365891121,-2.112575638122599,8.316687748176914,3.1672134444358235,0.34166471158361406,2,True,42.62409234047025,0,0.17634665241219588,-0.006925241659439565,-0.1399576505919386,-1.373914760149443,0.03267240722780123,0.13938753787068695,-1.3752522293018292,-0.028663103414851482,0.1748374238744818,0.17632398019604123
5.820000000000278,spin_and_extension,-0.0034687218063270556,0.030917947966029275,0.031111919538977063,0.22488201701195815,0.34059595062569226,-0.008241746938664833,87.7616191791709,89.82267609600073,-2.0610569168298363,8.04327851751154,2.8628639999915957,0.3406956518198698,2,True,42.624401791048584,0,0.1762778125519829,-0.006842604563996094,-0.13531753949700825,-1.3717003349765506,0.031486477505167504,0.13475389147910552,-1.3783627436491563,-0.027606592965564877,0.1747670072592432,0.17625376217584723
5.830000000000282,spin_and_extension,-0.0034789005147348763,0.03117211373406493,0.03136564081030232,0.2248130846320696,0.3396504312904374,-0.0087265373922773,87.84056661367424,89.84983797622294,-2.0092713625487004,7.774144594420776,2.5717467777699454,0.339762515637053,2,True,42.624727190792875,0,0.17620980282215404,-0.006759217099853034,-0.13077307613883682,-1.369524772390392,0.030329258656525478,0.130217184536552,-1.381434075816471,-0.02656410472302037,0.17469736601639066,0.1761844152811206
5.840000000000285,spin_and_extension,-0.0034887469134801553,0.03142673610748826,0.03161978964819379,0.22474496045865658,0.3387319214969689,-0.009206366411029744,87.91684744090607,89.87415631644521,-1.957308875539133,7.509555756599869,2.294215111103597,0.3388570064655374,2,True,42.625030983268445,0,0.17614263068074257,-0.006675088411385527,-0.12633386444924644,-1.3673929738999686,0.029204350172616397,0.1257871119461079,-1.3844584855268505,-0.02553904465262731,0.17462853438417528,0.17611593132030195
5.850000000000288,spin_and_extension,-0.003498287275925158,0.031681782409576184,0.03187433686388833,0.22467765545418286,0.3378342030406473,-0.00968106070504169,87.99050886325861,89.89576875000057,-1.9052598867419552,7.24983638405314,2.0306249999925896,0.3379728844029295,2,True,42.625301953541246,0,0.17607630349393077,-0.006590227724252297,-0.1220083758303392,-1.365310598732195,0.028113669106247734,0.12147205582696645,-1.3874285021040969,-0.024534913767090202,0.17456053944276761,0.17604830534569726
5.860000000000292,spin_and_extension,-0.003507540836948141,0.031937219114883515,0.03212925158659846,0.22461118024515053,0.3369530107422218,-0.010150853934463246,88.061601518506,89.91481648355621,-1.8532149650502097,6.995343446745675,1.7813351111039564,0.3371058737184857,2,True,42.62554088313515,0,0.17601082853524208,-0.0065046443443839835,-0.11780449995557557,-1.3632835139894877,0.027058398202011343,0.1172797229167777,-1.3903369361519666,-0.02355523041590271,0.1744934019174586,0.17598153536949285
5.870000000000295,spin_and_extension,-0.003516520464826407,0.032193012219535334,0.03238450172453938,0.2245455450277593,0.3360858692696711,-0.010616311634692472,88.13017972391927,89.93144432377828,-1.8012645998590127,6.7464526797701305,1.5467067777709784,0.3362535000598627,2,True,42.62575329149841,0,0.17594621298474358,-0.006418347656962635,-0.11372977146289559,-1.3613175615204685,0.026039421598872403,0.11321743461471015,-1.3931768777209528,-0.022603410165091917,0.1744271370371163,0.1759156221781854
5.880000000000298,spin_and_extension,-0.003525233478114751,0.03244912757174428,0.032640054400116365,0.2244807595734137,0.3352318931547489,-0.011078250593907235,88.19630161734511,89.9458007040005,-1.7494990866553795,6.503550696800789,1.3271039999936107,0.33541488998750246,2,True,42.62594611059974,0,0.17588246392825851,-0.006331347125392492,-0.1097915042582241,-1.3594184743817994,0.02505753598454287,0.10929229125264868,-1.3959416842340513,-0.021682715177644002,0.17436175538097504,0.1758505691384954
5.890000000000302,spin_and_extension,-0.0035336825356633425,0.03270553113527726,0.032895876323689,0.22441683327258552,0.3343915689735268,-0.011537660890039114,88.26002923993944,89.95803771088926,-1.6980084709498153,6.267030552672765,1.122893444438482,0.33459055203839155,2,True,42.626126148012595,0,0.17581958835658934,-0.00624365229026225,-0.10599687361156832,-1.3575918391061355,0.024113561773379227,0.10551126835795169,-1.3986249760868612,-0.02079623628476579,0.174297263697102,0.17578638196622232
5.900000000000305,spin_and_extension,-0.0035418665487892747,0.03296218918117415,0.033151934095387955,0.2243537751889908,0.3335665328946751,-0.011995634642222312,88.32142858626078,89.9683111111113,-1.6468825248505266,6.037289283879109,0.934444444439002,0.33378215276002227,2,True,42.626299401582116,0,0.17575759316475104,-0.006155272768298823,-0.10235296773567754,-1.3558430767627279,0.023208403355943485,0.10188127499814542,-1.401220636240738,-0.019946887736423682,0.17423366567749005,0.17572306846004518
5.910000000000308,spin_and_extension,-0.003549781577670109,0.03321906841249662,0.03340819443554675,0.2242915941111678,0.33275935315946076,-0.012453303445324027,88.3805696364605,89.9767803780003,-1.5962107415398008,5.814726581421941,0.7621289999946156,0.33299229743366304,2,True,42.6264708051851,0,0.17569648515121497,-0.0060662182513127215,-0.09886682106923157,-1.3541774352258924,0.0223430804720771,0.0984091900425941,-1.4037228093941874,-0.019137408180943574,0.17417096267449114,0.17566063821147296
5.920000000000312,spin_and_extension,-0.0035574216839170413,0.03347613603088957,0.03366462434954274,0.22423029859622448,0.33197332437718513,-0.012911785306447675,88.43752637897154,89.98360871822253,-1.5460823392509737,5.59974410474715,0.6063217777731467,0.3322243224759009,2,True,42.626644192764005,0,0.17563627101716348,-0.005976498505135299,-0.09554543647174109,-1.3525999890216371,0.02151874213074162,0.0951018851884484,-1.4061258980478404,-0.018370365887996343,0.17410915434646604,0.1755991023040456
5.930000000000315,spin_and_extension,-0.003564779719204822,0.03373335975520521,0.03392119123528171,0.22416989700441967,0.3312122784500051,-0.013372141211454148,88.49237682840361,89.98896309844467,-1.496586270041072,5.392745150343049,0.46740011110717455,0.33148210446057597,2,True,42.62682236686054,0,0.1755769573657549,-0.00588612336854778,-0.09239580061355969,-1.351115644333337,0.020736669624235884,0.09196623987089368,-1.4084245543235783,-0.017648167328999265,0.17404823922497412,0.1755384730140555
5.940000000000318,spin_and_extension,-0.003571848036300442,0.03399070780260035,0.03417786294249802,0.22411039752504083,0.330480415305459,-0.01383534100930212,88.5452030412062,89.99301427200001,-1.4478112307938154,5.19413450877963,0.34574399999648614,0.33076988897211856,2,True,42.62700721215341,0,0.17551855070139954,-0.005795102752202309,-0.08942489508554166,-1.3497291475502189,0.019998272620627408,0.0890091510630364,-1.4106136674824086,-0.016973068444467734,0.1739882152000127,0.17547876352315026
5.950000000000322,spin_and_extension,-0.003578619114164216,0.034248148841971346,0.03443460779312122,0.22405180819472528,0.3297821552998765,-0.014302238014350351,88.59609113041887,89.99593680555557,-1.3998456751366983,5.0043184147113475,0.2417361111081817,0.3300921412548218,2,True,42.62719982411959,0,0.1754610574290463,-0.005703446637535185,-0.08663970470595839,-1.3484450962920536,0.01930508086804085,0.08623753974548055,-1.4126883477009373,-0.016347187960279716,0.17392907992325846,0.17541998765091635
5.960000000000325,spin_and_extension,-0.0035850860932089353,0.03450565192866692,0.03469139457153655,0.22399413690952777,0.32912201408718483,-0.014773551540983289,88.64513128012243,89.99790910577761,-1.35277782565517,4.823704535932786,0.1557617777753961,0.32945341943741485,2,True,42.62740063887708,0,0.1754044838534804,-0.005611165075672264,-0.08404722389644033,-1.3472679521814666,0.018658733188487306,0.08365835512273836,-1.4146439069424157,-0.01577252213792539,0.17387083113194765,0.17536215961331614
5.970000000000328,spin_and_extension,-0.0035912432204335417,0.03476318642831093,0.034948192492857355,0.22393739143197755,0.32850449987922203,-0.01524985647219135,88.69241775980963,89.99911344600002,-1.3066956861904035,4.652701972006085,0.08820899999804509,0.3288582703993923,2,True,42.62760955736759,0,0.17534883617863192,-0.005518268186326703,-0.08165446165295043,-1.3462020547974336,0.018060964925958184,0.08127857725919263,-1.4164758378282793,-0.015250960376376826,0.1738134668980543,0.1753052938108107
5.980000000000332,spin_and_extension,-0.003597086207087825,0.035020721936391816,0.035204971156461644,0.22388157939422954,0.3279340323267042,-0.01573157890588038,88.7380489386858,89.99973599288872,-1.261687054202913,4.491721247305615,0.03946844444314478,0.3283111472697064,2,True,42.62782606058204,0,0.1752941205068955,-0.005424766156689278,-0.07946844544728274,-1.3452516363303963,0.01751359468892566,0.07910521858001134,-1.418179791374836,-0.014784301135892769,0.1737569858089108,0.17524940464824387
5.990000000000335,spin_and_extension,-0.003602612503838881,0.03527822819910428,0.035461700491105794,0.2238267082982632,0.3274148817052591,-0.01621899690738601,88.78212729980802,89.99996683311116,-1.2178395333031373,4.341174291748989,0.009933444443639416,0.3278163476000451,2,True,42.62804931426474,0,0.17524034283846116,-0.005330669240311224,-0.07749622428863852,-1.3444208365059787,0.017018511015056706,0.0771453245515631,-1.4197515543832444,-0.014374267715162883,0.17370138708639798,0.17519450638705028
6.000000000000338,post_spin_balance,-0.003607821500151124,0.03553567503980924,0.03571835069697192,0.2237727855139334,0.3269511266840696,-0.01671224541474555,88.82475945393155,90.0,-1.1752405460684516,4.201474407384048,0.0,0.3273779701716743,2,True,42.628278262157764,0,0.17518750907065622,-0.005235987755979779,-0.07574487111660164,-1.3437137173919171,0.0165776594334979,0.07540597377915928,-1.421187027166412,-0.014022523481643928,0.17364667065245923,0.1751406130291495
6.010000000000342,post_spin_balance,-0.0036127161658728647,0.03579303239709419,0.03597489244284955,0.22371981833727814,0.32654607596176477,-0.017211292688249013,88.86605365472006,90.0,-1.1339463452799332,4.072201114495217,0.0,0.3269993350382526,2,True,42.62854780761202,0,0.17513562499729873,-0.00514073208658667,-0.07409784231323963,-1.3431023037177046,0.01617109686518066,0.07377001594851221,-1.4225137895314774,-0.013714779724283074,0.1735928381801865,0.17508773734762617
6.020000000000345,post_spin_balance,-0.00361731704982644,0.0360502721052275,0.036231300024977146,0.22366781492445334,0.3261973180063205,-0.017715457096634663,88.90609773452107,90.0,-1.0939022654789323,3.9502522993733153,0.0,0.32667801319911294,2,True,42.62894813271615,0,0.175084696308062,-0.00504491267798949,-0.07242080240554882,-1.3425301717509304,0.015743967171525444,0.07210048842213503,-1.423784971129869,-0.013416335456463868,0.17353990389363727,0.1750358833993466
6.030000000000348,post_spin_balance,-0.0036216663264777996,0.03630737035282969,0.03648755416464468,0.22361678482288433,0.3258955214345887,-0.018222886062738097,88.9449527044103,90.0,-1.0550472955897021,3.8336348634466675,0.0,0.3264045969151848,2,True,42.62940354194183,0,0.17503472858785074,-0.004948540037866163,-0.07075089629363654,-1.3419791761762891,0.015298799718029332,0.07043499480128813,-1.4250165213342847,-0.01312108506140465,0.1734878996265487,0.17498504550501168
6.040000000000352,post_spin_balance,-0.003625816176948467,0.03656430627584937,0.03674363940035253,0.2235667373572374,0.3256283016871717,-0.01873096562500483,88.9826659606641,90.0,-1.0173340393359098,3.7213612570299808,0.0,0.3261665773199177,2,True,42.62983543283118,0,0.17498572731618853,-0.004851624734562704,-0.0691048326633536,-1.3414422109646926,0.014850153063069069,0.06879204771751782,-1.4262175955756367,-0.012826860941791127,0.1734368650108118,0.1749352133767682
6.050000000000355,post_spin_balance,-0.0036298208981803484,0.03682105959466462,0.03699954093535094,0.22351768062117963,0.32538254588814214,-0.01923689330402155,89.01927765520571,90.0,-0.9807223447942846,3.6128747260501584,0.0,0.3259506945265691,2,True,42.63020971707868,0,0.174937697866617,-0.004754177395934267,-0.06749058785959097,-1.3409174037586813,0.014408429307466566,0.0671810328632547,-1.4273935735891918,-0.01253217234168004,0.17338684022176626,0.17488637444821806
6.060000000000358,post_spin_balance,-0.003633732427675532,0.037077609155178784,0.03725524274541958,0.22346962144138455,0.3251456575555454,-0.019738076217287792,89.05482367179401,90.0,-0.9451763282059932,3.507834129998003,0.0,0.3257442034885347,2,True,42.63051834601225,0,0.17489064550610658,-0.004656208708179648,-0.06591198603247725,-1.3404047037549651,0.013979406947975018,0.06560659384187525,-1.4285472802800117,-0.012236322581132442,0.1733378624828818,0.17483851534681852
6.070000000000362,post_spin_balance,-0.0036375978978762475,0.037333932360111746,0.03751072678496156,0.22342256566387642,0.3249062193856083,-0.020232347558673966,89.08933716845111,90.0,-0.910662831548888,3.4060129001024544,0.0,0.3255355509062598,2,True,42.63076452209508,0,0.17484457539447879,-0.004557729414669474,-0.06437069453609384,-1.3399046257239229,0.013565726690307381,0.0640707725937106,-1.4296797263972334,-0.011939333148878253,0.17328996452234596,0.17479162300544535
6.080000000000365,post_spin_balance,-0.0036414584167342,0.03759000516372499,0.03776597288048695,0.22337651843774406,0.3246543183630689,-0.02071805290490625,89.12284940793938,90.0,-0.8771505920606093,3.3072467631665314,0.0,0.32531470849460414,2,True,42.63095585960224,0,0.17479949258384056,-0.004458750314768047,-0.06286722091630864,-1.339417845695033,0.013168147657718954,0.06257417106405462,-1.4307907569406495,-0.011641738705590834,0.17324317397790198,0.17474568546338215
6.0900000000003685,post_spin_balance,-0.003645348600986863,0.037845802357419495,0.038020958989741116,0.223331484424483,0.32438166833717574,-0.021194055714015773,89.1553902131094,90.0,-0.844609786890606,3.2114058605854092,0.0,0.32507329936894946,2,True,42.631101445256164,0,0.17475540201803008,-0.004359282262649047,-0.0614014390979585,-1.3389450761436998,0.012786375795655586,0.061116598538437844,-1.4318795444601706,-0.011344382861630559,0.1731975133128139,0.17470069240505243
6.100000000000372,post_spin_balance,-0.003649296577794873,0.03810129796884425,0.038275661619668444,0.22328746794277873,0.32408160894473753,-0.021659697578021643,89.18698822132286,90.0,-0.8130117786771351,3.118379781331233,0.0,0.32480459779898385,2,True,42.631210464421805,0,0.17471230853207478,-0.004259336166105303,-0.05997287262824597,-1.3384870196128908,0.012419569447083098,0.05969743274300771,-1.43294491987275,-0.011048259638134356,0.17315300003620643,0.17465663548899554
6.110000000000375,post_spin_balance,-0.0036533242803671786,0.03835646567188881,0.038530056282547846,0.22324447306903872,0.32374902832857916,-0.022114736082980747,89.21767103102593,90.0,-0.7823289689740711,3.0280695360611567,0.0,0.32450345096295896,2,True,42.63129151430206,0,0.174670216851661,-0.004158922985352596,-0.05858084883076652,-1.3380443430257016,0.012066636012720566,0.058315820662486875,-1.433985580185729,-0.010754404162317571,0.17310964710837393,0.174613508510723
6.1200000000003785,post_spin_balance,-0.0036574479273152904,0.03861127915449462,0.03878411792586411,0.22320250370847178,0.3233802391167465,-0.022559274049756318,89.24746529058069,90.0,-0.7525347094193107,2.9403832717645733,0.0,0.3241661525947938,2,True,42.631352275226455,0,0.17462913159261584,-0.004058053731827735,-0.05722458403311615,-1.337617658850982,0.011726401597234953,0.05697079045042157,-1.4350002157115005,-0.010463822376690815,0.17306746345223725,0.17457130743492683
6.130000000000382,post_spin_balance,-0.0036616786129078844,0.03886571242133524,0.039037821305525744,0.22316156364592693,0.32297282677360367,-0.02299368811036102,89.27639675635743,90.0,-0.7236032436425782,2.855234002615818,0.0,0.3237902884896471,2,True,42.63139938251716,0,0.17458905726040091,-0.00395673946698107,-0.05590323204154984,-1.337207510126054,0.011397706171839508,0.05566131457503927,-1.4359875876706965,-0.010177447915895768,0.17302645451648663,0.17453003032714365
6.140000000000385,post_spin_balance,-0.003666022957556403,0.03911974002547132,0.03929114129146408,0.2231216565821927,0.322525483390876,-0.023418561057630793,89.30449033464487,90.0,-0.6955096653551289,2.772538428008656,0.0,0.32337456708112355,2,True,42.63143840844623,0,0.17454999824961837,-0.0038549913010634575,-0.054615912968107146,-1.3368143586168004,0.011079455905549374,0.05438634636822785,-1.4369465754848987,-0.009896116805304847,0.17298662285243016,0.17448967721097372
6.1500000000003885,post_spin_balance,-0.00367048378152044,0.03937333723206084,0.03954405310511294,0.22308278615940863,0.3220378363231898,-0.02383462034136168,89.33177011522561,90.0,-0.6682298847743894,2.6922163362849063,0.0,0.3229186448178389,2,True,42.63147390184054,0,0.1745119588435289,-0.0037528203919078708,-0.05336173139866814,-1.336438575943266,0.010770650915248134,0.053144841970104294,-1.4378762050538973,-0.009620553690154285,0.17294796867796555,0.17445024987328203
6.160000000000392,post_spin_balance,-0.0036750607738768883,0.039626480121480345,0.03979653249354478,0.22304495597803256,0.32151027868810933,-0.024242683878945192,89.35825940083299,90.0,-0.6417405991670082,2.614190321613601,0.0,0.32242295336585525,2,True,42.631509457157236,0,0.17447494321358203,-0.0036502379437058693,-0.05213978857045974,-1.3360804376621773,0.01047039864611339,0.05193577403920305,-1.4387756644626135,-0.009351365690676267,0.17291049041015835,0.17441175163633385
6.170000000000395,post_spin_balance,-0.0036797511353967873,0.03987914564088454,0.040048555847437675,0.22300816960709022,0.3209438070430512,-0.024643613633045375,89.38398073472091,90.0,-0.6160192652790956,2.538385664084009,0.0,0.3218885344624735,2,True,42.63154779859019,0,0.1744389554189587,-0.003547255205778906,-0.0509491909685654,-1.3357401203047994,0.010177918521894883,0.050758140573058594,-1.4396443108180672,-0.009089041532379147,0.17287418515375308,0.17437418711254668
6.1800000000003985,post_spin_balance,-0.0036845501792360227,0.040131311613523526,0.04030010027090549,0.2229724305890106,0.32033987020879673,-0.025038276967890266,89.40895592747738,90.0,-0.5910440725226209,2.464730289231105,0.0,0.32131688599269403,2,True,42.63159087205207,0,0.1744039994061262,-0.0034438834713446873,-0.04978905659394215,-1.3354177012882893,0.009892541012952769,0.04961097060043538,-1.440481670442987,-0.008833954508266115,0.17283904913744064,0.17433756195462238
6.190000000000402,post_spin_balance,-0.0036894518778085063,0.04038295671472775,0.040551143611274876,0.2229377424401031,0.31970023208142984,-0.02542751551074312,89.43320608359583,90.0,-0.5667939164041684,2.3931547595539553,0.0,0.32070982245595725,2,True,42.63163994083299,0,0.17437007900840518,-0.0033401340762787965,-0.048658519575763504,-1.3351131614953344,0.009613702961225545,0.04849332770198434,-1.4412874338997455,-0.008586368317280157,0.17280507809319096,0.1743018826111551
6.200000000000405,post_spin_balance,-0.0036944493481027435,0.04063406042272203,0.04080166445652826,0.22290410864758184,0.3190268502965922,-0.025812121053439104,89.45675162796486,90.0,-0.5432483720351402,2.3235922711446633,0.0,0.32006935171358875,2,True,42.63169568216608,0,0.17433719794554953,-0.0032360183978715597,-0.0475567335161654,-1.3348263902045734,0.009340940331024492,0.04740431191762348,-1.4420614469556854,-0.008346445069126435,0.17277226757680633,0.1742671560954731
6.2100000000004085,post_spin_balance,-0.0036995352711052397,0.04088460295153309,0.04105164210755351,0.22287153266393714,0.31832177175849036,-0.026192817898323985,89.47961233224301,90.0,-0.520387667756994,2.2559786406139337,0.0,0.3193975689100815,2,True,42.6317582823506,0,0.17430535982333834,-0.0031315478535803745,-0.04648287381813399,-1.334557191973196,0.00907387921049091,0.04634306040638943,-1.4428036984310126,-0.008114254869577217,0.17274061323014372,0.1742333897734039
6.220000000000412,post_spin_balance,-0.0037047022439247617,0.04113456517230561,0.04130105653165303,0.22284001789937155,0.3175870453150747,-0.02657025096713315,89.50180734097854,90.0,-0.49819265902145937,2.19025227487562,0.0,0.3186965678412079,2,True,42.63182752843991,0,0.17427456813318046,-0.003026733899777708,-0.04543613918010597,-1.3343052950242096,0.008812225704773607,0.04530874713050808,-1.4435143057750262,-0.007889786468010168,0.1727101109872814,0.17420059117383824
6.230000000000415,post_spin_balance,-0.0037099430656692156,0.04138392852839486,0.04154988830302437,0.2228095677129363,0.3168246512496593,-0.026944978941408085,89.52335519728975,90.0,-0.4766448027102559,2.1263541209786907,0.0,0.31796836969059294,2,True,42.63190289460934,0,0.17424482625173174,-0.0029215880304947475,-0.04441575240641725,-1.3340703606806068,0.00855575524838216,0.04430058178654736,-1.444193499155076,-0.00767295849884983,0.1726807572283055,0.17416876782438925
6.2400000000004185,post_spin_balance,-0.0037152509601153664,0.04163267494868716,0.04179811853516473,0.22278018540292593,0.3160364467665984,-0.02731747168330382,89.54427386790938,90.0,-0.4557261320906167,2.0642275961262815,0.0,0.31721486782227304,2,True,42.631983621879904,0,0.1742161374405246,-0.0028161217761609302,-0.04342096066246545,-1.333851993406714,0.00830430177882581,0.043317808176036206,-1.444841604766117,-0.007463630899085749,0.17265254888545525,0.17413792711314455
6.250000000000422,post_spin_balance,-0.0037206197397446294,0.041880786762733366,0.042045728809396554,0.22275187419700546,0.31522412627069657,-0.02768811119143969,89.56458076740869,90.0,-0.43541923259131887,2.003818499845071,0.0,0.31643778779101955,2,True,42.63206878991228,0,0.17418850484561055,-0.0027103467023395483,-0.042451035289074165,-1.333649751051985,0.008057747140591542,0.04235970218469809,-1.4454590279953732,-0.007261616136180329,0.17262548350703072,0.17410807617638155
6.260000000000425,post_spin_balance,-0.0037260439168221296,0.04212824662047755,0.04229270110297834,0.22272463724246305,0.31438919496992623,-0.028057195373776215,89.58429278144307,90.0,-0.4157072185569255,1.9450749113463386,0.0,0.31563866084146924,2,True,42.63215738024244,0,0.17416193149721496,-0.002604274408459433,-0.04150527127760557,-1.3334631549473546,0.007816011016503283,0.04142556951738733,-1.4460462369824643,-0.00706668994104967,0.17259955928487833,0.1740792218112554
6.270000000000429,post_spin_balance,-0.0037315187679093486,0.04237503741863313,0.042539017719569146,0.22269847759690145,0.3135329541589516,-0.02842494396397157,89.60342628889488,90.0,-0.39657371110511996,1.887947075642018,0.0,0.31481880932810985,2,True,42.6322483305169,0,0.17413642030940493,-0.002497916526542916,-0.040582986495916774,-1.3332916995598556,0.007579041616454757,0.04051474331467081,-1.4466037470186006,-0.006878601302113818,0.1725747750513917,0.17405137041178714
6.280000000000432,post_spin_balance,-0.0037370403585672038,0.04262114223510851,0.042784661224169004,0.22267339821960466,0.31265649645566573,-0.028791505965293538,89.62199718282473,90.0,-0.3780028171752729,1.8323872821301765,0.0,0.3139793422365335,2,True,42.63234057969421,0,0.17411197407976975,-0.0023912847199303016,-0.03968352074318975,-1.3331348614767642,0.0073468072881744395,0.03962658175574938,-1.4471321061320161,-0.006697081538509633,0.1725511302518746,0.17402452792599135
6.290000000000435,post_spin_balance,-0.0037426055350768986,0.04286654427231749,0.04302961438406976,0.2226494019637491,0.3117607092516106,-0.029156968072890123,89.64002089017886,90.0,-0.35997910982113995,1.7783497392355323,0.0,0.31312115901196585,2,True,42.632433104444374,0,0.1740885954891139,-0.002284390682000827,-0.03880623470053026,-1.3329921075467133,0.007119289155861228,0.03876046573188552,-1.4476318821084195,-0.006521852329514216,0.172528624897846,0.1739986998316638
6.300000000000439,post_spin_balance,-0.0037482118898315266,0.04311122680972767,0.04327386011682868,0.22262649156956393,0.31084628468681663,-0.02952136359745422,89.65751239023442,90.0,-0.34248760976557857,1.7257904483967195,0.0,0.31224496001946833,2,True,42.63252494724218,0,0.17406628710116337,-0.0021772461348903184,-0.037950508832943354,-1.3328629020673926,0.006896474838974764,0.03791579665496371,-1.4481036511077408,-0.0063526326320092474,0.1725072595064584,0.17397389112816491
6.310000000000442,post_spin_balance,-0.0037538577066833253,0.04335517316560186,0.04351738144582403,0.22260466965849454,0.30991373455739146,-0.029884681487733943,89.67448623179467,90.0,-0.3255137682053243,1.674667080259846,0.0,0.3113512619841656,2,True,42.63261523674679,0,0.17404505136228424,-0.002069862828205785,-0.037115742287854546,-1.332746712953068,0.0066783532586009164,0.037091994448016884,-1.4485479879568117,-0.006189144464566976,0.17248703503069618,0.17395010634150462
6.320000000000445,post_spin_balance,-0.003759541892018221,0.0435983666675694,0.043760161463569425,0.22258393872837556,0.3089634086978465,-0.030246875123144962,89.69095654917176,90.0,-0.30904345082824564,1.6249388554775483,0.0,0.3104404169796297,2,True,42.63270320132175,0,0.17402489060121462,-0.0019622525377369143,-0.036301351825580634,-1.3326430168691077,0.0064649104999098955,0.03628849574826947,-1.4489654581296172,-0.006031117579025927,0.17246795278445196,0.1739273495400585
6.330000000000449,post_spin_balance,-0.0037652638967156315,0.043840790631421676,0.04400218330265057,0.22256430114958534,0.3079955155384486,-0.030607870618643007,89.7069370770143,90.0,-0.2930629229856997,1.5765664319987704,0.0,0.3095126335148112,2,True,42.63278817651439,0,0.17400580702880913,-0.0018544270641646947,-0.03550677080818459,-1.3325513033500143,0.006256126670243833,0.03550475233955442,-1.449356611367969,-0.005878293071793397,0.17245001436598184,0.17390562435840864
6.340000000000452,post_spin_balance,-0.003771023633477279,0.04408242834735236,0.044243430113901645,0.2225457591621251,0.307010143710781,-0.030967574450146116,89.72244116405474,90.0,-0.27755883594525904,1.529511800248813,0.0,0.3085679987019496,2,True,42.63286960739962,0,0.17398780273779654,-0.0017463982317673958,-0.03473144826539193,-1.3324710779510338,0.0060519736696029724,0.034740229818959606,-1.4497219768498653,-0.00573042601336525,0.17243322158262755,0.17388493402697508
6.350000000000455,post_spin_balance,-0.003776821393308327,0.04432326307275017,0.0444838850512539,0.22252831487354335,0.3060072837536089,-0.03132588026891283,89.73748178586166,90.0,-0.26251821413834125,1.483738187136792,0.0,0.30760650049188537,2,True,42.63294704670464,0,0.17397087970255026,-0.0016381778871238735,-0.03397484804893612,-1.332401864506786,0.005852413774434295,0.03399440649292973,-1.450062059779016,-0.005587287192522716,0.1724175763791052,0.17386528140535532
6.360000000000459,post_spin_balance,-0.0037826577642372395,0.04456327803059284,0.04472353126256091,0.22251197025761557,0.3049868491485974,-0.0316826748263902,89.75207155668792,90.0,-0.2479284433120829,1.4392099694053817,0.0,0.3066280491886594,2,True,42.63302014956309,0,0.17395503977887178,-0.0015297778978144315,-0.033236448081277535,-1.3323432065856933,0.005657398926929888,0.03326677249050529,-1.4503773392432393,-0.005448664083458385,0.17240308077110345,0.17384666901755078
6.370000000000462,post_spin_balance,-0.0037885335546899335,0.04480245641247663,0.044962351885626264,0.22249672715367658,0.30394869608582203,-0.03203784297674009,89.76622274050996,90.0,-0.23377725949004144,1.395892596473603,0.0,0.30563249761717987,2,True,42.63308866575406,0,0.17394028470378728,-0.0014212101511194642,-0.03251573969949554,-1.3322946682387915,0.00546687061804986,0.03255682907582254,-1.4506682671774922,-0.00531436114970564,0.17238973678542138,0.173829099087539
6.380000000000465,post_spin_balance,-0.003794449723307934,0.04504078138533813,0.04520033004862391,0.22248258726650363,0.302892641517601,-0.03239127176234324,89.7799472613527,90.0,-0.22005273864730038,1.3537525226135296,0.0,0.3046196595638299,2,True,42.63315243013273,0,0.17392661609535698,-0.0013124865527158534,-0.031812227091335354,-1.3322558341485031,0.005280760253040848,0.03186408813801178,-1.4509352682589065,-0.005184199600018577,0.17237754640741437,0.1738125735739268
6.390000000000469,post_spin_balance,-0.003800407316431929,0.04527823610097654,0.04543744887410124,0.22246955216664688,0.3018184792028951,-0.03274285361820878,89.79325671299001,90.0,-0.2067432870099812,1.3127571480521363,0.0,0.30358932611666894,2,True,42.633211351975845,0,0.17391403545249784,-0.0012036190253713484,-0.0311254268175469,-1.332226309281557,0.005098989893139297,0.031188071834428333,-1.4511787405637557,-0.005058016707749316,0.17236651153612817,0.1737970942026918
6.400000000000472,post_spin_balance,-0.0038064074139704993,0.04551480370755706,0.04567369148578402,0.22245762329110866,0.3007259935710638,-0.03309248875476894,89.80616236810764,90.0,-0.1938376318923706,1.272874768396533,0.0,0.30254127976126843,2,True,42.6332654037679,0,0.17390254415481912,-0.001094619507637158,-0.030454867412396166,-1.3322057181490492,0.004921473273728785,0.030528312362112283,-1.451399056821348,-0.004935664799451608,0.17235663394715903,0.17378266249727392
6.410000000000475,post_spin_balance,-0.00381245108394319,0.04575046736236384,0.04590904101745297,0.22244680194428074,0.2996149713421472,-0.0334400867955052,89.8186751870065,90.0,-0.18132481299349792,1.2340745316440531,0.0,0.30147530621422813,2,True,42.63331460996906,0,0.17389214346247112,-0.0009854999525387236,-0.029800089052984202,-1.3321937037688456,0.004748117009365532,0.029884351832621264,-1.4515965661121066,-0.004817010009061332,0.17234791526300788,0.1737692798055037
6.420000000000479,post_spin_balance,-0.003818539345629083,0.0459852102451669,0.04614348062322911,0.22243708929905665,0.2984852109306832,-0.03378556775697853,89.83080582591778,90.0,-0.16919417408222387,1.1963264019460647,0.0,0.30039120392905494,2,True,42.63335903611154,0,0.17388283451600692,-0.0008762723262649092,-0.02916064328721185,-1.3321899264187849,0.004578821906089159,0.029255742226248466,-1.4517715958699695,-0.004701930884194572,0.1723403569304881,0.17375694732306715
6.430000000000482,post_spin_balance,-0.003824673140965076,0.046219015571667674,0.04637699348868228,0.2224284863980454,0.29733652973181085,-0.034128862464746494,89.84256464499109,90.0,-0.15743535500890846,1.1596011292534127,0.0,0.299288791470522,2,True,42.63339877859964,0,0.17387461833625742,-0.0007669486068558278,-0.028536092810064907,-1.3321940622591983,0.004413484313177549,0.028642045403584206,-1.4519244540666383,-0.004590316919115628,0.17233396020458208,0.17374566611337675
6.440000000000485,post_spin_balance,-0.003830853313618663,0.04645186660658764,0.04660956284226098,0.22242099415482605,0.29616876944300685,-0.03446991250025442,89.85396171601087,90.0,-0.14603828398913085,1.1238702239606029,0.0,0.29816791287523775,2,True,42.63343395536138,0,0.17386749582421934,-0.0006575407828892888,-0.02792601127807365,-1.3322058018929632,0.004251997458024168,0.028042833154241723,-1.4520554314707854,-0.004482067077770352,0.17232872613804387,0.17373543712386721
6.450000000000489,post_spin_balance,-0.0038370805950026536,0.046683746676059554,0.0468411719666262,0.22241461335518964,0.29498179961363413,-0.03480866977174041,89.86500682988347,90.0,-0.1349931701165365,1.0891059356854214,0.0,0.2970284411948406,2,True,42.633464697575945,0,0.17386146776095637,-0.0005480608521660857,-0.027329983152530452,-1.3322248489191326,0.004094252719220481,0.027457687265483578,-1.4521648038955062,-0.004377088357749498,0.17232465557597634,0.173726261198856
6.460000000000492,post_spin_balance,-0.003843355596397767,0.04691463917907079,0.047071804209555916,0.22240934465832946,0.2937755196391948,-0.03514509579734685,89.87570950393325,90.0,-0.12429049606674644,1.055281235376155,0.0,0.2958702804640778,2,True,42.63349114253646,0,0.17385653480751356,-0.00043852082039435794,-0.026747603562620428,-1.3322509185279965,0.003940140803456921,0.02688619959568903,-1.4522528343614516,-0.0042752944355511635,0.17232174915459536,0.17371813908919856
6.470000000000495,post_spin_balance,-0.0038496788062961714,0.04714452759778835,0.04730144299416534,0.2224051885979472,0.2925498594296016,-0.03547916078163614,89.88607898903525,90.0,-0.11392101096474713,1.0223697999911772,0.0,0.2946933663158272,2,True,42.633513427655856,0,0.1738526975048449,-0.00032893269987300275,-0.026178478180964367,-1.3322837361729336,0.0037895528020698843,0.02632797214073708,-1.4523197751227908,-0.004176604422681682,0.17232000730339542,0.17371107145903109
6.480000000000499,post_spin_balance,-0.0038560505920670987,0.04737339550666717,0.047530071828261466,0.22240214558325372,0.2913047789828814,-0.035810842558242434,89.89612427660585,90.0,-0.10387572339415851,0.9903459990832044,0.0,0.29349766549804124,2,True,42.633531685660884,0,0.1738499562737538,-0.00021930850817436252,-0.025622223104824003,-1.3323230363455951,0.0036423811115153804,0.02578261708366775,-1.452365869515991,-0.004080941752429776,0.1723194302499703,0.17370505888994456
6.490000000000502,post_spin_balance,-0.003862471205067667,0.04760122658030333,0.04775767431271495,0.22240021589985143,0.29004026708930236,-0.03614012546202314,89.90585410546791,90.0,-0.0941458945320958,0.959184882703444,0.0,0.2922831744138762,2,True,42.63354604087808,0,0.1738483114148472,-0.00010966026682641875,-0.02507846473762397,-1.332368561473114,0.0034985202102886803,0.025249756820672847,-1.4523913536060142,-0.003988233209214195,0.17232001802679528,0.1737001018829526
6.500000000000505,post_spin_balance,-0.00386894078837014,0.0478280046000454,0.04798423414878973,0.2223993997104904,0.2887563393779601,-0.036466999184308374,89.91527696859933,90.0,-0.08472303140066849,0.9288621701215337,0.0,0.2910499171964746,2,True,42.63355660650041,0,0.17384776310850236,5.532161012813307e-15,-0.024546839666374744,-1.332420060946109,0.0033578672907550594,0.02472902395860397,-1.4523964576154773,-0.003898408104702586,0.17232177047933578,0.17369620085861434
6.510000000000509,post_spin_balance,-0.003875459386344843,0.04805371345941672,0.04820973514441804,0.22239969705569912,0.28745303589994897,-0.03679145765508774,89.92440111977163,90.0,-0.07559888022837404,0.8993542389574596,0.0,0.28979794313886276,2,True,42.63356348284577,0,0.1738483114148473,0.00010966026683749176,-0.024026994531800835,-1.3324772902834894,0.003220322749873397,0.024220061281230727,-1.45238140713539,-0.0038113975996437316,0.17232468727494132,0.17369335615568804
6.520000000000512,post_spin_balance,-0.0038820269554193905,0.048278337168432564,0.04843416121944778,0.22240110785429376,0.2861304184210082,-0.03711349798655224,89.93323458007946,90.0,-0.06676541992054626,0.8706381143962229,0.0,0.28852732388839086,2,True,42.63356675635286,0,0.17384995627375402,0.00021930850818543374,-0.02351858588886363,-1.3325400104305765,0.0030857905472132796,0.02372252168323544,-1.4523464241190343,-0.0037271341647682754,0.1723287679120474,0.17369156802864652
6.530000000000515,post_spin_balance,-0.0038886433754244127,0.04850185985691807,0.048657496409919745,0.2224036319037741,0.284788567573353,-0.037433119503632456,89.94178514436148,90.0,-0.058214855638527935,0.8426914582383908,0.0,0.28723815052916024,2,True,42.63356649931125,0,0.17385269750484522,0.0003289326998840616,-0.02302128005639107,-1.332607987185535,0.00295417844138815,0.02323606807245195,-1.4522917276732958,-0.003645551171173045,0.17233401172929583,0.17369083664437782
6.540000000000519,post_spin_balance,-0.0038953084610287435,0.048724265776946475,0.04887972487145442,0.22240726888061796,0.283427579992472,-0.03775032287916776,89.95006038750942,90.0,-0.049939612490569815,0.815492557613152,0.0,0.28593053064934637,2,True,42.63356277012014,0,0.173856534807514,0.00043852082040542184,-0.022534752955057916,-1.3326809907447643,0.002825398118213071,0.022760373241738224,-1.4522175346605932,-0.003566582597561596,0.17234041791426488,0.1736911620783503
6.550000000000522,post_spin_balance,-0.0039020219728595307,0.04894553930452478,0.04910083088184413,0.22241201834048616,0.28204756554090515,-0.03806510938427377,89.95806767066094,90.0,-0.04193232933906169,0.7890203132397231,0.0,0.28460458548092954,2,True,42.63355561401698,0,0.17386146776095693,0.0005480608521771441,-0.02205868993399766,-1.3327587953558409,0.0026993652253520933,0.022295119713169016,-1.452124060133401,-0.003490162840348268,0.1723479855115746,0.17369254431049355
6.560000000000525,post_spin_balance,-0.003908783627991344,0.049165664940654726,0.04932079884295446,0.22241787971835322,0.2806486446983138,-0.03837748025838968,89.96581414727191,90.0,-0.03418585272809018,0.7632542271822955,0.0,0.28326044726313415,2,True,42.63354506412289,0,0.17386749582422,0.0006575407829003407,-0.021592785586407176,-1.3328411790652648,0.0025759993281532223,0.021839999557474777,-1.4520115176210306,-0.003416226611734713,0.17235671343019668,0.17369498322100071
6.570000000000529,post_spin_balance,-0.003915593109571149,0.04938462731189397,0.049539613282043135,0.22242485232857728,0.27923094617599153,-0.038687436198433116,89.97330676906239,90.0,-0.026693230937607997,0.7381743900835145,0.0,0.28189825678262415,2,True,42.63353114275074,0,0.1738746183362582,0.0007669486068668717,-0.02113674355538734,-1.3329279235470761,0.0024552238021362527,0.02139471419244095,-1.4518801192923114,-0.003344708910497901,0.17236660044986837,0.17369847858622864
6.580000000000532,post_spin_balance,-0.003922450075420801,0.04960241117053498,0.04975725885260343,0.22243293536492403,0.27779460479490725,-0.03899497696241645,89.98055229183217,90.0,-0.019447708167827902,0.7137614679032918,0.0,0.28051816121101214,2,True,42.63351386281519,0,0.1738828345160078,0.0008762723262759438,-0.02069027633110724,-1.3330188139984867,0.0023369656760353907,0.020958974163814276,-1.4517300760156213,-0.003275545050844708,0.17237764522655313,0.1737030300748263
6.590000000000535,post_spin_balance,-0.003929354165524846,0.04981900139450934,0.04997372033483449,0.2224421279005584,0.27633975964954993,-0.039300101079760875,89.98755728114016,90.0,-0.012442718859846163,0.689996688214821,0.0,0.279120312292326,2,True,42.633493229352304,0,0.1738921434624721,0.000985499952549748,-0.020253105040970738,-1.3331136390900313,0.0022211554388122806,0.02053249891266346,-1.451561597338378,-0.0032086707356609734,0.17238984629694099,0.17370863724419494
6.600000000000539,post_spin_balance,-0.0039363050083677945,0.05003438298711358,0.050188982635834156,0.2224524288880163,0.2748665525655572,-0.039602805658306324,89.99432811784406,90.0,-0.0056718821559305,0.6668618261295866,0.0,0.27770486475601386,2,True,42.63346924099828,0,0.17390254415482023,0.0010946195076481711,-0.019824959234338295,-1.3332121909561216,0.0021077268229044988,0.020115016532751502,-1.4513748914056634,-0.003144022161063839,0.17240320208201843,0.1737152995373509
6.610000000000542,post_spin_balance,-0.003943302226131987,0.05024854107663956,0.050403030789599845,0.22246383715916812,0.2733751268472368,-0.03990308627652936,90.0008710034978,90.0,0.0008710034978048655,0.6443391899396376,0.0,0.2762719750455821,2,True,42.63344189145491,0,0.17391403545249906,0.0012036190253823487,-0.019405576663448207,-1.333314265216269,0.001996616573859869,0.01970626352148727,-1.4511701648368642,-0.0030815361413798342,0.17241771088976188,0.17372301628023293
6.6200000000005454,post_spin_balance,-0.003950345438804557,0.050461460915979396,0.0506158499569137,0.22247635142518352,0.2718656263016829,-0.04020093694872974,90.00719196560328,90.0,0.007191965603283764,0.6224116065679625,0.0,0.27482180038559706,2,True,42.633411170833284,0,0.1739266160953583,0.0013124865527268396,-0.01899470306220834,-1.3334196610152715,0.001887764216007462,0.01930598452761502,-1.4509476225757363,-0.0030211502443260457,0.17243337091703287,0.17373178667947023
6.630000000000549,post_spin_balance,-0.003957434267270514,0.050673127882261804,0.05082742542517598,0.22248997027650633,0.2703381945190508,-0.0404963501507305,90.01329686271607,90.0,0.01329686271607257,0.6010624069263782,0.0,0.2733544980820377,2,True,42.63337706689177,0,0.17394028470378872,0.0014212101511304354,-0.018592091924350882,-1.3335281810745079,0.0017811118209682397,0.018913932098453348,-1.4507074677281753,-0.0029628029285349577,0.17245018025076378,0.17374160982061357
6.640000000000552,post_spin_balance,-0.003964568335489302,0.05088352747656399,0.05103774260824049,0.2225046921828464,0.26879297438350386,-0.04078931689391695,90.01919138940433,90.0,0.01919138940432295,0.5802754112706767,0.0,0.2718702249993077,2,True,42.63333956612333,0,0.17395503977887333,0.0015297778978253863,-0.018197504282392085,-1.3336396317464159,0.0016766037855870802,0.018529866429205188,-1.450449901399205,-0.0029064336764134946,0.17246813686853812,0.1737524846668139
6.6500000000005555,post_spin_balance,-0.003971747271865143,0.0510926453237318,0.05124678704629414,0.2225205154931938,0.26723010778618195,-0.04107982683608116,90.02488108106147,90.0,0.024881081061459975,0.5600349146445721,0.0,0.270369137370824,2,True,42.633298654698095,0,0.1739708797025519,0.0016381778871348105,-0.017810708488677947,-1.3337538230663584,0.001574186623472723,0.018153555116368597,-1.450175122538343,-0.002851983117250878,0.1724872386386618,0.17376441005791343
6.660000000000559,post_spin_balance,-0.003978970709928148,0.05130046717232987,0.05145454440581279,0.22253743843585924,0.2656497355099664,-0.0413678684184778,90.03037131857401,90.0,0.030371318574015073,0.5403256724914719,0.0,0.26885139064930735,2,True,42.63325431923349,0,0.1739878027377983,0.0017463982317783141,-0.01743147999959686,-1.3338705687971246,0.001473808773412924,0.017784772916954544,-1.449883327800247,-0.0027993931368594516,0.1725074833198289,0.17377738470991883
6.670000000000562,post_spin_balance,-0.003986238288444363,0.05150697889473483,0.05166100047961633,0.22255545911854455,0.264051997255642,-0.04165342901960756,90.03566733284678,90.0,0.035667332846792,0.5211328865060522,0.0,0.2673171395999176,2,True,42.63320654743594,0,0.174005807028811,0.001854427064175593,-0.017059601163911368,-1.333989686462671,0.0013754204268348336,0.017423301514777636,-1.449574711426223,-0.002748606970960396,0.1725288685604801,0.17379140721480682
6.6800000000005655,post_spin_balance,-0.003993549651069762,0.05171216648737601,0.05186614118703699,0.22257457552844334,0.26243703177996774,-0.041936495117487815,90.04077420918824,90.0,0.04077420918824109,0.5024421907856367,0.0,0.2657665384731799,2,True,42.63315532857841,0,0.1740248906012166,0.0019622525377477914,-0.016694861015901025,-1.3341109973689973,0.0012789733751479987,0.01706892929480861,-1.4492494651493655,-0.0026995692809057836,0.1725513918979388,0.17380647604061938
6.690000000000569,post_spin_balance,-0.00400090444565676,0.05191601607112219,0.05206995257420822,0.22259478553237447,0.2608049771179168,-0.04221705245345185,90.04569689155917,90.0,0.045696891559171386,0.48423963833226624,0.0,0.26419974129149837,2,True,42.633100653830006,0,0.17404505136228632,0.0020698628282166402,-0.01633705507396727,-1.3342343266105934,0.001184420877201317,0.016721451126157794,-1.448907778125168,-0.0026522262113570505,0.17257505075740903,0.17382258953179822
6.700000000000572,post_spin_balance,-0.004008302323312616,0.052118513891807126,0.052272420814475064,0.22261608687694637,0.2591559708637687,-0.04249508619180167,90.05044018668855,90.0,0.050440186688541125,0.4665116879421421,0.0,0.262616902107176,2,True,42.6330425165138,0,0.17406628710116556,0.00217724613490115,-0.015985985145118425,-1.3343595030620707,0.0010917175464211781,0.016380668154091574,-1.44854983688854,-0.0026065254298336116,0.1725998424509062,0.17383974590971676
6.7100000000005755,post_spin_balance,-0.00401574293729832,0.05231964632088324,0.05247353220892198,0.22263847718875315,0.25749015048856994,-0.04277058107086725,90.05500876806063,90.0,0.05500876806062646,0.44924519151406056,0.0,0.26101817540005107,2,True,42.632980912200544,0,0.1740885954891162,0.002284390682011634,-0.01564145913548407,-1.3344863593558578,0.0010008192561580947,0.016046387601146926,-1.4481758253358328,-0.0025624161493106867,0.17262576417617703,0.173857943273359
6.720000000000579,post_spin_balance,-0.004023225941844848,0.05251939985618941,0.052673273187010525,0.2226619539746004,0.25580765367450914,-0.04304352154218342,90.0594071797776,90.0,0.059407179777588914,0.4324273817909185,0.0,0.2594037164595903,2,True,42.63291583875457,0,0.17411197407977214,0.002391284719941083,-0.015303290867256014,-1.3346147318451682,0.0009116830623850519,0.01571842257728789,-1.4477859247308205,-0.0025198491349300994,0.17265281301566085,0.17387717960010826
6.730000000000582,post_spin_balance,-0.004030750990951207,0.052717761122817584,0.05287163030731615,0.22268651462175923,0.2541086186499935,-0.043313891895542814,90.06363984030217,90.0,0.06363984030217396,0.41604586054851894,0.0,0.2577736817526672,2,True,42.632847296280175,0,0.17413642030940746,0.00249791652655367,-0.014971299901747944,-1.3347444605554408,0.0008242671412453523,0.015396591898746885,-1.44738031373268,-0.0024787766965298774,0.17268098593553052,0.17389745274661045
6.7400000000005855,post_spin_balance,-0.0040383177372168505,0.05291471687406165,0.05306859025835174,0.22271215639824726,0.25239318451225057,-0.0435816763685938,90.06771104608458,90.0,0.0677110460845866,0.4000885872299159,0.0,0.2561282292540897,2,True,42.6327752870353,0,0.1741619314972176,0.0026042744084701593,-0.014645311368804124,-1.334875389124294,0.0007385307400439439,0.015080719915263779,-1.446959168442659,-0.002439152668986061,0.17271027978484407,0.17391876044967952
6.750000000000589,post_spin_balance,-0.004045925830749282,0.05311025399243215,0.053264139859464356,0.2227388764531336,0.2506614915273061,-0.04384685924044338,90.07162497507848,90.0,0.07162497507848009,0.38454386802219587,0.0,0.25446751882025903,2,True,42.63269981527575,0,0.17418850484561327,0.0027103467023502454,-0.014325155802272942,-1.3350073647321579,0.0006544341395068598,0.014770636345210348,-1.4465226624677303,-0.0024009323821076733,0.17274069129482367,0.17394110032721558
6.760000000000592,post_spin_balance,-0.004053574918176885,0.053304359490720626,0.053458266061791146,0.22276667181686702,0.24891368139995146,-0.04410942490939536,90.07538569014993,90.0,0.07538569014992529,0.369400345365676,0.0,0.2527917125074277,2,True,42.632620887092244,0,0.17421613744052747,0.0028161217761715957,-0.014010668981331853,-1.3351402380255661,0.0005719386252097947,0.01446617611803749,-1.4460709669971168,-0.002364072622209168,0.17277221707827733,0.1739644698791176
6.7700000000005955,post_spin_balance,-0.0040612646417873995,0.05349702051309859,0.05365095594926081,0.22279553940162483,0.2471498975087666,-0.04436935795546026,90.07899714238422,90.0,0.07899714238422069,0.35464698787880633,0.0,0.25110097481786314,2,True,42.63253851020845,0,0.17424482625173468,0.0029215880305053818,-0.01370169177750971,-1.3352738630342573,0.0004910064666171499,0.014167179223544688,-1.4456042508899396,-0.002328531587186655,0.17280485362916975,0.17398886648817316
6.780000000000599,post_spin_balance,-0.0040689946388037124,0.0536882243362372,0.05384219673962742,0.22282547600167973,0.24537028510349343,-0.04462664318868809,90.08246317429372,90.0,0.0824631742937235,0.3402730806843225,0.0,0.24939547293512113,2,True,42.63245269379894,0,0.1742745681331835,0.0030267338997883087,-0.013398070007040434,-1.3354080970846456,0.0004116009015721067,0.013873490567309946,-1.4451226807703443,-0.0022942688369145536,0.17283859732234072,0.17401428742091224
6.790000000000602,post_spin_balance,-0.004076764540801498,0.05387795837043536,0.05403197578552446,0.22285647829378505,0.24357499146385875,-0.044881265684651866,90.08578752293154,90.0,0.08578752293153635,0.3262682161125184,0.0,0.24767537693637967,2,True,42.632363448275804,0,0.1743053598233415,0.0031315478535909416,-0.01309965428830067,-1.3355428007103036,0.00033368612495746075,0.013584959831824384,-1.4446264211278266,-0.0022612452406294004,0.17287344441336525,0.17404072982841487
6.800000000000606,post_spin_balance,-0.00408457397326711,0.05406621016074564,0.05422028057552825,0.2228885428375746,0.241764166020501,-0.04513321080860521,90.08897382291418,90.0,0.08897382291417925,0.3126222847639829,0.0,0.2459408599601868,2,True,42.63227078510513,0,0.1743371979455528,0.0032360183978820912,-0.012806299904053872,-1.3356778375616707,0.00025722728001806305,0.0133014413427021,-1.444115634420534,-0.0022294229227382,0.17290939103855132,0.17406819074707006
6.810000000000609,post_spin_balance,-0.004092422555289294,0.05425296738808887,0.05440709873522089,0.22292166607597708,0.2399379604398617,-0.04538246422992689,90.09202560935671,90.0,0.09202560935670724,0.2993254669061514,0.0,0.24419209830668534,2,True,42.63217471662897,0,0.17437007900840854,0.003340134076289291,-0.012517866668144655,-1.3358130743157937,0.0001821904510987682,0.013022793939550078,-1.4435904811794031,-0.0021987652082101072,0.17294643321506048,0.174096667099284
6.820000000000612,post_spin_balance,-0.004100309899374715,0.0544382178703505,0.05459241802824508,0.22295584433564372,0.2380965286757979,-0.04562901192848459,90.09494632072351,90.0,0.0949463207235051,0.2863682241853818,0.0,0.24242927156473137,2,True,42.6320752559045,0,0.17440399940612966,0.0034438834713551446,-0.0122342187964348,-1.335948380587673,0.00010854265687987308,0.012748880850968576,-1.4430511201110872,-0.002169236568845073,0.1729845668411408,0.1741261556941364
6.830000000000616,post_spin_balance,-0.00410823561137471,0.054621949563452704,0.054776226357343555,0.22299107382738778,0.23624002699130836,-0.04587284019451071,90.09773930159797,90.0,0.09773930159796533,0.2737412916294852,0.0,0.24065256261588883,2,True,42.631972416561474,0,0.1744389554189623,0.003547255205789325,-0.01195522478170248,-1.33608362884325,3.6251843401030603e-05,0.012479569573390185,-1.4424977081989314,-0.0021408025709718226,0.17302378769646004,0.17415665322799004
6.840000000000619,post_spin_balance,-0.004116199290508939,0.054804150562398485,0.05495851176537833,0.22302735064663573,0.2343686139541862,-0.046113935623499774,90.10040780537372,90.0,0.10040780537372083,0.26143566992347944,0.0,0.2388621577499947,2,True,42.63186621267099,0,0.1744749432135857,0.0036502379437162486,-0.011680757272153187,-1.3362186943158232,-3.4713123952839764e-05,0.012214731753244569,-1.4419304007998122,-0.0021134298253548955,0.1730640914425196,0.17418815628505363
6.850000000000622,post_spin_balance,-0.004124200529470926,0.05498480910228463,0.05513926243632545,0.22306467077388878,0.23248245041055943,-0.04635228510751303,90.10295499687034,90.0,0.10295499687033306,0.24944261793700037,0.0,0.23705824662756064,2,True,42.63175665865993,0,0.17451195884353268,0.0037528203919182093,-0.011410692953486101,-1.3363534549257083,-0.00010438246974509013,0.011954243072325808,-1.4413493517371339,-0.0020870859399142183,0.17310547362314496,0.17422066133790923
6.860000000000626,post_spin_balance,-0.0041322389146003155,0.055163913559282185,0.05531846669624253,0.2231030300751953,0.23058169944030765,-0.04658787582411077,90.10538395487481,90.0,0.10538395487480966,0.2377536454874662,0.0,0.23524102230387928,2,True,42.63164376921532,0,0.17454999824962228,0.003854991301073753,-0.011144912434188792,-1.3364877912036461,-0.00017278551937099929,0.011697983136009091,-1.4407547133887117,-0.00206173947531349,0.17314792966503004,0.17425416474800418
6.870000000000629,post_spin_balance,-0.004140314026107073,0.05534145245158369,0.05549611301420738,0.22314242430263306,0.22866652629821563,-0.04682069522399997,90.10769767461272,90.0,0.10769767461271736,0.22636050632362426,0.0,0.23341068123376066,2,True,42.63152755922479,0,0.1745890572604049,0.003956739466991322,-0.010883300133913526,-1.3366215862185293,-0.00023995071175672567,0.011445835364110516,-1.4401466367685238,-0.002037359903745567,0.17319145487833007,0.17428866276611757
6.880000000000632,post_spin_balance,-0.004148425438333843,0.055517414440317485,0.05567219000322681,0.22318284909480135,0.22673709834446057,-0.047050731018283866,90.10989907014996,90.0,0.10989907014995874,0.2152551913120612,0.0,0.23156742322112375,2,True,42.631408043739114,0,0.17462913159261992,0.004058053731837943,-0.010625744174819528,-1.3367547255090977,-0.00030590561377019654,0.011197686884306774,-1.4395252716043385,-0.002013917570918955,0.17323604445729046,0.17432415153280773
6.890000000000636,post_spin_balance,-0.0041565727200437805,0.055691788330429974,0.0558466864211157,0.2232242999773235,0.2247935849677312,-0.04727797116605908,90.1119909767275,90.0,0.11199097672750298,0.2044299218192274,0.0,0.22971145145143732,2,True,42.63128523793205,0,0.1746702168516652,0.00415892298536276,-0.0103721362756729,-1.3368870970198596,-0.0003706769364413276,0.010953428427888616,-1.4388907664082171,-0.001991383661225421,0.1732816934809004,0.17436062707884298
6.900000000000639,post_spin_balance,-0.004164755434722647,0.055864563071537233,0.05601959117134659,0.22326677236335873,0.2228361575038832,-0.047502403862930795,90.11397615303113,90.0,0.11397615303113133,0.1938771432732345,0.0,0.2278429724340449,2,True,42.631159157078955,0,0.17471230853207909,0.004259336166115419,-0.01012237164867662,-1.337018591041039,-0.0004342905526858176,0.010712954227884692,-1.4382432685428717,-0.0019697301658357647,0.17332839691356605,0.17439808532562717
6.910000000000642,post_spin_balance,-0.004172973140885468,0.05603572775874765,0.05619089330387116,0.22331026155412484,0.22086498915264555,-0.04772401753086627,90.11585728339713,90.0,0.11585728339713922,0.18358951890028394,0.0,0.22596219595389513,2,True,42.63102981658145,0,0.1747554020180345,0.004359282262659116,-0.009876348898841397,-1.3371491001526525,-0.0004967715165745679,0.010476161919318315,-1.437582924282043,-0.0019489298537420652,0.1733761496057967,0.1744365220856223
6.920000000000646,post_spin_balance,-0.004181225392379705,0.05620527163345766,0.056360582015914644,0.22335476273943036,0.2188802548944626,-0.04794280080967934,90.11763697995741,90.0,0.11763697995740395,0.17355992362410547,0.0,0.22406933514204216,2,True,42.63089723192737,0,0.17479949258384506,0.0044587503147780665,-0.009633969925891925,-1.3372785191720142,-0.0005581440836630591,0.01024295244175102,-1.4369098788663806,-0.001928956245256075,0.17342494629489288,0.17447593306277054
6.930000000000649,post_spin_balance,-0.004189511738678385,0.05637318408412255,0.05652864665274494,0.2234002709982177,0.2168821314091609,-0.04815874255031803,90.11931778472311,90.0,0.11931778472310618,0.16378143812412127,0.0,0.22216460638806754,2,True,42.63076141874646,0,0.1748445753944834,0.004557729414679444,-0.00939513982858288,-1.337406745104799,-0.0006184317323608413,0.010013229943910367,-1.4362242765550617,-0.00190978358789462,0.17347478160564245,0.17451631385292635
6.940000000000652,post_spin_balance,-0.004197831725158144,0.05653945464700434,0.05669507670841804,0.2234467812991165,0.21487079699774245,-0.048371831810019424,90.12090217161067,90.0,0.12090217161066677,0.15424734304649124,0.0,0.22024822938097263,2,True,42.630622392795324,0,0.17489064550611128,0.004656208708189567,-0.009159766811425545,-1.3375336770994626,-0.0006776571860326042,0.009786901690501532,-1.4355262606728298,-0.001891386834312031,0.17352565005101275,0.17455765994429584
6.950000000000656,post_spin_balance,-0.0042061848933586535,0.05670407300689897,0.05685986182650154,0.22349428850100836,0.2128464315082276,-0.04858205784931527,90.12239254841036,90.0,0.12239254841035757,0.14495111336253283,0.0,0.21832042710263522,2,True,42.630480169997185,0,0.1749376978666218,0.0047541773959441334,-0.008927762093703611,-1.3376592164042662,-0.0007358424355741189,0.00956387797115481,-1.4348159736538106,-0.0018737416220825087,0.17357754603284206,0.17459996671788966
6.960000000000659,post_spin_balance,-0.004214570781220929,0.05686702899784437,0.05702299180077799,0.2235427873536019,0.21080921626618326,-0.04878941013080727,90.12379125869911,90.0,0.12379125869911241,0.13588641287002495,0.0,0.2163814258752134,2,True,42.630334766452805,0,0.1749857273161934,0.004851624734572518,-0.00869903982078675,-1.337783266327191,-0.0007930087621706716,0.00934407201150445,-1.4340935570821798,-0.0018568242548125113,0.1736304638425277,0.1746432294479903
6.970000000000662,post_spin_balance,-0.004222988923303303,0.05702831260381134,0.05718445657592952,0.22359227249801927,0.20875933401026572,-0.048993878319574705,90.1251005836996,90.0,0.12510058369959942,0.12704708883621438,0.0,0.21443145531453267,2,True,42.63018619847536,0,0.17503472858785574,0.0049485400378759216,-0.008473516977706456,-1.3379057321979397,-0.0008491767601856437,0.009127399886403487,-1.4333591517298794,-0.0018406116846775566,0.17368439766171184,0.17468744330263816
6.980000000000666,post_spin_balance,-0.0042314388509747235,0.05718791395937861,0.057344246248205485,0.22364273846739413,0.20669696883286995,-0.049195452285042664,90.12632274408584,90.0,0.12632274408583483,0.11842716677777275,0.0,0.21247074846463063,2,True,42.6300344826105,0,0.17508469630806708,0.005044912677999195,-0.008251113304904552,-1.3380265213324312,-0.0009043663598612695,0.008913780435277132,-1.4326128975918946,-0.0018250814959819561,0.1737393415629628,0.17473260334413088
6.990000000000669,post_spin_balance,-0.004239920092585747,0.05734582335039344,0.057502351066074174,0.22369417968748098,0.20462230612580287,-0.04939412210412031,90.12745990173796,90.0,0.1274599017379583,0.11002084537530472,0.0,0.21049954178233438,2,True,42.629879635649495,0,0.17513562499730392,0.005140732086596318,-0.008031751216187735,-1.3381455429986766,-0.0009585968496597652,0.008703135179621338,-1.4318549339197808,-0.0018102118894310348,0.17379528951045667,0.174778704529545
7.000000000000672,post_spin_balance,-0.004248432173618283,0.057502031214618735,0.05765876143085994,0.2237465904772759,0.20253553253072118,-0.0495898780653995,90.12851416144642,90.0,0.12851416144642533,0.10182249152057254,0.0,0.20851807524156732,2,True,42.62972167465961,0,0.1751875090706615,0.0052359877559893684,-0.00781535571880122,-1.3382627083844618,-0.0010118868982405826,0.00849538824260269,-1.4310853992530437,-0.0017959816671976048,0.17385223536065664,0.17482574171127363
7.010000000000676,post_spin_balance,-0.0042569746168155615,0.05765652814236761,0.05781346789736661,0.2237999650496491,0.2004368358939745,-0.049782710674206344,90.12948757256775,90.0,0.12948757256775292,0.09382663549542153,0.0,0.20652659237472154,2,True,42.629560617010064,0,0.17524034283846654,0.005330669240320756,-0.007601854335619446,-1.3383779305670478,-0.00106425457581516,0.008290466270777595,-1.4303044314493856,-0.0017823702183968892,0.17391017286299448,0.1748737096375843
7.020000000000679,post_spin_balance,-0.004265546942294162,0.05780930487712593,0.057966461174487886,0.22385429751198915,0.19832640522539605,-0.04997261065830289,90.1303821306321,90.0,0.13038213063209922,0.08602796627727251,0.0,0.2045253403821823,2,True,42.62939648036901,0,0.175294120506901,0.0054247661566987505,-0.007391177029416445,-1.3384911244830924,-0.0011157173748551075,0.00808829835794415,-1.42951216771349,-0.0017693575049975152,0.1739690956605538,0.1749226029531929
7.030000000000682,post_spin_balance,-0.004274148667640055,0.057960352316163435,0.05811773212580547,0.22390958186685875,0.19620443066056245,-0.05015956897404603,90.1311997789056,90.0,0.1311997789056028,0.07842132697241308,0.0,0.20251457019765448,2,True,42.62922928273426,0,0.1753488361786375,0.005518268186336114,-0.007183256129179602,-1.3386022069008006,-0.0011662922301328982,0.007888815971027417,-1.4287087446250428,-0.0017569240480301562,0.17402899729075758,0.17497241619985712
7.040000000000686,post_spin_balance,-0.0042827793079907635,0.05810966151113347,0.05826727177017524,0.2239658120126623,0.19407110342600636,-0.05034357681283489,90.13194240990693,90.0,0.13194240990692216,0.071001710372878,0.0,0.20049453664246264,2,True,42.629059042430995,0,0.17540448385348606,0.005611165075681613,-0.0069780262583934785,-1.338711096392225,-0.0012159955378789333,0.007691952878027604,-1.4278942981653224,-0.0017450509138301207,0.17408987118606098,0.17502314381698444
7.050000000000689,post_spin_balance,-0.004291438376105774,0.05825722366866168,0.058415071282301695,0.2240229817443251,0.19192661580685189,-0.05052462560768942,90.13261186688042,90.0,0.13261186688041757,0.06376425463555055,0.0,0.19846549852817996,2,True,42.62888577812922,0,0.17546105742905205,0.005703446637544473,-0.006775424265320821,-1.3388177133073724,-0.0012648431743761679,0.00749764507798514,-1.4270689637437202,-0.0017337197007534222,0.1741517106746518,0.17507478014225727
7.060000000000692,post_spin_balance,-0.00430012538242717,0.05840303015092352,0.05856112199330095,0.22408108475398425,0.1897711611164022,-0.05070270703982388,90.13320994522654,90.0,0.13320994522653576,0.05670423908106941,0.0,0.19642771875019488,2,True,42.62870950884329,0,0.17551855070140537,0.005795102752211532,-0.006575389155201168,-1.3389219797483995,-0.001312850513585373,0.007305830732924355,-1.4262328762229168,-0.0017229125256749966,0.1742145089811595,0.17512731941227452
7.070000000000696,post_spin_balance,-0.004308839835132441,0.05854707247621045,0.05870541539125214,0.2241401146316907,0.18760493366719722,-0.05087781304510584,90.13373839389111,90.0,0.1337383938911015,0.04981708011021046,0.0,0.19438146452146013,2,True,42.62853025394044,0,0.17557695736576084,0.005886123368556939,-0.006377862024310195,-1.3390238195451585,-0.001360032444115894,0.007116450101725055,-1.4253861699438244,-0.0017126120108238996,0.17427825922737317,0.17518075576320402
7.080000000000699,post_spin_balance,-0.004317581240181205,0.05868934231948479,0.05884794312173734,0.22420006486612354,0.18542812874312406,-0.0510499358203085,90.1341989167142,90.0,0.13419891671420367,0.04309832723590969,0.0,0.19232700741569447,2,True,42.62834803314192,0,0.1756362710171695,0.0059764985051443936,-0.006182785995899877,-1.3391231582314633,-0.0014064033854592761,0.006929445475906553,-1.424528978749829,-0.0017028012706741813,0.17434295443297154,0.1752350832314519
7.090000000000702,post_spin_balance,-0.004326349101357357,0.058829831512922655,0.05898869698836958,0.2242609288453147,0.1832409425722236,-0.05121906782909271,90.13459317374003,90.0,0.1345931737400239,0.0365436592266599,0.0,0.1902646236270085,2,True,42.62816286651484,0,0.17569648515122108,0.006066218251321749,-0.005990106157872417,-1.3392199230216817,-0.0014519773033728756,0.0067447611172313906,-1.423661436010245,-0.0016934638987341488,0.17440858751626312,0.17529029575434257
7.100000000000706,post_spin_balance,-0.004335142920308022,0.05896853204644501,0.059127668953309065,0.22432269985738576,0.18104357229986193,-0.05138520180766176,90.13492278248893,90.0,0.13492278248893136,0.030148880360886393,0.0,0.18819459409834796,2,True,42.627974774477096,0,0.17575759316475725,0.00615527276830778,-0.005799769502260254,-1.3393140427887216,-0.001496767724800424,0.0065623431971077156,-1.4227836746434799,-0.0016845839547703079,0.17447515129494026,0.17534638717081114
7.110000000000709,post_spin_balance,-0.0043439621965804765,0.05910543606823637,0.059264851137767124,0.22438537109129528,0.17883621596200389,-0.05154833077005921,90.13518931919253,90.0,0.1351893191925302,0.023909916787767927,0.0,0.18611720478265126,2,True,42.62778377779425,0,0.17581958835659564,0.00624365229027114,-0.005611724866388955,-1.339405448042185,-0.0015407877520111357,0.0063821397377721205,-1.4218958271396307,-0.0016761459519614996,0.17454263848684362,0.17540335122210599
7.120000000000712,post_spin_balance,-0.004352806427657882,0.05924053588525063,0.0594002358224976,0.2244489356375974,0.17661907245838965,-0.05170844801309535,90.13539431999276,90.0,0.1353943199927541,0.017822812993232198,0.0,0.18403274677379958,2,True,42.62758989756792,0,0.17588246392826493,0.006331347125401311,-0.0054259228756954265,-1.3394940709075673,-0.0015840500761484244,0.006204100555107964,-1.420998025582056,-0.0016681348441694444,0.17461104171074343,0.17546118155250479
7.130000000000716,post_spin_balance,-0.004361675108994656,0.05937382396370403,0.0595338154482756,0.2245133864892116,0.17439234152543928,-0.051865547120888984,90.13553928210659,90.0,0.1355392821065855,0.01188372836694137,0.0,0.1819415165812807,2,True,42.627393155246295,0,0.17594621298475005,0.0064183476569713875,-0.0052423158881706716,-1.3395798451060998,-0.0016265669903759439,0.00602817720317284,-1.4200904016689628,-0.0016605360135898695,0.17468035348713054,0.17551987171003794
7.140000000000719,post_spin_balance,-0.00437056773405197,0.059505292929554664,0.05966558261636305,0.22457871654220293,0.1721562237087818,-0.052019621969041696,90.13562566495668,90.0,0.1356256649566791,0.0060889338686105155,0.0,0.17984381638177874,2,True,42.62719357259726,0,0.17601082853524863,0.0065046443443926615,-0.005060857940335787,-1.339662705935001,-0.0016683504023020657,0.005854322920248603,-1.4191730867336025,-0.0016533352583512628,0.17475056623902277,0.17557941514722233
7.1500000000007224,post_spin_balance,-0.004379483794333765,0.05963493556896833,0.05979553008896096,0.2246449185965729,0.1699109203353317,-0.05217066672845315,90.13565489126916,90.0,0.13565489126916214,0.00043480879060726343,0.0,0.1777399542600313,2,True,42.6269911717238,0,0.1760763034939374,0.006590227724260902,-0.004881504694804079,-1.3397425902491145,-0.0017094118461936647,0.005682492576484765,-1.4182462117645065,-0.0016465187805511372,0.17482167229278425,0.1756398052218063
7.160000000000726,post_spin_balance,-0.004388422779423556,0.05976274482877036,0.05992365078964801,0.22471198535706113,0.16765663348487259,-0.05231867586879746,90.13562834813993,90.0,0.13562834813993438,-0.005082162387030605,0.0,0.17563024450638287,2,True,42.626785975042544,0,0.1761426306807493,0.00667508841139406,-0.004704213389269933,-1.3398194364425473,-0.0017497624944855517,0.0055126426230169626,-1.4173099074247717,-0.0016400731744027341,0.17489366387895822,0.17570103519752103
7.170000000000729,post_spin_balance,-0.004397384177022102,0.05988871381688323,0.06004993780380513,0.2247799094339574,0.16539356596115146,-0.05246364416169042,90.1355473880695,90.0,0.13554738806949346,-0.010465393049827616,0.0,0.173515007935773,2,True,42.626578005288025,0,0.17620980282216087,0.006759217099861492,-0.004528942786928541,-1.3398931844313753,-0.001789413169218157,0.005344731042515726,-1.4163643040700706,-0.0016339854146904531,0.1749665331331118,0.17576309824484274
7.1800000000007325,post_spin_balance,-0.004406367472985977,0.06001283580274975,0.06017438437902619,0.22484868334392383,0.1631219212624897,-0.05260556668357415,90.13541332996812,90.0,0.13541332996811736,-0.015718197415349876,0.0,0.17139457216815848,2,True,42.62636728549994,0,0.17627781255198982,0.006842604564004477,-0.004355653128330733,-1.3399637756372418,-0.0018283743528823837,0.005178717301146358,-1.4154095317671371,-0.0016282428455519637,0.17504027209669587,0.17582598744176406
7.190000000000736,post_spin_balance,-0.004415372151367014,0.06013510421774159,0.06029698392551413,0.2249182995108274,0.16084190355195174,-0.05274443881834446,90.13522746013194,90.0,0.13522746013193848,-0.020843793413796264,0.0,0.16926927203686112,2,True,42.6261538390199,0,0.17634665241220288,0.006925241659447874,-0.004184306084575578,-1.3400311529710112,-0.0018666561989761632,0.005014562301897595,-1.4144457203103995,-0.0016228331694094489,0.17511487271791415,0.17588969577457247
7.200000000000739,post_spin_balance,-0.004424397785076459,0.06025551265390917,0.06041773002145974,0.22498875025530338,0.15855369208754605,-0.05288026370974438,90.13499101576615,90.0,0.1349910157661437,-0.025849761040527646,0.0,0.1671394281009432,2,True,42.62593690846671,0,0.1764163148537336,0.007007119324102925,-0.0040142409146331414,-1.3400963134138597,-0.0019045285285178848,0.004851566263637438,-1.4134718057141578,-0.0016175928941142281,0.17519032691222391,0.17595421605247397
7.2100000000007425,post_spin_balance,-0.004433444308726302,0.06037405490281327,0.06053661647173955,0.22506002779834833,0.15625736892950703,-0.053013037751187854,90.13470515918121,90.0,0.13470515918121054,-0.030740098738739858,0.0,0.16500527429401904,2,True,42.62572018124999,0,0.17648679223731029,0.007088228579161037,-0.0038461930023436894,-1.3401581221975647,-0.0019419134501232338,0.004690466914843006,-1.4124891383386247,-0.00161296770525865,0.1752666267749013,0.17601954075135756
7.220000000000746,post_spin_balance,-0.004442511622270957,0.06049072497500932,0.06065363729832061,0.22513212430283705,0.1539530316662532,-0.05314273472935692,90.13437105381149,90.0,0.13437105381149742,-0.03551389779173155,0.0,0.16286706054929653,2,True,42.62550014583397,0,0.1765580768342936,0.0071685605300783675,-0.0036801548025102177,-1.3402163114439085,-0.0019784934592908254,0.004531299635069062,-1.4114980838407707,-0.001608651332641431,0.17534376429946041,0.17608566239830162
7.230000000000749,post_spin_balance,-0.004451599437564997,0.06060551702684361,0.060768786656009176,0.22520503183418536,0.1516408295999106,-0.05326933445446844,90.1339898616893,90.0,0.13398986168929786,-0.04017190954646881,0.0,0.16072509624530043,2,True,42.625276271385005,0,0.17663016082752417,0.0072481063675512315,-0.0035160243644689567,-1.3402708591310801,-0.0020142386273317714,0.004373984257276311,-1.4104987813557466,-0.001604517786452181,0.17542173122528654,0.17615257354827266
7.2400000000007525,post_spin_balance,-0.0044607073109789305,0.06071842533920515,0.0608820588136345,0.2252787423567845,0.14932095245124524,-0.0533928270751402,90.13356273159935,90.0,0.1335627315993608,-0.0447158751139052,0.0,0.15857974133357122,2,True,42.62504897131667,0,0.17670303631217985,0.007326857368482166,-0.0033537232580708658,-1.3403217845582402,-0.0020492041059622934,0.004218439564005909,-1.4094913023770348,-0.0016005522012967899,0.17550051907345582,0.17622026672020047
7.250000000000756,post_spin_balance,-0.004469834687458943,0.06082944432620267,0.06099344816591206,0.22535324774345453,0.14699361810260722,-0.05351321149411749,90.13309079107079,90.0,0.13309079107078828,-0.049148174884280506,0.0,0.1564313947897262,2,True,42.62481868300435,0,0.1767766952966425,0.007404804896936468,-0.0031931933884682528,-1.3403690931654948,-0.0020834539294560805,0.0040645982321961096,-1.4084757090798783,-0.0015967734803419287,0.1755801191958406,0.17628873437878181
7.260000000000759,post_spin_balance,-0.004478980937195304,0.06093856854896653,0.06110294924987542,0.225428539781656,0.144659062957405,-0.053630492557408475,90.13257514186029,90.0,0.13257514186029148,-0.053471502783925366,0.0,0.1542804851693764,2,True,42.62458570631619,0,0.17685112970337438,0.007481940405089247,-0.00303439016127829,-1.3404127740447598,-0.002117040915918522,0.00391240663280216,-1.4074520725801034,-0.0015932040234377387,0.17566052280985286,0.1763579689278367
7.2700000000007625,post_spin_balance,-0.004488145383342235,0.06104579272687297,0.0612105567580818,0.22550461017606696,0.14231753484009046,-0.053744678516461225,90.13201685811123,90.0,0.13201685811123492,-0.05768864899101458,0.0,0.15212746379757988,2,True,42.62435023029976,0,0.17692633136980407,0.007558255434162809,-0.0028772772206896607,-1.3404528055930929,-0.0021500043807598512,0.0037618213038491037,-1.406420477309758,-0.0015898607937803177,0.1757417210212263,0.17642796270543348
7.280000000000766,post_spin_balance,-0.004497327322418884,0.061151111744926163,0.06131626554745015,0.2255814505495398,0.1399692878458274,-0.05385577912413063,90.13141698612644,90.0,0.1314169861264429,-0.06180237908316016,0.0,0.14997279988091558,2,True,42.624112372706016,0,0.17700229204922133,0.0076337416153542175,-0.0027218231796809515,-1.3404891597596815,-0.0021823724859370564,0.0036128057321654222,-1.4053810201152257,-0.0015867538811613346,0.17582370483961185,0.17649870797936776
7.290000000000769,post_spin_balance,-0.004506526039184684,0.06125452065790402,0.06142007064446801,0.22565905244359655,0.13761457861881107,-0.053963804337130765,90.1307765449779,90.0,0.13077654497789923,-0.06581537563421772,0.0,0.1478169774284128,2,True,42.623872206095896,0,0.17707900341168167,0.007708390670753046,-0.0025679997449582323,-1.3405218045147418,-0.002214165168320459,0.0034653280815661425,-1.404333807805477,-0.0015838873475391702,0.17590646518973158,0.17657019694307663
7.3000000000007725,post_spin_balance,-0.004515740817398582,0.06135601469220326,0.061521967247803296,0.22573740731887215,0.13525366367726976,-0.054068763496666984,90.13009652748646,90.0,0.13009652748645986,-0.06973021504712665,0.0,0.1456604932174302,2,True,42.62362977409089,0,0.1771564570449198,0.007782194414249166,-0.002415780685945235,-1.3405507053269474,-0.0022453965765739103,0.0033193597322841275,-1.4032789546992566,-0.0015812605612378627,0.17598999291945805,0.17664242171214273
7.310000000000776,post_spin_balance,-0.004524970947482917,0.06145558924619992,0.06162195072921018,0.22581650655560864,0.13288679751774896,-0.05417066485717567,90.12937790132285,90.0,0.1293779013228591,-0.0735493624805337,0.0,0.14350385574459804,2,True,42.62338510204184,0,0.17723464445527196,0.007855144752430402,-0.002265141283505605,-1.3405758261431244,-0.0022760768654157826,0.003174874380776915,-1.4022165806286653,-0.0015788694415208304,0.17607427880559,0.17671537432145823
7.320000000000779,post_spin_balance,-0.004534215731818598,0.06155323988973297,0.061720016633387956,0.22589634145421686,0.1305142313120765,-0.054269515358685155,90.12862161010645,90.0,0.12862161010645123,-0.07727517517658386,0.0,0.14134758494298671,2,True,42.62313820421016,0,0.1773135570686075,0.007927233685470093,-0.0021160580396641345,-1.3405971300915824,-0.0023062134507595977,0.0030318474934350964,-1.4011468094268282,-0.0015767074659193414,0.17615931355785328,0.17678904672307633
7.330000000000783,post_spin_balance,-0.0045434744881951445,0.06164896236312847,0.06181616067724775,0.2259769032359022,0.12813621206420084,-0.05436532056577948,90.1278285744495,90.0,0.12782857444950127,-0.08090990910281345,0.0,0.13919221237524396,2,True,42.622889088574226,0,0.17739318623126912,0.007998453308004371,-0.001968508522689552,-1.3406145800113498,-0.002335811873206195,0.002890255971356755,-1.4000697678030747,-0.0015747664414564044,0.1762450878215357,0.1768634307847365
7.340000000000786,post_spin_balance,-0.004552746551805972,0.06174275257603741,0.06191037874888794,0.22605818304334965,0.12575298212856656,-0.054458084718218946,90.12699969292838,90.0,0.12699969292837363,-0.0844557264367964,0.0,0.13703828199878795,2,True,42.622637760071406,0,0.1774735232110218,0.00806879580999905,-0.001822471278501699,-1.340628138861534,-0.0023648763951296947,0.0027500779362515286,-1.3989855845004262,-0.001573037083758777,0.1763315921790741,0.1769385182890242
7.350000000000789,post_spin_balance,-0.004562031276092967,0.06183460660625814,0.062002666906470674,0.22614017194146196,0.12336477901368932,-0.054547810854252234,90.1261358429808,90.0,0.12613584298080469,-0.08791470281297241,0.0,0.1348863512896979,2,True,42.62238422272971,0,0.17755455919801041,0.008138253477606093,-0.001677925772021407,-1.340637770046301,-0.0023934104218058527,0.0026112925841546932,-1.3978943896554252,-0.0015715094512673833,0.17641881715085567,0.17701430093310355
7.360000000000793,post_spin_balance,-0.004571328032687664,0.061924520698645145,0.06209302137711908,0.22622286091814667,0.12097183540886226,-0.05463450097873128,90.12523788173394,90.0,0.12523788173394124,-0.09128883394768895,0.0,0.13273699264042407,2,True,42.622128481133096,0,0.17763628530572576,0.008206818694009542,-0.0015348523406592842,-1.3406434376759662,-0.00242141680575797,0.002473880076819474,-1.396796314304116,-0.0015701732722206707,0.17650675319544068,0.17709077032895365
7.370000000000796,post_spin_balance,-0.0045806362106571175,0.06201249126416047,0.06218143855590639,0.22630624088514736,0.11857437938175865,-0.05471815625582626,90.12430664676971,90.0,0.12430664676970907,-0.09458004156301031,0.0,0.1305907951999445,2,True,42.62187054137283,0,0.1777186925719792,0.00827448394026075,-0.0013932321518101678,-1.3406451067800642,-0.0024488980721695808,0.002337821454639473,-1.3956914899955588,-0.0015690181923500301,0.17659539070937935,0.17716791800403017
7.380000000000799,post_spin_balance,-0.004589955215233301,0.062098514879093694,0.062267915004975624,0.22639030267891527,0.11617263470203341,-0.054798777211513605,90.12334295683492,90.0,0.12334295683491642,-0.09779017866411462,0.0,0.128448366745397,2,True,42.62161041168788,0,0.17780177195988528,0.008341241796102943,-0.0012530471616034832,-1.3406427434797554,-0.0024758565875714345,0.0022030985629994584,-1.3945800484884623,-0.0015680339621385597,0.17668472002676525,0.17724573540228403
7.390000000000803,post_spin_balance,-0.004599284466180547,0.06218258828445745,0.062352447452808095,0.2264750370615187,0.11376682125215198,-0.05487636393493068,90.12234761250139,90.0,0.12234761250138436,-0.1009210342458828,0.0,0.12631033596602978,2,True,42.621348102858335,0,0.17788551435885294,0.008407084940784947,-0.0011142800741192629,-1.3406363151273604,-0.002502294686589912,0.0020696939880748516,-1.393462121514246,-0.0015672105773006928,0.17677473141864017,0.17732421388545677
7.400000000000806,post_spin_balance,-0.004608623395934066,0.0622647083855521,0.06243503279364393,0.22656043472158668,0.11135715549211136,-0.05495091627064255,90.12132139678243,90.0,0.12132139678244018,-0.10397433750968976,0.0,0.12417735489054009,2,True,42.6210836284115,0,0.17796991058558445,0.008472006153863959,-0.0009769143016573785,-1.3406257904155754,-0.002528214764955433,0.0019375910003554975,-1.3923378405949827,-0.001566538381158472,0.176865415092345,0.17740334473459404
7.410000000000809,post_spin_balance,-0.004617971447622502,0.06234487225168604,0.06251566808704925,0.226646486275284,0.10894385094983368,-0.055022433996193665,90.12026507570926,90.0,0.1202650757092592,-0.10695176165180502,0.0,0.12205010138011878,2,True,42.6208170046877,0,0.17805495138508248,0.00853599831599736,-0.000840933926511117,-1.3406111394612823,-0.0025536193453581935,0.0018067735049932569,-1.39120733690755,-0.001566008136156788,0.17695676119089584,0.17748311915171364
7.420000000000813,post_spin_balance,-0.004627328073068465,0.06242307711603264,0.06259435055761794,0.22673318226731495,0.10652711871384958,-0.055090916981156944,90.11917939887145,90.0,0.11917939887145745,-0.1098549272688642,0.0,0.11992928186793984,2,True,42.62054825080853,0,0.17814062743166503,0.008599054409723458,-0.0007063236649892435,-1.340592333866058,-0.0025785111205413047,0.001677225998609549,-1.3900707411881352,-0.0015656110696678494,0.17704875979244064,0.177563528261576
7.430000000000816,post_spin_balance,-0.004636692730842913,0.062499320375602865,0.06267107759479247,0.22682051317195295,0.10410716790948672,-0.055156365325439584,90.11806509992593,90.0,0.11806509992592941,-0.11268540541918613,0.0,0.11781563432796609,2,True,42.62027738852744,0,0.17822692932998813,0.008661167520230996,-0.0005730688339184412,-1.340569346755995,-0.0026028929772514142,0.0015489335320953584,-1.388928183670142,-0.001565338898330354,0.17714140090984087,0.17764456311350701
7.440000000000819,post_spin_balance,-0.004646064884432281,0.0625735995913112,0.06274584675278592,0.22690846939409245,0.10168420614409225,-0.055218779475842666,90.11692289707686,90.0,0.11692289707685735,-0.11544472036413023,0.0,0.11570993118415873,2,True,42.62000444205747,0,0.17831384761607608,0.008722330836117446,-0.00044115531992823027,-1.3405421528047514,-0.0026267680047357134,0.0014218816789043473,-1.3877797940511687,-0.0015651838349376446,0.1772346744904122,0.17772621468324218
7.450000000000823,post_spin_balance,-0.004655444000561967,0.06264591248811306,0.06281865575058646,0.22699704127032125,0.09925843991069797,-0.05527816032085752,90.11575349352984,90.0,0.1157534935298437,-0.11813435201912587,0.0,0.11361298270251782,2,True,42.61972943782902,0,0.17840137275835932,0.008782537650135987,-0.0003105695514913929,-1.340510728241168,-0.002650139490402409,0.0012960565083508025,-1.3866257014835845,-0.0015651385811178697,0.17732857041583797,0.17780847387475163
7.460000000000826,post_spin_balance,-0.004664829547705569,0.06271625695519287,0.06288950247202568,0.22708621907000973,0.09683007494311462,-0.05533450926448242,90.11455757792301,90.0,0.11455757792301606,-0.12075573813305451,0.0,0.11152564012875471,2,True,42.61945240422525,0,0.1784894951587197,0.008841781359930988,-0.0001812984736980201,-1.3404750508448655,-0.002673010905773876,0.001171444563320912,-1.3854660345848289,-0.0015651963089864662,0.17742307850227262,0.1778913315220309
7.470000000000829,post_spin_balance,-0.004674220994797219,0.06278463104618326,0.06295838496589284,0.22717599299641433,0.09439931651848534,-0.05538782828043567,90.11333582473834,90.0,0.11333582473833666,-0.12331027622175138,0.0,0.10944879942452716,2,True,42.61917337131948,0,0.17857820515354297,0.008900055468762044,-5.332952545321796e-05,-1.3404350999322936,-0.002695385885146395,0.0010480328416914758,-1.3843009214625037,-0.0015653506345196244,0.17751818850062623,0.17797477839083015
7.480000000000833,post_spin_balance,-0.004683617810153773,0.06285103297939855,0.06302530144607825,0.22726635318779373,0.09196636970596575,-0.05543811994857687,90.11208889469395,90.0,0.11208889469395546,-0.12579932527885593,0.0,0.10738340490847902,2,True,42.61889237058881,0,0.17866749301477852,0.008957353586216446,7.334938102779348e-05,-1.3403908563351463,-0.002717268199132983,0.0009258087808782317,-1.3831304897509447,-0.0015655955850156222,0.17761389009703413,0.178058805180315
7.490000000000836,post_spin_balance,-0.004693019460605018,0.06291546113806734,0.06309025029173113,0.22735728971853422,0.0895314395623475,-0.055485387475617966,90.11081743512152,90.0,0.11081743512152578,-0.1282242072869431,0.0,0.10533045322097898,2,True,42.618609434669246,0,0.1787573489510062,0.00901366942890992,0.00019874987879329477,-1.3403423023733885,-0.002738661725370267,0.0008047602448149276,-1.3819548666555062,-0.001565925562988818,0.17771017291349572,0.17814340252465125
7.500000000000839,post_spin_balance,-0.004702425410823064,0.06297791407055167,0.06315323004741837,0.22744879260028397,0.08709473127716237,-0.05552963470236365,90.10952208032866,90.0,0.10952208032866029,-0.13058620855277658,0.0,0.10329099747428565,2,True,42.61832459708824,0,0.17884776310850997,0.009068996821175684,0.00032288316311300915,-1.340289421825649,-0.0027595704179640967,0.0006848755128334304,-1.3807741790011292,-0.0015663353082836784,0.17780702650866897,0.1782285609945074
7.510000000000843,post_spin_balance,-0.004711835190913051,0.06303839048617377,0.06321423942399093,0.2275408517656765,0.08465643132879268,-0.0555708764516119,90.10820343912839,90.0,0.10820343912838323,-0.13288981569211195,0.0,0.1012661415116828,2,True,42.61803596206687,0,0.17893872557235865,0.009123329695741709,0.00044621179211775357,-1.3402329127718535,-0.00278014524163564,0.0005656592270825494,-1.3795876561456397,-0.0015666613526658935,0.17790444041172418,0.1783142710226071
7.520000000000846,post_spin_balance,-0.004721248584510059,0.0630968892793251,0.06327327733667783,0.22763345706121305,0.08221665839142016,-0.0556091252883342,90.10686207745445,90.0,0.10686207745444753,-0.13513673157187592,0.0,0.09925699773594748,2,True,42.61774856227494,0,0.17903022636749297,0.00917666209439601,0.0005681699219392813,-1.3401720108215405,-0.002800390708202982,0.0004476930819350567,-1.3783964154856434,-0.00156732296615969,0.17800240425562475,0.178400522788458
7.530000000000849,post_spin_balance,-0.004730665331334529,0.06315340955586227,0.06333034290928453,0.22772659831666298,0.0797755465738633,-0.05564437052823847,90.10549857267472,90.0,0.10549857267472562,-0.13732531255813088,0.0,0.09726475100961024,2,True,42.617459300811774,0,0.17912225545981966,0.009228988168640076,0.000688753537274166,-1.3401065540705477,-0.0028200543161374103,0.00033100212052468827,-1.3772007248762683,-0.0015680663350418622,0.1781009076171886,0.1784873065496769
7.540000000000853,post_spin_balance,-0.004740085023334642,0.06320795057561425,0.06338543540907277,0.227820265310153,0.07733326927746623,-0.05567660612856307,90.10411351084745,90.0,0.10411351084745943,-0.1394551560479422,0.0,0.09529069793521727,2,True,42.617167509047896,0,0.17921480275731166,0.00928030218033021,0.0008080258647351064,-1.3400365504992247,-0.002839105662513053,0.0002155401613540184,-1.3760007018191744,-0.0015687945278040072,0.17819993990416985,0.17857461260684016
7.550000000000856,post_spin_balance,-0.004749507132685311,0.06326051173399978,0.06343855423045952,0.22791444775727085,0.07489002997091204,-0.05570583408012781,90.1027074775314,90.0,0.10270747753139114,-0.14152664391071665,0.0,0.09333624571435885,2,True,42.616873405726054,0,0.17930785811111488,0.009330598502306768,0.0009260325494159236,-1.339962041415556,-0.002857583741021602,0.00010125936986047318,-1.374796419820267,-0.0015695002429760296,0.17829949037429998,0.1786624312451183
7.560000000000859,post_spin_balance,-0.004758931047504465,0.06331109256808683,0.06348969890367855,0.22800913531527583,0.07244605243703332,-0.05573206310953173,90.10128105140392,90.0,0.10128105140391662,-0.14354067078563268,0.0,0.09140290865239353,2,True,42.6165773063948,0,0.17940141131666115,0.009379871619011257,0.001042803980954179,-1.339883059514537,-0.002875535822750297,-1.187788130689e-05,-1.373587949478054,-0.0015702029602026601,0.17839954817060608,0.17875075271719656
7.570000000000863,post_spin_balance,-0.004768356101356981,0.06335969276699786,0.06353886910732445,0.2281043175872501,0.07000157312626662,-0.05575530643873239,90.09983480057477,90.0,0.09983480057477162,-0.14549839363444583,0.0,0.08949230626331058,2,True,42.61627944756175,0,0.17949545211478724,0.009428116127091178,0.0011583605246580139,-1.3397996256735527,-0.002893000619605013,-0.00012389900945587292,-1.3723753705223714,-0.001570924536467705,0.17850010234819563,0.1788395672374386
7.580000000000866,post_spin_balance,-0.004777781595403145,0.06340631218032414,0.0635860646783719,0.2281999841242894,0.06755683555797336,-0.055775579780300476,90.09836928095146,90.0,0.0983692809514557,-0.1474010654706235,0.0,0.0876061634646994,2,True,42.61597998699535,0,0.17958997019285985,0.009475326735992553,0.0012727165845911035,-1.3397117526994877,-0.002910006124011766,-0.0002348239036297309,-1.3711587742414053,-0.0015716820474050708,0.17860114189237825,0.17892886497816632
7.590000000000869,post_spin_balance,-0.004787206814523396,0.06345095082347033,0.06363128561869129,0.22829612442667743,0.06511208630294399,-0.0557928998490707,90.09688503583902,90.0,0.09688503583901666,-0.14924994290285243,0.0,0.08574631255617149,2,True,42.61567902820957,0,0.17968495518590663,0.009521498268540096,0.0013858831452906934,-1.3396194484663482,-0.0029265714191510084,-0.000344667428936004,-1.3699382623114997,-0.0015724867156838018,0.17870265573119623,0.17901863606645702
7.600000000000873,post_spin_balance,-0.004796631038895645,0.06349360888040732,0.06367453209864551,0.2283927279447571,0.06266757212658364,-0.055807283364041095,90.09538259618141,90.0,0.09538259618141645,-0.15104624137350836,0.0,0.08391469613862448,2,True,42.615376639318214,0,0.17978039667775272,0.009566625661504957,0.001497869234953073,-1.3395227178372624,-0.0029427090455526883,-0.0004534412148306818,-1.368713944618865,-0.0015733446840807963,0.17880463274439462,0.17910887058139163
7.610000000000876,post_spin_balance,-0.004806053552196891,0.06353428670459124,0.06371580445860967,0.2284897840797687,0.06022353798015754,-0.05581874643454564,90.09386248108802,90.0,0.09386248108802756,-0.15279111730918113,0.0,0.0821133718335293,2,True,42.61507286558448,0,0.17987628420216298,0.009610703966159964,0.0016086827299778546,-1.3394215638501277,-0.002958426994188329,-0.0005611548115812102,-1.3674859371702581,-0.001574258166718634,0.17890706176990398,0.17919955855182595
7.620000000000879,post_spin_balance,-0.004815473647283221,0.0635729848187123,0.06375510320913852,0.22858728218472368,0.057780225619375576,-0.05582730422399423,90.09232519845335,90.0,0.09232519845335758,-0.1544856640859464,0.0,0.08034451640569157,2,True,42.61476773789854,0,0.17997260724398984,0.009653728348822293,0.0017183307821807704,-1.3393159885095651,-0.0029737301793018034,-0.0006678164033293837,-1.3662543604143615,-0.0015752265066540372,0.17900993160849066,0.17929068995473602
7.630000000000883,post_spin_balance,-0.004824890629958169,0.06360970391376602,0.06379242903031707,0.228685211565324,0.05533787269559401,-0.05583297080559969,90.09077124557845,90.0,0.09077124557845345,-0.15613091438238497,0.0,0.07861043071256128,2,True,42.614461278523585,0,0.18006935524032625,0.009695694091383537,0.0018268200399599575,-1.3392059933598237,-0.002988621469786068,-0.0007734332384744763,-1.3650193379783455,-0.0015762470246991067,0.17911323102699864,0.17938225471412897
7.640000000000886,post_spin_balance,-0.004834303821269882,0.06364444484778244,0.06382778277066159,0.22878356148092518,0.052896712209190656,-0.05583575914721407,90.08920110975205,90.0,0.08920110975205221,-0.15772784502917458,0.0,0.07691354418222136,2,True,42.614153504990895,0,0.18016651758166422,0.009736596591827122,0.0019341567618441516,-1.3390915799133456,-0.003003102396024082,-0.0008780118900684532,-1.363780995732247,-0.001577315663671891,0.179216948760528,0.17947424270050497
7.650000000000889,post_spin_balance,-0.004843712558664599,0.06367720864443105,0.06386116544581198,0.22888232114553897,0.050456972243525834,-0.05583568118063283,90.08761526877863,90.0,0.08761526877862957,-0.1592773824666471,0.0,0.07525641858467814,2,True,42.61384443267554,0,0.18026408361305807,0.009776431364732944,0.0020403468771719585,-1.33897274998179,-0.003017173635238707,-0.0009815584178494991,-1.3625394610928951,-0.0015784274677139998,0.17932107351380966,0.17956664373082498
7.660000000000893,post_spin_balance,-0.0048531161962504805,0.06370799649163472,0.06389257823716657,0.22898147972887228,0.04801887591639653,-0.0558327479239485,90.08601419145319,90.0,0.08601419145319301,-0.16078040798715645,0.0,0.07364175081057271,2,True,42.61353407647778,0,0.18036204263529299,0.009815194041769249,0.0021453960227737694,-1.3388495059379075,-0.0030308353499566842,-0.001084078475056971,-1.3612948624979437,-0.0015795769380483604,0.17942559396198718,0.17965944756892907
7.670000000000896,post_spin_balance,-0.004862514104376813,0.06373680974027025,0.06392202249055229,0.22908102635739866,0.0455826414981104,-0.05582696963472353,90.08439833798582,90.0,0.08439833798582229,-0.16223776247478333,0.0,0.07207237401336486,2,True,42.61322245196587,0,0.18046038390605829,0.009852880372171694,0.002249309569784116,-1.3387218509253302,-0.003044087428907577,-0.001185577384223183,-1.3600473290026858,-0.0015807582978103196,0.17953049875097601,0.17975264392634188
7.680000000000899,post_spin_balance,-0.004871905668699569,0.06376364990299589,0.06394949971498241,0.22918095011545958,0.043148482653755094,-0.055818355978104105,90.08276816038219,90.0,0.08276816038219097,-0.1636502505900335,0.0,0.07055125684235078,2,True,42.61290957607756,0,0.18055909664112543,0.009889486223209459,0.0023520926470289873,-1.3385897890277618,-0.003056929661600316,-0.0012860601951828875,-1.3587969899664845,-0.0015819656898413137,0.17963577649753354,0.17984622246340118
7.690000000000903,post_spin_balance,-0.004881290288878466,0.06378851865322284,0.06397501158152968,0.2292812400463928,0.04071660877367059,-0.055806916198415345,90.08112410278501,90.0,0.0811241027850053,-0.1650186444393855,0.0,0.06908149971123201,2,True,42.61259546759403,0,0.1806581700155306,0.009925007580638466,0.002453750163399366,-1.3384533254065358,-0.003069361866226722,-0.001385531732075558,-1.3575439748086109,-0.0015831933242732854,0.17974141578915598,0.17994017279064986
7.700000000000906,post_spin_balance,-0.004890667377029739,0.063811417824232,0.06399855992232525,0.2293818851536851,0.0382872253613569,-0.05579265928599016,90.07946660178119,90.0,0.07946660178119498,-0.1663436867972011,0.0,0.06766632836606966,2,True,42.61228014739885,0,0.18075759316476192,0.009959440549141588,0.002554286829542576,-1.338312466409266,-0.0030813839823749245,-0.0014839966324299559,-1.3562884128186623,-0.0015844355871993676,0.1798474051838869,0.18003448447042456
7.7100000000009095,post_spin_balance,-0.00490003635603986,0.06383234940842823,0.06402014672968331,0.22948287440214749,0.03586053445281691,-0.05577559413336671,90.07779608667974,90.0,0.0777960866797409,-0.1676260939387576,0.0,0.06630908253025783,2,True,42.61196363860171,0,0.18085735518595059,0.009992781352755801,0.002653707178817011,-1.3381672196554282,-0.0030929961364972725,-0.0015814593801537539,-1.3550304330127416,-0.0015856871181090804,0.1799537332101185,0.1801291470186013
7.720000000000913,post_spin_balance,-0.004909396657828524,0.06385131555671796,0.06403977415534404,0.2295841967191102,0.03343673504559257,-0.055755729676865075,90.07611297976182,90.0,0.07611297976181948,-0.1688665581325638,0.0,0.06501320090657846,2,True,42.61164596654962,0,0.1809574451390668,0.010025026335286274,0.002752015586890489,-1.338017594100112,-0.0031041986852332615,-0.0016779243328794472,-1.3537701640271553,-0.0015869428624711301,0.18006038836643123,0.18022414990643218
7.730000000000916,post_spin_balance,-0.004918747721632925,0.0638683185779933,0.06405744450982347,0.22968584099563588,0.03101602351985398,-0.05573307502102935,90.07441769650934,90.0,0.07441769650934452,-0.17006574983132935,0.0,0.06378220019373164,2,True,42.61132715875239,0,0.18105785204811928,0.010056171960707301,0.0028492162896886857,-1.3378636000788373,-0.003114992240451031,-0.001773395744431441,-1.3525077340442355,-0.001588198103358085,0.180167359121526,0.18031948256244693
7.7400000000009195,post_spin_balance,-0.004928088992370359,0.06388336093870381,0.06407316026185558,0.22978779608774794,0.02859859403766236,-0.055707639544604906,90.07271064581211,90.0,0.0727106458121104,-0.17122431958757103,0.0,0.06261964891934962,2,True,42.61100724474869,0,0.181158564902359,0.010086214813550081,0.002945313399419527,-1.3377052493363528,-0.003125377679466246,-0.0018678777826025724,-1.3512432707459394,-0.0015894484764470973,0.18027463391427057,0.18041513437437193
7.750000000000923,post_spin_balance,-0.00493741991912232,0.06389644526249695,0.06408692403791132,0.2298900508176722,0.026184638910032365,-0.05567943298768857,90.07099223015723,90.0,0.07099223015722599,-0.17234289971786218,0.0,0.06152913424768123,2,True,42.61068625593741,0,0.1812595726574865,0.010115151599277242,0.0030403109184868253,-1.337542555041371,-0.003135356143061735,-0.001961374542771333,-1.3499769012897898,-0.0015906899711871925,0.18038220115389073,0.18051109469104804
7.760000000000926,post_spin_balance,-0.004946739953798953,0.06390757432989266,0.06409873862176436,0.2299925939750374,0.02377434891651662,-0.055648465570265114,90.06926284579681,90.0,0.06926284579681881,-0.17342211262289012,0.0,0.06051422323375139,2,True,42.61036403319541,0,0.1813608642368632,0.010142979144644147,0.0031342147657673703,-1.3373755334827924,-0.003144923739751282,-0.0020538968662672736,-1.3487087396628763,-0.0015919102553696718,0.18049004922026377,0.18060735282421922
7.7700000000009295,post_spin_balance,-0.00495604857218123,0.06391675106797953,0.06410860694583748,0.23009541428764194,0.02136790749472908,-0.055614762923861416,90.06752287880961,90.0,0.06752287880961788,-0.17446345335525829,0.0,0.059578428849111464,2,True,42.610037796581956,0,0.181462428532726,0.01016969439804685,0.003227134895723983,-1.3372042731228047,-0.00315404369769004,-0.002145555883827136,-1.3474386515602395,-0.0015929962029302691,0.18059816644342516,0.18070389799419842
7.780000000000933,post_spin_balance,-0.0049653452971714866,0.06392397855433062,0.06411653209691447,0.2301985004172731,0.01896548509877732,-0.055578348507070136,90.06577270446131,90.0,0.06577270446130595,-0.17546718075901926,0.0,0.05872514229655966,2,True,42.60971348580343,0,0.1815642544074053,0.010195294429856769,0.003318905058776572,-1.3370287066873017,-0.003162850559707553,-0.0022361734419577197,-1.3461671892201752,-0.0015942088119701436,0.18070654111792636,0.18080071932059133
7.790000000000936,post_spin_balance,-0.004974629615165439,0.06392926004470385,0.06412251733729306,0.23030184104857093,0.016567261776854556,-0.05553922966015451,90.06401270028158,90.0,0.06401270028158638,-0.1764330658155751,0.0,0.05795757165441759,2,True,42.60938891117645,0,0.18166633069454652,0.010219776432741932,0.0034095382189880726,-1.336848803730725,-0.00317123497799196,-0.0023257677652968782,-1.344894452168593,-0.001595415453905985,0.18081516154599178,0.18089780599309183
7.8000000000009395,post_spin_balance,-0.004983900962221569,0.06393259894899152,0.06412656607969762,0.230405424861542,0.014173429755693624,-0.05549741552164633,90.06224324398985,90.0,0.06224324398985082,-0.17736124208589196,0.0,0.05727869746107689,2,True,42.609063391908215,0,0.1817686462003344,0.010243137721974827,0.0034990575964130577,-1.3366645811510165,-0.0031791821227706296,-0.002414356272196467,-1.3436205337114018,-0.0015965779703532024,0.18092401599124566,0.18099514722401405
7.810000000000943,post_spin_balance,-0.004993158737347912,0.0639339988225152,0.06412868187959057,0.23050924051374416,0.011784189558444751,-0.05545291809912654,90.06046471043081,90.0,0.06046471043080379,-0.1782521076080602,0.0,0.05669120932364347,2,True,42.60873685842456,0,0.18187118970472077,0.010265375735726836,0.003587479676147238,-1.3364760736125567,-0.0031867060009613535,-0.002501956625902989,-1.3423455278396774,-0.0015976940238238702,0.1810330926699497,0.1810927322133487
7.820000000000946,post_spin_balance,-0.005002402316599348,0.06393346336753813,0.06412886843774385,0.23061327663715483,0.009399746293686305,-0.05540575166092845,90.05867746952538,90.0,0.058677469525371305,-0.17910621664975793,0.0,0.056197442383500926,2,True,42.608409404888455,0,0.18197394996265484,0.010286488035349156,0.003674815411972727,-1.336283317368946,-0.003193824466340367,-0.0025885826143097574,-1.341069535115902,-0.0015987709177044673,0.1811423797593365,0.18119055013886995
7.8300000000009495,post_spin_balance,-0.00501163106419001,0.06393099643656198,0.06412712960436678,0.23071752183917985,0.007020306843568303,-0.05535593187113932,90.05688188522134,90.0,0.05688188522134678,-0.1799241915439613,0.0,0.05579931807737041,2,True,42.608081133767314,0,0.1820769157053163,0.010306472305640212,0.0037610722115078254,-1.3360863462540271,-0.0032005519837077223,-0.0026742442487772424,-1.3397926623332965,-0.0015998160877812029,0.18125186540716615,0.181288590153972
7.840000000000953,post_spin_balance,-0.005020844340457313,0.063926602034805,0.06412346938218048,0.23082196470417798,0.004646077892999945,-0.05530347507339813,90.05507831513832,90.0,0.05507831513831394,-0.18070666831179596,0.0,0.05549829186261994,2,True,42.60775212522177,0,0.1821800756413512,0.010325326355099567,0.003846255423800539,-1.335885191921361,-0.0032068987538734772,-0.0027589488002220386,-1.338515021526702,-0.0016008346165836962,0.18136153773896782,0.18138684138718253
7.850000000000956,post_spin_balance,-0.005030041507309982,0.06392028432147173,0.06411789192809637,0.2309265937948486,0.0022772646019920727,-0.055248397796864614,90.05326711060324,90.0,0.05326711060324356,-0.18145426839478096,0.0,0.05529531085384822,2,True,42.60742243941479,0,0.18228341845810994,0.010343048116168232,0.003930369257855354,-1.3356798847820555,-0.00321287153948821,-0.002842701752009666,-1.3372367288503402,-0.0016018290947572011,0.1814713848631506,0.1814852929420251
7.8600000000009596,post_spin_balance,-0.005039221931815124,0.06391204761004837,0.06411040155378202,0.2310313976535158,-8.593025722568904e-05,-0.0551907164557924,90.05144861687357,90.0,0.05144861687356487,-0.18216758642110992,0.0,0.055190783338507146,2,True,42.607092123004854,0,0.1823869328228882,0.010359635645455403,0.004013417306100854,-1.3354704547483294,-0.00321847467913422,-0.002925507475828984,-1.3359579034868383,-0.0016028001040006012,0.1815813948746531,0.18158393389710265
7.870000000000963,post_spin_balance,-0.005048384988439233,0.06390189636794329,0.06410100272547117,0.23113636480338068,-0.0024433068316631413,-0.05513044719303684,90.04962317342962,90.0,0.0496231734296239,-0.18284718666587335,0.0,0.055184562635237834,2,True,42.606761214207694,0,0.1824906073841693,0.010375087123951562,0.004095402829382322,-1.335256931731573,-0.003223710909517008,-0.003007369666211629,-1.3346786667236035,-0.0016037467680753148,0.1816915558575985,0.1816827533064251
7.880000000000966,post_spin_balance,-0.005057530060317756,0.06388983521573609,0.06408970006330915,0.2312414837497708,-0.004794668482163979,-0.05506760582233123,90.04779111427673,90.0,0.04779111427673442,-0.18349360373318957,0.0,0.05527594460811888,2,True,42.60642974627418,0,0.18259443077286935,0.010389400857227978,0.004176328907123536,-1.3350393459786563,-0.0032285819567696994,-0.0030882916071861225,-1.3333991412391406,-0.0016046672188965994,0.18180185588725975,0.181781740199998
7.89000000000097,post_spin_balance,-0.0050666565398213735,0.0638758689262212,0.06407649834043919,0.23134674298139535,-0.0071398219077565645,-0.05500220783458837,90.04595276822924,90.0,0.04595276822923962,-0.18410734499337145,0.0,0.055463680989841974,2,True,42.606097749781064,0,0.18269839160358378,0.010402575275622493,0.004256198514564845,-1.3348177283102547,-0.0032330889409226404,-0.0031682763324298382,-1.3321194505781933,-0.0016055589531932812,0.1819122830315253,0.18188088358464188
7.900000000000973,post_spin_balance,-0.005075763828612575,0.06386000242336709,0.06406140248196493,0.23145213097160736,-0.009478577147393296,-0.05493426844346458,90.04410845916661,90.0,0.044108459166610374,-0.18468889352831236,0.0,0.05574600654873951,2,True,42.60576525412395,0,0.18280247847583597,0.010414608934411663,0.0043350145624517535,-1.334592110294161,-0.0032372326463516454,-0.0032473267215390386,-1.3308397187712275,-0.0016064190931394107,0.1820228253520139,0.1819801724450234
7.910000000000976,post_spin_balance,-0.0050848513373356755,0.06384224078126463,0.06404441756387338,0.23155763617967376,-0.011810747494074703,-0.05486380265310058,90.04225850626057,90.0,0.0422585062605623,-0.18523871101048686,0.0,0.056120678476509304,2,True,42.605432288473246,0,0.1829066799753274,0.0104255005139692,0.004412779918375364,-1.3343625243740107,-0.003241013701380163,-0.0033254455591998824,-1.3295600700589494,-0.0016072445728234352,0.18213347090495186,0.1820795957448665
7.92000000000098,post_spin_balance,-0.005093918485049265,0.06382258922310587,0.06402554881196752,0.2316632470520524,-0.014136149347926221,-0.054790825336457544,90.04040322417436,90.0,0.04040322417436203,-0.1857572402964994,0.0,0.0565850262465713,2,True,42.60509888235215,0,0.18301098467518945,0.010435248819910668,0.004489497419816687,-1.334129003965781,-0.0032444326975174242,-0.003402635573236033,-1.3282806286911102,-0.001608032269876769,0.18224420774189323,0.18217914242830852
7.930000000000983,post_spin_balance,-0.005102964698486368,0.06380105312021352,0.06400480160083542,0.23176895202367548,-0.01645460202896311,-0.05471535131646208,90.03854292323855,90.0,0.038542923238546516,-0.18624490767979884,0.0,0.0571360089121022,2,True,42.60476506597914,0,0.1831153811372363,0.010443852783224463,0.004565169883655238,-1.33389158352976,-0.0032474902687539,-0.0034788994605903243,-1.327001518778837,-0.0016087790975983507,0.18235502391034997,0.18227880142137026
7.940000000000986,post_spin_balance,-0.005111989411210462,0.06377763799112846,0.06398218145286826,0.23187473951923893,-0.018765927566089444,-0.054637395444761296,90.03667790960554,90.0,0.03667790960554882,-0.1867021248204307,0.0,0.05777027702472604,2,True,42.604430870457776,0,0.18321985791321954,0.010451311460389056,0.004639800114310787,-1.3336502986244618,-0.003250187143867461,-0.0035542399061187476,-1.325722864186002,-0.0016094820685696731,0.182465907454383,0.18237856163351124
7.95000000000099,post_spin_balance,-0.005120992062722127,0.06375234950075426,0.06395769403733052,0.23198059795449688,-0.021069950475598224,-0.05455697267469087,90.03480848538695,90.0,0.03480848538694548,-0.18712929039155582,0.0,0.05848423672660885,2,True,42.60409632784414,0,0.1833244035460833,0.010457624033476443,0.0047133909111907535,-1.3334051859444502,-0.003252524179684399,-0.0036286595967670488,-1.3244447884496402,-0.0016101383369535732,0.18257684641518898,0.18247841195924092
7.960000000000993,post_spin_balance,-0.005129972097560195,0.06372519345955352,0.06393134516948058,0.23208651573755928,-0.023366497539760857,-0.05447409812631371,90.03293494877543,90.0,0.0329349487754371,-0.1875267914824477,0.0,0.059274112455593886,2,True,42.6037614711735,0,0.18342900657122074,0.010462789810241844,0.004785945075599274,-1.3331562833470192,-0.0032545023807753898,-0.003702161232444181,-1.3231674147241352,-0.0016107452252258764,0.18268782883171927,0.18257834127976763
7.970000000000996,post_spin_balance,-0.005138928964431956,0.06369617582278768,0.0639031408097361,0.23219248127019332,-0.025655397593797535,-0.054388787142305724,90.03105759415405,90.0,0.031057594154055897,-0.1878950047966155,0.0,0.0601360074378191,2,True,42.60342633441104,0,0.18353365551773151,0.010466808224199627,0.004857465417067075,-1.332903629867533,-0.003256122908810291,-0.0037747475342437575,-1.321890865743304,-0.0016113002387570102,0.18279884274134128,0.18267833846465714
7.980000000001,post_spin_balance,-0.00514786211539871,0.06366530268979144,0.06387308706287745,0.23229848294912633,-0.027936481327494787,-0.05430105533416075,90.02917671219416,90.0,0.029176712194152195,-0.1882342976716699,0.0,0.06106595911269026,2,True,42.60309095239533,0,0.18363833890967926,0.01046967883468542,0.004927954758930838,-1.3326472657265909,-0.0032573870840796465,-0.0038464212505340376,-1.3206152637967115,-0.0016118010710996916,0.18290987618056556,0.18277839237349228
7.990000000001003,post_spin_balance,-0.005156771005135789,0.0636325803032721,0.06384119017728117,0.2324045091673508,-0.030209581105959536,-0.054210918618672846,90.02729258994455,90.0,0.02729258994455178,-0.18854502894506614,0.0,0.062059988810837505,2,True,42.602755360733745,0,0.1837430452673504,0.010471401326904429,0.004997415943120745,-1.3323872323296246,-0.003258296380979256,-0.0039171851610569795,-1.3193407307184457,-0.0016122456021996495,0.18302091718584432,0.1828784918575162
8.000000000001005,post_spin_balance,-0.005165655090279792,0.06359801504862492,0.06380745654417558,0.23251054831542886,-0.03247453081243601,-0.05411839324505566,90.02540551091226,90.0,0.025405510912265627,-0.18882754968481116,0.0,0.06311414513856467,2,True,42.602419595711204,0,0.1838477631085129,0.010471975511965976,0.005065851834085786,-1.3321235722604232,-0.003258852419077085,-0.0039870420794463676,-1.3180673878846128,-0.0016126318912345894,0.18313195379444275,0.182978625761248
8.010000000001,post_spin_balance,-0.005174513780333361,0.06356161344275495,0.06377189268250603,0.23261658875790586,-0.034731152535626926,-0.05402350747098763,90.0235157638771,90.0,0.023515763877104596,-0.18907998680734817,0.0,0.06422454322758099,2,True,42.60207934654952,0,0.18395248094967528,0.0104714013269042,0.005132940322697937,-1.3318556446397158,-0.0032587572789264663,-0.004055663221472345,-1.316795848538344,-0.001612868906587378,0.183242973974659,0.18307878292931815
8.020000000000994,post_spin_balance,-0.005183346290701919,0.06352338209683257,0.06373450518980689,0.2327226187928901,-0.03697921898172506,-0.05392630250486552,90.02162365650534,90.0,0.021623656505344015,-0.18930204196882816,0.0,0.0653873713255527,2,True,42.601741095971704,0,0.18405718730734635,0.010469678834684961,0.005199066035161971,-1.3315842466358208,-0.0032583418360035282,-0.004123396732019422,-1.3155258721492604,-0.0016130244757585205,0.18335396547148636,0.18317895224460892
8.030000000000989,post_spin_balance,-0.005192151830556767,0.06348332775635888,0.06369530079725537,0.2328286267722231,-0.039218505220355214,-0.05382680630483128,90.01972948137825,90.0,0.019729481378244592,-0.18949554768880575,0.0,0.06659891718872323,2,True,42.60140459430608,0,0.184161870699294,0.010466808224198945,0.005264226837396679,-1.331309466449616,-0.0032576782638545215,-0.004190291524261642,-1.3142574303086445,-0.0016131513157764676,0.183464916114197,0.1832791226234078
8.040000000000983,post_spin_balance,-0.005200929677960563,0.06344145732333291,0.06365428639788025,0.23293460109883116,-0.04144880599089774,-0.05372504375161617,90.01783351693635,90.0,0.017833516936346362,-0.18966170132446472,0.0,0.06785560652797226,2,True,42.60106891336689,0,0.18426651964580465,0.010462789810240935,0.0053284045415496,-1.331031310020595,-0.00325675936675264,-0.004256334432358122,-1.3129905894276386,-0.0016132683607255616,0.183575813850048,0.1833792829871587
8.050000000000978,post_spin_balance,-0.005209679172524691,0.06339777785500941,0.06361146904477022,0.23304053019530735,-0.04366993271026044,-0.053621036062396155,90.01593603166961,90.0,0.015936031669607754,-0.18980134255711217,0.0,0.06915401630744493,2,True,42.6007335693173,0,0.18437112267094202,0.010457624033475313,0.005391587090176017,-1.3307497909416444,-0.0032555663690937986,-0.004321512466979614,-1.3117254677298131,-0.0016133726883608701,0.18368664669300375,0.18347942224687872
8.060000000000972,post_spin_balance,-0.0052183997028098965,0.06335229655839125,0.06356685594459299,0.23314640249035523,-0.04588170996676952,-0.05351480120670212,90.01403728724438,90.0,0.014037287244374308,-0.1899150410384217,0.0,0.07049088340790834,2,True,42.60039838889922,0,0.18447566830380566,0.010451311460387708,0.005453768150049876,-1.3304649394531924,-0.0032540815308469417,-0.004385816549377608,-1.3104622012532132,-0.0016134533466803658,0.1837974026981071,0.1835795292988212
8.070000000000967,post_spin_balance,-0.005227090695237004,0.06330502078438636,0.06352045445089183,0.23325220641606476,-0.04808397265088314,-0.05340635475371012,90.01213754063903,90.0,0.01213754063903206,-0.1900031969668946,0.0,0.07186310933762997,2,True,42.60006332204067,0,0.18458014507978876,0.0104438527832229,0.005514945282346402,-1.330176794877167,-0.0032522906171314064,-0.004449241404289392,-1.3092009281746582,-0.0016134978919285503,0.18390806995098583,0.18367959302621512
8.080000000000961,post_spin_balance,-0.005235751605134279,0.06325595802287408,0.063472272058453,0.23335793040887795,-0.05027656370548287,-0.05329571072699862,90.01023704540007,90.0,0.010237045400072222,-0.1900661161051917,0.0,0.07326776177663596,2,True,42.599728360007646,0,0.18468454154183556,0.010435248819908887,0.0055751184291174365,-1.3298854010256023,-0.003250183155184466,-0.004511784594223846,-1.3079417836371956,-0.0016134949618445554,0.18401863656277864,0.18377960230257875
8.090000000000956,post_spin_balance,-0.005244381909596675,0.063205115898949,0.06342231639898752,0.23346356291132098,-0.05245933235790025,-0.05318288231305596,90.00833605231232,90.0,0.008336052312323093,-0.19010405602237326,0.0,0.07470207315361009,2,True,42.59939351116239,0,0.18478884624169747,0.010425500513967205,0.005634288921679559,-1.3295908044962839,-0.0032477519917641917,-0.004573445613248732,-1.3066848988974298,-0.0016134350830696864,0.18412909066684408,0.18387954599509346
8.10000000000095,post_spin_balance,-0.005252981101763762,0.06315250217023334,0.06337059523798726,0.23356909237374487,-0.0546321327155384,-0.053067882398317556,90.00643480972543,90.0,0.006434809725427644,-0.19011725198429144,0.0,0.07616343749607593,2,True,42.59905879451978,0,0.18489304774118878,0.01041460893440946,0.005692458883582311,-1.329293054085635,-0.003244992622940243,-0.004634225218010741,-1.3054304017583003,-0.0016133107024349086,0.1842394204163438,0.18397941296782397
8.110000000000944,post_spin_balance,-0.0052615486861970154,0.06309812472502167,0.06331711647249591,0.2336745072559749,-0.05679482263777471,-0.052950723956726474,90.00453356369536,90.0,0.004533563695365474,-0.1901059305166464,0.0,0.07764940520390025,2,True,42.598724236959086,0,0.18499713461344086,0.010402575275620081,0.0057496308905167545,-1.328992200522595,-0.003241902545385242,-0.004694124981516113,-1.3041784171926536,-0.0016131159320918048,0.18434961398251956,0.18407919208482262
8.120000000000939,post_spin_balance,-0.005270084175124388,0.06304199158101431,0.06326188812953322,0.2337797960288882,-0.058947262823346135,-0.05283142031981658,90.00263255803101,90.0,0.002632558031016135,-0.19007031607524938,0.0,0.07915767672862542,2,True,42.59838987110071,0,0.18510109544415515,0.010389400857225362,0.005805807786196592,-1.3286882962954194,-0.0032384807332325044,-0.004753147013177389,-1.3029290678737897,-0.0016128462396433202,0.18445965955357835,0.1841788722131197
8.130000000000933,post_spin_balance,-0.005278587085391852,0.06298411088443809,0.06320491836495999,0.2338849471759404,-0.06108931607219303,-0.05270998535795092,90.00073203429658,90.0,0.0007320342965763502,-0.19001063407469862,0.0,0.08068609570578071,2,True,42.598055733681605,0,0.1852049188328551,0.010375087123948743,0.005860992588147373,-1.3283813955194792,-0.0032347272527566973,-0.004811293790163357,-1.3016824745796034,-0.001612498171203916,0.1845695453341041,0.18427844222556644
8.140000000000928,post_spin_balance,-0.005287056936012082,0.06292449090940451,0.06314621546262582,0.2339899491946547,-0.06322084669406389,-0.0525864335949638,89.9988322317946,90.0,-0.0011677682054114242,-0.1899271120878574,0.0,0.082232641510473,2,True,42.597721864292076,0,0.1853085933941361,0.010359635645452381,0.005915188442065831,-1.3280715538293202,-0.0032306429880638032,-0.004868568057433558,-1.3004387564965383,-0.0016120691274148086,0.18467925954492237,0.18437789100350774
8.150000000000922,post_spin_balance,-0.005295493246231877,0.06286314005739936,0.063085787833688,0.2340947905980808,-0.065341720044251,-0.05246078027269102,89.99693338754226,90.0,-0.003066612457747771,-0.18981998017057464,0.0,0.08379542142642603,2,True,42.59738830448841,0,0.1854121077589142,0.010343048116165012,0.005968398600923111,-1.3277588282866353,-0.003226229445125739,-0.00492497276776606,-1.299198031450994,-0.0016115571872827444,0.18478879042335236,0.18447720743926574
8.160000000000917,post_spin_balance,-0.005303895534057468,0.06280006685683157,0.06302364401602552,0.23419945991622879,-0.06745180217124422,-0.05233304137755236,89.99503573624689,90.0,-0.004964263753104748,-0.18968947078650952,0.0,0.0853726628836014,2,True,42.597055097113895,0,0.18551545057567284,0.01032532635509615,0.006020626415309184,-1.327443277296421,-0.003221488606961323,-0.004980511043640862,-1.29796041609335,-0.0016109609684492598,0.18489812622378485,0.1845763804384283
8.170000000000911,post_spin_balance,-0.005312263315185444,0.06273527996259234,0.06295979267369538,0.23430394569748172,-0.06955095956323035,-0.05220323363836668,89.99313951028327,90.0,-0.006860489716722329,-0.18953581854925677,0.0,0.08696270600022825,2,True,42.59672228578089,0,0.18561861051170758,0.0103064723056366,0.006071875328075864,-1.3271249605279727,-0.0032164228219420804,-0.005035186150590553,-1.2967260260483748,-0.0016102795139630588,0.18500725521853778,0.1846753989219442
8.180000000000906,post_spin_balance,-0.005320596102290674,0.06266878815559167,0.0628942425963946,0.23440823650998954,-0.07163905898126875,-0.052071374502559664,89.9912449396741,90.0,-0.008755060325898841,-0.18935925987715022,0.0,0.08856399606858996,2,True,42.59638991446112,0,0.18572157625436891,0.010286488035345352,0.006122148870122421,-1.3268039388398902,-0.003211034713644409,-0.005089001476263539,-1.295494976044056,-0.0016095121981304777,0.1851161656989452,0.18477425182803892
8.1900000000009,post_spin_balance,-0.0053288934046240985,0.06260060034225103,0.06282700269890397,0.2345123209430442,-0.07371596736737061,-0.051937482096505574,89.98935225207416,90.0,-0.01064774792584285,-0.18916003259742192,0.0,0.09017507638077503,2,True,42.59605802715814,0,0.18582433651230287,0.010265375735722844,0.006171450655758598,-1.3264802742079038,-0.0032053271058680582,-0.005141960512468411,-1.2942673800228945,-0.0016086586469461345,0.18522484597663605,0.18487292811396128
8.200000000000895,post_spin_balance,-0.0053371547278740095,0.0625307255539386,0.06275808202049564,0.23461618760843858,-0.07578155181591509,-0.0518015751747512,89.9874616727585,90.0,-0.012538327241504818,-0.18893837551638393,0.0,0.09179458162797988,2,True,42.595726667633485,0,0.1859268800166891,0.010243137721970648,0.006219784377529921,-1.3261540296561751,-0.0031993029589011956,-0.0051940668388712734,-1.2930433512400898,-0.001607718669954697,0.18533328438496158,0.18497141675757775
8.210000000000889,post_spin_balance,-0.005345379574245479,0.0624591729463393,0.06268748972429414,0.23471982514180867,-0.07783567959715168,-0.05166367306209205,89.98557342461532,90.0,-0.014426575384676116,-0.18869452796626915,0.0,0.09342123143130152,2,True,42.59539587919966,0,0.18602919552247688,0.010219776432737566,0.006267153800484889,-1.3258252691926433,-0.003192965315595403,-0.005245324108099886,-1.2918230023488804,-0.0016066922021431146,0.1854414692805399,0.18506970675883253
8.220000000000883,post_spin_balance,-0.005353567442714498,0.06238595179875588,0.0626152350965832,0.23482322220395976,-0.07987821822203771,-0.051523795591805116,89.98368772814327,90.0,-0.016312271856737007,-0.18842872933707158,0.0,0.09505382437186853,2,True,42.5950657045682,0,0.18613127180961792,0.010195294429852227,0.006313562756218255,-1.3254940577493817,-0.0031863172560522984,-0.005295736032096527,-1.290606445474773,-0.001605579254896461,0.18554938904488186,0.185167787141094
8.230000000000878,post_spin_balance,-0.005361717829415884,0.06231107151334102,0.06254132754605529,0.23492636748217757,-0.0819090355383431,-0.0513819630427793,89.98180480145302,90.0,-0.018195198546977324,-0.1881412186060709,0.0,0.09669123239322217,2,True,42.59473618572395,0,0.1862330976842971,0.010169694398042127,0.006359015136987729,-1.3251604611275265,-0.0031793618602207196,-0.005345306370003265,-1.2893937922774426,-0.0016043798750623173,0.18565703208607082,0.18526564695240305
8.240000000000872,post_spin_balance,-0.005369830228127438,0.06223454161426168,0.062465776603002225,0.23502924969152478,-0.08392799984882215,-0.05123819607776049,89.97992486027451,90.0,-0.020075139725497463,-0.18783223387761985,0.0,0.09833239552894134,2,True,42.59440736386267,0,0.18633466198015977,0.010142979144639243,0.006403514890155893,-1.3248245459480308,-0.0031721021781578596,-0.0053940389175664,-1.2881851540022577,-0.0016030941120053765,0.18576438684047028,0.18536327526664392
8.250000000000867,post_spin_balance,-0.005377904055503222,0.06215637173830475,0.06238859190349248,0.23513185755841454,-0.08593495975530198,-0.05109252355658509,89.9780481318492,90.0,-0.021951868150799986,-0.18749801145205192,0.0,0.09997630373739372,2,True,42.59407471605478,0,0.18643595355953635,0.010115151599272166,0.006446402098530163,-1.3244851456835072,-0.0031640813822040453,-0.005441255749307914,-1.286981718618079,-0.001601706715267534,0.1858714416913873,0.18546066122012195
8.260000000000861,post_spin_balance,-0.005385938288951917,0.06207657156612999,0.06230978308947365,0.23523417975304617,-0.08792965114740475,-0.05094499759100571,89.97617489625536,90.0,-0.02382510374463909,-0.1871357953073403,0.0,0.10162191834610206,2,True,42.5937431269011,0,0.1865369613146637,0.010086214813544834,0.006488386727245219,-1.3241434874126163,-0.0031556225022959933,-0.005487602147415312,-1.28578283028153,-0.0016000261520104087,0.1859781846187902,0.18555779415456192
8.270000000000856,post_spin_balance,-0.005393931858111611,0.06199515084822064,0.06222935986802036,0.23533620501396288,-0.08991180538964212,-0.050795665762910475,89.97430540771047,90.0,-0.025694592289528303,-0.18674989536578665,0.0,0.10326824433440732,2,True,42.59341514181616,0,0.18663767416890326,0.010056171960701885,0.006529605213570463,-1.3238000020479619,-0.003147073586753077,-0.005533306957171997,-1.28458813019555,-0.001598279156010754,0.1860846036900993,0.18565466343203532
8.28000000000085,post_spin_balance,-0.005401883885374794,0.06191211948110372,0.06214733210809242,0.23543792218549947,-0.09188120638236219,-0.05064456884218452,89.97243988768828,90.0,-0.027560112311715276,-0.18634292993713708,0.0,0.10491437574509255,2,True,42.59308980615021,0,0.1867380810779556,0.01002502633528069,0.0065699957062831426,-1.3234546915244374,-0.003138461479428742,-0.005578330603827495,-1.2833976311307618,-0.0015965711393713805,0.18619068725221413,0.1857512583889117
8.290000000000845,post_spin_balance,-0.005409793663189821,0.06182748752213921,0.062063709853493035,0.23553932017583576,-0.09383768161216342,-0.050491737340080375,89.9705785373308,90.0,-0.029421462669207057,-0.18591648328209334,0.0,0.10655948453417176,2,True,42.59276622354638,0,0.18683817103107167,0.00999278135275005,0.0066095143545617215,-1.3231075395402414,-0.0031297393685662395,-0.0056226283878457635,-1.282211467139847,-0.0015949086254681138,0.18629642384169587,0.18584756834930877
8.30000000000084,post_spin_balance,-0.005417660612818269,0.061741265178978655,0.06197850330894289,0.23564038793157127,-0.09578109091604406,-0.050337192473048735,89.96872154640138,90.0,-0.03127845359861047,-0.18547137340617098,0.0,0.10820280939320642,2,True,42.592443931813015,0,0.1869379330522602,0.009959440549135676,0.006648135412813317,-1.3227585609354093,-0.003120851729425639,-0.00566616641780988,-1.2810298088853003,-0.00159326331881246,0.18640180212109184,0.1859435826289585
8.310000000000834,post_spin_balance,-0.005425484248339237,0.061653462794072314,0.06189172282162645,0.23574111443038787,-0.09771131732574515,-0.05018094871013605,89.96686909925486,90.0,-0.03313090074512918,-0.18500795381691168,0.0,0.1098436466221978,2,True,42.59212271315146,0,0.18703735620149134,0.009925007580632398,0.006685845741882825,-1.3224077926358695,-0.0031117520276129906,-0.0057089227922610605,-1.2798528267297347,-0.001591600760676451,0.1865068108455991,0.18603929054166182
8.320000000000828,post_spin_balance,-0.0054332641486184215,0.061564090831222384,0.06180337886542824,0.23584148868125185,-0.09962826014062112,-0.05002301633838774,89.96502137817421,90.0,-0.03497862182578017,-0.1845263377171899,0.0,0.11148134309921906,2,True,42.59180245862494,0,0.18713642957589638,0.009889486223203233,0.006722639931976443,-1.322055283592271,-0.003102405993436669,-0.005750884848550216,-1.278680679081759,-0.0015898905129385216,0.18661143884429043,0.1861346814067616
8.330000000000823,post_spin_balance,-0.005440999936097308,0.06147315986580906,0.0617134820293907,0.2359414997264817,-0.10153182976673478,-0.04986340352610752,89.96317856496398,90.0,-0.03682143503601217,-0.18402653422201143,0.0,0.1131152901278769,2,True,42.59148311552789,0,0.1872351423109634,0.009852880372165316,0.0067585170412437015,-1.3217010899067454,-0.003092790382704713,-0.0057920462310876554,-1.277513511267262,-0.001588108803027316,0.18671567500768183,0.18622974455614508
8.340000000000817,post_spin_balance,-0.005448691260832556,0.06138068057842599,0.06162204301000279,0.23604113664393175,-0.10342194387105838,-0.04970211781533638,89.96134084154745,90.0,-0.0386591584525502,-0.18350852216383662,0.0,0.11474491842420952,2,True,42.591164667726595,0,0.18733348358172855,0.009815194041762718,0.006793478619246486,-1.3213452726702402,-0.00308289055825485,-0.005832404650462998,-1.2763514576091675,-0.0015862382961026877,0.18681950827879545,0.18632446934057767
8.350000000000811,post_spin_balance,-0.005456337788468184,0.06128666375112053,0.06152907260640922,0.23614038854898523,-0.1052985245029312,-0.049539167131144625,89.95950839004932,90.0,-0.04049160995067563,-0.18297228631739093,0.0,0.11636969355292026,2,True,42.59084712485763,0,0.1874314426039633,0.009776431364726263,0.00682752757617032,-1.3209878968210673,-0.003072698146120198,-0.005871960367338188,-1.2751946438828607,-0.0015842669650793645,0.18692292764674795,0.18641884513549273
8.360000000000806,post_spin_balance,-0.005463939191163872,0.061191120265417474,0.061434581717641094,0.23623924459637957,-0.10716149593447619,-0.0493745604248648,89.95768139263983,90.0,-0.042318607360175196,-0.18241783295623096,0.0,0.11798911214004086,2,True,42.59053051429929,0,0.187529008635357,0.009736596591820298,0.006860667567524006,-1.3206290304067638,-0.00306220917288591,-0.005910715234164908,-1.2740431893481345,-0.001582186868099647,0.18702592214234975,0.18651286134627276
8.3700000000008,post_spin_balance,-0.005471495140791978,0.06109406110146348,0.06133858134115154,0.23633769398191043,-0.10901078304899343,-0.0492083080535038,89.95586003128729,90.0,-0.0441399687127118,-0.1818451948602754,0.0,0.11960269845799758,2,True,42.59021487512086,0,0.1876261709766948,0.00969569409137657,0.006892902675531065,-1.3202687440519212,-0.003051422715717053,-0.005948672114852072,-1.27289720827362,-0.001579993110474756,0.1871284808353202,0.18660650741300305
8.380000000000795,post_spin_balance,-0.005479005303925186,0.0609954973378144,0.06124108257214077,0.2364357259440464,-0.11084631016005585,-0.049040421973132874,89.9540444874903,90.0,-0.04595551250970353,-0.18125443136702518,0.0,0.12121000147872417,2,True,42.58990025379567,0,0.18772291897303106,0.009653728348815184,0.006924237252314631,-1.319907110555244,-0.0030403399647107032,-0.005985834541217533,-1.271756811049614,-0.0015776830399944763,0.18723059283279495,0.18669977281466893
8.39000000000079,post_spin_balance,-0.005486469338275599,0.06089544015154144,0.06114209660332073,0.23653332976547328,-0.1126680001787684,-0.04887091580226845,89.95223494202313,90.0,-0.04776505797686987,-0.18064562636268955,0.0,0.12281059232864983,2,True,42.589586701210756,0,0.18781924201485775,0.009610703966152717,0.006954675845546749,-1.319544204569465,-0.00302896357686612,-0.006022206508944615,-1.2706221050063917,-0.0015752556433098336,0.18733224727886283,0.18679264707279516
8.400000000000784,post_spin_balance,-0.005493886890331607,0.060793900818446385,0.061041634724889646,0.23663049477458156,-0.11447577406767286,-0.048699804794943506,89.95043157470471,90.0,-0.04956842529529255,-0.1800188855937861,0.0,0.12440406212705686,2,True,42.589274270640374,0,0.18791512953926787,0.009566625661497576,0.006984223162895408,-1.3191801023358602,-0.0030172972237841184,-0.006057792351973737,-1.269493195029301,-0.0015727110939381672,0.18743343335492432,0.18688511975455094
8.410000000000778,post_spin_balance,-0.005501257593990364,0.06069089071325389,0.06093970832456916,0.23672721034690591,-0.11626955053227282,-0.04852710575182051,89.94863456419516,90.0,-0.051365435804843894,-0.17937433389593418,0.0,0.1259900199828449,2,True,42.588963016314054,0,0.1880105710311138,0.00952149826853258,0.00701288405224518,-1.3188148814542393,-0.003005345264646603,-0.006092596659165469,-1.2683701840355557,-0.0015700504091397671,0.1875341402806996,0.1869771804753597
8.420000000000773,post_spin_balance,-0.0055085810700139315,0.06058642130970118,0.06083632888761065,0.23682346590652342,-0.11804924590843242,-0.04835283689003814,89.94684408781977,90.0,-0.05315591218023686,-0.17871211255574068,0.0,0.1275680915499229,2,True,42.588652992362086,0,0.1881055560241604,0.009475326735984908,0.007040663487019803,-1.3184486206791648,-0.0029931125009432097,-0.0061266242134216655,-1.2672531733555448,-0.001567275184115438,0.1876343573157377,0.18706881890106047
8.430000000000767,post_spin_balance,-0.005515856926156611,0.06048050418047982,0.06073150799671343,0.23691925092741317,-0.11981477420860648,-0.04817701768730723,89.94506032141773,90.0,-0.05493967858226678,-0.1780323768561884,0.0,0.12913791761614923,2,True,42.588344252087246,0,0.18820007410223286,0.009428116127083408,0.007067566552019667,-1.3180813997367051,-0.0029806039865188094,-0.006159879943013858,-1.26614226304413,-0.0015643873822152737,0.18773407376130868,0.18716002474968
8.440000000000762,post_spin_balance,-0.005523084757825036,0.060373150997006714,0.0606252573318208,0.23701455493478096,-0.12156604729329594,-0.0479996687121358,89.94328343921487,90.0,-0.05671656078513531,-0.17733529379891663,0.0,0.13069915298215695,2,True,42.58803684741097,0,0.18829411490035877,0.009379871619003359,0.007093598428509824,-1.317713299160561,-0.0029678248778670924,-0.006192368880307887,-1.2650375521386286,-0.0015613891679890635,0.18783327896256827,0.1872507877928692
8.450000000000756,post_spin_balance,-0.005530264149144861,0.0602643735290164,0.06051758866977542,0.23710936750635098,-0.12330297513714761,-0.04782081144941608,89.94151361371767,90.0,-0.05848638628232475,-0.1766210399874019,0.0,0.132251465586524,2,True,42.587730828497925,0,0.18838766810590488,0.009330598502298748,0.007118764378807422,-1.317344400145867,-0.0029547803156869112,-0.006224096125918657,-1.263939138871811,-0.001558282773968217,0.18793196231090292,0.18734109785705932
8.46000000000075,post_spin_balance,-0.0055373946743200375,0.06015418364397708,0.0604085138838269,0.2372036782736259,-0.12502546616214733,-0.04764046812855276,89.93975101562835,90.0,-0.06024898437165878,-0.17588979966113896,0.0,0.1337945357018656,2,True,42.58742624349406,0,0.18848072345970796,0.00928030218032207,0.007143069730913005,-1.3169747844202206,-0.002941475332442517,-0.006255066817704556,-1.2628471208456105,-0.0015550703957339512,0.18803011324637814,0.18743094482439474
8.470000000000745,post_spin_balance,-0.005544475899183197,0.060042593306339244,0.06029804494299195,0.2372974769231179,-0.12673342761348388,-0.047458661559604494,89.93799581377793,90.0,-0.06200418622206869,-0.1751417628790295,0.0,0.13532805528230893,2,True,42.587123138398695,0,0.1885732707571998,0.009228988168631823,0.0071665198639791,-1.3166045341328914,-0.002927914782619473,-0.006285286104477345,-1.2617615951697874,-0.0015517541114961203,0.1881277212602232,0.18752031863349103
8.48000000000074,post_spin_balance,-0.00555150738284889,0.05992961457663023,0.06018619391127234,0.23739075319755193,-0.12842676595692526,-0.04727541498148049,89.93624817507713,90.0,-0.06375182492287926,-0.1743771238585631,0.0,0.1368517275063375,2,True,42.586821557006076,0,0.1886652998495263,0.009176662094387644,0.0071891201951011655,-1.3162337317601227,-0.0029141032929068528,-0.006314759124341455,-1.2606826585681594,-0.001548335822922492,0.18822477589729195,0.18760920928006286
8.490000000000734,post_spin_balance,-0.005558488679394682,0.059815259610411176,0.060072972946740744,0.23748349689704404,-0.13010538727985194,-0.04709075192500671,89.93450826448293,90.0,-0.06549173551706457,-0.17359607947974315,0.0,0.138365266212886,2,True,42.58652154094368,0,0.18875680064466047,0.009123329695733227,0.007210876167899503,-1.3158624600264226,-0.0029000452297869017,-0.006343490987732991,-1.259610407455578,-0.0015448172145667988,0.18832126675846828,0.18769760681746817
8.500000000000728,post_spin_balance,-0.005565419339508548,0.059699540657114,0.05995839430050627,0.2375756978802557,-0.13176919768136572,-0.04690469609258842,89.93277624497905,90.0,-0.0672237550209421,-0.1727988279612716,0.0,0.13986839558543598,2,True,42.58622312973991,0,0.18884776310850898,0.009068996821167099,0.007231793243017969,-1.3154908018410048,-0.002885744682429331,-0.006371486764809148,-1.258544937988487,-0.0015411997294786373,0.18841718350296846,0.18778550135719896
8.510000000000723,post_spin_balance,-0.00557229874625562,0.05958247004336954,0.05984247028479482,0.23766734603987408,-0.1334180596403897,-0.04671728089957876,89.93105230681189,90.0,-0.06894769318810691,-0.17197815448269005,0.0,0.1413608114613847,2,True,42.585920670461235,0,0.18893817726601259,0.009013669428901224,0.007250775278582106,-1.3151168676796572,-0.002870474281048918,-0.006397601161575545,-1.2574882077368934,-0.0015374980637859054,0.1885125156865223,0.18787288316196463
8.520000000000717,post_spin_balance,-0.005579125642495407,0.0594640600756887,0.059725213131640344,0.23775843123829563,-0.13505167391973558,-0.04652856541273509,89.92933671141377,90.0,-0.07066328858622595,-0.1711324862066585,0.0,0.14284207366607055,2,True,42.58562054446265,0,0.1890280332022401,0.008957353586207651,0.007269179459777969,-1.3147429350437307,-0.002854875625204603,-0.0064231467595017985,-1.256438548652401,-0.0015333556079978883,0.18860725234831435,0.1879597428343602
8.530000000000712,post_spin_balance,-0.005585898820069867,0.059344323088889046,0.05960663510471387,0.23784894345168267,-0.1366697640635148,-0.046338609961805034,89.92762967262502,90.0,-0.07237032737497989,-0.1702677864963275,0.0,0.14431177049329413,2,True,42.585325495444735,0,0.18911732106347548,0.00890005546875315,0.007287023327461948,-1.3143692987084907,-0.002839359428336838,-0.006448254571623674,-1.2553956267671869,-0.0015291651821717628,0.18870138275284112,0.1880460709449291
8.540000000000706,post_spin_balance,-0.005592617371495602,0.059223271552490825,0.05948674862895117,0.2379388728003493,-0.13827213246615022,-0.04614746401695567,89.92593135997171,90.0,-0.0740686400282852,-0.16938760081849855,0.0,0.14576956783921288,2,True,42.58503441468507,0,0.18920603105829858,0.008841781359921988,0.007304212438014869,-1.3139959307412137,-0.00282395092903992,-0.006472858765855718,-1.2543594475904079,-0.0015250722160323749,0.1887948965603128,0.18813185802153087
8.5500000000007,post_spin_balance,-0.00559928064193855,0.05910091808961949,0.059365566305250556,0.23802820949918632,-0.13985864440436294,-0.04595516118506823,89.92424191619611,90.0,-0.075758083803891,-0.16849394313560573,0.0,0.14721519301145988,2,True,42.58474620189708,0,0.1892941534586588,0.008782537650126897,0.007320681111772099,-1.3136227916400323,-0.0028085738928586013,-0.006496889862087804,-1.2533301702445443,-0.001521077238380547,0.1888877837046435,0.1882170945823974
8.560000000000695,post_spin_balance,-0.005605888163045,0.0589772754597411,0.05924310088736703,0.23811694382846202,-0.14142921057166205,-0.04576172128093728,89.92256147032684,90.0,-0.07743852967315674,-0.16758772702675553,0.0,0.14864841902253778,2,True,42.5844602575282,0,0.18938167860094188,0.008722330836108266,0.007336390884344398,-1.313249885272642,-0.0027931415609916688,-0.006520295969631303,-1.2523079928999312,-0.0015171329574757975,0.18898003430758237,0.18830177114816016
8.57000000000069,post_spin_balance,-0.005612439597056967,0.05885235653501456,0.05911936525331682,0.23820506612604112,-0.14298377313393082,-0.04556715443100524,89.92089014612128,90.0,-0.07910985387871512,-0.16666921939092413,0.0,0.15006905287207978,2,True,42.584176272611266,0,0.18946859688702963,0.008661167520221722,0.007351321929210181,-1.3128772451298008,-0.0027775822700022157,-0.006543043570391188,-1.251293105750834,-0.0015131857152303752,0.18907163863169174,0.18838587825351807
8.580000000000684,post_spin_balance,-0.005618934693975425,0.05872617428034759,0.05899437238161721,0.238292566788111,-0.14452229530798472,-0.04537146500919915,89.91922806663517,90.0,-0.08077193336482916,-0.16573836499301273,0.0,0.15147692666280685,2,True,42.58389407661759,0,0.18955489878535256,0.008599054409714103,0.007365465784449349,-1.3125049210278004,-0.0027618439681527107,-0.0065651131221967215,-1.2502856776206692,-0.0015091897677591837,0.18916258705245714,0.18846940645854915
8.590000000000678,post_spin_balance,-0.005625373259653507,0.05859874173934319,0.0588681353343612,0.2383794362717609,-0.1460447537106085,-0.04517465471603206,89.91757535629546,90.0,-0.08242464370453574,-0.16479497980559787,0.0,0.15287189111195662,2,True,42.58361357748294,0,0.18964057483193494,0.008535998315987918,0.007378820521653875,-1.3121329725655266,-0.0027458919260649056,-0.006586494560955812,-1.249285856099813,-0.0015051105496498435,0.18925287003935534,0.18855234635868057
8.600000000000673,post_spin_balance,-0.005631755132228827,0.058470072025549165,0.05874066724631491,0.23846566509748965,-0.14755113276115092,-0.044976724749930565,89.91593214156995,90.0,-0.08406785843004971,-0.16383885387568276,0.0,0.15425381056335735,2,True,42.583334736765295,0,0.1897256156314328,0.008472006153854432,0.0073913878195792015,-1.3117614660384742,-0.0027297047426412258,-0.006607183886082661,-1.2482937715027385,-0.0015009238275053155,0.18934247814224836,0.18863468859343874
8.610000000000667,post_spin_balance,-0.005638080164749027,0.0583401783176728,0.05861198131851538,0.2385512438513777,-0.14904142058416864,-0.044777677231008624,89.91429855092777,90.0,-0.08570144907222828,-0.16286980040662816,0.0,0.15562255910430556,2,True,42.583057553923354,0,0.18981001185816412,0.008407084940775345,0.007403171291511227,-1.3113904727107102,-0.0027132705736750418,-0.0066271808555497,-1.2473095409853834,-0.0014966136633545735,0.18943140198169967,0.18871642385424278
8.620000000000662,post_spin_balance,-0.005644348212404806,0.058209073857450465,0.058482090814923844,0.23863616318699515,-0.15051560601641661,-0.04457751606915348,89.91267471448413,90.0,-0.08732528551587708,-0.16188767558407485,0.0,0.15697801764018268,2,True,42.5827820540769,0,0.18989375425713162,0.008341241796093269,0.007414175577369161,-1.3110200676723576,-0.0026965841756900616,-0.0066464875317935514,-1.246333271848058,-0.0014921703604715703,0.18951963224237134,0.18879754289132236
8.630000000000656,post_spin_balance,-0.005650559123254767,0.05807677194913986,0.058351009061007646,0.23872041382712597,-0.1519736764452415,-0.04437624743897073,89.91106076353572,90.0,-0.08893923646428933,-0.16089238369998934,0.0,0.15832007152044242,2,True,42.58250827884449,0,0.18997683364503756,0.008274483940250998,0.007424405875801637,-1.3106503290178253,-0.0026796447845602867,-0.006665107403249048,-1.2453650639792628,-0.0014875887698682921,0.18960715966885663,0.18887803651975835
8.64000000000065,post_spin_balance,-0.005656712731666065,0.05794328595990285,0.058218749443453933,0.23880398656535756,-0.1534156162909657,-0.04417387998339323,89.90945683008589,90.0,-0.09054316991411529,-0.15988387555347827,0.0,0.15964860890719396,2,True,42.5822362798689,0,0.1900592409112908,0.008206818693999716,0.007433867715341665,-1.3102813372286568,-0.002662454654991847,-0.006683044866084914,-1.244405011622149,-0.001482867002302768,0.18969397506341673,0.18895789562462686
8.650000000000645,post_spin_balance,-0.00566280885392027,0.057808629320592754,0.05808532541048327,0.23888687226756733,-0.1548414060012929,-0.04397042483262705,89.9078630464018,90.0,-0.0921369535981973,-0.15886214421263267,0.0,0.16096351934172656,2,True,42.581966114424,0,0.19014096701900599,0.008138253477596205,0.007442566846664421,-1.3099131746871366,-0.0026450180643155796,-0.006700304917934122,-1.2434532046585778,-0.0014780054776776935,0.18978006928521565,0.18903711116528196
8.66000000000064,post_spin_balance,-0.005668847285574295,0.05767281552663825,0.057950750472421056,0.23896906187332712,-0.15625102145975336,-0.043765895499065774,89.90627954461918,90.0,-0.0937204553808237,-0.15782722004973349,0.0,0.1622646928903873,2,True,42.58169784244262,0,0.19022200300599443,0.008068795809989095,0.007450509191170301,-1.309545925275456,-0.0026273406237925234,-0.006716892970547764,-1.2425097295635599,-0.001473006225245252,0.18986543325071542,0.18911567417882189
8.670000000000634,post_spin_balance,-0.005674827800251609,0.057535858138836445,0.057815038202312215,0.23905054639723972,-0.1576444337306118,-0.043560307690875245,89.90470645639577,90.0,-0.0952935436042311,-0.15677916584685525,0.0,0.16355201953679888,2,True,42.58143152447498,0,0.19030233998574694,0.007998453307994355,0.007457700812266497,-1.3091796740317805,-0.002609428788591453,-0.006732814726722653,-1.2415746701355768,-0.001467872361728878,0.18995005793497133,0.18919357578282198
8.680000000000629,post_spin_balance,-0.0056807501495911615,0.05739777078394735,0.05767820223644839,0.2391313169302166,-0.15902160907506513,-0.043353679074865335,89.90314391261232,90.0,-0.09685608738767837,-0.1557180722354171,0.0,0.16482538886088957,2,True,42.58116722024597,0,0.1903819691484084,0.00792723368546002,0.007464147893583507,-1.3088145068480643,-0.002591289496858884,-0.0067480760913108265,-1.240648108072401,-0.0014626076948036776,0.19003393437360347,0.18927080717741648
8.690000000000623,post_spin_balance,-0.005686614064115446,0.05725856715503312,0.05754025627473024,0.23921136464070256,-0.16038250918164904,-0.04314602901114607,89.90159204311706,90.0,-0.09840795688293419,-0.15464405351274765,0.0,0.16608468986555439,2,True,42.58090498767818,0,0.19046088176174378,0.007855144752420263,0.007469856717992915,-1.308450510201938,-0.002572929896253434,-0.006762683101032211,-1.2397301234355147,-0.0014572164166921642,0.1901170536652625,0.18934735964682697
8.700000000000617,post_spin_balance,-0.005692419254804781,0.05711826101151806,0.05740121408082216,0.23929068077585214,-0.16172709155993356,-0.0429373782764494,89.90005097650945,90.0,-0.09994902349055478,-0.15355724380608327,0.0,0.16732981115178436,2,True,42.58064488215502,0,0.19053906917209576,0.007782194414238975,0.0074748336456725096,-1.3080877709191998,-0.0025543571333139226,-0.006776641865848317,-1.2388207950278058,-0.0014517028654328218,0.19019940697442467,0.18942322456041868
8.710000000000612,post_spin_balance,-0.005698165415186984,0.05697686617896731,0.05726108948208008,0.2393692566626606,-0.1630553100519432,-0.042727748788926725,89.89852083996087,90.0,-0.10147916003914,-0.15245779354822142,0.0,0.16856064108682806,2,True,42.5803869560834,0,0.1906165228053337,0.0077083906707428075,0.00747908509169002,-1.3077263759653546,-0.002535578191452212,-0.006789958518917193,-1.2379202007007712,-0.00144607133920642,0.19028098553439057,0.18949839337338417
8.720000000000606,post_spin_balance,-0.0057038522237728905,0.05683439654859505,0.05711989636924766,0.23944708370905238,-0.16436711542094357,-0.04251716334406143,89.89700175906923,90.0,-0.10299824093077367,-0.1513458662419944,0.0,0.16977706809054424,2,True,42.580131258599145,0,0.19069323416779388,0.007633741615343925,0.007482617504113959,-1.3073664122652087,-0.0025165997690154707,-0.006802639174211339,-1.237028417600027,-0.0014403259546071356,0.19036178065036968,0.18957285762712875
8.7300000000006,post_spin_balance,-0.005709479346689718,0.056690866076522586,0.05697764869592721,0.23952415340493025,-0.1656624559824797,-0.04230564536881499,89.89549385774379,90.0,-0.10450614225621065,-0.15022163550631043,0.0,0.17097898106426282,2,True,42.57987783546842,0,0.19076919484721097,0.007558255434152474,0.007485437343658327,-1.30700796655019,-0.0024974281915461777,-0.006814689891460304,-1.2361455223561348,-0.0014344705419452458,0.19044178370255824,0.18964660894943786
8.740000000000595,post_spin_balance,-0.005715046440385885,0.056546288782811635,0.05683436047783855,0.2396004573231873,-0.16694127824784583,-0.04209321869899307,89.89399725811839,90.0,-0.10600274188161683,-0.1490852824081113,0.0,0.172166269710216,2,True,42.57962672907035,0,0.1908443965136405,0.007481940405078864,0.00748755106572424,-1.3066511252317752,-0.0024780693536453624,-0.006826116648335576,-1.2352715912262915,-0.0014285085724956154,0.1905209861491384,0.18971963905449335
8.75000000000059,post_spin_balance,-0.005720553154302609,0.05640067875030153,0.0566900457918841,0.2396759871206863,-0.16820352755541615,-0.0418799073830098,89.89251208048972,90.0,-0.10748791951027194,-0.14793699308755529,0.0,0.1733388250733934,2,True,42.579377978520206,0,0.1909188309203722,0.0074048048969260405,0.007488965105260939,-1.3062959742988136,-0.002458528686472186,-0.006836925319595731,-1.2344067001916355,-0.001422443113238303,0.19059937952913633,0.18979193974279662
8.760000000000584,post_spin_balance,-0.005725999133428463,0.05625405012328031,0.05654471877504173,0.23975073453920798,-0.16944914867032612,-0.041665735513708974,89.89103844327784,90.0,-0.10896155672216105,-0.1467769566826738,0.0,0.17449653988460545,2,True,42.579131619843736,0,0.19099248990483467,0.0073268573684717045,0.007489685864695841,-1.305942599238275,-0.002438811147201847,-0.006847121662797981,-1.2335509250156176,-0.0014162768049892083,0.19067695546510235,0.18986350290105344
8.770000000000579,post_spin_balance,-0.0057313840206730466,0.05610641710601936,0.05639839362310817,0.23982469140637167,-0.17067808633779488,-0.04145072708859455,89.88957646300547,90.0,-0.11042353699453379,-0.14560536355697537,0.0,0.1756393089223023,2,True,42.57888768623154,0,0.19106536538949018,0.007248106367540736,0.007489719704913541,-1.305591084975771,-0.002418921226480464,-0.006856711309950024,-1.2327043412689376,-0.0014100118600888362,0.19075370566558214,0.1899343205020601
8.780000000000573,post_spin_balance,-0.005736707459014116,0.055957793961200576,0.05625108458931689,0.23989784963653252,-0.1718902857797346,-0.04123490589779641,89.88812625429398,90.0,-0.11187374570602618,-0.14442240382642962,0.0,0.17676702944656078,2,True,42.5786462083224,0,0.1911374493827206,0.007168560530067833,0.007489072939097904,-1.3052415158331934,-0.002398862970316995,-0.006865699764286188,-1.2318670243260754,-0.0014036500757428905,0.1908296219273611,0.19000438460462205
8.790000000000568,post_spin_balance,-0.005741969093388939,0.05580819500826304,0.05610280598285392,0.2399702012316566,-0.1730856931282105,-0.041018295438283656,89.88668792987211,90.0,-0.11331207012788244,-0.14322826617404874,0.0,0.1778796014077135,2,True,42.57840721450072,0,0.19120873397970373,0.00708822857915047,0.007487751829177938,-1.3048939755020135,-0.002378640013092903,-0.00687409240148357,-1.2310390493381511,-0.0013971928597778516,0.1909046961374814,0.19007368735353644
8.800000000000562,post_spin_balance,-0.005747168572314992,0.05565763462169349,0.05595357216729366,0.24004173828217754,-0.17426425579271138,-0.04080091885219677,89.88526160059536,90.0,-0.11473839940464257,-0.142023136937594,0.0,0.17897692782091373,2,True,42.57817073121339,0,0.19127921136328024,0.007007119324092333,0.007485762584488085,-1.3045485470279894,-0.002358255618391772,-0.006881894474362262,-1.2302204911883554,-0.0013906412653858502,0.1909789202750268,0.19014222097964947
8.810000000000556,post_spin_balance,-0.00575230554923717,0.05550612722928262,0.0558033975589757,0.24011245296783643,-0.17542592276102886,-0.04058279888677202,89.88384737547314,90.0,-0.116152624526866,-0.14080719944789644,0.0,0.18005891477987185,2,True,42.577936783295605,0,0.1913488738048108,0.006925241659437253,0.007483111362345559,-1.3042053128062918,-0.0023377127248512403,-0.0068891111203118905,-1.2294114244335952,-0.0013839960320685407,0.19105228641269656,0.19020997780000998
8.820000000000551,post_spin_balance,-0.0057573794944845175,0.05535368729464428,0.055652296590138796,0.24018233753602197,-0.1765705952349113,-0.04036396551603689,89.88244539442653,90.0,-0.11755460557347928,-0.13957248158104968,0.0,0.18112542520032493,2,True,42.57770013058805,0,0.1914177136650237,0.006842604563993836,0.007478595460403396,-1.3038622557648483,-0.002316233413015456,-0.006894481659542901,-1.2286139702136998,-0.0013773034635069653,0.1911247865407677,0.19027695033114372
8.830000000000545,post_spin_balance,-0.005762389203019252,0.05520032921407468,0.05550028355485492,0.24025138424143594,-0.17769800532340807,-0.04014447412993778,89.88105587210535,90.0,-0.1189441278946483,-0.13831767624452015,0.0,0.18217616399822226,2,True,42.57746625843759,0,0.19148572339485248,0.006759217099850833,0.007473736252425327,-1.303521856645342,-0.0022945083287989887,-0.006899492078855855,-1.2278261620736977,-0.0013701145723616776,0.19119641215052433,0.19034313148481338
8.84000000000054,post_spin_balance,-0.0057673335565516385,0.05504606736456633,0.05534737273490858,0.2403195854749962,-0.17880791715422106,-0.03992438560976324,89.87967897092312,90.0,-0.12032102907687489,-0.1370491780074527,0.0,0.18321086928864871,2,True,42.57723832669636,0,0.19155289553626387,0.006675088411383372,0.00746853113024452,-1.303184380714684,-0.0022729785132488134,-0.00690425380438517,-1.2270476567242414,-0.0013628846140127243,0.19126715500895716,0.19040851412995433
8.850000000000534,post_spin_balance,-0.005772211780613343,0.05489091622123137,0.05519357854358144,0.24038693379831036,-0.17990018298921456,-0.039703748647091,89.87831480544907,90.0,-0.12168519455093078,-0.13577080927971305,0.0,0.18422936334012585,2,True,42.577015295282024,0,0.1916192227230756,0.006590227724250202,0.00746287376692002,-1.3028497837847426,-0.0022516707858163815,-0.0069086912364555155,-1.2262784465140502,-0.0013557755890256512,0.19133700733160985,0.19047309109894908
8.860000000000529,post_spin_balance,-0.00577702338521176,0.054734890378862734,0.05503891554145488,0.24045342189534155,-0.1809747244194412,-0.039482594316433445,89.87696346160358,90.0,-0.12303653839642126,-0.13448469847141375,0.0,0.18523153335104842,2,True,42.576796042823126,0,0.19168469768176422,0.0065046443443819504,0.007456689956742045,-1.3025180105870031,-0.002230497855321492,-0.006912725030744758,-1.2255186862819285,-0.0013487855782100544,0.19140596165258197,0.19053685523264005
8.870000000000523,post_spin_balance,-0.0057817680873633905,0.05457800453253016,0.05488339840943649,0.24051904254326154,-0.18203151229332207,-0.039260938563839456,89.87562501109952,90.0,-0.12437498890048936,-0.13319176085875215,0.0,0.1862173127789862,2,True,42.57657994104615,0,0.19174931323226263,0.00641834765696066,0.007449936045021328,-1.302189052445119,-0.002209360281498901,-0.0069162957682653075,-1.2247685690014023,-0.0013418592391133827,0.19147401073112952,0.19059979939743973
8.880000000000518,post_spin_balance,-0.005786445746213424,0.054420273450917434,0.054727041915733944,0.24058378860497975,-0.1830705507583366,-0.03903878691175652,89.87429952072844,90.0,-0.12570047927156308,-0.13189220287327774,0.0,0.18718666686069513,2,True,42.576366654310114,0,0.19181306228874762,0.006331347125390581,0.007442589412340388,-1.3018629324688982,-0.00218817606685881,-0.006919364910696327,-1.224028275124305,-0.0013349348954876383,0.19154114749944345,0.19066191649987427
8.890000000000512,post_spin_balance,-0.0057910563136549225,0.0542617119539425,0.05456986088859444,0.24064765303012317,-0.18409186540358466,-0.03881613892151069,89.87298705734877,90.0,-0.12701294265122795,-0.1305858821379808,0.0,0.18813958212523305,2,True,42.57615598950383,0,0.1918759378604167,0.006243652290260399,0.007434640322529386,-1.3015396912503845,-0.0021668860582006316,-0.006921909881585363,-1.22329795874767,-0.0013279607358835516,0.1916073650311377,0.19072319949966632
8.900000000000507,post_spin_balance,-0.005795599797914576,0.05410233489718043,0.05441187019708342,0.24071062885766387,-0.18509549463876607,-0.03859299164685903,89.87168769010255,90.0,-0.12831230989745662,-0.1292725218244407,0.0,0.18907605865224517,2,True,42.57594783747309,0,0.19193793305225496,0.006155272768297033,0.007426086457076455,-1.301219379724886,-0.0021454513172170647,-0.006923918955319187,-1.2225777485270752,-0.0013208983645815742,0.19167265651975218,0.19078364142082763
8.910000000000501,post_spin_balance,-0.005800076237020055,0.05394215716239531,0.05425308473891416,0.2407727092183092,-0.18608148347340775,-0.0383693420322175,89.87040149107766,90.0,-0.1295985089223411,-0.12795182442130662,0.0,0.18999610449148768,2,True,42.57574214796632,0,0.19199904106579094,0.006066218251311003,0.0074169295791402115,-1.3009020557204316,-0.0021238484235202026,-0.006925387338053353,-1.221867752643777,-0.0013137216197675605,0.19173701526336787,0.19084323536112718
8.920000000000496,post_spin_balance,-0.005804485679578392,0.0537811936526102,0.054093519433514314,0.24083388733645777,-0.18704987904382664,-0.038145188448011944,89.86912853518737,90.0,-0.1308714648126231,-0.12662352557810355,0.0,0.1908997314840434,2,True,42.57553891264815,0,0.19205925519984238,0.00597649850513365,0.007407173616380777,-1.3005877819870268,-0.002102065014198823,-0.006926314504588193,-1.221168063802584,-0.0013064140497399679,0.1918004346537481,0.19090197450033072
8.93000000000049,post_spin_balance,-0.005808828170956444,0.053619459290181595,0.05393318921861694,0.2408941565318372,-0.188000727418247,-0.037920531589923825,89.8678688997062,90.0,-0.13213110029380057,-0.12528741532481052,0.0,0.19178695228916626,2,True,42.57533815141621,0,0.19211856885125086,0.005886123368546197,0.007396823616948575,-1.3002766248858184,-0.002080096280951668,-0.006926702511636149,-1.2204787632051666,-0.0012989664120484495,0.19186290816901597,0.19095985210735095
8.940000000000484,post_spin_balance,-0.005813103743516319,0.053456969016673794,0.0537721090490461,0.24095351022092698,-0.18893407135495285,-0.037695374933299386,89.86662266369186,90.0,-0.13337733630814883,-0.12394334291701542,0.0,0.1926577780962887,2,True,42.57513990204926,0,0.19217697551560617,0.005795102752200791,0.007385885210848593,-1.2999686534502106,-0.002057942458716336,-0.006926554977363413,-1.2197999234739105,-0.001291374631701231,0.19192442936909365,0.19101686154633865
8.950000000000479,post_spin_balance,-0.005817312409967797,0.05329373779368567,0.05361029389676283,0.24101194191822886,-0.18984994878995365,-0.037469724885541913,89.86538990740456,90.0,-0.1346100925954392,-0.122591214243022,0.0,0.19351221719536343,2,True,42.57494421289422,0,0.19223446878795933,0.005703446637533745,0.007374364346731428,-1.2996639386825244,-0.0020356071024302536,-0.006925876480165741,-1.219131610751514,-0.0012836382616857461,0.19198499189327695,0.19107299628171998
8.960000000000473,post_spin_balance,-0.005821454159173,0.05312978060407335,0.05344775875155404,0.2410694452374243,-0.190748391896981,-0.03724359073752469,89.86417071176935,90.0,-0.13582928823065615,-0.1212309863599532,0.0,0.19435027383737005,2,True,42.57475113797224,0,0.19229104236352518,0.00561116507567089,0.007362267168446418,-1.2993625530025905,-0.0020130959201950654,-0.006924672205049943,-1.2184738862152944,-0.0012757593589607513,0.19204458945946473,0.19112824988223648
8.970000000000468,post_spin_balance,-0.0058255289539103266,0.052965112453222024,0.053284518621972206,0.24112601389244404,-0.1916294266036626,-0.03701698448412897,89.86296515789803,90.0,-0.13703484210197106,-0.11986266129792117,0.0,0.19517194771191818,2,True,42.57456073365735,0,0.1923466900383736,0.005518268186325405,0.007349599956576083,-1.2990645697933356,-0.0019904159751653605,-0.006922947729426503,-1.2178268071906475,-0.0012677416669313046,0.19210321586465162,0.19118261602405984
8.980000000000462,post_spin_balance,-0.005829536730210278,0.052799748370161666,0.05312058853628469,0.2411816416984668,-0.1924930724726452,-0.036789920562660526,89.86177332667235,90.0,-0.1382266733276494,-0.11848628001386369,0.0,0.19597723367071104,2,True,42.57437305644815,0,0.19240140571010994,0.005424766156688062,0.007336369096075204,-1.2987700630126586,-0.001967575125774418,-0.00692070888411687,-1.2171904279944488,-0.0012595900148647532,0.19216086498638096,0.19123608849308243
8.990000000000457,post_spin_balance,-0.005833477397940999,0.05263370340841377,0.05295598354328958,0.24123632257285718,-0.19333934287173427,-0.03656241554360477,89.86059529838488,90.0,-0.13940470161512256,-0.11710191678413492,0.0,0.19676612174647537,2,True,42.57418816143628,0,0.19245518337854423,0.005330669240310073,0.0073225810520708414,-1.2984791068535868,-0.0019445816205404393,-0.006917961654497873,-1.2165648005925782,-0.001251309868680106,0.19221753078490456,0.19128866118649498
9.000000000000451,post_spin_balance,-0.005837350842364829,0.052466992646514214,0.052790718712916136,0.2412900505360498,-0.19416824536730873,-0.036334487798596334,89.85943115243356,90.0,-0.14056884756644836,-0.11570967407576399,0.0,0.19753859740896745,2,True,42.574006101266264,0,0.19250801714634913,0.0052359877559787086,0.007308242346610492,-1.2981917754441876,-0.0019214437969508474,-0.006914712103707572,-1.2159499751234701,-0.0012429069899791423,0.19227320730583605,0.19134032811375543
9.010000000000446,post_spin_balance,-0.005841156926419861,0.05229963118819471,0.05262480913656839,0.2413428197123843,-0.19497978228299556,-0.036106157163930876,89.85828096706477,90.0,-0.1417190329352235,-0.11430967786178772,0.0,0.1982946420278586,2,True,42.57382692540074,0,0.19255990121970656,0.005140732086585683,0.007293359534642683,-1.2979081425838848,-0.0018981698544695003,-0.006910966309454943,-1.2153460003188907,-0.0012343871751398505,0.19232788868312403,0.19139108339706118
9.02000000000044,post_spin_balance,-0.005844895493508615,0.05213163416222817,0.05245826992719482,0.24139462433089387,-0.19577395137229142,-0.03587744461318657,89.8571448191611,90.0,-0.14285518083889207,-0.11290207333641894,0.0,0.19903423338739482,2,True,42.573650679683766,0,0.19261082990894324,0.005044912677988579,0.007277939179637366,-1.2976282815143607,-0.0018747676845045913,-0.006906730310942964,-1.2147529238419443,-0.0012257560569362558,0.19238156914219395,0.19144092127142806
9.030000000000435,post_spin_balance,-0.005848566370602662,0.051963016721957904,0.05229111621908468,0.24144545872605128,-0.1965507465602298,-0.035648371948944275,89.85602278407022,90.0,-0.1439772159297828,-0.11148702100426831,0.0,0.19975734632346243,2,True,42.57347740610093,0,0.19266079762915445,0.004948540037865335,0.0072619878301243635,-1.2973522647235514,-0.0018512447466281223,-0.006902010064759265,-1.214170792551712,-0.001217018956957014,0.19243424300313794,0.1914898360844673
9.040000000000429,post_spin_balance,-0.005852169371498559,0.05179379404453949,0.052123363167402,0.24149531733847418,-0.1973101587155474,-0.035418961520709585,89.85491493547009,90.0,-0.14508506452991402,-0.11006469313394074,0.0,0.20046395338818995,2,True,42.573307142697054,0,0.1927097989008166,0.004851624734561955,0.0072455119981921536,-1.2970801637822535,-0.0018276079837363096,-0.006896811409175977,-1.2135996527055484,-0.001208180780520235,0.19248590468385002,0.1915378222959497
9.050000000000423,post_spin_balance,-0.005855704300086601,0.051623981329929215,0.05195502594747627,0.24154419471559377,-0.1980521764210876,-0.035189235973749136,89.8538213452687,90.0,-0.1461786547312953,-0.10863527057840437,0.0,0.20115402551170658,2,True,42.573139923635395,0,0.19275782835038807,0.004754177395933598,0.007228518140904815,-1.2968120492115391,-0.0018038637708108485,-0.006891140036833952,-1.213039550104075,-0.0011992459479000656,0.1925365487030295,0.19158487447723158
9.060000000000418,post_spin_balance,-0.005859170953519714,0.05145359379965565,0.051786119753873545,0.24159208551228908,-0.19877678671634963,-0.034959218031570684,89.8527420835331,90.0,-0.1472579164668923,-0.10719893996714298,0.0,0.20182753270378917,2,True,42.5729757793706,0,0.19280488071089844,0.004656208708179066,0.007211012645106409,-1.2965479903784694,-0.0017800178921502374,-0.006885001475282728,-1.2124905301859032,-0.0011902183562770147,0.19258616968299208,0.19163098731060674
9.070000000000412,post_spin_balance,-0.005862569125194495,0.05128264669541127,0.05161665979927469,0.24163898449149074,-0.1994839757919603,-0.03472893031309498,89.85167721844446,90.0,-0.14832278155553594,-0.10575589127533781,0.0,0.20248444464982238,2,True,42.572814736881305,0,0.19285095082252618,0.0045577294146689805,0.007193001815726321,-1.2962880554181755,-0.00175607554249739,-0.006878401074836811,-1.2119526380787091,-0.001181101367518117,0.19263476235224725,0.1916761555886425
9.080000000000407,post_spin_balance,-0.0058658986074792705,0.05111115527750038,0.05144666131318905,0.24168488652475636,-0.200173729621288,-0.03449839518417924,89.85062681627593,90.0,-0.14937318372405925,-0.10430631576677865,0.0,0.2031247312835496,2,True,42.5726568199897,0,0.19289603363316438,0.004458750314767636,0.007174491867550587,-1.2960323111789682,-0.0017320413475900853,-0.006871344002967274,-1.2114259186130005,-0.0011718978170856542,0.19268232154781695,0.1917203742135415
9.090000000000401,post_spin_balance,-0.005869159194144972,0.05093913482317769,0.05127613954053182,0.24172978659282188,-0.20084603451935518,-0.03426763464205963,89.84959094138863,90.0,-0.1504090586113683,-0.10285040430241477,0.0,0.2037483633256096,2,True,42.57250204969535,0,0.1929401241989748,0.004359282262648719,0.0071554889202378345,-1.295780823187819,-0.0017079193999678388,-0.006863835244338202,-1.2109104163046513,-0.0011626100398381134,0.19272884221727923,0.19176363819656464
9.100000000000396,post_spin_balance,-0.005872350682473181,0.05076660062490896,0.05110510974009301,0.24177367978613065,-0.20150087762356433,-0.034036670230434635,89.84856965624321,90.0,-0.15143034375678888,-0.10138834599873087,0.0,0.20435531270572593,2,True,42.57235044453865,0,0.19298321768493007,0.004259336166105065,0.0071359989961420865,-1.295533655632124,-0.0016837133057348158,-0.00685587960543738,-1.2104061753128543,-0.0011532399083972605,0.19277431942054016,0.19180594265754167
9.11000000000039,post_spin_balance,-0.00587547287503144,0.05059356798858234,0.05093358718292414,0.24181656130534332,-0.20213824729444033,-0.03380552298229096,89.84756302142279,90.0,-0.15243697857721714,-0.09992032721061882,0.0,0.20494555293406064,2,True,42.572202020962166,0,0.1930253093653438,0.004158922985352444,0.007116028020590062,-1.2952908713558755,-0.0016594262390303427,-0.006847481722941202,-1.20991323937918,-0.0011437888805794078,0.19281874833133664,0.19184728282448518
9.120000000000385,post_spin_balance,-0.005878525581119246,0.0504200522316949,0.05076158715066655,0.2418584264618312,-0.20275813343769036,-0.033574213387186885,89.84657109566459,90.0,-0.15342890433541603,-0.09844653081175567,0.0,0.2055190594074905,2,True,42.57205679366115,0,0.19306639462438893,0.004058053731827676,0.0070955818240793405,-1.2950525318660728,-0.0016350610005952393,-0.006838646074695686,-1.2094316517533172,-0.0011342580524570656,0.19286212423848956,0.19188765403331923
9.13000000000038,post_spin_balance,-0.00588150861789872,0.05024606868153549,0.05058912493384323,0.24189927067815425,-0.2033605277513137,-0.033342761379494434,89.84559393589721,90.0,-0.15440606410278995,-0.09696713573789127,0.0,0.20607580964737046,2,True,42.57191477592944,0,0.19310646895660383,0.003956739466981106,0.007074666146046389,-1.2948186973473388,-0.0016106200779449076,-0.006829376992632155,-1.208961455109728,-0.0011246482142363567,0.19290444254692418,0.19192705172772437
9.140000000000374,post_spin_balance,-0.005884421811232022,0.05007163267338134,0.0504162158301328,0.24193908948852633,-0.20394542390335182,-0.0331111863440454,89.84463159728163,90.0,-0.1553684027183684,-0.09548231675982195,0.0,0.20661578344234285,2,True,42.57177597994363,0,0.19314552796738632,0.0038549913010635793,0.007053286639707277,-1.2945894266817,-0.0015861057045395421,-0.00681967867665028,-1.2085026914606134,-0.0011149599063675075,0.19294569877848333,0.19196547145910103
9.150000000000368,post_spin_balance,-0.005887264996253451,0.04989675954872187,0.050242875142641655,0.2419778785392683,-0.20451281764718054,-0.032879507135711236,89.84368413325302,90.0,-0.15631586674697534,-0.09399224444764803,0.0,0.20713896298274023,2,True,42.57164041706989,0,0.19318356737347578,0.00375282039190808,0.007031448877604631,-1.2943647774719635,-0.0015615199163384053,-0.006809555208947155,-1.2080554020679155,-0.0011051934740932273,0.1929858885725597,0.19200290888664157
9.160000000000363,post_spin_balance,-0.005890038017707902,0.04972146465352031,0.05006911817818758,0.2420156335892514,-0.20506270688206885,-0.03264774210962968,89.84275159556229,90.0,-0.1572484044377037,-0.09249708529198583,0.0,0.2076453328886827,2,True,42.57150809806001,0,0.1932205830034226,0.0036502379437061755,0.007009158357581495,-1.2941448060659084,-0.0015368646041622192,-0.0067990105681100255,-1.2076196273572009,-0.0010953491186515563,0.19302500768657194,0.19203935977750516
9.170000000000357,post_spin_balance,-0.005892740730089343,0.049545763336520006,0.049894960245605004,0.24205235051032972,-0.20559509166714818,-0.03241590915904671,89.84183403431578,90.0,-0.15816596568422228,-0.09099700194717655,0.0,0.20813488025468105,2,True,42.57137903329412,0,0.1932565707980459,0.0035472552057793007,0.006986420508800504,-1.2939295675807423,-0.001512141560923455,-0.006788048642632943,-1.2071954068364272,-0.0010854269442712589,0.19306305199631382,0.19207482000708354
9.180000000000351,post_spin_balance,-0.0058953729976133655,0.04936967094760018,0.049720416654079905,0.24208802528776438,-0.20610997419695276,-0.03218402575806453,89.84093149801174,90.0,-0.15906850198826283,-0.08949215356569652,0.0,0.2086075945742607,2,True,42.5712532329069,0,0.19329152681087838,0.0034438834713451803,0.0069632406976179555,-1.293719115925594,-0.001487352522981017,-0.006776673243354052,-1.2067827790210404,-0.001075426999856674,0.19310001749620087,0.19210928555934575
9.190000000000346,post_spin_balance,-0.005897934694057051,0.04919320283618312,0.049545502711519813,0.24212265402063812,-0.2066073587464736,-0.031952109006929054,89.84004403357353,90.0,-0.1599559664264661,-0.08798269619278305,0.0,0.20906346772433834,2,True,42.571130706944714,0,0.19332544720859937,0.003340134076279388,0.006939624233173005,-1.2935135038218917,-0.0014624992054904778,-0.006764888114785482,-1.2063817813661901,-0.0010653493151122906,0.19313590029943678,0.19214275252724647
9.20000000000034,post_spin_balance,-0.00590042570249765,0.04901637434969281,0.049370233722962245,0.24215623292226182,-0.20708725159320568,-0.03172017567785432,89.83917168637839,90.0,-0.16082831362160388,-0.0864687831969889,0.0,0.2095024938726571,2,True,42.57101146543987,0,0.193358328271455,0.0032360183978722337,0.006915576372425486,-1.2933127828206694,-0.0014375833315033726,-0.0067526969449631085,-1.205992450207248,-0.001055193930937462,0.19317069663812303,0.19217521711318825
9.210000000000335,post_spin_balance,-0.005902845914978997,0.048839200832063674,0.04919462498902327,0.24218875832057166,-0.20754966092301602,-0.03148824225974828,89.83831450028183,90.0,-0.16168549971817822,-0.08495056571563961,0.0,0.20992466938746776,2,True,42.57089551849148,0,0.19339016639366619,0.003131547853581148,0.006891102324681651,-1.2931170033159949,-0.001412606655028098,-0.006740103373848286,-1.2056148207090551,-0.0010449609239754076,0.1932044028633301,0.19220667562952137
9.22000000000033,post_spin_balance,-0.005905195232131506,0.04866169762229651,0.049018691804386276,0.24222022665851775,-0.20799459672592296,-0.031256325000547674,89.83747251763768,90.0,-0.16252748236231992,-0.08342819309449596,0.0,0.2103299927042192,2,True,42.570782876286025,0,0.19342095808382403,0.0030267338997785817,0.006866207255419623,-1.292926214554878,-0.0013875709784334778,-0.006727111000279206,-1.205248926822998,-0.0010346504256817934,0.19323701544514646,0.1922371244990712
9.230000000000324,post_spin_balance,-0.0059074735627683015,0.04848388005305797,0.04884244945632967,0.24225063449444356,-0.20842207068705929,-0.031024439946200827,89.83664577931363,90.0,-0.16335422068636946,-0.0819018133089141,0.0,0.21071846426035915,2,True,42.570673549133176,0,0.19345069996527275,0.0029215880304957137,0.006840896289546045,-1.2927404646436726,-0.0013624781647992718,-0.0067137233874355485,-1.2048948012527974,-0.001024262636415696,0.19326853097271704,0.19226656025567992
9.240000000000318,post_spin_balance,-0.005909680823476515,0.04830576344931933,0.04866591322329174,0.2422799785024558,-0.20883209607726247,-0.03079260297563835,89.83583432470309,90.0,-0.164165675296918,-0.08037157335529835,0.0,0.21109008634869555,2,True,42.57056754744458,0,0.19347938877647985,0.002816121776161998,0.006815174513883746,-1.2925598005501668,-0.0013373301453758618,-0.006699944066971102,-1.2045524754274344,-0.0010137978346661247,0.19329894615428544,0.19229497954475416
9.250000000000313,post_spin_balance,-0.005911816938219329,0.04812736312702989,0.04848909837346962,0.2423082554727844,-0.20922468764689364,-0.030560829831328188,89.83503819173288,90.0,-0.16496180826712317,-0.07883761960253116,0.0,0.21144486300393053,2,True,42.57046488173006,0,0.1935070213713939,0.0027103467023407092,0.006789046979096036,-1.292384268103034,-0.0013121289232672362,-0.006685776541861117,-1.2042219794813425,-0.001003256382474657,0.1933282578172456,0.19232237912380945
9.260000000000307,post_spin_balance,-0.0059138818379609525,0.04794869439182017,0.04831202016344929,0.24233546231213232,-0.2095998615256914,-0.03032913614524433,89.83425741686774,90.0,-0.16574258313225634,-0.07730009810122551,0.0,0.21178279994068008,2,True,42.57036556254723,0,0.19353359471978948,0.002604274408460686,0.006762518700963211,-1.2922139119873974,-0.0012868765735224164,-0.006671224288166883,-1.203903342240281,-0.0009926387270691867,0.1933564629082078,0.19234875586300204
9.270000000000302,post_spin_balance,-0.005915875460323647,0.04776977253773028,0.048134693836863134,0.24236159604401503,-0.20995763513073185,-0.03009753746027132,89.83349203511239,90.0,-0.16650796488761613,-0.07575915484544428,0.0,0.21210390439274934,2,True,42.57026960048373,0,0.19355910590759948,0.002497916526544272,0.006735594661148257,-1.292048775738484,-0.001261575240666335,-0.006656290755767493,-1.2035965912130036,-0.0009819453999286853,0.19338355849308672,0.19237410674564612
9.280000000000296,post_spin_balance,-0.005917797749283026,0.04759061284595905,0.047957134623071274,0.24238665380908808,-0.21029802708389492,-0.029866049247213457,89.83274208001053,90.0,-0.16725791998946987,-0.0742149359876192,0.0,0.21240818507589568,2,True,42.57017700609649,0,0.1935835521372347,0.002391284719931761,0.006708279807458274,-1.291888901732116,-0.0012362271338968445,-0.0066409793683767275,-1.2033017525865863,-0.0009711770132550673,0.1934095417572099,0.19239842886870656
9.29000000000029,post_spin_balance,-0.005919648654905362,0.047411230583629595,0.047779357735863476,0.24241063286546427,-0.2106210571396439,-0.02963468691769544,89.8320075836427,90.0,-0.1679924163572927,-0.07266758800792378,0.0,0.21269565210128755,2,True,42.57008778987529,0,0.1936069307278905,0.0022843906820023806,0.006680579053699049,-1.2917343311741334,-0.0012108345208242804,-0.006625293522746445,-1.203018851226549,-0.0009603342549359684,0.1934344100054471,0.19242171944326816
9.300000000000285,post_spin_balance,-0.005921428133128416,0.04723164100256785,0.04760137837217797,0.24243353058901823,-0.2109267461234085,-0.029403465833339658,89.83128857662199,90.0,-0.1687114233780168,-0.07111725783814761,0.0,0.2129663168845294,2,True,42.570001962182815,0,0.19362923911584104,0.0021772461348919664,0.006652497279167994,-1.2915851040877118,-0.001185399720038699,-0.006609236587489862,-1.2027479106780972,-0.0009494178819762777,0.19345816066236335,0.19244397579497638
9.31000000000028,post_spin_balance,-0.005923136145585573,0.04705185933809059,0.04742321171083424,0.2424553444736794,-0.21121511588047132,-0.029172401311644232,89.83058508808905,90.0,-0.1694149119109422,-0.06956409294735685,0.0,0.21322019210142468,2,True,42.56991953321479,0,0.19365047485472017,0.002069862828207537,0.006624039327872158,-1.2914412592999787,-0.001159925093134076,-0.006592811901405335,-1.2024889531710248,-0.0009384287134092811,0.19348079127238965,0.1924651953644491
9.320000000000274,post_spin_balance,-0.005924772659471557,0.046871900807800404,0.04724487291127686,0.2424760721317122,-0.2114861892348931,-0.028941508629024948,89.82989714570641,90.0,-0.17010285429358896,-0.0680082413897717,0.0,0.21345729164215138,2,True,42.56984051295372,0,0.1936706356157898,0.001962252537738761,0.006595210007539701,-1.2913028344278923,-0.0011344130364415173,-0.0065760227716073994,-1.2022419996251106,-0.0009273676226656119,0.19350229950000947,0.1924853757076568
9.330000000000268,post_spin_balance,-0.0059263376474468785,0.04669178061038514,0.04706637711232812,0.24249571129398387,-0.21173998995776697,-0.028710803021502213,89.8292247756526,90.0,-0.17077522434739667,-0.0664498518218361,0.0,0.21367763056890435,2,True,42.569764911121084,0,0.19368971918819528,0.0018544270641666456,0.006566014088461246,-1.29116986586376,-0.001108865972840642,-0.006558872471460271,-1.202007069656409,-0.0009162355298298896,0.19352268312996118,0.19250451449627634
9.340000000000263,post_spin_balance,-0.005927831087577371,0.04651151392442025,0.04688773943094706,0.24251425981021918,-0.21197654274391267,-0.028480299683485647,89.82856800261607,90.0,-0.17143199738393305,-0.06488907349220856,0.0,0.2138812250786059,2,True,42.5696927371489,0,0.19370772347920787,0.001746398231769451,0.006536456302223815,-1.2910423887607738,-0.0010832863439599882,-0.006541364238474457,-1.2017841815840866,-0.0009050333942485778,0.19354194006744924,0.1925226095180119
9.350000000000257,post_spin_balance,-0.005929252963304632,0.0463311159071727,0.046708974960993604,0.2425317156492424,-0.21219587319599104,-0.028250013765104068,89.82792684978925,90.0,-0.172073150210746,-0.06332605621000574,0.0,0.21406809250633646,2,True,42.56962400013236,0,0.19372464651445417,0.001638177887126015,0.006506541340422039,-1.2909204370185678,-0.0010576766027930312,-0.006523501272221488,-1.2015733524372112,-0.0008937622073121321,0.19356006833836095,0.19253965867688916
9.360000000000252,post_spin_balance,-0.005930603263442896,0.046150601693405305,0.04653009877199601,0.24254807689920577,-0.21239800781497722,-0.02801996036848732,89.82730133886336,90.0,-0.17269866113663074,-0.061760950295024375,0.0,0.21423825126371762,2,True,42.56955870881557,0,0.19374048643813263,0.001529777897816678,0.006476273853298974,-1.2908040432696695,-0.0010320392072024343,-0.006505286732314545,-1.2013745979607775,-0.0008824229861713745,0.19357706608948866,0.19255565999352428
9.370000000000246,post_spin_balance,-0.005931881982197798,0.04596998639418144,0.04635112590792105,0.24256334176780497,-0.21258297399589846,-0.027790154543356895,89.82669149002344,90.0,-0.17330850997656588,-0.060193906515114366,0.0,0.21439172086217767,2,True,42.569496871568056,0,0.19375524151321716,0.0014212101511218154,0.006445658448472365,-1.290693238866271,-0.001006376613976706,-0.006486723736522721,-1.201187932621587,-0.0008710167677515729,0.1935929315887498,0.19257061160536496
9.38000000000024,post_spin_balance,-0.005933089119202547,0.045789285095669416,0.046172071385946,0.24257750858248114,-0.2127508000277873,-0.027560611282256734,89.82609732194419,90.0,-0.17390267805581017,-0.058625076014669764,0.0,0.21452852190848673,2,True,42.569438496339416,0,0.19376891012164746,0.0013124865527182996,0.0064146996896439715,-1.2905880538677152,-0.000980691273810022,-0.006467815359063609,-1.2010133696130885,-0.000859544603804635,0.19360766322540268,0.19258451176690983
9.390000000000235,post_spin_balance,-0.00593422467956726,0.04560851285794696,0.04599295019523208,0.24259057579060914,-0.21290151509683697,-0.02733134551568469,89.8255188517868,90.0,-0.17448114821321004,-0.057054610237107964,0.0,0.2146486760540283,2,True,42.5693835906892,0,0.19378149076450663,0.0012036190253738998,0.006383402095437296,-1.2904885170291764,-0.0009549856271109103,-0.006448564629091382,-1.2008509208592886,-0.0008480075565628492,0.19362125951025919,0.19259735884990623
9.40000000000023,post_spin_balance,-0.005935288673937568,0.045427684713805955,0.04581377729569928,0.24260254195967332,-0.21303514929185266,-0.027102372107349545,89.82495609519623,90.0,-0.1750439048037697,-0.055482660844250554,0.0,0.2147522060727574,2,True,42.56933216173525,0,0.19379298206218534,0.0010946195076398048,0.006351770138277785,-1.2903946557910955,-0.0009292621006319335,-0.006428974529357323,-1.2007005970178548,-0.0008364066953274185,0.19363371907588273,0.19260915134352605
9.410000000000224,post_spin_balance,-0.005936281118558975,0.04524681566755786,0.0456345676168025,0.2426134057774287,-0.21315173361117357,-0.02687370584973782,89.82440906629918,90.0,-0.17559093370081383,-0.05390937963720935,0.0,0.21483913577899733,2,True,42.569284216167205,0,0.1938033827545334,0.0009854999525414658,0.006319808243348268,-1.2903064962693187,-0.0009035231047047759,-0.006409047995075771,-1.2005624074823935,-0.0008247430935616612,0.1936450406767811,0.1926198878545266
9.420000000000218,post_spin_balance,-0.0059372020353438614,0.0450659206938406,0.0454553360563094,0.2426231660520496,-0.2132512999703404,-0.02664536146010546,89.82387777770346,90.0,-0.1761222222965473,-0.05233491847558544,0.0,0.21490949010948146,2,True,42.569239760250646,0,0.1938126917009976,0.0008762723262677557,0.006287520787720983,-1.2902240632468565,-0.0008777710315043263,-0.006388787913073979,-1.200436360383477,-0.000813017826994944,0.19365522318958178,0.19262956710738974
9.430000000000213,post_spin_balance,-0.0059380514519385775,0.044885014736427344,0.04527609747908017,0.2426318217122643,-0.2133338812099213,-0.026417353576996812,89.82336224049762,90.0,-0.17663775950238608,-0.050759429205653205,0.0,0.21496329502842437,2,True,42.569198799794464,0,0.19382090788074713,0.0007669486068587789,0.006254912099491889,-1.2901473801659988,-0.0008520082535386497,-0.006368197121004574,-1.2003224625892905,-0.0008012319720287625,0.1936642656131933,0.19263818794445164
9.440000000000207,post_spin_balance,-0.005938829401788408,0.04470411270703815,0.04509686671584974,0.24263937180747683,-0.21339951110298228,-0.026189696757344724,89.82286246425144,90.0,-0.17713753574855004,-0.049183063587276185,0.0,0.21500057761534397,2,True,42.56916134018313,0,0.19382803039278523,0.0006575407828923348,0.006221986457087388,-1.2900764691217437,-0.0008262371230430832,-0.006347278406851524,-1.2002207197052335,-0.0007893866049587528,0.19367216706895277,0.19264574932601178
9.450000000000202,post_spin_balance,-0.00593953592419879,0.04452322948415497,0.04491765856201294,0.24264581550787465,-0.2134482243618301,-0.02596240547417273,89.82237845701708,90.0,-0.17762154298291788,-0.04760597322997364,0.0,0.2150213660624551,2,True,42.5691273863688,0,0.19383405845604823,0.0005480608521692264,0.0061887480886155125,-1.290011350856105,-0.0008004599716197325,-0.006326034508529687,-1.200131136073215,-0.0007774828015483237,0.19367892680075346,0.19265225033043237
9.460000000000196,post_spin_balance,-0.0059401710643914455,0.04434237991184104,0.04473848777641325,0.2426511521045237,-0.213480056643731,-0.02573549411489672,89.82191022533088,90.0,-0.17808977466911902,-0.04602830953377388,0.0,0.21502568956991924,2,True,42.56909694287316,0,0.19383899140949104,0.00043852082039760236,0.006155201171318752,-1.2899520447530555,-0.0007746791102932055,-0.0063044681136722935,-1.2000537147701316,-0.0007655216369590045,0.19368454417515985,0.1926576901542258
9.47000000000019,post_spin_balance,-0.005940734873554536,0.04416157879856508,0.04455936908013555,0.24265538100944975,-0.21349504455540189,-0.025508976980208146,89.82145777421567,90.0,-0.1785422257843197,-0.04445022363558389,0.0,0.21501357850503844,2,True,42.569070013786856,0,0.19384282871215974,0.00032893269987634144,0.0061213498311505216,-1.2898985688346323,-0.0007488968299520088,-0.0062825818595150015,-1.199988457606269,-0.0007535041861312375,0.19368901868149815,0.19266206811212533
9.480000000000185,post_spin_balance,-0.0059412274088863435,0.0439808409160312,0.04438031715530373,0.24265850175570683,-0.2134932256561681,-0.025282868283502017,89.82102110718398,90.0,-0.17897889281601712,-0.04287186636183021,0.0,0.21498506428296693,2,True,42.56904660278156,0,0.19384556994325086,0.00021930850817780442,0.006087198142335564,-1.289850939757305,-0.0007231154018876446,-0.00626037833291797,-1.1999353651228424,-0.0007414315242986469,0.1936923499319363,0.19266538363715016
9.49000000000018,post_spin_balance,-0.005941648733632191,0.043800180998014984,0.04420134664388344,0.2426605139974317,-0.2134746384597316,-0.025057182150787897,89.82060022624091,90.0,-0.1793997737590878,-0.041293388186553946,0.0,0.21494017942322055,2,True,42.56902671312366,0,0.19384721480215752,0.0001096602668299635,0.006052750127063547,-1.2898091728098218,-0.0006973370786320515,-0.006237860070432279,-1.1998944365904172,-0.0007293047277593528,0.1936945376615416,0.19266763628065536
9.500000000000174,post_spin_balance,-0.005941998917114575,0.04361961373920628,0.04402247214649064,0.2426614175098858,-0.2134393224345524,-0.02483193262103098,89.82019513188793,90.0,-0.1798048681120728,-0.03971493919467632,0.0,0.2148789575022739,2,True,42.569010347657496,0,0.19384776310850238,-1.9034953277551822e-15,0.006018009755202668,-1.2897732819108028,-0.0006715640946758222,-0.00621502955845304,-1.1998656700064934,-0.000717124874654626,0.1936955817283234,0.1926688257123728
9.510000000000169,post_spin_balance,-0.0059422780347567145,0.0434391537940593,0.04384370822120648,0.24266121218948372,-0.2133873180028989,-0.024607133646861186,89.81980582312727,90.0,-0.18019417687272482,-0.038136669049514994,0.0,0.2148014331904077,2,True,42.568997508832325,0,0.19384721480215747,-0.000109660266833761,0.005982980944122775,-1.2897432796077757,-0.0006457986675096061,-0.006191889233487884,-1.199849062093061,-0.0007048930459540581,0.1936954821132572,0.1926689517204396
9.520000000000163,post_spin_balance,-0.0059424861680999405,0.0432588157756503,0.043665069382398905,0.24265989805380855,-0.21331866653867138,-0.024382799095585918,89.81943229746574,90.0,-0.180567702534268,-0.03655872696492056,0.0,0.21470764222869465,2,True,42.56898819869332,0,0.19384556994325078,-0.00021930850818160127,0.005947667558431352,-1.2897191770759138,-0.0006200429983649197,-0.006168441482348486,-1.1998446082943908,-0.0006926103263496936,0.19369423892029275,0.19266801421141727
9.530000000000157,post_spin_balance,-0.005942623404815243,0.043078614254543235,0.04348657009955135,0.24265747524161396,-0.21323341036408283,-0.024158942750435827,89.81907455091972,90.0,-0.1809254490802834,-0.03498126168033127,0.0,0.2145976213833261,2,True,42.56898241888746,0,0.19384282871215963,-0.00032893269988013723,0.005912073409883881,-1.289700984118019,-0.0005942992730756658,-0.00614468864243201,-1.199852302776085,-0.000680277805056112,0.19369185237634687,0.1926660132102993
9.540000000000152,post_spin_balance,-0.005942689838709657,0.04289856375766366,0.04330822479609892,0.24265394401281298,-0.21313159274536062,-0.023935578311990332,89.81873257801992,90.0,-0.18126742198007834,-0.03340442143841685,0.0,0.2144714085368835,2,True,42.568980170689166,0,0.1938389914094909,-0.0004385208204013968,0.005876202257243461,-1.2896887091647973,-0.0005685696629841724,-0.0061206330020682365,-1.1998721384223008,-0.0006678965768699141,0.19368832283127738,0.192662948860506
9.550000000000146,post_spin_balance,-0.00594268556972802,0.042718678767181065,0.043130047848272325,0.24264930474845406,-0.21301325788759465,-0.023712719399721693,89.81840637181645,90.0,-0.18159362818354643,-0.031828353965321694,0.0,0.21432904258381577,2,True,42.568981454933166,0,0.19383405845604804,-0.0005480608521730282,0.005840057806155314,-1.2896823592751472,-0.0005428563254199492,-0.00609627680078254,-1.199904106834938,-0.00065546774272425,0.1936836507578455,0.1926588214238707
9.56000000000014,post_spin_balance,-0.005942610703950676,0.04253897371939989,0.0429520535839499,0.2426435579506838,-0.2128784509288767,-0.023490379553609327,89.81809592388402,90.0,-0.1819040761159771,-0.030253206452470163,0.0,0.2141705634832106,2,True,42.56898627213249,0,0.19382803039278498,-0.000657540782896125,0.005803643709107306,-1.2896819401375197,-0.0005171614044696266,-0.006071622229603784,-1.1999481983324531,-0.0006429924105001428,0.19367783675166075,0.19265363128061264
9.570000000000135,post_spin_balance,-0.0059424653535878275,0.042359463003659205,0.04277425628151779,0.24263670424269618,-0.2127272179338916,-0.02326857223577234,89.81780122432738,90.0,-0.1821987756726102,-0.02867912553895561,0.0,0.2139960121459895,2,True,42.56899462238065,0,0.19382090788074685,-0.0007669486068625664,0.00576696356526151,-1.2896874560709668,-0.0004914870312615754,-0.006046671431367136,-1.2000044019493483,-0.0006304716955548573,0.19367088153111436,0.19264737892930034
9.58000000000013,post_spin_balance,-0.005942249636970872,0.0421801609612412,0.0425966701687385,0.24262874436866924,-0.21255960588704306,-0.023047310832089475,89.81752226178678,90.0,-0.18247773821321667,-0.027106257295004838,0.0,0.2138054305970766,2,True,42.56900650538907,0,0.1938126917009973,-0.0008762723262715402,0.005730020920545349,-1.2896989100273912,-0.0004658353245351049,-0.006021426501022321,-1.2000727054355214,-0.0006179067212112588,0.19366278593729266,0.19264006498679742
9.590000000000124,post_spin_balance,-0.005941963678541518,0.042001081884288534,0.04241930942162799,0.24261967919368824,-0.21237566268530447,-0.02282660865377837,89.81725902344411,90.0,-0.18274097655588983,-0.025534747205298313,0.0,0.21359886183748558,2,True,42.569021920486236,0,0.19380338275453304,-0.0009854999525452466,0.005692819267491934,-1.289716303593447,-0.0004402083907803639,-0.005995889485936879,-1.200153095256402,-0.00060529861911858,0.1936535509338837,0.1926316901882026
9.600000000000119,post_spin_balance,-0.005941607608839019,0.04182224001473061,0.04224218816334149,0.2426095097036557,-0.21217543713087106,-0.02260647893889224,89.81701149502855,90.0,-0.1829885049714478,-0.023964740152569892,0.0,0.21337634984677764,2,True,42.569040866629976,0,0.19379298206218498,-0.001094619507643591,0.005655362045220728,-1.2897396369932885,-0.0004146083244545157,-0.005970062386145056,-1.2002455565935861,-0.0005926485295908307,0.19364317760706728,0.19262225538677508
9.610000000000113,post_spin_balance,-0.005941181564485925,0.041643649543218544,0.04206532046306784,0.24259823700518846,-0.21195897892370685,-0.022386934853727825,89.81677966082252,90.0,-0.18322033917747937,-0.022396380400535834,0.0,0.21313793963613495,2,True,42.56906334238329,0,0.1937814907645062,-0.0012036190253776724,0.0056176526394312995,-1.289768909091217,-0.0003890372079726617,-0.005943947154613127,-1.2003500733453223,-0.0005799576016764924,0.1936316671653903,0.1926117615538445
9.620000000000108,post_spin_balance,-0.005940685688172742,0.04146532460806916,0.041888720334932725,0.24258586232550158,-0.2117263386540812,-0.022167989494131637,89.81656350366829,90.0,-0.18343649633170303,-0.020829811576165234,0.0,0.21288367716414577,2,True,42.56908934593514,0,0.19376891012164701,-0.0013124865527220674,0.005579694382381596,-1.2898041173953623,-0.0003634971117993102,-0.005917545697575411,-1.200466628127621,-0.0005672269933199442,0.19361902093963293,0.19260020977871234
9.630000000000102,post_spin_balance,-0.005940120128641815,0.04128727929421772,0.04171240173691075,0.24257238701227907,-0.21147756779516652,-0.021949655886682202,89.81636300497426,90.0,-0.1836369950257331,-0.01926517665173257,0.0,0.21261360936957385,2,True,42.569118875092286,0,0.19375524151321666,-0.001421210151125578,0.005541490552870397,-1.2898452580609572,-0.0003379900943046854,-0.005890859874723197,-1.2005952022759248,-0.0005544578713655574,0.19360524038265847,0.19258760126853752
9.640000000000096,post_spin_balance,-0.005939485040670628,0.04110952763217935,0.04153637856974616,0.24255781253353137,-0.2112127186957417,-0.021731946989761993,89.81617814472162,90.0,-0.1838218552783879,-0.017702617925265604,0.0,0.21232778415213965,2,True,42.56915192727012,0,0.1937404864381321,-0.001529777897820444,0.005503044376226285,-1.2898923258944979,-0.00031251820158323396,-0.005863891499492378,-1.20073577584682,-0.0005416514114746918,0.19359032706925317,0.19257393734821002
9.650000000000091,post_spin_balance,-0.005938780585054702,0.040932083597019345,0.0413606646758826,0.24254214047743994,-0.2109318445730437,-0.021514875694501674,89.81600890147111,90.0,-0.18399109852889595,-0.016142277000937004,0.0,0.21202625036444117,2,True,42.56918849951001,0,0.1937246465144536,-0.001638177887129775,0.0054643590243554805,-1.2899453143582176,-0.0002870834673595196,-0.005836642339357902,-1.2008883276200328,-0.0005288087980699352,0.1935742826959519,0.19255921946021015
9.660000000000085,post_spin_balance,-0.005938006928590271,0.040754961107332115,0.041185273838401745,0.2425253725521886,-0.21063499950580633,-0.021298454825613173,89.81585525237017,90.0,-0.1841447476298225,-0.014584294768276284,0.0,0.2117090577978784,2,True,42.569228588458145,0,0.19370772347920728,-0.0017463982317731956,0.005425437615742464,-1.2900042155746438,-0.0002616879126469407,-0.005809114116061981,-1.2010528351008842,-0.000515931224110755,0.19355710908085164,0.1925434491644565
9.67000000000008,post_spin_balance,-0.0059371642440567505,0.04057817402422883,0.04101021977997076,0.24250751058578177,-0.21032223842749592,-0.021082697142105058,89.81571717316015,90.0,-0.1842828268398434,-0.013028811380649397,0.0,0.21137625718490996,2,True,42.56927219038201,0,0.19368971918819464,-0.0018544270641703833,0.005386283215493746,-1.2900690203318654,-0.00023633354554282449,-0.0057813085058991106,-1.2012292745231608,-0.0005030198909699857,0.19353880816341384,0.19252662813813845
9.680000000000074,post_spin_balance,-0.005936252710199063,0.040401736150333704,0.04083551616179875,0.24248855652584966,-0.20999361711974682,-0.020867615337890607,89.81559463818365,90.0,-0.18440536181634054,-0.011475966232693544,0.0,0.2110279001763508,2,True,42.569319301163105,0,0.19367063561578912,-0.001962252537742491,0.005346898835403555,-1.2901397180888952,-0.00021102236095188465,-0.005753227140017365,-1.2014176208519216,-0.0004900760081744115,0.19351938200425192,0.19250875817553648
9.690000000000069,post_spin_balance,-0.0059352725117098526,0.040225661228788956,0.04066117658260215,0.24246851243944015,-0.20964919220601314,-0.02065322204229805,89.81548762039256,90.0,-0.18451237960743794,-0.009925897937319374,0.0,0.2106640393383869,2,True,42.5693699162898,0,0.19365047485471945,-0.0020698628282112596,0.0053072874340241655,-1.2902162969819513,-0.00018575634029380228,-0.005724871604687643,-1.2016178477868436,-0.0004771007932069804,0.19349883278490912,0.1924898411878292
9.700000000000063,post_spin_balance,-0.005934223839211523,0.04004996294226837,0.04048721457757913,0.24244738051279796,-0.2092890211454172,-0.020439529820488262,89.81539609135545,90.0,-0.18460390864454648,-0.008378744302629398,0.0,0.21028472814698126,2,True,42.56942403086625,0,0.1936292391158403,-0.002177246134895681,0.005267451916760788,-1.2902987438301643,-0.00016053745115131302,-0.0056962434416253,-1.2018299277655269,-0.0004640954711890577,0.19347716280762112,0.192469879202886
9.710000000000058,post_spin_balance,-0.005933106889238084,0.03987465491199947,0.04031364361739296,0.24242516305113054,-0.20891316222679088,-0.020226551173794988,89.81532002126623,90.0,-0.1846799787337636,-0.006834642307423456,0.0,0.2098900209900425,2,True,42.56948163960389,0,0.1936069307278897,-0.0022843906820060773,0.005227395135979707,-1.2903870441425662,-0.00013536764702799797,-0.005667344148328514,-1.2020538319673635,-0.0004510612746911752,0.19345437449506872,0.19244887436504685
9.720000000000052,post_spin_balance,-0.005931921864216765,0.03969975069679442,0.040140477107164556,0.24240186247836093,-0.2085216745628931,-0.02001429853999,89.81525937895248,90.0,-0.18474062104752767,-0.0052937280770578455,0.0,0.20947997313395006,2,True,42.56954273682995,0,0.19358355213723386,-0.0023912847199354494,0.005187119891162312,-1.2904811821252473,-0.00011024886713288662,-0.0056381751784038555,-1.202289530317426,-0.0004379994435095985,0.19343047039011593,0.19242682893488977
9.730000000000047,post_spin_balance,-0.005930668972449284,0.03952526379208941,0.039967728385474036,0.2423774813368676,-0.2081146180847909,-0.01980278429348316,89.8152141318837,90.0,-0.18478586811629746,-0.003756136858723855,0.0,0.20905464071842803,2,True,42.569607316479654,0,0.19355910590759862,-0.0024979165265479686,0.005146628929026986,-1.2905811406885983,-8.518303595062698e-05,-0.0056087379419408325,-1.2025369914906359,-0.00042491122430671907,0.19340545315553748,0.1924037452889833
9.740000000000041,post_spin_balance,-0.005929348428092742,0.03935120762899286,0.0397954107233715,0.2423520222872114,-0.20769205353637987,-0.01959202074546876,89.81518424618068,90.0,-0.18481575381931606,-0.002222002996707584,0.0,0.20861408078536928,2,True,42.56967537210113,0,0.19353359471978857,-0.0026042744084643736,0.0051059249437415315,-1.290686901455215,-6.017206312205342e-05,-0.005579033805894602,-1.2027961829160485,-0.0004117978704721373,0.1933793255737311,0.19237962591962626
9.750000000000036,post_spin_balance,-0.005927960451140024,0.03917759557334218,0.03962353732339707,0.24232548810784937,-0.20725404246903073,-0.01938202014402316,89.81516968662444,90.0,-0.18483031337555242,-0.0006914599074603925,0.0,0.208158351235308,2,True,42.56974689684594,0,0.19350702137139297,-0.002710346702344386,0.0050650105771134915,-1.2907984447682517,-3.521784318632343e-05,-0.0055490640944984414,-1.2030670707814002,-0.0003986606418736535,0.19335209054641989,0.19235447343457487
9.76000000000003,post_spin_balance,-0.005926505267399692,0.03900444092476935,0.039452121318610214,0.2422978816948358,-0.2068006472363409,-0.019172794674166747,89.81517041666571,90.0,-0.18482958333428703,0.000835359944681083,0.0,0.20768751084555379,2,True,42.56982188348112,0,0.19347938877647886,-0.0028161217761656556,0.005023888418811331,-1.2909157496997916,-1.032225526204078e-05,-0.005518830089677628,-1.2033496200380462,-0.00038550080458284175,0.1933237510943402,0.19232829055675596
9.770000000000024,post_spin_balance,-0.005924983108475207,0.03883175691577513,0.0392811757716284,0.2422692060615103,-0.20633193098897287,-0.018964356457887823,89.8151863984343,90.0,-0.18481360156569754,0.0023583250725417028,0.0,0.20720161921900024,2,True,42.56990032438345,0,0.19345069996527173,-0.00292158803049936,0.004982561006635437,-1.291038794060093,1.4512837015749624e-05,-0.005488333031514129,-1.2036437944056777,-0.0003723196307614182,0.1932943103569188,0.19230108012396868
9.780000000000019,post_spin_balance,-0.0059233942117435,0.0386595567108121,0.039110713673675315,0.2422394643381729,-0.20584795766956282,-0.01875671755413829,89.81521759274949,90.0,-0.1847824072505027,0.0038773049903612715,0.0,0.20670073685288187,2,True,42.56998221153588,0,0.19342095808382298,-0.003026733899782217,0.004941030826785682,-1.291167554406948,3.928558577664942e-05,-0.005457574118744364,-1.2039495563775984,-0.00035911839834383563,0.1932637715919335,0.1922728450885697
9.790000000000013,post_spin_balance,-0.005921738820332804,0.03848785340537653,0.038940747943638554,0.2422086597717463,-0.20534879200769335,-0.018549889958809972,89.81526395912974,90.0,-0.18473604087026818,0.005392170237852746,0.0,0.2061849250572735,2,True,42.570067536544435,0,0.1933901663936651,-0.003131547853584772,0.004899300314168631,-1.2913020060553482,6.399415900650018e-05,-0.0054265545092413315,-1.2042668672259251,-0.00034589839099098685,0.19323213817516677,0.19224358851715032
9.800000000000008,post_spin_balance,-0.005920017183099683,0.03831666002510905,0.03877129142713698,0.2421767957254258,-0.20483449951490654,-0.018343885604689546,89.81532545580323,90.0,-0.1846745441967707,0.006902792403506891,0.0,0.205654245998953,2,True,42.57015629061148,0,0.19335832827145388,-0.003236018397875845,0.00485737185273444,-1.2914421230875646,8.863674080042405e-05,-0.005395275320516916,-1.2045956870072916,-0.00033266089778279107,0.19319941360004098,0.19221331359019597
9.810000000000002,post_spin_balance,-0.005918229554605211,0.03814598952490416,0.03860235689559771,0.2421438756783155,-0.20430514647974862,-0.018138716361397585,89.81540203971846,90.0,-0.18459796028154046,0.008409044148326076,0.0,0.20510876264360298,2,True,42.570248464563804,0,0.19332544720859823,-0.003340134076282978,0.004815247775807934,-1.2915878783639485,0.00011321153137802686,-0.005363737630315889,-1.2049359745684496,-0.000319407213137779,0.19316560147724576,0.19218202360173695
9.819999999999997,post_spin_balance,-0.005916376195090289,0.03797585478802877,0.0384339570453431,0.24210990322505277,-0.2037607999628398,-0.01793439403531862,89.81549366655496,90.0,-0.18450633344504713,0.00991079922873796,0.0,0.20454853881184112,2,True,42.57034404883581,0,0.1932915268108772,-0.003443883471348758,0.004772930366516271,-1.291739243533397,0.0001377167472932858,-0.005331942477162194,-1.2052876875520155,-0.0003061386365887861,0.19313070553434855,0.19214972195898297
9.829999999999991,post_spin_balance,-0.005914457370450074,0.037806268625249564,0.038266104496687416,0.24207488207541966,-0.2032015277919691,-0.017730930369519695,89.81560029073442,90.0,-0.18439970926558077,0.011407932518594023,0.0,0.2039736391368083,2,True,42.57044303347712,0,0.19325657079804465,-0.003547255205782883,0.0047304218581649725,-1.291896189044907,0.0001621506214612503,-0.005299890860958614,-1.205650782402755,-0.0002928564727364205,0.19309472961539548,0.19211641218194667
9.839999999999986,post_spin_balance,-0.005912473352207478,0.037637243773969445,0.03809881179304369,0.2420388160539411,-0.20262739855719233,-0.017528337043665,89.81572186543217,90.0,-0.18427813456782716,0.012900320030804482,0.0,0.20338412908088171,2,True,42.570545408146415,0,0.19322058300342135,-0.003650237943709744,0.004687724434683328,-1.2920586841588853,0.00018651140335317756,-0.005267583743623438,-1.206025214373738,-0.00027956203094847004,0.19305767768049817,0.19208209790305455
9.84999999999998,post_spin_balance,-0.005910424417485757,0.0374687928973729,0.0379320914000406,0.24200170909947144,-0.2020384816059479,-0.017326625673920352,89.81585834258848,90.0,-0.18414165741151967,0.014387838939025462,0.0,0.20278007485630384,2,True,42.57065116213705,0,0.19318356737347447,-0.0037528203919116342,0.004644840231088844,-1.2922266969593132,0.00021079735892162027,-0.00523502204970485,-1.2064109375328957,-0.00026625662538636713,0.19301955380541014,0.19204678286674612
9.859999999999975,post_spin_balance,-0.005908310848980149,0.037300928583580494,0.03776595570464951,0.241963565264768,-0.2014348470381731,-0.01712580781285419,89.81600967292009,90.0,-0.18399032707991284,0.01587036759826073,0.0,0.20216154353253404,2,True,42.57076028433932,0,0.193145527967385,-0.003854991301067111,0.004601771333971388,-1.2924001943656596,0.0002350067708898826,-0.005202206667073694,-1.2068079047693652,-0.00025294157468496586,0.1929803621810866,0.19201047092905735
9.869999999999969,post_spin_balance,-0.0059061329349286125,0.03713366334481238,0.03760041701432194,0.24192438871605204,-0.20081656570143266,-0.016925894949340214,89.81617580593263,90.0,-0.18382419406736558,0.017347785564686555,0.0,0.20152860295089647,2,True,42.5708727632721,0,0.19310646895660244,-0.003956739466984622,0.004558519782015188,-1.292579142145688,0.00025913793861832846,-0.005169138447584772,-1.207216067800722,-0.00023961820196595485,0.19294010711323584,0.19197316605719517
9.879999999999963,post_spin_balance,-0.00590389096908163,0.036967009616560915,0.0374354875561373,0.2418841837325575,-0.20018370918605272,-0.01672689850845627,89.81635668993208,90.0,-0.1836433100679166,0.018819973615204395,0.0,0.20088132171810816,2,True,42.570988587072186,0,0.19306639462438752,-0.004058053731831177,0.004515087566521311,-1.2927635049282187,0.0002831891782859586,-0.00513581820780597,-1.20763537717947,-0.00022628783461710322,0.1928987930218565,0.1919348723290984
9.889999999999958,post_spin_balance,-0.0059015852506710985,0.036800979756772434,0.03727117947596122,0.2418429547060669,-0.19953634982026106,-0.016528829851383053,89.8165522720378,90.0,-0.18344772796220588,0.02028681376681622,0.0,0.2002197692730927,2,True,42.57110774349262,0,0.19302530936534237,-0.0041589229853559295,0.00447147663198797,-1.2929532462162887,0.00030715882293182867,-0.0051022467297372875,-1.2080657823007583,-0.0002129518041195863,0.19285642444076165,0.19189559393298378
9.899999999999952,post_spin_balance,-0.005899216084378344,0.03663558604503804,0.03710750483761437,0.24180070614043583,-0.19887456066534095,-0.0163317002753037,89.81676249819421,90.0,-0.1832375018057958,0.021748189294151173,0.0,0.19954401578587438,2,True,42.57123021991998,0,0.1929832176849286,-0.004259336166108536,0.004427688876698884,-1.2931483284007494,0.00033104522242163176,-0.0050684247615530075,-1.2085072314093246,-0.00019961144603219266,0.19281300601709286,0.1918553351668847
9.909999999999947,post_spin_balance,-0.005896783780301238,0.03647084068179374,0.036944475622052136,0.2417574426511039,-0.19819841551079595,-0.016135521013308597,89.81698731318431,90.0,-0.1830126868156855,0.023203984747682656,0.0,0.19885413222547105,2,True,42.57135600335079,0,0.1929401241989733,-0.0043592822626521725,0.0043837261533282166,-1.293348712773802,0.0003548467436573638,-0.005034353018406676,-1.2089596716072464,-0.00018626809963727398,0.1927685425108203,0.1918141004381731
9.919999999999941,post_spin_balance,-0.0058942886539204795,0.036306755787529545,0.036782103726554924,0.2417131689645948,-0.19750798886953172,-0.01594030323429922,89.81722666064175,90.0,-0.18277333935825033,0.024654085970716517,0.0,0.1981501903138908,2,True,42.571485080418114,0,0.19289603363316282,-0.004458750314771064,0.0043395902695954345,-1.2935543595434114,0.00037856177041861727,-0.005000032183161131,-1.2094230488616668,-0.0001729231080112581,0.19272303879423086,0.19177189426307148
9.929999999999936,post_spin_balance,-0.005891731026065039,0.03614334340200791,0.03662040096392946,0.2416678899180028,-0.1968033559730585,-0.01574605804290148,89.81748048306432,90.0,-0.18251951693567978,0.026098380115556777,0.0,0.19743226253141338,2,True,42.57161743737596,0,0.1928509508225246,-0.004557729414672409,0.004295282988917014,-1.2937652278473155,0.0004021887035681876,-0.0049654629072722585,-1.2098973080124764,-0.00015957781772192592,0.1926764998514052,0.19172872126615223
9.93999999999993,post_spin_balance,-0.00588911122287676,0.0359806154834913,0.0364593790617211,0.2416216104584684,-0.19608459276671142,-0.015552796479377842,89.81774872182692,90.0,-0.18225127817307726,0.027536755659582714,0.0,0.19670042208918037,2,True,42.571753060110844,0,0.19280488071089683,-0.004656208708182476,0.0042508060310905114,-1.2939812757678368,0.00042572596102732896,-0.004930645811567462,-1.210382392780737,-0.00014623357870721665,0.19262893077768217,0.19168458617982506
9.949999999999925,post_spin_balance,-0.0058864295757741865,0.03581858390797896,0.03629904966143712,0.24157433564264127,-0.19535177590489572,-0.015360529519554493,89.8180313171951,90.0,-0.1819686828048983,0.028969102420152815,0.0,0.19595474298725787,2,True,42.571891934130065,0,0.1927578283503864,-0.004754177395936989,0.004206161073036706,-1.2942024603465505,0.0004491719778137032,-0.004895581487103367,-1.2108782457766114,-0.00013289174407730975,0.19258033677911018,0.19163949384381093
9.95999999999992,post_spin_balance,-0.005883686421415619,0.035657260468452905,0.03613942431778133,0.24152607063613116,-0.1946049827463648,-0.0151692680747595,89.8183282083381,90.0,-0.18167179166189737,0.030395311569267613,0.0,0.19519529994012175,2,True,42.57203404458236,0,0.1927097989008149,-0.004851624734565329,0.0041613497495067405,-1.2944287375995793,0.0004725252060702109,-0.00486027049605722,-1.2113848085079615,-0.00011955367002158129,0.19253072317188913,0.19159344920460672
9.969999999999914,post_spin_balance,-0.005880882101661416,0.03549665687413315,0.035980514497899914,0.24147682071294718,-0.19384429134952716,-0.01497902299176477,89.81863933334292,90.0,-0.1813606666570827,0.031815275647502986,0.0,0.19442216840215099,2,True,42.57217937624414,0,0.19266079762915272,-0.0049485400378686826,0.004116373653859578,-1.2946600625330316,0.0004957841150736719,-0.004824713372597875,-1.2119020213887965,-0.00010622071559356072,0.1924800953817987,0.19154645731493566
9.979999999999908,post_spin_balance,-0.005878016963535555,0.03533678474974208,0.03582233158063858,0.24142659125492533,-0.19306978046778617,-0.014789805052743682,89.81896462922786,90.0,-0.18103537077212886,0.03322888857698423,0.0,0.1936354245490404,2,True,42.572327913529556,0,0.19261082990894146,-0.005044912677991908,0.004071234338829094,-1.2948963891582785,0.0005189471913185084,-0.004788910623787419,-1.2124298237481086,-9.289424249349365e-05,0.19242845894361593,0.19149852333318723
9.989999999999903,post_spin_balance,-0.005875091359186484,0.03517765563477814,0.035664886855811366,0.24137538775114364,-0.19228152954491434,-0.014601624975243756,89.81930403195643,90.0,-0.18069596804356047,0.03463604567422391,0.0,0.19283514529515028,2,True,42.57247964048701,0,0.19255990121970476,-0.0051407320865889915,0.004025933317358226,-1.2951376705081605,0.00054201293848051,-0.004752862730529125,-1.2129681538387533,-7.957561495201826e-05,0.19237581950051977,0.19144965252284366
9.999999999999897,post_spin_balance,-0.005872105645847292,0.035019280982798745,0.035508191523480906,0.24132321579732632,-0.19147961871047073,-0.014414493412178353,89.81965747645144,90.0,-0.18034252354855418,0.036036643661979166,0.0,0.19202140828518693,2,True,42.57263454080011,0,0.1925080171463473,-0.005235987755981997,0.0039804720634112325,-1.2953838586528161,0.0005649798774734205,-0.004716570148480975,-1.2135169488464368,-6.626619948207901e-05,0.19232218280348573,0.1913998502518966
10.009999999999891,post_spin_balance,-0.005869060185795181,0.03486167216071229,0.03535225669325041,0.2412700810952357,-0.1906641287752528,-0.014228420951832283,89.82002489660877,90.0,-0.17997510339122422,0.03743058068025975,0.0,0.19119429179845127,2,True,42.57279259780811,0,0.1924551833785424,-0.005330669240313341,0.003934852012814458,-1.2956349047159819,0.0005878465464732932,-0.0046800333090489055,-1.2140761448990487,-5.296736470498248e-05,0.19226755471067014,0.1913491219922527
10.019999999999886,post_spin_balance,-0.005865955346310278,0.03470484044807958,0.03519709338356744,0.24121598945205328,-0.18983514122679093,-0.014043418117886453,89.82040622531198,90.0,-0.17959377468801707,0.038817756297038646,0.0,0.19035387496309725,2,True,42.572953794463494,0,0.19240140571010805,-0.005424766156691303,0.003889074564181999,-1.2958907588918094,0.0006106115008902152,-0.004643252620307982,-1.2146456770761214,-3.9680481187964745e-05,0.192211941186776,0.19129747331912147
10.02999999999988,post_spin_balance,-0.0058627914996338204,0.034548797036424286,0.03504271252103949,0.2411609467797483,-0.18899273822488746,-0.013859495369481193,89.82080139444662,90.0,-0.1791986055533865,0.04019807151811026,0.0,0.1895002375072432,2,True,42.5731181133879,0,0.19234669003837168,-0.005518268186328641,0.003843141079759449,-1.2961513704607999,0.0006332733134160815,-0.004606228468102808,-1.2152254794175732,-2.6406921193135313e-05,0.1921553483024194,0.19124490991040224
10.039999999999875,post_spin_balance,-0.005859569022925695,0.0343935530285528,0.03488912493976173,0.24110495909443583,-0.18813700259719804,-0.013676663101277057,89.82121033491443,90.0,-0.17878966508556995,0.04157142879622365,0.0,0.18863345987668514,2,True,42.573285536848736,0,0.19229104236352323,-0.005611165075674104,0.0037970528863642875,-1.296416687807495,0.0006558305740033826,-0.004568961216953341,-1.2158154849345455,-1.3148058507897464e-05,0.19209778223347362,0.1911914375460502
10.04999999999987,post_spin_balance,-0.005856288298221358,0.03423911943788319,0.03473634138065659,0.2410480325157231,-0.18726801783485414,-0.013494931643561144,89.82163297664792,90.0,-0.17836702335208526,0.04293773203960333,0.0,0.18775362322615297,2,True,42.573456046749946,0,0.19223446878795736,-0.0057034466375369365,0.0037508112763412157,-1.2966866584372039,0.0006782818898858067,-0.004531451211148973,-1.2164156256182816,9.473179188312919e-08,0.19203924926040847,0.19113706210743542
10.059999999999864,post_spin_balance,-0.0058529497123881655,0.03408550718778344,0.0345843724908257,0.24099017326604455,-0.1863858680881362,-0.013314311262371554,89.8220692486252,90.0,-0.17793075137479486,0.044296886619976404,0.0,0.1868608093736646,2,True,42.57362962465001,0,0.19217697551560417,-0.005795102752203962,0.003704417508505287,-1.2969612289931733,0.0007006258855711267,-0.0044936987757704374,-1.2170258324503997,1.3320073502090524e-05,0.19197975576761575,0.19108178957669014
10.069999999999858,post_spin_balance,-0.005849553657081092,0.03393272711091886,0.034433228822914046,0.24093138766998584,-0.1854906381621855,-0.013134812159659871,89.82251907888421,90.0,-0.1774809211157839,0.04564879937898833,0.0,0.18595510084213424,2,True,42.57380625175649,0,0.19211856885124884,-0.005886123368549338,0.0036578728091456844,-1.2972403452740073,0.0007228612028614134,-0.004455704217767649,-1.2176460354127168,2.6526589603184658e-05,0.19191930824272488,0.1910256260360439
10.079999999999853,post_spin_balance,-0.005846100528697881,0.03378078994860874,0.034282920834486474,0.24087168215359664,-0.18458241351276367,-0.012956444473478922,89.82298239453796,90.0,-0.17701760546204295,0.046993378634955965,0.0,0.18503658083755298,2,True,42.57398590894139,0,0.1920592551998403,-0.00597649850513677,0.003611178373013559,-1.2975239522513669,0.0007449865007656889,-0.0044174678270351795,-1.2182761634976795,3.97129023491441e-05,0.19185791327590723,0.1909685776671486
10.089999999999847,post_spin_balance,-0.00584259072833364,0.03362970635019219,0.034133458887416715,0.24081106324369247,-0.18366128024205994,-0.01277921827820499,89.8234591217888,90.0,-0.1765408782111935,0.04833053418833799,0.0,0.18410533321301706,2,True,42.57416857672278,0,0.19199904106578886,-0.006066218251314097,0.003564335364345852,-1.2978119940876358,0.0007670004555648535,-0.004378989877502648,-1.2189161447185106,5.28776335852188e-05,0.1917955775591702,0.19091065075039185
10.099999999999842,post_spin_balance,-0.0058390246617348466,0.03347948687240321,0.033984853247288956,0.24074953756714554,-0.1827273250945374,-0.012603143584791587,89.82394918594373,90.0,-0.1760508140562722,0.04966017732701987,0.0,0.18316144250560434,2,True,42.57435423528758,0,0.19193793305225282,-0.006155272768300106,0.003517344917938281,-1.2981044141538376,0.0007889017607354415,-0.00434027062826273,-1.2195659061195403,6.60194049101892e-05,0.1917323078856394,0.19085185166419985
10.109999999999836,post_spin_balance,-0.005835402739252851,0.0333301419787549,0.03383711408281207,0.24068711185016495,-0.18178063545282983,-0.012428230341062958,89.82445251142894,90.0,-0.17554748857104957,0.05098222082971394,0.0,0.18220499392669398,2,True,42.57454286447558,0,0.19187593786041454,-0.006243652290263448,0.0034702081401822363,-1.2984011550475663,0.0008106891269570385,-0.00430131032468046,-1.2202253737868396,7.913683794707332e-05,0.1916681111488307,0.19079218688432825
10.11999999999983,post_spin_balance,-0.005831725375796816,0.03318168203893292,0.033690251465246686,0.24062379291756575,-0.18082129933368032,-0.012254488432041862,89.82496902180503,90.0,-0.17503097819496669,0.05229657896990209,0.0,0.18123607333218394,2,True,42.57473444379938,0,0.19181306228874542,-0.0063313471253935985,0.003422926110139714,-1.2987021586111103,0.0008323612820926654,-0.004262109199531563,-1.220894472858811,9.222855455055107e-05,0.19160299434191283,0.190731662983144
10.129999999999825,post_spin_balance,-0.005827992990786149,0.03303411732819813,0.033544275367844996,0.24055958769202776,-0.179849405383924,-0.012081927680315995,89.82549863978177,90.0,-0.17450136021822485,0.05360316751843296,0.0,0.18025476723045106,2,True,42.57492895242575,0,0.1917493132322604,-0.006418347656963668,0.003375499880683074,-1.299007365949791,0.000853916971107177,-0.004222667474178529,-1.2215731275368287,0.00010529317701915564,0.19153696455695743,0.190670286628895
10.13999999999982,post_spin_balance,-0.005824206008102425,0.032887458026798315,0.03339919566530364,0.24049450319334334,-0.17886504287651642,-0.011910557846440352,89.82604128723315,90.0,-0.1739587127668497,0.05490190374538522,0.0,0.17926116279083462,2,True,42.57512636920802,0,0.19168469768176194,-0.006504644344384933,0.003327930479575911,-1.2993167174504654,0.0008753549560471321,-0.0041829853597271675,-1.2222612610962842,0.00011832932833039794,0.1914700289841805,0.19060806458496996
10.149999999999814,post_spin_balance,-0.0058203648560408005,0.03274171421938922,0.033255022133229575,0.2404285465376552,-0.17786830170660267,-0.011740388629381307,89.82659688521245,90.0,-0.1734031147875518,0.05619270642104684,0.0,0.17825534782608343,2,True,42.57532667265317,0,0.1916192227230733,-0.006590227724253161,0.0032802189106312203,-1.2996301527995706,0.0008966740160636227,-0.004143063058198108,-1.2229587958972796,0.00013133563243661328,0.19140219491117197,0.1905450037091469
10.159999999999808,post_spin_balance,-0.005816469967260936,0.03259689589446465,0.03311176444761914,0.24036172493668326,-0.17685927238762933,-0.011571429667000898,89.82716535396703,90.0,-0.17283464603296875,0.05747549581678753,0.0,0.177237410792962,2,True,42.57552984095287,0,0.19155289553626154,-0.006675088411386305,0.003232366154861931,-1.2999476110022443,0.0009178729472317446,-0.004102900763750276,-1.223665653395703,0.00014431071438130577,0.19133346972211648,0.19048111095283216
10.169999999999803,post_spin_balance,-0.00581252177873747,0.03245301294379578,0.032969432184350306,0.24029404569694152,-0.17583804604750178,-0.01140369053658048,89.82774661295352,90.0,-0.17225338704647497,0.05875019370441288,0.0,0.17620744077862663,2,True,42.575735851973405,0,0.19148572339485012,-0.006759217099853734,0.0031843731716507625,-1.3002690304006652,0.0009389505626293537,-0.0040624986638594165,-1.2243817541545297,0.0001572532006422489,0.19126386089700373,0.19041639336028876
10.179999999999797,post_spin_balance,-0.005808520731709988,0.03231007516187958,0.03282803481868832,0.2402255162189448,-0.17480471442477882,-0.011237180755379928,89.82834058085288,90.0,-0.1716594191471186,0.06001672335505095,0.0,0.1751655275012991,2,True,42.57594468325808,0,0.19141771366502133,-0.006842604563996711,0.0031362408999299723,-1.3005943486928815,0.0009599056921913221,-0.004021856940546948,-1.225107017854905,0.00017016171931267393,0.1911933760108274,0.19035085806785404
10.189999999999792,post_spin_balance,-0.005804467271632554,0.032168092245396365,0.032687581724804654,0.24015614399640486,-0.17375936986490906,-0.011071909781247268,89.82894717558528,90.0,-0.17105282441471092,0.061275009537953055,0.0,0.17411176131534553,2,True,42.576156312034186,0,0.19134887380480842,-0.0069252416594401,0.0030879702594026563,-1.3009235029516508,0.0009807371827027095,-0.003980975771633331,-1.2258413633071632,0.00018303490040180725,0.19112202273277612,0.19028451230314788
10.199999999999786,post_spin_balance,-0.005800361685562301,0.0320270737794668,0.03254808213334157,0.24008593659910518,-0.1727020625680123,-0.010907893567600618,89.82956634272762,90.0,-0.17043365727238466,0.06253228190651322,0.0,0.17304619094794063,2,True,42.57636637887661,0,0.19127921136327783,-0.007007119324095156,0.0030384407413540752,-1.3012545331463963,0.0010021533416585543,-0.003938683738170309,-1.2265865899761426,0.00019581212654992686,0.1910498086752296,0.1902173634854193
10.20999999999978,post_spin_balance,-0.005796203616803886,0.03188702914180645,0.0324095449498734,0.2400149016173253,-0.17163268005356025,-0.010745172642797724,89.83019810243654,90.0,-0.16980189756346356,0.06379060934177477,0.0,0.17196870429530053,2,True,42.57657881401328,0,0.19120873397970128,-0.007088228579153264,0.002989021845296698,-1.3015894723935972,0.0010235661567472645,-0.0038963102822895924,-1.2273407932822353,0.0002089427477256281,0.19097674097900688,0.1901494194295897
10.219999999999775,post_spin_balance,-0.005791992768742412,0.03174796754259766,0.03227197891854479,0.23994304676383557,-0.17055113369544447,-0.010583793854341982,89.83084242852875,90.0,-0.1691575714712407,0.06504389981365884,0.0,0.1708792134038502,2,True,42.57679693084218,0,0.19113744938271812,-0.007168560530070596,0.0029397548166958344,-1.3019285088952766,0.0010445271277585086,-0.003854006812162937,-1.228103436737183,0.00022199378298826816,0.19090282701732467,0.1900806879133099
10.22999999999977,post_spin_balance,-0.005787729168976208,0.03160989814026558,0.03213539278383545,0.23987037990978605,-0.16945741739652279,-0.010423793049967113,89.83149924936153,90.0,-0.16850075063847356,0.06628853678618765,0.0,0.16977771192107655,2,True,42.57701986140751,0,0.19106536538948765,-0.007248106367543484,0.002890531950237341,-1.3022714662371233,0.001065006197794427,-0.0038116966946972414,-1.228874360113852,0.00023480176910102568,0.19082807458525794,0.19001117667560938
10.239999999999764,post_spin_balance,-0.005783413113078729,0.03147283006492695,0.03199979530453751,0.23979690904130388,-0.16835158978317172,-0.010265189625074651,89.83216846631953,90.0,-0.16783153368047374,0.06752253264650256,0.0,0.1686642570532804,2,True,42.57724654554472,0,0.19099248990483214,-0.007326857368474424,0.002841276254703437,-1.3026181516455606,0.0010850870567119114,-0.0037692989255367387,-1.2296535590429873,0.00024736513518301695,0.19075249177931167,0.1899408934658159
10.249999999999758,post_spin_balance,-0.00577904509009998,0.03133677240105023,0.03186519522407845,0.23972264223138284,-0.1672337549934148,-0.010107988791852299,89.83284996776554,90.0,-0.1671500322344561,0.0687450757562842,0.0,0.1675389505943054,2,True,42.577476357903535,0,0.19091883092036965,-0.007404804896928733,0.0027919404696377225,-1.3029684157158492,0.001104866010231527,-0.0037267517641969587,-1.230441065098769,0.0002597351769022052,0.19067608690693097,0.18986984606033122
10.259999999999753,post_spin_balance,-0.005774625720352756,0.03120173416277313,0.03173160123559042,0.23964758763164395,-0.16610404744559817,-0.009952186033767204,89.83354363806471,90.0,-0.1664563619352874,0.06995604441113502,0.0,0.16640192401475057,2,True,42.577708943015864,0,0.19084439651363788,-0.0074819404050815285,0.0027424978795094327,-1.3033221394340584,0.0011244225317524892,-0.003684013822259162,-1.2312368972787813,0.0002719694843680148,0.19059886843471904,0.18979804227506872
10.269999999999747,post_spin_balance,-0.005770155708343675,0.031067724273334242,0.031599021953574016,0.23957175347198467,-0.16496262058827635,-0.009797771340961204,89.83424936244379,90.0,-0.16575063755620947,0.07115565707580243,0.0,0.165253327535076,2,True,42.57794407705218,0,0.19076919484720836,-0.007558255434155103,0.00269293433606247,-1.3036792205548635,0.001143813950079349,-0.0036410592615055757,-1.2320410489165412,0.00028411606156220764,0.19052084495668678,0.1897254899760572
10.279999999999742,post_spin_balance,-0.005765635808303173,0.03093475155109801,0.031467465894192186,0.23949514806169275,-0.16380963877731824,-0.009644732477987566,89.83496702915488,90.0,-0.16503297084512045,0.0723442636285049,0.0,0.1640933221573012,2,True,42.57818161268095,0,0.19069323416779124,-0.007633741615346526,0.0026432428987609377,-1.3040395667192084,0.0011630780898997245,-0.003597872782085918,-1.232853488775609,0.0002962099427148146,0.1904420251722583,0.18965219708805764
10.289999999999736,post_spin_balance,-0.00576106679924865,0.030802824701480942,0.03133694146300129,0.23941777979022005,-0.1626452714563819,-0.009493057239042103,89.83569653012441,90.0,-0.1643034698755891,0.07352223460165236,0.0,0.1629220741028387,2,True,42.578421455818344,0,0.19061652280533103,-0.0077083906707453775,0.0025934205694552737,-1.3044030921679564,0.0011822379091915788,-0.0035544457869131057,-1.2336741660232218,0.0003082744207193386,0.19036241787016786,0.18957817160161952
10.29999999999973,post_spin_balance,-0.0057564494670471235,0.03067195231323791,0.031207456948175182,0.2393396571274477,-0.16146968900184414,-0.00934273487839101,89.83643776084062,90.0,-0.16356223915937004,0.0746899089208941,0.0,0.1617397506497821,2,True,42.578663550391084,0,0.19053906917209307,-0.007782194414241516,0.0025434664234674697,-1.304769715915098,0.0012013058663990356,-0.00351077378595154,-1.2345030151858882,0.00032032354642054506,0.19028203191667323,0.18950342157897748
10.309999999999725,post_spin_balance,-0.005751784591610291,0.030542142857614748,0.03107902051743641,0.23926078862358655,-0.16028305977573784,-0.00919375693630119,89.83719061990936,90.0,-0.16280938009063817,0.07584757348519831,0.0,0.16054651727976157,2,True,42.57890786602721,0,0.19046088176174106,-0.007855144752422773,0.002493380598257228,-1.3051393605598032,0.001220287324955549,-0.003466854761586875,-1.2353399600680581,0.00033236457365574956,0.19020087624711762,0.18942795515894376
10.31999999999972,post_spin_balance,-0.005747072937914167,0.03041340468920208,0.03095164021732749,0.2391811829088396,-0.15908554807319986,-0.009046117645436773,89.83795500850134,90.0,-0.16204499149866733,0.07699545870771402,0.0,0.15934253556624892,2,True,42.57915438878081,0,0.19038196914840566,-0.007927233685462495,0.0024431637768859834,-1.3055119514497364,0.0012391829751660505,-0.0034226881875564948,-1.2361849166183567,0.0003443999370978945,0.1901189598600956,0.1893517805608248
10.329999999999714,post_spin_balance,-0.005742315249940053,0.030285746047676407,0.030825323973869945,0.23910084869290707,-0.15787731275093606,-0.008899814054983229,89.83873082979909,90.0,-0.16126917020091602,0.07813374127472895,0.0,0.1581279620153003,2,True,42.57940311455176,0,0.19030233998574417,-0.007998453307996813,0.0023928169395417823,-1.3058874160605687,0.001257990481442657,-0.0033782744568358523,-1.2370377949765112,0.0003564287299851962,0.19003629181362952,0.18927490608737416
10.339999999999709,post_spin_balance,-0.005737512246901256,0.0301591750598987,0.03070007959398408,0.23901979476438384,-0.15665850638787657,-0.00875484596888087,89.83951798848862,90.0,-0.16048201151138183,0.07926254966948189,0.0,0.1569029469532052,2,True,42.57965404465728,0,0.19022200300599162,-0.008068795809991522,0.002342341250454259,-1.3062656835147592,0.0012767055868889918,-0.003333614549820192,-1.237898500943454,0.00036844777430977,0.18995288122290682,0.1891973401268386
10.349999999999703,post_spin_balance,-0.005732664621287674,0.030033699742043975,0.030575914767270916,0.2389380299900807,-0.1554292748690154,-0.008611215764519752,89.8403163903104,90.0,-0.15968360968959397,0.08038197037080293,0.0,0.15566763422310073,2,True,42.57990718283517,0,0.19014096701900315,-0.008138253477598601,0.0022917380069604164,-1.3066466841879019,0.0012953228605661338,-0.0032887098365495413,-1.238766937057599,0.0003804523918634062,0.1898687372592024,0.18911909115415662
10.359999999999697,post_spin_balance,-0.005727773038362533,0.02990932800157131,0.03045283706790831,0.23885556331428884,-0.1541897573072947,-0.008468928137613945,89.84112594167202,90.0,-0.15887405832797935,0.08149205387113885,0.0,0.1544221610716474,2,True,42.58016253320185,0,0.19005924091128795,-0.008206818694002081,0.0022410086132308373,-1.3070303493756281,0.0013138362158532021,-0.003243561950703642,-1.239643003409435,0.0003924369662858182,0.18978386914970613,0.1890401677314067
10.369999999999692,post_spin_balance,-0.0057228381368084206,0.029786067638931504,0.030330853956509557,0.23877240375799913,-0.15294008623290006,-0.008327989805309152,89.84194654931851,90.0,-0.1580534506814954,0.08259282023669447,0.0,0.15316665834829662,2,True,42.580420098830245,0,0.1899768336450347,-0.008274483940253327,0.002190154561342763,-1.3074166110056915,0.0013322392814766326,-0.0031981727012795943,-1.2405265982760327,0.00040439535991061704,0.18969828617801326,0.1889605785076043
10.379999999999686,post_spin_balance,-0.005717860530261382,0.02966392634896467,0.03020997278185337,0.2386885604180837,-0.15168038798886846,-0.008188409190489425,89.84277812005497,90.0,-0.15722187994502515,0.08368426417060769,0.0,0.15190125077629807,2,True,42.58067988078407,0,0.18989375425712873,-0.008341241796095564,0.0021391774128688775,-1.3078054013869396,0.0013505256744959365,-0.0031525440046999615,-1.2414176186270036,0.0004163212280097611,0.18961199768508735,0.18888033221795056
10.38999999999968,post_spin_balance,-0.005712840809502885,0.02954291172197453,0.030090200782432505,0.23860404246644293,-0.15041078327904978,-0.008050196104066643,89.84362056051803,90.0,-0.15637943948197014,0.0847663596152072,0.0,0.1506260576292445,2,True,42.580941877397,0,0.1898100118581612,-0.008407084940777609,0.0020880787795041116,-1.3081966529930842,0.0013686892036906886,-0.003106677829389071,-1.2423159605324217,0.0004282082573337023,0.1895250130705175,0.1887994376826253
10.399999999999675,post_spin_balance,-0.0057077795451063364,0.02942303124448747,0.02997154508779319,0.23851885914912074,-0.1491313878206585,-0.007913361437622201,89.84447377699044,90.0,-0.15552622300956231,0.08583906393734973,0.0,0.14934119318896455,2,True,42.581206083875024,0,0.18972561563142987,-0.008472006153856664,0.0020368603031082995,-1.3085902982797917,0.0013867240199443784,-0.003060576149478483,-1.2432215194915892,0.0004400503458397362,0.18943734179394317,0.1887179038052285
10.40999999999967,post_spin_balance,-0.005702677290359999,0.029304292299717632,0.02985401271965425,0.23843301978539053,-0.1478423130595625,-0.007777916875421244,89.84533767525569,90.0,-0.15466232474430433,0.08690232172577027,0.0,0.1480467675657692,2,True,42.58147249200039,0,0.189640574831932,-0.008535998315990117,0.001985523636431542,-1.3089862695333103,0.001404624724184414,-0.003014240906651249,-1.2441341906926957,0.0004518417353474996,0.18934899337651917,0.1886357395709465
10.419999999999664,post_spin_balance,-0.005697534584313209,0.029186702167767305,0.029737610592806506,0.2383465337668132,-0.14654366691231596,-0.007643874632173753,89.84621216048872,90.0,-0.1537878395112789,0.08795606821124717,0.0,0.14674288742003722,2,True,42.581741090053086,0,0.1895548987853496,-0.008599054409716264,0.0019340704256784816,-1.3093844987512402,0.00142238643903575,-0.002967673979765724,-1.2450538692131177,0.0004635771042161979,0.18925997740233202,0.18855295404453074
10.429999999999659,post_spin_balance,-0.005692351954817653,0.02907026802559614,0.029622345515801302,0.2382594105562693,-0.14523555450482112,-0.00751124722069626,89.84709713717868,90.0,-0.15290286282132173,0.0890002323103493,0.0,0.145429656562599,2,True,42.58201186283409,0,0.18946859688702664,-0.008661167520223863,0.0018825022955802201,-1.3097849175520762,0.0014400048500530435,-0.00292087716205875,-1.245980450165927,0.0004752516266137083,0.18917030351969452,0.18846955636815627
10.439999999999653,post_spin_balance,-0.005687129921459487,0.02895499694679488,0.02950822419144298,0.2381716596869672,-0.14391807888319022,-0.0073800472517955495,89.84799250908027,90.0,-0.15200749091972232,0.09003473929206747,0.0,0.14410717682934407,2,True,42.582284791793924,0,0.18938167860093885,-0.008722330836110374,0.0018308208376573297,-1.310187457112829,0.0014574762210097653,-0.002873852145612791,-1.2469138288001054,0.0004868610034264795,0.18907998144225457,0.18838555575921495
10.449999999999648,post_spin_balance,-0.005681868998301399,0.02884089590119941,0.02939525321710428,0.2380832907614296,-0.14259134167787602,-0.007250287267165586,89.84889817918973,90.0,-0.1511018208102688,0.09105951306575213,0.0,0.14277554860556763,2,True,42.58255985524101,0,0.18929415345865575,-0.00878253765012897,0.001779027601663502,-1.3105920481318758,0.001474797387400667,-0.0028266005125487242,-1.2478539005592018,0.0004984014693821814,0.1889890209498875,0.18830096150810488
10.459999999999642,post_spin_balance,-0.00567656969637516,0.028727971754379873,0.0292834390848864,0.23799431345046004,-0.14125544370723,-0.007121979604802363,89.84981404974178,90.0,-0.1501859502582249,0.09207447809679133,0.0,0.14143487147540493,2,True,42.582837028614605,0,0.1892060310582955,-0.008841781359924028,0.0017271240902859044,-1.3109986208134465,0.0014919657327182798,-0.002779123732244415,-1.248800561106275,0.000509869780969785,0.18889743188934002,0.18821578297604602
10.469999999999636,post_spin_balance,-0.00567123252588482,0.028616231267037544,0.0291727881816468,0.23790473749209298,-0.1399104855112665,-0.006995136295452452,89.85074002222366,90.0,-0.1492599777763357,0.09307956096060031,0.0,0.1400852447427673,2,True,42.58311628478362,0,0.1891173210634724,-0.008900055468755151,0.0016751117567661742,-1.3114071048716827,0.0015089791511828307,-0.0027314231637145425,-1.249753706319459,0.0005212631890980507,0.18880522417461715,0.18813002959296188
10.479999999999631,post_spin_balance,-0.005665857998097946,0.028505681094339364,0.029063306788918344,0.23781457269052755,-0.1385565678104996,-0.006869768987827742,89.85167599740329,90.0,-0.14832400259671139,0.09407469155585955,0.0,0.13872676786054072,2,True,42.58339759438704,0,0.189028033202237,-0.008957353586209619,0.0016229920051795024,-1.3118174295506508,0.0015258360007132307,-0.0026835000622545736,-1.2507132322657664,0.0005325794003875478,0.18871240778710868,0.18804371085544783
10.489999999999625,post_spin_balance,-0.005660446626917221,0.028396327785216727,0.02895500108274303,0.23772382891504903,-0.1371937918882227,-0.006745888899770864,89.85262187536723,90.0,-0.14737812463276234,0.09505980400015926,0.0,0.1373595408472801,2,True,42.58368092615235,0,0.18893817726600948,-0.009013669428903158,0.0015707661929113075,-1.3122295236569115,0.0015425350496262313,-0.0026353555894097253,-1.2516790351576503,0.0005438165305827053,0.18861899277546432,0.187956836324841
10.49999999999962,post_spin_balance,-0.005654998930136844,0.028288177781651717,0.028847877133442293,0.23763251609893846,-0.13582225989747168,-0.006623506792211163,89.85357755556673,90.0,-0.1464224444332721,0.09603483724077497,0.0,0.13598366462676892,2,True,42.583966247236376,0,0.18884776310850582,-0.009068996821168998,0.00151843563497972,-1.3126433156020954,0.0015590754198155365,-0.0025869908254589186,-1.252651011297224,0.0005549730531298411,0.18852498925522884,0.18786941562540335
10.509999999999614,post_spin_balance,-0.00564951527391723,0.02818123740385597,0.02874194086074764,0.23754064422015206,-0.13444203346907568,-0.006502641161148699,89.85454296453047,90.0,-0.1454570354695372,0.09700673935636592,0.0,0.13459919993764455,2,True,42.584249053218876,0,0.1887568006446573,-0.00912332969573509,0.0014649545527326805,-1.3130569341101799,0.0015761378983410596,-0.002537311762120163,-1.2536308230671187,0.0005660175782973981,0.18843040725912014,0.18778145853707348
10.519999999999609,post_spin_balance,-0.005643995438150484,0.028075512760108046,0.028637197859582093,0.23744822324966997,-0.1330530248537485,-0.006383333746350418,89.85551809648021,90.0,-0.14448190351978588,0.09797693898345969,0.0,0.1332060595472399,2,True,42.584533955966776,0,0.18866529984952313,-0.009176662094389469,0.0014116400010603057,-1.3134723546920182,0.0015931097242611672,-0.0024876001310466353,-1.2546166031016672,0.0005773170268891237,0.18833525636024626,0.18769297517330832
10.529999999999603,post_spin_balance,-0.00563843928303855,0.02797100979482882,0.028533653577677745,0.2373552632580523,-0.13165517515961772,-0.006265627602134117,89.85650289956213,90.0,-0.14349710043787328,0.09893970301616223,0.0,0.13180418492517415,2,True,42.58482366577327,0,0.18857327075719657,-0.009228988168633623,0.0013584969841273534,-1.3138896985645323,0.0016096032395068322,-0.002437967955159236,-1.255607859682382,0.0005884797376306955,0.1882395463545516,0.1876039755881063
10.539999999999598,post_spin_balance,-0.005632846977929539,0.02786773439250207,0.028431313463289254,0.23726177444155255,-0.1302485050615672,-0.006149554073839308,89.85749727976895,90.0,-0.14250272023104704,0.09989171531712344,0.0,0.13039359653754676,2,True,42.58511722697828,0,0.18848072345970474,-0.009280302180323835,0.0013054230695564754,-1.3143087820966088,0.001625606865120456,-0.002388339150582468,-1.256604429191647,0.0005993676929990296,0.18814328741773362,0.18751446977692077
10.549999999999592,post_spin_balance,-0.005627218944275945,0.02776569239500694,0.028330182971893495,0.23716776707878373,-0.12883309696938788,-0.006035128526015771,89.85850111876637,90.0,-0.1414988812336252,0.10083121802560623,0.0,0.12897437569390763,2,True,42.585413586252955,0,0.18838766810590166,-0.009330598502300476,0.0012523465741183623,-1.3147294109065015,0.0016412062883018053,-0.002338636955854475,-1.257606288297263,0.000609986782572243,0.1880464899864593,0.18742446771926521
10.559999999999587,post_spin_balance,-0.005621555784198643,0.02766488958365204,0.028230267535227442,0.23707325150381328,-0.12740907649406655,-0.005922352915791398,89.85951428709257,90.0,-0.14048571290743983,0.10175755578327074,0.0,0.12754664627835344,2,True,42.58571212216468,0,0.18829411490035552,-0.009379871619005052,0.0011992241917694107,-1.315151432802274,0.0016564942636486876,-0.002288804179111115,-1.2586134438396128,0.0006203879954569044,0.18794916467128825,0.18733397939342175
10.569999999999581,post_spin_balance,-0.00561585822149504,0.02756533165587438,0.028131572527362984,0.23697823809801907,-0.12597659788915042,-0.00581122016221144,89.86053665254246,90.0,-0.13946334745753872,0.10267070889955547,0.0,0.12611056038595758,2,True,42.58601248017915,0,0.1882000741022296,-0.009428116127085061,0.0011460318540413373,-1.3155747249974414,0.001671545713611139,-0.002238803187672107,-1.259625889687697,0.0006306261095404761,0.18785132220657574,0.18724301478759678
10.579999999999576,post_spin_balance,-0.005610127057089563,0.02746702420644909,0.02803410323791986,0.23688273728938145,-0.12453583330973102,-0.0057017181802071285,89.8615680845976,90.0,-0.13843191540241054,0.10357096405942838,0.0,0.12466628781763517,2,True,42.58631443787614,0,0.18810555602415713,-0.009475326735986524,0.0010927571240991372,-1.3159991812684853,0.0016864141485261816,-0.0021886109769196143,-1.2606435956122657,0.0006407461228075256,0.1877529734194974,0.18715158390968306
10.58999999999957,post_spin_balance,-0.005604363136319127,0.027369972715063872,0.027937864853762064,0.23678675955322773,-0.12308696503158713,-0.005593832954611626,89.8626084563362,90.0,-0.13739154366379466,0.1044587204541128,0.0,0.12321400846133321,2,True,42.58661784880364,0,0.1880105710311105,-0.00952149826853416,0.001039394192336622,-1.3164247054709908,0.0017011347504932717,-0.002138214348762986,-1.2616665086905603,0.0006507806976210895,0.18765412920848817,0.18705969679536708
10.599999999999564,post_spin_balance,-0.005598567325144937,0.02727418253940597,0.027842862447798322,0.23669031541271168,-0.12163017984497627,-0.005487550648828303,89.86365764494572,90.0,-0.13634235505428097,0.10533438824130412,0.0,0.12175390681040855,2,True,42.58692261815163,0,0.18791512953926456,-0.009566625661499118,0.0009859408728078065,-1.3168512084288357,0.0017157289056923195,-0.002087606319701565,-1.2626945580208182,0.0006607515319939777,0.1875548005274012,0.18696736351485216
10.609999999999559,post_spin_balance,-0.005592740492944657,0.027179658912255298,0.027749100972967785,0.23659341543883716,-0.12016566502690544,-0.0053828589375055705,89.86471553154351,90.0,-0.1352844684564897,0.1061983414361246,0.0,0.12028616789074942,2,True,42.587228687284515,0,0.18781924201485442,-0.009610703966154224,0.0009323969037087819,-1.3172786061920245,0.0017302082988072329,-0.0020367837277109934,-1.2637276593203408,0.0006706717382766458,0.18745499837385116,0.186874594178486
10.619999999999553,post_spin_balance,-0.005586883500172809,0.027086406941183104,0.027656585259714827,0.2364960702501449,-0.11869360546984598,-0.005279747772669989,89.86578200070234,90.0,-0.13421799929766098,0.1070509001259468,0.0,0.11881097460701409,2,True,42.58753602191868,0,0.18772291897302773,-0.009653728348816651,0.000878763035327587,-1.3177068188913588,0.0017445780504886169,-0.0019857457387148047,-1.2647657185437966,0.0006805481076621045,0.1873547337808072,0.1867813989413958
10.629999999999548,post_spin_balance,-0.005580997189690169,0.02699443160978226,0.027565320015674428,0.236398290512176,-0.1172141816770144,-0.00517820975603428,89.86685693988576,90.0,-0.1331430601142416,0.10789232724194711,0.0,0.11732850554693526,2,True,42.587844603331234,0,0.18762617097669143,-0.009695694091378002,0.0008250405660220171,-1.3181357699169578,0.0017588389357164821,-0.0019344929528879202,-1.265808634536095,0.0006903829290840074,0.18725401781073323,0.18668778800715366
10.639999999999542,post_spin_balance,-0.005575082380926528,0.026903737779684675,0.02747530982668166,0.23630008693678506,-0.1157275684250075,-0.005078240244956384,89.86794023889172,90.0,-0.13205976110827838,0.1087228318367335,0.0,0.11583893382893704,2,True,42.58815442217221,0,0.1875290086353536,-0.0097365965918217,0.0007712311183617093,-1.3185653852972286,0.0017729888950549222,-0.0018830268814740857,-1.2668563009434455,0.0007001753515328002,0.18715286155170208,0.18659377163048121
10.649999999999537,post_spin_balance,-0.0055691398662794985,0.02681433019288246,0.027386559158519924,0.23620147028135113,-0.11423393395268214,-0.004979837281772633,89.86903178934331,90.0,-0.1309682106566886,0.10954257480052723,0.0,0.11434242614885094,2,True,42.58846547425128,0,0.1874314426039599,-0.009776431364727627,0.00071733653535276,-1.3189955932090573,0.0017870240555792616,-0.00183134963945152,-1.2679086076006545,0.0007099223779908695,0.18705127611504718,0.18649936011904455
10.659999999999531,post_spin_balance,-0.005563170409300909,0.026726213474054603,0.02729907235903189,0.23610245134791377,-0.11273343957081002,-0.004883001408699246,89.87013148424165,90.0,-0.12986851575834435,0.11035167512719576,0.0,0.11283914247266216,2,True,42.58877775766469,0,0.18733348358172514,-0.009815194041764045,0.0006633588313121976,-1.319426323573416,0.0018009394301573695,-0.0017794637582744933,-1.2689654415623473,0.0007196195902371208,0.1869492726341919,0.18640456383440943
10.669999999999526,post_spin_balance,-0.005557174744313496,0.02663939213272477,0.027212853660355325,0.2360030409822542,-0.11122623960850446,-0.004787735411704279,89.87123921757899,90.0,-0.12876078242100591,0.11115021595777362,0.0,0.11132923590209436,2,True,42.589091270833535,0,0.18723514231095997,-0.009852880372166601,0.0006093001643541436,-1.3198575077116197,0.0018147294093379049,-0.0017273720630933257,-1.2700266878921682,0.0007292616837868277,0.18684686226437575,0.1863093931922519
10.67999999999952,post_spin_balance,-0.005551153577158084,0.02655387056515603,0.02712790718113461,0.23590325007293225,-0.10971248162578906,-0.004694044024159672,89.872354884011,90.0,-0.12764511598899536,0.11193825015628435,0.0,0.1098128528690835,2,True,42.589406011086936,0,0.18713642957589297,-0.009889486223204482,0.0005551628153887669,-1.3202890780481558,0.00182838811798762,-0.0016750775845259427,-1.2710922302825354,0.0007388428691887314,0.1867440561830389,0.18621385866192192
10.689999999999515,post_spin_balance,-0.005545107586810698,0.02646965305593894,0.027044236928615368,0.23580308955028562,-0.10819230683073437,-0.004601933612642421,89.87347837858142,90.0,-0.1265216214185816,0.11271580538066002,0.0,0.10829013358734729,2,True,42.58972197370489,0,0.1870373562014879,-0.009925007580633608,0.0005009491677373284,-1.3207209678528389,0.0018419096800676577,-0.0016225834896737372,-1.272161951551813,0.0007483571771329522,0.18664086559066673,0.18611797076546152
10.699999999999509,post_spin_balance,-0.0055390374276394864,0.02638674377926178,0.02696184680056619,0.23570257038539555,-0.10666585064663996,-0.004511411861380454,89.87460959649472,90.0,-0.1253904035052756,0.1134828886860779,0.0,0.10676121260986977,2,True,42.590039151230435,0,0.18693793305225676,-0.00995944054913685,0.00044666168629919943,-1.3211531110199366,0.0018552884167273853,-0.0015698930256037194,-1.2732357340445009,0.0007577986910886139,0.18653730171192934,0.18602174007618075
10.709999999999503,post_spin_balance,-0.00553294373209842,0.02630514679987185,0.026880740586996025,0.2356017035890225,-0.10513324338106404,-0.004422487467557323,89.87574843293305,90.0,-0.12425156706695406,0.11423949069639995,0.0,0.10522621933425627,2,True,42.59035753303867,0,0.1868381710310682,-0.009992781352751187,0.00039230289656074955,-1.3215854418815678,0.0018685189927886633,-0.0015170094721817782,-1.274313459952387,0.0007671617227670707,0.18643337579697392,0.18592517721688295
10.719999999999498,post_spin_balance,-0.0055268271136803245,0.026224866073749395,0.02680092197165247,0.23550050021051266,-0.10359461095452617,-0.004335169856396165,89.87689478291207,90.0,-0.12310521708792561,0.11498558937159561,0.0,0.10368527908069278,2,True,42.590677105074306,0,0.18673808107795214,-0.010025026335281786,0.0003378753647749085,-1.3220178950552453,0.0018815965211762056,-0.0014639361034445508,-1.2753950115677564,0.000776440941075221,0.1863290991227502,0.18582829285782315
10.729999999999492,post_spin_balance,-0.005520688169977478,0.02614590544852344,0.026722394533298416,0.2353989713366786,-0.10205007565280041,-0.004249468922307929,89.87804854117273,90.0,-0.12195145882727348,0.11572115338224252,0.0,0.10213851335888774,2,True,42.59099784980029,0,0.1866376741688998,-0.010056171960702942,0.0002833816801125895,-1.3224504053228692,0.00189451663159141,-0.0014106761571132395,-1.2764802714749122,0.0007856314616667484,0.18622448299428618,0.18573109771449267
10.739999999999487,post_spin_balance,-0.0055145274857230815,0.026068268663663078,0.02664516174677335,0.23529712809065542,-0.10049975687267161,-0.0041653948001243194,89.87920960210474,90.0,-0.12079039789526495,0.11644614509326673,0.0,0.10058604093363994,2,True,42.591319746200824,0,0.18653696131466022,-0.010086214813545855,0.00022882443969203612,-1.3228829075407438,0.0019072755090103755,-0.001357232811790351,-1.2775691226906534,0.0007947289033285801,0.18611953874582213,0.1856336025452804
10.749999999999481,post_spin_balance,-0.00550834563571141,0.025991959350479512,0.02656922698385183,0.23519498163073538,-0.0989437718368945,-0.0040829576686716145,89.88037785969749,90.0,-0.11962214030251014,0.11716052315951611,0.0,0.09902797841940429,2,True,42.59164276994215,0,0.18643595355953282,-0.010115151599273151,0.0001742062367291933,-1.323315336576652,0.0019198699064836774,-0.0013036091716412696,-1.2786614487558448,0.0008037294162548531,0.18601427774176257,0.18553581814908687
10.759999999999476,post_spin_balance,-0.005502143187321043,0.025916981031963434,0.026494593513864968,0.2350925431491515,-0.09738223620511664,-0.0040021676157071945,89.8815532075619,90.0,-0.11844679243810512,0.11786429090481801,0.0,0.09746444098435268,2,True,42.591966781608164,0,0.18633466198015625,-0.01014297914464019,0.00011949915763315176,-1.3237475738802822,0.001932311919752773,-0.001249780426064804,-1.279757181559554,0.0008126236080240185,0.1859087113771903,0.1854377553630583
10.76999999999947,post_spin_balance,-0.005495920541125863,0.02584333710423355,0.026421264452660544,0.23498982384677428,-0.09581522127494844,-0.003923046016387133,89.8827355669122,90.0,-0.11726443308779891,0.11856357677779018,0.0,0.09589549990313415,2,True,42.59228773072943,0,0.18623309768429358,-0.010169694398043033,6.395985325138518e-05,-1.3241782353660332,0.001945148925710627,-0.0011949500849233123,-1.2808574956933476,0.000821455568010887,0.185802850916446,0.18533942514968677
10.779999999999465,post_spin_balance,-0.005489677699605019,0.025771030772472763,0.02634924265175906,0.2348868349053908,-0.09424269741129158,-0.003845629621505333,89.88392489820659,90.0,-0.11607510179341776,0.1192573644558083,0.0,0.09432112631580648,2,True,42.592611058451375,0,0.1861312718096144,-0.010195294429853095,8.66266240623058e-06,-1.3246089879661795,0.0019577416422464702,-0.0011401964672252568,-1.2819607724322604,0.0008303743323916785,0.18569670730198248,0.18524083866745394
10.78999999999946,post_spin_balance,-0.005483414781194163,0.025700065112538296,0.026278530865543583,0.23478358758290394,-0.09266467090421031,-0.0037699503700837586,89.88512112313367,90.0,-0.11487887686632459,0.11994177823719357,0.0,0.0927413270745784,2,True,42.59293766675504,0,0.18602919552247332,-0.010219776432738397,-4.649307846469929e-05,-1.3250397401936356,0.001969908017569362,-0.0010854919946569708,-1.2830667559669544,0.0008391147046960534,0.1855902916904989,0.185142007011006
10.799999999999454,post_spin_balance,-0.005477132126551735,0.025630443134421452,0.026209131836032205,0.23468009321429092,-0.09108120557387453,-0.0036960299263734827,89.88632413446543,90.0,-0.11367586553456947,0.12061456643215077,0.0,0.09115616619977736,2,True,42.593266640836234,0,0.1859268800166856,-0.010243137721971437,-0.0001015796890494607,-1.3254703330052136,0.001981666388596655,-0.001030777503031365,-1.28417531429831,0.0008476037709258324,0.18548361549858533,0.18504294122956105
10.809999999999448,post_spin_balance,-0.005470830251103909,0.02556216778628278,0.02614104828752027,0.23457636317707012,-0.08949240858151401,-0.003623877990845376,89.88753380889773,90.0,-0.11246619110227798,0.12127460484052999,0.0,0.08956575058630561,2,True,42.593597187768566,0,0.18582433651229932,-0.010265375735723595,-0.00015664525841983787,-1.3259006133904585,0.0019930862971303254,-0.0009759989672410056,-1.285286401911905,0.0008558564853905562,0.18537669031075293,0.18494365234977567
10.819999999999443,post_spin_balance,-0.0054645097932451555,0.025495241938818382,0.026074282900961167,0.23447240887265774,-0.08789841699117379,-0.003553494746498138,89.88875001638344,90.0,-0.11124998361655516,0.12192153285388516,0.0,0.08797021672464708,2,True,42.59392885139665,0,0.18572157625436536,-0.010286488035346063,-0.00021171752769212857,-1.326330460117796,0.0020042353168476176,-0.0009211181930471572,-1.286399987951069,0.0008639124443132751,0.1852695278178442,0.18484415138422203
10.829999999999437,post_spin_balance,-0.00545817147281372,0.025429668368221643,0.02600883828901956,0.23436824172082188,-0.08629938746354796,-0.0034848741648160235,89.8899726258276,90.0,-0.11002737417240975,0.12255541381114529,0.0,0.08636972051885437,2,True,42.594261368015495,0,0.18561861051170403,-0.010306472305637271,-0.0002668109423628302,-1.3267597727487306,0.0020151658784195656,-0.0008661112525817472,-1.2875160298372235,0.0008718108649965542,0.1851621397817687,0.18474444933848339
10.839999999999431,post_spin_balance,-0.005451816060066969,0.02536544974321967,0.02594471697723078,0.2342638731589409,-0.08469548871965069,-0.003418006889885325,89.89120150798026,90.0,-0.10879849201974712,0.12317650619901017,0.0,0.08476442989726499,2,True,42.59459456944484,0,0.18551545057566926,-0.010325326355096785,-0.0003219320718522947,-1.3271884627012895,0.002025914595067832,-0.0008109644779377728,-1.2886344674284778,0.0008795829754518966,0.18505453801333202,0.1846445572175006
10.849999999999426,post_spin_balance,-0.005445444352987821,0.025302588616844753,0.02588192139148036,0.2341593146421303,-0.08308689609802625,-0.0033528823776731633,89.89243653660522,90.0,-0.10756346339478257,0.12378513286589944,0.0,0.08315451954619218,2,True,42.5949283426382,0,0.18541210775891062,-0.010343048116165607,-0.00037708305684381547,-1.3276164488628925,0.0020365051739248893,-0.0007556709388020229,-1.2897552247801005,0.0008872510599451655,0.18494673435660122,0.18454448603087648
10.85999999999942,post_spin_balance,-0.005439057160801643,0.025241087422082913,0.025820453850536784,0.2340545776431633,-0.08147378763525571,-0.0032894903390699682,89.8936775887195,90.0,-0.10632241128050741,0.12438161439939838,0.0,0.08154016691115812,2,True,42.59526261140203,0,0.1853085933941325,-0.010359635645452937,-0.000432263633350656,-1.3280436554590356,0.0020469518387578323,-0.0007002279289776718,-1.29087821366947,0.000894829743086363,0.18483874067733402,0.18444424679727092
10.869999999999415,post_spin_balance,-0.005432655292061412,0.025180948470259024,0.025760316562189276,0.23394967365207783,-0.07985634125092049,-0.003227821639268366,89.89492454438627,90.0,-0.10507545561373036,0.12496623939152031,0.0,0.07992154948349542,2,True,42.59559732481195,0,0.1852049188328515,-0.010375087123949259,-0.0004874722582470221,-1.3284700108291463,0.0020572622300228105,-0.0006446353330804333,-1.2920033368359214,0.0009023277473948071,0.18473056885439443,0.18434385054802718
10.87999999999941,post_spin_balance,-0.005426239546123932,0.025122173951166678,0.025701511621782032,0.23384461417555166,-0.07823473274507303,-0.0031678688056078264,89.89617728632827,90.0,-0.10382271367173118,0.12553925416044204,0.0,0.07829884293012751,2,True,42.59593244869478,0,0.18510109544415157,-0.010389400857225837,-0.0005427067046664443,-1.3288954466055414,0.002067439561656184,-0.0005888946231710479,-1.2931304904828942,0.000909749480308808,0.18462223077349468,0.18424330833007924
10.889999999999404,post_spin_balance,-0.005419810707196548,0.025064765934205438,0.025644041012257562,0.23373941073612034,-0.0766091344085062,-0.003109626264884919,89.89743569949543,90.0,-0.10256430050456171,0.12610086189945113,0.0,0.07667221956114668,2,True,42.596267959461954,0,0.18499713461343725,-0.010402575275620517,-0.0005979643612973837,-1.3293198971157916,0.002077484123894656,-0.0005330082636004206,-1.294259566103913,0.000917096283928942,0.18451373832275214,0.1841426312081447
10.899999999999398,post_spin_balance,-0.005413369540380055,0.02500872637002281,0.02558790660510134,0.23363407487128995,-0.07497971410784031,-0.0030530903980650367,89.8986996706491,90.0,-0.1013003293509097,0.12665122589634006,0.0,0.07504184763142938,2,True,42.596603839815344,0,0.18489304774118517,-0.010414608934409857,-0.0006532423757598194,-1.3297432989252729,0.002087394302174937,-0.0004769793630283964,-1.2953904518016743,0.0009243673656319507,0.1844051033896556,0.18404183026621318
10.909999999999393,post_spin_balance,-0.005406916789292261,0.02495405709233768,0.02553311016178756,0.2335286181325749,-0.07334663474643176,-0.002998259473987704,89.89996908798778,90.0,-0.10003091201220843,0.12719047416231244,0.0,0.07340789046785319,2,True,42.5969400758503,0,0.18478884624169387,-0.010425500513967565,-0.000708537721405326,-1.3301655904729044,0.0020971672670283964,-0.0004208114684402393,-1.2965230332537876,0.0009315604782574802,0.18429633785912886,0.183940916608374
10.919999999999387,post_spin_balance,-0.005400453174955361,0.02490075981974729,0.025479653335468016,0.2334230520844821,-0.07171005402589695,-0.0029451335048639293,89.90124384082071,90.0,-0.09875615917929237,0.12771870426900941,0.0,0.0717705068462058,2,True,42.597276655043956,0,0.18468454154183195,-0.010435248819909204,-0.0007638472298535046,-1.3305867117697,0.0021067994497614706,-0.0003645084375804112,-1.2976571944358493,0.0009386724189714771,0.18418745361242428,0.18383990135902933
10.929999999999382,post_spin_balance,-0.0053939793956914745,0.02484883615740251,0.025427537672739343,0.23331738830345414,-0.07007012444753104,-0.0028937140535843053,89.90252381928832,90.0,-0.09747618071167533,0.12823598791890664,0.0,0.07012985038452219,2,True,42.59761356490999,0,0.18458014507978515,-0.010443852783223177,-0.0008191676103700055,-1.3310066041433033,0.0021162868797644785,-0.0003080743534668807,-1.2987928181799304,0.000945699399863234,0.18407846252665958,0.18373879566258022
10.939999999999376,post_spin_balance,-0.005387496127809884,0.024798287598490065,0.02537676461538375,0.23321163837677983,-0.06842699350210397,-0.0028440040143338377,89.90380891412663,90.0,-0.09619108587336948,0.12874237511173356,0.0,0.06848607004477478,2,True,42.59795079199638,0,0.18447566830380202,-0.010451311460387946,-0.0008744954655427353,-1.331425210017651,0.0021256254310834874,-0.00025151346166876233,-1.2999297866147814,0.0009526373277807532,0.18396937647480677,0.18363761068264348
10.94999999999937,post_spin_balance,-0.005381004026897293,0.024749115525494254,0.025327335502017292,0.23310581390147678,-0.06678080400296808,-0.0027960073822079394,89.90509901647073,90.0,-0.09490098352926561,0.12923789790348542,0.0,0.06683931051612454,2,True,42.598288321223066,0,0.1843711226709384,-0.010457624033475513,-0.0009298273065952175,-1.3318424727238258,0.002134811005739687,-0.0001948301207682592,-1.3010679815188402,0.0009594820173879914,0.18386020732599984,0.1835363576008829
10.959999999999365,post_spin_balance,-0.005374503729544756,0.024701321211232523,0.025279251569604987,0.2329999264831493,-0.06513169452263871,-0.0027497290234398623,89.90639401769376,90.0,-0.09360598230624718,0.12972257378944893,0.0,0.06518971260498621,2,True,42.59862613540611,0,0.184266519645801,-0.010462789810241095,-0.0009851595689633888,-1.3322583363394989,0.0021438396708245155,-0.0001380287615868237,-1.3022072846042008,0.0009662293535269428,0.1837509669460399,0.1834350476155298
10.96999999999936,post_spin_balance,-0.0053679958553650205,0.02465490581967307,0.025232513954819586,0.23289398773482384,-0.06347979989775461,-0.002705174454813236,89.90769380927789,90.0,-0.09230619072211736,0.1301964087458369,0.0,0.06353741379447399,2,True,42.59896421497367,0,0.18416187069929038,-0.010466808224199063,-0.0010404886277091158,-1.3326727455544989,0.002152707759122234,-8.111385340720136e-05,-1.3033475777429309,0.0009728754130783751,0.18364166719799296,0.1833336919396571
10.979999999999354,post_spin_balance,-0.005361481009173433,0.02460987040655108,0.025187123695232967,0.2327880092757643,-0.06182525177192322,-0.0026623496384953994,89.90899828271456,90.0,-0.09100171728544301,0.13065939995229406,0.0,0.06188254886426401,2,True,42.599302537807766,0,0.18405718730734272,-0.010469678834685041,-0.0010958108119444219,-1.333085645562416,0.002161411939655744,-2.4089876453075175e-05,-1.3044887431434582,0.0009794165533793461,0.18353231994279928,0.18323230179927544
10.989999999999348,post_spin_balance,-0.005354959783224509,0.024566215919805512,0.025143081730338024,0.23268200273026823,-0.06016817915051359,-0.002621260796594567,89.9103073294292,90.0,-0.08969267057079383,0.13111153820776095,0.0,0.0602252503533308,2,True,42.59964107920588,0,0.18395248094967168,-0.01047140132690424,-0.001151122417632565,-1.3334969819757772,0.0021699492629927986,3.303869958310058e-05,-1.3056306634837682,0.0009858494726834727,0.18342293703982557,0.1831308884313057
10.999999999999343,post_spin_balance,-0.005348432759415038,0.02452394319986109,0.025100388902405412,0.23257597972644634,-0.05850870894596277,-0.002581914248164154,89.91162084072978,90.0,-0.08837915927021653,0.13155281004764466,0.0,0.05856564943259489,2,True,42.59997981193618,0,0.18384776310850925,-0.010471975511965976,-0.0012064197182596477,-1.3339067007635517,0.002178317185022982,9.02674312842233e-05,-1.3067732220053225,0.000992171246809101,0.1833135303473084,0.1830294630814781
11.000999999999342,post_spin_balance,-0.005347779760297621,0.024519791954193255,0.02509619385168933,0.2325653769686221,-0.05834263489494197,-0.0025780756621445397,89.91175243322303,90.0,-0.08824756677696549,0.13159633897881431,0.0,0.058399567733997064,2,True,42.6000136946118,0,0.18383729113491126,-0.010471969770063419,-0.0012119485176168507,-1.3339475816022457,0.0021791445744994073,9.599564300253624e-05,-1.3068875084806753,0.0009927972104010058,0.18330258882614803,0.18301932032066456
