time_s,x_m,y_m,height_m,roll_deg,pitch_deg,vx_m_s,floor_normal_n,wheel_contacts,both_wheels_contact,hip_motor_left_nm,knee_motor_left_nm,wheel_motor_left_nm,hip_motor_right_nm,knee_motor_right_nm,wheel_motor_right_nm
0.0,0.0,0.0,0.2887988192206221,0.0,5.000000000000001,0.0,0.0,0,False,0.0,0.0,0.0,0.0,0.0,0.0
0.010000000000000002,-0.0001538951951594392,-3.804455977074989e-13,0.2875451074751446,3.013214479342706e-10,4.869803139959903,-0.024058410905534757,0.0,0,False,-0.04971631239773211,0.7520660168215352,0.24984078546664792,-0.04971630688268448,0.7520660207116137,0.24984078215139618
0.02000000000000001,-0.0004197105640671779,-7.62758916630101e-13,0.2848450425584862,6.904612843909634e-10,4.752985384660854,-0.02677779860387222,0.0,0,False,0.011430589362874388,-0.40999692808829113,0.006344033727731762,0.011430592797464723,-0.40999692416085964,0.0063440328010954386
0.03000000000000002,-0.0006694649268538822,-8.78455564559828e-13,0.28141550711890145,9.380234716875628e-10,4.615383832953673,-0.023218428648127995,0.0,0,False,0.035009678016776236,-0.9450782960604891,0.01290563973088546,0.035009679474606537,-0.945078293630234,0.012905639567214328
0.04000000000000003,-0.0008794680831227991,-7.762713434806634e-13,0.2775352229682599,1.033954665612805e-09,4.432227702765351,-0.019271389573489076,0.0,0,False,0.043041742221157225,-1.1935917432841372,0.05412455255437512,0.04304174146721669,-1.1935917428777871,0.05412455336558118
0.05000000000000004,-0.0010538637351402565,-5.427828018417666e-13,0.2733022588516662,1.0074054352426245e-09,4.187255324978818,-0.016059284540728382,0.0,0,False,0.0475827095667401,-1.3506937409256352,0.08347091800904174,0.047582706448645005,-1.3506937426396513,0.08347092007489101
0.060000000000000046,-0.0012005183166783591,-2.419655297387481e-13,0.26876527692717883,8.788486611525156e-10,3.866003813252568,-0.013655178583429742,0.0,0,False,0.0529531059098982,-1.4865599730411958,0.10192862277471829,0.052953100428989264,-1.4865599768288171,0.10192862623593826
0.07000000000000005,-0.001328624056026915,7.921509407459667e-14,0.2639630072492893,6.626070840064102e-10,3.4531991900426857,-0.012316194490159206,0.0,0,False,0.06005413839419066,-1.6084225720130718,0.11630040731545313,0.06005413060628381,-1.6084225778450039,0.11630041224897472
0.08000000000000006,-0.0014448989549823972,3.956621311018154e-13,0.25900848814743066,3.9298607081712507e-10,2.9954591500633803,-0.008204217531041696,284.18913059529353,4,True,-0.28439288314828004,-3.313007155701955,-0.020755850827511718,-0.28439289078609203,-3.3130071610616953,-0.020755846775266956
0.09000000000000007,-0.001343199848890674,8.053989481346716e-13,0.25582881911730715,2.252134800889961e-10,2.790309434650705,0.024402264563919276,167.99501594278576,4,True,-0.03804523214221493,-5.58040297419196,-0.023095556774879428,-0.03804523287648352,-5.580402973449262,-0.023095559857060494
0.10000000000000007,-0.0010075935159691647,1.2907347151895535e-12,0.25516701959307553,9.27748879772434e-11,2.6236318146249693,0.03853028098965662,85.89230188768272,4,True,0.04560203658108326,-3.778811879372272,0.1673098527423366,0.04560203704963872,-3.778811878399085,0.16730984987227907
0.11000000000000008,-0.0005964914957823107,1.7000690301964893e-12,0.2557866179195046,-8.83767520924818e-12,2.445885143973393,0.04247623057174655,48.96397216786372,4,True,0.04485235554197986,-2.3083909175510695,0.14994911398193342,0.04485235590363782,-2.308390917159694,0.149949112363884
0.12000000000000009,-0.00016327850171057184,2.012853864551158e-12,0.2567953331504603,-8.251174983768213e-11,2.259714157122357,0.04391087451756771,35.27892194690907,4,True,0.02831973634464817,-1.5377306490567575,0.08573729159843181,0.028319736374013388,-1.5377306491247968,0.08573729091980606
0.1300000000000001,0.00028364729496335825,2.238672177197627e-12,0.2577505708520956,-1.3281892578769906e-10,2.074838355926209,0.04542005942886557,32.28713309736448,4,True,0.014950485182910547,-1.2407063159893543,0.030353271176051078,0.014950484905860276,-1.240706316325963,0.03035327104775634
0.1400000000000001,0.0007492274031666417,2.3945211137292643e-12,0.25849551621458405,-1.651209708980646e-10,1.898286599715931,0.047582271196595576,33.677004331948325,4,True,0.007253254494955358,-1.1967997283485718,-0.00613498418459742,0.007253254020669022,-1.1967997287836403,-0.006134984054479848
0.1500000000000001,0.001239115769437994,2.499628170754781e-12,0.25902006571034375,-1.8481029434376368e-10,1.733333705288179,0.05017015384166097,36.077791685512025,4,True,0.003989543924062317,-1.254849103097626,-0.025391225814845157,0.003989543359320432,-1.2548491035210279,-0.025391225598573736
0.16000000000000011,0.0017551882005257444,2.5759068652858327e-12,0.2593686946566675,-1.9746394516796143e-10,1.580562443162809,0.05275576951083813,38.51269492241956,4,True,0.0027524140400137435,-1.3336274161436983,-0.03304256629803134,0.002752413457073721,-1.3336274165224606,-0.033042566075812324
0.17000000000000012,0.0022956878684745464,2.6399963773999046e-12,0.2595942095381415,-2.0718758669259747e-10,1.439715490465962,0.05505245139710317,40.4823651975136,4,True,0.0022649608011897845,-1.4038227554630227,-0.035152316903803604,0.002264960240769123,-1.403822755790955,-0.03515231670894767
0.18000000000000013,0.0028569017334691715,2.699395477349059e-12,0.2597413397746275,-2.1582150787770106e-10,1.310146245643581,0.05692786095044418,41.77527624632401,4,True,0.002245793323799961,-1.4551616993791103,-0.03484897925904834,0.0022457928023373315,-1.4551616996590033,-0.03484897909817927
0.19000000000000014,0.003434349343197949,2.7567582648084336e-12,0.2598417378255616,-2.2401960391138085e-10,1.190969630481597,0.05834493079867642,42.52736467642989,4,True,0.002368610977338663,-1.4878517540058338,-0.03375551086906839,0.0023686104969790063,-1.4878517542456413,-0.03375551073645913
0.20000000000000015,0.004023536067726279,2.812696922151166e-12,0.2599150904323053,-2.3194630328137482e-10,1.0812903627793276,0.05932595942323979,42.931054183815924,4,True,0.002467106915258481,-1.506885987881999,-0.03269659012365668,0.0024671064722773107,-1.5068859880894336,-0.032696590011346977
0.21000000000000016,0.004620354355780777,2.8670899727107777e-12,0.2599726711066062,-2.3959344238741206e-10,0.9802988238741539,0.059918678189369454,43.13522798686787,4,True,0.0024999428322640166,-1.5174142925259817,-0.0319251135896853,0.002499942421754497,-1.5174142927063536,-0.031925113491389684
0.22000000000000017,0.005221205596780517,2.91971361181391e-12,0.26002064812275805,-2.469278579936544e-10,0.8872844168561671,0.06017440615363661,43.23320832630472,4,True,0.002475978843765172,-1.523121025964034,-0.03141429825652838,0.002475978461391484,-1.5231210261209172,-0.031414298168169125
0.23000000000000018,0.005822979061885021,2.9704711105637715e-12,0.2600623426171966,-2.539434621085052e-10,0.8016208626365001,0.06013924475266339,43.277462747971704,4,True,0.002414532566297124,-1.5262455858965647,-0.031063748099337013,0.002414532208646222,-1.5262455860322153,-0.031063748018497622
0.24000000000000019,0.006422987174321663,3.0194153802467273e-12,0.26009956266394446,-2.6066557885070626e-10,0.7227483215589154,0.05985244342399293,43.29561767323264,4,True,0.002331774992367011,-1.5280340793043594,-0.03078568617151023,0.002331774656788951,-1.5280340794203389,-0.03078568609673757
0.25000000000000017,0.007018900950390786,3.0667148548106073e-12,0.2601333323151705,-2.671431422526728e-10,0.6501594386040993,0.05934728143583064,43.30155449492442,4,True,0.0022384466536095947,-1.5291433223954758,-0.03052330163170361,0.0022384463380294285,-1.5291433224932922,-0.030523301562141975
0.2600000000000002,0.007608697439698788,3.112595971047739e-12,0.2601642716516052,-2.73435946802799e-10,0.5833897297781304,0.05865235433898198,43.301978836539845,4,True,0.0021409599407423044,-1.529906953606483,-0.030245438475802855,0.0021409596434849433,-1.529906953687431,-0.03024543841092045
0.2700000000000002,0.00819061893556505,3.15728118982622e-12,0.2601927888716201,-2.7960084418949104e-10,0.5220111289014149,0.057792624946478244,43.30001651419424,4,True,0.002042918698697453,-1.5304902667946936,-0.029937506441884795,0.0020429184183262806,-1.5304902668600526,-0.029937506381289086
0.2800000000000002,0.008763140949632146,3.200965537178923e-12,0.26021917568930264,-2.8568704865293504e-10,0.46562754327556677,0.056790163086126055,43.297081896138565,4,True,0.001946271687239667,-1.5309743058144478,-0.029594404962459228,0.0019462714225022683,-1.53097430586545,-0.029594404905838617
0.2900000000000002,0.009324946201360368,3.24379499641995e-12,0.26024365477250627,-2.917314902747909e-10,0.4138716190247461,0.055664647410730614,43.29380535946029,4,True,0.0018520444938184845,-1.531399324352816,-0.029216040082998412,0.0018520442435648317,-1.5313993243905153,-0.02921604003007669
0.3000000000000002,0.009874902713106608,3.2858700897541787e-12,0.2602664040810953,-2.9775988838719027e-10,0.366402226071943,0.054433712258926854,43.29047251334093,4,True,0.001760764470041269,-1.5317862860882567,-0.028804743956045056,0.0017607642332116142,-1.531786286113734,-0.028804743906556546
0.3100000000000002,0.010412044814002363,3.327251559779687e-12,0.2602875702674713,-3.0378819782935285e-10,0.3229023803456548,0.05311319993053731,43.28722167580631,4,True,0.0016726941452663738,-1.532147065713715,-0.02836387553851151,0.0016726939208797083,-1.5321470657278222,-0.028363875492211782
0.32000000000000023,0.01093555633061832,3.367977794106341e-12,0.26030727685198796,-3.098265330966e-10,0.2830774459664743,0.05171735616141433,43.28412765600588,4,True,0.0015879545417480131,-1.5324891041748832,-0.02789709886916375,0.0015879543289114974,-1.5324891041784268,-0.02789709882583194
0.33000000000000024,0.011444755527191467,3.4080468097578446e-12,0.2603256297601175,-3.1587502512677563e-10,0.2466535311088966,0.050258990702814525,43.28123519680456,4,True,0.0015065886087394262,-1.5328174730422466,-0.027408031304550856,0.001506588406607209,-1.53281747303601,-0.027408031263960936
0.34000000000000025,0.011939081519277618,3.447439519020749e-12,0.26034272136762576,-3.2192932666939584e-10,0.21337602978463108,0.04874961514888581,43.27857173752455,4,True,0.0014285934779139481,-1.5331357911166228,-0.02690008586187055,0.001428593285702481,-1.5331357911013122,-0.02690008582382955
0.35000000000000026,0.012418081972895765,3.486111181911689e-12,0.2603586335712146,-3.279786043316495e-10,0.18300828210654876,0.04719956460810471,43.27615248383374,4,True,0.0013539370687030527,-1.5334466601911578,-0.026376411442426903,0.001353936885670481,-1.5334466601673746,-0.026376411406718397
0.36000000000000026,0.012881401949228679,3.5240251696824475e-12,0.2603734401424731,-3.340134053988336e-10,0.15533033609533844,0.045618106836516376,43.27398298925489,4,True,0.0012825670651788238,-1.5337519089970777,-0.025839880160373405,0.0012825668906646655,-1.5337519089653355,-0.025839880126832998
0.3700000000000003,0.013328773781861484,3.561130899026936e-12,0.2603872085201253,-3.400203478952684e-10,0.13013779951503865,0.04401354092324937,43.27206107119717,4,True,0.001214416236028994,-1.534052760988064,-0.025293095911815,0.001214416069408294,-1.5340527609488506,-0.02529309588026571
0.3800000000000003,0.01376000788983751,3.597385673464605e-12,0.2604000011537537,-3.4598745257713737e-10,0.10724077310068733,0.04239328686150714,43.270378552468244,4,True,0.0011494059855992693,-1.5343499676197334,-0.024738411495490442,0.0011494058263060015,-1.5343499675734928,-0.02473841146578329
0.3900000000000003,0.01417498444088935,3.63273973138353e-12,0.26041187649153397,-3.519004872387052e-10,0.08646285816985781,0.04076396696765234,43.26892287368635,4,True,0.0010874490004579448,-1.5346439201409063,-0.024177948330036017,0.001087448847962524,-1.5346439200880897,-0.024177948302028213
0.4000000000000003,0.014573645787703383,3.6671521665059895e-12,0.26042288969017313,-3.5774691482668544e-10,0.06764023263037997,0.03913147992431613,43.26767852118786,4,True,0.001028451375466062,-1.534934743442646,-0.02361361613368186,0.0010284512292892119,-1.5349347433836025,-0.0236136161072433
0.4100000000000003,0.01495598960722085,3.700585423055987e-12,0.2604330931126475,-3.635145684711163e-10,0.050620790114136734,0.03750106811957012,43.26662822605001,4,True,0.00097231438941449,-1.5352223732846209,-0.02304713150752269,0.0009723142491106225,-1.5352223732196435,-0.023047131482536565
0.4200000000000003,0.015322062679304018,3.733011547715446e-12,0.26044253666759964,-3.6919308363082763e-10,0.03526333752254092,0.03587737888569355,43.26575392267283,4,True,0.0009189360096689739,-1.535506618243172,-0.022480035076864788,0.0009189358748425964,-1.5355066181725758,-0.02248003505322263
0.4300000000000003,0.0156719552468281,3.764396285569425e-12,0.26045126803359553,-3.7477036634548455e-10,0.021436846727884786,0.03426452018729678,43.26503748140227,4,True,0.000868212169379635,-1.5357872081354247,-0.021913707149994507,0.000868212039649457,-1.5357872080596011,-0.021913707127605514
0.44000000000000034,0.016005795904493556,3.794711511520725e-12,0.2604593328021116,-3.802356360063023e-10,0.009019756566449924,0.03266611126131531,43.26446124394992,4,True,0.0008200378469747304,-1.5360638309200465,-0.02134938197152842,0.0008200377219876316,-1.5360638308392225,-0.021349381950290236
0.45000000000000034,0.016323746968436414,3.823937998057808e-12,0.2604667745652562,-3.8557996788257216e-10,-0.002100678400321682,0.03108532866782526,43.2640083954017,4,True,0.0007743079723697434,-1.5363361600853518,-0.020788160685449357,0.0007743078518081532,-1.536336159999773,-0.020788160665285882
0.46000000000000035,0.016626000283078007,3.852063473049132e-12,0.2604736349677851,-3.9079586139880326e-10,-0.01202899558180811,0.029524948170026117,43.26366320589206,4,True,0.0007309181814849487,-1.5366038743831953,-0.020231023127886646,0.000730918065058941,-1.5366038742931232,-0.02023102310872249
0.47000000000000036,0.016912773425629097,3.879087038451539e-12,0.2604799537378147,-3.958783474455819e-10,-0.020862091473354914,0.027987382823989954,43.26341117139903,4,True,0.0006897654386443896,-1.5368666715287347,-0.01967883856290236,0.0006897653260970744,-1.5368666714343326,-0.019678838544679472
0.48000000000000037,0.017184306272275317,3.904992134780743e-12,0.2604857687065872,-4.0081870561112547e-10,-0.02868975091935913,0.026474717623954733,43.26323907859846,4,True,0.0006507485444499582,-1.5371242772275893,-0.01913237546464292,0.0006507484355120284,-1.537124277129135,-0.0191323754472707
0.4900000000000004,0.017440857893350665,3.929790034785124e-12,0.2604911158245133,-4.056147520353815e-10,-0.03559514104532317,0.024988741017003345,43.2631350139981,4,True,0.0006137685447720228,-1.5373764506443355,-0.018592310438580693,0.0006137684392318456,-1.5373764505420096,-0.018592310422017533
0.5000000000000003,0.01768270374778177,3.953483512469213e-12,0.2604960291783369,-4.102622476073165e-10,-0.041655272193942834,0.023530973571843018,43.26308833347129,4,True,0.0005787290547765857,-1.537622987204502,-0.01805923636472715,0.0005787289524219262,-1.5376229870984501,-0.018059236348929697
0.5100000000000003,0.017910133149785044,3.9760764383474345e-12,0.2605005410124783,-4.1475726066809333e-10,-0.046941428032853706,0.022102694059925352,43.26308960466648,4,True,0.0005455365099748684,-1.5378637194381568,-0.017533669837154056,0.0005455364105989634,-1.5378637193285942,-0.017533669822056036
0.5200000000000004,0.018123446983247252,3.997587293270257e-12,0.26050468175629643,-4.190993329580723e-10,-0.05151956685010005,0.02070496318314614,43.26313053198524,4,True,0.0005141003548741574,-1.5380985164189167,-0.017016057965880037,0.0005141002583068234,-1.5380985163059238,-0.017016057951449032
0.5300000000000004,0.01832295564144105,4.018034967145295e-12,0.26050848005805566,-4.2328806322958296e-10,-0.05545069591553484,0.019338645160605187,43.263203871301585,4,True,0.0004843331785520754,-1.538327282224921,-0.0165067846003109,0.00048433308463959,-1.5383272821087652,-0.01650678458651264
0.5400000000000004,0.018508977171742,4.0374331528065005e-12,0.260511962825713,-4.2732196401560936e-10,-0.058791220660307335,0.018004427367246452,43.26330333979763,4,True,0.0004561508049828618,-1.5385499537529341,-0.016006176027210363,0.000456150713563828,-1.5385499536338094,-0.016006176014005308
0.5500000000000004,0.018681835606842355,4.0557977914420735e-12,0.2605151552741822,-4.31200280702273e-10,-0.06159327031084881,0.01670283819938966,43.26342352492956,4,True,0.0004294723451542729,-1.538766498133516,-0.015514506190306657,0.00042947225608089924,-1.5387664980114366,-0.015514506177655013
0.5600000000000004,0.01884185946561722,4.073149945102345e-12,0.2605180809784374,-4.3492349066885666e-10,-0.06390500150708074,0.015434263326058377,43.26355979521374,4,True,0.00040422021700937033,-1.5389769099345116,-0.015032001474031706,0.0004042201301532942,-1.5389769098096924,-0.015032001461894817
0.5700000000000004,0.018989380408306306,4.089512387751909e-12,0.260520761931643,-4.3849261163690104e-10,-0.06577088133589822,0.014198960470442053,43.263708214802456,4,True,0.0003803201384808981,-1.5391812082914598,-0.014558845089332514,0.0003803200537215718,-1.5391812081640193,-0.01455884507769728
0.5800000000000004,0.019124732032044154,4.1049064909423425e-12,0.26052321860741046,-4.4190847329396807e-10,-0.06723195111941901,0.012997072852636453,43.263865463075064,4,True,0.0003577010981069875,-1.5393794340635938,-0.01409518109577141,0.0003577010153285593,-1.539379433933622,-0.01409518108460106
0.5900000000000004,0.019248248794016837,4.119358315361294e-12,0.26052547002526216,-4.451730910947174e-10,-0.0683260722123261,0.011828641412871778,43.26402875999287,4,True,0.0003362953072266728,-1.5395716470861742,-0.013641118090689956,0.0003362952263196712,-1.5395716469538574,-0.013641118079961725
0.6000000000000004,0.01936026505065443,4.132900150061375e-12,0.2605275338184001,-4.482900701696698e-10,-0.06908815498327274,0.010693615923613958,43.264195797606746,4,True,0.0003160381371561985,-1.539757923566462,-0.013196732593295082,0.00031603805803008485,-1.5397579234318528,-0.01319673258298984
0.6100000000000004,0.019461114202298044,4.14555388762427e-12,0.2605294263029329,-4.5126070319174393e-10,-0.06955037208117996,0.009591865089130874,43.264364677778154,4,True,0.00029686804432491526,-1.5399383536528237,-0.012762072148932234,0.00029686796688561896,-1.5399383535160862,-0.01276207213902894
0.6200000000000004,0.0195511279337164,4.157344090837477e-12,0.260531162547783,-4.5408715286838785e-10,-0.06974235701793983,0.008523185722227496,43.26453385606914,4,True,0.0002787264858362856,-1.5401130391944973,-0.01233715817639889,0.00027872640999666805,-1.5401130390557318,-0.012337158166875223
0.6300000000000004,0.019630635541698978,4.168301766902228e-12,0.2605327564445778,-4.567731680381022e-10,-0.06969138903410896,0.007487311079796549,43.26470209151005,4,True,0.00026155782775723633,-1.5402820916987077,-0.011921988579228424,0.0002615577534433306,-1.5402820915579536,-0.011921988570068695
0.6400000000000005,0.019699963341728504,4.178450247409236e-12,0.2605342207769145,-4.5932081798552735e-10,-0.06942256515334547,0.006483918431518955,43.264868401952285,4,True,0.0002453092479124071,-1.5404456304848857,-0.011516540139930635,0.0002453091750441722,-1.5404456303423038,-0.011516540131115277
0.6500000000000005,0.01975943414644187,4.187817580040784e-12,0.2605355672884742,-4.6173350804272253e-10,-0.06895896027424701,0.005512635929413621,43.26503202465047,4,True,0.0002299306348486503,-1.540603781032142,-0.011120770714640536,0.0002299305633595284,-1.5406037808877815,-0.01112077070615558
0.6600000000000005,0.01980936680923184,4.196433149753082e-12,0.2605368067495439,-4.640150053666856e-10,-0.06832177609468199,0.004573048839908261,43.26519238159749,4,True,0.00021537448431037425,-1.54075667351001,-0.010734621244146553,0.00021537441413443887,-1.5407566733639895,-0.010734621235980665
0.6700000000000005,0.019850075826928177,4.204321817755751e-12,0.2605379490215844,-4.661681856283396e-10,-0.06753047961339588,0.0036647051946243846,43.26534904927327,4,True,0.0002015957943815138,-1.5409044414828148,-0.010358017595814308,0.00020159572545241873,-1.540904441335227,-0.010358017587945703
0.6800000000000005,0.019881870996030927,4.211515461312168e-12,0.260539003119556,-4.681976885162088e-10,-0.06660293190641267,0.0027871209110992283,43.265501732325134,4,True,0.0001885519602527643,-1.5410472207747077,-0.009990872249990703,0.00018855189252595057,-1.541047220625633,-0.009990872242416807
0.6900000000000005,0.01990505711745566,4.218030942340226e-12,0.2605399772717758,-4.701048102858261e-10,-0.06555550783135629,0.0019397844301353006,43.26565024083667,4,True,0.00017620266950628443,-1.5411851484833752,-0.009633085843174287,0.00017620260291413857,-1.5411851483328751,-0.009633085835871191
0.7000000000000005,0.0199199337451942,4.223894999215846e-12,0.2605408789771459,-4.718933396250131e-10,-0.06440320727111752,0.0011221609123561363,43.265794470752006,4,True,0.00016450979843742525,-1.5413183621280409,-0.009284548579255234,0.00016450973293407077,-1.5413183619762112,-0.00928454857222067
0.7100000000000005,0.019926794974699725,4.229133288222078e-12,0.2605417150596364,-4.735668390233058e-10,-0.06315975848908476,0.00033369603280493696,43.2659343871468,4,True,0.00015343731014342887,-1.5414469989209452,-0.008945141519491842,0.00015343724567853885,-1.5414469987678712,-0.008945141512708359
0.7200000000000005,0.019925929267173865,4.233772965537637e-12,0.26054249171995975,-4.751293713176648e-10,-0.06183771413133912,-0.00042618059099182765,43.266070009978584,4,True,0.00014295115470994976,-1.541571195148214,-0.008614737760652358,0.00014295109123911527,-1.541571194993925,-0.008614737754103471
0.7300000000000005,0.01991761930627088,4.237844891475503e-12,0.26054321458440555,-4.765859224902029e-10,-0.06044854037663418,-0.0011580523051747881,43.266201402034795,4,True,0.00013301917190224093,-1.541691085649173,-0.008293203510389664,0.00013301910939391863,-1.5416910854937007,-0.008293203504078438
0.7400000000000005,0.019902141884041148,4.241376497006447e-12,0.2605438887508438,-4.779407096247955e-10,-0.05900269970249125,-0.0018625126304170486,43.266328658791764,4,True,0.00012361099665124858,-1.541806803383093,-0.007980399067951359,0.0001236109350723174,-1.541806803226648,-0.007980399061877787
0.7500000000000006,0.019879767813216875,4.244380328953107e-12,0.260544518831927,-4.791947696960023e-10,-0.057509727705240404,-0.002540162750588409,43.26645189995713,4,True,0.00011469796752305465,-1.541918479073405,-0.007676179717862966,0.00011469790682594759,-1.5419184789158924,-0.00767617971200315
0.7600000000000006,0.01985076186319913,4.246872806395832e-12,0.26054510899554795,-4.803501824793916e-10,-0.05597830438319981,-0.0031916092546415338,43.26657126242629,4,True,0.00010625303833318916,-1.5420262409192167,-0.007380396543481668,0.000106252978470694,-1.5420262407607754,-0.0073803965378222295
0.7700000000000006,0.019815382717338948,4.24888152493713e-12,0.2605456630026263,-4.814116865433814e-10,-0.05441632026531729,-0.0038174621092876273,43.2666868945294,4,True,9.825069303442388e-05,-1.5421302143668516,-0.007092897166934777,9.825063398394236e-05,-1.5421302142074989,-0.007092897161476577
0.7800000000000006,0.019773882949318887,4.250427145580302e-12,0.2605461842423124,-4.823824326087411e-10,-0.052830937742379694,-0.004418332841974458,43.26679895130517,4,True,9.066686397247173e-05,-1.5422305219327126,-0.006813526421399309,9.066680569760503e-05,-1.5422305217725294,-0.006813526416131679
0.7900000000000006,0.019726509016636307,4.251533809517482e-12,0.26054667576470764,-4.83266459565038e-10,-0.05122864793426072,-0.004994832915462758,43.26690759070859,4,True,8.3478853459024e-05,-1.5423272830709933,-0.0065421269610114645,8.34787959323973e-05,-1.5423272829100276,-0.006542126955940025
0.8000000000000006,0.019673501269367524,4.2522182737945135e-12,0.2605471403112078,-4.840662675044892e-10,-0.049615323404486315,-0.005547572276916466,43.26701297061513,4,True,7.666525872521184e-05,-1.5424206140799959,-0.006278539813818423,7.666520192021103e-05,-1.5424206139182515,-0.006278539808920365
0.8100000000000006,0.019615093972554853,4.252502256181599e-12,0.26054758034258424,-4.847854676043239e-10,-0.0479962670126338,-0.0060771580659018856,43.267115246433335,4,True,7.020590026581653e-05,-1.5425106280410101,-0.006022604881923841,7.020584415287932e-05,-1.5425106278786234,-0.006022604877194694
0.8200000000000006,0.01955151534070672,4.252400180411123e-12,0.2605479980649166,-4.854261691341445e-10,-0.046376257175614465,-0.006584193467046042,43.267214569313296,4,True,6.408175342899374e-05,-1.5425974347858844,-0.005774161393646973,6.408169798219294e-05,-1.542597434622848,-0.005774161389088672
0.8300000000000006,0.019482987583037,4.2519290552742105e-12,0.2605483954534961,-4.859911501856944e-10,-0.04475958979062935,-0.007069276694331435,43.2673110848129,4,True,5.827488329972029e-05,-1.5426811408878005,-0.005533048311319969,5.827482848652768e-05,-1.5426811407241774,-0.00553304830691338
0.8400000000000006,0.01940972695819339,4.251114394330986e-12,0.2605487742748172,-4.864851671873475e-10,-0.043150117055535536,-0.007533000095133963,43.26740493190823,4,True,5.2768382725096265e-05,-1.5427618496722992,-0.005299104698381176,5.276832853493653e-05,-1.5427618495081032,-0.005299104694131662
0.8500000000000006,0.019331943837338033,4.249976009696451e-12,0.26054913610677327,-4.869116886009535e-10,-0.04155128340637072,-0.007975949363138727,43.267496242375444,4,True,4.754631347690701e-05,-1.5428396612444941,-0.005072170049354475,4.75462598926684e-05,-1.5428396610797606,-0.005072170045251322
0.8600000000000007,0.019249842774546933,4.2485286874672075e-12,0.2605494823571716,-4.872730818938437e-10,-0.03996615877683271,-0.008398702850204913,43.26758514038251,4,True,4.259365038939816e-05,-1.5429146725302376,-0.004852084585514271,4.259359738655342e-05,-1.5429146723650002,-0.004852084581560758
0.8700000000000007,0.01916362258358925,4.2467900413094975e-12,0.26054981428067764,-4.875724812941957e-10,-0.03839746937052359,-0.00880183096811024,43.267671742316715,4,True,3.789622837691535e-05,-1.5429869773282863,-0.004638689519351784,3.789617594021931e-05,-1.5429869771626517,-0.004638689515547799
0.8800000000000007,0.01907347642023385,4.244764870144292e-12,0.26055013299429647,-4.8781016288861e-10,-0.036847626123692016,-0.009185895671887908,43.26775615677212,4,True,3.3440692307818256e-05,-1.543056666371181,-0.0044318272902704485,3.344064040742542e-05,-1.5430566662051421,-0.004431827286588399
0.8900000000000007,0.018979591869309385,4.242467992325614e-12,0.2605504394914956,-4.879888079867113e-10,-0.035318751023984706,-0.009551450017184266,43.26783848466548,4,True,2.921444951763797e-05,-1.5431238273933434,-0.0042313417740300055,2.921439813411163e-05,-1.5431238272269192,-0.004231341770474152
0.9000000000000007,0.018882151035816298,4.239915618748944e-12,0.26055073465506595,-4.8811140385666e-10,-0.033812701439306724,-0.009899037784721341,43.26791881944216,4,True,2.5205624961043735e-05,-1.54318854520429,-0.00403707846817001,2.5205574077651617e-05,-1.5431885450375242,-0.004037078464740074
0.9100000000000007,0.018781330639454894,4.237119370611632e-12,0.26055101926881663,-4.881799312738475e-10,-0.032331092600206834,-0.010229193165544543,43.267997247385075,4,True,2.1403018804891755e-05,-1.5432509017660625,-0.00384888465542929,2.1402968403801335e-05,-1.543250901598978,-0.0038488846521163816
0.9200000000000007,0.018677302111993803,4.234099930738052e-12,0.26055129402819194,-4.881984905238266e-10,-0.030875318369254175,-0.010542440501282349,43.26807384794276,4,True,1.7796066400336178e-05,-1.5433109762731607,-0.003666609547011721,1.779601647622836e-05,-1.5433109761058434,-0.003666609543819878
0.9300000000000007,0.01857023169695816,4.2308701992833815e-12,0.2605515595498949,-4.881693561255173e-10,-0.029446570421577334,-0.010839294074144985,43.268148694129195,4,True,1.4374800560009884e-05,-1.5433688452347132,-0.003490104407610317,1.4374751100478361e-05,-1.543368845067097,-0.00349010440453853
0.9400000000000007,0.018460280551166882,4.2274343641304824e-12,0.26055181638059693,-4.880929215154622e-10,-0.028045855952047647,-0.011120257941846916,43.26822185291414,4,True,1.1129815928795744e-05,-1.5434245825567507,-0.003319222663468467,1.1129766906878143e-05,-1.543424582388909,-0.0033192226604996183
0.9500000000000007,0.018347604847694394,4.223805042155654e-12,0.26055206500480704,-4.879716030286043e-10,-0.026674014016513817,-0.011385825813052983,43.26829338565548,4,True,8.052235436077847e-06,-1.5434782596256242,-0.003153819995277341,8.052186842996031e-06,-1.5434782594575582,-0.0031538199924124365
0.9600000000000007,0.018232355879873936,4.219996033247267e-12,0.2605523058519712,-4.878080857996904e-10,-0.025331730606916607,-0.011636480959331539,43.26836334851757,4,True,5.1336787145225145e-06,-1.5435299453905573,-0.0029937544171490032,5.133630538538479e-06,-1.5435299452223559,-0.0029937544143908658
0.9700000000000008,0.01811468016599785,4.216011818499177e-12,0.2605525393028666,-4.876029251543154e-10,-0.024019552553102737,-0.011872696159949644,43.26843179287378,4,True,2.3662323703429253e-06,-1.5435797064455374,-0.0028388863426964265,2.366184590997558e-06,-1.5435797062772356,-0.0028388863400257798
0.9800000000000008,0.01799471955440498,4.21186670906502e-12,0.26055276569535135,-4.873590708552112e-10,-0.02273790033757987,-0.012094933676160569,43.2684987657306,4,True,-2.575780216685925e-07,-1.543627607109888,-0.00268907863976301,-2.576254125668728e-07,-1.543627606941376,-0.0026890786371915236
0.9900000000000008,0.017872611328677523,4.207573656762314e-12,0.2605529853295252,-4.870790455349498e-10,-0.02148707990333836,-0.01230364525192885,43.26856431011533,4,True,-2.7448142207822644e-06,-1.5436737095073227,-0.0025441966745096143,-2.744861230974878e-06,-1.5436737093386645,-0.0025441966720252144
1.0000000000000007,0.017748488312698204,4.203145884139343e-12,0.2605531984723545,-4.86765466304391e-10,-0.020267293529181343,-0.01249927213830751,43.26862846544317,4,True,-5.102150059466307e-06,-1.5437180736432938,-0.002404108345975795,-5.102196691588733e-06,-1.5437180734745726,-0.0024041083435902477
1.0099999999999996,0.01762247897534569,4.198584410928307e-12,0.2605534053618091,-4.864182104351193e-10,-0.019078649841687816,-0.01268224513892077,43.2686912678722,4,True,-7.335894690526818e-06,-1.5437607574804342,-0.00226868411199763,-7.335940964703149e-06,-1.5437607573116943,-0.0022686841097001613
1.0199999999999985,0.017494707534629977,4.193893172369394e-12,0.2605536062105555,-4.860379300940062e-10,-0.017921173028000843,-0.012852984674236737,43.26875275064398,4,True,-9.45201444030823e-06,-1.5438018170119876,-0.002137797007298236,-9.452060374609948e-06,-1.5438018168431564,-0.0021377970050708546
1.0299999999999974,0.01736529406109166,4.189087850618964e-12,0.2605538012092478,-4.856279763045985e-10,-0.016794811309028167,-0.013011900862515908,43.26881294438883,4,True,-1.1456153330846951e-05,-1.5438413063326073,-0.0020113226543921154,-1.1456198926936139e-05,-1.5438413061636875,-0.0020113226522440906
1.0399999999999963,0.017234354580309107,4.184179209922249e-12,0.2605539905294544,-4.851904621382028e-10,-0.015699444728365833,-0.013159393615507078,43.26887187742012,4,True,-1.3353652313622242e-05,-1.5438792777071986,-0.001889139268185764,-1.3353697574364879e-05,-1.5438792775383288,-0.0018891392661250443
1.0499999999999952,0.01710200117437583,4.179166174690197e-12,0.26055417432625444,-4.847249170991666e-10,-0.014634892308275341,-0.013295852747137165,43.268929575983,4,True,-1.5149567361654562e-05,-1.5439157816378675,-0.001771127654785872,-1.51496123053136e-05,-1.5439157814689415,-0.0017711276527901654
1.059999999999994,0.016968342082226976,4.174061084806916e-12,0.2605543527405367,-4.842339755917846e-10,-0.013600918620337432,-0.013421658093599315,43.26898606452259,4,True,-1.6848686447540542e-05,-1.5439508669276232,-0.0016571712049888371,-1.68487310824703e-05,-1.5439508667587802,-0.0016571712030665458
1.069999999999993,0.016833481798709173,4.168872255620377e-12,0.26055452590102934,-4.83719340362702e-10,-0.012597239814948823,-0.013537179643381938,43.26904136589664,4,True,-1.845554546050441e-05,-1.543984580742896,-0.0015471558832999878,-1.8455589789247126e-05,-1.543984580574032,-0.0015471558814512266
1.0799999999999919,0.016697521172301572,4.163604542555993e-12,0.2605546939260885,-4.831819117442393e-10,-0.01162352915064392,-0.013642777675918583,43.26909550157602,4,True,-1.9974443111918162e-05,-1.5440169686727299,-0.0014409702126089022,-1.9974487146335443e-05,-1.5440169685039065,-0.0014409702108249343
1.0899999999999908,0.016560557501408685,4.158259478533141e-12,0.2605548569252683,-4.826218848432211e-10,-0.010679422061236062,-0.013738802907658113,43.26914849182248,4,True,-2.1409454983723394e-05,-1.5440480747862693,-0.0013385052551884494,-2.140949873912905e-05,-1.5440480746176062,-0.0013385052534576655
1.0999999999999897,0.016422684629156862,4.152859943936684e-12,0.26055501500069644,-4.820443648611718e-10,-0.009764520795991076,-0.013825596644458238,43.26920035587996,4,True,-2.2764446643983013e-05,-1.5440779416886838,-0.0012396545903828888,-2.276449010223997e-05,-1.5440779415200283,-0.0012396545887445188
1.1099999999999886,0.016283993036636652,4.147394222524952e-12,0.26055516824827385,-4.814464305629634e-10,-0.00887839866549924,-0.013903490939322645,43.26925111207978,4,True,-2.4043085952148837e-05,-1.544106610572802,-0.0011443142893967889,-2.4043129142265468e-05,-1.5441066104042354,-0.001144314287807619
1.1199999999999875,0.016144569934542767,4.14186451995392e-12,0.26055531675871846,-4.808285856328634e-10,-0.008020603923482115,-0.01397280875456452,43.26930077800956,4,True,-2.5248854635075392e-05,-1.5441341212719804,-0.0010523828873649623,-2.5248897569886752e-05,-1.5441341211034765,-0.0010523828858284158
1.1299999999999863,0.016004499353171782,4.136284727062908e-12,0.26055546061846885,-4.801939389146156e-10,-0.007190663312606209,-0.01403386412760547,43.269349370624106,4,True,-2.6385059109478836e-05,-1.5441605123077058,-0.000963761353239599,-2.6385101785701526e-05,-1.544160512139261,-0.0009637613517572565
1.1399999999999852,0.01586386223074539,4.130659553240904e-12,0.2605555999104632,-4.795434054125406e-10,-0.006388085300244535,-0.014086962339654684,43.269396906322896,4,True,-2.7454840620734312e-05,-1.544185820937152,-0.0008783530575629249,-2.7454883047921076e-05,-1.544185820768789,-0.0008783530561328961
1.1499999999999841,0.015722736500034144,4.124999850506889e-12,0.26055573471480675,-4.788793209367259e-10,-0.005612363028266592,-0.01413240008661136,43.269443401078895,4,True,-2.846118478718205e-05,-1.5442100831985068,-0.0007960637387038929,-2.8461226960216104e-05,-1.5442100830303371,-0.000796063737339256
1.159999999999983,0.015581197173262793,4.119297362682805e-12,0.2605558651093426,-4.781997595879198e-10,-0.004862976999135108,-0.014170465651585844,43.26948887048073,4,True,-2.9406930469256595e-05,-1.5442333339541363,-0.0007168014673438855,-2.940697240783144e-05,-1.5442333337860743,-0.0007168014660195392
1.169999999999982,0.015439316425284054,4.113563069977815e-12,0.2605559911701331,-4.775071903158009e-10,-0.004139397518937239,-0.014201439078500055,43.26953332982062,4,True,-3.029477821435994e-05,-1.5442556069320128,-0.0006404766098928315,-3.029481991686768e-05,-1.544255606764081,-0.0006404766086189347
1.1799999999999808,0.015297163675012772,4.1078009245935195e-12,0.2605561129718657,-4.768024143893568e-10,-0.003441086916451729,-0.014225592346272862,43.269576794152094,4,True,-3.112729803438343e-05,-1.5442769347661593,-0.0005670017907160006,-3.112733950840055e-05,-1.5442769345983853,-0.0005670017894848647
1.1899999999999797,0.015154805665117036,4.1020185235717655e-12,0.2605562305881901,-4.760871370898408e-10,-0.0027675015559232513,-0.014243189543160494,43.26961927833397,4,True,-3.190693679092909e-05,-1.544297349034586,-0.0004962918535049519,-3.190697803555012e-05,-1.5442973488669725,-0.0004962918523350673
1.1999999999999786,0.015012306539966934,4.096214886463327e-12,0.26055634409199646,-4.753610676709646e-10,-0.0021180936599041575,-0.01425448704085074,43.26966079707546,4,True,-3.2636025080739166e-05,-1.544316880296267,-0.00042826382194142986,-3.263606610734855e-05,-1.5443168801288003,-0.0004282638208089406
1.2099999999999775,0.014869727921845353,4.090391600895996e-12,0.26055645355564044,-4.746245586009453e-10,-0.0014923129572955987,-0.014259733667961782,43.26970136496668,4,True,-3.331678370883088e-05,-1.5443355581264697,-0.0003628368597020173,-3.331682452431458e-05,-1.5443355579591722,-0.00036283685860714627
1.2199999999999764,0.014727128985428583,4.08455760448578e-12,0.26055655905112357,-4.738796303350837e-10,-0.0008896081705871831,-0.0142591708826322,43.26974099651568,4,True,-3.3951329757165666e-05,-1.5443534111507098,-0.00029993223011813786,-3.3951370355144556e-05,-1.5443534109835872,-0.0002999322290773821
1.2299999999999753,0.014584566530547313,4.0787062021026195e-12,0.26055666065023314,-4.731247089527764e-10,-0.00030942835524102246,-0.0142530329439204,43.269779706158914,4,True,-3.454168224329741e-05,-1.5443704670771532,-0.00023947325549956693,-3.4541722648160896e-05,-1.5443704669102343,-0.00023947325448978114
1.2399999999999742,0.014442095053241373,4.072842231971753e-12,0.2605567584246482,-4.723609805220375e-10,0.00024877589681539795,-0.014241547081763823,43.26981750829487,4,True,-3.508976751410505e-05,-1.5443867527281856,-0.0001813852761815146,-3.508980772643427e-05,-1.5443867525614452,-0.00018138527520838378
1.2499999999999731,0.014299766815123835,4.066974857333688e-12,0.2605568524460156,-4.715905184230025e-10,0.0007855513785181125,-0.014224933665281133,43.269854417281046,4,True,-3.559742420437576e-05,-1.5444022940703275,-0.00012559560956086225,-3.5597464222663895e-05,-1.5444022939037565,-0.00012559560862920944
1.259999999999972,0.014157631911072135,4.061105063760863e-12,0.26055694278600106,-4.708134932261326e-10,0.001301441303593724,-0.014203406369221228,43.269890447452916,4,True,-3.606640795274932e-05,-1.5444171162430573,-7.203350911686052e-05,-3.606644778367214e-05,-1.5444171160766498,-7.203350821415813e-05
1.269999999999971,0.014015738335265678,4.0552458255452515e-12,0.2605570295163178,-4.700328668059019e-10,0.0017969844476360749,-0.01417717233838944,43.26992561313237,4,True,-3.649839582972706e-05,-1.5444312435867997,-2.0630123434445157e-05,-3.6498435464650764e-05,-1.544431243420578,-2.0630122576804268e-05
1.2799999999999698,0.01387413204559103,4.049392361752388e-12,0.2605571127087377,-4.692474597434144e-10,0.002272714385600825,-0.014146432349904484,43.269959928624274,4,True,-3.6894990440525835e-05,-1.5444446996693464,2.8681544551872486e-05,-3.689502989096422e-05,-1.5444446995034005,2.8681545371964744e-05
1.2899999999999687,0.013732857026437065,4.043540280487445e-12,0.26055719243508685,-4.68456349460964e-10,0.0027291588176659694,-0.014111380973155254,43.26999340822007,4,True,-3.725772385784873e-05,-1.544457507311832,7.596667810460255e-05,-3.7257763138091144e-05,-1.5444575071461093,7.596667889871797e-05
1.2999999999999676,0.013591955349903729,4.037693732617194e-12,0.26055726876722757,-4.676605483908071e-10,0.0031668389760064596,-0.014072206727349532,43.27002606620627,4,True,-3.75880612698397e-05,-1.5444696886132712,0.00012128868701885382,-3.758810038072361e-05,-1.544469688447696,0.00012128868778568941
1.3099999999999665,0.013451467235448987,4.03185975904427e-12,0.2605573417770314,-4.668616715714237e-10,0.003586269105618404,-0.014029092236560318,43.27005791684159,4,True,-3.788740440020333e-05,-1.5444812649741755,0.00016470924752631888,-3.78874433368546e-05,-1.544481264808841,0.00016470924825570592
1.3199999999999654,0.013311431107999466,4.02603541830171e-12,0.2605574115363421,-4.66059030415906e-10,0.003987956012849101,-0.013982214382188296,43.27008897437154,4,True,-3.8157094726101075e-05,-1.544492257119861,0.0002062883418610908,-3.815713350264132e-05,-1.5444922569547435,0.00020628834256960975
1.3299999999999643,0.013171883654550978,4.020227652342434e-12,0.2605574781169333,-4.6525425755369505e-10,0.004372398675783337,-0.013931744452780745,43.27011925301377,4,True,-3.839841655343924e-05,-1.5445026851219967,0.00024608429748694007,-3.839845516662258e-05,-1.5445026849571228,0.00024608429816077714
1.3399999999999632,0.013032859879285675,4.014439586899471e-12,0.26055754159046024,-4.644480901938546e-10,0.0047400879110964245,-0.013877848291146046,43.270148766955124,4,True,-3.861259984460578e-05,-1.5445125684201406,0.0002841538257101012,-3.8612638294109396e-05,-1.54451256825545,0.00028415382635342816
1.3499999999999621,0.012894393157233083,4.0086718453820154e-12,0.2605576020284077,-4.636406399716448e-10,0.0050915060923938105,-0.01382068643872964,43.270177530339645,4,True,-3.880082289868281e-05,-1.5445219258419607,0.0003205520599383092,-3.880086119024316e-05,-1.5445219256775546,0.0003205520605593328
1.359999999999961,0.01275651528650264,4.002922232392007e-12,0.26055765950203574,-4.6283147249729247e-10,0.0054271269154530025,-0.01376041427721396,43.270205557275624,4,True,-3.896421490459011e-05,-1.5445307756231559,0.0003553325933354567,-3.896425304493863e-05,-1.544530775458967,0.0003553325939301021
1.36999999999996,0.012619256539115607,3.9971947603384856e-12,0.2605577140823237,-4.6202152727221256e-10,0.005747415206148291,-0.013697182167320502,43.270232861797915,4,True,-3.91038583049181e-05,-1.5445391354262827,0.00038854751599430614,-3.910389629904065e-05,-1.5445391352622788,0.0003885475165652858
1.3799999999999588,0.012482645710464372,3.991493165199103e-12,0.26055776583991314,-4.612116996434275e-10,0.006052826767155459,-0.013631135584804468,43.27025945789677,4,True,-3.922079105487375e-05,-1.544547022358889,0.000420247451497673,-3.9220828901265355e-05,-1.544547022195077,0.00042024745204561405
1.3899999999999577,0.012346710167427341,3.985820002758697e-12,0.26055781484505114,-4.6040256859265337e-10,0.006343808259866045,-0.013562415253625329,43.270285359476134,4,True,-3.931600872264415e-05,-1.5445544529915076,0.00045048159288800483,-3.931604641722663e-05,-1.5445544528279609,0.000450481593411367
1.3999999999999566,0.012211475895167637,3.9801708267966965e-12,0.2605578611675338,-4.595931372156067e-10,0.006620797118201484,-0.013491157276302939,43.27031058036999,4,True,-3.9390466482650455e-05,-1.5445614433743784,0.00047929773812492376,-3.9390504040363145e-05,-1.5445614432111046,0.00047929773862720037
1.4099999999999555,0.012076967542643702,3.974542665061862e-12,0.2605579048766513,-4.5878286264273474e-10,0.006884221491300094,-0.013417493261456411,43.27033513432279,4,True,-3.944508101292671e-05,-1.5445680090542142,0.0005067423247848564,-3.9445118437264756e-05,-1.544568008891196,0.0005067423252632575
1.4199999999999544,0.011943208466859926,3.9689466713760705e-12,0.2605579460411339,-4.5797436111213834e-10,0.0071345002122795735,-0.013341550448542865,43.270359034977155,4,True,-3.9480732263077534e-05,-1.5445741650897502,0.0005328604643222275,-3.9480769551078455e-05,-1.5445741649269182,0.0005328604647751547
1.4299999999999533,0.011810220775885262,3.9633807254430255e-12,0.2605579847291008,-4.571671087383352e-10,0.007372042790510243,-0.01326345182980787,43.27038229585927,4,True,-3.94982651110792e-05,-1.5445799260668869,0.0005576959755333061,-3.9498302266995566e-05,-1.544579925904292,0.0005576959759603573
1.4399999999999522,0.011678025370667545,3.957845794805994e-12,0.26055802100801,-4.563613989942366e-10,0.007597249425044298,-0.013183316269468302,43.27040493042374,4,True,-3.9498490982573995e-05,-1.5445853061141643,0.0005812914174465582,-3.949852801410147e-05,-1.5445853059518144,0.0005812914178659263
1.449999999999951,0.011546641985671138,3.9523434572414804e-12,0.2605580549446115,-4.5555762510797757e-10,0.007810511037028922,-0.013101258620151735,43.27042695195968,4,True,-3.948218931078203e-05,-1.5445903189162449,0.0006036881217039198,-3.948222621674935e-05,-1.5445903187541554,0.0006036881221067491
1.45999999999995,0.011416089228365076,3.946872059655524e-12,0.2605580866049025,-4.5475544309647333e-10,0.008012209319116444,-0.013017389836621665,43.27044837364711,4,True,-3.945010898076003e-05,-1.5445949777281276,0.0006249262240448041,-3.945014576181447e-05,-1.5445949775663719,0.0006249262244228836
1.469999999999949,0.011286384617588827,3.941434379883449e-12,0.26055811605408585,-4.53955564750676e-10,0.00820271680005691,-0.012931817086811691,43.270469208532816,4,True,-3.940296964701672e-05,-1.5445992953885979,0.0006450446953101399,-3.940300630669559e-05,-1.5445992952269993,0.0006450446956743828
1.4799999999999478,0.011157544620822316,3.936038906531685e-12,0.2605581433565307,-4.5315992744766015e-10,0.00838239692278117,-0.012844643860210687,43.27048946952125,4,True,-3.934146302422126e-05,-1.5446032843325104,0.0006640813719196748,-3.934149955062968e-05,-1.5446032841712176,0.0006640813722490611
1.4899999999999467,0.011029584690386498,3.930671050430512e-12,0.2605581685757363,-4.5236522711091073e-10,0.008551604134461366,-0.012755970073625458,43.27050916937124,4,True,-3.9266254037885224e-05,-1.5446069566041754,0.0006820729853373705,-3.9266290455939777e-05,-1.5446069564430815,0.0006820729856705814
1.4999999999999456,0.010902519298600574,3.9253316382239655e-12,0.2605581917742988,-4.5157180446851195e-10,0.008710683987128086,-0.012665892174365439,43.2705283206799,4,True,-3.9177982033909806e-05,-1.5446103238682816,0.0006990551914229189,-3.917801835057411e-05,-1.5446103237074358,0.0006990551917531791
1.5099999999999445,0.010776361971921371,3.920037213497344e-12,0.26055821301388044,-4.507835006009042e-10,0.008859973247571172,-0.012574503240879097,43.2705469359046,4,True,-3.907726181796395e-05,-1.5446133974224951,0.000715062598599688,-3.907729800971656e-05,-1.5446133972618543,0.0007150625988978184
1.5199999999999434,0.010651125324090164,3.914782367021898e-12,0.26055823235518216,-4.4999897015719245e-10,0.008999800015345118,-0.012481893080889928,43.27056502732395,4,True,-3.8964684655197555e-05,-1.5446161882082112,0.0007301287958329795,-3.8964720732794086e-05,-1.5446161880478575,0.0007301287961141496
1.5299999999999423,0.010526821088311687,3.909564487502333e-12,0.26055824985791853,-4.4921772911459817e-10,0.00913048384779883,-0.012388148327071207,43.27058260705035,4,True,-3.884081927836661e-05,-1.5446187068215862,0.0007442863797325132,-3.884085525125664e-05,-1.5446187066614447,0.0007442863800018871
1.5399999999999412,0.010403460148489793,3.904383246185597e-12,0.26055826558079564,-4.4843978364271043e-10,0.00925233589116049,-0.012293352530296679,43.2705996870382,4,True,-3.870621280159032e-05,-1.544620963524178,0.0007575669811555101,-3.8706248669969116e-05,-1.544620963364271,0.0007575669814182665
1.54999999999994,0.010281052569543652,3.89923630485553e-12,0.26055827958149147,-4.4766466984303736e-10,0.00936565901677459,-0.012197586250520094,43.27061627905678,4,True,-3.856139159208466e-05,-1.544622968252893,0.0007700012911713373,-3.8561427359420366e-05,-1.5446229680931929,0.0007700012914279394
1.559999999999939,0.010159607626828101,3.894140281617809e-12,0.26055829191663915,-4.468961560337489e-10,0.00947074796167945,-0.01210092714531489,43.270632394689905,4,True,-3.8406862107540735e-05,-1.5446247306301928,0.0007816190863722986,-3.840689776096713e-05,-1.5446247304707779,0.0007816190865994255
1.569999999999938,0.010039133834681132,3.889077534466616e-12,0.26055830264181234,-4.461302431750477e-10,0.009567889472786511,-0.012003450056130386,43.2706480453686,4,True,-3.824311167392123e-05,-1.5446262599734282,0.0007924492536824638,-3.824314722848974e-05,-1.5446262598143201,0.0007924492539008273
1.5799999999999368,0.009919638974121282,3.884049250470341e-12,0.26055831181151345,-4.4536737977332433e-10,0.009657362453978567,-0.0119052270923014,43.27066324231413,4,True,-3.807060925924702e-05,-1.5446275653040937,0.0008025198145495041,-3.807064472390612e-05,-1.544627565145155,0.0008025198147659083
1.5899999999999357,0.009801130119717017,3.87906147820094e-12,0.2605583194791635,-4.4460897128029634e-10,0.009739438115517888,-0.011806327712856451,43.27067799657173,4,True,-3.788980619595731e-05,-1.5446286553568749,0.0008118579484936739,-3.7889841560445235e-05,-1.544628655198201,0.0008118579486981393
1.5999999999999346,0.009683613665649939,3.874116719526619e-12,0.2605583256970947,-4.438556194029201e-10,0.0098143801252138,-0.01170681880617308,43.27069231900319,4,True,-3.770113684112194e-05,-1.544629538588477,0.0008204900161533298,-3.7701172102568156e-05,-1.5446295384300421,0.0008204900163372503
1.6099999999999335,0.009567095350993066,3.869208261151525e-12,0.260558330516545,-4.431058022557919e-10,0.009882444760840738,-0.011606764767522471,43.270706220282506,4,True,-3.750501923718987e-05,-1.5446302231857352,0.0008284415817722907,-3.7505054412299984e-05,-1.5446302230275701,0.0008284415819464513
1.6199999999999324,0.009451580284225096,3.864338125430823e-12,0.2605583339876547,-4.4236010082812287e-10,0.009943881063351426,-0.011506227574548203,43.27071971088613,4,True,-3.730185575735913e-05,-1.5446307170739921,0.0008357374351471905,-3.7301890845096964e-05,-1.5446307169160514,0.0008357374353192274
1.6299999999999313,0.009337072967000998,3.859512388241073e-12,0.26055833615946467,-4.4161991736257657e-10,0.009998930990478683,-0.011405266860725275,43.2707328011101,4,True,-3.7092033681770714e-05,-1.544631027924895,0.0008424016129715343,-3.709206867764551e-05,-1.544631027767198,0.0008424016131327309
1.6399999999999302,0.009223577317198932,3.854731807827433e-12,0.2605583370799162,-4.408854629083082e-10,0.010047829570352926,-0.011303939986841073,43.27074550105895,4,True,-3.687592575857393e-05,-1.544631163164148,0.0008484574196775697,-3.687596066351235e-05,-1.5446311630066425,0.0008484574198316656
1.649999999999929,0.009111096691263048,3.849997604363455e-12,0.2605583367958531,-4.401570269247516e-10,0.010090805054802377,-0.011202302110546151,43.270757820642714,4,True,-3.6653890763900835e-05,-1.5446311299787043,0.0008539274478392263,-3.665392557980013e-05,-1.5446311298214597,0.0008539274479769681
1.659999999999928,0.008999633905861152,3.845306442812801e-12,0.260558335353025,-4.394339048588665e-10,0.010128079072043392,-0.011100406254013529,43.27076976958689,4,True,-3.642627400673716e-05,-1.5446309353243177,0.0008588335978960776,-3.6426308732372614e-05,-1.5446309351673309,0.0008588335980199694
1.6699999999999269,0.00888919125887601,3.840655583004077e-12,0.26055833279609186,-4.387155316618989e-10,0.010159866778484532,-0.010998303369755328,43.270781357420226,4,True,-3.6193407827156334e-05,-1.544630585932249,0.0008631970975546108,-3.6193442468963335e-05,-1.5446305857754943,0.0008631970976711616
1.6799999999999258,0.008779770549748411,3.836040665967123e-12,0.2605583291686303,-4.3800099284793017e-10,0.010186377009416436,-0.010896042404634437,43.27079259348872,4,True,-3.5955612084018456e-05,-1.5446300883160644,0.0008670385205790532,-3.5955646652763784e-05,-1.5446300881594865,0.0008670385206932105
1.6899999999999247,0.008671373099189847,3.831468737641868e-12,0.2605583245131411,-4.3729199209702705e-10,0.010207812428369272,-0.01079367036211717,43.270803486946306,4,True,-3.5713194603459095e-05,-1.5446294487781045,0.0008703778051606903,-3.5713229088453274e-05,-1.5446294486218095,0.0008703778052691131
1.6999999999999236,0.008563999768282132,3.826940825026222e-12,0.26055831887105735,-4.365887337193336e-10,0.01022436967495368,-0.010691232362806192,43.2708140467597,4,True,-3.546645159723162e-05,-1.544628673416174,0.0008732342717746355,-3.5466486005775665e-05,-1.5446286732600785,0.0008732342718792237
1.7099999999999225,0.008457650976980964,3.822456103954761e-12,0.26055831228275406,-4.358910807303419e-10,0.010236239511022744,-0.010588771703296038,43.27082428171452,4,True,-3.521566811185399e-05,-1.5446277681293334,0.0008756266405891803,-3.521570244216819e-05,-1.544627767973449,0.0008756266406823094
1.7199999999999214,0.008352326722039996,3.818014787279808e-12,0.2605583047875592,-4.3519914598962226e-10,0.010243606965007807,-0.010486329913392213,43.27083420040356,4,True,-3.4961118402725415e-05,-1.5446267386239902,0.0008775730484762088,-3.4961152652263734e-05,-1.5446267384683359,0.0008775730485592353
1.7299999999999203,0.008248026594371485,3.813615460696985e-12,0.2605582964237647,-4.345126382486995e-10,0.01024665147429879,-0.010383946811731229,43.270843811239374,4,True,-3.47030663211386e-05,-1.5446255904198047,0.0008790910654829146,-3.47031004949918e-05,-1.5446255902644317,0.0008790910655621507
1.7399999999999192,0.008144749795859359,3.809255860458452e-12,0.26055828722863905,-4.338311075883999e-10,0.010245547025566532,-0.010281660559845487,43.27085312245211,4,True,-3.44417657028089e-05,-1.544624328855124,0.0008801977109629103,-3.444179980678256e-05,-1.5446243286999826,0.000880197711034452
1.749999999999918,0.008042495155640055,3.8049378034944904e-12,0.2605582772384399,-4.3315504830919103e-10,0.010240462292930805,-0.010179507714705069,43.27086214209932,4,True,-3.417746070260192e-05,-1.5446229590927243,0.0008809094692075471,-3.417749473736336e-05,-1.544622958937779,0.0008809094692750408
1.759999999999917,0.007941261145866067,3.800664705628459e-12,0.2605582664884281,-4.324852599962778e-10,0.010231560773897218,-0.010077523279782119,43.270870878047056,4,True,-3.391038614874981e-05,-1.5446214861246794,0.0008812423047331442,-3.391042010969476e-05,-1.544621485969942,0.0008812423047937736
1.7699999999999159,0.007841045896966872,3.796436744611624e-12,0.26055825501288227,-4.3182180329080227e-10,0.01021900092298927,-0.009975740754666805,43.270879337997435,4,True,-3.364076783987576e-05,-1.5446199147779316,0.0008812116771323627,-3.364080173157369e-05,-1.5446199146233952,0.0008812116771853103
1.7799999999999148,0.00774184721242143,3.792252852030016e-12,0.2605582428451129,-4.3116446778816536e-10,0.010202936283023344,-0.009874192183279182,43.270887529469995,4,True,-3.3368822907502594e-05,-1.5446182497188272,0.0008808325555291269,-3.336885672600463e-05,-1.5446182495645133,0.0008808325555737267
1.7899999999999137,0.007643662583056164,3.7881118808464936e-12,0.2605582300174784,-4.3051303175252337e-10,0.010183515613993659,-0.009772908200706776,43.27089545981762,4,True,-3.309476007395978e-05,-1.544616495458383,0.0008801194326241002,-3.3094793824483203e-05,-1.5446164953042707,0.000880119432669478
1.7999999999999126,0.007546489200881942,3.784014674929149e-12,0.2605582165614004,-4.29867736584453e-10,0.010160883019514011,-0.009671918078705677,43.2709031362181,4,True,-3.2818779959358977e-05,-1.5446146563566825,0.0008790863384506481,-3.281881364246422e-05,-1.544614656202777,0.000879086338489525
1.8099999999999115,0.0074503239724832285,3.779958391454865e-12,0.26055820250737965,-4.2922796030832505e-10,0.010135178070802943,-0.009571249769901013,43.27091056569479,4,True,-3.254107538378843e-05,-1.5446127366274907,0.0008777468536620379,-3.254110900158654e-05,-1.544612736473844,0.0008777468536948315
1.8199999999999104,0.0073551635319722575,3.775945663779243e-12,0.2605581878850131,-4.2859439487350485e-10,0.010106535928193943,-0.009470929950714498,43.270917755088064,4,True,-3.226183159161779e-05,-1.5446107403428104,0.0008761141225283546,-3.226186514004647e-05,-1.544610740189365,0.0008761141225537415
1.8299999999999093,0.0072610042535207146,3.771971739686249e-12,0.26055817272300985,-4.2796599412142135e-10,0.01007508746014985,-0.009370984063063291,43.27092471109682,4,True,-3.1981226549485976e-05,-1.5446086714369016,0.0008742008655386022,-3.198126003558767e-05,-1.544608671283665,0.0008742008655618423
1.8399999999999082,0.0071678422634811325,3.768036412364945e-12,0.26055815704920826,-4.27342775285624e-10,0.010040959359789903,-0.009271436354847175,43.27093144023678,4,True,-3.169943116982922e-05,-1.5446065337106554,0.000872019391713152,-3.169946459965833e-05,-1.5446065335576176,0.0008720193917385938
1.849999999999907,0.007075673452109827,3.764137668286112e-12,0.26055814089059326,-4.267243229434981e-10,0.010004274258920892,-0.009172309919271192,43.27093794888755,4,True,-3.141660957519521e-05,-1.5446043308354938,0.0008695816105439782,-3.1416642953985936e-05,-1.544604330682631,0.0008695816105690645
1.859999999999906,0.00698449348490295,3.76028702032873e-12,0.2605581242733129,-4.261133242221118e-10,0.00996515083958492,-0.00907362673302217,43.27094424326498,4,True,-3.1132919331674006e-05,-1.5446020663574571,0.0008668990436039916,-3.1132952638600125e-05,-1.5446020662048021,0.0008668990436162184
1.8699999999999048,0.006894297813556879,3.756475834685553e-12,0.26055810722269585,-4.2550777100379686e-10,0.009923703943134441,-0.008975407693338058,43.27095032943399,4,True,-3.084851161795789e-05,-1.5445997437008154,0.0008639828358688444,-3.084854486878598e-05,-1.544599743548426,0.0008639828358829516
1.8799999999999037,0.006805081686563911,3.752705501655575e-12,0.2605580897632689,-4.249080848305015e-10,0.00988004467684195,-0.008877672653995217,43.27095621331249,4,True,-3.0563531529260925e-05,-1.5445973661718049,0.0008608437667626058,-3.056356472297975e-05,-1.5445973660195607,0.000860843766774931
1.8899999999999026,0.00671684015945387,3.748977625332715e-12,0.2605580719187741,-4.243146235616947e-10,0.009834280518076622,-0.008780440460242225,43.27096190066781,4,True,-3.0278118213369927e-05,-1.5445949369622824,0.0008574922607702879,-3.02781513484281e-05,-1.5445949368102578,0.0008574922607706314
1.8999999999999015,0.00662956810469205,3.745285472519401e-12,0.2605580537121861,-4.2372593574067766e-10,0.009786515416058399,-0.008683728982710975,43.27096739712051,4,True,-2.999240510169796e-05,-1.5445924591530729,0.0008539383979134959,-2.9992438188987702e-05,-1.544592459001257,0.0008539383979198199
1.9099999999999004,0.006543260221243539,3.741639398883057e-12,0.26055803516572923,-4.231444482713886e-10,0.009736849891221231,-0.008587555150331034,43.27097270816118,4,True,-2.9706520123873604e-05,-1.5445899357175619,0.0008501919238731401,-2.9706553145376345e-05,-1.5445899355659192,0.0008501919238658755
1.9199999999998993,0.006457911043813752,3.738031457397406e-12,0.26055801630089487,-4.2256832577876987e-10,0.009685381132212935,-0.008491934982274803,43.270977839135305,4,True,-2.9420585831868906e-05,-1.5445873695247063,0.0008462622597629473,-2.942061880222311e-05,-1.5445873693732688,0.0008462622597564521
1.9299999999998982,0.006373514951774742,3.734460802047317e-12,0.2605579971384583,-4.219974429519323e-10,0.009632203090559384,-0.008396883618958004,43.27098279525363,4,True,-2.9134719653186265e-05,-1.5445847633424403,0.000842158511802662,-2.9134752577356057e-05,-1.5445847631912133,0.0008421585118030635
1.9399999999998971,0.006290066177786539,3.7309316162949155e-12,0.2605579776984961,-4.2143281473653624e-10,0.009577406573025603,-0.008302415352124571,43.270987581596785,4,True,-2.884903402789303e-05,-1.5445821198405976,0.0008378894805566693,-2.884906689650364e-05,-1.5445821196895608,0.0008378894805442231
1.949999999999896,0.006207558816122614,3.727440390666797e-12,0.260557958000403,-4.208736711148076e-10,0.009521079331708046,-0.008208543654036449,43.27099220310438,4,True,-2.8563636567499722e-05,-1.5445794415939462,0.0008334636699966559,-2.8563669386827815e-05,-1.5445794414430543,0.0008334636699907735
1.959999999999895,0.006125986830708196,3.723991673758571e-12,0.2605579380629081,-4.203210755892986e-10,0.009463306151892035,-0.0081152812057972,43.270996664599494,4,True,-2.8278630257827386e-05,-1.544576731085112,0.0008288892963277135,-2.8278663023706805e-05,-1.544576730934429,0.0008288892963132572
1.9699999999998938,0.00604534406288005,3.720583009118484e-12,0.26055791790409183,-4.1977447036556544e-10,0.0094041689377119,-0.008022639924830459,43.27100097077922,4,True,-2.7994113569109073e-05,-1.5445739907074698,0.0008241742965001813,-2.799414628657919e-05,-1.5445739905569886,0.0008241742964849508
1.9799999999998927,0.005965624238875997,3.717216380567516e-12,0.26055789754140224,-4.192343591937488e-10,0.009343746795653338,-0.007930630991535478,43.27100512621786,4,True,-2.771018065541203e-05,-1.5445712227678448,0.0008193263365657684,-2.7710213315227746e-05,-1.5445712226175718,0.0008193263365347112
1.9899999999998916,0.0058868209770622775,3.713880766120957e-12,0.26055787699167127,-4.186982993012578e-10,0.009282116115928413,-0.007839264875146912,43.27100913536057,4,True,-2.7426921450641092e-05,-1.5445684294890614,0.0008143528197365608,-2.7426954070041003e-05,-1.54456842933895,0.0008143528197101887
1.9999999999998905,0.0058089277949066225,3.710583615330343e-12,0.2605578562711304,-4.181680443111747e-10,0.009219350651772052,-0.00774855135881623,43.271013002550085,4,True,-2.7144421875577054e-05,-1.5445656130126435,0.0008092608942582535,-2.714445444644645e-05,-1.5445656128627108,0.0008092608942401942
2.0099999999998897,0.005731938115704677,3.707320969148398e-12,0.26055783539542676,-4.176427065379696e-10,0.009155521596689394,-0.0076584995639377524,43.2710167320039,4,True,-2.6862763907751127e-05,-1.5445627754013023,0.0008040574610626144,-2.6862796439526686e-05,-1.5445627752515172,0.000804057461047488
2.0199999999998886,0.005655845275067216,3.704100869977696e-12,0.2605578143796385,-4.171241624841147e-10,0.009090697659703927,-0.007569117973741247,43.27102032782975,4,True,-2.6582025773382215e-05,-1.5445599186414152,0.0007987491811550729,-2.6582058252658645e-05,-1.5445599184917964,0.0007987491811308124
2.0299999999998875,0.005580642527175367,3.700924733931928e-12,0.26055779323829026,-4.166126963890241e-10,0.009024945138634999,-0.007480414456171291,43.271023794029844,4,True,-2.6302282031254487e-05,-1.544557044645154,0.0007933424828611408,-2.630231445640646e-05,-1.544557044495737,0.0007933424828202334
2.0399999999998863,0.005506323050810892,3.697779944632168e-12,0.26055777198536795,-4.1610549474739203e-10,0.00895832799145716,-0.0073923962860711935,43.27102713449455,4,True,-2.6023603712878694e-05,-1.5445541552532691,0.0007878435688148541,-2.602363610060802e-05,-1.5445541551040503,0.0007878435687826659
2.0499999999998852,0.005432879955168335,3.694671253040158e-12,0.26055775063433356,-4.156037420898392e-10,0.008890907905770924,-0.007305070166694981,43.27103035301366,4,True,-2.574605846865184e-05,-1.5445512522366862,0.0007822584228431899,-2.5746090814478486e-05,-1.5445512520876463,0.0007822584228107866
2.059999999999884,0.005360306285455682,3.6915951679994224e-12,0.26055772919814,-4.151066680591272e-10,0.008822744366426459,-0.007218442250561662,43.27103345327215,4,True,-2.5469710644835207e-05,-1.5445483372992006,0.0007765928164905866,-2.546974295106679e-05,-1.5445483371503432,0.0007765928164569252
2.069999999999883,0.005288595028289996,3.688557287964756e-12,0.26055770768924535,-4.146155812068105e-10,0.008753894721354143,-0.00713251815967217,43.271036438853855,4,True,-2.519462142346122e-05,-1.5445454120793902,0.000770852315518521,-2.5194653686699957e-05,-1.5445454119306368,0.0007708523154887999
2.079999999999882,0.0052177391168943,3.68555922544423e-12,0.26055768611962626,-4.1413082189659965e-10,0.008684414245617595,-0.007047303005110131,43.271039313247066,4,True,-2.4920848920650514e-05,-1.5445424781524353,0.0007650422861934055,-2.492088113572986e-05,-1.544542478003852,0.0007650422861533889
2.089999999999881,0.005147731436101774,3.682591570552291e-12,0.26055766450079293,-4.136503016644002e-10,0.008614356203744365,-0.006962801406037462,43.27104207984502,4,True,-2.4648448280266418e-05,-1.544539537032405,0.0007591679012546863,-2.4648480465604363e-05,-1.5445395368840185,0.0007591679012221082
2.0999999999998797,0.005078564827173233,3.679662407263495e-12,0.26055764284380106,-4.1317596542845607e-10,0.008543771910377768,-0.006879017508107387,43.271044741955635,4,True,-2.4377471827663268e-05,-1.5445365901741581,0.0007532341459404185,-2.4377503969666736e-05,-1.5445365900259045,0.0007532341459061564
2.1099999999998786,0.0050102320924336145,3.676767320862436e-12,0.2605576211592665,-4.1270676501426574e-10,0.008472710789276671,-0.006795955001307183,43.27104730277394,4,True,-2.410796909236228e-05,-1.5445336389750217,0.0007472458236478377,-2.4108001195275816e-05,-1.5445336388269428,0.000747245823609826
2.1199999999998775,0.0049427259997330665,3.6739087831780356e-12,0.26055759945737744,-4.1224335700806104e-10,0.008401220430699952,-0.0067136171372523855,43.27104976542755,4,True,-2.3839986960819112e-05,-1.5445306847766505,0.0007412075615565351,-2.384001902412067e-05,-1.5445306846286653,0.0007412075615146125
2.1299999999998764,0.004876039286738091,3.671091060202351e-12,0.26055757774790694,-4.11786653447911e-10,0.008329346647231166,-0.006632006745940147,43.27105213295497,4,True,-2.3573569767728748e-05,-1.5445277288669257,0.0007351238159971995,-2.3573601787683795e-05,-1.544527728719171,0.0007351238159458282
2.1399999999998753,0.004810164665058003,3.668304274441275e-12,0.2605575560402261,-4.1133445454389407e-10,0.008257133528067109,-0.006551126251984993,43.27105440830515,4,True,-2.3308759340888925e-05,-1.544524772481546,0.000728998877760216,-2.3308791323076223e-05,-1.5445247723339985,0.0007289988777038652
2.1499999999998742,0.004745094824211849,3.665544984733882e-12,0.26055753434331547,-4.1088605382907375e-10,0.008184623491803307,-0.006470977690346683,43.27105659433951,4,True,-2.3045595137082645e-05,-1.5445218168057055,0.0007228368771657908,-2.3045627090135262e-05,-1.54452181665829,0.0007228368771246856
2.159999999999873,0.004680822435440747,3.662818123474321e-12,0.260557512665777,-4.104426559270458e-10,0.008111857337762833,-0.006391562721566249,43.271058693856965,4,True,-2.278411431034236e-05,-1.5445188629757383,0.0007166417890925454,-2.2784146226432575e-05,-1.5445188628284197,0.0007166417890465258
2.169999999999872,0.0046173401553705196,3.660124358832674e-12,0.26055749101584597,-4.1000439906226477e-10,0.008038874295900103,-0.006312882646525181,43.27106070955985,4,True,-2.2524351778828994e-05,-1.5445159120805156,0.0007104174377170828,-2.2524383664419624e-05,-1.54451591193333,0.0007104174376725065
2.179999999999871,0.004554640629529283,3.6574690819106574e-12,0.2605574694014022,-4.095725300409616e-10,0.007965712075316423,-0.006234938420739428,43.271062644082335,4,True,-2.2266340336149565e-05,-1.5445129651631502,0.0007041675012810479,-2.2266372177429937e-05,-1.5445129650161702,0.0007041675012290908
2.18999999999987,0.0044927164957246045,3.654841511271217e-12,0.26055744782998075,-4.091446050518205e-10,0.00789240691141998,-0.006157730668203588,43.27106449999722,4,True,-2.2010110678505624e-05,-1.5445100232224969,0.0006978955165431374,-2.2010142496565638e-05,-1.5445100230756506,0.00069789551650088
2.1999999999998687,0.004431560387284625,3.652253269463673e-12,0.2605574263087832,-4.087233516712518e-10,0.007818993611761384,-0.006081259694796917,43.27106627975909,4,True,-2.1755691546516538e-05,-1.5445070872143287,0.0006916048833405108,-2.1755723318297708e-05,-1.5445070870676154,0.0006916048832825663
2.2099999999998676,0.004371164936167468,3.6496912241206136e-12,0.26055740484468815,-4.0830573304763893e-10,0.007745505600590707,-0.006005525501263063,43.27106798581802,4,True,-2.1503109718363217e-05,-1.5445041580531584,0.0006852988687015838,-2.1503141461390803e-05,-1.5445041579065704,0.0006852988686544505
2.2199999999998665,0.004311522775943137,3.647162730197196e-12,0.26055738344426094,-4.078934960413335e-10,0.007671974962152833,-0.005930527795780418,43.27106962051419,4,True,-2.1252390156976797e-05,-1.5445012366129165,0.0006789806112171109,-2.1252421867287932e-05,-1.5445012364665252,0.0006789806111679046
2.2299999999998654,0.004252626544651926,3.6446628804858925e-12,0.26055736211376423,-4.074855610444487e-10,0.0075984324827638805,-0.005856266006127656,43.271071186121596,4,True,-2.100355601872039e-05,-1.544498323728996,0.0006726531249027346,-2.1003587699829298e-05,-1.54449832358274,0.000672653124855492
2.2399999999998643,0.004194468887543319,3.642193725478849e-12,0.2605573408591676,-4.070824568477542e-10,0.007524907691683098,-0.005782739291461686,43.27107268485699,4,True,-2.075662874558725e-05,-1.544495420198943,0.0006663193032750977,-2.0756660395876302e-05,-1.5444954200528083,0.0006663193032247296
2.249999999999863,0.004137042459699201,3.6397540063054144e-12,0.26055731968615714,-4.066839080063692e-10,0.007451428900847033,-0.005709946553717638,43.27107411888444,4,True,-2.051162813270353e-05,-1.5444925267840006,0.0006599819230345552,-2.0511659754569137e-05,-1.54449252663796,0.0006599819229857813
2.259999999999862,0.0040803399285451,3.6373538096640337e-12,0.2605572986001443,-4.0629217628793637e-10,0.007378023243451672,-0.005637886448641713,43.27107549028484,4,True,-2.0268572373429563e-05,-1.5444896442101825,0.0006536436479199949,-2.0268603952391123e-05,-1.5444896440643077,0.0006536436478618231
2.269999999999861,0.00402435397625307,3.634979015268763e-12,0.2605572776062758,-4.0590406090313265e-10,0.007304716711449464,-0.005566557396466826,43.27107680108751,4,True,-2.002747810931417e-05,-1.5444867731694818,0.0006473070321669677,-2.0027509665032603e-05,-1.5444867730237661,0.000647307032113337
2.27999999999986,0.00396907730203972,3.6326298117421732e-12,0.2605572567094412,-4.0551971196530515e-10,0.007231534191962348,-0.00549595759224356,43.271078053266706,4,True,-1.978836052767826e-05,-1.5444839143210862,0.0006409745241210577,-1.9788392062450015e-05,-1.5444839141754143,0.0006409745240826679
2.289999999999859,0.003914502624362791,3.6303192579800386e-12,0.2605572359142824,-4.051421083531627e-10,0.007158499502658341,-0.0054260850158349,43.27107924874378,4,True,-1.955123340463858e-05,-1.5444810682921466,0.0006346484695390985,-1.9551264896933463e-05,-1.5444810681466585,0.0006346484694757282
2.2999999999998577,0.0038606226830196037,3.628034999204629e-12,0.2605572152252021,-4.0476840839639824e-10,0.007085635426115993,-0.005356937441583723,43.27108038937033,4,True,-1.9316109102276542e-05,-1.5444782356791895,0.0006283311149410414,-1.9316140567857443e-05,-1.5444782355338138,0.0006283311148868885
2.3099999999998566,0.0038074302411505554,3.625776517842483e-12,0.26055719464637084,-4.0439856257771644e-10,0.007012963743184354,-0.005288512447666114,43.271081476952084,4,True,-1.9082998694339752e-05,-1.5444754170489563,0.0006220246107857043,-1.9083030138440873e-05,-1.544475416903711,0.0006220246107464116
2.3199999999998555,0.003754918087150793,3.6235511630761972e-12,0.2605571741817358,-4.040343009856649e-10,0.006940505265391651,-0.0052208074251350964,43.27108251324582,4,True,-1.8851912003427323e-05,-1.5444726129394561,0.0006157310145790113,-1.885194341330094e-05,-1.5444726127943418,0.0006157310145212355
2.3299999999998544,0.003703079036493102,3.6213538816316697e-12,0.26055715383502837,-4.0367443094498954e-10,0.006868279866423091,-0.0051538195866669785,43.271083499954244,4,True,-1.8622857600021904e-05,-1.5444698238609684,0.0006094522938689054,-1.862288897992427e-05,-1.5444698237160528,0.0006094522938101125
2.3399999999998533,0.003651905933464915,3.619180907182782e-12,0.2605571336097712,-4.03318198781808e-10,0.0067963065126690845,-0.005087545975020173,43.27108443872081,4,True,-1.8395842905206556e-05,-1.5444670502968676,0.0006031903292126316,-1.8395874259233678e-05,-1.54446705015198,0.0006031903291625575
2.349999999999852,0.0036013916528222964,3.6170342213243066e-12,0.26055711350928557,-4.029660385589371e-10,0.0067246032928961336,-0.0050219834712102885,43.27108533115658,4,True,-1.8170874209448884e-05,-1.544464292704534,0.0005969469169873257,-1.8170905539393165e-05,-1.544464292559805,0.0005969469169392088
2.359999999999851,0.003551529101363676,3.61491683546919e-12,0.26055709353669865,-4.026186658815026e-10,0.0066531874470560125,-0.0049571288024145505,43.27108617881626,4,True,-1.7947956733872118e-05,-1.5444615515164537,0.0005907237721416845,-1.7947988033404203e-05,-1.5444615513719036,0.000590723772080643
2.36999999999985,0.0035023112194260083,3.6128192051840167e-12,0.2605570736949504,-4.022739741878249e-10,0.006582075394253506,-0.004892978549609893,43.27108698320602,4,True,-1.7727094635426867e-05,-1.5444588271409347,0.0005845225308608238,-1.7727125920456338e-05,-1.5444588269964272,0.0005845225308211142
2.379999999999849,0.0034537309823059483,3.610754515103315e-12,0.2605570539867996,-4.0193499887348797e-10,0.00651128275988988,-0.004829529154958261,43.27108774579,4,True,-1.750829111037339e-05,-1.5444561199626756,0.000578344753242666,-1.7508322364290974e-05,-1.544456119818296,0.0005783447531881514
2.389999999999848,0.003405781401608572,3.6087157497719352e-12,0.2605570344148309,-4.0160009572462634e-10,0.006440824402018991,-0.004766776928938406,43.27108846799541,4,True,-1.7291548368756603e-05,-1.5444534303440811,0.0005721919256807857,-1.7291579599943186e-05,-1.5444534301998174,0.0005721919256274469
2.3999999999998467,0.003358455526526109,3.6067040539643817e-12,0.2605570149814609,-4.01269574249025e-10,0.006370714436929502,-0.004704718057238117,43.27108915120111,4,True,-1.7076867723965198e-05,-1.5444507586256655,0.0005660654634208443,-1.707689892884806e-05,-1.5444507584815297,0.0005660654633669024
2.4099999999998456,0.003311746445049039,3.60472118751539e-12,0.26055699568894414,-4.009438541984863e-10,0.006300966263972849,-0.004643348607412464,43.27108979674247,4,True,-1.686424959899523e-05,-1.5444481051269814,0.0005599667129023263,-1.6864280775079134e-05,-1.5444481049829446,0.0005599667128481932
2.4199999999998445,0.0032656472851118603,3.602761950909769e-12,0.26055697653937904,-4.006217393248934e-10,0.006231592589659412,-0.00458266453531458,43.27109040592336,4,True,-1.6653693573467635e-05,-1.5444454701473211,0.0005538969540161898,-1.6653724728543008e-05,-1.5444454700034007,0.0005538969539601132
2.4299999999998434,0.0032201512156757894,3.600826618208937e-12,0.26055695753471353,-4.0030335877035143e-10,0.006162605451048509,-0.004522661691304942,43.27109097999658,4,True,-1.6445198428801784e-05,-1.5444428539662862,0.000547857402418394,-1.6445229562681763e-05,-1.5444428538225152,0.0005478574023664056
2.4399999999998423,0.0031752514477505294,3.5989173930940245e-12,0.2605569386767509,-3.99989210695406e-10,0.006094016238437171,-0.004463335826246785,43.271091520189934,4,True,-1.6238762161519077e-05,-1.5444402568447932,0.0005418492116176964,-1.6238793268264078e-05,-1.5444402567011162,0.0005418492115693278
2.449999999999841,0.003130941235357235,3.5970293552056537e-12,0.26055691996715497,-3.996781994496229e-10,0.006025835717380199,-0.00440468259729529,43.271092027684006,4,True,-1.603438202826449e-05,-1.5444376790253895,0.0005358734751431999,-1.60344131157906e-05,-1.5444376788818344,0.0005358734750921811
2.45999999999984,0.0030872138764347075,3.595164291685849e-12,0.26055690140745513,-3.9937080516483404e-10,0.005958074050059375,-0.004346697573484407,43.27109250362844,4,True,-1.583205458701575e-05,-1.5444351207331186,0.0005299312285324656,-1.5832085657180964e-05,-1.5444351205896467,0.0005299312284802348
2.469999999999839,0.0030440627136907915,3.593324047889656e-12,0.26055688299905166,-3.9906748469654994e-10,0.005890740816014337,-0.004289376241117977,43.271092949145995,4,True,-1.5631775711473676e-05,-1.5444325821761726,0.0005240234513395481,-1.563180675916896e-05,-1.5444325820328288,0.0005240234512868164
2.479999999999838,0.0030014811354009104,3.5915106259040998e-12,0.2605568647432206,-3.987686863421978e-10,0.005823845032259202,-0.004232714008972243,43.27109336531049,4,True,-1.543354062787539e-05,-1.5444300635464359,0.0005181510690261273,-1.5433571651389063e-05,-1.5444300634031318,0.0005181510689736625
2.489999999999837,0.0029594625761555876,3.589722087566177e-12,0.26055684664111856,-3.9847394410643413e-10,0.00575739517278864,-0.004176706213315366,43.27109375316925,4,True,-1.5237343931263325e-05,-1.5444275650198944,0.0005123149548828411,-1.5237374933183486e-05,-1.5444275648767287,0.0005123149548393351
2.4999999999998357,0.0029180005175587554,3.587959274181056e-12,0.2605568286937871,-3.981834894412968e-10,0.005691399187503346,-0.004121348122748112,43.27109411373932,4,True,-1.5043179641013282e-05,-1.5444250867575937,0.0005065159317774766,-1.504321062273866e-05,-1.5444250866144744,0.0005065159317333658
2.5099999999998346,0.0028770884888786184,3.586223603622721e-12,0.2605568109021576,-3.9789760474044357e-10,0.005625864520573184,-0.004066634942871443,43.27109444800568,4,True,-1.4851041209000209e-05,-1.544422628905782,0.0005007547739107064,-1.4851072160830067e-05,-1.5444226287628484,0.000500754773858035
2.5199999999998335,0.0028367200676527606,3.5845055518528986e-12,0.2605567932670549,-3.9761417214783836e-10,0.005560798128243814,-0.0040125618207876345,43.271094756927475,4,True,-1.4660921539269314e-05,-1.5444201915969924,0.0004950322085237252,-1.4660952475274157e-05,-1.544420191454128,0.0004950322084747968
2.5299999999998324,0.00279688888024914,3.5828084639038516e-12,0.26055677578920206,-3.9733404679839197e-10,0.005496206496109327,-0.00395912384943831,43.27109504142863,4,True,-1.4472813030724088e-05,-1.5444177749499985,0.0004893489175691676,-1.4472843950933243e-05,-1.5444177748072256,0.0004893489175236072
2.5399999999998313,0.002757588602384569,3.5811355243980614e-12,0.2605567584692243,-3.970579636519138e-10,0.005432095655858188,-0.0039063160717863026,43.271095302406096,4,True,-1.428670759138692e-05,-1.5444153790705988,0.00048370553927418105,-1.4286738492862906e-05,-1.5444153789278967,0.00048370553922999417
2.54999999999983,0.002718812959602218,3.579489801546579e-12,0.26055674130765294,-3.96786599755102e-10,0.005368471201512052,-0.0038541334848444476,43.27109554072804,4,True,-1.4102596663250808e-05,-1.5444130040519877,0.00047810266973033163,-1.4102627539500228e-05,-1.5444130039094273,0.0004781026696753641
2.559999999999829,0.0026805557277096497,3.577862992545008e-12,0.26055672430492915,-3.965180936124169e-10,0.005305338305176211,-0.003802571043556677,43.27109575723709,4,True,-1.3920471240591686e-05,-1.5444106499754495,0.000472540864331212,-1.3920502101297387e-05,-1.5444106498329395,0.0004725408642886872
2.569999999999828,0.0026428107331788403,3.5762629968162518e-12,0.26055670746140763,-3.9625426305062137e-10,0.005242701732313637,-0.0037516236645346378,43.271095952753015,4,True,-1.3740321913600632e-05,-1.544408316910602,0.0004670206392693839,-1.3740352745390173e-05,-1.5444083167681888,0.0004670206392201295
2.579999999999827,0.002605571853509595,3.5746852912696273e-12,0.26055669077736,-3.959940082648048e-10,0.005180565856551075,-0.003701286229656942,43.27109612806705,4,True,-1.3562138847097123e-05,-1.5444060049160266,0.0004615424729502276,-1.3562169660142706e-05,-1.544406004773781,0.00046154247289732005
2.5899999999998258,0.002568833017557709,3.5731219962048586e-12,0.2605566742529786,-3.95735634494988e-10,0.005118934674026475,-0.00365155358953431,43.2710962839423,4,True,-1.3385911836079114e-05,-1.5444037140394953,0.00045610680735172504,-1.3385942640858956e-05,-1.5444037138973254,0.0004561068073055892
2.5999999999998247,0.0025325882058292097,3.5715808731422954e-12,0.2605566578883797,-3.9548099673731007e-10,0.00505781181730335,-0.003602420566843035,43.27109642112589,4,True,-1.3211630335592048e-05,-1.5444014443185066,0.00045071404938797977,-1.321166112129313e-05,-1.54440144417641,0.00045071404933945153
2.6099999999998236,0.002496831450741952,3.5700614307066737e-12,0.2605566416836065,-3.952299476023375e-10,0.004997200568859618,-0.003553881959532294,43.271096540331676,4,True,-1.3039283438299962e-05,-1.5443991957806968,0.0004453645720836169,-1.3039314199217755e-05,-1.5443991956386587,0.0004453645720295568
2.6199999999998225,0.002461556836855829,3.5685553315826775e-12,0.2605566256386325,-3.94980592944257e-10,0.004937103874161442,-0.003505932543909339,43.27109664226668,4,True,-1.2868859915313404e-05,-1.5443969684442496,0.0004400587159374259,-1.2868890669925098e-05,-1.5443969683023222,0.00044005871589434143
2.6299999999998214,0.0024267585010727716,3.5670681452891763e-12,0.2605566097533643,-3.947343039880327e-10,0.004877524354331919,-0.0034585670776063524,43.271096727597175,4,True,-1.2700348251240813e-05,-1.5443947623182461,0.00043479679010592057,-1.2700378988403249e-05,-1.5443947621763883,0.000434796790067694
2.6399999999998203,0.002392430632807722,3.5656056125466356e-12,0.26055659402764497,-3.9449234663995e-10,0.004818464318424246,-0.0034117803024327573,43.27109679698062,4,True,-1.2533736628707691e-05,-1.54439257740291,0.00042957907352611025,-1.253376734253235e-05,-1.5443925772611256,0.00042957907347994644
2.649999999999819,0.0023585674741317033,3.5641631925973606e-12,0.26055657846125635,-3.9425365107258166e-10,0.004759925775323033,-0.0033655669471142507,43.27109685104922,4,True,-1.2369012958381682e-05,-1.5443904136902171,0.00042440581607365677,-1.2369043653414406e-05,-1.5443904135485242,0.00042440581602403154
2.659999999999818,0.0023251633198880794,3.5627373924460307e-12,0.26055656305392205,-3.9401747548238906e-10,0.004701910445270075,-0.0033199217299275095,43.27109689041576,4,True,-1.2206164906327913e-05,-1.5443882711640402,0.00041927723968156487,-1.2206195589544243e-05,-1.5443882710224357,0.00041927723963745584
2.669999999999817,0.0022922125177830682,3.561328363284036e-12,0.26055654780530985,-3.937839034690467e-10,0.004644419771039168,-0.003274839361226332,43.27109691567771,4,True,-1.2045179901614297e-05,-1.544386149800731,0.00041419353937132764,-1.2045210568912425e-05,-1.5443861496592,0.00041419353933205415
2.679999999999816,0.0022597094684515284,3.559940338708665e-12,0.26055653271503465,-3.9355392002671415e-10,0.004587454928752583,-0.00323031454587037,43.27109692740338,4,True,-1.1886045136368829e-05,-1.5443840495690524,0.00040915488433240874,-1.1886075788047561e-05,-1.5443840494275853,0.0004091548842968608
2.6899999999998148,0.002227648625499009,3.558576415177154e-12,0.26055651778266053,-3.9332818996471597e-10,0.004531016838361596,-0.003186341985554798,43.27109692615197,4,True,-1.1728747605965866e-05,-1.5443819704306967,0.000404161418868351,-1.1728778234601724e-05,-1.544381970289406,0.00040416141881518847
2.6999999999998137,0.002196024495521036,3.5572227989323878e-12,0.26055650300770333,-3.9310362119414726e-10,0.004475106173802456,-0.0031429163810433192,43.271096912465474,4,True,-1.157327409801069e-05,-1.5443799123409354,0.00039921326337568144,-1.157330472022498e-05,-1.5443799121996278,0.0003992132633351748
2.7099999999998126,0.0021648316381005558,3.555890324672359e-12,0.260556488389633,-3.9288270724789087e-10,0.004419723372829441,-0.003100032434313034,43.27109688685904,4,True,-1.1419611235632614e-05,-1.5443778752481032,0.00039431051532771305,-1.1419641840481998e-05,-1.5443778751068842,0.0003943105152881553
2.7199999999998115,0.00213406466578444,3.554579272768429e-12,0.2605564739278754,-3.9266547993498844e-10,0.00436486864654334,-0.0030576848506065806,43.27109684984215,4,True,-1.1267745464791319e-05,-1.5443758590948107,0.00038945325009594656,-1.1267776052470518e-05,-1.5443758589536458,0.0003894532500503266
2.7299999999998104,0.0021037182440399363,3.5532873191664555e-12,0.26055645962181506,-3.9245143727422877e-10,0.004310541988608781,-0.0030158683404008855,43.271096801900384,4,True,-1.11176630594931e-05,-1.5443738638175095,0.0003846415219412102,-1.1117693628023283e-05,-1.544373863676421,0.00038464152189466195
2.7399999999998093,0.002073787091191876,3.5520138265718065e-12,0.2605564454707969,-3.922404190078238e-10,0.004256743184181967,-0.0029745776212941367,43.271096743505126,4,True,-1.0969350172201992e-05,-1.5443718893469305,0.00037987536476965904,-1.0969380720902984e-05,-1.5443718892059792,0.00037987536472149704
2.749999999999808,0.002044265978341495,3.550749752049889e-12,0.26055643147412827,-3.920304293072201e-10,0.004203471818561548,-0.0029338074198067047,43.271096675113725,4,True,-1.0822792799262771e-05,-1.5443699356087806,0.0003751547929749943,-1.082282334435169e-05,-1.5443699354678757,0.00037515479292855446
2.759999999999807,0.002015149729267639,3.5494973265934946e-12,0.2605564176310807,-3.9182206564146574e-10,0.004150727285557468,-0.002893552473109399,43.271096597170455,4,True,-1.0677976837989786e-05,-1.5443680025233806,0.000370479802281598,-1.067800738060385e-05,-1.5443680023825457,0.00037047980225076154
2.769999999999806,0.0019864332203111197,3.548270263840978e-12,0.2605564039408922,-3.9161844869750746e-10,0.00409850879559646,-0.0028538075306742483,43.27109651009965,4,True,-1.0534888071573773e-05,-1.544366090006249,0.0003658503704936962,-1.0534918591349932e-05,-1.5443660898654656,0.00036585037045318736
2.779999999999805,0.0019581113802429615,3.547061612976773e-12,0.26055639040276835,-3.9141793351138295e-10,0.004046815383559029,-0.0028145673558533984,43.27109641431515,4,True,-1.0393512161740187e-05,-1.5443641979682292,0.00036126645820416705,-1.0393542664830691e-05,-1.5443641978274887,0.0003612664581584261
2.7899999999998037,0.001930179190117263,3.545870944820034e-12,0.26055637701588497,-3.912204206232361e-10,0.003995645916370496,-0.002775826727384713,43.27109631021614,4,True,-1.0253834693005572e-05,-1.544362326315706,0.0003567280095832611,-1.0253865182028283e-05,-1.544362326175061,0.0003567280095461467
2.7999999999998026,0.0019026316831093541,3.54469879915254e-12,0.26055636377938873,-3.910260469243487e-10,0.003944999100344922,-0.002737580440832918,43.27109619818877,4,True,-1.0115841171976465e-05,-1.5443604749509667,0.00035223495305154154,-1.0115871643689346e-05,-1.544360474810445,0.0003522349530091412
2.8099999999998015,0.0018754639443399259,3.5435350656139186e-12,0.2605563506923997,-3.908325455518423e-10,0.0038948734882955026,-0.002699823309962182,43.271096078610796,4,True,-9.979517015832399e-06,-1.5443586437722674,0.00034778720189772587,-9.979547485414714e-06,-1.5443586436317769,0.0003477872018640009
2.8199999999998004,0.0018486711106857913,3.542388983804502e-12,0.26055633775401227,-3.9064209404930874e-10,0.00384526748640831,-0.0026625501680443953,43.27109595184067,4,True,-9.84484760601869e-06,-1.5443568326740416,0.0003433846550699868,-9.844878061117528e-06,-1.5443568325336494,0.00034338465503290863
2.8299999999997993,0.0018222483705778814,3.5412615846135402e-12,0.26055632496329684,-3.9045492470634214e-10,0.0037961793608962094,-0.0026257558691090248,43.271095818227835,4,True,-9.711818248336735e-06,-1.5443550415471667,0.0003390271976801471,-9.711848686136747e-06,-1.5443550414067948,0.0003390271976380792
2.8399999999997982,0.0017961909637871003,3.5401506690765718e-12,0.2605563123193015,-3.902705116985189e-10,0.0037476072444278937,-0.0025894352891290937,43.271095678109866,4,True,-9.580414195601668e-06,-1.544353270279075,0.0003347147016811693,-9.580444621071917e-06,-1.5443532701387352,0.0003347147016436225
2.849999999999797,0.0017704941811986126,3.5390556419555886e-12,0.2605562998210529,-3.9008873134087417e-10,0.0036995491423499277,-0.0025535833271535693,43.2710955318065,4,True,-9.450620677589602e-06,-1.5443515187539298,0.00033044702646797743,-9.450651088456027e-06,-1.5443515186137218,0.0003304470264250491
2.859999999999796,0.0017451533645751402,3.537972719419796e-12,0.26055628746755805,-3.899087424181857e-10,0.003652002938706348,-0.002518194906379844,43.27109537964147,4,True,-9.322422883244454e-06,-1.5443497868530043,0.0003262240193870836,-9.32245328744927e-06,-1.5443497867128628,0.0003262240193558824
2.869999999999795,0.001720163906309817,3.5369050727856065e-12,0.2605562752578053,-3.8973131362283364e-10,0.003604966402057249,-0.0024832649751753448,43.27109522191365,4,True,-9.195805987508918e-06,-1.5443480744546454,0.00032204551639093703,-9.195836380371949e-06,-1.5443480743145335,0.0003220455163547533
2.879999999999794,0.001695521249169115,3.5358551990893924e-12,0.2605562631907658,-3.8955698532901523e-10,0.0035584371911053818,-0.0024487885080466103,43.27109505892108,4,True,-9.0707551424848e-06,-1.5443463814344074,0.00031791134248150847,-9.070785519357639e-06,-1.5443463812943876,0.0003179113424417675
2.8899999999997927,0.0016712208860263711,3.534821436132778e-12,0.2605562512653946,-3.8938538666328516e-10,0.0035124128601323897,-0.00241476050655618,43.27109489094645,4,True,-8.94725547610184e-06,-1.5443447076654517,0.00031382131229441064,-8.947285839710494e-06,-1.544344707525441,0.00031382131225737777
2.8999999999997916,0.00164725835958639,3.533803941895627e-12,0.2605562394806318,-3.892165415941115e-10,0.00346689086425054,-0.0023811760001946763,43.27109471825732,4,True,-8.825292127454287e-06,-1.5443430530182745,0.0003097752305769517,-8.825322478160827e-06,-1.5443430528783901,0.0003097752305328169
2.9099999999997905,0.0016236292621016144,3.5327898291761048e-12,0.26055622783540333,-3.8904758069043653e-10,0.0034218685644836822,-0.002348030047200783,43.27109454112238,4,True,-8.704850223810572e-06,-1.5443414173615677,0.0003057728926280852,-8.704880582149787e-06,-1.5443414172217034,0.0003057728926023959
2.9199999999997894,0.001600329235080324,3.531793913004239e-12,0.2605562163286227,-3.888819635587643e-10,0.003377343232676158,-0.0023153177353404854,43.271094359798994,4,True,-8.585914934610357e-06,-1.5443398005615263,0.00030181408488644246,-8.585945274228924e-06,-1.5443398004216795,0.0003018140848530579
2.9299999999997883,0.0015773539689872946,3.530818875083811e-12,0.26055620495919163,-3.8872018395069345e-10,0.003333312056234541,-0.0022830341826403483,43.2710941745317,4,True,-8.468471401037316e-06,-1.5443382024824903,0.0002978985852517838,-8.468501720170642e-06,-1.5443382023427612,0.00029789858520551913
2.9399999999997872,0.0015546992029373552,3.5298528714504484e-12,0.2605561937260007,-3.885595555532709e-10,0.003289772142705574,-0.0022511745380782177,43.271093985559745,4,True,-8.352504794079896e-06,-1.5443366229871918,0.00029402616357983595,-8.352535107445917e-06,-1.5443366228474753,0.0002940261635504582
2.949999999999786,0.0015323607243822612,3.5289028715706458e-12,0.2605561826279309,-3.8840174482049306e-10,0.003246720524205726,-0.002219733982234671,43.271093793113984,4,True,-8.238000324145775e-06,-1.5443350619364178,0.00029019658214663607,-8.238030623550226e-06,-1.5443350617967457,0.0002901965821105521
2.959999999999785,0.001510334368791278,3.5279669097413577e-12,0.2605561716638542,-3.8824627042202456e-10,0.003204154161686184,-0.002188707727904016,43.27109359740835,4,True,-8.124943210771344e-06,-1.5443335191894105,0.00028640959598475954,-8.124973495248635e-06,-1.5443335190498262,0.00028640959594632934
2.969999999999784,0.0014886160193258561,3.5270412194816978e-12,0.26055616083263444,-3.88092304426684e-10,0.0031620699490574155,-0.002158091020667563,43.271093398659836,4,True,-8.013318714428319e-06,-1.544331994604081,0.0002826649533200895,-8.013348992502773e-06,-1.5443319944645366,0.000282664953286529
2.979999999999783,0.001467201606508782,3.526124100840667e-12,0.26055615013312833,-3.879394812005474e-10,0.003120464717173131,-0.0021278791394297174,43.271093197074315,4,True,-7.903112133888186e-06,-1.5443304880369133,0.0002789623959284261,-7.903142408611723e-06,-1.5443304878974125,0.00027896239589751
2.9899999999997817,0.0014460871078881598,3.5252192476477465e-12,0.26055613956418594,-3.877886835187904e-10,0.003079335237673645,-0.002098067396920006,43.27109299285159,4,True,-7.7943088218063e-06,-1.5443289993431568,0.0002753016595405228,-7.794339085358137e-06,-1.5443289992037816,0.0002753016595085108
2.9999999999997806,0.0014252685476965666,3.5243259230754902e-12,0.26055612912465176,-3.8763976177390664e-10,0.0030386782266944483,-0.002068651140159565,43.27109278618302,4,True,-7.686894155681318e-06,-1.5443275283770934,0.0002716824741305167,-7.686924413890776e-06,-1.5443275282377218,0.0002716824740986464
3.0099999999997795,0.001404741996505721,3.52344980461094e-12,0.2605561188133654,-3.874939853503559e-10,0.0029984903484458415,-0.002039625750895852,43.27109257725222,4,True,-7.580853581712909e-06,-1.5443260749917362,0.00026810456435623527,-7.580883824400089e-06,-1.5443260748523926,0.0002681045643160982
3.0199999999997784,0.001384503570876985,3.522587613050402e-12,0.2605561086291622,-3.8735056521643263e-10,0.0029587682186641815,-0.002010986646003328,43.271092366233965,4,True,-7.476172583402746e-06,-1.544324639039512,0.00026456764981798745,-7.476202812337038e-06,-1.5443246389002732,0.0002645676497809829
3.0299999999997773,0.0013645494330079895,3.521726703165518e-12,0.2605560985708738,-3.872066835358721e-10,0.0029195084079398875,-0.0019827292778615184,43.271092153304444,4,True,-7.372836705318291e-06,-1.5443232203716035,0.0002610714453576997,-7.372866936620697e-06,-1.5443232202323791,0.0002610714453312337
3.039999999999776,0.0013448757903757338,3.5208774335895044e-12,0.26055608863732926,-3.870647914019041e-10,0.0028807074449286644,-0.001954849134688772,43.27109193861996,4,True,-7.270831569252368e-06,-1.544321818838859,0.00025761566144036916,-7.270861792258025e-06,-1.5443218186996899,0.0002576156614140548
3.049999999999775,0.0013254788953763988,3.5200415473368424e-12,0.26055607882735515,-3.869252395441692e-10,0.002842361819446091,-0.00192734174086307,43.27109172234569,4,True,-7.170142842570641e-06,-1.5443204342913084,0.00025420000439902737,-7.170173056993836e-06,-1.5443204341521668,0.0002542000043720536
3.059999999999774,0.0013063550449621715,3.5192221841490167e-12,0.2605560691397763,-3.8678870784327364e-10,0.0028044679854510113,-0.0019002026572070127,43.271091504632345,4,True,-7.07075627409258e-06,-1.544319066578373,0.00025082417677755437,-7.07078647500461e-06,-1.5443190664392907,0.000250824176752239
3.069999999999773,0.0012875005802753356,3.5184161027458035e-12,0.2605560595734165,-3.8665443712061994e-10,0.0027670223639223467,-0.0018734274812479156,43.27109128562904,4,True,-6.972657670021548e-06,-1.5443177155492234,0.00024748787750276686,-6.97268785790659e-06,-1.5443177154101708,0.00024748787747102847
3.079999999999772,0.0012689118862799155,3.5176243391755325e-12,0.2605560501270991,-3.8652268766087495e-10,0.002730021345630308,-0.0018470118474534804,43.27109106547467,4,True,-6.875832913053565e-06,-1.544316381052401,0.00024419080224176166,-6.875863088526417e-06,-1.5443163809134424,0.00024419080220987246
3.0899999999997707,0.0012505853913910888,3.5168427695801173e-12,0.2605560407996472,-3.8639254006571334e-10,0.002693461293800956,-0.0018209514274434367,43.27109084430227,4,True,-6.7802679610117876e-06,-1.5443150629363196,0.00024093264364182272,-6.780298130529063e-06,-1.544315062797387,0.00024093264360976817
3.0999999999997696,0.00123251756710262,3.5160718231307344e-12,0.2605560315898847,-3.8626408755165146e-10,0.00265733854669261,-0.0017952419301749368,43.27109062224862,4,True,-6.685948860519268e-06,-1.5443137610490727,0.00023771309153848295,-6.6859790183148e-06,-1.5443137609101538,0.00023771309150938838
3.1099999999997685,0.0012147049276125478,3.5153072000757326e-12,0.26055602249663623,-3.8613641373040295e-10,0.0026216494200621476,-0.001769879102111651,43.2710903994297,4,True,-6.592861716936038e-06,-1.54431247523834,0.0002345318332701175,-6.592891870579102e-06,-1.544312475099527,0.00023453183324066286
3.1199999999997674,0.001197144029447333,3.514551369517849e-12,0.26055601351872765,-3.860101138621077e-10,0.00258639020954262,-0.001744858727362987,43.27109017597794,4,True,-6.500992736706254e-06,-1.5443112053520878,0.00023138855380626207,-6.501022887204455e-06,-1.5443112052133017,0.00023138855378043908
3.1299999999997663,0.001179831471084703,3.5138054629039648e-12,0.2605560046549872,-3.8588544663698606e-10,0.002551557192950166,-0.0017201766278069142,43.27108995200267,4,True,-6.41032820878682e-06,-1.544309951238166,0.00022828293601212678,-6.410358355502863e-06,-1.544309951099425,0.00022828293598930682
3.139999999999765,0.001162763892575384,3.513074479061185e-12,0.2605559959042447,-3.8576354264278557e-10,0.002517146632477281,-0.0016958286631944544,43.271089727613855,4,True,-6.320854504831047e-06,-1.544308712744315,0.0002252146609270881,-6.320884642207067e-06,-1.544308712605552,0.00022521466090663387
3.149999999999764,0.0011459379751638972,3.5123621883897994e-12,0.2605559872653333,-3.856452124464803e-10,0.0024831547768142106,-0.0016718107312317808,43.27108950292251,4,True,-6.232558083383164e-06,-1.5443074897182814,0.00022218340786400533,-6.232588204678921e-06,-1.5443074895796154,0.0002221834078294864
3.159999999999763,0.0011293504409086456,3.511659226824913e-12,0.26055597873708874,-3.855283274969306e-10,0.002449577863189691,-0.0016481187676438643,43.27108927802792,4,True,-6.145425491563545e-06,-1.5443062820081492,0.00021918885465614118,-6.145455604361082e-06,-1.544306281869536,0.0002191888546242278
3.169999999999762,0.0011129980523014449,3.510962133616062e-12,0.26055597031835054,-3.854121410376087e-10,0.0024164121193257764,-0.0016247487462230088,43.27108905302579,4,True,-6.0594433666827915e-06,-1.5443050894620856,0.00021623067787242942,-6.059473478779879e-06,-1.5443050893234844,0.00021623067784640456
3.179999999999761,0.001096877611886675,3.510275621308265e-12,0.26055596200796155,-3.852977824620366e-10,0.0023836537653243884,-0.0016016966788573608,43.27108882802002,4,True,-5.974598457682828e-06,-1.5443039119285498,0.00021330855292491557,-5.974628561104103e-06,-1.544303911789973,0.0002133085528945694
3.1899999999997597,0.0010809859618802408,3.5095993139117787e-12,0.2605559538047689,-3.8518515213573655e-10,0.002351299015475613,-0.0015789586155445768,43.271088603093354,4,True,-5.890877589955387e-06,-1.5443027492562413,0.0002104221543223321,-5.890907684921023e-06,-1.5443027491177372,0.00021042215429624696
3.1999999999997586,0.0010653199837884662,3.5089316720944875e-12,0.2605559457076243,-3.850738968191142e-10,0.0023193440799915608,-0.0015565306443901508,43.271088378332266,4,True,-5.8082676890378665e-06,-1.5443016012941893,0.00020757115578998915,-5.808297778671722e-06,-1.5443016011557325,0.00020757115576513545
3.2099999999997575,0.001049876598027107,3.5082691801026687e-12,0.26055593771538377,-3.8496324569598895e-10,0.0022877851666769674,-0.0015344088915892078,43.271088153828,4,True,-5.726755775510211e-06,-1.54430046789203,0.00020475523042019374,-5.726785860889603e-06,-1.5443004677535714,0.00020475523039768982
3.2199999999997564,0.0010346527635406127,3.5076193502168994e-12,0.26055592982690867,-3.848549153711799e-10,0.002256618482523281,-0.0015125895213960465,43.271087929648466,4,True,-5.646328977658039e-06,-1.5442993488994163,0.00020197405091422593,-5.6463590520749e-06,-1.5442993487610082,0.00020197405088871498
3.2299999999997553,0.0010196454774217749,3.5069777950108456e-12,0.2605559220410656,-3.8474788563100943e-10,0.0022258402352416575,-0.001491068736077883,43.27108770587306,4,True,-5.56697451020222e-06,-1.5442982441667126,0.00019922728961816938,-5.567004577309878e-06,-1.5442982440284072,0.00019922728959386786
3.239999999999754,0.001004851774531909,3.5063425635230027e-12,0.2605559143567264,-3.846417544266448e-10,0.0021954466347354146,-0.0014698427758560186,43.27108748257729,4,True,-5.488679699932184e-06,-1.5442971535449006,0.00019651461871190363,-5.488709763574352e-06,-1.5442971534065695,0.00019651461869191474
3.249999999999753,0.0009902687271217024,3.5057172428964582e-12,0.2605559067727687,-3.8453732310230796e-10,0.002165433894509244,-0.0014489079188345722,43.27108725983027,4,True,-5.411431971802596e-06,-1.5442960768853315,0.0001938357103740186,-5.411462029734814e-06,-1.5442960767470173,0.00019383571035303505
3.259999999999752,0.0009758934444528277,3.505104676113167e-12,0.2605558992880761,-3.844352534783472e-10,0.002135798233019911,-0.0014282604809169547,43.27108703769649,4,True,-5.335218853341996e-06,-1.544295014040028,0.00019119023688595233,-5.3352488982802674e-06,-1.5442950139017946,0.0001911902368591925
3.269999999999751,0.0009617230724204638,3.504504352183898e-12,0.26055589190153855,-3.8433539852427667e-10,0.0021065358749679584,-0.0014078968157115806,43.271086816241485,4,True,-5.260027972792577e-06,-1.5442939648616,0.00018857787073781716,-5.260058005669858e-06,-1.544293964723386,0.00018857787070195392
3.27999999999975,0.0009477547931768281,3.5039077324784346e-12,0.2605558846120522,-3.8423581775243235e-10,0.002077643052534313,-0.00138781331442453,43.2710865955251,4,True,-5.185847058826369e-06,-1.5442929292032772,0.00018599828479182897,-5.185877087898236e-06,-1.544292929065164,0.0001859982847660704
3.2899999999997487,0.0009339858247558227,3.5033121416726976e-12,0.2605558774185199,-3.841360072987056e-10,0.0020491160065635055,-0.001368006405744221,43.271086375600504,4,True,-5.112663945760361e-06,-1.54429190691907,0.00018345115238134927,-5.1126939806976536e-06,-1.5442919067809262,0.00018345115236274696
3.2999999999997476,0.0009204134206989067,3.5027215104050798e-12,0.2605558703198512,-3.840368883344894e-10,0.0020209509876927705,-0.0013484725557135508,43.27108615653035,4,True,-5.040466582982471e-06,-1.5442908978636394,0.00018093614739061312,-5.040496619854224e-06,-1.5442908977254606,0.00018093614737737436
3.3099999999997465,0.0009070348696822915,3.5021490600953858e-12,0.2605558633149626,-3.8394141397675945e-10,0.001993144257435461,-0.00132920826759428,43.27108593836095,4,True,-4.969243029513353e-06,-1.5442899018922445,0.00017845294444244328,-4.969273047344943e-06,-1.54428990175421,0.0001784529444160511
3.3199999999997454,0.0008938474951455438,3.501582876277546e-12,0.2605558564027775,-3.8384681732321177e-10,0.0019656920892130053,-0.0013102100817211696,43.27108572114774,4,True,-4.898981417005094e-06,-1.5442889188612872,0.0001760012188588028,-4.899011433959565e-06,-1.544288918723282,0.00017600121883153794
3.3299999999997443,0.0008808486549216999,3.501022746304355e-12,0.26055584958222683,-3.837531249218129e-10,0.0019385907693390317,-0.001291474575347974,43.27108550493401,4,True,-4.8296700164181075e-06,-1.5442879486276075,0.0001735806469117462,-4.82970003086181e-06,-1.5442879484895957,0.00017358064689144723
3.339999999999743,0.0008680357408689596,3.5004748105026386e-12,0.2605558428522487,-3.836617304330181e-10,0.0019118365979604952,-0.001272998362484706,43.27108528976389,4,True,-4.761297194900377e-06,-1.5442869910490655,0.00017119090582399688,-4.761327197452279e-06,-1.54428699091106,0.00017119090580682323
3.349999999999742,0.0008554061785040556,3.4999400722355533e-12,0.26055583621178885,-3.8357279424565873e-10,0.0018854258899501527,-0.0012547780937275934,43.271085075681896,4,True,-4.6938514186350585e-06,-1.544286045984173,0.0001688316738985116,-4.69388140926361e-06,-1.5442860458462695,0.0001688316738661912
3.359999999999741,0.0008429574266373613,3.4994121202403974e-12,0.2605558296598006,-3.8348489920653513e-10,0.0018593549757578254,-0.001236810456081527,43.2710848627284,4,True,-4.627321266728381e-06,-1.5442851132924402,0.00016650263053163617,-4.627351251591227e-06,-1.5442851131545396,0.0001665026305074049
3.36999999999974,0.0008306869770098231,3.498887162869006e-12,0.260555823195245,-3.8339721962013417e-10,0.001833620202223908,-0.0012190921727736185,43.27108465093808,4,True,-4.561695424131972e-06,-1.544284192834257,0.00016420345639797817,-4.561725408606972e-06,-1.5442841926963633,0.0001642034563791203
3.3799999999997388,0.0008185923539317816,3.4983676913769095e-12,0.26055581681709095,-3.833103495069761e-10,0.0018082179333521417,-0.0012016200030624292,43.271084440355416,4,True,-4.496962688911568e-06,-1.5442832844708871,0.00016193383345050727,-4.496992671231174e-06,-1.5442832843330792,0.00016193383342871936
3.3899999999997377,0.000806671113923743,3.4978526292413637e-12,0.26055581052431515,-3.8322407601348454e-10,0.0017831445510414962,-0.0011843907420400627,43.27108423101359,4,True,-4.433111962141272e-06,-1.5442823880645284,0.00015969344502297068,-4.433141943793226e-06,-1.5442823879267036,0.00015969344500969007
3.3999999999997366,0.0007949208453591609,3.4973491101780533e-12,0.2605558043159025,-3.831400303418828e-10,0.0017583964557803635,-0.0011674012204275842,43.271084022927106,4,True,-4.370132252972554e-06,-1.5442815034782031,0.00015748197587613167,-4.370162223175984e-06,-1.5442815033403827,0.00015748197585498344
3.4099999999997355,0.0007833391681093119,3.4968547599725754e-12,0.2605557981908458,-3.830576090196872e-10,0.0017339700673161234,-0.0011506483043624205,43.271083816154764,4,True,-4.308012673373266e-06,-1.5442806305762902,0.00015529911228495818,-4.308042636857271e-06,-1.5442806304384966,0.0001552991122684449
3.4199999999997344,0.0007719237331902816,3.4963709283734256e-12,0.26055579214814645,-3.829770960298223e-10,0.0017098618252701719,-0.0011341288951891824,43.27108361070726,4,True,-4.246742441230819e-06,-1.544279769223472,0.000153144542143104,-4.2467723949800164e-06,-1.5442797690857335,0.00015314454212177168
3.4299999999997333,0.0007606722224121285,3.495891214668897e-12,0.2605557861868138,-3.8289704873647777e-10,0.0016860681897299492,-0.0011178399292336447,43.27108340661392,4,True,-4.186310884430599e-06,-1.5442789192858493,0.00015101795491284092,-4.186340835173819e-06,-1.5442789191481605,0.00015101795489865012
3.439999999999732,0.0007495823480302952,3.4954210381108505e-12,0.26055578030586557,-3.8281875251827397e-10,0.0016625856418118687,-0.0011017783775793275,43.271083203904524,4,True,-4.1267074446963205e-06,-1.5442780806305085,0.00014891904175840705,-4.126737385563597e-06,-1.5442780804928253,0.00014891904173484484
3.449999999999731,0.0007386518523992962,3.4949532309443748e-12,0.2605557745043279,-3.827405529754293e-10,0.0016394106841892957,-0.001085941245837743,43.27108300259832,4,True,-4.067921655253524e-06,-1.5442772531253757,0.00014684749558560575,-4.067951594613448e-06,-1.5442772529877768,0.0001468474955650508
3.45999999999973,0.0007278785076287209,3.4944885363086797e-12,0.2605557687812353,-3.826626964281818e-10,0.0016165398415893839,-0.0010703255739139992,43.27108280271788,4,True,-4.009943166622973e-06,-1.5442764366395558,0.0001448030111089804,-4.009973106093282e-06,-1.5442764365019588,0.0001448030110915616
3.469999999999729,0.000717260115241598,3.4940296069131502e-12,0.2605557631356307,-3.825857756735781e-10,0.0015939696612617576,-0.001054928435769769,43.27108260429034,4,True,-3.9527617363762755e-06,-1.5442756310430599,0.0001427852848553677,-3.952791672688385e-06,-1.544275630905473,0.000142785284838438
3.4799999999997278,0.0007067945058351665,3.493581371375222e-12,0.2605557575665658,-3.8251089435654495e-10,0.0015716967134209938,-0.0010397469391799764,43.27108240733181,4,True,-3.896367229904527e-06,-1.5442748362069856,0.00014079401524481468,-3.8963971511626795e-06,-1.5442748360694158,0.00014079401522119908
3.4899999999997267,0.0006964795387440832,3.4931359366709605e-12,0.2605557520731005,-3.8243620564696037e-10,0.0015497175916589746,-0.0010247782254888772,43.27108221185311,4,True,-3.84074958977003e-06,-1.5442740520033904,0.00013882890264119908,-3.8407795138613514e-06,-1.5442740518658493,0.0001388289026252244
3.4999999999997256,0.0006863131017060866,3.4927000124642857e-12,0.26055574665430353,-3.8236330980948456e-10,0.001528028913324338,-0.0010100194693617645,43.27108201787766,4,True,-3.7858989071275005e-06,-1.544273278305438,0.00013688964933568747,-3.7859288223737382e-06,-1.5442732781679251,0.00013688964931624095
3.5099999999997245,0.0006762931105301813,3.4922717548454506e-12,0.26055574130925196,-3.8229175753976945e-10,0.0015066273198971161,-0.0009954678785319161,43.27108182542306,4,True,-3.7318053484434157e-06,-1.5442725149874783,0.00013497595962661904,-3.7318352576571255e-06,-1.5442725148500145,0.00013497595960496666
3.5199999999997234,0.0006664175087673406,3.491845801239555e-12,0.26055573603703175,-3.8222034956872804e-10,0.001485509477318284,-0.0009811206935486884,43.271081634493996,4,True,-3.67845918813894e-06,-1.544271761924672,0.00013308753987375157,-3.6784890979683545e-06,-1.5442717617872286,0.0001330875398613212
3.5299999999997222,0.0006566842673837663,3.49142808676547e-12,0.26055573083673716,-3.821504754756117e-10,0.0014646720763033276,-0.0009669751875185689,43.271081445114056,4,True,-3.625850818949355e-06,-1.5442710189935318,0.00013122409848430764,-3.6258807227640225e-06,-1.5442710188560926,0.00013122409846830102
3.539999999999721,0.0006470913844367302,3.4910147542824465e-12,0.2605557257074714,-3.820812324673532e-10,0.0014441118326391214,-0.0009530286658480956,43.27108125729082,4,True,-3.573970715479567e-06,-1.5442702860713957,0.00012938534597228853,-3.574000619048595e-06,-1.5442702859339499,0.0001293853459569699
3.54999999999972,0.0006376368847530167,3.4906105477954842e-12,0.26055572064834615,-3.820137035395715e-10,0.001423825487446885,-0.0009392784659813678,43.2710810710264,4,True,-3.5228094746551603e-06,-1.5442695630367562,0.00012757099498016553,-3.522839369782441e-06,-1.544269562899409,0.00012757099496012574
3.559999999999719,0.0006283188196099885,3.4902061107711797e-12,0.2605557156584817,-3.8194576861160235e-10,0.001403809807428841,-0.0009257219571374143,43.27108088634582,4,True,-3.4723577778039855e-06,-1.5442688497692447,0.0001257807603025605,-3.4723876778861787e-06,-1.544268849631873,0.0001257807602916781
3.569999999999718,0.0006191352664192977,3.48981346746258e-12,0.2605557107370071,-3.8188020390083843e-10,0.001384061585106178,-0.0009123565400447345,43.27108070324979,4,True,-3.422606436297452e-06,-1.5442681461496082,0.00012401435890735702,-3.4226363226881638e-06,-1.54426814601222,0.00012401435888992007
3.5799999999997167,0.0006100843284132522,3.4894322862310756e-12,0.26055570588306004,-3.818168386755845e-10,0.001364577639018364,-0.0008991796466753736,43.271080521743,4,True,-3.3735463286515143e-06,-1.5442674520594595,0.0001222715099890549,-3.3735762035120208e-06,-1.54426745192217,0.00012227150996087073
3.5899999999997156,0.0006011641343338475,3.48905124638206e-12,0.2605557010957868,-3.81753089715107e-10,0.0013453548139141706,-0.000886188739977052,43.27108034182996,4,True,-3.32516844566777e-06,-1.5442667673817652,0.00012055193489948607,-3.3251983245988593e-06,-1.5442667672445096,0.00012055193488775933
3.5999999999997145,0.000592372838124501,3.488671523820779e-12,0.26055569637434217,-3.8168936215751487e-10,0.0013263899809224085,-0.0008733813136028461,43.27108016353119,4,True,-3.277463889634455e-06,-1.5442660920005211,0.00011885535730252451,-3.277493772131404e-06,-1.5442660918632543,0.00011885535729200487
3.6099999999997134,0.000583708618624482,3.4883002644793925e-12,0.26055569171788967,-3.8162726889479126e-10,0.0013076800377123951,-0.0008607548916421117,43.27107998683691,4,True,-3.230423865072684e-06,-1.5442654258006863,0.00011718150311229983,-3.2304537359255184e-06,-1.54426542566345,0.0001171815030929143
3.6199999999997123,0.0005751696792660299,3.487930290830211e-12,0.26055568712560145,-3.8156513759241076e-10,0.0012892219086233668,-0.0008483070283489102,43.27107981175726,4,True,-3.1840396467706335e-06,-1.5442647686684383,0.00011553010046345492,-3.184069522423502e-06,-1.5442647685311657,0.00011553010045917276
3.6299999999997112,0.0005667542477742116,3.48756979685093e-12,0.26055568259665807,-3.8150485640043445e-10,0.0012710125447866819,-0.0008360353078700421,43.27107963829128,4,True,-3.13830264293268e-06,-1.5442641204909,0.00011390087985013716,-3.138332510234156e-06,-1.544264120353687,0.00011390087983196273
3.63999999999971,0.0005584605758694936,3.4872138025611873e-12,0.26055567813024866,-3.8144525750482627e-10,0.0012530489242323587,-0.000823937343971502,43.2710794664452,4,True,-3.093204335843753e-06,-1.5442634811565201,0.00011229357399536332,-3.0932341950500875e-06,-1.5442634810193736,0.00011229357397767309
3.649999999999709,0.0005502869389730503,3.4868576559372744e-12,0.260555673725571,-3.8138534033077364e-10,0.0012353280519778044,-0.0008120107797663221,43.27107929621911,4,True,-3.048736304541357e-06,-1.5442628505546832,0.00011070791798453962,-3.0487661694050587e-06,-1.5442628504175446,0.00011070791797127359
3.659999999999708,0.0005422316359147981,3.4865007778337796e-12,0.26055566938183117,-3.813250320345923e-10,0.0012178469601037173,-0.0008002532874405798,43.271079127610264,4,True,-3.0048902343702133e-06,-1.5442622285758822,0.00010914364921041349,-3.0049201121182483e-06,-1.5442622284386158,0.00010914364922153074
3.669999999999707,0.0005342929886441688,3.4861722543707044e-12,0.2605556650982437,-3.81270899772272e-10,0.0012006027078177851,-0.000788662567978935,43.271078960629126,4,True,-2.961657937111989e-06,-1.544261615111722,0.00010760050739211153,-2.9616877812699227e-06,-1.5442616149745534,0.00010760050736636022
3.6799999999997057,0.0005264693419436396,3.485850504435236e-12,0.26055566087403176,-3.8121782687778915e-10,0.0011835923815061687,-0.0007772363508915461,43.27107879526766,4,True,-2.9190312473065818e-06,-1.5442610100548382,0.00010607823460199839,-2.919061083460759e-06,-1.544261009917734,0.00010607823457855018
3.6899999999997046,0.0005187590631449716,3.4855295816831934e-12,0.2605556567084266,-3.8116460441096e-10,0.0011668130947640237,-0.0007659723939401126,43.271078631527146,4,True,-2.8770021400266573e-06,-1.5442604132990843,0.0001045765752323913,-2.8770319757914026e-06,-1.5442604131619744,0.00010457657521117037
3.6999999999997035,0.0005111605418482142,3.4852066304013673e-12,0.2605556526006682,-3.811106307098971e-10,0.0011502619884209337,-0.0007548684828625771,43.27107846940103,4,True,-2.835562681746485e-06,-1.5442598247391837,0.00010309527603624654,-2.8355925182311135e-06,-1.5442598246021642,0.00010309527602317329
3.7099999999997024,0.0005036721896434423,3.4848856803594834e-12,0.26055564855000435,-3.8105687474044397e-10,0.0011339362305529004,-0.0007439224311005732,43.27107830889271,4,True,-2.7947050318041755e-06,-1.5442592442712015,0.00010163408614117068,-2.794734866655345e-06,-1.5442592441341771,0.00010163408612034077
3.7199999999997013,0.0004962924398352242,3.484564522634328e-12,0.2605556445556916,-3.810028117101703e-10,0.0011178330164829684,-0.0007331320795258122,43.27107814999748,4,True,-2.7544214308775044e-06,-1.5442586717920495,0.0001001927569804211,-2.754451268787574e-06,-1.5442586716550042,0.0001001927569769008
3.7299999999997,0.0004890197471698317,3.4842542612225147e-12,0.2605556406169943,-3.8095095902664665e-10,0.0011019495687746297,-0.0007224952961645131,43.271077992714844,4,True,-2.714704230117131e-06,-1.5442581071999302,9.877104239091511e-05,-2.714734055853494e-06,-1.5442581070629722,9.877104237210301e-05
3.739999999999699,0.00048185258756517225,3.4839397579594542e-12,0.2605556367331855,-3.808978732408829e-10,0.0010862831372046547,-0.0007120099759307445,43.27107783702887,4,True,-2.675545836001988e-06,-1.5442575503937381,9.736869856492637e-05,-2.675575666634364e-06,-1.5442575502567637,9.736869855670568e-05
3.749999999999698,0.00047478945784343475,3.4836287397664206e-12,0.2605556329035457,-3.8084534781474185e-10,0.0010708309987335785,-0.0007016740403476906,43.2710776829498,4,True,-2.6369387884574975e-06,-1.5442570012738563,9.59854840024702e-05,-2.6369686201268995e-06,-1.5442570011369214,9.598548400222344e-05
3.759999999999697,0.0004678288754664814,3.4833283944489966e-12,0.26055562912736396,-3.8079505853474564e-10,0.0010555904574721608,-0.0006914854372790914,43.27107753046964,4,True,-2.5988756971571365e-06,-1.5442564597416437,9.462115961094928e-05,-2.5989055169067114e-06,-1.5442564596046484,9.462115960232435e-05
3.769999999999696,0.00046096937827392703,3.483032178155473e-12,0.26055562540393734,-3.8074535834642404e-10,0.0010405588446276222,-0.0006814421406588013,43.271077379580206,4,True,-2.5613492466198253e-06,-1.5442559256992643,9.327548863173017e-05,-2.5613790647517435e-06,-1.5442559255623718,9.32754886179729e-05
3.7799999999996947,0.0004542095242239251,3.4827396382850755e-12,0.2605556217325706,-3.8069624969889233e-10,0.0010257335184483854,-0.0006715421502207318,43.27107723027147,4,True,-2.5243522308152223e-06,-1.544255399050241,9.194823664727715e-05,-2.5243820462848007e-06,-1.5442553989133379,9.194823663497834e-05
3.7899999999996936,0.00044754789113665163,3.482456175455888e-12,0.2605556181125767,-3.8064894122151845e-10,0.0010111118641576637,-0.0006617834912289023,43.271077082562094,4,True,-2.4878775258429672e-06,-1.5442548796988982,9.06391715925665e-05,-2.487907332068543e-06,-1.5442548795620108,9.06391715770578e-05
3.7999999999996925,0.00044098307644048615,3.482171339512129e-12,0.2605556145432767,-3.8060103764260933e-10,0.0009966912938769155,-0.0006521642142102428,43.27107693640406,4,True,-2.451918068230952e-06,-1.5442543675508353,8.93480638219285e-05,-2.451947876069455e-06,-1.5442543674139595,8.9348063814423e-05
3.8099999999996914,0.00043451369692081205,3.481889181170188e-12,0.26055561102399905,-3.8055351922735283e-10,0.0009824692465399266,-0.0006426823946897051,43.27107679181829,4,True,-2.4164669238954443e-06,-1.5442538625122444,8.807468588351455e-05,-2.416496735460526e-06,-1.544253862375353,8.807468587216241e-05
3.8199999999996903,0.0004281383884715636,3.4816087612531398e-12,0.26055560755408,-3.8050618334433144e-10,0.0009684431878146674,-0.0006333361329182778,43.27107664879321,4,True,-2.381517221408782e-06,-1.5442533644909158,8.681881271486917e-05,-2.3815470317884378e-06,-1.544253364354087,8.681881271066018e-05
3.829999999999689,0.0004218558058493867,3.48134116506189e-12,0.2605556041328637,-3.8046155406487206e-10,0.0009546106100064823,-0.0006241235536115522,43.27107650732805,4,True,-2.347062173914217e-06,-1.544252873395623,8.558022163001056e-05,-2.347091975112076e-06,-1.5442528732587932,8.558022161376373e-05
3.839999999999688,0.00041566462243042897,3.481080085923224e-12,0.2605556007597021,-3.804181234832893e-10,0.0009409690319452091,-0.00061504280569061,43.27107636739756,4,True,-2.3130950667519014e-06,-1.5442523891354274,8.435869224212614e-05,-2.313124859693263e-06,-1.5442523889985833,8.435869222918412e-05
3.849999999999687,0.00040956352996976056,3.4808232148568346e-12,0.26055559743395434,-3.80375374033269e-10,0.0009275159988830163,-0.0006060920620120803,43.27107622901127,4,True,-2.279609290177576e-06,-1.5442519116211484,8.315400639532959e-05,-2.2796390844691487e-06,-1.5442519114843483,8.315400638416242e-05
3.859999999999686,0.00040355123836345326,3.4805693434654174e-12,0.26055559415498736,-3.8033306024839743e-10,0.0009142490823851795,-0.0005972695191093093,43.271076092146856,4,True,-2.246598293780148e-06,-1.5442514407646977,8.196594832642232e-05,-2.2466280826555076e-06,-1.5442514406279653,8.196594830931708e-05
3.869999999999685,0.0003976264754132056,3.480312736729963e-12,0.2605555909221757,-3.802899242317312e-10,0.000901165880197145,-0.0005885733969374655,43.271075956803124,4,True,-2.2140556222359832e-06,-1.5442509764782362,8.079430451841069e-05,-2.214085418847071e-06,-1.544250976341434,8.079430451489099e-05
3.8799999999996837,0.00039178798659359707,3.4800685711695214e-12,0.2605555877349013,-3.802494055454431e-10,0.0008882640161312876,-0.0005800019386076899,43.2710758229724,4,True,-2.181974915777524e-06,-1.544250518675541,7.963886374310162e-05,-2.1820046935564536e-06,-1.5442505185388593,7.963886371990208e-05
3.8899999999996826,0.0003860345348219089,3.4798161416127256e-12,0.260555584592553,-3.80206750447742e-10,0.000875541139927012,-0.0005715534101365626,43.27107569064145,4,True,-2.150349841866652e-06,-1.5442500672711772,7.849941706073903e-05,-2.1503796320082514e-06,-1.5442500671344352,7.84994170564122e-05
3.8999999999996815,0.0003803649002304854,3.4795646844633695e-12,0.2605555814945277,-3.801641983503126e-10,0.0008629949271185168,-0.0005632261001869098,43.27107555980438,4,True,-2.119174207901937e-06,-1.544249622180686,7.737575775397516e-05,-2.119204003214679e-06,-1.5442496220439619,7.737575775275755e-05
3.9099999999996804,0.0003747778799416744,3.47932654777943e-12,0.26055557844022903,-3.801245084901207e-10,0.0008506230788971021,-0.0005550183198152583,43.271075430446245,4,True,-2.0884418670905865e-06,-1.5442491833205825,7.626768141563111e-05,-2.088471648674673e-06,-1.544249183183829,7.626768140133357e-05
3.9199999999996793,0.00036927228784526653,3.4790928351780595e-12,0.2605555754290679,-3.8008553706150044e-10,0.0008384233219581863,-0.0005469284022198242,43.271075302565926,4,True,-2.058146748830545e-06,-1.5442487506083837,7.517498579940171e-05,-2.058176526050921e-06,-1.544248750471697,7.517498579254245e-05
3.929999999999678,0.00036384695437846674,3.478863626446882e-12,0.26055557246046246,-3.8004736042253355e-10,0.000826393408361746,-0.0005389547024896223,43.27107517614637,4,True,-2.028282862875299e-06,-1.5442483239625546,7.409747094765574e-05,-2.028312638156518e-06,-1.5442483238258675,7.409747093519175e-05
3.939999999999677,0.00035850072630835833,3.4786414928857025e-12,0.26055556953383785,-3.8001055588651847e-10,0.0008145311153748291,-0.0005310955973550773,43.271075051182976,4,True,-1.9988443027817142e-06,-1.54424790330254,7.303493908210168e-05,-1.998874070017225e-06,-1.544247903165879,7.303493906493187e-05
3.949999999999676,0.0003532324665168471,3.478416154666533e-12,0.2605555666486263,-3.799727760231253e-10,0.0008028342453147012,-0.0005233494849410311,43.27107492765812,4,True,-1.9698252192927586e-06,-1.5442474885486375,7.19871946490573e-05,-1.969854990085232e-06,-1.54424748841198,7.19871946420471e-05
3.959999999999675,0.00034804105378806536,3.4781953524650192e-12,0.2605555638042669,-3.7993586004456146e-10,0.0007913006253845791,-0.0005157147845219732,43.27107480556451,4,True,-1.9412198585811264e-06,-1.5442470796220376,7.095404428389652e-05,-1.9412496217574385e-06,-1.5442470794854284,7.095404426855403e-05
3.969999999999674,0.0003429253825982299,3.4779705513010766e-12,0.26055556100020566,-3.798978616056044e-10,0.0007799281075203993,-0.0005081899362756632,43.2710746848969,4,True,-1.9130225209188424e-06,-1.5442466764452514,6.993529673710176e-05,-1.913052289380701e-06,-1.5442466763086231,6.993529673280569e-05
3.9799999999996727,0.00033788436290793476,3.4777527549994148e-12,0.2605555582358954,-3.798612891769109e-10,0.0007687145682156553,-0.0005007734010438255,43.27107456563303,4,True,-1.8852275964622895e-06,-1.5442462789410356,6.893076302831235e-05,-1.885257358344891e-06,-1.5442462788044684,6.893076301613524e-05
3.9899999999996716,0.0003329169199568343,3.477528261325133e-12,0.2605555555107955,-3.798230324479939e-10,0.0007576579083579921,-0.000493463660089317,43.27107444778028,4,True,-1.8578295308859268e-06,-1.5442458870338567,6.794025619804153e-05,-1.8578593032692905e-06,-1.544245886897239,6.794025620019839e-05
3.9999999999996705,0.0003280219940607537,3.4773154057185425e-12,0.2605555528243724,-3.797873202067641e-10,0.0007467560530562298,-0.00048625921485917186,43.27107433130968,4,True,-1.830822860422478e-06,-1.544245500648471,6.69635915494024e-05,-1.8308526219669236e-06,-1.5442455005118385,6.696359153459483e-05
4.009999999999674,0.00032319854041113687,3.4771079576814725e-12,0.260555550176099,-3.797525865947778e-10,0.0007360069514588296,-0.0004791585867478701,43.27107421622211,4,True,-1.8042021637342413e-06,-1.5442451197106417,6.60005863939324e-05,-1.8042319184434291e-06,-1.544245119574059,6.600058638519777e-05
4.019999999999677,0.00031844552887688244,3.4768997887149172e-12,0.26055554756545457,-3.797174699471498e-10,0.0007254085765885006,-0.0004721603168607012,43.27107410250072,4,True,-1.777962109393521e-06,-1.544244744147336,6.505106019826834e-05,-1.777991871312355e-06,-1.5442447440107665,6.505106019734354e-05
4.0299999999996805,0.00031376194380850517,3.4766983491049605e-12,0.26055554499192524,-3.7968374645560757e-10,0.0007149589251531559,-0.00046526296578314706,43.27107399012968,4,True,-1.75209743387394e-06,-1.5442443738860323,6.411483454933201e-05,-1.7521271910518426e-06,-1.5442443737494485,6.411483454337451e-05
4.039999999999684,0.0003091467838446144,3.4765037088956773e-12,0.26055554245500334,-3.796513569876747e-10,0.0007046560173682405,-0.0004584651133470324,43.2710738791138,4,True,-1.726602944518078e-06,-1.5442440088553373,6.319173300475146e-05,-1.7266326916173727e-06,-1.5442440087187583,6.319173299505972e-05
4.049999999999687,0.00030459906172071715,3.4763112235764646e-12,0.2605555399541876,-3.796192440328191e-10,0.0006944978967792643,-0.00045176535840305286,43.27107376943058,4,True,-1.7014734978344196e-06,-1.5442436489845837,6.228158129143299e-05,-1.7015032412982421e-06,-1.5442436488480613,6.228158127851066e-05
4.0599999999996905,0.00030011780408027066,3.476122710829354e-12,0.2605555374889832,-3.795878648872502e-10,0.0006844826300684143,-0.0004451623185931328,43.27107366105545,4,True,-1.676704025444651e-06,-1.5442432942040665,6.138420712474445e-05,-1.6767337650675722e-06,-1.5442432940675452,6.138420710816065e-05
4.069999999999694,0.00029570205128801535,3.4759282965878468e-12,0.26055553505890133,-3.795549684798459e-10,0.0006746083068709769,-0.00043865463012421536,43.27107355400548,4,True,-1.652289533707462e-06,-1.5442429444448575,6.0499440204964255e-05,-1.652319284766961e-06,-1.544242944308332,6.049944020959816e-05
4.079999999999697,0.0002913508572455707,3.475743001607622e-12,0.26055553266345954,-3.79524032424795e-10,0.0006648730395948653,-0.0004322409475443986,43.27107344824976,4,True,-1.6282250937506004e-06,-1.544242599638997,5.9627112347254184e-05,-1.628254838981503e-06,-1.5442425995024875,5.962711233904664e-05
4.0899999999997005,0.00028706328920922184,3.47556719581964e-12,0.2605555303021815,-3.794950550156249e-10,0.0006552749632208104,-0.00042591994352336564,43.27107334377805,4,True,-1.6045058315139334e-06,-1.5442422597190903,5.876705730752209e-05,-1.6045355609780428e-06,-1.544242259582596,5.876705728899565e-05
4.099999999999704,0.000282838427609923,3.475385720057766e-12,0.2605555279745968,-3.7946455543026867e-10,0.0006458122351174259,-0.000419690308630202,43.27107324059089,4,True,-1.5811269307622478e-06,-1.544241924618926,5.791911074293125e-05,-1.5811566701123836e-06,-1.54424192448249,5.7919110735923834e-05
4.109999999999707,0.00027867536587551585,3.4752036973674013e-12,0.26055552568024115,-3.794338368044353e-10,0.0006364830348546187,-0.00041355075111652856,43.27107313866529,4,True,-1.5580836578557126e-06,-1.5442415942729442,5.708311042295569e-05,-1.5581133970061384e-06,-1.5442415941364578,5.708311041754186e-05
4.119999999999711,0.00027457321025506815,3.4750277905099745e-12,0.2605555234186563,-3.7940435654921707e-10,0.0006272855640010398,-0.0004074999967020096,43.27107303798822,4,True,-1.535371330494973e-06,-1.5442412686161486,5.6258895972201314e-05,-1.5354010602818968e-06,-1.5442412684797424,5.6258895958869286e-05
4.129999999999714,0.0002705310796453903,3.4748496837787246e-12,0.2605555211893896,-3.7937422665222964e-10,0.0006182180459392986,-0.00040153678835777096,43.27107293855795,4,True,-1.512985328749675e-06,-1.5442409475849406,5.544630890208232e-05,-1.5130150607009985e-06,-1.5442409474484795,5.544630890130983e-05
4.139999999999717,0.00026654810541968413,3.4746765572245437e-12,0.2605555189919944,-3.793450827677191e-10,0.0006092787256731935,-0.00039565988609655797,43.271072840356695,4,True,-1.490921092065045e-06,-1.5442406311159447,5.464519275344706e-05,-1.4909508214379256e-06,-1.5442406309795031,5.4645192750689314e-05
4.149999999999721,0.0002626234312582735,3.4745038563779204e-12,0.2605555168260299,-3.7931587887172434e-10,0.0006004658696269158,-0.0003898680667628144,43.27107274336789,4,True,-1.4691741170148795e-06,-1.544240319146875,5.385539287704209e-05,-1.469203844765482e-06,-1.5442403190104566,5.385539287586955e-05
4.159999999999724,0.00025875621298144147,3.4743354967700275e-12,0.2605555146910607,-3.79287546098689e-10,0.0005917777654518735,-0.00038416012382403114,43.271072647588646,4,True,-1.4477399673601166e-06,-1.5442400116161237,5.3076756537013026e-05,-1.447769697610835e-06,-1.5442400114796704,5.30767565372828e-05
4.169999999999727,0.00025494561838433627,3.4741740338305475e-12,0.26055551258665716,-3.792606424417674e-10,0.0005832127218360087,-0.00037853486716414234,43.27107255300763,4,True,-1.4266142707668203e-06,-1.544239708462998,5.2309132831126676e-05,-1.4266439978327423e-06,-1.5442397083266006,5.2309132825288166e-05
4.179999999999731,0.0002511908270739241,3.474015969724291e-12,0.2605555105123952,-3.792343524733732e-10,0.0005747690683092971,-0.0003729911228809224,43.2710724596066,4,True,-1.4057926954085213e-06,-1.5442394096273966,5.155237273846249e-05,-1.405822418766797e-06,-1.544239409490977,5.1552372725629194e-05
4.189999999999734,0.0002474910303079662,3.47385786273918e-12,0.2605555084678563,-3.792079010992995e-10,0.0005664451550410819,-0.0003675277330831603,43.27107236737817,4,True,-1.3852709756494826e-06,-1.5442391150500507,5.080632903012667e-05,-1.3853006986361955e-06,-1.5442391149136507,5.080632902217055e-05
4.199999999999737,0.0002438454308360128,3.4736973866518125e-12,0.2605555064526274,-3.791807774880617e-10,0.0005582393526480168,-0.0003621435556907399,43.27107227630184,4,True,-1.3650448956893e-06,-1.5442388246724248,5.0070856326598904e-05,-1.365074632525415e-06,-1.544238824536057,5.0070856336815965e-05
4.209999999999741,0.00024025324274237438,3.4735451379563964e-12,0.26055550446630066,-3.7915546154133165e-10,0.0005501500519968727,-0.0003568374642365406,43.27107218638173,4,True,-1.3451103257827824e-06,-1.5442385384368507,4.934581102197139e-05,-1.3451400502569598e-06,-1.544238538300408,4.9345811016289305e-05
4.219999999999744,0.00023671369129108825,3.473398588823092e-12,0.2605555025084737,-3.7913122751297686e-10,0.0005421756640154724,-0.00035160834767007296,43.27107209760016,4,True,-1.3254631542096275e-06,-1.5442382562861712,4.863105127060387e-05,-1.3254928750799304e-06,-1.5442382561498047,4.8631051264438714e-05
4.229999999999747,0.00023322601277281086,3.47325644440495e-12,0.26055550057874954,-3.7910784367182407e-10,0.000534314619489453,-0.0003464551101632042,43.27107200993764,4,True,-1.3060993349065055e-06,-1.5442379781641495,4.792643703729404e-05,-1.3061290490753954e-06,-1.5442379780277693,4.79264370256699e-05
4.239999999999751,0.00022978945435364747,3.4731097151101658e-12,0.26055549867673605,-3.790832431140326e-10,0.0005265653688657206,-0.0003413766709196529,43.27107192338562,4,True,-1.2870148739438598e-06,-1.5442377040150939,4.7231829990825955e-05,-1.2870446007049516e-06,-1.5442377038787138,4.7231829994963406e-05
4.249999999999754,0.00022640327392589525,3.4729713539574868e-12,0.2605554968020466,-3.7906045904960604e-10,0.0005189263820619253,-0.00033637196398146813,43.271071837941406,4,True,-1.268205864566529e-06,-1.5442374337842946,4.654709351280705e-05,-1.2682355776879034e-06,-1.5442374336479154,4.6547093503215465e-05
4.259999999999757,0.0002230667399606947,3.472836396549098e-12,0.26055549495429936,-3.790382663669583e-10,0.0005113961482752701,-0.0003314399380428878,43.27107175358614,4,True,-1.2496683966556209e-06,-1.5442371674175284,4.587209273583302e-05,-1.2496981085194089e-06,-1.5442371672811657,4.587209272447446e-05
4.269999999999761,0.00021977913136252513,3.472702842761325e-12,0.26055549313311754,-3.790162721954902e-10,0.0005039731757793906,-0.0003265795562645933,43.271071670309915,4,True,-1.2313986520456048e-06,-1.544236904861262,4.520669447529949e-05,-1.2314283621311657e-06,-1.5442369047249207,4.520669447245514e-05
4.279999999999764,0.00021653973732556518,3.4725718999661283e-12,0.26055549133812966,-3.789947465583857e-10,0.0004966559917341681,-0.0003217897960873445,43.27107158810057,4,True,-1.2133928481864495e-06,-1.5442366460627532,4.455076721619117e-05,-1.2134225530985094e-06,-1.5442366459264485,4.4550767210046346e-05
4.289999999999767,0.00021334785719189178,3.4724447347883307e-12,0.260555489568969,-3.789739129246009e-10,0.0004894431419897938,-0.00031706964905105954,43.27107150694154,4,True,-1.1956472636290146e-06,-1.5442363909698122,4.390418110157279e-05,-1.1956769565475419e-06,-1.5442363908335717,4.390418108467742e-05
4.299999999999771,0.0002102028003114873,3.4723119136920077e-12,0.2605554878252735,-3.7895163313460583e-10,0.0004823331908956234,-0.0003124181206127278,43.27107142683799,4,True,-1.1781582060068055e-06,-1.544236139531205,4.326680788831605e-05,-1.1781879070687889e-06,-1.544236139394939,4.326680788036866e-05
4.309999999999774,0.0002071038859040552,3.472174900097628e-12,0.26055548610668594,-3.789283117909546e-10,0.0004753247211131579,-0.00030783422996886057,43.271071347762565,4,True,-1.160922061590403e-06,-1.5442358916961176,4.263852101793563e-05,-1.1609517692986744e-06,-1.544235891559864,4.263852101311429e-05
4.319999999999777,0.00020405044292259145,3.4720416387550943e-12,0.2605554844128542,-3.789058058375407e-10,0.00046841633341767377,-0.000303317009878736,43.27107126971072,4,True,-1.143935252320009e-06,-1.5442356474144248,4.201919551554991e-05,-1.1439649545647079e-06,-1.544235647278103,4.201919550887572e-05
4.329999999999781,0.00020104180991872408,3.471909412979939e-12,0.2605554827434304,-3.788833906464986e-10,0.00046160664650690626,-0.00029886550648908314,43.271071192669005,4,True,-1.1271942420899094e-06,-1.544235406636599,4.1408707977369256e-05,-1.1272239444718954e-06,-1.5442354065004167,4.1408707967715655e-05
4.339999999999784,0.00019807733490979302,3.4717762853666267e-12,0.2605554810980716,-3.788607231615117e-10,0.00045489429681316173,-0.0002944787791610328,43.27107111662857,4,True,-1.1106955475459623e-06,-1.544235169314019,4.080693660055708e-05,-1.1107252523672948e-06,-1.5442351691777834,4.080693659182093e-05
4.349999999999787,0.0001951563752476439,3.471640330976839e-12,0.2605554794764393,-3.788373546471238e-10,0.0004482779383120437,-0.0002901559003000198,43.271071041569776,4,True,-1.0944357352169141e-06,-1.5442349353984703,4.021376113320467e-05,-1.0944654495716905e-06,-1.5442349352621756,4.021376114693617e-05
4.359999999999791,0.00019227829748911957,3.471518457635475e-12,0.26055547787819966,-3.7881707749389344e-10,0.0004417562423344772,-0.0002858959551856625,43.27107096749813,4,True,-1.07841142976427e-06,-1.5442347048422391,3.9629062860115465e-05,-1.0784411248047368e-06,-1.5442347047060043,3.962906284940756e-05
4.369999999999794,0.00018944247726825707,3.4713922991400342e-12,0.260555476303023,-3.787956827703398e-10,0.0004353278973823838,-0.0002816980418022316,43.27107089439327,4,True,-1.0626192690891345e-06,-1.5442344775988124,3.905272458692897e-05,-1.062648975350179e-06,-1.5442344774625278,3.9052724586637915e-05
4.379999999999797,0.00018664829917011612,3.4712725721196055e-12,0.2605554747505844,-3.7877567232039243e-10,0.0004289916089402316,-0.00027756127067865116,43.27107082224549,4,True,-1.0470559718312641e-06,-1.5442342536216103,3.848463067978229e-05,-1.0470856727182708e-06,-1.5442342534853961,3.848463066636548e-05
4.389999999999801,0.00018389515660626374,3.471155148313906e-12,0.26055547322056305,-3.7875608130024966e-10,0.00042274609928673963,-0.00027348476471997056,43.27107075104113,4,True,-1.0317182771902226e-06,-1.544234032865128,3.792466691309559e-05,-1.0317479765366864e-06,-1.5442340327288893,3.792466690892789e-05
4.399999999999804,0.00018118245169189412,3.4710398658706023e-12,0.26055547171264287,-3.7873684649701253e-10,0.0004165901073098898,-0.0002694676590480857,43.27107068077436,4,True,-1.016602981357677e-06,-1.544233815284094,3.7372720622755364e-05,-1.0166326789437422e-06,-1.5442338151478816,3.737272062099977e-05
4.409999999999807,0.00017850959512454498,3.4709281891282463e-12,0.26055547022651177,-3.787183302814503e-10,0.00041052238832396497,-0.0002655091008401679,43.271070611421706,4,True,-1.0017069176993586e-06,-1.5442336008342712,3.682868054108236e-05,-1.0017366089913692e-06,-1.5442336006979114,3.682868053827671e-05
4.419999999999811,0.00017587600606441215,3.470829269352567e-12,0.2605554687618616,-3.7870251444487954e-10,0.0004045417138868937,-0.000261608249171538,43.271070542988426,4,True,-9.870269848573785e-07,-1.5442333894713918,3.629243688986631e-05,-9.87056653503428e-07,-1.5442333893352853,3.6292436864239293e-05
4.429999999999814,0.00017328111201624015,3.470715750114172e-12,0.26055546731838863,-3.786832189861791e-10,0.00039864687162100444,-0.0002577642748575172,43.27107047546513,4,True,-9.725600701889673e-07,-1.5442331811527852,3.5763881244472065e-05,-9.725897576647828e-07,-1.5442331810165846,3.576388123911085e-05
4.439999999999817,0.00017072434871276036,3.4705985499868174e-12,0.26055546589579337,-3.786630788556059e-10,0.00039283666503213134,-0.0002539763603019508,43.27107040883088,4,True,-9.583031604253287e-07,-1.5442329758352413,3.524290673323168e-05,-9.583328577566944e-07,-1.5442329756991033,3.524290672819655e-05
4.449999999999821,0.00016820515999965217,3.470480104566475e-12,0.26055546449378014,-3.7864267214330717e-10,0.00038710991332646747,-0.0002502436993419091,43.27107034307704,4,True,-9.442532641088526e-07,-1.5442327734768,3.4729407748335014e-05,-9.442829629341777e-07,-1.544232773340612,3.472940774976544e-05
4.459999999999824,0.00016572299772205014,3.470370398903308e-12,0.2605554631120576,-3.7862418653660525e-10,0.000381465451234265,-0.0002465654970969505,43.2710702781974,4,True,-9.304074294248805e-07,-1.5442325740357643,3.4223280140764916e-05,-9.304371191283316e-07,-1.544232573899597,3.422328013144269e-05
4.4699999999998274,0.00016327732161253457,3.4702637856687243e-12,0.26055546175033806,-3.7860626803648264e-10,0.0003759021288315663,-0.00024294096982039972,43.271070214176696,4,True,-9.167627403045163e-07,-1.5442323774711038,3.3724421083456275e-05,-9.167924255988255e-07,-1.5442323773349171,3.372442108298908e-05
4.479999999999831,0.00016086759918061195,3.470157669451487e-12,0.2605554604083379,-3.7858835004259636e-10,0.0003704188113655701,-0.00023936934475071234,43.271070151006185,4,True,-9.033163194489207e-07,-1.5442321837424065,3.3232729123452434e-05,-9.033460092865012e-07,-1.5442321836061952,3.323272912813777e-05
4.489999999999834,0.00015849330560365786,3.4700485459208704e-12,0.260555459085777,-3.785696736929717e-10,0.0003650143790794242,-0.0002358498599678473,43.27107008868148,4,True,-8.900653396309023e-07,-1.5442319928096806,3.274810413382169e-05,-8.900950434032116e-07,-1.544231992673518,3.2748104156927e-05
4.4999999999998375,0.0001561539236193149,3.469966848936533e-12,0.26055545778237954,-3.7855714866684764e-10,0.0003596877270412935,-0.00023238176424486196,43.27107002719531,4,True,-8.770070342534918e-07,-1.5442318046336003,3.2270447317813244e-05,-8.770367008852325e-07,-1.5442318044973824,3.22704472914342e-05
4.509999999999841,0.00015384894341933432,3.4698828175593567e-12,0.2605554564978732,-3.7854377942577417e-10,0.000354437764973196,-0.00022896431690925113,43.271069966525246,4,True,-8.641386084590515e-07,-1.5442316191751928,3.179966116433931e-05,-8.641682752673308e-07,-1.54423161903912,3.1799661148118036e-05
4.519999999999844,0.00015157786254479938,3.4697852675187883e-12,0.2605554552319897,-3.785272872948236e-10,0.0003492634170726009,-0.0002255967877018379,43.27106990666605,4,True,-8.514573480248581e-07,-1.5442314363961929,3.1335649487457696e-05,-8.514870335576681e-07,-1.5442314362600116,3.1335649489324163e-05
4.5299999999998475,0.00014934018578276916,3.469694046067185e-12,0.26055545398446395,-3.78512256796359e-10,0.00034416362184765467,-0.00022227845663651152,43.27106984761225,4,True,-8.389606050144353e-07,-1.5442312562585772,3.087831735306646e-05,-8.389902862821396e-07,-1.5442312561224059,3.087831734394847e-05
4.539999999999851,0.00014713542506431275,3.4696032191571523e-12,0.2605554527550347,-3.784972041309455e-10,0.0003391373319488706,-0.00021900861386177606,43.27106978934683,4,True,-8.266457218024291e-07,-1.5442310787251852,3.042757106928199e-05,-8.26675397688967e-07,-1.5442310785890347,3.0427571055590603e-05
4.549999999999854,0.00014496309936389563,3.4695078082739914e-12,0.2605554515434445,-3.784810449076176e-10,0.0003341835140025489,-0.0002157865595270821,43.27106973186953,4,True,-8.145100896876681e-07,-1.544230903759114,2.9983318208825352e-05,-8.145397697467411e-07,-1.544230903623004,2.9983318204708284e-05
4.5599999999998575,0.00014282273460012294,3.4694105879630388e-12,0.2605554503494391,-3.784644522077079e-10,0.0003293011484443017,-0.00021261160364704297,43.271069675164185,4,True,-8.025511474084501e-07,-1.5442307313240702,2.9545467589608718e-05,-8.025808290686457e-07,-1.5442307311879697,2.9545467583296276e-05
4.569999999999861,0.0001407138635378096,3.4693138716492074e-12,0.26055544917276785,-3.784479367551743e-10,0.0003244892293546925,-0.00020948306596952048,43.27106961922439,4,True,-7.907663578519416e-07,-1.5442305613842622,2.911392922195271e-05,-7.907960403728277e-07,-1.544230561248166,2.9113929219371157e-05
4.579999999999864,0.00013863602569137162,3.4692159623488216e-12,0.2605554480131836,-3.784310991254585e-10,0.0003197467642972565,-0.0002064002758446699,43.27106956403935,4,True,-7.79153226119195e-07,-1.5442303939042945,2.8688614324132993e-05,-7.791829119025946e-07,-1.5442303937681838,2.86886143294915e-05
4.5899999999998675,0.00013658876722951913,3.4691247758449763e-12,0.2605554468704426,-3.7841572526146533e-10,0.0003150727741553721,-0.00020336257209549439,43.27106950960161,4,True,-7.677092877789636e-07,-1.5442302288492902,2.826943531798752e-05,-7.677389728935222e-07,-1.5442302287131637,2.8269435321621574e-05
4.599999999999871,0.0001345716408812319,3.4690450374634393e-12,0.2605554457443045,-3.7840287868838666e-10,0.0003104662929728339,-0.00020036930288950904,43.27106945589689,4,True,-7.564321202733484e-07,-1.5442300661848787,2.7856305785796368e-05,-7.564617939239835e-07,-1.5442300660486632,2.7856305778899325e-05
4.609999999999874,0.00013258420584300474,3.4689644475744964e-12,0.26055544463453206,-3.7838962479766057e-10,0.00030592636779556444,-0.0001974198256131256,43.271069402924944,4,True,-7.453193195344954e-07,-1.5442299058770799,2.744914043674119e-05,-7.453489909207066e-07,-1.5442299057409319,2.7449140438276935e-05
4.6199999999998775,0.00013062602768735366,3.4688900030351423e-12,0.2605554435408914,-3.7837766861345463e-10,0.00030145205851394793,-0.000194513506746023,43.271069350670885,4,True,-7.343685363726128e-07,-1.5442297478924285,2.704785517722458e-05,-7.343981949051837e-07,-1.5442297477563418,2.7047855158339866e-05
4.629999999999881,0.00012869667827256363,3.468806579006534e-12,0.26055544246315215,-3.783635209512751e-10,0.0002970424377060843,-0.00019164972173849463,43.27106929912644,4,True,-7.235774247131972e-07,-1.5442295921980105,2.665236703902393e-05,-7.236070934608804e-07,-1.5442295920619618,2.6652367037804407e-05
4.639999999999884,0.00012679573565363414,3.4687200184203895e-12,0.2605554414010868,-3.7834866504202257e-10,0.0002926965904859594,-0.00018882785489092983,43.271069248283226,4,True,-7.129437010465399e-07,-1.5442294387612514,2.6262594148230317e-05,-7.129733712251328e-07,-1.5442294386252091,2.6262594143255428e-05
4.649999999999888,0.00012492278399446342,3.468630462231144e-12,0.2605554403544711,-3.783331156362857e-10,0.00028841361434612395,-0.0001860472992315618,43.271069198132714,4,True,-7.024650969865699e-07,-1.5442292875499584,2.587845574013431e-05,-7.024947736627187e-07,-1.544229287413868,2.5878455746364067e-05
4.659999999999891,0.00012307741348121265,3.4685453354853753e-12,0.26055543932308384,-3.783185427213668e-10,0.0002841926190080255,-0.00018330745639867917,43.27106914866639,4,True,-6.921393879022481e-07,-1.5442291385325444,2.549987215101243e-05,-6.921690601667681e-07,-1.5442291383964342,2.549987214641457e-05
4.669999999999894,0.00012125922023685668,3.468461914736053e-12,0.26055543830670713,-3.783042611440024e-10,0.00028003272627029157,-0.00018060773652317085,43.27106909987071,4,True,-6.819643655893705e-07,-1.544228991677687,2.5126764782874768e-05,-6.819940354328094e-07,-1.5442289915416327,2.5126764785362863e-05
4.679999999999898,0.00011946780623688659,3.4683835873231613e-12,0.26055543730512576,-3.7829107303539205e-10,0.00027593306986001655,-0.00017794755811379576,43.27106905174808,4,True,-6.719378685035629e-07,-1.5442288469546164,2.475905612589699e-05,-6.719675351795696e-07,-1.5442288468185503,2.4759056121930424e-05
4.689999999999901,0.00011770277922617334,3.4683052018581173e-12,0.26055543631812755,-3.7827778871686465e-10,0.0002718927952869723,-0.00017532634794111194,43.27106900428495,4,True,-6.620577454690085e-07,-1.5442287043330054,2.4396669670451838e-05,-6.620874160344244e-07,-1.5442287041969331,2.4396669667738744e-05
4.699999999999904,0.00011596375263696634,3.4682318254117327e-12,0.26055543534550357,-3.782655696271752e-10,0.0002679110596968824,-0.00017274354092528167,43.27106895746773,4,True,-6.523218977227206e-07,-1.5442285637828432,2.403953000625757e-05,-6.523515628476439e-07,-1.5442285636468072,2.403952999952622e-05
4.709999999999908,0.00011425034550800523,3.4681593652316913e-12,0.26055543438704754,-3.7825347685427417e-10,0.00026398703172370583,-0.00017019858002592802,43.271068911293554,4,True,-6.427282432271539e-07,-1.544228425274539,2.3687562718742634e-05,-6.42757907409299e-07,-1.5442284251384748,2.3687562722009674e-05
4.719999999999911,0.0001125621824047428,3.468091490060904e-12,0.2605554334425562,-3.7824235528197985e-10,0.00026011989134925293,-0.00016769091612996062,43.271068865752575,4,True,-6.332747281864712e-07,-1.5442282887789915,2.3340694412034537e-05,-6.333043851815181e-07,-1.5442282886429015,2.334069440954296e-05
4.729999999999914,0.00011089889334066194,3.4680251232381636e-12,0.26055543251182894,-3.7823145897661885e-10,0.0002563088297592813,-0.00016522000794453885,43.27106882084156,4,True,-6.239593333993821e-07,-1.544228154267374,2.2998852671541107e-05,-6.239889899476022e-07,-1.5442281541313532,2.299885266515338e-05
4.739999999999918,0.00010926011369967449,3.467957587517485e-12,0.26055543159466815,-3.782202196258298e-10,0.0002525530492048511,-0.0001627853218882621,43.27106877654461,4,True,-6.147800652315404e-07,-1.5442280217114346,2.266196609687133e-05,-6.148097199554344e-07,-1.5442280215754096,2.2661966092293463e-05
4.749999999999921,0.00010764548415958263,3.4678899862681234e-12,0.2605554306908789,-3.782088953745477e-10,0.0002488517628624274,-0.00016038633198620086,43.27106873285979,4,True,-6.057349562732141e-07,-1.5442278910832297,2.2329964247929355e-05,-6.057646118614375e-07,-1.544227890947203,2.2329964240514727e-05
4.759999999999924,0.00010605465061659089,3.4678255436205695e-12,0.26055542980026897,-3.781982676951953e-10,0.00024520419469427335,-0.00015802251976554797,43.271068689773664,4,True,-5.968220750526225e-07,-1.5442277623550973,2.200277766683445e-05,-5.968517247485663e-07,-1.5442277622190368,2.2002777651208602e-05
4.769999999999928,0.00010448726411085529,3.4677544167615644e-12,0.26055542892264877,-3.7818603309367696e-10,0.0002416095793144722,-0.00015569337415199616,43.2710686472847,4,True,-5.880395036696143e-07,-1.5442276354998041,2.168033780012149e-05,-5.880691652020744e-07,-1.5442276353637816,2.1680337802978253e-05
4.779999999999931,0.0001029429807530701,3.4676846493451144e-12,0.26055542805783144,-3.7817413795352744e-10,0.0002380671618527103,-0.00015339839136580149,43.271068605386034,4,True,-5.793853584390769e-07,-1.5442275104908858,2.136257707994239e-05,-5.794150205090133e-07,-1.5442275103548,2.1362577079016995e-05
4.789999999999934,0.00010142146165205112,3.4676194101975627e-12,0.26055542720563274,-3.781632417792839e-10,0.00023457619781970133,-0.00015113707482652798,43.27106856405835,4,True,-5.708578013490391e-07,-1.5442273873012868,2.104942888180005e-05,-5.708874577341715e-07,-1.5442273871652217,2.1049428870684078e-05
4.799999999999938,9.992237284332709e-05,3.467562662957663e-12,0.26055542636587115,-3.7815415472789944e-10,0.00023113595297656646,-0.00014890893504598325,43.27106852330874,4,True,-5.624549894523091e-07,-1.544227265905503,2.0740827416780905e-05,-5.624846389152307e-07,-1.5442272657694718,2.074082740671753e-05
4.809999999999941,9.844538521872119e-05,3.467503072449567e-12,0.26055542553836725,-3.781443033727988e-10,0.00022774570320652614,-0.00014671348953746604,43.27106848312521,4,True,-5.541751126155687e-07,-1.5442271462775805,2.04367078747784e-05,-5.54204764786092e-07,-1.5442271461415544,2.0436707869083925e-05
4.819999999999944,9.699017445689509e-05,3.4674421769291706e-12,0.26055542472294474,-3.781341046825669e-10,0.00022440473438027704,-0.00014455026271425786,43.271068443495636,4,True,-5.460163959018427e-07,-1.5442270283921387,2.013700631346951e-05,-5.46046050662525e-07,-1.5442270282561574,2.0137006306204962e-05
4.829999999999948,9.555642095486013e-05,3.4673797708297806e-12,0.26055542391942926,-3.7812356096944944e-10,0.00022111234222919242,-0.00014241878579635624,43.27106840441624,4,True,-5.37977088549974e-07,-1.5442269122242926,1.9841659653241334e-05,-5.380067454423639e-07,-1.5442269120882524,1.9841659654745868e-05
4.839999999999951,9.414380976044205e-05,3.4673209178085054e-12,0.2605554231276493,-3.781137669956272e-10,0.00021786783222013203,-0.0001403185967146502,43.27106836588021,4,True,-5.300554633877414e-07,-1.5442267977492772,1.9550605721709973e-05,-5.300851156442217e-07,-1.544226797613266,1.955060571535854e-05
4.849999999999954,9.275203050567838e-05,3.4672596050788022e-12,0.2605554223474356,-3.781033661798615e-10,0.0002146705194280746,-0.00013824924001889873,43.271068327875696,4,True,-5.22249810363289e-07,-1.5442266849428161,1.9263783168625486e-05,-5.222794653761907e-07,-1.5442266848068449,1.9263783165713062e-05
4.859999999999958,9.138077734113427e-05,3.4671988666921232e-12,0.26055542157862127,-3.7809308026335637e-10,0.00021151972841395355,-0.0001362102667855674,43.271068290406106,4,True,-5.145584567342076e-07,-1.544226573780977,1.8981131511478628e-05,-5.145881092150805e-07,-1.5442265736449614,1.8981131504712678e-05
4.869999999999961,9.002974887114623e-05,3.467136014830106e-12,0.2605554208210417,-3.780822565225161e-10,0.00020841479310101328,-0.00013420123452630514,43.27106825345663,4,True,-5.069797390118008e-07,-1.5442264642400811,1.8702591097717212e-05,-5.070093958826286e-07,-1.5442264641041152,1.8702591099901568e-05
4.879999999999964,8.869864808994783e-05,3.4670711569062496e-12,0.26055542007453475,-3.780709617091612e-10,0.000205355056654098,-0.00013222170709980812,43.271068217019675,4,True,-4.995120252331374e-07,-1.544226356296873,1.8428103103823e-05,-4.995416890914568e-07,-1.544226356160908,1.8428103105446795e-05
4.889999999999968,8.738718231869924e-05,3.4670128912676193e-12,0.26055541933894044,-3.780611701223308e-10,0.0002023398713600246,-0.00013027125462229295,43.2710681810963,4,True,-4.921537198005314e-07,-1.5442262499284065,1.815760951332624e-05,-4.921833721291586e-07,-1.5442262497923853,1.8157609514882247e-05
4.899999999999971,8.609506314338674e-05,3.4669590375084437e-12,0.2605554186141012,-3.780522755305723e-10,0.00019936859850671644,-0.00012834945338108684,43.27106814566849,4,True,-4.84903221703377e-07,-1.5442261451118813,1.7891053137297522e-05,-4.849328686251354e-07,-1.5442261449758612,1.78910531304867e-05
4.909999999999974,8.482200635358695e-05,3.4669037924694465e-12,0.2605554178998615,-3.78042979192484e-10,0.00019644060826776947,-0.00012645588574775708,43.271068110738405,4,True,-4.777589664651291e-07,-1.5442260418250653,1.7628377545251587e-05,-4.777886157618035e-07,-1.5442260416891194,1.7628377538523516e-05
4.919999999999978,8.356773188209067e-05,3.46684352948749e-12,0.26055541719606823,-3.780325168832886e-10,0.0001935552795851965,-0.00012459014009439688,43.271068076296366,4,True,-4.7071941037619486e-07,-1.5442259400458966,1.7369527129123936e-05,-4.7074907276976557e-07,-1.5442259399099445,1.7369527134369903e-05
4.929999999999981,8.23319637453619e-05,3.466793000498491e-12,0.2605554165025702,-3.780242922625582e-10,0.00019071200005546418,-0.00012275181070857524,43.27106804233682,4,True,-4.637830548364327e-07,-1.544225839752727,1.7114447024319077e-05,-4.6381270457550736e-07,-1.5442258396167345,1.7114447014114525e-05
4.939999999999984,8.111442998483994e-05,3.466746398797051e-12,0.2605554158192184,-3.7801683040486644e-10,0.00018791016581623594,-0.00012094049771113101,43.27106800885269,4,True,-4.569483824940653e-07,-1.5442257409240643,1.6863083134176888e-05,-4.569780245505816e-07,-1.544225740788118,1.6863083125083156e-05
4.949999999999988,7.991486260905196e-05,3.4666946833086568e-12,0.2605554151458663,-3.7800812334786326e-10,0.00018514918143438971,-0.00011915580697491935,43.271067975837994,4,True,-4.5021391712600634e-07,-1.5442256435388024,1.6615382125319955e-05,-4.502435635923981e-07,-1.5442256434028476,1.6615382120188955e-05
4.959999999999991,7.873299753654438e-05,3.4666390157837775e-12,0.2605554144823689,-3.779985167632339e-10,0.00018242845979326674,-0.00011739735004318674,43.27106794328629,4,True,-4.435782034331974e-07,-1.5442255475761713,1.637129141416712e-05,-4.4360785826897436e-07,-1.544225547440226,1.6371291413266086e-05
4.969999999999994,7.756857453960388e-05,3.466587234180589e-12,0.26055541382858366,-3.779897945276186e-10,0.00017974742198418673,-0.000115664744051828,43.271067911191025,4,True,-4.37039815759335e-07,-1.544225453015632,1.61307591292073e-05,-4.370694651642721e-07,-1.5442254528796717,1.613075913244859e-05
4.979999999999998,7.642133718877703e-05,3.4665392578150973e-12,0.2605554131843698,-3.7798185029658994e-10,0.00017710549719858817,-0.0001139576116493916,43.271067879549044,4,True,-4.3059733609766494e-07,-1.544225359836954,1.5893734145048327e-05,-4.3062698053303433e-07,-1.5442253597009679,1.5893734140433522e-05
4.990000000000001,7.52910327981625e-05,3.4664876646882574e-12,0.2605554125495887,-3.7797300388841317e-10,0.00017450212262015347,-0.0001122755809205588,43.271067848349745,4,True,-4.2424936047745353e-07,-1.5442252680201405,1.566016603069151e-05,-4.2427901030518035e-07,-1.5442252678841901,1.5660166031197833e-05
5.000000000000004,7.417741237147393e-05,3.466443547800381e-12,0.2605554119241037,-3.7796580708502714e-10,0.00017193674331940378,-0.00011061828530896687,43.271067817587124,4,True,-4.1799452934994755e-07,-1.5442251775456715,1.543000508675203e-05,-4.180241686929989e-07,-1.544225177409727,1.5430005079257808e-05
5.010000000000008,0.0001573088400623171,3.4656144832219984e-12,0.2605483023274581,-3.775830326096663e-10,-0.0006560541983063012,0.0147674535392354,42.692371799065086,4,True,0.013318474285889897,-1.5648944168329,0.08667125083312294,0.013318474256371095,-1.5648944167308645,0.08667125085300847
5.020000000000011,0.00037900800412278595,3.460483974920387e-12,0.26052821613375665,-3.758608925191176e-10,-0.0034335644844614628,0.0281433903876136,42.78478263074522,4,True,0.016321139221233516,-1.5832165496578563,0.10782679605605432,0.01632113920931351,-1.5832165495554722,0.10782679606571068
5.0300000000000145,0.0007326547395862695,3.449226987446063e-12,0.2605017039092703,-3.7238908470600435e-10,-0.009176758688497403,0.04126431378180503,42.93028433013251,4,True,0.017008158087430607,-1.5915539473963944,0.10841829934948194,0.017008158091774236,-1.5915539472843776,0.10841829934708574
5.040000000000018,0.0012174098827470604,3.43201444562405e-12,0.2604735646433786,-3.672049772207961e-10,-0.01805846692062046,0.05437880865791063,43.015313971686666,4,True,0.017056019789867045,-1.5931702018207423,0.10364535846307787,0.017056019804097794,-1.5931702016999645,0.1036453584538787
5.050000000000021,0.0018334069916046138,3.4098439444027194e-12,0.2604457066649601,-3.6053055331453656e-10,-0.029968796702091408,0.0675080520436913,43.059889260908186,4,True,0.016930840407163993,-1.5917255428812351,0.09727357274964389,0.01693084042634912,-1.5917255427540749,0.09727357273748219
5.0600000000000245,0.0025806288564045056,3.384034998150429e-12,0.26041855964403626,-3.526622881771405e-10,-0.044710521356727734,0.0806185007083448,43.08581391314097,4,True,0.016772927159869055,-1.5891769913455,0.09039892879418983,0.0167729271808017,-1.5891769912141116,0.09039892878124048
5.070000000000028,0.003458638789929623,3.3559833539161423e-12,0.26039199281006337,-3.4391590186065916e-10,-0.06206685705503038,0.09366438495469359,43.10434780554638,4,True,0.01662594643428657,-1.5863633629795686,0.0834003142283087,0.01662594645477991,-1.5863633628456542,0.08340031421587404
5.080000000000031,0.0044665372957933295,3.327058281190462e-12,0.26036572445277306,-3.3460209877442414e-10,-0.08182507912396011,0.10659996021776585,43.1205421243651,4,True,0.016502288443140094,-1.5836120590502794,0.0764232527435352,0.01650228846158794,-1.5836120589155223,0.07642325273240749
5.0900000000000345,0.005602987060368922,3.298512938168654e-12,0.2603394852957991,-3.250051552193168e-10,-0.10378401967265187,0.11938333702043925,43.1365508082353,4,True,0.016403856512901896,-1.5810405906899845,0.06952733838350696,0.016403856528011518,-1.581040590555788,0.06952733837423555
5.100000000000038,0.006866258369527889,3.271438727549107e-12,0.26031307925167374,-3.1537185370514166e-10,-0.12775576897577984,0.13197749181005466,43.15318211249003,4,True,0.01632912436447509,-1.578680068597401,0.06273898049879884,0.016329124375108917,-1.5786800684650604,0.0627389804917822
5.110000000000041,0.008254278281468016,3.2467754871638462e-12,0.2602864008475543,-3.0591370155295294e-10,-0.15356537693974398,0.14435027802996866,43.170594539915264,4,True,0.01627557465152623,-1.5765243571555962,0.05607133560557945,0.016275574656687553,-1.576524357026456,0.056071335601060396
5.1200000000000445,0.009764677773401068,3.225306200672381e-12,0.26025943320673167,-2.968053094224098e-10,-0.18104991775820609,0.15647410647813956,43.1886343904922,4,True,0.016240536589156522,-1.5745510723782148,0.04953188495176923,0.01624053658794411,-1.5745510722531921,0.04953188494989072
5.130000000000048,0.011394835109186159,3.2076563725377313e-12,0.26023223718160804,-2.881843542148874e-10,-0.21005740360167202,0.16832554022074692,43.207012470438585,4,True,0.016221468514141017,-1.572731538425123,0.04312536598146627,0.01622146850571682,-1.5727315383050857,0.04312536598231334
5.140000000000051,0.013141915113248021,3.1943119643430908e-12,0.26020493691660496,-2.801558527164956e-10,-0.24044572361939867,0.17988488837054362,43.22539907431541,4,True,0.01621604713342087,-1.5710358655428032,0.03685497689112441,0.01621604711699917,-1.5710358654284031,0.036854976894742514
5.1500000000000545,0.015002904509188997,3.1856432759094718e-12,0.26017770463962664,-2.7279799075416974e-10,-0.27208167277013934,0.1911358247826283,43.24347410264353,4,True,0.016222187501068953,-1.5694355827052617,0.03072292450646036,0.016222187475932903,-1.5694355825970723,0.0307229245128319
5.160000000000058,0.016974643615290788,3.1819153617218112e-12,0.2601507461648801,-2.6616474091751143e-10,-0.30484009141095836,0.20206503791203945,43.260952013733586,4,True,0.01623803699917833,-1.5679049447679758,0.02473070296860419,0.016238036964665886,-1.567904944666432,0.024730702977676794
5.170000000000061,0.019053854710579125,3.183305968554611e-12,0.2601242878491665,-2.60290378913872e-10,-0.3386031177418861,0.2126619117195341,43.27759271699982,4,True,0.016261959380912516,-1.5664214972140256,0.018879249234170503,0.016261959336413,-1.5664214971194457,0.01887924924586329
5.1800000000000646,0.021237167371643984,3.189918928940724e-12,0.26009856532106085,-2.5519301774334824e-10,-0.37325954650015297,0.2229182356236301,43.29320468495725,4,True,0.01629251542593573,-1.564966221450306,0.01316903623731297,0.01629251537090154,-1.5649662213629185,0.01316903625152302
5.190000000000068,0.02352114105738366,3.2017958095563037e-12,0.2600738140620438,-2.5087759360131e-10,-0.4087042833656355,0.23282794106719562,43.30764380147035,4,True,0.01632844311541487,-1.5635234440780827,0.007600132609186182,0.016328443049357155,-1.563523443997975,0.007600132625788985
5.200000000000071,0.025902285194583954,3.218926086622583e-12,0.2600502617835809,-2.4733864393636847e-10,-0.44483788309902167,0.24238686231598214,43.320809920326816,4,True,0.016368638656541198,-1.562080616060943,0.002172244252999083,0.016368638579023098,-1.5620806159882634,0.002172244271848283
5.210000000000075,0.028291937679481,3.2419030489851204e-12,0.2600354422859235,-2.449793858577175e-10,-0.48090385083123366,0.2365482289958598,43.96921688636272,4,True,0.003102844799277612,-1.5382299875670564,-0.09123749925350225,0.0031028447082447337,-1.538229987469565,-0.09123749925238331
5.220000000000078,0.03063169038826125,3.2735698862205625e-12,0.2600372951522385,-2.4461293778976654e-10,-0.5152680099600865,0.23191196040962656,43.95032626037263,4,True,-0.00010768567450118342,-1.5194225246590811,-0.11853842053878581,-0.00010768578692371737,-1.519422524566071,-0.1185384205325549
5.230000000000081,0.03292530300568664,3.3148330902469223e-12,0.26005135878991137,-2.464053265559417e-10,-0.5466017788793823,0.2272356345527837,43.83875718586054,4,True,-0.0008136394058617384,-1.5099973512961133,-0.12413333250059683,-0.0008136395347005392,-1.5099973512133762,-0.12413333248876932
5.240000000000085,0.03517046119957266,3.3648584782043424e-12,0.26007364076314793,-2.5016693111746724e-10,-0.5745729738304116,0.2222363616233439,43.753380257391385,4,True,-0.0008165027862890415,-1.5061100861976255,-0.12394268630630953,-0.0008165029244609494,-1.5061100861224568,-0.12394268629333557
5.250000000000088,0.037363648230604694,3.4222910283153655e-12,0.260101963930621,-2.55617119842777e-10,-0.5991826843343434,0.21687952907894428,43.68583801614606,4,True,-0.0006310919700177578,-1.5044629655067345,-0.12201985353287548,-0.0006310921128351303,-1.5044629654357464,-0.12201985352131603
5.260000000000091,0.03950144366938442,3.485729382579463e-12,0.260134980678339,-2.6247827552673634e-10,-0.6205450624543034,0.21119806978350175,43.62444016827308,4,True,-0.00041113439536863465,-1.5035308630942135,-0.11950217673497447,-0.00041113454018859623,-1.5035308630249726,-0.11950217672572747
5.270000000000095,0.041580869333466074,3.5538993613301276e-12,0.2601715808629605,-2.705060202787569e-10,-0.638813770685996,0.20524159099677827,43.565827967355716,4,True,-0.00020287822474613894,-1.5028148639892587,-0.11675991531034194,-0.0002028783700754882,-1.5028148639200816,-0.11675991530349625
5.280000000000098,0.04359945597135532,3.6256796528123343e-12,0.26021071282505576,-2.7948929591767577e-10,-0.6541559212086743,0.1990608328064701,43.510552945412336,4,True,-1.8880643725610393e-05,-1.502222254703017,-0.11393344017686662,-1.888078868522762e-05,-1.502222254632492,-0.11393344017217241
5.290000000000101,0.04555522370785009,3.700148848256956e-12,0.2602513753802001,-2.8925819626699944e-10,-0.666742318986102,0.19270291551164778,43.45989461092971,4,True,0.00013909130031699392,-1.50177503342134,-0.1110830717682289,0.00013909115632271214,-1.5017750333484199,-0.11108307176535911
5.300000000000105,0.047446637789589546,3.776561481372569e-12,0.26029264995844337,-2.996767158321012e-10,-0.6767434477124173,0.1862101665372213,43.41474257027426,4,True,0.00027261983190708265,-1.501506480653496,-0.10823765623214081,0.00027261968932035203,-1.501506480577241,-0.10823765623075929
5.310000000000108,0.0492725602629772,3.854332539945414e-12,0.2603337278961096,-3.106387273633077e-10,-0.6843275193322047,0.17962014255386566,43.3754354006039,4,True,0.00038417411093077204,-1.5014348279602652,-0.10541245975323481,0.0003841739701098685,-1.5014348278799865,-0.1054124597530389
5.320000000000111,0.05103220423622982,3.933012194209965e-12,0.26037392397873943,-3.2206231868514737e-10,-0.6896593086921847,0.17296601158576969,43.341887444849725,4,True,0.0004763050267049882,-1.5015620391575455,-0.10261633339685385,0.0004763048879570792,-1.5015620390726412,-0.10261633339759188
5.330000000000115,0.05272509248061298,4.012239301862225e-12,0.2604126783120121,-3.3387954938606407e-10,-0.6928993337808682,0.1662770060873548,43.313749022254534,4,True,0.0005513968899268913,-1.5018784694295557,-0.09985478552683412,0.0005513967534883642,-1.5018784693396294,-0.09985478552826263
5.340000000000118,0.05435102048227476,4.0917451780200476e-12,0.2604495504770417,-3.460383848823951e-10,-0.6942032292246009,0.15957885472101677,43.2905311969441,4,True,0.0006116047895204156,-1.502367563244022,-0.09713141540740862,0.0006116046556173256,-1.5023675631486784,-0.09713141540934242
5.350000000000121,0.05591002357143455,4.1713116313029875e-12,0.2604842092875046,-3.5849348148500976e-10,-0.693721256574009,0.15289416924763918,43.27168889681869,4,True,0.0006588521912110272,-1.5030093239929467,-0.09444865366222019,0.0006588520600251942,-1.503009323891958,-0.09444865366449792
5.360000000000125,0.057402347663525394,4.2507644174584474e-12,0.2605164204548545,-3.712057308423686e-10,-0.6915979262440894,0.14624278518908407,43.256671819585904,4,True,0.000694846717401817,-1.5037825990252185,-0.09180818318525777,0.0006948465890848072,-1.5037825989184406,-0.09180818318774273
5.370000000000128,0.05882842317434069,4.329950015025613e-12,0.2605460336354647,-3.841375929869121e-10,-0.6879717161153777,0.1396420610535202,43.24495356077796,4,True,0.0007211002189996605,-1.5046664891815074,-0.089211195742429,0.0007211000936655494,-1.5046664890688055,-0.08921119574501354
5.380000000000131,0.06018884172636895,4.408735213735551e-12,0.26057296974925825,-3.972538093149346e-10,-0.6829748751881564,0.13310714183520092,43.2360469411243,4,True,0.0007389487149871764,-1.505641170052691,-0.08665855496548142,0.0007389485927353219,-1.5056411699340122,-0.08665855496807526
5.390000000000135,0.06148433531809823,4.486997726348976e-12,0.2605972090755222,-4.105197180885796e-10,-0.6767333020144024,0.12665119194903082,43.22951091980329,4,True,0.0007495709255293868,-1.5066883352911378,-0.08415090182734905,0.0007495708064330082,-1.5066883351664022,-0.08415090182989057
5.400000000000138,0.0627157576751647,4.564611778980928e-12,0.26061878038793057,-4.2389836553301136e-10,-0.6693664884166391,0.12028560193711728,43.22495251785654,4,True,0.0007540051447930403,-1.5077914029018662,-0.0816887230261437,0.0007540050288807327,-1.5077914027711357,-0.08168872302854921
5.410000000000141,0.06388406754134046,4.6414658361637936e-12,0.2606377512393433,-4.3735546388411065e-10,-0.6609875196912464,0.1140201725307057,43.22202585942087,4,True,0.0007531645050860357,-1.5089355751537543,-0.07927239477047186,0.0007531643923896765,-1.5089355750169224,-0.0792723947727115
5.420000000000145,0.06499031369968246,4.717453667196653e-12,0.26065421941438965,-4.508570943749466e-10,-0.6517031231952751,0.1078632790338358,43.22042960713527,4,True,0.0007478507565326429,-1.5101078093937055,-0.07690221004103731,0.0007478506470623421,-1.510107809250891,-0.07690221004308792
5.430000000000148,0.06603562154103565,4.792460223871012e-12,0.26066830551243375,-4.6436710702614417e-10,-0.6416137579346859,0.10182201850441089,43.21990356214666,4,True,0.0007387666892365234,-1.511296735886887,-0.0745783947655494,0.0007387665829791108,-1.5112967357380822,-0.07457839476738456
5.440000000000151,0.06702118101962157,4.866380228982712e-12,0.26068014659154876,-4.778515955452681e-10,-0.6308137384864276,0.09590234181818094,43.22022489524051,4,True,0.0007265273127975975,-1.5124925456196316,-0.07230111667250809,0.0007265272097402571,-1.5124925454648495,-0.07230111667411751
5.450000000000155,0.06794823585451978,4.939103564098059e-12,0.26068989078703814,-4.912755667011716e-10,-0.6193913872762515,0.09010917238759873,43.22120429341982,4,True,0.0007116698963170391,-1.5136868628018783,-0.07007048947373962,0.0007116697964158476,-1.5136868626412203,-0.07007048947512248
5.460000000000158,0.06881807385212316,5.0105256003585985e-12,0.26069769281048427,-5.046056614858226e-10,-0.6074292098842988,0.08444651305233812,43.222682194926506,4,True,0.0006946629635598378,-1.5148726116305784,-0.06788657424430801,0.0006946628667667816,-1.5148726114640958,-0.06788657424546282
5.470000000000161,0.0696320182386282,5.080547665613608e-12,0.26070371023387184,-5.178101802243527e-10,-0.5950040886541689,0.07891754244815938,43.224525216351424,4,True,0.0006759143322429546,-1.5160438835302954,-0.06574937930330832,0.000675914238510072,-1.5160438833580656,-0.06574937930423949
5.480000000000165,0.07039141990370137,5.149071049462224e-12,0.26070810046581083,-5.308577992435292e-10,-0.5821874904357263,0.07352470198617089,43.226622830663594,4,True,0.0006557782821314975,-1.5171958088733426,-0.0636588594835029,0.0006557781913943679,-1.5171958086953823,-0.06365885948423086
5.490000000000168,0.0710976504669577,5.215998887255069e-12,0.26071101833178695,-5.437180751772677e-10,-0.5690456847981407,0.06826977442824389,43.2288843257435,4,True,0.00063456193232015,-1.5183244356699293,-0.06161491537002527,0.0006345618444943686,-1.5183244354864465,-0.061614915370545725
5.500000000000171,0.07175209608804993,5.281253612677048e-12,0.2607126141766868,-5.563655212408602e-10,-0.555639969509736,0.06315395492105062,43.23123605339616,4,True,0.0006125309038775557,-1.5194266166818688,-0.05961739286390133,0.000612530818904083,-1.5194266164929369,-0.05961739286425291
5.510000000000175,0.07235615194920306,5.3447400682194314e-12,0.260713032414897,-5.68770902050255e-10,-0.5420269004979323,0.05817791524671302,43.23361896583611,4,True,0.0005899143396048303,-1.5204999056855526,-0.05766608326470053,0.0005899142573702883,-1.5204999054912516,-0.05766608326488018
5.520000000000178,0.07291121734610742,5.4063946163744265e-12,0.26071241046057614,-5.809129111460224e-10,-0.5282585238795349,0.05334186195907858,43.23598642829045,4,True,0.0005669093471386481,-1.5215424631079932,-0.05576072395300187,0.0005669092675708305,-1.5215424629084313,-0.055760723953037966
5.530000000000181,0.07341869132934589,5.466150254460689e-12,0.26071087797792564,-5.927696997571449e-10,-0.5143826079913878,0.04864558899849953,43.238302291004494,4,True,0.000543684927270915,-1.5225529709158618,-0.053900999677868336,0.0005436848502786969,-1.5225529707111003,-0.05390099967778253
5.540000000000185,0.07387996884409045,5.523947422742819e-12,0.26070855639823554,-6.043215164097379e-10,-0.5004428736574535,0.04408852531252732,43.24053920109549,4,True,0.0005203854432659495,-1.5235305564076649,-0.052086544405393495,0.000520385368751541,-1.5235305561979615,-0.05208654440520291
5.550000000000188,0.07429643732076115,5.5797352632539544e-12,0.260705558657002,-6.15551145080781e-10,-0.48647922120301607,0.03966977795336199,43.24267713332106,4,True,0.0004971336824230693,-1.5244747244158183,-0.05031694365619799,0.0004971336102933539,-1.5244747242011358,-0.05031694365592246
5.5600000000001915,0.07466947367377148,5.633471217547746e-12,0.2607019891104575,-6.264434226414712e-10,-0.4725279529726875,0.035388171073778084,43.24470211850537,4,True,0.00047403355591772673,-1.5253852973371147,-0.04859173724548117,0.00047403348606886393,-1.52538529711776,-0.048591737245140015
5.570000000000195,0.0750004416694622,5.685119452900134e-12,0.2606979435963522,-6.369851963608099e-10,-0.45862199032843615,0.03124228120037574,43.246605148965756,4,True,0.0004511724782690867,-1.526262362371985,-0.04691042233492988,0.0004511724106072141,-1.5262623621480405,-0.04691042233453893
5.580000000000198,0.07529068962790242,5.734647336063671e-12,0.26069350960880217,-6.47164242701246e-10,-0.4447910842991504,0.027230469125419026,43.248381241243024,4,True,0.00042862346348018033,-1.527106225338367,-0.04527245670842324,0.0004286233979017557,-1.5271062251099994,-0.045272456708006975
5.5900000000002015,0.07554154842646472,5.782032365541173e-12,0.2606887665614581,-6.569710188298236e-10,-0.43106201922621706,0.023350908725392194,43.250028637752266,4,True,0.00040644697076286325,-1.527917370438665,-0.04367726218989096,0.0004064469071611699,-1.527917370205996,-0.043677262189453586
5.600000000000205,0.0757543297759972,5.827268065977202e-12,0.260683786117199,-6.663998247289624e-10,-0.41745880890221115,0.019601612985091083,43.25154813035682,4,True,0.0003846925292185078,-1.5286964253805142,-0.0421242281304198,0.0003846924675041797,-1.5286964251436919,-0.042124228129988756
5.610000000000208,0.0759303247430586,5.8703424292811035e-12,0.2606786325660264,-6.754438145224575e-10,-0.4040028848337263,0.015980457479982613,43.25294249048875,4,True,0.000363400167389036,-1.529444131285058,-0.040612714901840985,0.00036340010745744507,-1.5294441310442903,-0.04061271490142329
5.6200000000002115,0.07607080249407905,5.911256142581548e-12,0.26067336323588275,-6.840993793688955e-10,-0.39071327637626546,0.012485201546306854,43.254215991872364,4,True,0.0003426016706627034,-1.5301613168559358,-0.039142057344036876,0.00034260161241862714,-1.5301613166112908,-0.039142057343641706
5.630000000000215,0.07617700923948788,5.950018524845131e-12,0.2606680289237657,-6.923649306315754e-10,-0.3776067825905891,0.009113507347525826,43.25537401331626,4,True,0.00032232168687186487,-1.5308488763202206,-0.037711568122999695,0.0003223216302226934,-1.5308488760719705,-0.037711568122644895
5.640000000000218,0.07625016735783047,5.986637518559031e-12,0.26066267433680507,-7.002387347459463e-10,-0.36469813575730264,0.005862957026980598,43.25642271057479,4,True,0.0003025786979726284,-1.5315077506973396,-0.03632054096593475,0.00030257864281932285,-1.5315077504456271,-0.036320540965624565
5.6500000000002215,0.07629147468170099,6.021135393571258e-12,0.2606573385349426,-7.077225393882813e-10,-0.3520001565611977,0.0027310681196972475,43.257368747374926,4,True,0.00028338587359219173,-1.5321389119897308,-0.034968253747554384,0.0002833858198529599,-1.5321389117346587,-0.03496825374731058
5.660000000000225,0.0763021039289614,6.053525704527876e-12,0.26065205536855107,-7.148160994932255e-10,-0.33952390102020935,-0.00028469261901680235,43.258219076982655,4,True,0.000264751820486474,-1.5327433499289984,-0.033653971409170105,0.00026475176805648655,-1.5327433496707747,-0.03365397140897938
5.670000000000228,0.07628320226421625,6.0838459305561765e-12,0.26064685390575976,-7.215248664474518e-10,-0.3272787992869238,-0.0031868968244074362,43.25898076678165,4,True,0.0002466812399956395,-1.5333220609508986,-0.032376948698355,0.00024668118879980723,-1.5333220606896358,-0.03237694869823102
5.6800000000002315,0.07623589097688031,6.1121357116403786e-12,0.26064175884548263,-7.278547435946049e-10,-0.3152727864945118,-0.005978143441367605,43.25966085916705,4,True,0.00022917550457158354,-1.5338760391028778,-0.031136432722004656,0.00022917545454370587,-1.5338760388387547,-0.031136432721970864
5.690000000000235,0.07616126526342423,6.1384246256085346e-12,0.2606367909131618,-7.338093508860186e-10,-0.30351242585483407,-0.008661048832083094,43.26026626309081,4,True,0.00021223316274367833,-1.5344062686240125,-0.0299316653100236,0.00021223311379331373,-1.5344062683573156,-0.029931665310081013
5.700000000000238,0.07606039410252118,6.162745115984294e-12,0.26063196723709964,-7.39393241947611e-10,-0.29200302424507324,-0.011238237962972929,43.26080367120424,4,True,0.0001958503809590737,-1.5349137179648165,-0.028761885190375258,0.00019585033300541184,-1.5349137176955503,-0.028761885190517422
5.7100000000002415,0.07593432021285813,6.185141976834021e-12,0.26062730170396187,-7.446137974868159e-10,-0.2807487405415571,-0.013712336571202403,43.2612794983925,4,True,0.00018002132980405406,-1.535399335041516,-0.027626329979141634,0.00018002128277270997,-1.5353993347699104,-0.027626329979379388
5.720000000000245,0.07578406008432305,6.205655114047322e-12,0.26062280529261533,-7.494773358418843e-10,-0.2697526869761904,-0.016085964219756943,43.26169983792792,4,True,0.00016473852113958694,-1.5358640435450888,-0.02652423799113264,0.00016473847496016554,-1.5358640432712956,-0.0265242379914572
5.730000000000248,0.07561060407414576,6.224339154887515e-12,0.2606184863859428,-7.539936491555513e-10,-0.25901702380288016,-0.01836172815802781,43.262070432116786,4,True,0.00014999310184411356,-1.5363087401452589,-0.02545484987819914,0.00014999305645602097,-1.53630873986939,-0.025454849878619762
5.740000000000252,0.07541491656035969,6.241249103565483e-12,0.26061435106065495,-7.581724829877224e-10,-0.24854304756901502,-0.02054221791213797,43.26239665476855,4,True,0.00013577510941603248,-1.5367342924517664,-0.024417410103965316,0.00013577506476773006,-1.5367342921741223,-0.02441741010450478
5.750000000000255,0.07519793614567244,6.256410803529169e-12,0.2606104033554249,-7.620170550899191e-10,-0.23833127329125325,-0.022630000535889393,43.26268350319984,4,True,0.00012207369388649323,-1.5371415376127842,-0.02341116826392721,0.00012207364989049542,-1.5371415373334043,-0.023411168264548476
5.760000000000258,0.07496057590549042,6.269877589386715e-12,0.26060664551790547,-7.655372074679115e-10,-0.2283815108359253,-0.02462761645933136,43.262935597681064,4,True,0.00010887730990760284,-1.53753128144201,-0.022435380260453983,0.00010887726650312491,-1.5375312811608988,-0.022435380261159044
5.770000000000262,0.07470372367444172,6.28171443150823e-12,0.2606030782313692,-7.687452362832735e-10,-0.2186929358028324,-0.026537575877481043,43.26315718702469,4,True,9.617388288162991e-05,-1.5379042979891573,-0.021489309342862438,9.617384003154185e-05,-1.5379042977065833,-0.0214893093436727
5.780000000000265,0.07442824236628744,6.291967676082408e-12,0.2605997008218429,-7.71649155423632e-10,-0.2092641552075423,-0.02836235562689016,43.26335215856432,4,True,8.395095196037913e-05,-1.5382613294695127,-0.020572227021894304,8.395090960167058e-05,-1.538261329185606,-0.020572227022795056
5.790000000000268,0.07413497032260892,6.300697771928018e-12,0.2605965114467,-7.74260405280755e-10,-0.20009326825177895,-0.030104396502365596,43.26352405166736,4,True,7.219579273856587e-05,-1.5386030864889273,-0.01968341386858187,7.21957508345717e-05,-1.5386030862037978,-0.019683413869580425
5.800000000000272,0.07382472168611162,6.307959474348326e-12,0.26059350726573605,-7.765890160782557e-10,-0.19117792246452125,-0.031766100970456596,43.26367607370889,4,True,6.089552223400386e-05,-1.5389302485051815,-0.018822160206756755,6.089548074957686e-05,-1.5389302482190377,-0.018822160207860143
5.810000000000275,0.0734982867947978,6.313788618642404e-12,0.2605906845957857,-7.786408480549964e-10,-0.18251536548831251,-0.03334983124021629,43.26381111776085,4,True,5.0037188214295395e-05,-1.5392434644762247,-0.017987766708088132,5.003714708247349e-05,-1.5392434641891963,-0.01798776670927056
5.820000000000278,0.07315643259363613,6.3182420997084895e-12,0.26058803904995076,-7.804267896587771e-10,-0.17410249277622458,-0.034857907655320965,43.26393178133387,4,True,3.960784474540388e-05,-1.5395433536539462,-0.017179544898182145,3.960780392858e-05,-1.539543353365918,-0.01717954489944737
5.830000000000282,0.0727999030606963,6.321385492273165e-12,0.2605855656625048,-7.819595227016427e-10,-0.1659358914551652,-0.03629260737489556,43.26404038571418,4,True,2.959461582340478e-05,-1.53983050648632,-0.016396817581898315,2.959457530093919e-05,-1.539830506197677,-0.016396817583267116
5.840000000000285,0.07242941964502758,6.323255110758752e-12,0.26058325900052115,-7.832451651728592e-10,-0.15801188060094665,-0.03765616331336637,43.264138995451624,4,True,1.998474850544184e-05,-1.5401054856027692,-0.015638919195528518,1.998470822978056e-05,-1.5401054853134561,-0.015638919196970698
5.850000000000288,0.07204568171384118,6.3239044763944455e-12,0.26058111326324146,-7.842938700681825e-10,-0.1503265481599777,-0.03895076331240813,43.264229437643394,4,True,1.0765656821002738e-05,-1.540368826850979,-0.014905196092372466,1.0765616760440232e-05,-1.5403688265611861,-0.014905196093890996
5.860000000000292,0.07164936700681189,6.323377382741219e-12,0.2605791223701646,-7.851136154162265e-10,-0.1428757847416451,-0.04017854952051589,43.26431332081261,4,True,1.924957779086829e-06,-1.5406210403706588,-0.01419500676899315,1.924917895242338e-06,-1.5406210400805092,-0.01419500677058275
5.870000000000295,0.07124113209554667,6.321729080046581e-12,0.260577280038794,-7.857150535375157e-10,-0.13565531449459783,-0.04134161795801678,43.26439205319642,4,True,-6.549499601927812e-06,-1.540862611683945,-0.013507722037577136,-6.549539324691085e-06,-1.540862611393478,-0.01350772203924644
5.880000000000298,0.07082161284647813,6.319002367853523e-12,0.2605755798529331,-7.861059778392174e-10,-0.12866072326934178,-0.042442018247400806,43.264466860220544,4,True,-1.4669611209530662e-05,-1.5410940027888291,-0.012842725150244011,-1.4669650811164266e-05,-1.5410940024981445,-0.012842725151977928
5.890000000000302,0.07039142488563144,6.315247974424607e-12,0.2605740153223717,-7.86296119878003e-10,-0.12188748425882755,-0.04348175349073541,43.26453880117764,4,True,-2.2447000021950033e-05,-1.54131565324593,-0.012199411880399358,-2.2447039519462932e-05,-1.5413156529551677,-0.012199411882198866
5.900000000000305,0.06995116406388592,6.310514571502299e-12,0.26057257993475097,-7.862947619886166e-10,-0.11533098129821252,-0.0444627802776527,43.264608784949246,4,True,-2.9893002671580042e-05,-1.5415279812477516,-0.011577190565663732,-2.989304208457201e-05,-1.5415279809569389,-0.011577190567524848
5.910000000000308,0.06950140692150913,6.304843447455283e-12,0.2605712672003496,-7.861094849391188e-10,-0.10898652999471072,-0.04538700880895982,43.26467758476774,4,True,-3.701865988558047e-05,-1.5417313846641385,-0.010975482116716562,-3.701869923758476e-05,-1.541731384373387,-0.010975482118635721
5.920000000000312,0.06904271115088274,6.298278252369014e-12,0.2605700706904777,-7.857485741138547e-10,-0.1028493968484439,-0.04625630312235177,43.26474585202798,4,True,-4.383471021214433e-05,-1.5419262420590045,-0.010393719995890147,-4.383474951928347e-05,-1.5419262417683108,-0.0103937199978646
5.930000000000315,0.06857561605646727,6.290871259394726e-12,0.2605689840701185,-7.852222226496233e-10,-0.09691481651554765,-0.047072481407999515,43.26481412909719,4,True,-5.035158648435692e-05,-1.5421129136732008,-0.009831350169122267,-5.035162575009862e-05,-1.5421129133827813,-0.009831350171170164
5.940000000000318,0.06810064301116892,6.28264685988433e-12,0.26056800112540945,-7.845343399961302e-10,-0.0911780073554863,-0.04783731640297125,43.26488286120703,4,True,-5.657941465767518e-05,-1.5422917423719582,-0.009287831034233238,-5.6579453916537836e-05,-1.5422917420817974,-0.009287831036307877
5.950000000000322,0.06761829590837531,6.273648909887446e-12,0.26056711578650565,-7.836934758678146e-10,-0.08563418539558973,-0.04855253585451501,43.26495240733565,4,True,-6.252801463703779e-05,-1.5424630545532687,-0.008762633328520234,-6.25280539001722e-05,-1.542463054263396,-0.008762633330643893
5.960000000000325,0.06712906160902245,6.263921073377702e-12,0.26056632214632863,-7.827080307206869e-10,-0.08027857683725005,-0.049219823043202535,43.26502305031277,4,True,-6.820690273252411e-05,-1.542627161017996,-0.008255240018444927,-6.820694200828037e-05,-1.542627160728519,-0.008255240020609685
5.970000000000328,0.06663341038313911,6.253502672578432e-12,0.26056561447565757,-7.815854743166917e-10,-0.0751064292200752,-0.04984081735783088,43.26509500595985,4,True,-7.362529543952046e-05,-1.54278435779908,-0.007765146173242599,-7.362533473100806e-05,-1.5427843575100917,-0.007765146175458836
5.980000000000332,0.06613179634539192,6.242420982994953e-12,0.2605649872349816,-7.803306198290537e-10,-0.07011302135251404,-0.05041711491476914,43.26516843146354,4,True,-7.879211436081845e-05,-1.5429349269515722,-0.007291858825156012,-7.879215369265919e-05,-1.5429349266630912,-0.0072918588273992386
5.990000000000335,0.06562465788422374,6.230717269787049e-12,0.2605644350834961,-7.789515786134684e-10,-0.06529367211008696,-0.05095026921517738,43.265243432996556,4,True,-8.371599203983775e-05,-1.543079137302983,-0.006834896817735908,-8.3716031410002e-05,-1.5430791370150259,-0.006834896820011275
6.000000000000338,0.06511241808423929,6.218421711930628e-12,0.26056395288558837,-7.7745383312578e-10,-0.060643748195354986,-0.05144179183418222,43.26532007258731,4,True,-8.840527841891792e-05,-1.5432172451648636,-0.006393790644143704,-8.840531783731745e-05,-1.5432172448776056,-0.006393790646452625
6.010000000000342,0.0645954851415485,6.205564346732854e-12,0.26056353571512914,-7.758430076624366e-10,-0.056158670947175804,-0.05189315313669985,43.26539837433672,4,True,-9.286804789938229e-05,-1.5433494950067372,-0.00596808227680018,-9.28680873816834e-05,-1.5433494947201567,-0.005968082279128707
6.020000000000345,0.06407425277182736,6.192181962128095e-12,0.26056317885785135,-7.741262967835713e-10,-0.05183392228053557,-0.05230578301513416,43.2654783300038,4,True,-9.711210678930348e-05,-1.543476120093394,-0.005557324989900705,-9.71121463341366e-05,-1.5434761198074813,-0.005557324992252464
6.030000000000348,0.06354910061090191,6.178307553364315e-12,0.2605628778120753,-7.723100102454142e-10,-0.047665049832380214,-0.05268107164467932,43.26555990403044,4,True,-0.00010114500100198931,-1.5435973430867695,-0.005161083175941582,-0.0001011450406100158,-1.543597342801604,-0.005161083178318774
6.040000000000352,0.06302039460770013,6.163967143419593e-12,0.2605626282880092,-7.703988997895337e-10,-0.043647671383347006,-0.05302037025239766,43.265643038005784,4,True,-0.00010497402396766415,-1.5437133766142703,-0.004778932157298524,-0.000104974063642242,-1.5437133763299178,-0.004778932159689887
6.050000000000355,0.06248848740945376,6.149188068980794e-12,0.2605624262058317,-7.68398133347176e-10,-0.03977747862010753,-0.05332499189665238,43.26572765466392,4,True,-0.00010860622462374438,-1.5438244238046355,-0.00441045799389807,-0.0001086062643704412,-1.5438244235211118,-0.004410457996314941
6.060000000000358,0.061953718739063086,6.133994241107998e-12,0.26056226769274393,-7.663121361849703e-10,-0.036050240298168036,-0.053596212253837795,43.265813661427025,4,True,-0.0001120484154316245,-1.5439306787928415,-0.004055257287877445,-0.00011204845525451872,-1.5439306785101758,-0.004055257290299486
6.070000000000362,0.061416415764567106,6.118414370828525e-12,0.2605621490791534,-7.641464345172729e-10,-0.032461804860434124,-0.05383527040968665,43.26590095352877,4,True,-0.00011530718034850554,-1.544032327195736,-0.0037129369858011152,-0.00011530722025253028,-1.5440323269139837,-0.0037129369882369792
6.080000000000365,0.060876893460687045,6.1024769996704626e-12,0.26056206689413863,-7.619065714122464e-10,-0.02900810256257441,-0.05404336965272706,43.26598941678505,4,True,-0.00011838888273686248,-1.5441295465601013,-0.0033831141794584407,-0.00011838892271936937,-1.5441295462792812,-0.0033831141819079128
6.0900000000003685,0.06033545496243353,6.086200785362728e-12,0.2605620178603248,-7.595958253319125e-10,-0.025685147152246963,-0.05422167826774189,43.26607893000475,4,True,-0.00012129967311596868,-1.5442225067839872,-0.0030654159055421605,-0.00012129971317657694,-1.544222506504128,-0.00306541590799471
6.100000000000372,0.05979239191078823,6.069610684121651e-12,0.26056199888828663,-7.572190220689598e-10,-0.022489037145550284,-0.0543713303273174,43.266169367111516,4,True,-0.00012404549676166867,-1.544311370513694,-0.0027594789448946513,-0.0001240455369022954,-1.5443113702348323,-0.0027594789473488904
6.110000000000375,0.059247984790488414,6.052733206352706e-12,0.26056200707057886,-7.547813117171129e-10,-0.019415956740601398,-0.054493426479804194,43.26626059897107,4,True,-0.0001266321011517305,-1.5443962935167992,-0.002464949621755002,-0.00012663214136375518,-1.5443962932389432,-0.0024649496242176864
6.1200000000003785,0.058702503259958745,6.035584113329387e-12,0.2605620396754861,-7.522854423195436e-10,-0.016462176404935327,-0.054589034732197464,43.26635249497488,4,True,-0.00012906504314600574,-1.5444774250334912,-0.002181483603560612,-0.00012906508343761173,-1.5444774247566566,-0.002181483606023952
6.130000000000382,0.0581562064734483,6.018184258640659e-12,0.26056209414056813,-7.497354520530057e-10,-0.013624053170416405,-0.05465919122663719,43.266444924419815,4,True,-0.0001313496960294518,-1.5445549081070709,-0.00190874570144291,-0.0001313497363998203,-1.5445549078312295,-0.0019087457038985684
6.140000000000385,0.057609343395443144,6.000561107220307e-12,0.26056216806607196,-7.471367983112351e-10,-0.010898030666585241,-0.05470490100938482,43.26653775764601,4,True,-0.00013349125625618528,-1.5446288798945371,-0.0016464096719363843,-0.00013349129668945508,-1.5446288796198147,-0.0016464096743999547
6.1500000000003885,0.05706215310743512,5.982727490146861e-12,0.2605622592082663,-7.444916605593264e-10,-0.00828063892079072,-0.05472713879128169,43.26663086703894,4,True,-0.0001354947499765039,-1.544699471959931,-0.0013941580202380824,-0.0001354947904785554,-1.5446994716862728,-0.0013941580226985168
6.160000000000392,0.05651486510713715,5.964699634684806e-12,0.26056236547275446,-7.418030418682101e-10,-0.0057684939510575075,-0.0547268496988272,43.26672412783168,4,True,-0.00013736503934414865,-1.5447668105491474,-0.001151681805002834,-0.0001373650799183454,-1.5447668102766194,-0.0011516818074530095
6.170000000000395,0.05596769960024271,5.946494462706144e-12,0.26056248490780537,-7.390741902059139e-10,-0.0033582971754336187,-0.05470495001513571,43.26681741880466,4,True,-0.00013910682857830135,-1.5448310168495294,-0.0009186804451268978,-0.0001391068692162671,-1.5448310165781123,-0.000918680447575649
6.1800000000003985,0.05542086778483449,5.928125206771486e-12,0.26056261569774347,-7.363074774037424e-10,-0.0010468346595178639,-0.05466232791013503,43.266910622815445,4,True,-0.00014072466974849018,-1.5448922072339517,-0.0006948615287849549,-0.0001407247104585016,-1.5448922069636373,-0.0006948615312195047
6.190000000000402,0.054874572128552755,5.909612684746809e-12,0.2605627561564271,-7.335070855309033e-10,0.00116902377803829,-0.05459984415946567,43.26700362725569,4,True,-0.00014222296838786757,-1.5449504934910867,-0.00047994062462224736,-0.0001422230091544454,-1.54495049322193,-0.00047994062705031335
6.200000000000405,0.054329006638639085,5.8909710431541855e-12,0.26056290472084387,-7.306756091560332e-10,0.003292325584002508,-0.054518332851635175,43.26709632439793,4,True,-0.0001436059888078952,-1.545005983042019,-0.00027364109542193005,-0.00014360602962998744,-1.5450059827740685,-0.0002736410978422956
6.2100000000004085,0.053784357124974876,5.872208500416157e-12,0.26056305994484336,-7.278144358572722e-10,0.00532603659656651,-0.05441860208304576,43.26718861163355,4,True,-0.00014487785922878753,-1.5450587791449526,-7.569391442558021e-05,-0.00014487790011170947,-1.5450587788781063,-7.569391682606194e-05
6.220000000000412,0.05324080145623771,5.853347701002704e-12,0.2605632204930271,-7.249281926899945e-10,0.007273042263944809,-0.05430143464059672,43.26728039167962,4,True,-0.00014604257668604813,-1.5451089810877734,0.00011416251575502573,-0.00014604261761562307,-1.5451089808220946,0.00011416251336408759
6.230000000000415,0.052698509809301214,5.8343980940297205e-12,0.2605633851348086,-7.220184943512332e-10,0.009136148941988756,-0.05416758867161957,43.26737157268617,4,True,-0.00014710401170448022,-1.5451566843700304,0.0002961825413863151,-0.00014710405267727309,-1.5451566841055902,0.0002961825390046933
6.2400000000004185,0.05215764491200615,5.815371178086755e-12,0.26056355273865633,-7.190875167971468e-10,0.010918085258511139,-0.054017798340957816,43.267462068290946,4,True,-0.0001480659127710224,-1.5452019808748354,0.000470613433079319,-0.00014806595378831202,-1.5452019806115482,0.00047061343071383357
6.250000000000422,0.051618362279431985,5.796270730752109e-12,0.2605637222665276,-7.161356965867995e-10,0.012621503533172361,-0.05385277447506135,43.267551797641296,4,True,-0.0001489319106227519,-1.545244959030828,0.0006376955582601983,-0.0001489319516956409,-1.5452449587687498,0.0006376955559277273
6.260000000000425,0.05108081044379946,5.7771278056515455e-12,0.2605638927684988,-7.131697327989656e-10,0.01424898124286137,-0.05367320519300038,43.26764068536894,4,True,-0.0001497055223724021,-1.5452857039657806,0.0007976625507489077,-0.00014970556346662278,-1.5452857037048706,0.0007976625484134851
6.270000000000429,0.05054513117813515,5.7579448284535695e-12,0.26056406337759824,-7.101896016314942e-10,0.015803022523477466,-0.05347975652435354,43.26772866152015,4,True,-0.0001503901553354039,-1.5453242976512582,0.0009507414772425058,-0.00015039019646202447,-1.5453242973915442,0.0009507414749330276
6.280000000000432,0.05001145971382945,5.738734400947076e-12,0.26056423330484224,-7.071978482510168e-10,0.017286059699915656,-0.05327307301395286,43.26781566146136,4,True,-0.00015098911084374312,-1.5453608190398966,0.00109715300089709,-0.00015098915199066428,-1.5453608187814005,0.0010971529986005806
6.290000000000435,0.04947992495221932,5.7195003293181516e-12,0.26056440183447516,-7.041949761947085e-10,0.01870045483690305,-0.05305377831350481,43.267901625771266,4,True,-0.00015150558777278028,-1.5453953441952213,0.0012371115417175408,-0.00015150562894473328,-1.5453953439379078,0.0012371115394396164
6.300000000000439,0.04895064967032676,5.70025526309866e-12,0.26056456831941466,-7.011835324761067e-10,0.020048501304077367,-0.05282247576013293,43.267986500092064,4,True,-0.00015194268598185424,-1.5454279464143317,0.0013708254339884556,-0.00015194272717404235,-1.5454279461582072,0.0013708254317325718
6.310000000000442,0.04842375072088355,5.6810094243238294e-12,0.2605647321768985,-6.98165516509499e-10,0.02133242534940109,-0.052579748941910774,43.26807023498334,4,True,-0.00015230340955231758,-1.5454586963445751,0.0014984970805385532,-0.0001523034507573446,-1.5454586960896763,0.0014984970782929423
6.320000000000445,0.047899339226771684,5.661763611955108e-12,0.2605648928843313,-6.95140815762063e-10,0.022554387675633912,-0.05232616225047953,43.26815278575988,4,True,-0.00015259066992291166,-1.545487662093921,0.001620323103973121,-0.00015259071114585903,-1.545487661840269,0.0016203231017543611
6.330000000000449,0.0473775207700083,5.6425293390815574e-12,0.26056504997532787,-6.921118583485303e-10,0.023716485015171686,-0.05206226142086115,43.268234112289136,4,True,-0.00015280728888306382,-1.5455149093356266,0.001736494494885963,-0.0001528073301152217,-1.545514909083175,0.0017364944926904484
6.340000000000452,0.04685839557540213,5.623318696525687e-12,0.26056520303594793,-6.890810620052099e-10,0.024820751699083692,-0.05178857405859581,43.268314178844946,4,True,-0.00015295600142177908,-1.5455405014077268,0.0018471967568887287,-0.0001529560426583436,-1.5455405011564418,0.0018471967547140083
6.350000000000455,0.046342058689007766,5.604135881637564e-12,0.2605653517011198,-6.860490969073202e-10,0.025869161216674538,-0.05150561015434602,43.26839295390206,4,True,-0.000153039458472515,-1.5455644994072746,0.0019526100487240316,-0.0001530394997120125,-1.5455644991571882,0.001952610046568381
6.360000000000459,0.045828600151502,5.5849881573424265e-12,0.26056549565124526,-6.830173994686421e-10,0.026863627762322224,-0.05121386258612437,43.268470409925186,4,True,-0.00015306022953490936,-1.54558696228036,0.002052909323277085,-0.00015306027077343194,-1.5455869620314704,0.002052909321150028
6.370000000000462,0.045318105166605276,5.565883620616616e-12,0.2605656346089822,-6.799875626439372e-10,0.02780600776675851,-0.050913807609312196,43.26854652320547,4,True,-0.0001530208051959137,-1.545607946907196,0.0021482644636199285,-0.00015302084643147425,-1.5456079466594592,0.0021482644615204013
6.380000000000465,0.044810654264669146,5.546837683819166e-12,0.2605657683361978,-6.769628753296679e-10,0.028698101410314605,-0.05060590533464553,43.26862127364969,4,True,-0.00015292359956864014,-1.5456275081832724,0.0022388404160752226,-0.00015292364078141378,-1.545627507936733,0.0022388404139849208
6.390000000000469,0.044306323461549384,5.5278513557876475e-12,0.2605658966310882,-6.73943265706811e-10,0.029541654115991276,-0.05029060019435075,43.268694644600785,4,True,-0.00015277095255823763,-1.545645699096795,0.002324797320297751,-0.00015277099375280969,-1.5456456988514589,0.002324797318227197
6.400000000000472,0.04380518441288182,5.508924498635966e-12,0.26056601932545675,-6.709285409422008e-10,0.03033835802050269,-0.04996832139662611,43.26876662263424,4,True,-0.00015256513214454136,-1.545662570801973,0.0024062906365522893,-0.0001525651733205185,-1.545662570557862,0.002406290634499735
6.410000000000475,0.043307304563876686,5.490056056639115e-12,0.26056613628214603,-6.67918387961076e-10,0.031089853421730502,-0.049639483368660635,43.26883719738035,4,True,-0.00015230833650450344,-1.5456781726894147,0.002483471269958469,-0.00015230837766746754,-1.5456781724464799,0.002483471267937034
6.420000000000479,0.042812747294744775,5.471252693412211e-12,0.26056624739261686,-6.649141942977671e-10,0.031797730201257535,-0.04930448618839545,43.268906361343774,4,True,-0.00015200269608040695,-1.5456925524526555,0.0025564856920740958,-0.0001520027372270178,-1.5456925522109117,0.0025564856900798507
6.430000000000482,0.042321572061867006,5.4525231254361605e-12,0.2605663525746681,-6.61917824795826e-10,0.03246352922088036,-0.048963716005232014,43.268974109716495,4,True,-0.00015165027557038094,-1.5457057561522245,0.0026254760594870393,-0.00015165031669655806,-1.545705755911593,0.002625476057518893
6.440000000000485,0.041833834534816774,5.43387685414303e-12,0.2605664517702926,-6.589312510685736e-10,0.03308874369220103,-0.048617545449892385,43.26904044021913,4,True,-0.00015125307582946826,-1.5457178282762383,0.0026905803297695907,-0.00015125311692395414,-1.5457178280367845,0.002690580327823432
6.450000000000489,0.04134958672934225,5.415317385918604e-12,0.26056654494366077,-6.559551301841126e-10,0.03367482051856521,-0.04826633403364576,43.2691053529208,4,True,-0.0001508130357185294,-1.5457288117986254,0.0027519323747026503,-0.000150813076784787,-1.5457288115602728,0.0027519323727891306
6.460000000000492,0.040868877136414024,5.3968558075028655e-12,0.2605666320792281,-6.52991807104604e-10,0.034223161608799416,-0.047910428537108904,43.26916885008853,4,True,-0.00015033203391148433,-1.5457387482347251,0.0028096620907612302,-0.00015033207493116548,-1.545738747997542,0.0028096620888514853
6.470000000000495,0.040391750847441045,5.378489662712156e-12,0.26056671317995966,-6.500405571315698e-10,0.03473512516232476,-0.04755016338883364,43.26923093602384,4,True,-0.00014981189056429914,-1.5457476776942392,0.0028638955069536726,-0.0001498119315461633,-1.5457476774582342,0.002863895505071489
6.480000000000499,0.03991824967575589,5.360220436942469e-12,0.2605667882656672,-6.471016796543816e-10,0.035212026925364175,-0.04718586103389437,43.269291616920654,4,True,-0.00014925436903234524,-1.5457556389320846,0.002914754890215104,-0.00014925440997232885,-1.5457556386972113,0.0029147548883597793
6.490000000000502,0.039448412274468166,5.34205352927766e-12,0.2605668573714512,-6.441763281306956e-10,0.03565514141807545,-0.046817832292685754,43.26935090071045,4,True,-0.00014866117744450578,-1.5457626693968316,0.0029623588480487935,-0.0001486612183371349,-1.545762669163067,0.0029623588462056585
6.500000000000505,0.038982274250782746,5.323986390181491e-12,0.2605669205462447,-6.412638122783916e-10,0.03606570313254258,-0.046446376710142304,43.26940879694165,4,True,-0.00014803397026106132,-1.5457688052773206,0.0030068224287387807,-0.00014803401111226265,-1.545768805044687,0.0030068224269287616
6.510000000000509,0.0385198682768776,5.3060209804226e-12,0.260566977851453,-6.383645722008802e-10,0.036444907701656114,-0.04607178289559142,43.269465316635824,4,True,-0.00014737434978875143,-1.5457740815471974,0.0030482572192158186,-0.00014737439060131093,-1.5457740813156053,0.003048257217431626
6.520000000000512,0.03806122419743351,5.288160020088102e-12,0.26056702935968357,-6.35479183153574e-10,0.036793913038987124,-0.04569432885344587,43.26952047217639,4,True,-0.00014668386764607298,-1.5457785320072168,0.0030867714402949614,-0.00014668390841771816,-1.545778531776794,0.0030867714385508635
6.530000000000515,0.03760636913390643,5.2704199983549156e-12,0.26056707515356226,-6.326113328092906e-10,0.03711384044983516,-0.045314282304942846,43.269574277173646,4,True,-0.0001459640261505932,-1.5457821893270869,0.0031224700397512297,-0.00014596406686261505,-1.54578218909773,0.0031224700380130107
6.540000000000519,0.03715532758563058,5.252802983978072e-12,0.2605671153246308,-6.297612868849707e-10,0.03740577571368807,-0.04493190100113944,43.26962674636722,4,True,-0.0001452162797070025,-1.5457850850834804,0.0031554547829039095,-0.00014521632035267553,-1.5457850848553323,0.0031554547811790392
6.550000000000522,0.03670812152783886,5.2352990019764115e-12,0.26056714997232117,-6.26926774952213e-10,0.03767077013840195,-0.04454743302735928,43.269677895510526,4,True,-0.00014444203612546666,-1.545787249798549,0.0031858243410461317,-0.00014444207672222785,-1.545787249571456,0.0031858243393534926
6.560000000000525,0.03626477050668478,5.2179145124195835e-12,0.2605671792030028,-6.241092797784728e-10,0.037909841586429883,-0.04416111709929531,43.269727741272504,4,True,-0.00014364265793400099,-1.5457887129757437,0.003213674377580681,-0.00014364269847316806,-1.5457887127496945,0.003213674375908012
6.570000000000529,0.035825291731348366,5.2006476687052496e-12,0.26056720312909787,-6.213083541493435e-10,0.03812397547349418,-0.0437731828509676,43.26977630114949,4,True,-0.0001428194636108444,-1.5457895031343847,0.003239097631949835,-0.0001428195040959241,-1.5457895029094073,0.0032390976303108545
6.580000000000532,0.03538970016330643,5.183509334978827e-12,0.26056722186826153,-6.185264472110721e-10,0.03831412574012574,-0.04338385111472605,43.26982359336437,4,True,-0.00014197372881780227,-1.5457896478432889,0.0032621840015314334,-0.0001419737692419589,-1.5457896476193145,0.00326218399991375
6.590000000000535,0.034958008602845536,5.166506752870069e-12,0.2605672355426228,-6.157651052647523e-10,0.03848121579651199,-0.042993334193495526,43.269869636787476,4,True,-0.00014110668757548163,-1.545789173752405,0.0032830206212634888,-0.00014110672792481662,-1.545789173529514,0.0032830206196556707
6.600000000000539,0.03453022777289446,5.149631013584649e-12,0.26056724427808287,-6.130222217306314e-10,0.038626139441134674,-0.04260183612544808,43.26991445085617,4,True,-0.00014021953339357895,-1.545788106624161,0.003301691941383747,-0.00014021957367288791,-1.545788106402361,0.0033016919397993857
6.610000000000542,0.03410636640025054,5.132879864002445e-12,0.2605672482036678,-6.102973704964062e-10,0.038749761753693907,-0.04220955294129304,43.26995805550056,4,True,-0.00013931342043337942,-1.5457864713623664,0.00331827980305664,-0.00013931346065417356,-1.5457864711415574,0.0033182798015030787
6.6200000000005454,0.03368643129427303,5.11625986331976e-12,0.26056724745093035,-6.075920596778035e-10,0.03885291996282764,-0.04181667291435898,43.27000047108108,4,True,-0.00013838946458076068,-1.5457842920413407,0.0033328635120974783,-0.00013838950473135707,-1.5457842918215583,0.003332863510567107
6.630000000000549,0.033270427423114285,5.099771894363103e-12,0.2605672421534012,-6.049064618016464e-10,0.03893642428915683,-0.041423376803660074,43.27004171830328,4,True,-0.00013744874448425216,-1.5457815919328854,0.0033455199107303235,-0.00013744878456295164,-1.5457815917141524,0.0033455199092177054
6.640000000000552,0.03285835798755818,5.083416021517113e-12,0.26056723244608354,-6.022405959309597e-10,0.03900105876418731,-0.04102983809011097,43.2700818181765,4,True,-0.0001364923026076727,-1.5457783935329616,0.0033563234474736437,-0.00013649234261814462,-1.5457783933152365,0.0033563234459867966
6.6500000000005555,0.03245022449253315,5.067192574957733e-12,0.2605672184649901,-5.995945834415026e-10,0.039047582025614966,-0.040636223206070445,43.27012079194862,4,True,-0.00013552114623716132,-1.5457747185868562,0.003365346245248326,-0.0001355211861769142,-1.5457747183701362,0.0033653462437824846
6.660000000000559,0.03204602681636578,5.051108597194134e-12,0.2605672003467193,-5.969700140519455e-10,0.03907672808958297,-0.04024269175838143,43.27015866105175,4,True,-0.00013453624845544875,-1.5457705881138475,0.0033726581676136727,-0.00013453628831553967,-1.5457705878981165,0.003372658166163444
6.670000000000562,0.03164576327783886,5.035156532281878e-12,0.26056717822806746,-5.943651715919889e-10,0.0390892071004434,-0.03984939674507326,43.270195447055364,4,True,-0.00013353854908364525,-1.5457660224308274,0.003378326883252683,-0.00013353858887444524,-1.5457660222160416,0.0033783268818296233
6.6800000000005655,0.031249430701116705,5.019343944832862e-12,0.26056715224567645,-5.917817875221396e-10,0.03908570605857011,-0.03945648476588919,43.270231171619315,4,True,-0.00013252895563316578,-1.545761041174882,0.0033824179288578287,-0.00013252899534279113,-1.545761040961117,0.003382417927449018
6.690000000000569,0.030857024478598154,5.003666895977253e-12,0.2605671225357124,-5.89218962208362e-10,0.039066889526773875,-0.03906409622680157,43.27026585644839,4,True,-0.00013150834418290035,-1.545755663325385,0.00338499477018987,-0.00013150838382100912,-1.5457556631125908,0.0033849947688040357
6.700000000000572,0.03046853863175703,4.98812654072568e-12,0.26056708923357497,-5.866770497288024e-10,0.039033400315871304,-0.0386723655386661,43.2702995232585,4,True,-0.00013047756029528542,-1.5457499072251044,0.0033861188616250678,-0.00013047759985689418,-1.5457499070132088,0.003386118860261882
6.7100000000005755,0.03008396587002734,4.972725001361646e-12,0.2605670524736344,-5.841565339645009e-10,0.03898586014994714,-0.03828142131017348,43.27033219373786,4,True,-0.0001294374198501608,-1.5457437906004503,0.0033858497040244037,-0.00012943745933220084,-1.5457437903895361,0.003385849702683615
6.720000000000579,0.029703297647789794,4.957463361691156e-12,0.2605670123889946,-5.816576717328804e-10,0.038924870311849026,-0.03789138653524382,43.27036388950761,4,True,-0.00012838870988167575,-1.5457373305814677,0.003384244901135967,-0.00012838874928251164,-1.5457373303714508,0.0033842448998173116
6.730000000000582,0.029326524219514153,4.9423462545663295e-12,0.26056696911128024,-5.791815365957559e-10,0.038851012269447316,-0.03750237877501222,43.27039463210274,4,True,-0.00012733218941974727,-1.5457305437206073,0.003381360214349605,-0.0001273322287370688,-1.5457305435115107,0.0033813602130434847
6.7400000000005855,0.028953634693110842,4.927371351172481e-12,0.26056692277044696,-5.767275789878101e-10,0.03876484828318691,-0.03711451033454905,43.270424442938136,4,True,-0.00012626859026217092,-1.5457234460112705,0.0033772496161276816,-0.0001262686294894009,-1.5457234458031035,0.0033772496148409678
6.750000000000589,0.028584617081543657,4.912526079161129e-12,0.26056687349461194,-5.742930649076233e-10,0.038666921995440695,-0.03672788843445622,43.27045334326904,4,True,-0.00012519861774899565,-1.5457160529052931,0.0033719653418926377,-0.0001251986569111683,-1.5457160526980043,0.003371965340643753
6.760000000000592,0.028219458352754065,4.89783368730709e-12,0.26056682140990456,-5.718833233052165e-10,0.038557759002186116,-0.036342615377467496,43.270481354198196,4,True,-0.0001241229515756399,-1.5457083793303898,0.0033655579404589077,-0.00012412299063702857,-1.5457083791240724,0.0033655579392052873
6.7700000000005955,0.027858144477946295,4.8832777743122305e-12,0.26056676664033457,-5.694945623513521e-10,0.03843786740748693,-0.035958788710201785,43.27050849662634,4,True,-0.00012304224642617625,-1.545700439706516,0.0033580763232716115,-0.00012304228540784397,-1.5457004395010994,0.0033580763220395346
6.780000000000599,0.027500660478281033,4.8688564198317706e-12,0.2605667093076777,-5.671265150069248e-10,0.03830773836128463,-0.03557650138018672,43.27053479123989,4,True,-0.00012195713279639005,-1.5456922479617452,0.0033495678121172054,-0.00012195717169626079,-1.5456922477572237,0.0033495678108988866
6.790000000000602,0.027146990470024224,4.854563576298197e-12,0.2605666495313761,-5.64777890968355e-10,0.0381678465809736,-0.03519584188828381,43.27056025850695,4,True,-0.0001208682176273603,-1.5456838175480332,0.0033400781855519703,-0.00012086825645749776,-1.5456838173443879,0.003340078184360689
6.800000000000606,0.026797117708196386,4.840407399184488e-12,0.2605665874284532,-5.624506543877997e-10,0.038018650857229566,-0.03481689443664224,43.27058491864079,4,True,-0.00011977608504544973,-1.5456751614559747,0.003329651724235108,-0.00011977612380095461,-1.5456751612531912,0.0033296517230824293
6.810000000000609,0.026451024628766338,4.8264011303763375e-12,0.26056652311344247,-5.601477850968418e-10,0.03786059454455236,-0.03443973907229998,43.270608791603266,4,True,-0.0001186812969851707,-1.545666292229264,0.003318331254828644,-0.00011868133564297813,-1.5456662920272235,0.003318331253679015
6.820000000000612,0.0261086928894324,4.812541747267701e-12,0.26056645669832784,-5.578684810906611e-10,0.03769410603696793,-0.034064451826551254,43.27063189707754,4,True,-0.00011758439383491786,-1.545657221978535,0.003306158192687313,-0.00011758443239921458,-1.545657221777441,0.0033061581915468227
6.830000000000616,0.025770103409032557,4.798813252060709e-12,0.26056638829249484,-5.556092466392477e-10,0.037519599229334594,-0.03369110485019556,43.27065425447328,4,True,-0.00011648589510009083,-1.5456479623954937,0.00329317258347197,-0.0001164859335923215,-1.5456479621951855,0.0032931725823612803
6.840000000000619,0.025435236405624347,4.785223726557951e-12,0.2605663180026937,-5.533720784101167e-10,0.037337473964674496,-0.033319766544782185,43.2706758829009,4,True,-0.00011538630002712937,-1.5456385247651605,0.003279413143657297,-0.00011538633843770054,-1.5456385245657072,0.0032794131425592362
6.850000000000622,0.02510407143327374,4.771776012614944e-12,0.26056624593300987,-5.511576437369817e-10,0.03714811646795033,-0.03295050168996008,43.270696801174985,4,True,-0.00011428608817877153,-1.5456289199791737,0.003264917299704119,-0.0001142861264993409,-1.5456289197805353,0.003264917298614194
6.860000000000626,0.0247765874175915,4.758461880053634e-12,0.26056617218484535,-5.48964076263916e-10,0.0369518997666928,-0.032583371567036834,43.27071702779779,4,True,-0.00011318572001705343,-1.5456191585477517,0.0032497212263343485,-0.00011318575825817204,-1.5456191583499865,0.0032497212252700905
6.870000000000629,0.024452762690054267,4.745286488581841e-12,0.2605660968569062,-5.467927127395949e-10,0.03674918409887219,-0.032218434078857563,43.270736580959834,4,True,-0.00011208563751297394,-1.5456092506117154,0.0032338598836959198,-0.00011208567566918043,-1.5456092504147143,0.003233859882650374
6.880000000000632,0.024132575021146636,4.732254446906584e-12,0.2605660200451982,-5.446445848313873e-10,0.03654031730840263,-0.03185574386609982,43.270755478535655,4,True,-0.00011098626467060405,-1.5455992059538664,0.0032173670534214856,-0.00011098630273466116,-1.545599205757645,0.003217367052389882
6.890000000000636,0.023816001652359545,4.7193597439094405e-12,0.26056594184302917,-5.425183299663574e-10,0.03632563522864988,-0.03149535242008696,43.27077373806855,4,True,-0.00010988800807636021,-1.5455890340100624,0.0032002753738109594,-0.00010988804605608547,-1.5455890338146234,0.003200275372798377
6.900000000000639,0.023503019327079197,4.706602843707321e-12,0.26056586234101686,-5.404141486801775e-10,0.03610546205430603,-0.03113730819221551,43.27079137678537,4,True,-0.00010879125744002639,-1.545578743880324,0.003182616373889633,-0.00010879129533583831,-1.545578743685667,0.0031826163728846243
6.910000000000642,0.023193604320399904,4.693981518737252e-12,0.26056578162710314,-5.383316061361005e-10,0.03588011070198881,-0.030781656700092162,43.270808411577214,4,True,-0.00010769638609722413,-1.5455683443388495,0.0031644205065959547,-0.00010769642390783034,-1.5455683441449317,0.003164420505616882
6.920000000000646,0.02288773246789323,4.681499423366468e-12,0.2605656997865716,-5.362716058804688e-10,0.03564988315990289,-0.030428440630470285,43.27082485900464,4,True,-0.00010660375152957022,-1.5455578438443656,0.0031457171810696247,-0.00010660378925006188,-1.5455578436512154,0.003145717180098289
6.930000000000649,0.022585379193364938,4.66914598311206e-12,0.2605656169020714,-5.342317953532029e-10,0.03541507082690411,-0.03007769993907737,43.27084073530015,4,True,-0.00010551369582003121,-1.545547250549996,0.0031265347938924633,-0.0001055137334664285,-1.545547250357611,0.0031265347929467354
6.940000000000652,0.02228651953563038,4.656934350554513e-12,0.26056553305364366,-5.322152978966458e-10,0.03517595484128291,-0.029729471947419876,43.2708560563584,4,True,-0.00010442654618965033,-1.5455365723124692,0.0031069007596753713,-0.00010442658373912818,-1.5455365721208547,0.0031069007587267985
6.950000000000656,0.021991128174338063,4.6448523377053844e-12,0.2605654483187523,-5.302193419912945e-10,0.03493280639958855,-0.029383791436649095,43.27087083774714,4,True,-0.00010334261537802786,-1.5455258167017227,0.0030868415404663877,-0.00010334265284776004,-1.5455258165108416,0.0030868415395398354
6.960000000000659,0.021699179454870265,4.632898102085949e-12,0.2605653627723176,-5.282436332701618e-10,0.0346858870657924,-0.029040690738573474,43.270885094699736,4,True,-0.00010226220217453638,-1.5455149910095356,0.0030663826747002925,-0.0001022622395637119,-1.5455149908193504,0.003066382673798925
6.970000000000662,0.021410647412348934,4.621079826385223e-12,0.2605652764867531,-5.262901245203946e-10,0.03443544907109045,-0.028700199823896815,43.2708988421304,4,True,-0.00010118559181427012,-1.545504102258099,0.0030455488050162753,-0.00010118562911282672,-1.545504102068566,0.0030455488041128955
6.980000000000666,0.021125505794774076,4.609379936882068e-12,0.260565189532004,-5.243548496970097e-10,0.034181735604629206,-0.028362346387757885,43.27091209459695,4,True,-0.00010011305640059018,-1.545493157208591,0.003024363705458287,-0.00010011309363697083,-1.5454931570197759,0.0030243637045962992
6.990000000000669,0.0208437280853212,4.597824576641559e-12,0.26056510197558863,-5.224438927063197e-10,0.03392498109544137,-0.028027155932651853,43.2709248663666,4,True,-9.904485538633426e-05,-1.545482162369557,0.0030028503078877227,-9.904489252742524e-05,-1.5454821621814832,0.003002850307013443
7.000000000000672,0.02056528752382359,4.586394587062627e-12,0.2605650138826414,-5.205528126781003e-10,0.033665411485846404,-0.027694651848809777,43.27093717136387,4,True,-9.79812358835311e-05,-1.5454711240040575,0.0029810307275314136,-9.798127293633073e-05,-1.5454711238167627,0.002981030726678823
7.010000000000676,0.0202901571274645,4.575085045956064e-12,0.2605649253159579,-5.186807102889347e-10,0.0334032444965913,-0.027364855492095688,43.270949023196735,4,True,-9.692243311060011e-05,-1.5454600481381617,0.002958926287958929,-9.69224700954658e-05,-1.545460047951483,0.0029589262871271968
7.020000000000679,0.02001830971070361,4.5639101087779794e-12,0.26056483633603994,-5.168308590918779e-10,0.03313868988397618,-0.027037786259512482,43.27096043513813,4,True,-9.58686708055104e-05,-1.5454489405674472,0.0029365575453164433,-9.586870770015313e-05,-1.5454489403815341,0.0029365575444908884
7.030000000000682,0.019749717904461304,4.552858450117908e-12,0.26056474700114385,-5.150007227307148e-10,0.032871949689217264,-0.026713461662364407,43.27097142018793,4,True,-9.482016153638872e-05,-1.5454378068653374,0.0029139443116384606,-9.482019835410513e-05,-1.5454378066799914,0.002913944310827531
7.040000000000686,0.019484354174583926,4.541933184832576e-12,0.26056465736732753,-5.13191086804936e-10,0.032603218480279035,-0.02639189739715735,43.2709819909948,4,True,-9.377710710591162e-05,-1.5454266523887474,0.0028911056779871375,-9.377714384611581e-05,-1.5454266522040798,0.002891105677196983
7.050000000000689,0.019222190839612078,4.5311378520652515e-12,0.2605645674885001,-5.114028327425336e-10,0.032332683586407444,-0.026073107414295613,43.27099215992213,4,True,-9.273969889944542e-05,-1.5454154822858346,0.002868060036361899,-9.273973555177416e-05,-1.5454154821018427,0.002868060035576352
7.060000000000692,0.018963200087873857,4.520471395158741e-12,0.2605644774164707,-5.096357434282656e-10,0.032060525325592955,-0.0257571039846367,43.27100193902514,4,True,-9.170811821505826e-05,-1.5454043015022558,0.002844825101359646,-9.170815478355042e-05,-1.5454043013188905,0.0028448251005859923
7.070000000000696,0.01870735399392404,4.5099282333983855e-12,0.2605643872009984,-5.078886206177982e-10,0.03178691722517401,-0.025443897763971355,43.271011340064575,4,True,-9.068253660898855e-05,-1.545393114787417,0.002821417931121611,-9.068257309658275e-05,-1.5453931146046813,0.002821417930361391
7.080000000000699,0.01845462453434952,4.499505212401474e-12,0.2605642968898424,-5.06160835805977e-10,0.031512026235790316,-0.02513349785548365,43.271020374501106,4,True,-8.966311621980968e-05,-1.5453819267006808,0.002797854947612589,-8.96631526312712e-05,-1.5453819265186242,0.0027978549468688904
7.090000000000702,0.01820498360296106,4.4892021629424325e-12,0.2605642065288117,-5.044524822480299e-10,0.031236012938895864,-0.024825911870250735,43.27102905351617,4,True,-8.865001008881267e-05,-1.545370741617732,0.00277415195638443,-8.865004642504747e-05,-1.545370741436283,0.002774151955651032
7.100000000000706,0.017958403025390524,4.4790204351222765e-12,0.26056411616181585,-5.027639268211289e-10,0.03095903174801932,-0.024521145985840882,43.27103738799843,4,True,-8.764336246251371e-05,-1.5453595637356223,0.0027503241657563593,-8.764339871885886e-05,-1.5453595635547863,0.0027503241650335816
7.110000000000709,0.017714854573112362,4.4689570802704975e-12,0.2605640258309148,-5.010945579668402e-10,0.030681231103969073,-0.024219205003061198,43.2710453885625,4,True,-8.664330907952501e-05,-1.5453483970790696,0.002726386205408787,-8.664334526251781e-05,-1.5453483968988453,0.0027263862047006834
7.120000000000712,0.017474309976907486,4.459011487085472e-12,0.2605639355763681,-4.994443238319694e-10,0.0304027536641636,-0.023920092400910066,43.27105306554451,4,True,-8.56499774879276e-05,-1.545337245505761,0.002702352144506857,-8.565001359522054e-05,-1.5453372453261216,0.002702352143812577
7.130000000000716,0.017236740939787318,4.4491876597792315e-12,0.26056384543668526,-4.978141760248155e-10,0.03012373648626609,-0.023623810389789005,43.271060429009914,4,True,-8.466348730450324e-05,-1.5453261127114077,0.002678235509245101,-8.466352333065579e-05,-1.545326112532396,0.002678235508556593
7.140000000000719,0.017002119149395017,4.439479615297405e-12,0.2605637554486742,-4.962028388607606e-10,0.02984431120630029,-0.023330359963019468,43.27106748876417,4,True,-8.368395049311415e-05,-1.5453150022352895,0.002654049299847079,-8.368398644400269e-05,-1.5453150020568232,0.00265404929917104
7.1500000000007224,0.016770416289900645,4.4298885113229625e-12,0.2605636656474902,-4.946106427822955e-10,0.029564604211410734,-0.023039740946717763,43.27107425435702,4,True,-8.271147164729383e-05,-1.5453039174648846,0.0026298060072153925,-8.271150752167889e-05,-1.5453039172870446,0.002629806006544318
7.160000000000726,0.016541604053406357,4.420406266818014e-12,0.26056357606668373,-4.93035838976375e-10,0.02928473680743225,-0.022751952048074484,43.271080735070555,4,True,-8.174614821216671e-05,-1.5452928616410968,0.0026055176289359874,-8.174618402070254e-05,-1.5452928614638062,0.0026055176282888176
7.170000000000729,0.016315654150877414,4.411042662172555e-12,0.2605634867382483,-4.914807627175863e-10,0.029004825381420046,-0.02246699090208598,43.271086939947715,4,True,-8.078807079492037e-05,-1.5452818378625461,0.002581195684952486,-8.078810651743603e-05,-1.545281837685822,0.0025811956843056682
7.1800000000007325,0.01609253832261413,4.401792600788088e-12,0.2605633976926671,-4.899442570022594e-10,0.028724981559304738,-0.02218485411678056,43.27109287778499,4,True,-7.983732334117824e-05,-1.545270849090387,0.0025568512326269556,-7.983735898818963e-05,-1.5452708489142235,0.002556851231991542
7.190000000000736,0.01587222834827967,4.392651676675682e-12,0.2605633089589591,-4.884254041855466e-10,0.02844531235881134,-0.02190553731698671,43.27109855714063,4,True,-7.889398341485917e-05,-1.5452598981528574,0.002532494881529173,-7.889401899428356e-05,-1.5452598979772576,0.002532494880907259
7.200000000000739,0.015654696056497937,4.383620155794246e-12,0.2605632205647245,-4.86924378446875e-10,0.02816592033778003,-0.021629035186683826,43.27110398633009,4,True,-7.79581224221965e-05,-1.5452489877492759,0.0025081368077434748,-7.795815793014117e-05,-1.545248987574184,0.0025081368071359555
7.2100000000007425,0.015439913334035578,4.37470272934903e-12,0.26056313253618946,-4.854423055726103e-10,0.027886903738037712,-0.021355341509978917,43.27110917345648,4,True,-7.702980583034711e-05,-1.5452381204543633,0.002483786767638433,-7.70298412633938e-05,-1.5452381202797953,0.0024837867670344993
7.220000000000746,0.015227852134581632,4.3658927864445455e-12,0.2605630448982502,-4.839777293057959e-10,0.027608356624950276,-0.021084449210746037,43.271114126378016,4,True,-7.610909337008254e-05,-1.5452272987222502,0.0024594541114117503,-7.610912873651801e-05,-1.5452272985482778,0.0024594541108150575
7.230000000000749,0.01501848448713787,4.357187987070965e-12,0.26056295767451565,-4.825302406897266e-10,0.02733036902278101,-0.020816350390973834,43.27111885274989,4,True,-7.519603927106001e-05,-1.5452165248906795,0.0024351477961203323,-7.519607457356442e-05,-1.545216524717173,0.0024351477955427544
7.2400000000007525,0.014811782504032655,4.348598905931625e-12,0.26056287088734986,-4.811022851701083e-10,0.02705302704598912,-0.02055103636785347,43.27112336000898,4,True,-7.429069246387955e-05,-1.5452058011842842,0.002410876398386666,-7.429072768042625e-05,-1.545205801011344,0.0024108763978062447
7.250000000000756,0.014607718388570652,4.340109051046125e-12,0.2605627845579135,-4.796901469753644e-10,0.026776413026582947,-0.02028849770964629,43.271127655375274,4,True,-7.339309673501908e-05,-1.5451951297188729,0.00238664812665998,-7.3393131888424e-05,-1.5451951295463873,0.0023866481260981223
7.260000000000759,0.014406264442330384,4.3317234381731615e-12,0.2605626987062035,-4.78295089147059e-10,0.026500605637651536,-0.02002872427036871,43.27113174587821,4,True,-7.250329098853521e-05,-1.545184512504567,0.002362470833238814,-7.250332607443164e-05,-1.5451845123326864,0.002362470832680998
7.2700000000007625,0.01420739307212132,4.323439539876097e-12,0.26056261335109426,-4.76916635643972e-10,0.026225680013182994,-0.019771705223328544,43.27113563833272,4,True,-7.162130937086233e-05,-1.545173951449658,0.0023383520257959046,-7.162134439341272e-05,-1.5451739512781841,0.002338352025253599
7.280000000000766,0.014011076796611737,4.315259055886053e-12,0.2605625285103746,-4.755552002217152e-10,0.025951707864282567,-0.019517429093544304,43.27113933936871,4,True,-7.074718149371195e-05,-1.5451634483635688,0.0023142988786960866,-7.074721645081557e-05,-1.545163448192616,0.0023142988781651155
7.290000000000769,0.013817288252638362,4.307187032869064e-12,0.2605624442007865,-4.742120146078224e-10,0.0256787575919016,-0.019265883789085267,43.27114285542062,4,True,-6.988093258551302e-05,-1.545153004960658,0.0022903182438668403,-6.988096746436565e-05,-1.5451530047901934,0.0022903182433365787
7.3000000000007725,0.013626000201208415,4.299217784915389e-12,0.2605623604380618,-4.728857629632259e-10,0.025406894396177233,-0.019017056631361485,43.27114619274214,4,True,-6.90225836571671e-05,-1.5451426228629397,0.002266416661410653,-6.902261846896074e-05,-1.54514262269297,0.0022664166608929925
7.310000000000776,0.013437185533204407,4.291345399956949e-12,0.26056227723695835,-4.715752176634787e-10,0.02513618038248464,-0.018770934384393173,43.27114935739942,4,True,-6.817215168546115e-05,-1.5451323036034716,0.002242600369915849,-6.817218643699136e-05,-1.5451323034339752,0.002242600369409673
7.320000000000779,0.013250817274801636,4.283568541254342e-12,0.2605621946112947,-4.702802183362106e-10,0.024866674664296404,-0.018527503283097477,43.271152355284094,4,True,-6.732964976650355e-05,-1.545122048629142,0.002218875316420057,-6.732968445908677e-05,-1.5451220484601025,0.0022188753159231847
7.330000000000783,0.013066868592608189,4.2758930028814776e-12,0.26056211257398454,-4.690021615468614e-10,0.02459843346294992,-0.018286749060610764,43.27115519212365,4,True,-6.64950872720377e-05,-1.5451118593038766,0.002195247166060718,-6.649512189881073e-05,-1.5451118591352881,0.0021952471655697905
7.340000000000786,0.012885312798536788,4.26831753459973e-12,0.26056203113707005,-4.677407593873467e-10,0.02433151020441289,-0.018048656974686907,43.27115787346322,4,True,-6.566846998305563e-05,-1.5451017369111437,0.0021717213115351837,-6.566850454113468e-05,-1.5451017367430007,0.0021717213110497144
7.350000000000789,0.01270612335441768,4.260838064445123e-12,0.2605619503117541,-4.664951462304509e-10,0.024065955613130255,-0.01781321183318998,43.27116040469519,4,True,-6.484980024977109e-05,-1.5450916826569532,0.002148302882141871,-6.484983474447245e-05,-1.5450916824892862,0.002148302881660901
7.360000000000793,0.012529273876361404,4.25345133758813e-12,0.26056187010843196,-4.6526467747318746e-10,0.0238018178030438,-0.01758039801871577,43.27116279104514,4,True,-6.403907713273352e-05,-1.5450816976723305,0.0021249967526968967,-6.403911156656908e-05,-1.5450816975051052,0.002124996752230517
7.370000000000796,0.012354738138880045,4.2461576520473625e-12,0.2605617905367217,-4.6404952204879976e-10,0.023539142365867828,-0.017350199512362222,43.271165037589775,4,True,-6.323629653752044e-05,-1.5450717830160468,0.0021018075520662406,-6.323633091259246e-05,-1.5450717828492504,0.002101807551607388
7.380000000000799,0.012182490078775332,4.238959926320646e-12,0.2605617116054942,-4.6285038243672876e-10,0.023277972456701112,-0.017122599916679467,43.27116714925259,4,True,-6.244145134737456e-05,-1.5450619396770269,0.0020787396714933744,-6.244148565564455e-05,-1.5450619395106824,0.002078739671037693
7.390000000000803,0.012012503798801612,4.2318527266628975e-12,0.26056163332290205,-4.616660630420853e-10,0.02301834887705244,-0.016897582477820628,43.27116913080895,4,True,-6.165453153736319e-05,-1.5450521685768872,0.0020557972726761263,-6.165456578692774e-05,-1.5450521684109646,0.002055797272221652
7.400000000000806,0.011844753571111645,4.224833529309018e-12,0.26056155569640765,-4.604960686689264e-10,0.022760310155357847,-0.016675130106920368,43.271170986883845,4,True,-6.087552431686185e-05,-1.5450424705721348,0.0020329842955945357,-6.0875558509237775e-05,-1.5450424704066312,0.002032984295153437
7.410000000000809,0.011679213840492697,4.217903792491239e-12,0.2605614787328106,-4.5934084193125875e-10,0.02250389262506165,-0.01645522540072274,43.27117272197513,4,True,-6.010441424370521e-05,-1.545032846456564,0.0020103044661217264,-6.010444837769663e-05,-1.5450328462914922,0.0020103044656945767
7.420000000000813,0.011515859227400413,4.211062395187216e-12,0.26056140243827386,-4.582001691546378e-10,0.022249130500333156,-0.016237850661481888,43.27117434043751,4,True,-5.934118333437776e-05,-1.5450232969635374,0.0019877613033804867,-5.934121741112006e-05,-1.5450232967988538,0.0019877613029590504
7.430000000000816,0.011354664530797557,4.2043100665835495e-12,0.26056132681834976,-4.570742648481521e-10,0.021996055949490653,-0.01602298791615742,43.27117584648987,4,True,-5.8585811182653976e-05,-1.5450138227679575,0.0019653581268598112,-5.858584520334172e-05,-1.5450138226036643,0.0019653581264435635
7.440000000000819,0.01119560473080462,4.197645949273662e-12,0.26056125187800455,-4.559630191598394e-10,0.021744699166196382,-0.015810618934926433,43.271177244229065,4,True,-5.7838275066271624e-05,-1.5450044244885681,0.0019430980633691425,-5.783830902909723e-05,-1.5450044243247012,0.0019430980629622987
7.450000000000823,0.011038654991168897,4.191075302914096e-12,0.26056117762164305,-4.5486766726757414e-10,0.021495088438492807,-0.015600725249032183,43.271178537628195,4,True,-5.7098550050963166e-05,-1.544995102689874,0.001920984053758364,-5.7098583943963335e-05,-1.5449951025263848,0.0019209840533445301
7.460000000000826,0.010883790661558682,4.184587880432588e-12,0.26056110405313154,-4.537858526296736e-10,0.02124725021573645,-0.015393288167992316,43.27117973052616,4,True,-5.6366609084971934e-05,-1.5449858578839468,0.0018990188594330828,-5.636664292262228e-05,-1.5449858577208624,0.0018990188590347964
7.470000000000829,0.010730987279688815,4.1781827379065175e-12,0.2605610311758207,-4.527175054415489e-10,0.021001209173497574,-0.015188288796181367,43.27118082665281,4,True,-5.5642423110776565e-05,-1.5449766905327456,0.0018772050686358254,-5.564245689335508e-05,-1.5449766903700624,0.0018772050682461302
7.480000000000833,0.010580220573283707,4.171861009910198e-12,0.2605609589925669,-4.516629699007753e-10,0.020756988276482376,-0.014985708048812149,43.271181829630535,4,True,-5.492596116319612e-05,-1.5449676010495899,0.001855545102614897,-5.49259948894551e-05,-1.5449676008872573,0.0018555451022260188
7.490000000000836,0.010431466461883837,4.165617886862711e-12,0.26056088750575446,-4.506212041749532e-10,0.020514608839535004,-0.01478552666733063,43.27118274295056,4,True,-5.42171904392385e-05,-1.54495858980109,0.0018340412215330341,-5.4217224112307826e-05,-1.544958589639172,0.0018340412211539502
7.500000000000839,0.010284701058501385,4.159451347815254e-12,0.2605608167173152,-4.495918398180995e-10,0.020274090586777115,-0.014587725234245235,43.2711835700089,4,True,-5.3516076404458315e-05,-1.5449496571089485,0.001812695530240602,-5.3516110033883515e-05,-1.544949656947346,0.0018126955298750907
7.510000000000843,0.010139900671130613,4.1533682201836366e-12,0.260560746628749,-4.485764916024129e-10,0.020035451708937415,-0.01439228418740594,43.27118431408773,4,True,-5.282258288147372e-05,-1.5449408032514294,0.00179150998385023,-5.2822616454716866e-05,-1.544940803090202,0.001791509983486115
7.520000000000846,0.009997041804118437,4.147368877848742e-12,0.2605606772411427,-4.4757525845866954e-10,0.019798708918923595,-0.014199183833750737,43.271184978372446,4,True,-5.2136672116661145e-05,-1.5449320284652301,0.0017704863931106605,-5.213670563570784e-05,-1.544932028304353,0.001770486392749799
7.530000000000849,0.00985610115940034,4.141449222861437e-12,0.26056060855518814,-4.465872517059934e-10,0.019563877505693102,-0.014008404362536838,43.27118556594732,4,True,-5.1458304877621786e-05,-1.5449233329470469,0.0017496264297080018,-5.1458338341168824e-05,-1.5449233327865461,0.0017496264293520296
7.540000000000853,0.009717055637606758,4.135603048554472e-12,0.26056054057120115,-4.4561113003317857e-10,0.01933097138646646,-0.013819925858072311,43.2711860797932,4,True,-5.078744051004088e-05,-1.544914716854945,0.0017289316313056403,-5.078747393019511e-05,-1.544914716694794,0.0017289316309654003
7.550000000000856,0.00957988233904482,4.1298362366590335e-12,0.26056047328913784,-4.4464833074434785e-10,0.019100003157334292,-0.013633728311962606,43.27118652280194,4,True,-5.012403704889647e-05,-1.544906180310041,0.0017084034064845934,-5.012407041842453e-05,-1.5449061801502546,0.0017084034061423524
7.560000000000859,0.009444558564560194,4.1241476833973496e-12,0.260560406708612,-4.4369861717572584e-10,0.018870984142306563,-0.01344979163488959,43.271186897776616,4,True,-4.9468051248979285e-05,-1.544897723397806,0.001688043039495776,-4.9468084563271365e-05,-1.5448977232383136,0.0016880430391598346
7.570000000000863,0.009311061816283708,4.118538263666469e-12,0.260560340828911,-4.427622310535939e-10,0.01864392444084336,-0.013268095667934477,43.271187207424006,4,True,-4.88194386791385e-05,-1.5448893461694173,0.0016678516949197076,-4.88194719379886e-05,-1.5448893460103121,0.0016678516945834436
7.580000000000866,0.009179369798267108,4.112999469662977e-12,0.2605602756490113,-4.4183731045429794e-10,0.018418832973916933,-0.01308862019346217,43.2711874543653,4,True,-4.817815377798439e-05,-1.54488104864341,0.0016478304220913494,-4.817818699136934e-05,-1.5448810484846431,0.0016478304217639732
7.590000000000869,0.009049460417012382,4.107530173507569e-12,0.2605602111675935,-4.4092369002155773e-10,0.01819571752864926,-0.012911344945578704,43.271187641142994,4,True,-4.754414993507445e-05,-1.5448728308066924,0.0016279801595053096,-4.754418310618094e-05,-1.544872830648239,0.0016279801591900435
7.600000000000873,0.00892131178189874,4.1021353677133715e-12,0.260560147383057,-4.4002257424717826e-10,0.0179745848015605,-0.012736249620176153,43.27118777021113,4,True,-4.691737954477961e-05,-1.5448646926158818,0.00160830173899338,-4.691741266763541e-05,-1.544864692457728,0.0016083017386814967
7.610000000000876,0.008794902205511398,4.096817531106554e-12,0.26056008429353367,-4.391345230461527e-10,0.01775544044047277,-0.01256331388457831,43.27118784394804,4,True,-4.62977940593338e-05,-1.5448566339986511,0.001588795889761556,-4.629782712565388e-05,-1.5448566338408696,0.0015887958894438483
7.620000000000879,0.008670210203876032,4.091567978972023e-12,0.2605600218969017,-4.382576331199885e-10,0.017538289085107555,-0.012392517386798137,43.271187864657115,4,True,-4.5685344048978116e-05,-1.5448486548548663,0.0015694632423902245,-4.568537707299935e-05,-1.544848654697378,0.00156946324208685
7.630000000000883,0.008547214496602704,4.086388024372332e-12,0.2605599601907983,-4.3739225837371583e-10,0.017323134406416387,-0.012223839764422264,43.27118783455905,4,True,-4.5079979275776145e-05,-1.5448407550576486,0.0015503043326473758,-4.5080012256073674e-05,-1.544840754900483,0.0015503043323514328
7.640000000000886,0.00842589400694298,4.081280088694606e-12,0.2605598991726324,-4.365390149967362e-10,0.01710997914468071,-0.012057260653131086,43.27118775581276,4,True,-4.4481648735559545e-05,-1.5448329344547111,0.0015313196051643327,-4.4481681666405095e-05,-1.5448329342978637,0.001531319604866229
7.650000000000889,0.00830622786176376,4.076240097480378e-12,0.2605598388395967,-4.3569701820287274e-10,0.01689882514641177,-0.011892759694869873,43.271187630494374,4,True,-4.389030069558761e-05,-1.5448251928691215,0.0015125094170521712,-4.389033358008634e-05,-1.5448251927125558,0.001512509416752974
7.660000000000893,0.008188195391441304,4.0712633490275604e-12,0.2605597791886791,-4.3486525813953954e-10,0.016689673400096677,-0.01173031654567727,43.271187460622876,4,True,-4.330588277289563e-05,-1.5448175301007816,0.001493874041332684,-4.330591561756966e-05,-1.544817529944468,0.001493874041051161
7.670000000000896,0.008071776129678762,4.0663548091356495e-12,0.260559720216674,-4.3404491961507556e-10,0.01648252407081392,-0.011569910883187698,43.271187248140976,4,True,-4.2728341973825087e-05,-1.5448099459269675,0.0014754136703573394,-4.27283747748667e-05,-1.544809945770982,0.0014754136700729046
7.680000000000899,0.00795694981325046,4.061507091125087e-12,0.260559661920193,-4.3323439020786266e-10,0.016277376533757125,-0.011411522413813487,43.27118699494144,4,True,-4.215762472804292e-05,-1.5448024401038045,0.0014571284189913074,-4.215765748899616e-05,-1.5448024399481417,0.0014571284187205145
7.690000000000903,0.007843696381676061,4.056724343356747e-12,0.2605596042956754,-4.3243467938578075e-10,0.01607422940669373,-0.011255130879619444,43.27118670283264,4,True,-4.159367694644788e-05,-1.5447950123668726,0.0014390183278701837,-4.159370966489714e-05,-1.5447950122114236,0.0014390183276068995
7.700000000000906,0.007731995976827616,4.0520107359927536e-12,0.26055954733939785,-4.316467511105161e-10,0.015873080581398316,-0.011100716064900618,43.271186373582815,4,True,-4.1036444069518345e-05,-1.5447876624321815,0.001421083366331782,-4.103647674073195e-05,-1.5447876622770285,0.0014210833660649729
7.7100000000009095,0.007621828942472447,4.047368892815505e-12,0.2605594910474842,-4.3087121525040274e-10,0.0156739272540831,-0.010948257802469769,43.27118600889508,4,True,-4.048587109209309e-05,-1.5447803899972783,0.0014033234354287841,-4.048590370969333e-05,-1.544780389842421,0.001403323435157057
7.720000000000913,0.007513175823754697,4.042787122250303e-12,0.2605594354159149,-4.301054362123725e-10,0.015476765954853644,-0.010797735979667924,43.27118561040407,4,True,-3.9941902603347304e-05,-1.544773194741776,0.0013857383707965092,-3.994193518302606e-05,-1.5447731945872314,0.0013857383705380797
7.730000000000916,0.0074060173666182436,4.038260715195891e-12,0.2605593804405353,-4.293484451474086e-10,0.015281592576225595,-0.010649130544103626,43.27118517970659,4,True,-3.940448285526672e-05,-1.544766076328527,0.0013683279454100334,-3.940451540110579e-05,-1.5447660761742872,0.001368327945155952
7.7400000000009195,0.007300334517173696,4.033795658729329e-12,0.2605593261170645,-4.2860172695997073e-10,0.015088402400724352,-0.010502421509132425,43.27118471833385,4,True,-3.88735557805213e-05,-1.544759034404243,0.0013510918722382398,-3.887358828295412e-05,-1.5447590342502162,0.0013510918719830186
7.750000000000923,0.007196108421011957,4.029391627909342e-12,0.2605592724411033,-4.2786520500286146e-10,0.014897190127597328,-0.010357588959082939,43.27118422776924,4,True,-3.834906500951109e-05,-1.5447520686002987,0.0013340298068448555,-3.834909747724727e-05,-1.5447520684465559,0.0013340298066036448
7.760000000000926,0.0070933204224668985,4.025048927701788e-12,0.2605592194081425,-4.2713900008851125e-10,0.014707949898663409,-0.010214613054240299,43.27118370944309,4,True,-3.783095394513798e-05,-1.544745178533507,0.0013171413499230395,-3.78309863729057e-05,-1.5447451783799993,0.0013171413496816484
7.7700000000009295,0.006991952063829497,4.020767253918604e-12,0.26055916701356974,-4.264230591224106e-10,0.014520675323323592,-0.01007347403559223,43.271183164741736,4,True,-3.73191657607696e-05,-1.5447383638069538,0.0013004260496748932,-3.731919814407722e-05,-1.5447383636536887,0.0013004260494354624
7.780000000000933,0.006891985084515767,4.0165430779046156e-12,0.2605591152526774,-4.2571660149381126e-10,0.014335359502760428,-0.009934152229349064,43.27118259499842,4,True,-3.681364344544641e-05,-1.5447316240104214,0.00128388340419627,-3.6813675794375065e-05,-1.544731623857448,0.0012838834039651623
7.790000000000936,0.0067934014201907105,4.012373440239691e-12,0.260559064120669,-4.250190336346225e-10,0.014151995053349221,-0.009796628051241747,43.271182001505125,4,True,-3.63143298432415e-05,-1.5447249587214986,0.0012675128637089537,-3.631436215900983e-05,-1.5447249585688112,0.0012675128634783421
7.8000000000009395,0.006696183201850468,4.008265767116492e-12,0.26055901361266615,-4.243321545849079e-10,0.013970574129301418,-0.00966088201060733,43.27118138550566,4,True,-3.582116767875126e-05,-1.544718367505944,0.0012513138327757839,-3.582119994859995e-05,-1.5447183673534097,0.0012513138325475099
7.810000000000943,0.006600312754864764,4.004216659079653e-12,0.26055896372371484,-4.2365509710749974e-10,0.013791088444566352,-0.009526894714268453,43.27118074820078,4,True,-3.533409956417698e-05,-1.544711849918274,0.0012352856724162236,-3.533413179509587e-05,-1.5447118497660288,0.0012352856721908848
7.820000000000946,0.006505772597981623,4.0002184201642246e-12,0.2605589144487916,-4.2298623710725516e-10,0.013613529294013178,-0.009394646870215627,43.27118009074806,4,True,-3.485306805418696e-05,-1.5447054055026805,0.0012194277021644652,-3.485310025541432e-05,-1.5447054053506284,0.0012194277019482683
7.8300000000009495,0.006412545442296366,3.996276444057368e-12,0.26055886578280935,-4.223268302403296e-10,0.013437887573907733,-0.009264119291094717,43.27117941427266,4,True,-3.437801566667727e-05,-1.544699033793262,0.0012037392020409602,-3.4378047825249297e-05,-1.5446990336414832,0.0012037392018209158
7.840000000000953,0.006320614190186716,3.992385185410308e-12,0.26055881772062267,-4.2167569439342085e-10,0.013264153801715042,-0.009135292897511787,43.27117871984446,4,True,-3.3908884891639646e-05,-1.5446927343150871,0.0011882194144504541,-3.390891701814336e-05,-1.5446927341634846,0.0011882194142374223
7.850000000000956,0.0062299619342159095,3.98855520894952e-12,0.2605587702570338,-4.2103521386486156e-10,0.013092318135242873,-0.00900814872115392,43.27117800851368,4,True,-3.3445618240473304e-05,-1.5446865065842237,0.0011728675460766149,-3.3445650324387714e-05,-1.5446865064328896,0.0011728675458689962
7.8600000000009596,0.006140571956005461,3.984777705077305e-12,0.2605587233867972,-4.204034051885454e-10,0.01292237039114187,-0.008882667907745308,43.27117728128281,4,True,-3.298815823672235e-05,-1.5446803501086104,0.0011576827696612023,-3.298819028211289e-05,-1.5446803499574993,0.0011576827694562309
7.870000000000963,0.006052427725079378,3.981051538789615e-12,0.2605586771046252,-4.1978006324657733e-10,0.012754300062785233,-0.008758831719827772,43.27117653911513,4,True,-3.253644746375957e-05,-1.5446742643883824,0.0011426642257089204,-3.253647947409948e-05,-1.544674264237549,0.0011426642255014275
7.880000000000966,0.005965512897681423,3.977371662669838e-12,0.2605586314051917,-4.191641473498229e-10,0.012588096337547771,-0.008636621539384635,43.27117578294908,4,True,-3.20904285843442e-05,-1.5446682489166605,0.0011278110241417798,-3.209046056350213e-05,-1.5446682487660752,0.0011278110239380447
7.89000000000097,0.005879811315566999,3.973736702852022e-12,0.26055858628313744,-4.185554357270424e-10,0.012423748113499822,-0.008516018870307803,43.2711750136785,4,True,-3.165004434208175e-05,-1.5446623031797773,0.001113122246009665,-3.165007629676652e-05,-1.544662303029379,0.001113122245814071
7.900000000000973,0.005795307004771201,3.970147071635442e-12,0.26055854173307375,-4.1795405871289366e-10,0.012261244015533647,-0.008397005340714704,43.27117423218063,4,True,-3.121523761177885e-05,-1.5446564266578708,0.0010985969448998936,-3.121526953983215e-05,-1.5446564265076606,0.0010985969447126897
7.910000000000976,0.005711984174354497,3.9666110567852176e-12,0.26055849774958734,-4.173619387332401e-10,0.012100572410941235,-0.008279562705120412,43.27117343927943,4,True,-3.078595138305385e-05,-1.54465061882521,0.0010842341485960687,-3.078598327712186e-05,-1.5446506186751745,0.0010842341484112686
7.92000000000098,0.005629827215127456,3.963131242484249e-12,0.26055845432724367,-4.1677963505689913e-10,0.01194172142445447,-0.008163672846469705,43.27117263578959,4,True,-3.0362128801828336e-05,-1.5446448791507443,0.0010700328604164565,-3.036216065353689e-05,-1.5446448790009295,0.0010700328602244729
7.930000000000983,0.005548820698355917,3.959701604754078e-12,0.260558411460591,-4.1620576655477303e-10,0.011784678952769809,-0.008049317778034939,43.271171822480106,4,True,-2.9943713170649697e-05,-1.5446392070984862,0.0010559920606813546,-2.994374498520698e-05,-1.5446392069489006,0.0010559920604920816
7.940000000000986,0.0054689493744478745,3.956311437638475e-12,0.26055836914416364,-4.156379722471082e-10,0.01162943267856875,-0.007936479645182841,43.27117100009913,4,True,-2.9530647970691094e-05,-1.544633602127999,0.0010421107080233305,-2.953067976138899e-05,-1.5446336019786118,0.0010421107078439587
7.95000000000099,0.005390198171623413,3.952970180516078e-12,0.26055832737248574,-4.1507848080930186e-10,0.011475970084053162,-0.007825140727016976,43.27117016936482,4,True,-2.912287690258686e-05,-1.5446280636946397,0.0010283877407489992,-2.9122908660734295e-05,-1.5446280635455012,0.0010283877405750784
7.960000000000993,0.0053125521945688635,3.949674838373251e-12,0.26055828614007415,-4.1452663310459495e-10,0.011324278464005763,-0.007715283437898933,43.271169330969954,4,True,-2.8720343858532935e-05,-1.54462259125014,0.0010148220780418105,-2.8720375586013604e-05,-1.5446225911011244,0.0010148220778687024
7.970000000000996,0.005235996723076412,3.946425873634366e-12,0.26055824544144185,-4.139825449845215e-10,0.011174344938392873,-0.007606890328853021,43.27116848558096,4,True,-2.8322992956006102e-05,-1.5446171842426275,0.0010014126212110625,-2.83230246545222e-05,-1.5446171840938439,0.001001412621039393
7.980000000001,0.005160517210670268,3.943223730429799e-12,0.26055820527110085,-4.134463505268809e-10,0.011026156464521293,-0.0074999440888585895,43.27116763383845,4,True,-2.793076856304595e-05,-1.5446118421173627,0.0009881582548625842,-2.7930800230980718e-05,-1.5446118419688055,0.0009881582546920683
7.990000000001003,0.005086099283220514,3.9400634788765214e-12,0.2605581656235649,-4.1291696626129046e-10,0.010879699848764034,-0.0073944275460345885,43.271166776351706,4,True,-2.7543615281197452e-05,-1.5446065643168967,0.0009750578480309668,-2.7543646922910356e-05,-1.5446065641684905,0.0009750578478670168
8.000000000001005,0.005012728737545679,3.936945965092498e-12,0.260558126493352,-4.1239465704161107e-10,0.010734961757867133,-0.007290323668720822,43.27116591372062,4,True,-2.7161477988148617e-05,-1.5446013502813203,0.0009621102552551248,-2.7161509604943303e-05,-1.5446013501330882,0.0009621102550990821
8.010000000001,0.004940391540005063,3.9338762316393325e-12,0.2605580878749874,-4.118806098785396e-10,0.010591928729851619,-0.007187615566456746,43.271165046512515,4,True,-2.6784301837327393e-05,-1.5445961994487565,0.0009493143176458153,-2.6784333417021222e-05,-1.544596199300702,0.0009493143174893948
8.020000000000994,0.004869073825081796,3.9308524285089225e-12,0.26055804976300545,-4.1137435123765704e-10,0.010450587184520377,-0.007086286490865945,43.27116417527362,4,True,-2.641203225530185e-05,-1.5445911112555142,0.0009366688639145042,-2.6412063801244683e-05,-1.5445911111076216,0.000936668863753063
8.030000000000989,0.00479876189395758,3.927864730549511e-12,0.2605580121519523,-4.1087368668071233e-10,0.010310923433584867,-0.006986319836446949,43.271163300526034,4,True,-2.604461495833574e-05,-1.5445860851363642,0.0009241727112979191,-2.6044646487227324e-05,-1.5445860849888808,0.0009241727111464856
8.040000000000983,0.004729442213079998,3.92492114084258e-12,0.26055797503638783,-4.1038065764138535e-10,0.010172923690421736,-0.006887699141275151,43.271162422785224,4,True,-2.5681996000795833e-05,-1.5445811205251576,0.0009118246665407228,-2.568202750090131e-05,-1.5445811203776414,0.0009118246663791545
8.050000000000978,0.004661101412723308,3.922010343596735e-12,0.26055793841088815,-4.0989260932815766e-10,0.010036574079470173,-0.006790408087616278,43.271161542525995,4,True,-2.5324121708908048e-05,-1.5445762168545,0.0008996235268053104,-2.532415318938762e-05,-1.544576216707174,0.000899623526660772
8.060000000000972,0.0045937262855435205,3.9191430160793425e-12,0.2605579022700469,-4.0941207381242887e-10,0.00990186064527811,-0.006694430502462641,43.271160660216125,4,True,-2.49709387635533e-05,-1.5445713735565003,0.000887568080559207,-2.4970970211507566e-05,-1.5445713734093196,0.0008875680804137912
8.070000000000967,0.004527303785128581,3.916322554972874e-12,0.2605578666084777,-4.08939753516293e-10,0.00976876936121568,-0.0065997503579852245,43.271159776295974,4,True,-2.46223941585384e-05,-1.5445665900626246,0.0008756571083522016,-2.4622425572076947e-05,-1.5445665899156606,0.0008756571082052584
8.080000000000961,0.004461821024544452,3.9135378008883236e-12,0.26055783142081523,-4.0847308248946753e-10,0.00963728613785991,-0.006506351771909869,43.271158891212494,4,True,-2.427843521958609e-05,-1.5445618658046147,0.0008638893836194224,-2.4278466609982014e-05,-1.5445618656577982,0.0008638893834785846
8.090000000000956,0.004397265274877838,3.910790326836609e-12,0.2605577967017178,-4.0801252070961853e-10,0.00950739683106923,-0.006414219007822052,43.27115800535944,4,True,-2.3939009636717855e-05,-1.5445572002138435,0.0008522636736149645,-2.393904100320799e-05,-1.5445572000672216,0.000852263673477227
8.10000000000095,0.004333623963776229,3.908084553730935e-12,0.26055776244586815,-4.0755917174363956e-10,0.009379087249736143,-0.006323336475401408,43.271157119136745,4,True,-2.3604065444422704e-05,-1.5445525927220642,0.000840778739957744,-2.3604096782326114e-05,-1.544552592575515,0.0008407787398219672
8.110000000000944,0.004270884673986011,3.905419258311493e-12,0.26055772864797494,-4.0711267273079406e-10,0.009252343163255154,-0.006233688730585807,43.271156232920205,4,True,-2.327355103199025e-05,-1.5445480427614795,0.0008294333394794166,-2.3273582343013142e-05,-1.5445480426151632,0.0008294333393407779
8.120000000000939,0.0042090351418892676,3.902789683790102e-12,0.2605576953027746,-4.066720394507983e-10,0.009127150308696505,-0.006145260475673362,43.27115534706832,4,True,-2.294741515175964e-05,-1.5445435497651105,0.0008182262248668098,-2.29474464385916e-05,-1.5445435496189384,0.0008182262247320673
8.130000000000933,0.00414806325603991,3.900198917463041e-12,0.2605576624050326,-4.062380234739143e-10,0.009003494397702054,-0.006058036559361241,43.27115446192909,4,True,-2.262560692822872e-05,-1.5445391131666735,0.000807156145343168,-2.2625638187265747e-05,-1.544539113020675,0.0008071561452074112
8.140000000000928,0.0040879570556997605,3.8976403224886455e-12,0.2605576299495443,-4.0580911495262055e-10,0.00888136112310963,-0.005972001976724432,43.271153577836344,4,True,-2.2308075859403625e-05,-1.5445347324009953,0.0007962218472995672,-2.230810710089284e-05,-1.5445347322551093,0.0007962218471739723
8.150000000000922,0.004028704729375156,3.895118263775903e-12,0.260557597931136,-4.0538637612533364e-10,0.008760736165316522,-0.005887141869137662,43.2711526951043,4,True,-2.1994771831301186e-05,-1.5445304069041847,0.0007854220749074398,-2.199480304794504e-05,-1.5445304067584438,0.0007854220747827912
8.160000000000917,0.003970294613354638,3.892633401389109e-12,0.2605575663446664,-4.0496995812640265e-10,0.008641605198389067,-0.005803441524141927,43.271151814032955,4,True,-2.168564510402333e-05,-1.5445261361136777,0.0007747555707431788,-2.1685676297225324e-05,-1.5445261359681095,0.0007747555706237196
8.170000000000911,0.003912715190248266,3.890187562285862e-12,0.2605575351850281,-4.045602688877328e-10,0.00852395389592247,-0.005720886375260119,43.271150934916314,4,True,-2.1380646326017268e-05,-1.5445219194685056,0.000764221076298608,-2.1380677488941397e-05,-1.5445219193230788,0.0007642210761627236
8.180000000000906,0.0038559550875290572,3.8877718187042915e-12,0.2605575044471472,-4.041553114094368e-10,0.008407767936663205,-0.00563946200176033,43.271150058027224,4,True,-2.10797265341066e-05,-1.5445177564093613,0.0007538173325359307,-2.107975768215732e-05,-1.5445177562641004,0.0007538173324124982
8.1900000000009,0.003800003076077054,3.885390793846075e-12,0.26055747412598534,-4.037562525692383e-10,0.008293033009905046,-0.005559154128372113,43.27114918363051,4,True,-2.0782837176261314e-05,-1.5445136463788667,0.0007435430804589523,-2.078286830326008e-05,-1.5445136462337292,0.0007435430803383179
8.200000000000895,0.003744848068726492,3.883047031677392e-12,0.26055744421653987,-4.0336365071099246e-10,0.008179734820656846,-0.00547994862495655,43.27114831197759,4,True,-2.048993008629769e-05,-1.5445095888216638,0.0007333970615405885,-2.04899611886147e-05,-1.5445095886766318,0.0007333970614250867
8.210000000000889,0.0036904791188165013,3.880737192349107e-12,0.2605574147138452,-4.029767307325498e-10,0.008067859094595321,-0.005401831506132188,43.27114744330808,4,True,-2.020095749954016e-05,-1.544505583184406,0.0007233780182635798,-2.0200988576430135e-05,-1.5445055830395473,0.0007233780181501093
8.220000000000883,0.0036368854187457844,3.878459870468692e-12,0.26055738561297276,-4.0259523366318654e-10,0.007957391582806584,-0.005324788930859997,43.271146577851184,4,True,-1.99158720534999e-05,-1.544501628916132,0.0007134846945502789,-1.9915903108392064e-05,-1.5445016287714148,0.0007134846944356717
8.230000000000878,0.0035840562985316724,3.876212338870888e-12,0.2605573569090326,-4.022185497998346e-10,0.0078483180663259,-0.005248807201986426,43.271145715819756,4,True,-1.9634626796101003e-05,-1.544497725468173,0.00070371583616547,-1.9634657830588374e-05,-1.544497725323552,0.0007037158360579033
8.240000000000872,0.003531981224373959,3.8739954093860794e-12,0.2605573285971729,-4.0184692639495073e-10,0.0077406243604812115,-0.005173872765748711,43.27114485742836,4,True,-1.935717518034566e-05,-1.5444938722944903,0.0006940701912272466,-1.9357206197687676e-05,-1.5444938721500354,0.0006940701911143664
8.250000000000867,0.003480649797223875,3.871809625891133e-12,0.2605573006725813,-4.0148052672115803e-10,0.007634296319046156,-0.0050999722112452465,43.27114400286652,4,True,-1.9083471074954086e-05,-1.5444900688515824,0.0006845465105156362,-1.908350207332831e-05,-1.5444900687072491,0.0006845465104058031
8.260000000000861,0.0034300517513585656,3.869652775231938e-12,0.2605572731304852,-4.0111885428811066e-10,0.0075293198382089055,-0.005027092269869104,43.27114315232445,4,True,-1.8813468754921117e-05,-1.5444863145986205,0.0006751435479038782,-1.8813499734068316e-05,-1.5444863144544232,0.0006751435477992544
8.270000000000856,0.003380176952961414,3.867529338963507e-12,0.2605572459661522,-4.0076296502729375e-10,0.007425680860361671,-0.004955219814709265,43.27114230597884,4,True,-1.854712290659581e-05,-1.5444826089976758,0.0006658600607387699,-1.8547153861732268e-05,-1.544482608853591,0.0006658600606352572
8.28000000000085,0.0033310153987085164,3.865438822401495e-12,0.2605572191748906,-4.004127118689653e-10,0.007323365377719018,-0.004884341859920793,43.27114146400217,4,True,-1.8284388631520384e-05,-1.5444789515136723,0.0006566948101503859,-1.8284419559039827e-05,-1.544478951369749,0.0006566948100438604
8.290000000000845,0.0032825572143616337,3.863376596046039e-12,0.26055719275204947,-4.00067061189469e-10,0.007222359435769672,-0.004814445560063418,43.27114062654439,4,True,-1.8025221441454272e-05,-1.5444753416146146,0.0006476465614100418,-1.802525235310815e-05,-1.5444753414708368,0.0006476465613062594
8.30000000000084,0.003234792653367906,3.861340886229022e-12,0.2605571666930195,-3.997256717411152e-10,0.007122649136566108,-0.004745518209414398,43.27113979376032,4,True,-1.776957727007191e-05,-1.5444717787715325,0.0006387140842509777,-1.776960816515365e-05,-1.544471778627827,0.0006387140841532395
8.310000000000834,0.0031877120954665965,3.8593335971262864e-12,0.26055714099323257,-3.9938902765328113e-10,0.007024220641858958,-0.004677547241251031,43.27113896579725,4,True,-1.75174124715486e-05,-1.5444682624586579,0.0006298961531654453,-1.751744334705778e-05,-1.5444682623150865,0.0006298961530651791
8.320000000000828,0.003141306045303149,3.857354742266979e-12,0.26055711564816286,-3.9905716044363664e-10,0.0069270601760797815,-0.004610520227109895,43.27113814278602,4,True,-1.7268683798049997e-05,-1.544464792153471,0.0006211915476923353,-1.7268714653446685e-05,-1.5444647920100054,0.0006211915475936659
8.330000000000823,0.003095565131050786,3.855407605052244e-12,0.26055709065332666,-3.9873080484550215e-10,0.0068311540291764354,-0.00454442487602158,43.27113732484966,4,True,-1.7023348436785026e-05,-1.5444613673367025,0.0006125990527240888,-1.7023379266936175e-05,-1.5444613671933758,0.0006125990526192417
8.340000000000817,0.003050480103039884,3.853480893563826e-12,0.26055706600428236,-3.984074072236794e-10,0.006736488559309143,-0.004479249033721292,43.27113651211138,4,True,-1.6781363970457232e-05,-1.5444579874925315,0.0006041174586933611,-1.6781394793609748e-05,-1.5444579873493072,0.0006041174586024239
8.350000000000811,0.0030060418323953784,3.851581592766854e-12,0.2605570416966311,-3.9808865470097465e-10,0.006643050195410215,-0.004414980681837656,43.27113570468225,4,True,-1.6542688422494224e-05,-1.5444546521085756,0.0005957455619240338,-1.6542719226910317e-05,-1.5444546519655051,0.0005957455618302794
8.360000000000806,0.002962241309682368,3.849708215037322e-12,0.26055701772601636,-3.9777422983679916e-10,0.0065508254396114286,-0.004351607937063983,43.27113490266884,4,True,-1.6307280212550498e-05,-1.5444513606759651,0.0005874821647751102,-1.6307311003183454e-05,-1.5444513605329824,0.0005874821646842814
8.3700000000008,0.0029190696435601473,3.8478653075286404e-12,0.26055699408812444,-3.97465156630978e-10,0.006459800869544725,-0.004289119050305066,43.27113410617171,4,True,-1.6075098187383294e-05,-1.5444481126894576,0.0005793260759393788,-1.6075128956516033e-05,-1.5444481125465845,0.0005793260758462589
8.380000000000795,0.0028765180594448373,3.846045702913543e-12,0.26055697077868456,-3.971597991522952e-10,0.006369963140516569,-0.004227502405811444,43.27113331527761,4,True,-1.5846101588349678e-05,-1.5444449076472406,0.0005712761106051062,-1.584613234611537e-05,-1.5444449075044657,0.0005712761105189603
8.39000000000079,0.002834577898180798,3.844255949255612e-12,0.2605569477934688,-3.968596986407544e-10,0.006281298987566576,-0.0041667465202915276,43.27113253007566,4,True,-1.562025009844205e-05,-1.5444417450513586,0.000563331090665305,-1.5620280836035077e-05,-1.5444417449086465,0.0005633310905798209
8.400000000000784,0.002793240614720988,3.842496914011501e-12,0.2605569251282921,-3.965650079730021e-10,0.006193795227408982,-0.004106840042011444,43.27113175064673,4,True,-1.539750379010696e-05,-1.5444386244073751,0.000555489844949192,-1.539753450601101e-05,-1.5444386242648338,0.0005554898448597605
8.410000000000778,0.002752497776816422,3.8407640640111025e-12,0.2605569027790123,-3.9627471185067803e-10,0.006107438760265286,-0.004047771749877127,43.27113097706278,4,True,-1.5177823157345134e-05,-1.5444355452248146,0.000547751209348183,-1.517785385049113e-05,-1.5444355450823695,0.0005477512092563987
8.420000000000773,0.0027123410637148746,3.839052877217413e-12,0.2605568807415303,-3.9598782631555944e-10,0.006022216571587648,-0.003989530552504915,43.27113020939657,4,True,-1.4961169094374697e-05,-1.5444325070168368,0.0005401140270017037,-1.496119977477053e-05,-1.5444325068745006,0.0005401140269206676
8.430000000000767,0.0026727622648689657,3.837362759222077e-12,0.2605568590117896,-3.957042786211085e-10,0.0059381157336792145,-0.00393210548727669,43.27112944770758,4,True,-1.4747502913753024e-05,-1.5444295093005196,0.000532577148494623,-1.4747533584443458e-05,-1.5444295091582574,0.0005325771484138302
8.440000000000762,0.002633753278653744,3.835697224887968e-12,0.2605568375857767,-3.954249026840984e-10,0.005855123407215364,-0.003875485719384372,43.27112869205921,4,True,-1.4536786340582324e-05,-1.5444265515966709,0.0005251394319592504,-1.4536816993438987e-05,-1.544426551454543,0.0005251394318723696
8.450000000000756,0.002595306111093908,3.834054314333609e-12,0.26055681645952083,-3.951492612324252e-10,0.005773226842667515,-0.00381966054086169,43.27112794249851,4,True,-1.4328981490923067e-05,-1.5444236334302026,0.000517799743212141,-1.4329012126266613e-05,-1.5444236332881387,0.0005177997431357564
8.46000000000075,0.002557412874600748,3.832434748854497e-12,0.26055679562909373,-3.948775016499684e-10,0.005692413381631151,-0.003764619369608181,43.271127199079004,4,True,-1.4124050892799753e-05,-1.5444207543297346,0.0005105569559617835,-1.4124081511667166e-05,-1.5444207541877661,0.0005105569558905349
8.470000000000745,0.002520065786718916,3.8308409378014645e-12,0.26055677509060965,-3.9461020164247036e-10,0.005612670458070687,-0.003710351748400074,43.27112646184519,4,True,-1.3921957476576554e-05,-1.544417913827899,0.000503409951824312,-1.392198807767449e-05,-1.5444179136860225,0.0005034099517533193
8.48000000000074,0.002483257168883132,3.8292753501937515e-12,0.26055675484022556,-3.9434790658786667e-10,0.005533985599471687,-0.0036568473438947603,43.271125730834044,4,True,-1.3722664574485312e-05,-1.5444151114612932,0.0004963576205488344,-1.3722695155901076e-05,-1.5444151113195135,0.0004963576204673723
8.490000000000734,0.0024469794451848865,3.827729266110466e-12,0.2605567348741405,-3.940886677954878e-10,0.005456346427910322,-0.0036040959456263267,43.27112500608344,4,True,-1.352613590276997e-05,-1.5444123467705324,0.0004893988600065158,-1.352616647279852e-05,-1.5444123466288338,0.0004893988599298074
8.500000000000728,0.0024112251411492333,3.826205945356258e-12,0.26055671518859547,-3.9383328533355694e-10,0.005379740661044874,-0.003552087464994133,43.27112428762403,4,True,-1.333233560385418e-05,-1.5444096193001662,0.0004825325763936262,-1.3332366156943806e-05,-1.5444096191585865,0.00048253257631545893
8.510000000000723,0.002375986882521737,3.824698411780177e-12,0.2605566957798736,-3.9358017261324417e-10,0.0053041561130275725,-0.0035008119342438584,43.27112357548323,4,True,-1.3141228180543076e-05,-1.5444069285988027,0.0004757576842889358,-1.3141258725386152e-05,-1.5444069284573267,0.0004757576842191253
8.520000000000717,0.0023412573940656298,3.823211206663411e-12,0.2605566766442998,-3.933304367821544e-10,0.005229580695340578,-0.00345025950544419,43.271122869688725,4,True,-1.2952778559600786e-05,-1.5444042742190336,0.00046907310672218174,-1.295280908852875e-05,-1.544404274077643,0.0004690731066515154
8.530000000000712,0.0023070294983692508,3.821744521506297e-12,0.26055665777824066,-3.930841135690693e-10,0.005156002417561775,-0.00340042044945567,43.27112217025693,4,True,-1.2766952031660201e-05,-1.544401655717565,0.00046247777525691236,-1.276698254852479e-05,-1.5444016555762403,0.0004624777751868109
8.540000000000706,0.002273296114663801,3.820297116883067e-12,0.26055663917810395,-3.9284092883371335e-10,0.0050834093880605365,-0.003351285154898267,43.27112147720631,4,True,-1.258371429222073e-05,-1.544399072654999,0.00045597063007622154,-1.258374479871086e-05,-1.5443990725137533,0.00045597063001649827
8.5500000000007,0.0022400502576514713,3.818873969531566e-12,0.2605566208403385,-3.926020580616513e-10,0.0050117898146242405,-0.0033028441271110384,43.271120790550306,4,True,-1.2403031416628813e-05,-1.5443965245961822,0.00044955062005391105,-1.2403061909735225e-05,-1.5443965244550197,0.0004495506199924663
8.560000000000695,0.0022072850363439645,3.817476580718634e-12,0.26055660276143433,-3.923678099980385e-10,0.004941132005023606,-0.003255087987111442,43.27112011029946,4,True,-1.222486986792256e-05,-1.5443940111098817,0.0004432167027823153,-1.2224900341698514e-05,-1.5443940109688217,0.00044321670271715255
8.57000000000069,0.0021749936529114663,3.816101152275835e-12,0.260556584937922,-3.921373160987883e-10,0.004871424367512246,-0.003208007470550456,43.27111943645957,4,True,-1.2049196476017452e-05,-1.5443915317689507,0.00043696784465931777,-1.204922693551544e-05,-1.544391531627992,0.00043696784459012615
8.580000000000684,0.002143169401542068,3.8147499788335545e-12,0.2605565673663725,-3.919111316183621e-10,0.004802655411270744,-0.003161593426664183,43.27111876903893,4,True,-1.1875978469311706e-05,-1.5443890861504348,0.00043080302091623977,-1.187600890858645e-05,-1.5443890860095109,0.00043080302084287224
8.590000000000678,0.0021118056673116773,3.81341233195638e-12,0.2605565500433973,-3.9168682565550237e-10,0.004734813746789952,-0.003115836817225889,43.27111810803598,4,True,-1.1705183423253129e-05,-1.5443866738351741,0.0004247212156509465,-1.1705213856497107e-05,-1.5443866736943606,0.00042472121558676586
8.600000000000673,0.0020808959250644297,3.8120915763133074e-12,0.2605565329656475,-3.9146524494140284e-10,0.004667888086197442,-0.0030707287154952845,43.27111745345141,4,True,-1.1536779323168853e-05,-1.544384294408252,0.0004187214219185724,-1.1536809746344605e-05,-1.5443842942675103,0.00041872142185455437
8.610000000000667,0.002050433738303608,3.810788129639936e-12,0.26055651612981395,-3.912464723053191e-10,0.004601867243538993,-0.0030262603051659192,43.27111680528389,4,True,-1.1370734495361631e-05,-1.5443819474588558,0.00041280264167177256,-1.1370764911351237e-05,-1.5443819473182194,0.00041280264161364197
8.620000000000662,0.0020204127580930892,3.809506777710895e-12,0.2605564995326269,-3.9103163160361635e-10,0.004536740134996846,-0.0029824228793140025,43.2711161635221,4,True,-1.120701765390194e-05,-1.5443796325800916,0.00040696388591352514,-1.1207048054273559e-05,-1.5443796324394932,0.0004069638858535562
8.630000000000656,0.001990826721969297,3.808243967163996e-12,0.2605564831708556,-3.9081988097553027e-10,0.004472495779068967,-0.0029392078393464067,43.27111552816291,4,True,-1.1045597862021226e-05,-1.5443773493692383,0.0004012041745478388,-1.1045628250781636e-05,-1.544377349228702,0.0004012041744886906
8.64000000000065,0.001961669452863691,3.807001120936538e-12,0.2605564670413085,-3.906115767012671e-10,0.0044091232966953576,-0.0028966066939485106,43.271114899189826,4,True,-1.088644455007019e-05,-1.54437509742745,0.0003955225365879683,-1.0886474926657612e-05,-1.5443750972870067,0.0003955225365339213
8.650000000000645,0.0019329348580357534,3.805782832181614e-12,0.2605564511408322,-3.904077511975661e-10,0.004346611911339106,-0.002854611058034038,43.271114276597885,4,True,-1.0729527520189703e-05,-1.5443728763600553,0.0003899180100355369,-1.0729557874930667e-05,-1.544372876219676,0.0003899180099746362
8.66000000000064,0.0019046169280164862,3.804581528985707e-12,0.26055643546631163,-3.9020665011350733e-10,0.0042849509490315825,-0.0028132126516944994,43.27111366036736,4,True,-1.0574816909064273e-05,-1.5443706857763657,0.0003843896419191273,-1.057484724899688e-05,-1.544370685636107,0.00038438964185468383
8.670000000000634,0.001876709735562397,3.8033912173788905e-12,0.26055642001466967,-3.900069728036648e-10,0.0042241298383629885,-0.0027724032991515326,43.271113050480345,4,True,-1.0422283217621772e-05,-1.5443685252896897,0.00037893648834844194,-1.0422313552934484e-05,-1.5443685251494836,0.00037893648829569464
8.680000000000629,0.001849207434619953,3.802217650043598e-12,0.2605564047828669,-3.898101115575924e-10,0.0041641381104413865,-0.0027321749277104397,43.27111244692383,4,True,-1.0271897308243178e-05,-1.5443663945173218,0.0003735576144616072,-1.0271927633398163e-05,-1.5443663943771617,0.00037355761440511896
8.690000000000623,0.0018221042593004927,3.801061112745524e-12,0.26055638976790135,-3.896161173667305e-10,0.004104965398815325,-0.002692519566715784,43.271111849671826,4,True,-1.0123630379952076e-05,-1.544364293080497,0.0003682520944363546,-1.0123660690581408e-05,-1.544364292940439,0.00036825209437554255
8.700000000000617,0.0017953945228655604,3.799914318609859e-12,0.26055637496680767,-3.894233842976522e-10,0.004046601439349865,-0.002653429346510644,43.27111125870497,4,True,-9.977453971547894e-06,-1.5443622206045595,0.0003630190115110754,-9.977484281341848e-06,-1.544362220464531,0.000363019011461744
8.710000000000612,0.0017690726167226367,3.798787964526062e-12,0.2605563603766575,-3.8923434819917725e-10,0.003989036070078016,-0.0026148964973970413,43.27111067400233,4,True,-9.83333999014557e-06,-1.544360176718683,0.0003578574579317925,-9.833370281457347e-06,-1.544360176578729,0.0003578574578761803
8.720000000000606,0.001743133009431254,3.797677685290257e-12,0.2605563459945589,-3.8904794633384716e-10,0.0039322592310136175,-0.0025769133486003974,43.27111009553198,4,True,-9.691260647585854e-06,-1.5443581610559907,0.00035276653498456003,-9.691290927344589e-06,-1.5443581609161325,0.0003527665349305878
8.7300000000006,0.0017175702457194282,3.796578898986575e-12,0.2605563318176557,-3.888632180016363e-10,0.0038762609639265483,-0.0025394723272388993,43.27110952327318,4,True,-9.551188513425357e-06,-1.544356173253569,0.00034774535295638536,-9.551218785991549e-06,-1.5443561731137714,0.0003477453529050872
8.740000000000595,0.001692378945510404,3.795493988072578e-12,0.2605563178431276,-3.8868074233578314e-10,0.0038210314120978106,-0.00250256595729294,43.27110895719296,4,True,-9.413096489272677e-06,-1.5443542129524404,0.00034279303109008123,-9.413126752355624e-06,-1.5443542128126988,0.00034279303104336773
8.75000000000059,0.0016675538029596662,3.794427694185828e-12,0.2605563040681897,-3.8850158919506295e-10,0.003766560820041106,-0.0024661868585816485,43.27110839726638,4,True,-9.276957803461984e-06,-1.5443522797974578,0.00033790869763930325,-9.27698805667506e-06,-1.5443522796577709,0.0003379086975915528
8.760000000000584,0.001643089585502163,3.793375373947706e-12,0.2605562904900922,-3.8832468291962137e-10,0.0037128395331886143,-0.0024303277457433524,43.27110784345893,4,True,-9.142746007192935e-06,-1.544350373437258,0.0003330914897723105,-9.142776253009583e-06,-1.5443503732976631,0.0003330914897237649
8.770000000000579,0.0016189811329097128,3.792339884851572e-12,0.26055627710611995,-3.881507143168057e-10,0.0036598579975568916,-0.002394981427218153,43.27110729574173,4,True,-9.010434985869312e-06,-1.5443484935245206,0.0003283405535721096,-9.010465221435479e-06,-1.5443484933850053,0.00032834055352557086
8.780000000000573,0.0015952233563585447,3.791324468534916e-12,0.2605562639135924,-3.8798044602998147e-10,0.0036076067593882317,-0.0023601408042384833,43.271106754081536,4,True,-8.879998951869294e-06,-1.5443466397155383,0.00032365504403513996,-8.88002917030138e-06,-1.544346639575999,0.0003236550439846606
8.790000000000568,0.00157181123750692,3.7903266516512296e-12,0.2605562509098628,-3.878132267399192e-10,0.003556076464767438,-0.0023257988698208313,43.27110621844437,4,True,-8.751412412053436e-06,-1.5443448116705796,0.00031903412495647057,-8.751442616374143e-06,-1.5443448115311171,0.00031903412490724714
8.800000000000562,0.0015487398275828021,3.789340802710415e-12,0.2605562380923183,-3.876478151499454e-10,0.0035052578592077587,-0.002291948707765796,43.27110568878956,4,True,-8.624650204113845e-06,-1.5443430090535515,0.00031447696902525246,-8.62468040110708e-06,-1.5443430089141676,0.0003144769689801837
8.810000000000556,0.0015260042464814902,3.788370802372592e-12,0.2605562254583795,-3.8748516733870914e-10,0.0034551417872211083,-0.002258583491662077,43.27110516508455,4,True,-8.499687483381066e-06,-1.5443412315322578,0.0003099827576583601,-8.499717668918838e-06,-1.5443412313929206,0.00030998275761526955
8.820000000000551,0.0015035996818732063,3.78741772696518e-12,0.26055621300549997,-3.8732545916566685e-10,0.003405719191867952,-0.0022256964838943648,43.271104647305336,4,True,-8.376499713117009e-06,-1.5443394787781464,0.00030555068106326484,-8.37652987771038e-06,-1.544339478638921,0.0003055506810112509
8.830000000000545,0.0014815213883205413,3.7864670333895065e-12,0.2605562007311661,-3.871654592015893e-10,0.0033569811142845525,-0.0021932810346607192,43.271104135395376,4,True,-8.255062639213564e-06,-1.544337750466383,0.0003011799381266363,-8.255092806908024e-06,-1.5443377503271216,0.00030117993808503115
8.84000000000054,0.001459764686405726,3.78553058778929e-12,0.2605561886328964,-3.870079204229686e-10,0.003308918693186713,-0.00216133058099093,43.27110362932233,4,True,-8.135352351291928e-06,-1.5443360462758315,0.0002968697364315881,-8.135382507941864e-06,-1.5443360461366882,0.00029686973638872176
8.850000000000534,0.0014383249618676636,3.784598112977112e-12,0.2605561767082421,-3.86850535913946e-10,0.0032615231643630745,-0.0021298386457742785,43.27110312904469,4,True,-8.017345201107497e-06,-1.5443343658890274,0.00029261929216450975,-8.017375363665251e-06,-1.5443343657498998,0.0002926192921315387
8.860000000000529,0.0014171976647486622,3.783680124045246e-12,0.2605561649547856,-3.8669574416002796e-10,0.0032147858601489034,-0.0020987988367924255,43.27110263453155,4,True,-7.90101787606135e-06,-1.5443327089921315,0.00028842783011367003,-7.901048035372867e-06,-1.5443327088530283,0.0002884278300808236
8.870000000000523,0.001396378308550809,3.782786887035492e-12,0.26055615337014093,-3.865458179482148e-10,0.0031686982088817775,-0.0020682048457570145,43.27110214573172,4,True,-7.786347330299524e-06,-1.544331075274874,0.00028429458360674815,-7.786377466112098e-06,-1.5443310751358779,0.00028429458356103124
8.880000000000518,0.0013758624694019113,3.781907819550345e-12,0.260556141951953,-3.8639826791046596e-10,0.003123251734337228,-0.0020380504473570173,43.271101662609105,4,True,-7.67331080864014e-06,-1.5443294644306553,0.0002802187944169497,-7.673340937389624e-06,-1.5443294642916903,0.00028021879438293415
8.890000000000512,0.0013556457852309644,3.781044772747811e-12,0.2605561306978976,-3.8625356341902913e-10,0.0030784380551616367,-0.0020083294983077793,43.27110118512123,4,True,-7.561885861417019e-06,-1.544327876156392,0.0002761997128070448,-7.561915976547596e-06,-1.5443278760175354,0.00027619971276478695
8.900000000000507,0.001335723954953064,3.780193920424418e-12,0.260556119605681,-3.8611086522853625e-10,0.0030342488842826794,-0.001979035936410558,43.27110071322474,4,True,-7.452050311414722e-06,-1.5443263101525695,0.0002722365974068855,-7.45208041895152e-06,-1.5443263100137226,0.00027223659736652216
8.910000000000501,0.0013160927376636947,3.779356139308317e-12,0.2605561086730394,-3.8597039803248803e-10,0.002990676028307851,-0.00195016377961693,43.27110024687909,4,True,-7.343782270183293e-06,-1.5443247661231,0.0002683287151815123,-7.343812368490386e-06,-1.5443247659842927,0.00026832871514156844
8.920000000000496,0.0012967479518423417,3.778533246601364e-12,0.2605560978977388,-3.8583255909018113e-10,0.002947711386915661,-0.0019217071251007919,43.271099786041944,4,True,-7.23706013186701e-06,-1.5443232437754553,0.00026447534138892637,-7.237090218296425e-06,-1.5443232436367267,0.00026447534134687375
8.93000000000049,0.0012776854745653462,3.777722437083987e-12,0.2605560872775748,-3.856967280345082e-10,0.0029053469522283405,-0.0018936601483355027,43.27109933066253,4,True,-7.1318625545403864e-06,-1.5443217428205014,0.0002606757595160011,-7.131892632802858e-06,-1.5443217426818119,0.0002606757594719292
8.940000000000484,0.00125890124072794,3.7769210181399474e-12,0.26055607681037174,-3.8556230211959575e-10,0.002863574808175635,-0.0018660171021804503,43.27109888070275,4,True,-7.028168480182968e-06,-1.5443202629725463,0.0002569292612161814,-7.028198553578863e-06,-1.5443202628339359,0.0002569292611761437
8.950000000000479,0.0012403912422753903,3.77612568092004e-12,0.26055606649398305,-3.854286342971486e-10,0.002822387129848868,-0.001838772315972265,43.27109843611638,4,True,-6.925957115374195e-06,-1.5443188039493456,0.0002532351462813993,-6.925987189937125e-06,-1.5443188038106985,0.00025323514625280347
8.960000000000473,0.001222151527443181,3.775347536336331e-12,0.26055605632629025,-3.8529824160213053e-10,0.002781776182848702,-0.001811920194625235,43.27109799686012,4,True,-6.8252079581420124e-06,-1.5443173654718714,0.00024959272256305147,-6.825238018537239e-06,-1.5443173653332773,0.00024959272252568076
8.970000000000468,0.0012041782000061668,3.774580995904527e-12,0.2605560463052034,-3.851697853954001e-10,0.0027417343226234,-0.001785455217735992,43.2710975628871,4,True,-6.72590073613692e-06,-1.5443159472645989,0.0002460013058915957,-6.7259307889977546e-06,-1.5443159471260826,0.0002460013058558139
8.980000000000462,0.0011864674185366247,3.773826386196448e-12,0.26055603642866015,-3.8504334164405004e-10,0.0027022539937983734,-0.0017593719386978797,43.27109713415184,4,True,-6.628015464633292e-06,-1.5443145490552834,0.0002424602200743004,-6.628045505198461e-06,-1.5443145489168706,0.00024246022003621845
8.990000000000457,0.0011690153956711224,3.773079967913952e-12,0.2605560266946256,-3.8491806370418705e-10,0.002663327729491795,-0.001733664983823192,43.27109671061399,4,True,-6.5315323992904175e-06,-1.5443131705749193,0.00023896879680397276,-6.531562436113083e-06,-1.5443131704364954,0.00023896879677357086
9.000000000000451,0.0011518183973861424,3.772344057530887e-12,0.26055601710109205,-3.847945522005772e-10,0.002624948150629138,-0.0017083290514691347,43.271096292221756,4,True,-6.436432068360759e-06,-1.5443118115577568,0.0002355263756028273,-6.436462093509413e-06,-1.544311811419332,0.00023552637556044378
9.010000000000446,0.001134872742282381,3.771610034293916e-12,0.2605560076460787,-3.846708583775325e-10,0.0025871079652527527,-0.0016833589111748491,43.271095878924896,4,True,-6.3426952393488095e-06,-1.544310471741211,0.00023213230371686052,-6.3427252729696635e-06,-1.5443104716028713,0.00023213230369400359
9.02000000000044,0.0011181748008776634,3.770889390567365e-12,0.26055599832763116,-3.845496604882151e-10,0.0025497999678248872,-0.001658749402802814,43.27109547068563,4,True,-6.250302958400486e-06,-1.544309150866133,0.00022878593617349803,-6.250332981535695e-06,-1.5443091507278186,0.00022878593614074537
9.030000000000435,0.0011017209949083766,3.770180153138956e-12,0.26055598914382133,-3.8443044105598614e-10,0.0025130170385215256,-0.0016344954356907614,43.27109506745835,4,True,-6.1592364851673216e-06,-1.5443078486762691,0.00022548663558110871,-6.159266504948199e-06,-1.5443078485380175,0.00022548663555368317
9.040000000000429,0.0010855077966393657,3.769485615653724e-12,0.2605559800927471,-3.8431394539165987e-10,0.0024767521425237424,-0.001610591987808399,43.27109466919539,4,True,-6.069477347736949e-06,-1.5443065649186074,0.0002222337721856238,-6.069507355910521e-06,-1.5443065647803818,0.00022223377215622935
9.050000000000423,0.0010695317281822043,3.7688042803324e-12,0.260555971172532,-3.841998295877349e-10,0.0024409983293101683,-0.0015870341049225138,43.27109427584675,4,True,-5.981007305206982e-06,-1.5443052993433413,0.00021902672369429537,-5.981037302280303e-06,-1.5443052992051718,0.0002190267236593563
9.060000000000418,0.0010537893608217855,3.76813096131107e-12,0.26055596238132467,-3.840869026987271e-10,0.0024057487319326517,-0.0015638168997702587,43.27109388736878,4,True,-5.893808353189808e-06,-1.5443040517035305,0.00021586487531124785,-5.893838347201043e-06,-1.5443040515654571,0.0002158648752841132
9.070000000000412,0.0010382773143511295,3.76747324276679e-12,0.2605559537172989,-3.839769672891738e-10,0.0023709965662953576,-0.0015409355512387105,43.27109350371087,4,True,-5.807862746137285e-06,-1.544302821755521,0.00021274761964853867,-5.8078927226326646e-06,-1.5443028216173396,0.00021274761960952713
9.080000000000407,0.0010229922564143521,3.766824268146071e-12,0.2605559451786531,-3.838683177235176e-10,0.0023367351304331863,-0.0015183853035550924,43.27109312483721,4,True,-5.723152936028678e-06,-1.5443016092583404,0.00020967435657821292,-5.72318291288217e-06,-1.544301609120336,0.00020967435654806115
9.090000000000401,0.0010079309018577287,3.7661854948411794e-12,0.2605559367636101,-3.8376141742655446e-10,0.0023029578037891216,-0.0014961614654753668,43.271092750692375,4,True,-5.639661650937152e-06,-1.544300413974602,0.00020664449330688665,-5.639691616387792e-06,-1.5443004138366088,0.00020664449327233085
9.100000000000396,0.0009930900120887476,3.765554056529899e-12,0.260555928470417,-3.836555865636595e-10,0.0022696580464837152,-0.0014742594094952833,43.27109238123188,4,True,-5.557371811600196e-06,-1.5442992356692953,0.00020365744424688713,-5.5574017713244866e-06,-1.5442992355313634,0.00020365744421352753
9.11000000000039,0.0009784663944430914,3.7649282780383394e-12,0.2605559202973444,-3.8355048535446636e-10,0.0022368293985808698,-0.0014526745710562164,43.271092016412794,4,True,-5.476266578333894e-06,-1.5442980741106251,0.0002007126308882629,-5.476296538010913e-06,-1.5442980739727192,0.00020071263085682484
9.120000000000385,0.0009640569015594844,3.764308952270712e-12,0.26055591224268687,-3.834463671001148e-10,0.0022044654793617136,-0.001431402447763556,43.27109165618278,4,True,-5.396329345432149e-06,-1.5442969290696489,0.00019780948184142504,-5.396359300226843e-06,-1.5442969289317436,0.0001978094818137446
9.13000000000038,0.0009498584307623156,3.763698728161661e-12,0.26055590430476167,-3.8334380371884285e-10,0.0021725599865875535,-0.0014104385986133032,43.271091300499535,4,True,-5.317543704688165e-06,-1.5442958003202714,0.00019494743272825495,-5.317573655644756e-06,-1.5442958001824076,0.00019494743270241917
9.140000000000374,0.0009358679234519575,3.763096703116635e-12,0.26055589648190947,-3.8324258001347713e-10,0.0021411066957639537,-0.0013897786432238981,43.27109094931838,4,True,-5.239893487627775e-06,-1.544294687639275,0.00019212592607631258,-5.239923433428606e-06,-1.5442946875014556,0.00019212592604710374
9.150000000000368,0.0009220823645027274,3.762503333527636e-12,0.26055588877249336,-3.831428321546811e-10,0.0021100994594085514,-0.001369418261077428,43.271090602584735,4,True,-5.163362726995956e-06,-1.5442935908063176,0.00018934441132332117,-5.163392671413317e-06,-1.544293590668561,0.00018934441130159636
9.160000000000363,0.0009084987816683854,3.761925142076708e-12,0.2605558811748989,-3.8304603693217697e-10,0.0020795322063134757,-0.0013493531907681259,43.2710902602651,4,True,-5.0879356934307745e-06,-1.5442925096037499,0.00018660234470741435,-5.087965622202882e-06,-1.5442925094659692,0.00018660234468071218
9.170000000000357,0.000895114244995123,3.761354187789763e-12,0.26055587368753375,-3.829503075425246e-10,0.0020493989408189306,-0.001329579229257158,43.27108992230772,4,True,-5.013596832729693e-06,-1.5442914438167221,0.00018389918922647074,-5.013626756272476e-06,-1.5442914436790216,0.00018389918920173987
9.180000000000351,0.0008819258662419445,3.760787389470808e-12,0.2605558663088273,-3.828550009904435e-10,0.002019693742070676,-0.001310092231136312,43.27108958866545,4,True,-4.9403308148276665e-06,-1.5442903932332352,0.00018123441454284935,-4.940360736519852e-06,-1.5442903930955545,0.00018123441452830261
9.190000000000346,0.0008689307983083798,3.760233038141115e-12,0.26055585903723066,-3.827620444746695e-10,0.001990410763287863,-0.0012908881078990708,43.27108925929656,4,True,-4.8681225292489725e-06,-1.5442893576437666,0.00017860749697857844,-4.86815244004967e-06,-1.5442893575061152,0.00017860749695378285
9.20000000000034,0.0008561262346694445,3.759686319414859e-12,0.2605558518712161,-3.8267032053805856e-10,0.0019615442310312084,-0.0012719628272181496,43.27108893415156,4,True,-4.796957048817389e-06,-1.5442883368416023,0.00017601791935614386,-4.796986955605671e-06,-1.5442883367039821,0.00017601791933379422
9.210000000000335,0.0008435094088177844,3.759145467077148e-12,0.26055584480927696,-3.8257946951045927e-10,0.0019330884444708548,-0.0012533124122311163,43.27108861318976,4,True,-4.726819653352439e-06,-1.5442873306227276,0.0001734651710125141,-4.726849558392038e-06,-1.5442873304851257,0.0001734651709900142
9.22000000000033,0.0008310775937129223,3.7586150295484484e-12,0.26055583784992736,-3.824905338592526e-10,0.001905037774656009,-0.001234932940833495,43.27108829636248,4,True,-4.657695829487972e-06,-1.5442863387856298,0.00017094874772862934,-4.65772572595923e-06,-1.5442863386480785,0.0001709487476983298
9.230000000000324,0.0008188281012375253,3.7580918547002725e-12,0.26055583099170176,-3.8240276738450906e-10,0.0018773866637873378,-0.0012168205449794632,43.27108798362829,4,True,-4.589571249339867e-06,-1.5442853611315073,0.00016846815159607173,-4.589601139981424e-06,-1.5442853609940177,0.00016846815156402336
9.240000000000318,0.0008067582816606406,3.757575956906377e-12,0.2605558242331552,-3.8231623067905147e-10,0.0018501296244906892,-0.0011989714099892872,43.27108767494562,4,True,-4.522431783485748e-06,-1.5442843974640301,0.00016602289104111575,-4.522461667984676e-06,-1.544284397326477,0.0001660228910180694
9.250000000000313,0.0007948655231078053,3.75706639234016e-12,0.2605558175728625,-3.822306499730653e-10,0.0018232612390910615,-0.001181381773864376,43.27108737025791,4,True,-4.456263485111668e-06,-1.544283447589338,0.0001636124807299544,-4.456293364969642e-06,-1.5442834474519016,0.00016361248071299173
9.260000000000307,0.0007831472510379577,3.756565101839076e-12,0.260555811009418,-3.821465396789859e-10,0.0017967761588863604,-0.001164047926610617,43.27108706953413,4,True,-4.3910526135108135e-06,-1.544282511316288,0.0001612364414621256,-4.391082488320661e-06,-1.5442825111788656,0.00016123644143120676
9.270000000000302,0.0007716009277270988,3.756065006381935e-12,0.2605558045414357,-3.8206225700159514e-10,0.0017706691034314575,-0.0011469662095665554,43.27108677272982,4,True,-4.326785592096389e-06,-1.5442815884561392,0.00015889430012994146,-4.3268154712262126e-06,-1.5442815883186993,0.00015889430010993934
9.280000000000296,0.0007602240517586067,3.755575157375704e-12,0.2605557981675487,-3.8197992680530973e-10,0.0017449348598172617,-0.0011301330147429813,43.271086479782824,4,True,-4.263449056053877e-06,-1.5442806788223598,0.00015658558972675432,-4.263478930013655e-06,-1.5442806786849914,0.0001565855897140801
9.29000000000029,0.000749014157520145,3.755096872609962e-12,0.26055579188640904,-3.818998009231556e-10,0.0017195682819654578,-0.0011135447841624415,43.271086190677174,4,True,-4.201029805029002e-06,-1.54427978223146,0.0001543098491585671,-4.201059670278436e-06,-1.5442797820940708,0.00015430984913604378
9.300000000000285,0.000737968814707096,3.754631023262294e-12,0.26055578569668775,-3.8182202492743977e-10,0.0016945642899070927,-0.0010971980092155762,43.271085905357616,4,True,-4.13951481812035e-06,-1.5442788985016096,0.00015206662328842477,-4.1395446672165536e-06,-1.5442788983643305,0.00015206662325373583
9.31000000000028,0.00072708562783242,3.754166180895239e-12,0.2605557795970742,-3.817440104580763e-10,0.0016699178690744289,-0.0010810892300185978,43.27108562376786,4,True,-4.078891244806763e-06,-1.5442780274537138,0.00014985546280162784,-4.078921093725456e-06,-1.5442780273164456,0.00014985546277598212
9.320000000000274,0.0007163622357429049,3.753695428512821e-12,0.2605557735862758,-3.8166429536061e-10,0.0016456240695972026,-0.001065215034776102,43.27108534588954,4,True,-4.01914641966021e-06,-1.5442771689110792,0.00014767592413077573,-4.0191762821971864e-06,-1.5442771687738317,0.00014767592412030288
9.330000000000268,0.0007057963111417389,3.7532350975694565e-12,0.2605557676630182,-3.8158664519373606e-10,0.0016216780056069308,-0.0010495720591549792,43.27108507166969,4,True,-3.960267873188684e-06,-1.5442763226994207,0.00014552756952864221,-3.960297725438005e-06,-1.5442763225621998,0.0001455275695126363
9.340000000000263,0.0006953855601172855,3.752785342734076e-12,0.2605557618260447,-3.8151101199348807e-10,0.0015980748545322554,-0.0010341569856668876,43.27108480106381,4,True,-3.902243265865162e-06,-1.544275488646331,0.00014340996686814362,-3.902273109872731e-06,-1.5442754885091243,0.00014340996684563727
9.350000000000257,0.0006851277216780345,3.7523438733395035e-12,0.26055575607411624,-3.814368416039173e-10,0.0015748098564026627,-0.0010189665430514405,43.271084534033285,4,True,-3.8450604465703815e-06,-1.5442746665819824,0.00014132268959047214,-3.845090286678292e-06,-1.5442746664447708,0.00014132268957167305
9.360000000000252,0.0006750205672936566,3.751909668476733e-12,0.26055575040601103,-3.813639462397193e-10,0.0015518783131610973,-0.0010039975056711035,43.271084270534935,4,True,-3.7887074322447507e-06,-1.5442738563387068,0.00013926531669714647,-3.788737263552246e-06,-1.544273856201561,0.00013926531667641522
9.370000000000246,0.0006650619004420781,3.751482813635892e-12,0.2605557448205242,-3.8129231441088885e-10,0.0015292755879775094,-0.0009892466929113607,43.27108401052989,4,True,-3.7331723994010528e-06,-1.5442730577511283,0.0001372374326747567,-3.7332022271725718e-06,-1.5442730576140278,0.00013723743265558653
9.38000000000024,0.0006552495561625184,3.751058524393791e-12,0.26055573931646764,-3.8122088960242167e-10,0.0015069971045641797,-0.0009747109685883629,43.27108375398082,4,True,-3.6784436873667517e-06,-1.5442722706560674,0.000135238627412413,-3.678473514164576e-06,-1.544272270518948,0.00013523862739376922
9.390000000000235,0.0006455814006144117,3.7506433227908394e-12,0.26055573389267056,-3.811512061679438e-10,0.001485038346499916,-0.0009603872403620221,43.27108350083758,4,True,-3.6245097968880414e-06,-1.5442714948923308,0.00013326849617467627,-3.624539620217733e-06,-1.5442714947552543,0.00013326849615513987
9.40000000000023,0.0006360553306421476,3.750236986451578e-12,0.2605557285479778,-3.8108312985578517e-10,0.001463394856547297,-0.0009462724591596853,43.271083251065285,4,True,-3.571359390210185e-06,-1.5442707303009238,0.00013132663952412305,-3.571389204581114e-06,-1.5442707301638807,0.000131326639502339
9.410000000000224,0.0006266692733455698,3.749840675100011e-12,0.2605557232812508,-3.8101694992194336e-10,0.001442062235989491,-0.0009323636186001814,43.27108300462011,4,True,-3.518981285456035e-06,-1.5442699767251225,0.00012941266322468242,-3.519011090976175e-06,-1.5442699765881305,0.00012941266319531063
9.420000000000218,0.0006174211856561765,3.749439034439321e-12,0.2605557180913668,-3.8094915649156207e-10,0.0014210361439691767,-0.0009186577544279725,43.27108276147927,4,True,-3.4673644413771237e-06,-1.5442692340103126,0.0001275261782210458,-3.467394253700537e-06,-1.5442692338733424,0.00012752617820654708
9.430000000000213,0.0006083090539189231,3.749044030983442e-12,0.2605557129772188,-3.8088261814876743e-10,0.0014003122968161289,-0.0009051519439590679,43.27108252158568,4,True,-3.4164979921031675e-06,-1.5442685020035634,0.00012566680065530974,-3.4165278042561985e-06,-1.5442685018665685,0.00012566680063684512
9.440000000000207,0.0005993308934795849,3.74865774469853e-12,0.2605557079377155,-3.8081771816587383e-10,0.001379886467399338,-0.0008918433055212023,43.2710822849059,4,True,-3.366371209413839e-06,-1.5442677805544054,0.0001238341516137594,-3.3664010123307955e-06,-1.5442677804174323,0.00012383415159031267
9.450000000000202,0.0005904847482776275,3.748275337666886e-12,0.2605557029717809,-3.8075335341321577e-10,0.001359754484469026,-0.0008787289979121303,43.27108205140001,4,True,-3.3169735062970087e-06,-1.5442670695142044,0.00012202785725769125,-3.31700330376299e-06,-1.5442670693772809,0.00012202785724146742
9.460000000000196,0.0005817686904444793,3.74789575791826e-12,0.26055569807835405,-3.8068931061030893e-10,0.0013399122320071266,-0.0008658062198599401,43.27108182103348,4,True,-3.2682944508163565e-06,-1.5442663687362217,0.00012024754868825812,-3.268324249356213e-06,-1.5442663685993132,0.00012024754867858053
9.47000000000019,0.0005731808199071843,3.74752489003558e-12,0.26055569325638905,-3.8062693514306265e-10,0.0013203556485971025,-0.0008530722094864551,43.27108159376871,4,True,-3.220323763430016e-06,-1.544265678076043,0.00011849286185882091,-3.220353559221352e-06,-1.5442656779391095,0.00011849286184510364
9.480000000000185,0.00056471926399735,3.747162090120875e-12,0.26055568850485467,-3.80566044978322e-10,0.0013010807267762163,-0.0008405242437836928,43.27108136956055,4,True,-3.1730512967200065e-06,-1.5442649973907143,0.00011676343758267094,-3.173081085271935e-06,-1.5442649972538218,0.00011676343756433968
9.49000000000018,0.0005563821770653242,3.746803097319426e-12,0.26055568382273414,-3.8050568775753977e-10,0.001282083512401793,-0.0008281596380913404,43.271081148383054,4,True,-3.126467039699822e-06,-1.5442643265395746,0.00011505892142572612,-3.1264968261931893e-06,-1.5442643264027218,0.00011505892141059456
9.500000000000174,0.0005481677400995525,3.7464498520259196e-12,0.2605556792090254,-3.8044633482559437e-10,0.001263360104030655,-0.0008159757455827404,43.27108093019324,4,True,-3.0805611314763276e-06,-1.5442636653837079,0.00011337896369398863,-3.0805909160618244e-06,-1.544263665246881,0.00011337896368398855
9.510000000000169,0.000540074160351042,3.746100785885251e-12,0.26055567466274027,-3.8038763248802265e-10,0.0012449066522874728,-0.0008039699567560512,43.27108071493985,4,True,-3.0353238348972224e-06,-1.5442630137860862,0.0001117232193521578,-3.0353536231013117e-06,-1.5442630136492383,0.00011172321935473349
9.520000000000163,0.000532099670962861,3.745769069078889e-12,0.26055567018290443,-3.8033255780991085e-10,0.001226719359249838,-0.0007921396989356921,43.27108050262523,4,True,-2.9907455918501076e-06,-1.5442623716113015,0.00011009134793780449,-2.99077535654971e-06,-1.5442623714745107,0.00011009134791028934
9.530000000000157,0.0005242425306046754,3.745437651203574e-12,0.2605556657685574,-3.802771758290901e-10,0.0012087944778439836,-0.0007804824357659893,43.27108029318104,4,True,-2.9468169000206424e-06,-1.544261738726559,0.00010848301355295059,-2.9468466684209523e-06,-1.5442617385898008,0.00010848301353728419
9.540000000000152,0.0005165010231121555,3.745110985536834e-12,0.2605556614187524,-3.802225906582452e-10,0.0011911283112257928,-0.0007689956667349738,43.271080086581456,4,True,-2.903528452374883e-06,-1.5442611149999113,0.00010689788484978417,-2.9035582168407044e-06,-1.5442611148631749,0.00010689788483561625
9.550000000000146,0.0005088734571312721,3.744790461607682e-12,0.2605556571325561,-3.8016913139586986e-10,0.0011737172121807924,-0.0007576769266809697,43.271079882789174,4,True,-2.8608710497864374e-06,-1.544260500301703,0.00010533563486470424,-2.8609008091914335e-06,-1.5442605001649519,0.00010533563484882404
9.56000000000014,0.0005013581657674095,3.744474240741528e-12,0.26055565290904825,-3.801163368807374e-10,0.0011565575825282382,-0.0007465237853168524,43.271079681765784,4,True,-2.818835622518618e-06,-1.5442598945039387,0.0001037959410336287,-2.818865379319062e-06,-1.5442598943672203,0.00010379594102358974
9.570000000000135,0.0004939535062392225,3.744165513224983e-12,0.2605556487473218,-3.8006494851172843e-10,0.0011396458725274285,-0.0007355338467579166,43.27107948348856,4,True,-2.777413237207298e-06,-1.5442592974803866,0.0001022784851425444,-2.7774429805861056e-06,-1.5442592973437113,0.0001022784851211668
9.58000000000013,0.000486657859537186,3.743858927021145e-12,0.2605556446464823,-3.8001372224684556e-10,0.0011229785802927192,-0.0007247047490552804,43.27107928791345,4,True,-2.736595062310305e-06,-1.5442587091065416,0.0001007829532691411,-2.736624804878712e-06,-1.5442587089698634,0.00010078295324204987
9.590000000000124,0.0004794696300867687,3.743548170090203e-12,0.2605556406056482,-3.799612925851767e-10,0.0011065522512094393,-0.0007140341637355169,43.27107909501167,4,True,-2.69637241103071e-06,-1.544258129259536,9.930903570054248e-05,-2.6964021582744545e-06,-1.5442581291229056,9.930903568161979e-05
9.600000000000119,0.0004723872454161942,3.743239385042311e-12,0.2605556366239503,-3.799091139023978e-10,0.001090363477358211,-0.0007035197953444338,43.27107890474897,4,True,-2.6567367163909964e-06,-1.5442575578182733,9.785642691609071e-05,-2.6567664641429877e-06,-1.5442575576816528,9.785642690048135e-05
9.610000000000113,0.000465409155828722,3.742936003287984e-12,0.26055563270053206,-3.798579640515145e-10,0.0010744088969446056,-0.0006931593809985672,43.27107871709002,4,True,-2.617679526738971e-06,-1.544256994663244,9.642482553477289e-05,-2.617709267260269e-06,-1.5442569945266056,9.642482552274437e-05
9.620000000000108,0.0004585338340793829,3.742634802349304e-12,0.2605556288345488,-3.7980701047344894e-10,0.0010586851937299704,-0.000682950689941555,43.271078531999805,4,True,-2.5791925046182575e-06,-1.5442564396765237,9.501393426082607e-05,-2.5792222450907663e-06,-1.5442564395399143,9.501393425034877e-05
9.630000000000102,0.0004517597750561251,3.74233787382268e-12,0.26055562502516805,-3.7975680643759144e-10,0.0010431890964715238,-0.0006728915231055934,43.27107834945266,4,True,-2.5412674385201803e-06,-1.5442558927418775,9.362345980579321e-05,-2.54129717530281e-06,-1.5442558926052925,9.362345979496907e-05
9.640000000000096,0.00044508549546531755,3.742042573513623e-12,0.26055562127156906,-3.797067434961208e-10,0.0010279173783679949,-0.0006629797126778188,43.2710781694113,4,True,-2.503896224103065e-06,-1.5442553537446975,9.225311285956777e-05,-2.5039259661116714e-06,-1.5442553536081185,9.225311286108652e-05
9.650000000000091,0.00043850953352155025,3.741758280478122e-12,0.2605556175729428,-3.7965897013218416e-10,0.0010128668565080822,-0.0006532131216740368,43.271077991844024,4,True,-2.4670708852590597e-06,-1.5442548225718626,9.09026080854709e-05,-2.467100614840812e-06,-1.5442548224353088,9.09026080727673e-05
9.660000000000085,0.0004320304486416742,3.741478488722302e-12,0.26055561392849197,-3.7961191681114586e-10,0.00099803439132741,-0.0006435896435162022,43.27107781672443,4,True,-2.4307835350391767e-06,-1.5442542991118655,8.957166396684109e-05,-2.430813266830221e-06,-1.5442542989753283,8.957166395894707e-05
9.67000000000008,0.0004256468211430374,3.741203809081793e-12,0.26055561033743024,-3.795657820562676e-10,0.00098341688606312,-0.000634107201615996,43.27107764401263,4,True,-2.395026418908446e-06,-1.544253783254661,8.826000288235702e-05,-2.395056144445406e-06,-1.5442537831181147,8.826000286857133e-05
9.680000000000074,0.0004193572519458517,3.7409333900843144e-12,0.2605556067989828,-3.7952034828726185e-10,0.0009690112862225642,-0.0006247637489634065,43.27107747368395,4,True,-2.359791878478147e-06,-1.544253274891794,8.696735094962037e-05,-2.3598216017631375e-06,-1.544253274755301,8.696735094002507e-05
9.690000000000069,0.0004131603622796552,3.740663928919687e-12,0.26055560331238575,-3.794749011750569e-10,0.0009548145790591938,-0.0006155572677194867,43.2710773057095,4,True,-2.325072372431709e-06,-1.5442527739163532,8.569343803278234e-05,-2.325102097190469e-06,-1.5442527737798577,8.569343802338068e-05
9.700000000000063,0.0004070547933938044,3.740404996990605e-12,0.26055559987688615,-3.79431619765752e-10,0.0009408237930387478,-0.0006064857688170055,43.271077140052526,4,True,-2.290860461176164e-06,-1.5442522802227163,8.44379977372132e-05,-2.2908901747917383e-06,-1.5442522800862555,8.443799771802044e-05
9.710000000000058,0.0004010392062719378,3.740148225014684e-12,0.26055559649174176,-3.79388581194315e-10,0.0009270359973236991,-0.0005975472915637402,43.2710769766862,4,True,-2.2571488055318197e-06,-1.5442517937068612,8.320076723713995e-05,-2.257178519484323e-06,-1.5442517935704085,8.320076722866881e-05
9.720000000000052,0.00039511228135038806,3.7398947120347004e-12,0.26055559315622107,-3.793460688340472e-10,0.0009134483012638062,-0.0005887399032511832,43.27107681558524,4,True,-2.223930185201575e-06,-1.5442513142661138,8.198148735499254e-05,-2.2239598988193716e-06,-1.5442513141297824,8.19814873417817e-05
9.730000000000047,0.0003892727182404702,3.739648838813943e-12,0.26055558986960287,-3.7930509767329096e-10,0.0009000578538870292,-0.0005800616987683469,43.271076656715465,4,True,-2.191197461911815e-06,-1.5442508417995822,8.077990247062619e-05,-2.1912271640020356e-06,-1.5442508416631398,8.077990245101227e-05
9.740000000000041,0.00038351923545458885,3.739406589356928e-12,0.26055558663117634,-3.7926466023408665e-10,0.0008868618433887309,-0.00057151080022342,43.271076500045716,4,True,-2.1589436083525864e-06,-1.5442503762070448,7.959576046197998e-05,-2.1589733077133278e-06,-1.5442503760706416,7.959576044425501e-05
9.750000000000036,0.0003778505701361418,3.7391635022466524e-12,0.2605555834402408,-3.792237836099373e-10,0.0008738574966413569,-0.0005630853565638938,43.27107634555751,4,True,-2.127161705660552e-06,-1.544249917390378,7.842881263574263e-05,-2.127191402619921e-06,-1.5442499172539925,7.842881261747361e-05
9.76000000000003,0.00037226547779316445,3.738915301456033e-12,0.2605555802961057,-3.7918157079027703e-10,0.0008610420787007965,-0.0005547835432079636,43.271076193208415,4,True,-2.095844902802828e-06,-1.5442494652524112,7.727881378473429e-05,-2.095874614007597e-06,-1.5442494651160086,7.727881378396619e-05
9.770000000000024,0.000366762732035631,3.738672073942824e-12,0.26055557719809025,-3.7914034946132205e-10,0.0008484128923128256,-0.0005466035616780138,43.27107604298769,4,True,-2.06498649170909e-06,-1.5442490196974132,7.614552202180894e-05,-2.0650162110240983e-06,-1.544249019560938,7.614552203599107e-05
9.780000000000019,0.00036134112431643296,3.7384457360502525e-12,0.26055557414552355,-3.791027823055099e-10,0.0008359672774393723,-0.0005385436392362945,43.27107589484592,4,True,-2.0345798332818773e-06,-1.5442485806311559,7.502869889592909e-05,-2.03460952936864e-06,-1.5442485804947768,7.502869887735779e-05
9.790000000000013,0.00035599946367590016,3.738221307774709e-12,0.2605555711377442,-3.7906534268441237e-10,0.0008237026107706856,-0.0005306020285335399,43.27107574877414,4,True,-2.0046183730925924e-06,-1.5442481479603636,7.392810908306628e-05,-2.0046480634435664e-06,-1.5442481478240273,7.392810906818583e-05
9.800000000000008,0.00035073657648991834,3.7379976007463155e-12,0.2605555681741001,-3.790278906454386e-10,0.0008116163052655757,-0.0005227770072484357,43.271075604735074,4,True,-1.975095658079538e-06,-1.5442477215936123,7.284352059677171e-05,-1.975125353704607e-06,-1.5442477214572354,7.284352058906455e-05
9.810000000000002,0.00034555130622151406,3.7377830858487545e-12,0.2605555652539489,-3.789923021250626e-10,0.0007997058096731512,-0.0005150668777483306,43.27107546271204,4,True,-1.9460053430592687e-06,-1.5442473014400557,7.177470471101908e-05,-1.9460350282066346e-06,-1.54424730130379,7.177470469720515e-05
9.819999999999997,0.0003404425131758923,3.737567089456702e-12,0.2605555623766572,-3.7895616293265234e-10,0.0007879686080774113,-0.0005074699667398963,43.27107532266687,4,True,-1.9173411459382524e-06,-1.5442468874107573,7.072143577501913e-05,-1.9173708314537456e-06,-1.544246887274436,7.072143576423031e-05
9.829999999999991,0.00033540907425889336,3.737350815892211e-12,0.26055555954160103,-3.789197691122657e-10,0.0007764022194333192,-0.0004999846249336469,43.27107518457531,4,True,-1.8890968827787078e-06,-1.5442464794174833,6.968349133195329e-05,-1.8891265727391928e-06,-1.5442464792811812,6.968349132995304e-05
9.839999999999986,0.00033044988273879755,3.7371400782619754e-12,0.2605555567481649,-3.788845008864212e-10,0.0007650041971170401,-0.0004926092267087733,43.271075048421565,4,True,-1.8612664878133953e-06,-1.544246077373639,6.866065195125722e-05,-1.8612961733830987e-06,-1.5442460772373405,6.86606519423981e-05
9.84999999999998,0.00032556384801147605,3.73692862468842e-12,0.26055555399574243,-3.7884886524202834e-10,0.000753772128488182,-0.0004853421697804331,43.271074914167,4,True,-1.8338439313648863e-06,-1.5442456811937386,6.765270125481594e-05,-1.8338736190393242e-06,-1.5442456810575214,6.765270124945432e-05
9.859999999999975,0.00032074989536879316,3.736725501373564e-12,0.2605555512837358,-3.78814981150252e-10,0.0007427036344319968,-0.00047818187488036487,43.27107478180359,4,True,-1.8068233127103111e-06,-1.544245290793323,6.665942593308658e-05,-1.8068529901745055e-06,-1.5442452906570643,6.665942591973965e-05
9.869999999999969,0.00031600696577024646,3.736529203682316e-12,0.260555548611556,-3.787823902503642e-10,0.0007317963689360781,-0.00047112678542861124,43.2710746512911,4,True,-1.780198786573638e-06,-1.5442449060893297,6.568061556485679e-05,-1.7802284586020763e-06,-1.5442449059531218,6.568061554806255e-05
9.879999999999963,0.00031133401561780113,3.736327975625825e-12,0.2605555459786224,-3.7874846830947983e-10,0.0007210480186466369,-0.00046417536722171917,43.27107452260703,4,True,-1.7539645898129569e-06,-1.5442445269996918,6.471606270628853e-05,-1.753994271245853e-06,-1.5442445268634022,6.471606270454896e-05
9.889999999999958,0.0003067300165338632,3.7361317898793915e-12,0.2605555433843627,-3.787155827518231e-10,0.0007104563024473322,-0.0004573261081168149,43.27107439573394,4,True,-1.728115079679765e-06,-1.5442441534435938,6.376556275472665e-05,-1.7281447530119769e-06,-1.544244153307415,6.37655627453187e-05
9.899999999999952,0.0003021939551423829,3.735937386064745e-12,0.26055554082821303,-3.786829189379308e-10,0.0007000189710358436,-0.00045057751772413664,43.271074270636,4,True,-1.702644641627434e-06,-1.5442437853412743,6.282891403987393e-05,-1.7026743152557753e-06,-1.5442437852050666,6.2828914033919e-05
9.909999999999947,0.00029772483285298414,3.735745749288568e-12,0.2605555383096172,-3.786507315150776e-10,0.0006897338065023338,-0.00044392812710101933,43.27107414730329,4,True,-1.6775477893186202e-06,-1.544243422614311,6.190591758060888e-05,-1.6775774564867632e-06,-1.5442434224781545,6.190591756973484e-05
9.919999999999941,0.00029332166564816683,3.7355516280753855e-12,0.2605555358280274,-3.786178047486036e-10,0.0006795986219231373,-0.00043737648845307774,43.27107402570691,4,True,-1.6528190743241741e-06,-1.5442430651851013,6.099637729807353e-05,-1.6528487458198694e-06,-1.5442430650489192,6.0996377293912824e-05
9.929999999999936,0.0002889834838734461,3.7353614497622995e-12,0.26055553338290355,-3.785856818096527e-10,0.0006696112609409919,-0.00043092117483794384,43.271073905812905,4,True,-1.6284531518380908e-06,-1.5442427129771397,6.010009981014451e-05,-1.6284828213746666e-06,-1.5442427128409053,6.010009980282281e-05
9.93999999999993,0.0002847093320304646,3.735178112754034e-12,0.2605555309737135,-3.7855493551988804e-10,0.0006597695973746967,-0.0004245607798678459,43.271073787616054,4,True,-1.604444752945488e-06,-1.5442423659153117,5.921689437877931e-05,-1.6044744142207618e-06,-1.5442423657791577,5.9216894363735926e-05
9.949999999999925,0.0002804982685730144,3.7349932857356055e-12,0.26055552859993264,-3.785236738263067e-10,0.0006500715348120429,-0.00041829391742682887,43.271073671081744,4,True,-1.580788658813696e-06,-1.5442420239252885,5.8346573012882654e-05,-1.5808183240998537e-06,-1.5442420237891337,5.834657300705092e-05
9.95999999999992,0.00027634936570589965,3.734815294987309e-12,0.26055552626104395,-3.7849382209530124e-10,0.0006405150062123343,-0.0004121192213833616,43.27107355619216,4,True,-1.5574797584578236e-06,-1.544241686933698,5.748895034297996e-05,-1.5575094194123158e-06,-1.5442416867975397,5.7488950332123734e-05
9.969999999999914,0.0002722617091866479,3.734640569813403e-12,0.2605555239565379,-3.784645152365696e-10,0.0006310979735242893,-0.00040603534530740556,43.27107344292888,4,True,-1.5345130015717436e-06,-1.544241354868593,5.66438435289093e-05,-1.5345426542507984e-06,-1.5442413547324811,5.6643843519632405e-05
9.979999999999908,0.00026823439813001746,3.7344624830308676e-12,0.26055552168591245,-3.784342764923448e-10,0.0006218184272996931,-0.00040004096219535144,43.27107333125937,4,True,-1.5118833903274784e-06,-1.5442410276587224,5.581107238117226e-05,-1.5119130482868147e-06,-1.5442410275226275,5.581107237227909e-05
9.989999999999903,0.0002642665448152383,3.734286773582888e-12,0.2605555194486724,-3.7840448696400954e-10,0.0006126743863063549,-0.00039413476419614417,43.2710732211662,4,True,-1.489586029374173e-06,-1.5442407052339202,5.49904592074383e-05,-1.4896156872241539e-06,-1.5442407050978013,5.4990459201459735e-05
9.999999999999897,0.0002603572744959772,3.734116148077427e-12,0.26055551724433007,-3.783757370928993e-10,0.0006036638971532054,-0.00038831546234128556,43.271073112638,4,True,-1.46761607680333e-06,-1.544240387524968,5.418182879411998e-05,-1.4676457321846572e-06,-1.5442403873888408,5.418182878608604e-05
10.009999999999891,0.00025650572521299244,3.733952458010473e-12,0.2605555150724048,-3.7834837629857336e-10,0.0005947850339260227,-0.0003825817862757204,43.271073005642435,4,True,-1.4459687674533637e-06,-1.5442400744637603,5.3385008392481715e-05,-1.4459984177836775e-06,-1.544240074327677,5.338500838077599e-05
10.019999999999886,0.00025271104760942283,3.7337905933888465e-12,0.26055551293242263,-3.783212644757512e-10,0.0005860358978140573,-0.00037693248399979967,43.27107290015934,4,True,-1.4246393938461395e-06,-1.5442397659830267,5.259982771038743e-05,-1.4246690431821857e-06,-1.5442397658469784,5.259982770173514e-05
10.02999999999988,0.00024897240474868474,3.733624931548621e-12,0.26055551082391665,-3.7829313310990517e-10,0.0005774146167457584,-0.00037136632160611217,43.27107279617239,4,True,-1.4036233159193973e-06,-1.5442394620165596,5.1826118831649464e-05,-1.403652972911632e-06,-1.544239461880488,5.1826118834607466e-05
10.039999999999875,0.00024528897193494125,3.733463503302768e-12,0.2605555087464269,-3.782659039976101e-10,0.0005689193450297563,-0.0003658820830262053,43.271072693659235,4,True,-1.3829159885147048e-06,-1.5442391624989054,5.106371621101947e-05,-1.3829456430760972e-06,-1.5442391623628253,5.106371620743404e-05
10.04999999999987,0.00024165993653612,3.733306900625169e-12,0.2605555066994996,-3.7823962166542915e-10,0.000560548263007513,-0.00036047856977655603,43.27107259259411,4,True,-1.3625128962962028e-06,-1.5442388673657808,5.031245663775676e-05,-1.3625425471317616e-06,-1.544238867229722,5.031245662869966e-05
10.059999999999864,0.00023808449780941674,3.733155068922067e-12,0.2605555046826879,-3.7821427541458194e-10,0.0005522995766922671,-0.00035515460071271465,43.27107249297419,4,True,-1.3424096062140238e-06,-1.5442385765534097,4.95721791994268e-05,-1.3424392517134106e-06,-1.5442385764173816,4.957217919199546e-05
10.069999999999858,0.0002345618667292864,3.733002972758006e-12,0.2605555026955511,-3.7818870180237683e-10,0.000544171517434379,-0.00034990901177714943,43.271072394768815,4,True,-1.322601744159467e-06,-1.5442382899997023,4.884272520716162e-05,-1.3226313878397117e-06,-1.5442382898637521,4.8842725194279645e-05
10.079999999999853,0.00023109126581787636,3.732851716199902e-12,0.2605555007376552,-3.7816322457607703e-10,0.0005361623415752964,-0.0003447406557650635,43.27107229795695,4,True,-1.3030849976011623e-06,-1.5442380076426672,4.812393832838678e-05,-1.3031146422033582e-06,-1.5442380075066653,4.8123938321966865e-05
10.089999999999847,0.0002276719289778272,3.732707122310425e-12,0.2605554988085724,-3.781391332013892e-10,0.0005282703301053356,-0.0003396484020820013,43.271072202516564,4,True,-1.2838551238756515e-06,-1.5442377294213825,4.7415664364774965e-05,-1.2838847641506746e-06,-1.5442377292853378,4.741566434987144e-05
10.099999999999842,0.00022430310132747467,3.7325665811587964e-12,0.260555496907881,-3.7811577309179047e-10,0.0005204937883329418,-0.0003346311365071413,43.27107210843526,4,True,-1.2649079331905956e-06,-1.544237455275977,4.671775126665816e-05,-1.2649375668463475e-06,-1.5442374551399654,4.6717751255887204e-05
10.109999999999836,0.00022098403903838933,3.732421653699927e-12,0.26055549503516545,-3.7809127610031645e-10,0.0005128310455573333,-0.00032968776096237894,43.27107201569592,4,True,-1.246239299383787e-06,-1.5442371851473626,4.6030049194333345e-05,-1.2462689419108606e-06,-1.5442371850113432,4.6030049197302785e-05
10.11999999999983,0.00021771400917521325,3.732282222351239e-12,0.26055549319001614,-3.7806792671974094e-10,0.0005052804547465094,-0.0003248171932823523,43.271071924274835,4,True,-1.2278451609926202e-06,-1.5442369189772809,4.535241040746182e-05,-1.2278747982569629e-06,-1.544236918841305,4.535241040134001e-05
10.129999999999825,0.00021449228953777867,3.732145246239115e-12,0.26055549137202966,-3.78044997356293e-10,0.0004978403922089228,-0.00032001836698924876,43.271071834157524,4,True,-1.2097215038743781e-06,-1.5442366567082413,4.468468926717153e-05,-1.2097511355149574e-06,-1.5442366565722576,4.4684689260147256e-05
10.13999999999982,0.00021131816850546013,3.73201196820227e-12,0.2605554895808083,-3.7802274908129677e-10,0.0004905092572755988,-0.0003152902310691817,43.27107174531936,4,True,-1.1918643753630195e-06,-1.544236398283497,4.402674220450714e-05,-1.1918940041206713e-06,-1.5442363981476117,4.4026742189578e-05
10.149999999999814,0.00020819094488374476,3.731868607788925e-12,0.26055548781596005,-3.7799812150970066e-10,0.0004832854719927724,-0.00031063174975204584,43.271071657754796,4,True,-1.1742698834111272e-06,-1.544236143647548,4.3378427606750807e-05,-1.17429952636993e-06,-1.5442361435115954,4.337842761232138e-05
10.159999999999808,0.00020510992775300447,3.73173244015705e-12,0.2605554860770984,-3.779750917075432e-10,0.00047616748081353785,-0.00030604190229418057,43.271071571437936,4,True,-1.1569342007584626e-06,-1.5442358927452564,4.273960600132791e-05,-1.1569638390085348e-06,-1.5442358926092548,4.273960600554781e-05
10.169999999999803,0.00020207443631939202,3.731605549676878e-12,0.26055548436384296,-3.779540061753928e-10,0.0004691537502856528,-0.00030151968276602285,43.27107148635341,4,True,-1.1398535404583038e-06,-1.544235645522253,4.21101398366308e-05,-1.1398831670833706e-06,-1.5442356453862907,4.21101398264827e-05
10.179999999999797,0.0001990837997678702,3.73147976889905e-12,0.26055548267581846,-3.7793298049902053e-10,0.00046224276875093083,-0.00029706409984046254,43.27107140247845,4,True,-1.123024163392261e-06,-1.5442354019250788,4.148989349331968e-05,-1.1230537882195714e-06,-1.5442354017891524,4.148989347629158e-05
10.189999999999792,0.00019613735711734314,3.73135182916541e-12,0.26055548101265535,-3.779113466112634e-10,0.0004554330460474818,-0.0002926741765828648,43.271071319810716,4,True,-1.1064424094806686e-06,-1.5442351619011498,4.0878733272870006e-05,-1.1064720372932418e-06,-1.5442351617652483,4.087873326291356e-05
10.199999999999786,0.00019323445707785484,3.731221285719822e-12,0.2605554793739891,-3.77889079011641e-10,0.00044872311322215127,-0.0002883489502475322,43.2710712383204,4,True,-1.0901046518314054e-06,-1.5442349253985659,4.027652742066337e-05,-1.0901342864112025e-06,-1.5442349252626026,4.027652742502349e-05
10.20999999999978,0.00019037445790981168,3.731100808045707e-12,0.2605554777594608,-3.778690209244476e-10,0.00044211152223302296,-0.00028408747207557143,43.271071157995806,4,True,-1.0740073292722468e-06,-1.544234692365981,3.968314605876817e-05,-1.0740369514587864e-06,-1.5442346922300607,3.968314605442724e-05
10.219999999999775,0.0001875567272852226,3.730981727177677e-12,0.26055547616871666,-3.778491091744436e-10,0.000435596845663394,-0.0002798888070941049,43.27107107882095,4,True,-1.0581469192583678e-06,-1.5442344627529787,3.909846111758152e-05,-1.0581765378175803e-06,-1.5442344626170874,3.909846110609299e-05
10.22999999999977,0.0001847806421509223,3.730860459798245e-12,0.2605554746014078,-3.7782860639713527e-10,0.0004291776764391529,-0.0002757520339199136,43.27107100078149,4,True,-1.0425199528029723e-06,-1.5442342365098618,3.852234637698194e-05,-1.0425495749119508e-06,-1.544234236373951,3.852234637495535e-05
10.239999999999764,0.00018204558859374152,3.730741271275062e-12,0.2605554730571909,-3.7780847517384833e-10,0.00042285262754912105,-0.00027167624456522435,43.271070923851816,4,True,-1.027123020750839e-06,-1.544234013587509,3.7954677407569406e-05,-1.0271526409150298e-06,-1.5442340134516355,3.7954677407640394e-05
10.249999999999758,0.00017935096170761133,3.730626572299767e-12,0.26055547153572717,-3.7778926796851266e-10,0.0004166203317656574,-0.0002676605442466431,43.271070848028536,4,True,-1.0119527584533134e-06,-1.544233793937537,3.739533159173969e-05,-1.011982369287565e-06,-1.5442337938016615,3.739533157171765e-05
10.259999999999753,0.00017669616546256068,3.73050551884808e-12,0.26055547003668283,-3.77768478131558e-10,0.0004104794413815582,-0.00026370405119433265,43.27107077329847,4,True,-9.970058392213533e-07,-1.5442335775125313,3.6844187939185185e-05,-9.970354635067524e-07,-1.5442335773767086,3.684418794002018e-05
10.269999999999747,0.00017408061257560747,3.730381594995489e-12,0.2605554685597291,-3.77747051229259e-10,0.0004044286279359402,-0.0002598058964681956,43.2710706996362,4,True,-9.822789971942662e-07,-1.5442333642654673,3.630112735306759e-05,-9.823086294220223e-07,-1.5442333641295454,3.6301127358976654e-05
10.279999999999742,0.0001715037243834677,3.73027020115386e-12,0.260555467104542,-3.7772840612881345e-10,0.00039846658194354564,-0.00025596522377359577,43.27107062703043,4,True,-9.677690243302996e-07,-1.5442331541498635,3.576603235206193e-05,-9.677986439153944e-07,-1.5442331540140097,3.5766032346593634e-05
10.289999999999736,0.00016896493071710591,3.7301633051098576e-12,0.2605554656708022,-3.777106107701419e-10,0.00039259201263829626,-0.000252181189279371,43.27107055546633,4,True,-9.534727298784554e-07,-1.5442329471202663,3.5238787120705925e-05,-9.535023460271476e-07,-1.544232946984376,3.523878712015058e-05
10.29999999999973,0.00016646366977808152,3.7300582582878014e-12,0.26055546425819504,-3.776930797842684e-10,0.0003868036477114786,-0.0002484529614400108,43.27107048492838,4,True,-9.393869860283485e-07,-1.5442327431315954,3.471927753040243e-05,-9.394165969581387e-07,-1.5442327429957674,3.4719277522591405e-05
10.309999999999725,0.00016399938801666382,3.729949442085012e-12,0.2605554628664103,-3.776746097310079e-10,0.00038110023305726543,-0.00024477972081917056,43.27107041540138,4,True,-9.255087078888377e-07,-1.5442325421397216,3.420739106487077e-05,-9.255383252494817e-07,-1.5442325420037972,3.420739106337144e-05
10.31999999999972,0.00016157154001169468,3.729840706867401e-12,0.26055546149514247,-3.776560923713096e-10,0.0003754805325198809,-0.00024116065991647908,43.27107034687941,4,True,-9.118348576863721e-07,-1.5442323441006496,3.370301681436556e-05,-9.118644824227147e-07,-1.5442323439647674,3.3703016825042294e-05
10.329999999999714,0.00015917958835218437,3.729744100944069e-12,0.26055546014409026,-3.7764025391820254e-10,0.0003699433276492462,-0.0002375949829945087,43.27107027934437,4,True,-8.983624557788109e-07,-1.5442321489717143,3.320604547424395e-05,-8.983920626057294e-07,-1.5442321488358939,3.320604546918359e-05
10.339999999999709,0.00015682300352059595,3.72965140045216e-12,0.26055545881295705,-3.776251197009169e-10,0.00036448741745163677,-0.00023408190591296473,43.27107021277409,4,True,-8.850885315525614e-07,-1.5442319567102147,3.2716369326878464e-05,-8.851181321142787e-07,-1.544231956574373,3.27163693223053e-05
10.349999999999703,0.0001545012637777961,3.7295602477174664e-12,0.2605554575014503,-3.776101867577377e-10,0.0003591116181451099,-0.00023062065596054642,43.271070147166355,4,True,-8.720101791743314e-07,-1.5442317672743722,3.223388214367355e-05,-8.720397759622391e-07,-1.5442317671385584,3.2233882134224514e-05
10.359999999999697,0.0001522138550496814,3.729466794644631e-12,0.26055545620928205,-3.7759462992589365e-10,0.0003538147629228701,-0.0002272104716897735,43.27107008249894,4,True,-8.591245269473236e-07,-1.5442315806229892,3.1758479240374276e-05,-8.591541264050758e-07,-1.5442315804871838,3.175847923052811e-05
10.369999999999692,0.00014996027081541963,3.729371677287861e-12,0.26055545493616816,-3.775786350186674e-10,0.0003485957017151066,-0.00022385060275701291,43.27107001876446,4,True,-8.464287589943715e-07,-1.5442313967153738,3.129005744467946e-05,-8.464583615293503e-07,-1.5442313965795667,3.1290057441121324e-05
10.379999999999686,0.0001477400119972995,3.7292797194302e-12,0.26055545368182875,-3.7756330616435093e-10,0.00034345330095754954,-0.00022054030976139413,43.27106995594608,4,True,-8.339200943226146e-07,-1.5442312155115394,3.082851507071596e-05,-8.339496931792072e-07,-1.5442312153757238,3.0828515066167245e-05
10.38999999999968,0.00014555258685216354,3.72919123391344e-12,0.26055545244598816,-3.775486729377613e-10,0.00033838644336167597,-0.0002172788640880395,43.27106989403504,4,True,-8.215957863905031e-07,-1.5442310369720267,3.0373751865143904e-05,-8.21625376381561e-07,-1.544231036836229,3.037375184885412e-05
10.399999999999675,0.0001433975108644095,3.729088118446189e-12,0.26055545122837465,-3.775306174074047e-10,0.00033339402768546415,-0.00021406554775296093,43.27106983301082,4,True,-8.094531108622076e-07,-1.544230861057832,2.9925669015044422e-05,-8.094827260984557e-07,-1.5442308609220974,2.992566903793475e-05
10.40999999999967,0.00014127430664051676,3.728994406068262e-12,0.2605554500287204,-3.775147717832973e-10,0.0003284749685091664,-0.00021089965325035286,43.27106977287723,4,True,-7.974894388169384e-07,-1.5442306877307577,2.948416917120831e-05,-7.975190427644937e-07,-1.544230687594938,2.9484169167371725e-05
10.419999999999664,0.00013918250380511396,3.728906823770951e-12,0.2605554488467616,-3.775001988586148e-10,0.0003236281960217906,-0.00020778048339945688,43.27106971360368,4,True,-7.857021269495988e-07,-1.5442305169529542,2.9049156325119312e-05,-7.857317236755715e-07,-1.5442305168171657,2.9049156318913406e-05
10.429999999999659,0.00013712163889852065,3.7288207275502155e-12,0.2605554476822383,-3.774858587882977e-10,0.00031885265579350766,-0.00020470735120014524,43.271069655190466,4,True,-7.740885838960234e-07,-1.5442303486871474,2.862053589744817e-05,-7.741181786725227e-07,-1.5442303485513282,2.8620535892470313e-05
10.439999999999653,0.00013509125527577317,3.728736560159789e-12,0.26055544653489426,-3.7747187095001367e-10,0.0003141473085626067,-0.00020167957968210163,43.2710695976131,4,True,-7.626462656003547e-07,-1.5442301828966207,2.819821462833121e-05,-7.626758574763218e-07,-1.5442301827608187,2.8198214625404922e-05
10.449999999999648,0.00013309090300711243,3.728655422108028e-12,0.260555445404477,-3.77458460210205e-10,0.00030951113002500405,-0.0001986965017622884,43.2710695408686,4,True,-7.513726582744378e-07,-1.5442300195452021,2.778210062061396e-05,-7.514022461910984e-07,-1.5442300194094627,2.7782100613388903e-05
10.459999999999642,0.0001311201387799005,3.72857287675601e-12,0.2605554442907375,-3.774446264392881e-10,0.0003049431106236667,-0.00019575746010201477,43.27106948494883,4,True,-7.402652864197574e-07,-1.5442298585973244,2.737210329588928e-05,-7.402948699211707e-07,-1.5442298584615817,2.737210328615645e-05
10.469999999999636,0.0001291785258019522,3.728485964317532e-12,0.26055544319343094,-3.774297486678858e-10,0.00030044225534176633,-0.00019286180696609866,43.27106942983369,4,True,-7.29321699015882e-07,-1.5442297000177911,2.6968133388014843e-05,-7.29351291764337e-07,-1.5442296998820035,2.6968133391300016e-05
10.479999999999631,0.00012726563370625858,3.728401482853047e-12,0.2605554421123155,-3.7741537342646223e-10,0.0002960075834978097,-0.00019000890408472644,43.271069375513015,4,True,-7.185395089049165e-07,-1.5442295437718931,2.657010291146205e-05,-7.185690997015264e-07,-1.5442295436361637,2.657010290811115e-05
10.489999999999625,0.00012538103845709201,3.728313062712633e-12,0.2605554410471533,-3.774000705105044e-10,0.00029163812854637725,-0.00018719812251639814,43.27106932198368,4,True,-7.079163320364555e-07,-1.5442293898256423,2.61779251183331e-05,-7.079459305768575e-07,-1.5442293896898875,2.6177925120563885e-05
10.49999999999962,0.00012352432225746764,3.72822826057876e-12,0.26055543999770964,-3.773855936481402e-10,0.00028733293787671987,-0.00018442884251320137,43.27106926922399,4,True,-6.974498450034989e-07,-1.544229238145338,2.5791514581601462e-05,-6.974794405325836e-07,-1.5442292380095797,2.5791514580535583e-05
10.509999999999614,0.00012169507345792704,3.728144463694635e-12,0.26055543896375344,-3.773712928488246e-10,0.00028309107261775823,-0.00018170045338906544,43.2710692172262,4,True,-6.871377393838555e-07,-1.5442290886977776,2.54107870374962e-05,-6.871673364118428e-07,-1.5442290885620256,2.5410787035767208e-05
10.519999999999609,0.00011989288646665634,3.728066540677921e-12,0.260555437945057,-3.7735824517329984e-10,0.0002789116074455086,-0.000179012353387068,43.27106916598413,4,True,-6.769777533516328e-07,-1.5442289414503632,2.5035659461226614e-05,-6.770073427885854e-07,-1.5442289413145776,2.5035659458295785e-05
10.529999999999603,0.00011811736166089784,3.72799372532905e-12,0.2605554369413957,-3.7734623699271865e-10,0.00027479363039144896,-0.00017636394955176354,43.27106911548657,4,True,-6.669676488252373e-07,-1.5442287963708412,2.46660500357586e-05,-6.66997233009271e-07,-1.5442287962350814,2.4666050032069115e-05
10.539999999999598,0.00011636810529963866,3.7279278626232825e-12,0.2605554359525487,-3.773356878166015e-10,0.0002707362426545299,-0.00017375465760134738,43.271069065709476,4,True,-6.571052307040612e-07,-1.5442286534274872,2.4301878133277665e-05,-6.571347979667484e-07,-1.5442286532917389,2.4301878108800323e-05
10.549999999999592,0.00011464472943756356,3.727844128141703e-12,0.2605554349782977,-3.7732095089645263e-10,0.00026673855841512434,-0.00017118390180213497,43.27106901666387,4,True,-6.473882982594917e-07,-1.5442285125891084,2.394306420585092e-05,-6.474178940582445e-07,-1.5442285124533612,2.3943064219174274e-05
10.559999999999587,0.00011294685184025758,3.727761732026563e-12,0.26055543401842823,-3.773065673174196e-10,0.00026279970464980034,-0.00016865111484591722,43.27106896832356,4,True,-6.378147509809231e-07,-1.5442283738246665,2.3589530005516235e-05,-6.378443441409887e-07,-1.5442283736890174,2.3589530000567448e-05
10.569999999999581,0.00011127409590063253,3.727677763217935e-12,0.26055543307272855,-3.772918267859417e-10,0.0002589188209566122,-0.00016615573772522804,43.27106892068828,4,True,-6.283824654559444e-07,-1.544228237104162,2.3241198276489387e-05,-6.284120645178611e-07,-1.5442282369684637,2.3241198283944036e-05
10.579999999999576,0.00010962609055655922,3.727601490187218e-12,0.2605554321409902,-3.7727879558642765e-10,0.0002550950593727216,-0.00016369721961725605,43.271068873741484,4,True,-6.190893747749238e-07,-1.5442281023973528,2.289799297679444e-05,-6.191189665515881e-07,-1.5442281022616413,2.2897992976380355e-05
10.58999999999957,0.00010800247020969366,3.727531437311639e-12,0.2605554312230078,-3.7726708183604793e-10,0.0002513275841972432,-0.00016127501776218474,43.271068827475204,4,True,-6.099334229133517e-07,-1.5442279696748171,2.2559839089534968e-05,-6.099630101712849e-07,-1.5442279695391308,2.2559839093853453e-05
10.599999999999564,0.00010640287464548424,3.7274637650522614e-12,0.26055543031857886,-3.7725581798471763e-10,0.0002476155718175818,-0.00015888859734751869,43.27106878187837,4,True,-6.009125971227431e-07,-1.5442278389074606,2.2226662736954752e-05,-6.009421827256485e-07,-1.5442278387717814,2.222666273232262e-05
10.609999999999559,0.00010482694895433269,3.727401748406092e-12,0.260555429427504,-3.7724576416832513e-10,0.00024395821054045227,-0.0001565374313930169,43.271068736942524,4,True,-5.920249106991787e-07,-1.5442277100666997,2.189839106870189e-05,-5.920544916677365e-07,-1.544227709930978,2.1898391071491135e-05
10.619999999999553,0.00010327434345390029,3.727343403219669e-12,0.2605554285495865,-3.7723640337732873e-10,0.0002403547004229917,-0.0001542210006364944,43.27106869265954,4,True,-5.832684074289031e-07,-1.5442275831242427,2.157495231456326e-05,-5.832979827917494e-07,-1.5442275829885723,2.1574952304687168e-05
10.629999999999548,0.0001017447136125414,3.7272807004451745e-12,0.26055542768463286,-3.7722598118535915e-10,0.00023680425310479991,-0.00015193879342278362,43.271068649019696,4,True,-5.7464114877501e-07,-1.5442274580522906,2.1256275736700455e-05,-5.746707331635853e-07,-1.544227457916609,2.1256275730974187e-05
10.639999999999542,0.00010023771997384169,3.727221557755915e-12,0.26055542683245214,-3.7721635649253426e-10,0.0002333060916443694,-0.00014969030559286594,43.27106860601536,4,True,-5.661412503265168e-07,-1.5442273348234228,2.0942291625637596e-05,-5.661708268856277e-07,-1.5442273346877504,2.0942291616268937e-05
10.649999999999537,9.875302808225594e-05,3.7271568409875036e-12,0.26055542599285625,-3.772053830393188e-10,0.00022985945035747495,-0.00014747504037520792,43.2710685636352,4,True,-5.577668225333803e-07,-1.544227213410644,2.063293125559197e-05,-5.577964073093884e-07,-1.5442272132749826,2.0632931256870976e-05
10.659999999999531,9.729030840982453e-05,3.72709205208968e-12,0.2605554251656599,-3.7719438327339934e-10,0.00022646357465642522,-0.00014529250827895077,43.27106852187063,4,True,-5.495160312397162e-07,-1.5442270937872526,2.0328126953129432e-05,-5.495456157065268e-07,-1.544227093651604,2.0328126952529082e-05
10.669999999999526,9.584923628394912e-05,3.727027485180785e-12,0.26055542435068035,-3.7718338016503085e-10,0.0002231177208923374,-0.0001431422269878173,43.27106848071192,4,True,-5.413870549774451e-07,-1.5442269759271288,2.0027811968305976e-05,-5.414166377881165e-07,-1.5442269757914582,2.002781196970724e-05
10.67999999999952,9.442949181622121e-05,3.72696564574289e-12,0.26055542354773803,-3.771729768466692e-10,0.0002198211562004809,-0.00014102372125586308,43.27106844014936,4,True,-5.333780985669038e-07,-1.54422685980431,1.973192054501026e-05,-5.334076787229063e-07,-1.5442268596686162,1.9731920544865925e-05
10.689999999999515,9.3030759832282e-05,3.726905498007557e-12,0.26055542275665544,-3.771628802081694e-10,0.00021657315834583911,-0.0001389365228055581,43.271068400180724,4,True,-5.25487397966736e-07,-1.5442267453932703,1.9440387879755974e-05,-5.255169783016623e-07,-1.544226745257614,1.9440387877466017e-05
10.699999999999509,9.165272980270293e-05,3.726840831957784e-12,0.26055542197725795,-3.771517042551341e-10,0.0002133730155722718,-0.00013688017022539832,43.27106836079261,4,True,-5.177132084499726e-07,-1.5442266326689906,1.9153150101219903e-05,-5.17742798878157e-07,-1.5442266325333351,1.9153150104811404e-05
10.709999999999503,9.029509577486535e-05,3.726782964454261e-12,0.2605554212093735,-3.7714207463721155e-10,0.00021022002645407044,-0.0001348542088712351,43.27106832197643,4,True,-5.100538269056778e-07,-1.5442265216067028,1.8870144276937498e-05,-5.100834117885205e-07,-1.544226521471001,1.8870144270309025e-05
10.719999999999498,8.895755630583848e-05,3.726730146093025e-12,0.2605554204528324,-3.7713351546774966e-10,0.00020711349974745762,-0.00013285819076741946,43.27106828372353,4,True,-5.025075570414175e-07,-1.5442264121819285,1.859130836803011e-05,-5.025371348523161e-07,-1.5442264120462599,1.859130836695453e-05
10.729999999999492,8.763981439622451e-05,3.726678634637386e-12,0.2605554197074676,-3.7712514405843944e-10,0.00020405275424673544,-0.000130891674509537,43.27106824603165,4,True,-4.95072731591916e-07,-1.5442263043707514,1.831658125824964e-05,-4.951023066124526e-07,-1.5442263042351076,1.8316581252555912e-05
10.739999999999487,8.634157742497225e-05,3.726624103168934e-12,0.26055541897311446,-3.7711601728372823e-10,0.00020103711863991492,-0.000128954225169485,43.27106820888365,4,True,-4.877477059486518e-07,-1.544226198149453,1.8045902700560657e-05,-4.877772890082984e-07,-1.5442261980137955,1.8045902703866973e-05
10.749999999999481,8.506255708513198e-05,3.726574780383838e-12,0.2605554182496107,-3.771080332598604e-10,0.00019806593136781301,-0.00012704541420147442,43.27106817228052,4,True,-4.805308770772808e-07,-1.5442260934946463,1.777921334793593e-05,-4.805604516155558e-07,-1.5442260933590117,1.7779213343121063e-05
10.759999999999476,8.380246932054999e-05,3.726527841417765e-12,0.2605554175367967,-3.7710051322927694e-10,0.0001951385404850051,-0.00012516481934797885,43.27106813620888,4,True,-4.734206391074763e-07,-1.544225990383444,1.7516454687337917e-05,-4.734502082528026e-07,-1.5442259902476647,1.751645467945423e-05
10.76999999999947,8.256103426347975e-05,3.7264801783682296e-12,0.26055541683451466,-3.770926902120612e-10,0.00019225430352227098,-0.0001233120245502888,43.27106810065785,4,True,-4.664154316279887e-07,-1.5442258887927771,1.725756905850648e-05,-4.6644499931323857e-07,-1.5442258886572453,1.7257569057580708e-05
10.779999999999465,8.133797617311115e-05,3.726424900083826e-12,0.2605554161426094,-3.770831205062355e-10,0.00018941258735236216,-0.00012148661985477732,43.27106806563499,4,True,-4.5951369953557844e-07,-1.5442257887009039,1.70024996630945e-05,-4.595432705615398e-07,-1.5442257885653612,1.7002499657300206e-05
10.78999999999946,8.013302337498115e-05,3.726353917976814e-12,0.260555415460928,-3.770700607104672e-10,0.00018661276805339956,-0.00011968820132844939,43.27106803110985,4,True,-4.5271391173744063e-07,-1.5442256900855558,1.675119049159034e-05,-4.5274350648764457e-07,-1.5442256899498674,1.675119050844347e-05
10.799999999999454,7.894590820127539e-05,3.726299724267802e-12,0.2605554147893197,-3.7706087390883913e-10,0.0001838542307827312,-0.00011791637096740454,43.27106799709658,4,True,-4.4601459872642177e-07,-1.5442255929250526,1.650358640446483e-05,-4.460441812047683e-07,-1.544225592789395,1.650358640636848e-05
10.809999999999448,7.777636693199605e-05,3.726254871784523e-12,0.26055541412763616,-3.770537188938207e-10,0.00018113636964420103,-0.00011617073661384953,43.271067963580194,4,True,-4.3941425893307236e-07,-1.5442254971979457,1.6259633017716032e-05,-4.3944382872507104e-07,-1.5442254970623182,1.625963300412154e-05
10.819999999999443,7.66241397369857e-05,3.726208425509426e-12,0.2605554134757311,-3.770460767626601e-10,0.00017845858755666371,-0.0001144509118679498,43.27106793054841,4,True,-4.32911426118978e-07,-1.544225402883188,1.6019276749416173e-05,-4.3294100042625693e-07,-1.544225402747603,1.601927674547923e-05
10.829999999999437,7.548897061879159e-05,3.726160233977047e-12,0.26055541283346023,-3.770380187669958e-10,0.00017582029613052107,-0.00011275651600651383,43.27106789799778,4,True,-4.2650467735789354e-07,-1.5442253099600742,1.5782464797805617e-05,-4.2653425234255655e-07,-1.5442253098244587,1.5782464794583578e-05
10.839999999999431,7.437060735637625e-05,3.726115170643839e-12,0.2605554122006816,-3.7703063589637843e-10,0.00017322091554400446,-0.00011108717389732978,43.27106786592629,4,True,-4.2019259238111245e-07,-1.5442252184081466,1.554914512496529e-05,-4.202221661368289e-07,-1.544225218272514,1.5549145119325488e-05
10.849999999999426,7.32688014496406e-05,3.726065256258463e-12,0.2605554115772553,-3.770220980504169e-10,0.0001706598744189242,-0.00010944251592059441,43.271067834318245,4,True,-4.139737735315525e-07,-1.5442251282072228,1.531926647275175e-05,-4.1400335342097163e-07,-1.5442251280716253,1.5319266473636702e-05
10.85999999999942,7.21833080647478e-05,3.7260187385599116e-12,0.26055541096304347,-3.770143521896288e-10,0.00016813660970063998,-0.00010782217788699201,43.27106780317262,4,True,-4.078468549073084e-07,-1.5442250393374952,1.5092778312967966e-05,-4.0787643080354997e-07,-1.5442250392018697,1.5092778307053664e-05
10.869999999999415,7.11138859802579e-05,3.725975189835414e-12,0.26055541035791013,-3.770072018010321e-10,0.00016565056653775856,-0.00010622580095874508,43.27106777248298,4,True,-4.0181047776778624e-07,-1.544224951779327,1.4869630839476911e-05,-4.018400504367933e-07,-1.5442249516436886,1.4869630837306217e-05
10.87999999999941,7.006029753404198e-05,3.7259304092221085e-12,0.2605554097617215,-3.769996783648512e-10,0.0001632011981649514,-0.00010465303157096076,43.271067742238635,4,True,-3.9586330582592083e-07,-1.5442248655134703,1.4649774989357663e-05,-3.9589287728493457e-07,-1.5442248653778838,1.4649774989532673e-05
10.889999999999404,6.90223085709706e-05,3.72588631390554e-12,0.2605554091743456,-3.769922851273014e-10,0.00016078796578676986,-0.00010310352135649504,43.271067712439326,4,True,-3.900040242596613e-07,-1.544224780520964,1.4433162428166297e-05,-3.9003359920888276e-07,-1.5442247803853297,1.44331624313923e-05
10.899999999999398,6.799968839136358e-05,3.725850598633719e-12,0.2605554085956525,-3.769867350088869e-10,0.00015841033846245568,-0.00010157692706844674,43.271067683072886,4,True,-3.842313438169451e-07,-1.5442246967829876,1.4219745510379931e-05,-3.842609084516414e-07,-1.5442246966474038,1.4219745501178104e-05
10.909999999999393,6.699220970019441e-05,3.7258114847330016e-12,0.2605554080255141,-3.769803211846465e-10,0.00015606779299477024,-0.00010007291050562481,43.27106765413697,4,True,-3.785439793188049e-07,-1.5442246142811857,1.4009477260463023e-05,-3.785735468419767e-07,-1.544224614145597,1.400947725596067e-05
10.919999999999387,6.599964855704177e-05,3.725770011660271e-12,0.2605554074638042,-3.769733403415958e-10,0.00015375981381706368,-9.859113843924645e-05,43.27106762562087,4,True,-3.729406754645118e-07,-1.5442245329973672,1.3802311426312236e-05,-3.7297024538211025e-07,-1.5442245328617707,1.3802311434091462e-05
10.929999999999382,6.502178432675651e-05,3.725731307194221e-12,0.2605554069103985,-3.7696697763380517e-10,0.0001514858928833622,-9.713128254130684e-05,43.27106759752729,4,True,-3.674201984390578e-07,-1.5442244529134954,1.3598202424344404e-05,-3.674497655597924e-07,-1.5442244527779492,1.3598202423064951e-05
10.939999999999376,6.405839963086731e-05,3.7256932329647225e-12,0.26055540636517455,-3.769607055430357e-10,0.00014924552956131727,-9.569301931069065e-05,43.27106756983786,4,True,-3.619813215540329e-07,-1.5442243740120596,1.3397105324628922e-05,-3.620108863882715e-07,-1.5442243738764765,1.3397105320598618e-05
10.94999999999937,6.310928029967882e-05,3.725649789176284e-12,0.2605554058280116,-3.769531785370064e-10,0.0001470382305246391,-9.42760300046605e-05,43.27106754255695,4,True,-3.5662283818441373e-07,-1.5442242962756458,1.319897583771128e-05,-3.5665240886632217e-07,-1.5442242961400572,1.3198975837538086e-05
10.959999999999365,6.217421532508482e-05,3.725603271921215e-12,0.2605554052987908,-3.769449919999515e-10,0.00014486350964779926,-9.288000056905001e-05,43.27106751567366,4,True,-3.51343571108877e-07,-1.5442242196869849,1.3003770364754251e-05,-3.513731459094018e-07,-1.5442242195513725,1.3003770372021001e-05
10.96999999999936,6.125299681406006e-05,3.725561763951626e-12,0.2605554047773947,-3.769379396790713e-10,0.0001427208879033615,-9.150462156814568e-05,43.271067489184134,4,True,-3.4614235266607744e-07,-1.5442241442293425,1.2811445899017e-05,-3.4617192358349323e-07,-1.5442241440937923,1.2811445893684128e-05
10.979999999999354,6.034541994283804e-05,3.725520211579169e-12,0.26055540426370816,-3.7693083502672006e-10,0.00014060989325963836,-9.014958811954271e-05,43.27106746308188,4,True,-3.410180260846591e-07,-1.544224069886017,1.2621960079836114e-05,-3.410475954567903e-07,-1.5442240697504253,1.2621960075374398e-05
10.989999999999348,5.945128291175392e-05,3.725478347744673e-12,0.26055540375761727,-3.7692362124537684e-10,0.00013853006057791886,-8.881459982619305e-05,43.271067437362916,4,True,-3.359694564473868e-07,-1.5442239966405527,1.2435271176120139e-05,-3.3599903115510393e-07,-1.544223996504982,1.2435271177315899e-05
10.999999999999343,5.857038690074925e-05,3.725439820391114e-12,0.2605554032590101,-3.7691716949184727e-10,0.00013648093151510046,-8.749936071109798e-05,43.27106741201598,4,True,-3.3099553105462344e-07,-1.5442239244768645,1.2251338063370892e-05,-3.3102510231468776e-07,-1.5442239243412328,1.225133805932614e-05
11.009999999999337,5.7702536025525186e-05,3.725405626773471e-12,0.260555402767776,-3.7691163104082205e-10,0.00013446205442398888,-8.62035791526458e-05,43.271067387043296,4,True,-3.2609515195693645e-07,-1.5442238533789538,1.207012018468051e-05,-3.2612471684544616e-07,-1.5442238532433783,1.2070120178559322e-05
11.019999999999332,5.684753729434645e-05,3.7253675232599085e-12,0.2605554022838063,-3.76905137961274e-10,0.00013247298425957002,-8.492696782065675e-05,43.27106736243732,4,True,-3.212672211685065e-07,-1.5442237833311871,1.1891577606515364e-05,-3.212967919227736e-07,-1.5442237831956407,1.1891577606868963e-05
11.029999999999326,5.600520056546612e-05,3.7253297799576974e-12,0.2605554018069937,-3.7689873009556215e-10,0.00013051328247960434,-8.366924361450836e-05,43.27106733818834,4,True,-3.1651068213684067e-07,-1.5442237143181161,1.1715670988004368e-05,-3.1654025245325947e-07,-1.544223714182561,1.1715670987035511e-05
11.03999999999932,5.5175338505172805e-05,3.7252943057275365e-12,0.2605554013372327,-3.7689280931459213e-10,0.00012858251695434798,-8.243012760054493e-05,43.27106731429532,4,True,-3.1182447358794883e-07,-1.5442236463244425,1.1542361540774436e-05,-3.118540455904748e-07,-1.5442236461889016,1.1542361538158195e-05
11.049999999999315,5.435776654646097e-05,3.725262672444132e-12,0.260555400874419,-3.76887755694902e-10,0.00012668026187116283,-8.12093449508994e-05,43.271067290754,4,True,-3.072075672795356e-07,-1.544223579335248,1.1371611046354388e-05,-3.072371382389422e-07,-1.544223579199648,1.1371611051953743e-05
11.05999999999931,5.355230284829855e-05,3.725234473087273e-12,0.26055540041845016,-3.7688339905626477e-10,0.00012480609764563524,-8.000662488409384e-05,43.27106726755465,4,True,-3.0265893409315847e-07,-1.5442235133356204,1.1203381862522296e-05,-3.026884991776953e-07,-1.5442235132000406,1.120338186220579e-05
11.069999999999304,5.27587682554938e-05,3.725206447429059e-12,0.26055539996922517,-3.768790227142121e-10,0.00012295961082986557,-7.882170060519328e-05,43.27106724469644,4,True,-2.9817756860934704e-07,-1.5442234483110782,1.1037636869184339e-05,-2.9820713137537175e-07,-1.5442234481755206,1.103763686069135e-05
11.079999999999298,5.197698625915036e-05,3.725176069296858e-12,0.2605553995266445,-3.7687406286688796e-10,0.00012114039402424487,-7.765430924792971e-05,43.271067222172654,4,True,-2.937624711341468e-07,-1.5442233842471988,1.0874339513862484e-05,-2.937920338339132e-07,-1.5442233841116673,1.087433950791514e-05
11.089999999999293,5.120678295769453e-05,3.725142291333447e-12,0.26055539909061004,-3.768683291508753e-10,0.00011934804578918041,-7.650419181720808e-05,43.27106719997919,4,True,-2.8941267403178603e-07,-1.5442233211298708,1.0713453762909534e-05,-2.8944223860526046e-07,-1.5442233209942915,1.0713453765123177e-05
11.099999999999287,5.044798701848163e-05,3.725111896949181e-12,0.2605553986610251,-3.768633343093337e-10,0.00011758217056180756,-7.5371093131595e-05,43.27106717810972,4,True,-2.851272105966487e-07,-1.5442232589451075,1.055494412347842e-05,-2.851567689627455e-07,-1.5442232588095839,1.0554944117581512e-05
11.109999999999282,4.9700429639964626e-05,3.7250788754206745e-12,0.26055539823779444,-3.768576672523171e-10,0.00011584237856647832,-7.425476176823815e-05,43.27106715656182,4,True,-2.80905122412688e-07,-1.5442231976792546,1.0398775615192296e-05,-2.809346855710414e-07,-1.5442231975437255,1.0398775609706416e-05
11.119999999999276,4.896394451440503e-05,3.725039495562401e-12,0.2605553978208244,-3.7685056271173504e-10,0.00011412828573550103,-7.31549500086156e-05,43.27106713533101,4,True,-2.76745486311966e-07,-1.5442231373186326,1.0244913759681085e-05,-2.767750532676376e-07,-1.5442231371831114,1.024491376694257e-05
11.12999999999927,4.8238367791146315e-05,3.7250018870416865e-12,0.2605553974100223,-3.7684388069651423e-10,0.00011243951362191895,-7.207141378163853e-05,43.27106711440882,4,True,-2.72647375192004e-07,-1.5442230778500279,1.0093324609570953e-05,-2.726769397305722e-07,-1.544223077714502,1.0093324613318904e-05
11.139999999999265,4.752353804041452e-05,3.72496525931561e-12,0.26055539700529723,-3.7683742155190084e-10,0.00011077568932172941,-7.10039126128515e-05,43.271067093797114,4,True,-2.686098811870411e-07,-1.5442230192602813,9.943974686033479e-06,-2.6863944720352254e-07,-1.5442230191247506,9.943974687372543e-06
11.14999999999926,4.681929621765362e-05,3.724930295327857e-12,0.2605553966065594,-3.768313235245414e-10,0.00010913644539305008,-6.995220957067422e-05,43.271067073482484,4,True,-2.6463211072975095e-07,-1.5442229615363734,9.79683101898858e-06,-2.646616743415787e-07,-1.544222961400843,9.79683101648452e-06
11.159999999999254,4.612548562837972e-05,3.7248940232676736e-12,0.26055539621372037,-3.7682488247892973e-10,0.0001075214197737402,-6.891607121449244e-05,43.27106705346853,4,True,-2.6071317857229373e-07,-1.544222904665558,9.651861114380885e-06,-2.6074274553078086e-07,-1.5442229045300389,9.651861112533946e-06
11.169999999999249,4.5441951893554316e-05,3.7248547483606085e-12,0.2605553958266929,-3.768177624652067e-10,0.00010593025570856374,-6.789526754330602e-05,43.2710670337493,4,True,-2.568522192113793e-07,-1.54422284863539,9.509032939525565e-06,-2.5688178924876515e-07,-1.5442228484998288,9.509032945958929e-06
11.179999999999243,4.4768542915467306e-05,3.724820517109021e-12,0.26055539544539136,-3.7681179928822377e-10,0.00010436260166902375,-6.688957194563e-05,43.27106701431728,4,True,-2.5304837369503975e-07,-1.5442227934332813,9.368314967001457e-06,-2.5307794404514166e-07,-1.5442227932977155,9.368314973028896e-06
11.189999999999237,4.410510884411169e-05,3.724794300859074e-12,0.2605553950697311,-3.7680760885966925e-10,0.00010281811127543807,-6.589876114995587e-05,43.27106699517198,4,True,-2.493008069922535e-07,-1.5442227390471084,9.229676106558898e-06,-2.493303701546617e-07,-1.5442227389115877,9.22967610472951e-06
11.199999999999232,4.345150204405881e-05,3.724768204639398e-12,0.2605553946996288,-3.76803398072322e-10,0.00010129644322791921,-6.492261517494889e-05,43.271066976303956,4,True,-2.456086798461594e-07,-1.544222685464864,9.093085721068359e-06,-2.4563824303484424e-07,-1.5442226853292946,9.093085717273627e-06
11.209999999999226,4.2807577061817065e-05,3.72474765439319e-12,0.26055539433500247,-3.7680040526949077e-10,9.979726122743165e-05,-6.396091728288529e-05,43.27106695771698,4,True,-2.419711749357498e-07,-1.5442226326745971,8.958513636826303e-06,-2.420007330261603e-07,-1.5442226325390755,8.958513633344547e-06
11.21999999999922,4.217319059366756e-05,3.724725192904504e-12,0.260555393975771,-3.767968846151326e-10,9.832023390556504e-05,-6.301345392897327e-05,43.27106693940216,4,True,-2.3838748581381874e-07,-1.5442225806648255,8.825930091635868e-06,-2.3841704202827484e-07,-1.5442225805293106,8.825930091278109e-06
11.229999999999215,4.1548201453980473e-05,3.724699022324625e-12,0.26055539362185487,-3.7679246859328444e-10,9.686503475423183e-05,-6.208001471807732e-05,43.27106692135514,4,True,-2.348568156757967e-07,-1.5442225294238812,8.695305802777903e-06,-2.3488637603679248e-07,-1.544222529288385,8.695305802617858e-06
11.23999999999921,4.093247054398085e-05,3.724670915867205e-12,0.26055539327317545,-3.7678764845307653e-10,9.54313420500204e-05,-6.11603923568215e-05,43.27106690357296,4,True,-2.313783772651831e-07,-1.544222478940458,8.566611910740606e-06,-2.314079460358337e-07,-1.5442224788048993,8.56661191476098e-06
11.249999999999204,4.032586082097898e-05,3.724651034191087e-12,0.2605553929296554,-3.767846757571419e-10,9.401883878895497e-05,-6.025438260769586e-05,43.271066886051806,4,True,-2.279514223036923e-07,-1.5442224292033901,8.439819930674156e-06,-2.2798097840520334e-07,-1.5442224290678699,8.439819922073885e-06
11.259999999999199,3.9728237268067135e-05,3.724628402421241e-12,0.26055539259121846,-3.767810229359423e-10,9.262721262163272e-05,-5.936178424420472e-05,43.271066868791195,4,True,-2.245751670480529e-07,-1.5442223802017239,8.31490183745418e-06,-2.2460472487803546e-07,-1.5442223800661903,8.314901834302605e-06
11.269999999999193,3.913946686424011e-05,3.7246047421983645e-12,0.2605553922577896,-3.767771221540745e-10,9.125615577975321e-05,-5.848239900780103e-05,43.27106685178359,4,True,-2.212488661170437e-07,-1.5442223319245538,8.191830015733234e-06,-2.2127842654125608e-07,-1.5442223317890567,8.191830014723852e-06
11.279999999999188,3.8559418554962595e-05,3.724581610325399e-12,0.2605553919292949,-3.7677336212648506e-10,8.990536500804305e-05,-5.761603156383275e-05,43.27106683502123,4,True,-2.179717839201101e-07,-1.544222284361171,8.070577264754013e-06,-2.1800134358090017e-07,-1.5442222842256332,8.070577262663542e-06
11.289999999999182,3.79879632231666e-05,3.724555543550612e-12,0.26055539160566127,-3.7676889886023594e-10,8.857454149931518e-05,-5.6762489458277846e-05,43.2710668185063,4,True,-2.147431947962251e-07,-1.544222237501022,7.951116753576705e-06,-2.1477275902146396e-07,-1.5442222373655075,7.951116755512897e-06
11.299999999999176,3.742497366067791e-05,3.7245320634676895e-12,0.26055539128681704,-3.7676504234642717e-10,8.726339083522068e-05,-5.592158307524497e-05,43.271066802235815,4,True,-2.115623849884729e-07,-1.54422219133385,7.833422036613557e-06,-2.115919471517964e-07,-1.5442221911982923,7.83342203668551e-06
11.309999999999171,3.687032454006926e-05,3.724512235079223e-12,0.26055539097269137,-3.7676196345947963e-10,8.597162291950361e-05,-5.5093125595480565e-05,43.271066786202965,4,True,-2.0842864717857398e-07,-1.5442221458493364,7.71746711132298e-06,-2.084582040853296e-07,-1.5442221457138232,7.717467103989827e-06
11.319999999999165,3.6323892386909164e-05,3.724490420405664e-12,0.2605553906632145,-3.767583814283575e-10,8.469895191335769e-05,-5.4276932956358015e-05,43.27106677040439,4,True,-2.0534127724114966e-07,-1.5442221010374357,7.603226303844413e-06,-2.0537083867142882e-07,-1.5442221009019121,7.603226307678219e-06
11.32999999999916,3.578555555242938e-05,3.724469053028283e-12,0.2605553903583177,-3.767548830537921e-10,8.344509617235915e-05,-5.347282380959701e-05,43.27106675484101,4,True,-2.0229960287826212e-07,-1.5442220568882583,7.4906743487936206e-06,-2.02329158624896e-07,-1.544222056752734,7.490674349497342e-06
11.339999999999154,3.525519418659463e-05,3.724451749453805e-12,0.2605553900579334,-3.7675225574015354e-10,8.220977818955625e-05,-5.268061948297306e-05,43.27106673950625,4,True,-1.9930294172502594e-07,-1.5442220133919577,7.379786328577238e-06,-1.9933249417526509e-07,-1.544222013256436,7.379786322925336e-06
11.349999999999149,3.473269021156534e-05,3.724429678093041e-12,0.2605553897619948,-3.767485146018765e-10,8.099272453449628e-05,-5.1900143939636815e-05,43.27106672439656,4,True,-1.963506284306126e-07,-1.544221970538926,7.270537705238906e-06,-1.9638018524909299e-07,-1.5442219704034492,7.270537705981022e-06
11.359999999999143,3.4217927295551205e-05,3.724408438754553e-12,0.2605553894704363,-3.767449669341776e-10,7.979366579221293e-05,-5.113122374041538e-05,43.27106670950861,4,True,-1.934420093194865e-07,-1.544221928319708,7.162904306464689e-06,-1.9347156444534264e-07,-1.544221928184197,7.162904304013531e-06
11.369999999999138,3.3710790827045716e-05,3.724384776602621e-12,0.2605553891831931,-3.7674083991167547e-10,7.861233650387487e-05,-5.03736880054329e-05,43.27106669483764,4,True,-1.905764348802861e-07,-1.5442218867248938,7.05686229971303e-06,-1.906059921433673e-07,-1.544221886589422,7.056862299427834e-06
11.379999999999132,3.321116788944175e-05,3.724363006384156e-12,0.26055538890020136,-3.7673716509696916e-10,7.744847510805039e-05,-4.962736837635552e-05,43.27106668038333,4,True,-1.8775327572209756e-07,-1.5442218457453274,6.952388209592616e-06,-1.877828309118835e-07,-1.5442218456098085,6.952388207912455e-06
11.389999999999127,3.2718947236023445e-05,3.724340467521147e-12,0.2605553886213983,-3.767332831439667e-10,7.630182388997975e-05,-4.8892098978891935e-05,43.27106666614251,4,True,-1.849719034950521e-07,-1.5442218053718568,6.849458903173889e-06,-1.850014590644528e-07,-1.5442218052363352,6.849458903852989e-06
11.399999999999121,3.223401926532277e-05,3.724319410417734e-12,0.26055538834672193,-3.767297222477829e-10,7.517212892112359e-05,-4.816771638722993e-05,43.27106665211278,4,True,-1.8223170044123393e-07,-1.5442217655955854,6.748051605383043e-06,-1.822612540158568e-07,-1.544221765460066,6.748051603712172e-06
11.409999999999116,3.1756275996835757e-05,3.724295842696013e-12,0.26055538807611134,-3.7672557088750603e-10,7.405914000560637e-05,-4.745405958679034e-05,43.27106663828641,4,True,-1.795320514712817e-07,-1.544221726407693,6.648143831807194e-06,-1.7956160775550197e-07,-1.5442217262721927,6.648143831242768e-06
11.41999999999911,3.128561104710275e-05,3.724272346419586e-12,0.26055538780950643,-3.7672144223702257e-10,7.296261062342029e-05,-4.675096994011566e-05,43.271066624664144,4,True,-1.7687236020855198e-07,-1.544221687799467,6.549713481672731e-06,-1.769019220839639e-07,-1.544221687663985,6.549713486065498e-06
11.429999999999104,3.082191960612803e-05,3.72425166627993e-12,0.260555387546848,-3.767179593093052e-10,7.188229787510743e-05,-4.605829115185653e-05,43.27106661124198,4,True,-1.7425204302259554e-07,-1.5442216497623047,6.4527387608695344e-06,-1.742816005515714e-07,-1.5442216496268089,6.4527387590243985e-06
11.439999999999099,3.0365098414158626e-05,3.724232859128833e-12,0.2605553872880776,-3.7671487543038123e-10,7.081796243318374e-05,-4.537586923255279e-05,43.2710665980163,4,True,-1.7167051196843561e-07,-1.5442216122878958,6.357198160220553e-06,-1.7170006579840757e-07,-1.5442216121523786,6.357198152902974e-06
11.449999999999093,2.9915045738803808e-05,3.72421138923143e-12,0.26055538703313774,-3.7671117253715534e-10,6.97693684908827e-05,-4.4703552466296366e-05,43.27106658499012,4,True,-1.6912719370674713e-07,-1.5442215753678865,6.263070523408891e-06,-1.6915675347901012e-07,-1.5442215752323525,6.263070529118235e-06
11.459999999999088,2.94716613524843e-05,3.724192038944954e-12,0.2605553867819718,-3.767079186011875e-10,6.873628370888366e-05,-4.404119137720686e-05,43.27106657215465,4,True,-1.6662152449135544e-07,-1.5442215389940623,6.170335008285375e-06,-1.6665108591205042e-07,-1.5442215388585512,6.1703350089442545e-06
11.469999999999082,2.903484651021619e-05,3.7241734584318145e-12,0.2605553865345241,-3.767048131213934e-10,6.771847916408756e-05,-4.338863869619912e-05,43.27106655950349,4,True,-1.6415294816825396e-07,-1.5442215031583844,6.078971070024215e-06,-1.6418250846883173e-07,-1.544221503022874,6.078971070966102e-06
11.479999999999077,2.8604503927720223e-05,3.724157509933995e-12,0.2605553862907394,-3.7670230956685985e-10,6.671572929971087e-05,-4.274574932847153e-05,43.27106654704389,4,True,-1.6172091950218886e-07,-1.5442214678528778,5.988958460875453e-06,-1.6175047382295204e-07,-1.5442214677173676,5.9889584574460706e-06
11.489999999999071,2.8180537759856486e-05,3.724140926599987e-12,0.2605553860505639,-3.766996159769316e-10,6.57278118758056e-05,-4.211238032160829e-05,43.271066534762,4,True,-1.5932488561846702e-07,-1.5442214330696693,5.9002772176467375e-06,-1.5935444331222466e-07,-1.5442214329341641,5.90027722143783e-06
11.499999999999066,2.7762853579375062e-05,3.724125143748375e-12,0.2605553858139441,-3.766970892160405e-10,6.475450791785189e-05,-4.1488390833869005e-05,43.27106652266161,4,True,-1.5696432625975286e-07,-1.544221398801086,5.812907718338243e-06,-1.5699388337060276e-07,-1.5442213986656066,5.812907717463712e-06
11.50999999999906,2.7351358355976457e-05,3.72411090976669e-12,0.26055538558082736,-3.7669490271697076e-10,6.379560167524814e-05,-4.087364210344642e-05,43.27106651074093,4,True,-1.5463871555460947e-07,-1.544221365039582,5.726830575582997e-06,-1.546682716710249e-07,-1.5442213649040812,5.726830574611183e-06
11.519999999999055,2.694596043568514e-05,3.724101519897586e-12,0.26055538535116196,-3.766937790540296e-10,6.285088057332492e-05,-4.0267997417680837e-05,43.27106649899781,4,True,-1.5234753740659392e-07,-1.544221331777611,5.642026698041809e-06,-1.5237708803528108e-07,-1.5442213316421123,5.642026692468424e-06
11.529999999999049,2.6546569520528437e-05,3.724090143368604e-12,0.2605553851248966,-3.76692158268914e-10,6.192013516563426e-05,-3.967132208214281e-05,43.271066487424775,4,True,-1.500902784477563e-07,-1.54422129900788,5.558477306569862e-06,-1.501198299428472e-07,-1.544221298872382,5.558477304070606e-06
11.539999999999043,2.615309664850536e-05,3.724073116026629e-12,0.26055538490198143,-3.766892485398196e-10,6.100315908675046e-05,-3.908348339276091e-05,43.27106647602508,4,True,-1.4786643509136894e-07,-1.5442212667229593,5.476163896494392e-06,-1.4789599110570842e-07,-1.544221266587502,5.476163894310598e-06
11.549999999999038,2.5765454173849996e-05,3.724052104440541e-12,0.2605553846823665,-3.766854537031153e-10,6.0099749008041064e-05,-3.8504350605581354e-05,43.27106646479238,4,True,-1.456755159364996e-07,-1.544221234915816,5.395068170724587e-06,-1.457050814724957e-07,-1.5442212347803235,5.395068179527845e-06
11.559999999999032,2.538355574760369e-05,3.724031118841162e-12,0.26055538446600324,-3.7668169770597536e-10,5.920970459362264e-05,-3.7933794905974036e-05,43.27106645372474,4,True,-1.4351703895588672e-07,-1.5442212035793836,5.315172184256452e-06,-1.4354660309374566e-07,-1.5442212034438825,5.3151721865513524e-06
11.569999999999027,2.5007316298452734e-05,3.72401527083709e-12,0.2605553842528434,-3.7667910975348353e-10,5.8332828455997356e-05,-3.73716893840675e-05,43.27106644281784,4,True,-1.4139052298624142e-07,-1.5442211727066582,5.236458224669277e-06,-1.4142007859118955e-07,-1.5442211725711688,5.236458221484006e-06
11.579999999999021,2.4636652013850587e-05,3.723995956442668e-12,0.26055538404283984,-3.7667567502639177e-10,5.746892611131888e-05,-3.6817909004041184e-05,43.271066432070185,4,True,-1.392954852515521e-07,-1.5442211422907095,5.158908816555232e-06,-1.39325044294784e-07,-1.544221142155257,5.158908817175372e-06
11.589999999999016,2.427148032143291e-05,3.7239755888196034e-12,0.2605553838359456,-3.766720312048469e-10,5.6617805937880814e-05,-3.627233057673473e-05,43.27106642148605,4,True,-1.3723147250917447e-07,-1.544221112324964,5.082506761309131e-06,-1.3726103138368502e-07,-1.5442211121894696,5.082506763510024e-06
11.59999999999901,2.3911719870693185e-05,3.723958543674417e-12,0.2605553836321148,-3.7666913399970654e-10,5.5779279138794316e-05,-3.5734832732884425e-05,43.27106641105614,4,True,-1.3519802376325826e-07,-1.5442210828026834,5.007235116803259e-06,-1.352275799704409e-07,-1.544221082667228,5.007235118412073e-06
11.609999999999005,2.3557290514934126e-05,3.723941588284267e-12,0.26055538343130213,-3.766662308077714e-10,5.495315969752118e-05,-3.5205295896375184e-05,43.27106640078003,4,True,-1.331946834808287e-07,-1.5442210537173284,4.9330771868218366e-06,-1.3322424020315135e-07,-1.544221053581856,4.9330771877837e-06
11.619999999999,2.3208113293481617e-05,3.723926058681326e-12,0.260555383233463,-3.7666363033537667e-10,5.413926433542256e-05,-3.468360225780172e-05,43.27106639065504,4,True,-1.3122100495844594e-07,-1.5442210250624209,4.860016537390924e-06,-1.3125055930078135e-07,-1.5442210249269561,4.860016538445409e-06
11.629999999998994,2.2864110414156452e-05,3.723909519493935e-12,0.2605553830385533,-3.766607870517706e-10,5.3337412473112985e-05,-3.416963574873461e-05,43.271066380682285,4,True,-1.2927655108531492e-07,-1.544220996831653,4.788036928295659e-06,-1.2930611129130875e-07,-1.5442209966961344,4.788036935408097e-06
11.639999999998988,2.2525205236017653e-05,3.7238976610693695e-12,0.26055538284652985,-3.7665898462565186e-10,5.254742619109533e-05,-3.3663282014879005e-05,43.27106637084934,4,True,-1.2736089572642825e-07,-1.5442209690186959,4.717122424941562e-06,-1.2739044642853962e-07,-1.5442209688832134,4.717122415310855e-06
11.649999999998983,2.2191322252343972e-05,3.723879428112011e-12,0.26055538265734995,-3.7665570404780015e-10,5.176913018999904e-05,-3.3164428392963054e-05,43.27106636116555,4,True,-1.2547360087062195e-07,-1.544220941617342,4.6472572624061495e-06,-1.255031575863657e-07,-1.5442209414818364,4.647257266724117e-06
11.659999999998977,2.186238707388032e-05,3.723864068776325e-12,0.2605553824709715,-3.766531005765443e-10,5.1002351752369356e-05,-3.267296388295544e-05,43.27106635162545,4,True,-1.2361425638410714e-07,-1.54422091462164,4.578425958645552e-06,-1.2364381245519656e-07,-1.54422091448611,4.578425959309785e-06
11.669999999998971,2.1538326412320956e-05,3.723849762836729e-12,0.260555382287353,-3.766506918671007e-10,5.0246920706095585e-05,-3.218877912649413e-05,43.27106634222599,4,True,-1.2178244783846895e-07,-1.5442208880254171,4.5106132340774984e-06,-1.218120002364974e-07,-1.5442208878899766,4.510613232652601e-06
11.679999999998966,2.12190680640439e-05,3.723830843923488e-12,0.2605553821064536,-3.766472234392466e-10,4.9502669384849756e-05,-3.171176638007472e-05,43.27106633296282,4,True,-1.1997775397679492e-07,-1.5442208618229247,4.4438040346847615e-06,-1.20007311852718e-07,-1.5442208616876134,4.443804038284409e-06
11.68999999999896,2.0904540894073558e-05,3.7238141569914946e-12,0.26055538192823324,-3.766443055936291e-10,4.876943258857112e-05,-3.1241819494233826e-05,43.27106632383008,4,True,-1.1819979802289151e-07,-1.5442208360082375,4.377983546285483e-06,-1.1822935421619296e-07,-1.5442208358727516,4.377983552209609e-06
11.699999999998955,2.0594674820294455e-05,3.723800578145399e-12,0.26055538175265197,-3.7664207635193396e-10,4.804704755631492e-05,-3.07788338863192e-05,43.27106631484444,4,True,-1.1644817734140229e-07,-1.5442208105757358,4.313137135111344e-06,-1.164777249344068e-07,-1.5442208104402542,4.313137128154139e-06
11.70999999999895,2.0289400797894515e-05,3.723787175238899e-12,0.2605553815796709,-3.766398016791037e-10,4.733535393056089e-05,-3.0322706519558243e-05,43.27106630598786,4,True,-1.147224912470537e-07,-1.544220785519782,4.249250411409008e-06,-1.1475203961958306e-07,-1.544220785384362,4.249250408113142e-06
11.719999999998944,1.998865080402586e-05,3.72376862197871e-12,0.2605553814092517,-3.76636394265601e-10,4.6634193710680405e-05,-2.987333588225956e-05,43.27106629725856,4,True,-1.1302235219923731e-07,-1.5442207608346208,4.18630924080266e-06,-1.1305190999405149e-07,-1.544220760699119,4.186309242930095e-06
11.729999999998938,1.9692357822692687e-05,3.723756178127104e-12,0.26055538124135635,-3.766343942922764e-10,4.5943411223519745e-05,-2.9430621961178114e-05,43.27106628865762,4,True,-1.1134740144941252e-07,-1.5442207365149114,4.1242995906726535e-06,-1.113769560161583e-07,-1.544220736379412,4.124299593299621e-06
11.739999999998933,1.9400455829882843e-05,3.7237458493527604e-12,0.26055538107594745,-3.76632830286926e-10,4.526285309347615e-05,-2.899446622194513e-05,43.27106628018736,4,True,-1.0969725750125569e-07,-1.5442207125552188,4.063207717976386e-06,-1.0972680768589303e-07,-1.544220712419737,4.063207715645565e-06
11.749999999998927,1.9112879778900663e-05,3.723737152524342e-12,0.2605553809129882,-3.7663156638311445e-10,4.459236820592273e-05,-2.856477158654827e-05,43.271066271842386,4,True,-1.0807155186363037e-07,-1.5442206889502659,4.003020057197687e-06,-1.0810110008745887e-07,-1.5442206888147945,4.003020056054076e-06
11.759999999998922,1.8829565585917936e-05,3.723727389020558e-12,0.2605553807524425,-3.7663003862059185e-10,4.393180767355854e-05,-2.8141442412166418e-05,43.271066263615786,4,True,-1.0646992203496026e-07,-1.54422066569477,3.9437232551177674e-06,-1.0649946862941839e-07,-1.544220665559269,3.943723252661916e-06
11.769999999998916,1.8550450115736415e-05,3.723725855339906e-12,0.2605553805942746,-3.7663034581059084e-10,4.328102480268624e-05,-2.7724384470719226e-05,43.27106625551409,4,True,-1.0489202070910001e-07,-1.5442206427834515,3.885304141361646e-06,-1.0492155661424756e-07,-1.5442206426479221,3.885304126254068e-06
11.77999999999891,1.8275471167771083e-05,3.723713790611396e-12,0.2605553804384492,-3.766281703459471e-10,4.2639875063671646e-05,-2.7313504925514226e-05,43.27106624752949,4,True,-1.0333747332435045e-07,-1.5442206202113953,3.8277497217453865e-06,-1.03367020026613e-07,-1.544220620075978,3.8277497265083764e-06
11.789999999998905,1.8004567462225314e-05,3.723696925775521e-12,0.2605553802849318,-3.7662495521809675e-10,4.2008216057359905e-05,-2.690871231397774e-05,43.27106623966432,4,True,-1.0180595980176948e-07,-1.5442205979735282,3.7710472369569797e-06,-1.0183550779535282e-07,-1.5442205978380488,3.7710472373433928e-06
11.7999999999989,1.7737678626484214e-05,3.723676030478946e-12,0.26055538013368806,-3.7662086867890874e-10,4.138590748494614e-05,-2.6509916524722984e-05,43.271066231914425,4,True,-1.0029712396242942e-07,-1.5442205760649037,3.715184093217815e-06,-1.0032668170196114e-07,-1.5442205759294172,3.715184102141004e-06
11.809999999998894,1.7474745181698234e-05,3.723662370193055e-12,0.26055537998468453,-3.766184611083565e-10,4.077281111643769e-05,-2.611702877883191e-05,43.27106622427972,4,True,-9.881064488348713e-08,-1.5442205544806724,3.6601478628271417e-06,-9.884019549466655e-08,-1.544220554345163,3.6601478628666745e-06
11.819999999998888,1.7215708529573297e-05,3.72365032159515e-12,0.2605553798378879,-3.7661638406092854e-10,4.01687907597804e-05,-2.572996161026026e-05,43.27106621675478,4,True,-9.73461787064505e-08,-1.5442205332159336,3.6059263444325432e-06,-9.737573001381096e-08,-1.5442205330804673,3.6059263442730215e-06
11.829999999998883,1.6960510939342996e-05,3.723638999980086e-12,0.26055537969326553,-3.7661448250036863e-10,3.957371223229447e-05,-2.5348628846575204e-05,43.2710662093441,4,True,-9.590340510234222e-08,-1.5442205122661343,3.5525074878266673e-06,-9.593295587484754e-08,-1.5442205121306292,3.5525074883710927e-06
11.839999999998877,1.6709095534944954e-05,3.723629050338699e-12,0.26055537955078534,-3.7661286902131864e-10,3.8987443328362076e-05,-2.4972945589237158e-05,43.271066202038874,4,True,-9.448199533892228e-08,-1.5442204916264197,3.4998794245694065e-06,-9.451154978514798e-08,-1.5442204914909088,3.499879432605625e-06
11.849999999998872,1.6461406282381175e-05,3.7236257663841065e-12,0.2605553794104155,-3.7661273914638286e-10,3.8409853792650956e-05,-2.4602828194770114e-05,43.27106619484658,4,True,-9.308165367435763e-08,-1.5442204712923824,3.448030466778872e-06,-9.311119955254056e-08,-1.544220471156924,3.4480304581946943e-06
11.859999999998866,1.6217387977268538e-05,3.723620120195487e-12,0.26055537927212485,-3.7661203030900304e-10,3.784081529573001e-05,-2.4238194257245256e-05,43.27106618775666,4,True,-9.170204359928463e-08,-1.5442204512594129,3.396949075426184e-06,-9.173159237318902e-08,-1.5442204511239603,3.3969490734224785e-06
11.86999999999886,1.5976986232569692e-05,3.723612712259301e-12,0.2605553791358826,-3.7661091986078506e-10,3.7280201395643884e-05,-2.3878962588699556e-05,43.27106618077427,4,True,-9.034286798905422e-08,-1.544220431523132,3.3466239276498292e-06,-9.037242016666691e-08,-1.5442204313876389,3.3466239253791677e-06
11.879999999998855,1.5740147466505236e-05,3.723605364573909e-12,0.2605553790016584,-3.766098253891645e-10,3.6727887517819764e-05,-2.3525053202584037e-05,43.271066173890574,4,True,-8.900383056629633e-08,-1.544220412079028,3.2970438353687755e-06,-8.903338244743818e-08,-1.5442204119435259,3.2970438331712705e-06
11.88999999999885,1.5506818890641725e-05,3.723599412064789e-12,0.26055537886942237,-3.76609032539448e-10,3.618375092677608e-05,-2.3176387294582414e-05,43.271066167115265,4,True,-8.768462960911175e-08,-1.5442203929228462,3.2481977645019865e-06,-8.7714177049367e-08,-1.544220392787424,3.248197760377973e-06
11.899999999998844,1.5276948498165095e-05,3.723592499550688e-12,0.26055537873914497,-3.7660801410029256e-10,3.5647670701089827e-05,-2.283288722593423e-05,43.27106616043841,4,True,-8.638496977022893e-08,-1.5442203740504619,3.2000748669913993e-06,-8.641451736763082e-08,-1.5442203739150104,3.2000748617622804e-06
11.909999999998838,1.5050485052317903e-05,3.723582411280914e-12,0.2605553786107975,-3.766062762342854e-10,3.5119527700579916e-05,-2.249447650686501e-05,43.27106615385847,4,True,-8.510455366763334e-08,-1.5442203554574079,3.152664478211561e-06,-8.513410671407102e-08,-1.5442203553219451,3.152664478580774e-06
11.919999999998833,1.4827378075002961e-05,3.72357111103192e-12,0.2605553784843513,-3.766042911198367e-10,3.459920453959359e-05,-2.2161079778762915e-05,43.271066147371,4,True,-8.38431110812875e-08,-1.5442203371396708,3.105956040363177e-06,-8.387266444970782e-08,-1.544220337004169,3.10595604515448e-06
11.929999999998827,1.4607577835569054e-05,3.723564050986681e-12,0.26055537835977816,-3.7660324420208385e-10,3.4086585568290585e-05,-2.1832622796737376e-05,43.27106614098423,4,True,-8.260035763101954e-08,-1.5442203190932111,3.059939159857477e-06,-8.262990517646104e-08,-1.544220318957741,3.0599391600074254e-06
11.939999999998822,1.4391035339758397e-05,3.723560098118694e-12,0.2605553782370504,-3.76602871614213e-10,3.358155684578469e-05,-2.1509032414444183e-05,43.27106613469372,4,True,-8.137601872729037e-08,-1.5442203013140883,3.0146036181688515e-06,-8.14055577139476e-08,-1.5442203011786195,3.0146036056261028e-06
11.949999999998816,1.4177702318811738e-05,3.72355015270948e-12,0.2605553781161407,-3.766010638727358e-10,3.308400611101212e-05,-2.119023656852565e-05,43.27106612849066,4,True,-8.01698012323791e-08,-1.544220283798112,2.969939359684693e-06,-8.019934887281195e-08,-1.5442202836626728,2.9699393605780163e-06
11.95999999999881,1.3967531218726673e-05,3.723538502905291e-12,0.2605553779970221,-3.765989118289897e-10,3.259382275646965e-05,-2.0876164260657435e-05,43.271066122380944,4,True,-7.898145905483809e-08,-1.5442202665415623,2.92593643158436e-06,-7.901101081375181e-08,-1.5442202664061506,2.925936431448108e-06
11.969999999998805,1.3760475189696513e-05,3.723523407459128e-12,0.2605553778796682,-3.7659599776003847e-10,3.211089781041298e-05,-2.0566745542928885e-05,43.2710661163618,4,True,-7.781072119414787e-08,-1.5442202495406083,2.882585046182445e-06,-7.784027794218009e-08,-1.5442202494051296,2.8825850494213887e-06
11.9799999999988,1.355648807569364e-05,3.723511145330947e-12,0.26055537776405274,-3.765937599784429e-10,3.1635123910289064e-05,-2.026191150154286e-05,43.27106611043434,4,True,-7.665733106367155e-08,-1.5442202327914654,2.839875584646433e-06,-7.668688518389121e-08,-1.5442202326559988,2.8398755849861188e-06
11.989999999998794,1.335552440420067e-05,3.723502250825322e-12,0.26055537765014997,-3.765922700953489e-10,3.1166395277613856e-05,-1.996159424359007e-05,43.271066104592634,4,True,-7.552102788831587e-08,-1.5442202162903405,2.7977985507548514e-06,-7.555057825466296e-08,-1.5442202161548715,2.7977985489100695e-06
11.999999999998789,1.3157539376098188e-05,3.723496142669749e-12,0.2605553775379347,-3.7659138437074557e-10,3.0704607696450306e-05,-1.9665726879509534e-05,43.27106609883732,4,True,-7.440155851023077e-08,-1.544220200033601,2.756344584837456e-06,-7.443110680758554e-08,-1.5442201998981109,2.7563445839657033e-06
12.009999999998783,1.2962488855708657e-05,3.72348959265812e-12,0.2605553774273818,-3.765903719244632e-10,3.0249658488801963e-05,-1.9374243508938157e-05,43.271066093166965,4,True,-7.329867002348311e-08,-1.544220184017674,2.7155044611441346e-06,-7.332821824764914e-08,-1.5442201838822258,2.71550446050608e-06
12.019999999998777,1.2770329360975005e-05,3.7234800867618236e-12,0.2605553773184666,-3.76588681200652e-10,2.9801446492355517e-05,-1.9087079208535254e-05,43.271066087578774,4,True,-7.221212407807652e-08,-1.5442201682388925,2.675269130541767e-06,-7.224167493576412e-08,-1.5442201681034278,2.6752691286307556e-06
12.029999999998772,1.2581018053789392e-05,3.723470324487837e-12,0.26055537721116506,-3.7658694743413997e-10,2.935987203941858e-05,-1.880417001304785e-05,43.27106608207431,4,True,-7.114167288107408e-08,-1.5442201526938408,2.6356296083674082e-06,-7.117122338466973e-08,-1.544220152558386,2.6356296073844824e-06
12.039999999998766,1.2394512730472925e-05,3.723459535655296e-12,0.2605553771054531,-3.7658497365387154e-10,2.8924836933076363e-05,-1.8525452905504193e-05,43.27106607665122,4,True,-7.008708251838844e-08,-1.5442201373789883,2.596577105870754e-06,-7.011663519307353e-08,-1.5442201372435633,2.596577108455873e-06
12.04999999999876,1.2210771812380478e-05,3.723448688024557e-12,0.2605553770013073,-3.7658302452878487e-10,2.8496244428024807e-05,-1.825086579992805e-05,43.27106607130954,4,True,-6.904811337596633e-08,-1.5442201222910386,2.558102915770624e-06,-6.907767056017817e-08,-1.5442201221555631,2.5581029232283154e-06
12.059999999998755,1.2029754336661926e-05,3.723442275419088e-12,0.2605553768987045,-3.7658208101043976e-10,2.80739992061396e-05,-1.7980347529960153e-05,43.27106606604467,4,True,-6.802454260137437e-08,-1.544220107426485,2.5201985266851e-06,-6.805409265324734e-08,-1.5442201072910482,2.5201985247485846e-06
12.06999999999875,1.1851419947139838e-05,3.723436950111025e-12,0.26055537679762164,-3.7658132845323025e-10,2.7658007357253626e-05,-1.7713837833927875e-05,43.271066060859205,4,True,-6.701613628308451e-08,-1.5442200927821337,2.482855458430252e-06,-6.704568279735107e-08,-1.5442200926467196,2.4828554591955616e-06
12.079999999998744,1.1675728885341375e-05,3.723431544062716e-12,0.26055537669803647,-3.765805349489668e-10,2.724817635928655e-05,-1.7451277341519165e-05,43.27106605574916,4,True,-6.602266607205271e-08,-1.5442200783547397,2.446065427031123e-06,-6.605221260056001e-08,-1.5442200782192796,2.4460654254728773e-06
12.089999999998739,1.1502641981650406e-05,3.723421557886842e-12,0.2605553765999268,-3.765786990792688e-10,2.6844415053883324e-05,-1.7192607562143988e-05,43.271066050710175,4,True,-6.50439116313543e-08,-1.544220064140892,2.409820269539181e-06,-6.50734657786049e-08,-1.5442200640054393,2.4098202756254023e-06
12.099999999998733,1.1332120646589264e-05,3.723411861540784e-12,0.2605553765032706,-3.765769702796154e-10,2.644663362886657e-05,-1.6937770869205167e-05,43.271066045754225,4,True,-6.40796692015531e-08,-1.544220050137682,2.374111883069822e-06,-6.410921785832215e-08,-1.5442200500022174,2.374111880693676e-06
12.109999999998728,1.1164126862245666e-05,3.72340209971458e-12,0.26055537640804655,-3.7657520918535295e-10,2.6054743604751892e-05,-1.668671048949905e-05,43.271066040866586,4,True,-6.312970862899924e-08,-1.544220036341888,2.338932346510969e-06,-6.31592579986524e-08,-1.5442200362064475,2.338932348343865e-06
12.119999999998722,1.0998623173805956e-05,3.7233956070482315e-12,0.2605553763142333,-3.7657419906456287e-10,2.566865780589387e-05,-1.6439370489914606e-05,43.27106603604996,4,True,-6.219382387561848e-08,-1.5442200227504705,2.3042738456554947e-06,-6.222337228501622e-08,-1.544220022615013,2.304273845378371e-06
12.129999999998716,1.0835572681221518e-05,3.723388262230022e-12,0.26055537622180996,-3.7657294007349674e-10,2.528829034047072e-05,-1.61956957663144e-05,43.27106603130937,4,True,-6.127180144607229e-08,-1.5442200093603051,2.270128661044058e-06,-6.130135018665123e-08,-1.5442200092248755,2.270128665488207e-06
12.139999999998711,1.0674939031000517e-05,3.723378682858355e-12,0.260555376130756,-3.765711861887324e-10,2.491355659118537e-05,-1.595563202774607e-05,43.271066026637804,4,True,-6.036344552038451e-08,-1.544219996168553,2.2364891921796615e-06,-6.03929942656594e-08,-1.5442199960331167,2.236489192054585e-06
12.149999999998705,1.051668640812289e-05,3.723368880539442e-12,0.26055537604105106,-3.7656939893804716e-10,2.4544373190457518e-05,-1.5719125787893237e-05,43.27106602202848,4,True,-5.9468545249006165e-08,-1.5442199831722359,2.2033479566763575e-06,-5.9498096579399354e-08,-1.5442199830367784,2.203347959374685e-06
12.1599999999987,1.0360779528063867e-05,3.723359058419399e-12,0.26055537595267536,-3.765675758620482e-10,2.4180657997046937e-05,-1.5486124353535438e-05,43.27106601749668,4,True,-5.858690542435092e-08,-1.5442199703683,2.1706975979771994e-06,-5.8616454120775516e-08,-1.5442199702328803,2.170697597207242e-06
12.169999999998694,1.0207183628948863e-05,3.7233485073380495e-12,0.26055537586560906,-3.7656559969824644e-10,2.3822330089939428e-05,-1.525657580809333e-05,43.2710660130287,4,True,-5.77183281040273e-08,-1.54421995775429,2.1385308179732873e-06,-5.7747877334310715e-08,-1.5442199576187265,2.1385308175253983e-06
12.179999999998689,1.0055864463816077e-05,3.723335715607835e-12,0.26055537577983273,-3.7656308953867884e-10,2.346930973956587e-05,-1.5030429006492283e-05,43.271066008622306,4,True,-5.686261922457637e-08,-1.5442199453268024,2.1068405083249043e-06,-5.689217203922137e-08,-1.5442199451914025,2.1068405128004223e-06
12.189999999998683,9.90678829299127e-06,3.723324107247334e-12,0.2605553756953274,-3.7656089259080384e-10,2.3121518395768546e-05,-1.4807633558557553e-05,43.271066004288066,4,True,-5.6019593491976556e-08,-1.5442199330836368,2.0756195652794195e-06,-5.6049147768417886e-08,-1.544219932948201,2.0756195686348304e-06
12.199999999998678,9.759921876588778e-06,3.723314917891366e-12,0.2605553756120742,-3.7655924316232416e-10,2.2778878670361894e-05,-1.4588139820964787e-05,43.27106600001159,4,True,-5.518905392854995e-08,-1.544219921021781,2.044861085856621e-06,-5.521860786074502e-08,-1.544219920886313,2.0448610899790615e-06
12.209999999998672,9.615232467101868e-06,3.7233091390758474e-12,0.26055537553005453,-3.765583514982825e-10,2.2441314315797525e-05,-1.437189888508343e-05,43.2710659958043,4,True,-5.437083086284011e-08,-1.544219909138604,2.0145581925007224e-06,-5.4400381082703857e-08,-1.5442199090031294,2.0145581935957005e-06
12.219999999998667,9.472687802128422e-06,3.7233051190127975e-12,0.2605553754492502,-3.765578233500381e-10,2.2108750215862786e-05,-1.4158862565627037e-05,43.27106599165052,4,True,-5.356472131610735e-08,-1.5442198974314418,1.9847041763081016e-06,-5.3594272675907196e-08,-1.5442198972960075,1.9847041760422315e-06
12.229999999998661,9.332256097176824e-06,3.723298118128244e-12,0.2605553753696432,-3.765566227329064e-10,2.178111235806875e-05,-1.3948983391497142e-05,43.27106598756471,4,True,-5.277056250066297e-08,-1.5442198858977523,1.95529236418729e-06,-5.280011306006115e-08,-1.5442198857622624,1.955292364310392e-06
12.239999999998656,9.193906038600625e-06,3.723292343577006e-12,0.2605553752912157,-3.7655569080657696e-10,2.1458327827465464e-05,-1.3742214593385416e-05,43.271065983540424,4,True,-5.198816949426805e-08,-1.5442198745348992,1.9263162158875484e-06,-5.2017720757521595e-08,-1.544219874399454,1.926316219455767e-06
12.24999999999865,9.057606776628335e-06,3.723287225249048e-12,0.2605553752139503,-3.7655492061067286e-10,2.1140324790939678e-05,-1.3538510094514713e-05,43.271065979575994,4,True,-5.1217374013339156e-08,-1.5442198633404987,1.8977692893862614e-06,-5.124692309464557e-08,-1.5442198632050135,1.897769287919329e-06
12.259999999998644,8.923327918496467e-06,3.7232842771201135e-12,0.2605553751378297,-3.765546096541344e-10,2.0827032472328238e-05,-1.3337824500916266e-05,43.271065975665685,4,True,-5.045799553998275e-08,-1.5442198523117812,1.8696452563639217e-06,-5.0487541733352144e-08,-1.5442198521763464,1.8696452534193794e-06
12.269999999998639,8.791039521674839e-06,3.723279027842963e-12,0.26055537506283716,-3.7655375076870433e-10,2.05183811426899e-05,-1.3140113089159788e-05,43.271065971816164,4,True,-4.970987029456784e-08,-1.5442198414466168,1.84193778366648e-06,-4.973941976126048e-08,-1.5442198413111852,1.8419377861521779e-06
12.279999999998633,8.660712087222536e-06,3.723278018112901e-12,0.2605553749889558,-3.765538709805425e-10,2.0214302103251703e-05,-1.2945331799772752e-05,43.27106596802064,4,True,-4.897283472017168e-08,-1.5442198307422468,1.8146408189323294e-06,-4.900237738477365e-08,-1.544219830606806,1.814640815908177e-06
12.289999999998628,8.532316553188163e-06,3.723276364247464e-12,0.2605553749161694,-3.765538010032525e-10,1.9914727668714678e-05,-1.2753437224831831e-05,43.27106596428523,4,True,-4.8246722942937206e-08,-1.5442198201963033,1.7877481775188015e-06,-4.827626215654759e-08,-1.5442198200610024,1.7877481729116742e-06
12.299999999998622,8.405824288180613e-06,3.723270302782825e-12,0.26055537484446156,-3.765527357162487e-10,1.9619591160135976e-05,-1.2564386596478544e-05,43.27106596059778,4,True,-4.7531357549837695e-08,-1.544219809807055,1.7612539271355897e-06,-4.756090523143e-08,-1.5442198096715987,1.7612539318390018e-06
12.309999999998617,8.281207084961212e-06,3.72326554934207e-12,0.2605553747738163,-3.765519916537116e-10,1.932882687735556e-05,-1.2378137784896246e-05,43.27106595696695,4,True,-4.682659993780594e-08,-1.5442197995714404,1.7351521644473145e-06,-4.685614833912595e-08,-1.54421979943597,1.7351521692041406e-06
12.319999999998611,8.158437154182974e-06,3.723260822579179e-12,0.26055537470421775,-3.765512472200545e-10,1.9042370098834173e-05,-1.2194649279104084e-05,43.271065953400004,4,True,-4.613228608937172e-08,-1.5442197894877203,1.7094370479313336e-06,-4.6161840465195e-08,-1.5442197893522143,1.7094370543036844e-06
12.329999999998606,8.037487118205128e-06,3.723266197775573e-12,0.26055537463565065,-3.765528015475955e-10,1.876015705505165e-05,-1.201388018685015e-05,43.2710659498746,4,True,-4.5448268269488095e-08,-1.5442197795530712,1.6841029418948262e-06,-4.547780674089899e-08,-1.5442197794176398,1.6841029332148485e-06
12.3399999999986,7.918330004977713e-06,3.7232678524291505e-12,0.2605553745680996,-3.76553417319107e-10,1.8482124917960118e-05,-1.183579021833268e-05,43.271065946406445,4,True,-4.477437882039558e-08,-1.544219769765777,1.6591441010796549e-06,-4.4803919243424166e-08,-1.544219769630343,1.6591440979281892e-06
12.349999999998595,7.800939242059706e-06,3.72326485902586e-12,0.26055537450154953,-3.765529818766068e-10,1.8208211794293155e-05,-1.1660339681317725e-05,43.271065942988734,4,True,-4.411047928916249e-08,-1.544219760123502,1.6345550173273744e-06,-4.414002334659177e-08,-1.544219759988049,1.6345550183920228e-06
12.359999999998589,7.685288650692363e-06,3.7232641852293606e-12,0.2605553744359856,-3.765530729019595e-10,1.7938356701594657e-05,-1.1487489471420869e-05,43.271065939622076,4,True,-4.345641677810912e-08,-1.544219750624044,1.6103302308056237e-06,-4.348595893514798e-08,-1.5442197504886008,1.6103302288877666e-06
12.369999999998583,7.57135243996815e-06,3.723257663582785e-12,0.2605553743713932,-3.7655182325963233e-10,1.7672499558993194e-05,-1.1317201063248033e-05,43.27106593630703,4,True,-4.2812044591751e-08,-1.5442197412653498,1.5864643183720869e-06,-4.284159379262247e-08,-1.5442197411299297,1.5864643208118154e-06
12.379999999998578,7.459105201095577e-06,3.723251924560149e-12,0.260555374307758,-3.765508591045813e-10,1.7410581179090728e-05,-1.1149436500436254e-05,43.27106593303922,4,True,-4.217722212710584e-08,-1.54421973204548,1.5629519688181302e-06,-4.220677537345685e-08,-1.5442197319099262,1.5629519751294803e-06
12.389999999998572,7.348521901736412e-06,3.7232589987727276e-12,0.260555374245066,-3.7655273221817225e-10,1.715254324297348e-05,-1.0984158391351877e-05,43.27106592981568,4,True,-4.15518125776523e-08,-1.5442197229619126,1.5397879976925272e-06,-4.15813523860344e-08,-1.5442197228264938,1.539787990366839e-06
12.399999999998567,7.239577880425199e-06,3.723262411313634e-12,0.2605553741833028,-3.7655369046529065e-10,1.6898328295350154e-05,-1.0821329896006131e-05,43.271065926642336,4,True,-4.0935671301008544e-08,-1.5442197140130975,1.5169671861451599e-06,-4.096520920174179e-08,-1.5442197138776654,1.5169671755571286e-06
12.409999999998561,7.132248841089572e-06,3.723252392196826e-12,0.2605553741224549,-3.765516297611111e-10,1.6647879736517322e-05,-1.0660914719513336e-05,43.27106592352153,4,True,-4.032864810687939e-08,-1.5442197051970725,1.494484436626236e-06,-4.03582069896716e-08,-1.5442197050615487,1.4944844475093091e-06
12.419999999998556,7.026510847643631e-06,3.723254937654466e-12,0.26055537406250884,-3.765524979496477e-10,1.6401141798338917e-05,-1.050287710687951e-05,43.2710659204384,4,True,-3.973063673117186e-08,-1.5442196965113284,1.4723348728237607e-06,-3.976018083350934e-08,-1.5442196963758068,1.472334862878646e-06
12.42999999999855,6.9223403186284575e-06,3.7232564564931865e-12,0.26055537400345113,-3.7655302398200763e-10,1.6158059535784783e-05,-1.0347181830240613e-05,43.271065917403504,4,True,-3.914148153413126e-08,-1.5442196879543257,1.4505134128923052e-06,-3.917102349696283e-08,-1.5442196878189083,1.4505134093557275e-06
12.439999999998545,6.819714021992644e-06,3.723250184363788e-12,0.2605553739452686,-3.765517911245933e-10,1.591857882088191e-05,-1.0193794183955765e-05,43.2710659144131,4,True,-3.856105423721436e-08,-1.5442196795241998,1.4290152400349314e-06,-3.85906043236863e-08,-1.544219679388797,1.429015247300116e-06
12.44999999999854,6.718609069915781e-06,3.7232467502498235e-12,0.26055537388794836,-3.76551297213242e-10,1.5682646328712416e-05,-1.0042679975565942e-05,43.27106591147184,4,True,-3.79892352003625e-08,-1.5442196712190785,1.40783562850526e-06,-3.801878257535662e-08,-1.5442196710836271,1.407835625738061e-06
12.459999999998534,6.619002913689714e-06,3.723245651844935e-12,0.2605553738314775,-3.765513161393511e-10,1.545020951558931e-05,-9.893805521491745e-06,43.27106590856797,4,True,-3.742588612680132e-08,-1.5442196630369098,1.3869698079269607e-06,-3.745543250957024e-08,-1.544219662901451,1.3869698055124298e-06
12.469999999998528,6.520873338709786e-06,3.723245439126569e-12,0.2605553737758436,-3.765514693437791e-10,1.5221216617658612e-05,-9.747137634493517e-06,43.27106590571123,4,True,-3.687088870390767e-08,-1.5442196549759568,1.3664131279150338e-06,-3.6900432846657306e-08,-1.5442196548405476,1.3664131247024844e-06
12.479999999998522,6.424198459532765e-06,3.723247488364121e-12,0.2605553737210342,-3.7655212947288317e-10,1.499561663800566e-05,-9.602643619351864e-06,43.27106590289273,4,True,-3.63241170422532e-08,-1.5442196470345293,1.3461610283367267e-06,-3.635365381914504e-08,-1.5442196468990663,1.3461610197539274e-06
12.489999999998517,6.328956714995615e-06,3.723241042386115e-12,0.26055537366703707,-3.765508236754827e-10,1.4773359337271626e-05,-9.46029126515265e-06,43.271065900122395,4,True,-3.578544590291583e-08,-1.5442196392107845,1.3262089883445123e-06,-3.581499226495532e-08,-1.5442196390753298,1.3262089901980491e-06
12.499999999998511,6.2351268634129425e-06,3.7232352116186704e-12,0.2605553736138401,-3.765496854517561e-10,1.4554395213667556e-05,-9.320048838715103e-06,43.27106589738627,4,True,-3.5254757939504506e-08,-1.5442196315029086,1.3065525903267242e-06,-3.528430373540919e-08,-1.5442196313674392,1.3065525907704145e-06
12.509999999998506,6.1426879778432336e-06,3.723228335528031e-12,0.2605553735614315,-3.765483342924509e-10,1.4338675498553436e-05,-9.181885075942628e-06,43.27106589469502,4,True,-3.4731936570927095e-08,-1.5442196239092447,1.2871874337367653e-06,-3.4761483337765744e-08,-1.5442196237738102,1.2871874343222032e-06
12.5199999999985,6.051619441433403e-06,3.723219468446332e-12,0.2605553735097997,-3.7654654166953653e-10,1.4126152146183349e-05,-9.045769176170757e-06,43.27106589204061,4,True,-3.4216859697863887e-08,-1.544219616428127,1.2681091941844119e-06,-3.4246408676651786e-08,-1.5442196162927138,1.2681092023500932e-06
12.529999999998495,5.961900942824042e-06,3.723217295018932e-12,0.260555373458933,-3.765462911631144e-10,1.391677782286336e-05,-8.9116707942388e-06,43.271065889435,4,True,-3.370942864112793e-08,-1.544219609057945,1.2493136418275072e-06,-3.373896975963664e-08,-1.5442196089224125,1.2493136340894953e-06
12.53999999999849,5.873512471634175e-06,3.723209976826396e-12,0.2605553734088202,-3.7654477805608334e-10,1.3710505895919695e-05,-8.779560034866656e-06,43.27106588685212,4,True,-3.320950446422153e-08,-1.5442196017968999,1.2307966190925748e-06,-3.323905174031735e-08,-1.5442196016614727,1.2307966176504733e-06
12.549999999998484,5.786434313977431e-06,3.723201159184093e-12,0.2605553733594501,-3.76542970023848e-10,1.3507290417008346e-05,-8.649407446382131e-06,43.27106588431597,4,True,-3.271699210751416e-08,-1.5442195946434347,1.2125539352882925e-06,-3.274654082003768e-08,-1.5442195945080102,1.2125539371151562e-06
12.559999999998478,5.7006470480990475e-06,3.723191911631952e-12,0.2605553733108117,-3.765410973149989e-10,1.3307086120313937e-05,-8.521184011973956e-06,43.27106588181696,4,True,-3.223178156626438e-08,-1.5442195875959792,1.1945815775348066e-06,-3.226133060197353e-08,-1.5442195874605467,1.1945815800718778e-06
12.569999999998473,5.6161315400347825e-06,3.723184162703493e-12,0.26055537326289413,-3.765395661424197e-10,1.3109848411301866e-05,-8.394861145137086e-06,43.27106587935312,4,True,-3.175376419875053e-08,-1.5442195806529886,1.176875516061208e-06,-3.178331070806469e-08,-1.5442195805175474,1.1768755159512893e-06
12.579999999998467,5.532868939357717e-06,3.7231787799350686e-12,0.2605553732156867,-3.7653859355796376e-10,1.2915533354622299e-05,-8.270410681834179e-06,43.27106587692301,4,True,-3.128283120402093e-08,-1.5442195738129492,1.1594318201930976e-06,-3.1312378285593196e-08,-1.5442195736774484,1.1594318192304726e-06
12.589999999998462,5.450840674970648e-06,3.7231759080214935e-12,0.2605553731691789,-3.7653813652160147e-10,1.2724097667566514e-05,-8.147804876862715e-06,43.2710658745409,4,True,-3.081887803613038e-08,-1.544219567074218,1.1422465965289417e-06,-3.084842372347361e-08,-1.5442195669388004,1.1422465974402424e-06
12.599999999998456,5.370028450972302e-06,3.723169283281056e-12,0.26055537312336047,-3.7653683169272035e-10,1.2535498703262862e-05,-8.027016395391188e-06,43.27106587218432,4,True,-3.036179547551782e-08,-1.5442195604352822,1.1253160359936743e-06,-3.039134499512715e-08,-1.5442195602998223,1.1253160401643219e-06
12.60999999999845,5.290414242574501e-06,3.7231670077349995e-12,0.2605553730782212,-3.7653651649723507e-10,1.2349694445497468e-05,-7.908018307069103e-06,43.27106586986049,4,True,-2.9911494096289244e-08,-1.5442195538947168,1.1086363590777228e-06,-2.994103857244566e-08,-1.5442195537592727,1.1086363550678091e-06
12.619999999998445,5.211980292095384e-06,3.7231580322444584e-12,0.2605553730337508,-3.7653467142708954e-10,1.2166643502151378e-05,-7.790784080157936e-06,43.27106586757621,4,True,-2.946786166414297e-08,-1.5442195474511522,1.0922038171058222e-06,-2.9497414406423086e-08,-1.5442195473157108,1.092203823269795e-06
12.62999999999844,5.134709105003312e-06,3.723151263792445e-12,0.26055537298993947,-3.7653339056394046e-10,1.1986305094275293e-05,-7.675287576684424e-06,43.27106586532843,4,True,-2.9030809093536822e-08,-1.5442195411030788,1.0760147944297441e-06,-2.9060360802973442e-08,-1.5442195409675699,1.0760147935196212e-06
12.639999999998434,5.0585834460144805e-06,3.723145029171364e-12,0.26055537294677755,-3.765322059550601e-10,1.1808639045681745e-05,-7.561503044965052e-06,43.271065863110806,4,True,-2.860023061945916e-08,-1.5442195348490455,1.0600656501526041e-06,-2.8629784874767972e-08,-1.544219534713629,1.0600656573177956e-06
12.649999999998428,4.9835863352548876e-06,3.723141677066028e-12,0.26055537290425534,-3.765317043206876e-10,1.1633605777107034e-05,-7.449405115167556e-06,43.27106586092853,4,True,-2.8176037754231616e-08,-1.5442195286878495,1.0443528410942987e-06,-2.8205588267164848e-08,-1.5442195285523241,1.0443528405327642e-06
12.659999999998423,4.909701044486094e-06,3.723142566564892e-12,0.26055537286236335,-3.76532108246631e-10,1.1461166292308548e-05,-7.338968793978436e-06,43.27106585876906,4,True,-2.7758134111272236e-08,-1.5442195226177133,1.0288729421105773e-06,-2.778767719054702e-08,-1.5442195224822848,1.028872936694068e-06
12.669999999998417,4.836911093345231e-06,3.7231452518481275e-12,0.2605553728210923,-3.765328845193596e-10,1.1291282168852976e-05,-7.230169457834338e-06,43.27106585664611,4,True,-2.7346422338060485e-08,-1.544219516637596,1.013622382151265e-06,-2.7375960356330773e-08,-1.5442195165021602,1.0136223746846078e-06
12.679999999998412,4.765200245711461e-06,3.723143707121115e-12,0.2605553727804329,-3.7653266819452275e-10,1.1123915556976772e-05,-7.12298284709923e-06,43.271065854556745,4,True,-2.6940811617128458e-08,-1.5442195107461474,9.98597809713543e-07,-2.6970352319667755e-08,-1.5442195106107086,9.98597805276462e-07
12.689999999998406,4.6945525060755225e-06,3.723136461528772e-12,0.26055537274037616,-3.765311681767217e-10,1.095902916687269e-05,-7.017385061703978e-06,43.271065852499305,4,True,-2.6541208125659858e-08,-1.5442195049420202,9.837958860721241e-07,-2.6570756077340264e-08,-1.5442195048065908,9.837958903349068e-07
12.6999999999984,4.624952115970044e-06,3.723127176996791e-12,0.260555372700913,-3.7652926947454923e-10,1.0796586260082477e-05,-6.913352556838863e-06,43.27106585047052,4,True,-2.6147531629198853e-08,-1.5442194992238982,9.692133240914662e-07,-2.617708232368481e-08,-1.5442194990884752,9.692133271934589e-07
12.709999999998395,4.5563835504613915e-06,3.7231227086466255e-12,0.2605553726620349,-3.7652848517755423e-10,1.0636550642910091e-05,-6.8108621350702096e-06,43.27106584847307,4,True,-2.5759691347752498e-08,-1.5442194935905553,9.54846859906469e-07,-2.5789238713621106e-08,-1.5442194934551097,9.548468616906042e-07
12.71999999999839,4.488831514689399e-06,3.723120504837719e-12,0.26055537262373285,-3.765281924150833e-10,1.0478886656186274e-05,-6.709890943754725e-06,43.2710658465003,4,True,-2.5377601725186814e-08,-1.5442194880406765,9.406932982569895e-07,-2.5407144979604188e-08,-1.5442194879051987,9.406932939722377e-07
12.729999999998384,4.4222809404605105e-06,3.723119057421799e-12,0.26055537258599853,-3.7652803002006156e-10,1.0323559171415326e-05,-6.610416467290362e-06,43.27106584457035,4,True,-2.50011752850499e-08,-1.5442194825731388,9.267494609316423e-07,-2.503071638068067e-08,-1.5442194824376043,9.267494602763992e-07
12.739999999998378,4.356716982896972e-06,3.7231108679996904e-12,0.2605553725488236,-3.7652629029538026e-10,1.0170533577756312e-05,-6.512416525423303e-06,43.27106584265317,4,True,-2.4630319837178078e-08,-1.544219477186461,9.130123052488188e-07,-2.4659869226143905e-08,-1.5442194770510478,9.130123116041456e-07
12.749999999998373,4.2921250171031775e-06,3.723101558307879e-12,0.26055537251219973,-3.7652437113362206e-10,1.0019775773371388e-05,-6.4158692657562205e-06,43.27106584076755,4,True,-2.4264965322846725e-08,-1.5442194718796685,8.99478701269462e-07,-2.429451505238703e-08,-1.5442194717442281,8.994787058689576e-07
12.759999999998367,4.228490634936038e-06,3.7230951846905536e-12,0.2605553724761187,-3.765231318947774e-10,9.871252163764976e-06,-6.320753159045605e-06,43.271065838913856,4,True,-2.390502857618764e-08,-1.5442194666514748,8.861456651340867e-07,-2.3934578667558822e-08,-1.5442194665160454,8.861456689978279e-07
12.769999999998362,4.165799641781805e-06,3.723087225848446e-12,0.2605553724405724,-3.7652154454914827e-10,9.724929652679476e-06,-6.2270469953666045e-06,43.271065837085736,4,True,-2.3550425840324813e-08,-1.5442194615008433,8.730102111978357e-07,-2.3579978856098525e-08,-1.5442194613654041,8.73010215334831e-07
12.779999999998356,4.104038053395863e-06,3.723085679231481e-12,0.260555372405553,-3.7652142030888736e-10,9.580775633714963e-06,-6.134729878670345e-06,43.27106583528444,4,True,-2.3201083345058644e-08,-1.5442194564265594,8.600694334579093e-07,-2.3230629901802735e-08,-1.5442194562911056,8.600694299459764e-07
12.78999999999835,4.043192092783424e-06,3.72308321692947e-12,0.2605553723710526,-3.765210427818017e-10,9.438757983006322e-06,-6.043781223045106e-06,43.271065833514044,4,True,-2.2856913825184288e-08,-1.5442194514274756,8.473204203878579e-07,-2.288646338825456e-08,-1.5442194512920318,8.473204225813827e-07
12.799999999998345,3.9832481871302455e-06,3.723083705674044e-12,0.26055537233706344,-3.76521330337708e-10,9.298845052317654e-06,-5.9541807474256716e-06,43.271065831765,4,True,-2.251784760234891e-08,-1.5442194465024848,8.347603618348179e-07,-2.2547395523023357e-08,-1.5442194463670735,8.347603621995537e-07
12.80999999999834,3.924192964774755e-06,3.723084701507955e-12,0.2605553723035782,-3.7652170628182953e-10,9.161005661839923e-06,-5.865908471235824e-06,43.2710658300455,4,True,-2.218380690609445e-08,-1.5442194416505017,8.223864361510228e-07,-2.2213351516884847e-08,-1.5442194415150456,8.223864357239458e-07
12.819999999998334,3.8660132522333094e-06,3.723087020883123e-12,0.26055537227058934,-3.7652238500632704e-10,9.025209092229258e-06,-5.778944709600087e-06,43.27106582834314,4,True,-2.1854718593872516e-08,-1.5442194368703923,8.101958985266295e-07,-2.188426206934336e-08,-1.5442194367349404,8.101958993200584e-07
12.829999999998329,3.808696071257262e-06,3.723088664178719e-12,0.2605553722380894,-3.7652290808799605e-10,8.891425081277463e-06,-5.693270069317562e-06,43.27106582667909,4,True,-2.1530507073884422e-08,-1.5442194321611875,7.981860047509652e-07,-2.1560051404770452e-08,-1.544219432025651,7.981860015603234e-07
12.839999999998323,3.752228635955908e-06,3.7230963781390455e-12,0.2605553722060712,-3.765247615376888e-10,8.759623814511108e-06,-5.608865444495143e-06,43.27106582503295,4,True,-2.1211107401077805e-08,-1.5442194275217345,7.863541386349719e-07,-2.1240642137386907e-08,-1.544219427386366,7.863541301847975e-07
12.849999999998317,3.696598349922326e-06,3.723091625357881e-12,0.2605553721745276,-3.765237688522952e-10,8.629775916339927e-06,-5.525712013914488e-06,43.27106582340883,4,True,-2.0896426736745612e-08,-1.5442194229509645,7.746976203224452e-07,-2.0925976240352796e-08,-1.5442194228155344,7.746976250454594e-07
12.859999999998312,3.6417928034388167e-06,3.723088065473863e-12,0.26055537214345165,-3.7652310609013185e-10,8.50185244581577e-06,-5.44379123249825e-06,43.27106582180851,4,True,-2.0586419762812304e-08,-1.544219418447961,7.63213843994113e-07,-2.061597053582213e-08,-1.544219418312549,7.632138478645852e-07
12.869999999998306,3.587799770718116e-06,3.72308991753282e-12,0.2605553721128362,-3.765236830305697e-10,8.375824892012466e-06,-5.363084831329998e-06,43.27106582023736,4,True,-2.0281013944065557e-08,-1.54421941401176,7.519002621551931e-07,-2.031055592622208e-08,-1.5442194138763163,7.519002572558686e-07
12.8799999999983,3.5346072071716737e-06,3.723088884144495e-12,0.2605553720826746,-3.765235603303782e-10,8.251665166669614e-06,-5.283574811913521e-06,43.27106581868601,4,True,-1.9980124878456325e-08,-1.5442194096413342,7.407543489832304e-07,-2.000967208533886e-08,-1.544219409505856,7.407543495116413e-07
12.889999999998295,3.482203246724702e-06,3.723089626413357e-12,0.26055537205296003,-3.7652384597437e-10,8.129345596780177e-06,-5.205243442562495e-06,43.27106581715906,4,True,-1.9683705122393073e-08,-1.544219405335617,7.29773633721914e-07,-1.971324632044495e-08,-1.5442194052001834,7.297736293867701e-07
12.89999999999829,3.4305761991705615e-06,3.723085016386561e-12,0.26055537202368595,-3.7652291199603696e-10,8.008838919240901e-06,-5.128073254511372e-06,43.27106581565272,4,True,-1.9391671750416197e-08,-1.54421940109374,7.189556647004118e-07,-1.942121767974149e-08,-1.5442194009582912,7.189556690424107e-07
12.909999999998284,3.3797145475633438e-06,3.723080765093053e-12,0.2605553719948457,-3.765220875264493e-10,7.890118274656725e-06,-5.052047037391474e-06,43.27106581416918,4,True,-1.910397091609014e-08,-1.5442193969147704,7.082980185045697e-07,-1.9133519101061844e-08,-1.5442193967793056,7.082980232310487e-07
12.919999999998279,3.3296069456578832e-06,3.7230792215971654e-12,0.26055537196643297,-3.7652187984549983e-10,7.77315720160488e-06,-4.9771478357928925e-06,43.27106581270644,4,True,-1.8820532611096363e-08,-1.5442193927977386,6.977983346584329e-07,-1.885007781313524e-08,-1.5442193926623229,6.977983357255424e-07
12.929999999998273,3.2802422153732505e-06,3.72308025308999e-12,0.26055537193844136,-3.7652223669260244e-10,7.657929629807815e-06,-4.903358946371207e-06,43.271065811271654,4,True,-1.854130003866645e-08,-1.544219388741696,6.874542703133238e-07,-1.8570841553290643e-08,-1.54421938860624,6.874542666943553e-07
12.939999999998268,3.2316093443047545e-06,3.723079941611747e-12,0.2605553719108648,-3.7652223802958026e-10,7.544409875229688e-06,-4.830663912064312e-06,43.27106580985274,4,True,-1.8266201166223672e-08,-1.5442193847457588,6.77263509345472e-07,-1.8295744417462555e-08,-1.5442193846103436,6.772635077352505e-07
12.949999999998262,3.1836974832674015e-06,3.72307554117676e-12,0.260555371883697,-3.7652132686075206e-10,7.432572633653873e-06,-4.759046520786551e-06,43.271065808452946,4,True,-1.7995182430006217e-08,-1.5442193808090272,6.672238031034055e-07,-1.8024728846537132e-08,-1.54421938067359,6.672238044863545e-07
12.959999999998256,3.1364959438773404e-06,3.723076402581631e-12,0.2605553718569319,-3.765216392654833e-10,7.322392977059947e-06,-4.688490799469523e-06,43.27106580707944,4,True,-1.772818708573111e-08,-1.5442193769307482,6.573328790925886e-07,-1.775772438541454e-08,-1.5442193767952284,6.573328729932662e-07
12.969999999998251,3.0899941961762953e-06,3.723069023760113e-12,0.2605553718305635,-3.76520038061437e-10,7.2138463455598856e-06,-4.618981012751302e-06,43.271065805725954,4,True,-1.746513373054644e-08,-1.5442193731098899,6.475885477184977e-07,-1.7494685709026347e-08,-1.5442193729744358,6.475885604113546e-07
12.979999999998245,3.0441818662749732e-06,3.7230571667658484e-12,0.2605553718045858,-3.765174679437222e-10,7.1069085438878174e-06,-4.550501657178606e-06,43.27106580438928,4,True,-1.7205988526288945e-08,-1.544219369345737,6.379886355971111e-07,-1.7235547742609906e-08,-1.544219369210321,6.379886525442321e-07
12.98999999999824,2.999048734044728e-06,3.723062125828673e-12,0.26055537177899346,-3.7651881047452294e-10,7.001555733461583e-06,-4.483037461601465e-06,43.271065803065824,4,True,-1.695069727256473e-08,-1.5442193656372687,6.28531065204532e-07,-1.6980233580132338e-08,-1.5442193655016607,6.285310512443796e-07
12.999999999998234,2.9545847308328523e-06,3.7230672617050486e-12,0.26055537175378046,-3.765200000672484e-10,6.897764430590863e-06,-4.416573378037768e-06,43.271065801773126,4,True,-1.669917759363646e-08,-1.5442193619837408,6.192136223430021e-07,-1.6728710246948714e-08,-1.5442193618484301,6.19213613978005e-07
13.009999999998229,2.9107799372277037e-06,3.7230509923032594e-12,0.2605553717289412,-3.7651639514010607e-10,6.795511495897898e-06,-4.3510945837243945e-06,43.27106580049351,4,True,-1.6451375431711408e-08,-1.5442193583844308,6.100342835674061e-07,-1.6480930788859947e-08,-1.5442193582489767,6.100342988241445e-07
13.019999999998223,2.8676245808397405e-06,3.723038214149279e-12,0.26055537170447,-3.7651369542325156e-10,6.694774134869368e-06,-4.286586474171114e-06,43.27106579923717,4,True,-1.6207259712625376e-08,-1.5442193548384737,6.009909929245781e-07,-1.6236815776466102e-08,-1.5442193547030338,6.009910005840789e-07
13.029999999998218,2.8251090341332457e-06,3.723032497199015e-12,0.2605553716803616,-3.76512619738695e-10,6.5955298911090766e-06,-4.223034661681778e-06,43.27106579799759,4,True,-1.5966765141307424e-08,-1.5442193513450728,5.920817493364731e-07,-1.5996315874980724e-08,-1.5442193512096574,5.920817512311194e-07
13.039999999998212,2.783223812270055e-06,3.723027878311865e-12,0.26055537165661047,-3.7651177803898854e-10,6.497756640673427e-06,-4.160424971857019e-06,43.271065796776455,4,True,-1.5729832167243097e-08,-1.5442193479035111,5.833045533055013e-07,-1.5759383656763283e-08,-1.5442193477680495,5.833045551034583e-07
13.049999999998207,2.741959570997505e-06,3.7230247519248646e-12,0.2605553716332115,-3.765112428555996e-10,6.401432586714833e-06,-4.098743440807987e-06,43.27106579557157,4,True,-1.54964141136195e-08,-1.5442193445128363,5.746574584926065e-07,-1.552596123430018e-08,-1.5442193443774226,5.746574562805067e-07
13.059999999998201,2.701307104565045e-06,3.72301997481563e-12,0.26055537161015935,-3.7651034464070734e-10,6.306536255518838e-06,-4.037976310587797e-06,43.27106579438653,4,True,-1.5266452808001e-08,-1.5442193411725387,5.661385196640335e-07,-1.529600229368613e-08,-1.5442193410370997,5.661385224922283e-07
13.069999999998196,2.661257343675192e-06,3.723019580952001e-12,0.26055537158744896,-3.765104337458413e-10,6.2130464910855815e-06,-3.978110027932342e-06,43.271065793218725,4,True,-1.5039903046139784e-08,-1.5442193378816929,5.577458576312658e-07,-1.5069444927046965e-08,-1.5442193377462585,5.577458516357563e-07
13.07999999999819,2.621801353456663e-06,3.723015566061307e-12,0.26055537156507524,-3.7650965474989666e-10,6.120942450872887e-06,-3.9191312400615845e-06,43.271065792068285,4,True,-1.4816706864108503e-08,-1.5442193346396174,5.494775837372844e-07,-1.4846253984514798e-08,-1.5442193345042248,5.494775871949988e-07
13.089999999998184,2.582930331474727e-06,3.7230137458010156e-12,0.2605553715430332,-3.765093877786979e-10,6.030203601176126e-06,-3.861026792266644e-06,43.271065790933434,4,True,-1.4596825491875239e-08,-1.5442193314456074,5.413318776589588e-07,-1.4626367480833914e-08,-1.5442193313101877,5.413318751076759e-07
13.099999999998179,2.5446356057678485e-06,3.723012689556988e-12,0.2605553715213178,-3.7650926947666044e-10,5.9408097119782325e-06,-3.803783724390805e-06,43.27106578981805,4,True,-1.438019964990959e-08,-1.5442193282989813,5.333068901658445e-07,-1.4409743658362946e-08,-1.5442193281635632,5.333068906678009e-07
13.109999999998173,2.506908632918522e-06,3.723013259377659e-12,0.2605553714999243,-3.765095091625451e-10,5.852740853858802e-06,-3.7473892686715044e-06,43.27106578871624,4,True,-1.4166785519830505e-08,-1.5442193251989746,5.254008650033986e-07,-1.419632923743313e-08,-1.5442193250635556,5.25400865094775e-07
13.119999999998168,2.4697409961421875e-06,3.723014220221748e-12,0.26055537147884805,-3.765098151564256e-10,5.765977391894215e-06,-3.6918308462860255e-06,43.27106578763325,4,True,-1.3956536695192607e-08,-1.544219322144909,5.176120229484145e-07,-1.3986079268026127e-08,-1.5442193220094766,5.176120218476967e-07
13.129999999998162,2.433124403415356e-06,3.723015394249359e-12,0.2605553714580841,-3.7651016239430496e-10,5.680499981781245e-06,-3.6370960652936916e-06,43.27106578656525,4,True,-1.374940445580045e-08,-1.5442193191361229,5.099386315678241e-07,-1.3778946264646092e-08,-1.5442193190007114,5.099386254401184e-07
13.139999999998157,2.397050685623186e-06,3.723016023976981e-12,0.2605553714376279,-3.7651038776241374e-10,5.596289566602404e-06,-3.583172716566197e-06,43.27106578551353,4,True,-1.3545342547988678e-08,-1.5442193161719928,5.023789595348339e-07,-1.3574884207802843e-08,-1.5442193160365156,5.023789605885294e-07
13.149999999998151,2.361511794743768e-06,3.723014772871251e-12,0.26055537141747503,-3.76510168384586e-10,5.513327371196926e-06,-3.5300487726480797e-06,43.27106578447622,4,True,-1.334430042645879e-08,-1.5442193132517346,4.949313691329619e-07,-1.3373843532022194e-08,-1.544219313116294,4.949313672520266e-07
13.159999999998146,2.3264998020431453e-06,3.723010662024954e-12,0.26055537139762097,-3.7650929487732776e-10,5.431594897295527e-06,-3.4777123845359662e-06,43.271065783453935,4,True,-1.3146243431194014e-08,-1.5442193103746926,4.875941609608052e-07,-1.3175788326305154e-08,-1.5442193102392976,4.875941596979071e-07
13.16999999999814,2.2920068963162417e-06,3.723002816005435e-12,0.26055537137806123,-3.765076118142504e-10,5.351073921578695e-06,-3.42615187784646e-06,43.27106578244914,4,True,-1.2951120866857305e-08,-1.544219307540402,4.803657022717988e-07,-1.298066855316377e-08,-1.544219307404978,4.803657039682194e-07
13.179999999998135,2.258025382145114e-06,3.722993996688969e-12,0.2605553713587914,-3.7650576332780805e-10,5.27174649123378e-06,-3.3753557518712433e-06,43.27106578145796,4,True,-1.2758888022833336e-08,-1.5442193047480943,4.7324439097547804e-07,-1.278844365966453e-08,-1.5442193046126367,4.7324439776869795e-07
13.189999999998129,2.2245476781794363e-06,3.722987889372205e-12,0.26055537133980733,-3.765045492589479e-10,5.193594918951779e-06,-3.3253126760761834e-06,43.27106578048047,4,True,-1.2569506242118428e-08,-1.5442193019972006,4.6622863155006105e-07,-1.2599064695199123e-08,-1.5442193018617358,4.662286424957706e-07
13.199999999998123,2.1915663154492555e-06,3.722989146221818e-12,0.26055537132110457,-3.765050067384907e-10,5.116601779575274e-06,-3.276011487995297e-06,43.27106577951872,4,True,-1.2382942017301663e-08,-1.5442192992870374,4.5931687995374557e-07,-1.241248959200815e-08,-1.5442192991516088,4.5931688279505935e-07
13.209999999998118,2.159073935695602e-06,3.722997046628334e-12,0.2605553713026791,-3.765069130920121e-10,5.040749905914611e-06,-3.2274411906433706e-06,43.27106577857107,4,True,-1.2199140913154181e-08,-1.54421929661707,4.5250757887072083e-07,-1.2228676017804243e-08,-1.5442192964816468,4.525075652461131e-07
13.219999999998112,2.127063289733071e-06,3.723008778424597e-12,0.2605553712845267,-3.765095754577294e-10,4.966022385352298e-06,-3.1795909497529235e-06,43.271065777639194,4,True,-1.2018065949153001e-08,-1.5442192939866715,4.4579920647535384e-07,-1.2047590046004497e-08,-1.544219293851303,4.4579918847561954e-07
13.229999999998107,2.095527235835138e-06,3.7230009597778976e-12,0.26055537126664347,-3.765077508507013e-10,4.892402555379254e-06,-3.132450091666542e-06,43.27106577671839,4,True,-1.1839656329434377e-08,-1.5442192913953168,4.3919026174080167e-07,-1.1869203993186314e-08,-1.5442192912598764,4.391902700325709e-07
13.239999999998101,2.0644587381340594e-06,3.722992001237866e-12,0.26055537124902534,-3.7650579625384043e-10,4.819873999874656e-06,-3.086008101321824e-06,43.27106577581283,4,True,-1.1663900542391586e-08,-1.5442192888423323,4.3267928132352584e-07,-1.1693457489959891e-08,-1.544219288706873,4.3267929502323027e-07
13.249999999998096,2.033850865058538e-06,3.72299126170862e-12,0.2605553712316684,-3.7650573526425577e-10,4.7484205476541324e-06,-3.040254619122229e-06,43.271065774919904,4,True,-1.149076531220247e-08,-1.5442192863270758,4.2626483129439007e-07,-1.1520307522838085e-08,-1.5442192861917006,4.262648281106596e-07
13.25999999999809,2.003696787791257e-06,3.7229891976789575e-12,0.2605553712145687,-3.7650536590763174e-10,4.678026264811295e-06,-2.9951794387346925e-06,43.27106577403628,4,True,-1.1320182674573404e-08,-1.5442192838493678,4.1994546688538053e-07,-1.1349721999561526e-08,-1.544219283713884,4.1994546030271903e-07
13.269999999998085,1.973989778732197e-06,3.722996099976393e-12,0.2605553711977225,-3.76506996727626e-10,4.608675455886395e-06,-2.950772505666402e-06,43.27106577317558,4,True,-1.1152138384534097e-08,-1.5442192814082503,4.137197603915765e-07,-1.1181670981445128e-08,-1.5442192812727804,4.13719755842974e-07
13.27999999999808,1.9447232100134444e-06,3.722986455933291e-12,0.26055537118112604,-3.76504779177681e-10,4.540352656628607e-06,-2.9070239135401556e-06,43.2710657723178,4,True,-1.0986568065101874e-08,-1.5442192790033205,4.075863121068635e-07,-1.1016112499574846e-08,-1.5442192788680387,4.075863244770629e-07
13.289999999998074,1.915890552017705e-06,3.722957735576573e-12,0.2605553711647757,-3.7649843203144736e-10,4.473042631051658e-06,-2.863923904710556e-06,43.271065771479364,4,True,-1.082344288947184e-08,-1.5442192766341518,4.015438219302027e-07,-1.0853022966492697e-08,-1.5442192764985148,4.015438538753259e-07
13.299999999998068,1.8874853719108818e-06,3.722963307527801e-12,0.2605553711486677,-3.7649996845451535e-10,4.406730367600841e-06,-2.8214628648899953e-06,43.271065770647795,4,True,-1.0662777919090994e-08,-1.5442192742998009,3.9559093115934426e-07,-1.0692322514636439e-08,-1.5442192741643574,3.955909221112013e-07
13.309999999998062,1.8595013322149557e-06,3.72297505042051e-12,0.26055537113279853,-3.765027232661848e-10,4.341401081234714e-06,-2.7796313214588408e-06,43.27106576983064,4,True,-1.0504478289995184e-08,-1.5442192720001922,3.897262310214654e-07,-1.0534011817567307e-08,-1.5442192718647656,3.897262211538198e-07
13.319999999998057,1.831932189407196e-06,3.72298149773754e-12,0.2605553711171646,-3.7650418903502035e-10,4.277040203137969e-06,-2.7384199426593186e-06,43.27106576902704,4,True,-1.0348516170879019e-08,-1.5442192697347603,3.839484668747146e-07,-1.0378053211046905e-08,-1.5442192695993044,3.8394846484443995e-07
13.329999999998051,1.8047717925133933e-06,3.722987409115694e-12,0.26055537110176236,-3.7650550923362205e-10,4.213633380906651e-06,-2.6978195359167697e-06,43.27106576823351,4,True,-1.0194873297342158e-08,-1.5442192675028499,3.7825635867874277e-07,-1.0224406058822691e-08,-1.5442192673674668,3.782563504249996e-07
13.339999999998046,1.7780140817384036e-06,3.722985222468112e-12,0.26055537108658844,-3.765049994889086e-10,4.151166475808569e-06,-2.6578210440256743e-06,43.27106576745442,4,True,-1.0043499851898792e-08,-1.5442192653040843,3.726486168331455e-07,-1.0073041913297365e-08,-1.544219265168671,3.7264862134626116e-07
13.34999999999804,1.75165308711788e-06,3.7229843135163485e-12,0.26055537107163945,-3.765048225678966e-10,4.0896255574872126e-06,-2.6184155445649767e-06,43.27106576668639,4,True,-9.894376075426065e-09,-1.5442192631378848,3.671240106687738e-07,-9.923915716009716e-09,-1.5442192630024787,3.6712400719205805e-07
13.359999999998035,1.7256829271831885e-06,3.7229785457932784e-12,0.2605553710569122,-3.765035414544127e-10,4.028996901792216e-06,-2.5795942471134247e-06,43.27106576592658,4,True,-9.747458611429677e-09,-1.5442192610037941,3.616813013950041e-07,-9.777004411729406e-09,-1.5442192608683603,3.6168130531616946e-07
13.36999999999803,1.7000978076505978e-06,3.722974810015888e-12,0.2605553710424031,-3.765027596697168e-10,3.969266988327762e-06,-2.5413484915502876e-06,43.271065765182534,4,True,-9.60272459063971e-09,-1.5442192589013377,3.563192707557285e-07,-9.632267920697127e-09,-1.5442192587658938,3.563192716848023e-07
13.379999999998024,1.674892020131439e-06,3.722971889924515e-12,0.2605553710281092,-3.765021505681524e-10,3.910422497101901e-06,-2.5036697463843514e-06,43.271065764444806,4,True,-9.460135608892349e-09,-1.5442192568299724,3.5103673244462417e-07,-9.489679629511852e-09,-1.5442192566945823,3.5103673290507826e-07
13.389999999998018,1.6500599408565848e-06,3.7229669319613045e-12,0.2605553710140271,-3.7650110104391623e-10,3.852450305873885e-06,-2.4665496055362217e-06,43.27106576372256,4,True,-9.319657043069483e-09,-1.5442192547894893,3.4583248287464826e-07,-9.349203780075049e-09,-1.5442192546540492,3.4583248612197776e-07
13.399999999998013,1.625596029427058e-06,3.722964779084723e-12,0.26055537100015386,-3.765006955529611e-10,3.795337486149065e-06,-2.4299797887893995e-06,43.2710657630086,4,True,-9.181264953668288e-09,-1.544219252779124,3.4070539653324447e-07,-9.21080796858355e-09,-1.5442192526436986,3.407053953983745e-07
13.409999999998007,1.6014948275711389e-06,3.722961758698434e-12,0.26055537098648635,-3.7650008103272847e-10,3.7390713001748695e-06,-2.3939521383454993e-06,43.27106576230515,4,True,-9.044921130512331e-09,-1.5442192507985497,3.3565431861100257e-07,-9.074466837550715e-09,-1.5442192506631336,3.3565432173207546e-07
13.419999999998002,1.5777509579278723e-06,3.722960422392738e-12,0.2605553709730213,-3.764998592484805e-10,3.683639200119919e-06,-2.3584586168046734e-06,43.27106576161291,4,True,-8.910601906854407e-09,-1.5442192488474018,3.306780986882813e-07,-8.940148489246973e-09,-1.5442192487119522,3.306781017312059e-07
13.429999999997996,1.5543591228585357e-06,3.722963141768088e-12,0.26055537095975595,-3.765005330574256e-10,3.629028824522512e-06,-2.323491305959203e-06,43.271065760929126,4,True,-8.778272138738494e-09,-1.5442192469251608,3.2577565551835696e-07,-8.807816355045213e-09,-1.5442192467897329,3.2577565034749717e-07
13.43999999999799,1.531314103251247e-06,3.7229664059932234e-12,0.2605553709466871,-3.76501306187731e-10,3.5752279938949427e-06,-2.2890424056542876e-06,43.271065760256846,4,True,-8.647907290010331e-09,-1.5442192450313783,3.2094587950700275e-07,-8.677449231587465e-09,-1.5442192448959806,3.2094587572833795e-07
13.449999999997985,1.5086107573670547e-06,3.7229690311655055e-12,0.26055537093381215,-3.765019109698407e-10,3.522224710422892e-06,-2.2551042303086737e-06,43.271065759594435,4,True,-8.519470434609407e-09,-1.544219243165734,3.161876993652786e-07,-8.549012709909157e-09,-1.5442192430303225,3.161877014545002e-07
13.45999999999798,1.4862440196873691e-06,3.722969493389492e-12,0.2605553709211282,-3.7650204022113007e-10,3.470007152545432e-06,-2.2216692094831673e-06,43.27106575894137,4,True,-8.392939397854843e-09,-1.5442192413276579,3.1150006884414503e-07,-8.422484569394974e-09,-1.5442192411922289,3.1150007060644705e-07
13.469999999997974,1.4642088997848964e-06,3.722973559195358e-12,0.2605553709086322,-3.7650297985152396e-10,3.4185636742041903e-06,-2.188729883843835e-06,43.27106575829655,4,True,-8.268285341633853e-09,-1.5442192395168672,3.0688192280188243e-07,-8.297826591613191e-09,-1.5442192393814678,3.068819209081459e-07
13.479999999997968,1.442500481211631e-06,3.722977076355367e-12,0.2605553708963215,-3.7650377903973505e-10,3.367882802261375e-06,-2.1562789053636876e-06,43.27106575766268,4,True,-8.145479111539479e-09,-1.5442192377329138,3.023322275706271e-07,-8.175020232042049e-09,-1.5442192375974868,3.0233222786337567e-07
13.489999999997963,1.421113920404216e-06,3.722978146806491e-12,0.26055537088419317,-3.7650401349717417e-10,3.3179532339717402e-06,-2.124309034298527e-06,43.27106575703845,4,True,-8.024489974254373e-09,-1.5442192359754643,2.97849978514011e-07,-8.054035380388431e-09,-1.5442192358400537,2.978499825164585e-07
13.499999999997957,1.4000444456017927e-06,3.722978878305905e-12,0.26055537087224473,-3.7650421260242e-10,3.268763834084087e-06,-2.0928131387909447e-06,43.271065756425145,4,True,-7.905297244280838e-09,-1.5442192342440573,2.9343418050063567e-07,-7.934843647973381e-09,-1.544219234108584,2.934341830727694e-07
13.509999999997952,1.3792873557800297e-06,3.7229807582828806e-12,0.26055537086047337,-3.765046473542866e-10,3.2203036322491365e-06,-2.061784192411172e-06,43.27106575582262,4,True,-7.787872729253172e-09,-1.5442192325382793,2.890838305129244e-07,-7.81741783122609e-09,-1.5442192324028516,2.8908382991138406e-07
13.519999999997946,1.3588380196098537e-06,3.722983508480391e-12,0.26055537084887653,-3.7650530000402514e-10,3.1725618204568327e-06,-2.031215272521962e-06,43.27106575522541,4,True,-7.672190490348948e-09,-1.5442192308578202,2.847979932988504e-07,-7.701730813762969e-09,-1.5442192307223683,2.847979869561772e-07
13.52999999999794,1.3386918744136623e-06,3.722985296810268e-12,0.2605553708374516,-3.765057009027503e-10,3.125527750484842e-06,-2.001099559860779e-06,43.27106575463591,4,True,-7.558221171501113e-09,-1.544219229202257,2.805756787917419e-07,-7.587762100642476e-09,-1.5442192290668006,2.8057567791118593e-07
13.539999999997935,1.3188444251548377e-06,3.7229834305378e-12,0.2605553708261961,-3.765052684608851e-10,3.0791909320862316e-06,-1.9714303359129684e-06,43.27106575405774,4,True,-7.44593789087572e-09,-1.5442192275711808,2.764159585137838e-07,-7.47548268308067e-09,-1.5442192274358029,2.764159594409229e-07
13.54999999999793,1.2992912434326355e-06,3.722983514622851e-12,0.2605553708151075,-3.765052975357416e-10,3.0335410300566773e-06,-1.942200981640667e-06,43.27106575348674,4,True,-7.335325764703265e-09,-1.5442192259643441,2.723179107095202e-07,-7.364864544743476e-09,-1.5442192258289074,2.723179050346812e-07
13.559999999997924,1.2800279664944485e-06,3.72297939766289e-12,0.26055537080418323,-3.7650435910608496e-10,2.9885678632124736e-06,-1.9134049762034086e-06,43.271065752925026,4,True,-7.226348503160282e-09,-1.5442192243813198,2.6828060027476867e-07,-7.255892715841224e-09,-1.5442192242459123,2.6828060123403454e-07
13.569999999997918,1.261050296267154e-06,3.72297499380557e-12,0.26055537079342095,-3.765034125878529e-10,2.9442614011680932e-06,-1.8850358948875028e-06,43.27106575237024,4,True,-7.11898643731678e-09,-1.5442192228217735,2.643031395924878e-07,-7.148533115153495e-09,-1.5442192226863534,2.6430314279845245e-07
13.579999999997913,1.2423539983950491e-06,3.722972940111437e-12,0.26055537078281815,-3.765029948790349e-10,2.9006117618645767e-06,-1.8570874090554285e-06,43.27106575182482,4,True,-7.01321998595443e-09,-1.5442192212853765,2.6038465076342676e-07,-7.0427636668284086e-09,-1.5442192211499404,2.603846510911364e-07
13.589999999997907,1.2239349012932584e-06,3.72297076571556e-12,0.2605553707723725,-3.765025474235144e-10,2.857609209769702e-06,-1.8295532837314647e-06,43.271065751287765,4,True,-6.909021439141125e-09,-1.5442192197717015,2.565242471789412e-07,-6.9385636212345345e-09,-1.5442192196362823,2.565242494882574e-07
13.599999999997902,1.205788895220526e-06,3.722971108588372e-12,0.26055537076208174,-3.7650266272821134e-10,2.8152441536880043e-06,-1.8024273755232584e-06,43.271065750758964,4,True,-6.806366403726171e-09,-1.544219218280529,2.527210789737725e-07,-6.835906104286716e-09,-1.544219218145092,2.527210751277071e-07
13.609999999997896,1.1879119313610572e-06,3.722967402859373e-12,0.2605553707519436,-3.765018402878121e-10,2.77350714391858e-06,-1.7757036333704873e-06,43.27106575023659,4,True,-6.705230217415346e-09,-1.5442192168114053,2.489742864231843e-07,-6.734772309818104e-09,-1.544219216675953,2.489742893642625e-07
13.61999999999789,1.1703000209204789e-06,3.722961574342813e-12,0.26055537074195567,-3.7650055913278416e-10,2.732388871392247e-06,-1.7493760949647117e-06,43.27106574972249,4,True,-6.6055956464042805e-09,-1.5442192153640792,2.45283039841617e-07,-6.635142099290035e-09,-1.5442192152286345,2.452830415330693e-07
13.629999999997885,1.1529492342385947e-06,3.722956842164603e-12,0.26055537073211593,-3.764995677570185e-10,2.6918801645940645e-06,-1.723438886769795e-06,43.27106574921651,4,True,-6.507437482395254e-09,-1.5442192139382034,2.4164651541330444e-07,-6.5369837122920146e-09,-1.5442192138027544,2.4164651665633916e-07
13.63999999999788,1.1358556999090996e-06,3.722952364027857e-12,0.26055537072242196,-3.764986389768442e-10,2.651971988246153e-06,-1.6978862223244167e-06,43.27106574871878,4,True,-6.410736383363942e-09,-1.5442192125334557,2.3806389388333494e-07,-6.440283971649161e-09,-1.5442192123980267,2.3806389638384153e-07
13.649999999997874,1.1190156039214918e-06,3.722950058334723e-12,0.2605553707128718,-3.7649821130122793e-10,2.6126554412385495e-06,-1.6727124006085703e-06,43.271065748227194,4,True,-6.315468724335631e-09,-1.5442192111495157,2.3453439540867673e-07,-6.345015591731808e-09,-1.5442192110140773,2.3453439919342703e-07
13.659999999997869,1.102425188806637e-06,3.722952933229574e-12,0.2605553707034633,-3.7649893976550254e-10,2.573921753558988e-06,-1.6479118053268764e-06,43.271065747740835,4,True,-6.221615958961934e-09,-1.5442192097861254,2.3105721840814706e-07,-6.251156528465998e-09,-1.544219209650699,2.3105721660675542e-07
13.669999999997863,1.086080752800112e-06,3.722955848775904e-12,0.26055537069419427,-3.7649963158996857e-10,2.535762285392975e-06,-1.6234789033930837e-06,43.271065747262384,4,True,-6.129149844764851e-09,-1.5442192084429218,2.2763158657290708e-07,-6.158690851279577e-09,-1.544219208307532,2.2763158388975849e-07
13.679999999997857,1.0699786490139206e-06,3.722958176347904e-12,0.26055537068506257,-3.7650017837948987e-10,2.498168525211312e-06,-1.5994082441771296e-06,43.27106574679392,4,True,-6.038059532641727e-09,-1.5442192071196497,2.242567404984922e-07,-6.0675991158755305e-09,-1.5442192069842273,2.2425673546769037e-07
13.689999999997852,1.0541152846273735e-06,3.722958340547639e-12,0.2605553706760662,-3.7650021770161093e-10,2.4611320881256366e-06,-1.5756944568060306e-06,43.27106574633214,4,True,-5.948316965117066e-09,-1.5442192058160182,2.209319149198801e-07,-5.977857404430367e-09,-1.5442192056806228,2.2093191434260332e-07
13.699999999997846,1.0384871200835922e-06,3.722957148788856e-12,0.2605553706672032,-3.764999719514504e-10,2.424644713341901e-06,-1.552332251138491e-06,43.27106574587616,4,True,-5.859903216076795e-09,-1.5442192045317114,2.1765638678532617e-07,-5.889447751845696e-09,-1.5442192043962824,2.1765638918447447e-07
13.70999999999784,1.0230906682990683e-06,3.722959849524479e-12,0.2605553706584717,-3.7650062632052787e-10,2.3886982624792e-06,-1.5293164144067098e-06,43.2710657454283,4,True,-5.772801918818614e-09,-1.5442192032664706,2.1442941928187624e-07,-5.802342492951211e-09,-1.544219203131011,2.1442941985324718e-07
13.719999999997835,1.0079224938868595e-06,3.722963572524145e-12,0.26055537064986967,-3.7650147183059125e-10,2.3532847163209933e-06,-1.5066418123123717e-06,43.27106574498316,4,True,-5.686991956522548e-09,-1.5442192020198973,2.1125029729971825e-07,-5.7165309828232945e-09,-1.5442192018844785,2.112502945706916e-07
13.72999999999783,9.92979212386882e-07,3.722966655662638e-12,0.26055537064139517,-3.7650216420476244e-10,2.3183961751768544e-06,-1.4843033858764561e-06,43.271065744547975,4,True,-5.602454744010288e-09,-1.5442192007918365,2.0811830247234352e-07,-5.631994079398042e-09,-1.544219200656392,2.0811830186118712e-07
13.739999999997824,9.782574895161453e-07,3.722969149717177e-12,0.26055537063304623,-3.7650270645159987e-10,2.284024857242809e-06,-1.4622961511354637e-06,43.271065744118225,4,True,-5.519170829242754e-09,-1.544219199582021,2.0503273621580978e-07,-5.548710596543381e-09,-1.5442191994465966,2.050327333262399e-07
13.749999999997819,9.637540404226713e-07,3.722966926097094e-12,0.26055537062482104,-3.765022015395467e-10,2.250163095972426e-06,-1.4406151981762575e-06,43.27106574369513,4,True,-5.437118900463094e-09,-1.5442191983901015,2.0199291347603297e-07,-5.466664401284504e-09,-1.5442191982546682,2.019929171626471e-07
13.759999999997813,9.494656289536591e-07,3.7229658507884435e-12,0.26055537061671785,-3.7650198735716215e-10,2.216803338130996e-06,-1.4192556895391627e-06,43.27106574327701,4,True,-5.356283135989975e-09,-1.5442191972158985,1.9899815110438322e-07,-5.385829321169643e-09,-1.5442191970804768,1.9899815288664155e-07
13.769999999997808,9.353890669314629e-07,3.722965733736588e-12,0.26055537060873474,-3.765019945893275e-10,2.1839381421872778e-06,-1.3982128603806643e-06,43.27106574286703,4,True,-5.276649041181464e-09,-1.544219196059071,1.9604779853183456e-07,-5.306194409300102e-09,-1.5442191959236202,1.9604779746317396e-07
13.779999999997802,9.215212134435844e-07,3.7229670329570604e-12,0.26055537060087003,-3.7650230455850535e-10,2.151560177226059e-06,-1.3774820153661662e-06,43.271065742462305,4,True,-5.198196267023704e-09,-1.5442191949193822,1.931411718005766e-07,-5.227737796968554e-09,-1.5442191947839539,1.9314116982988384e-07
13.789999999997796,9.078589741447444e-07,3.722965504948229e-12,0.2605553705931219,-3.7650196722376093e-10,2.1196622209394565e-06,-1.357058529242975e-06,43.271065742062916,4,True,-5.120902646896816e-09,-1.5442191937966312,1.9027763678030905e-07,-5.150447653504465e-09,-1.5442191936612166,1.9027764366897633e-07
13.799999999997791,8.943993005634109e-07,3.7229685052122425e-12,0.2605553705854887,-3.765026840905159e-10,2.0882371572348773e-06,-1.3369378455338519e-06,43.271065741670625,4,True,-5.044760082295101e-09,-1.5442191926904847,1.8745657546187415e-07,-5.0742996751754976e-09,-1.5442191925550073,1.8745657104605476e-07
13.809999999997785,8.811391894188304e-07,3.722969916870468e-12,0.26055537057796874,-3.765029951975933e-10,2.057277976322207e-06,-1.3171154751591693e-06,43.2710657412836,4,True,-4.969741432704536e-09,-1.544219191600713,1.8467731541538354e-07,-4.999284262268846e-09,-1.5442191914652883,1.8467731751723534e-07
13.81999999999778,8.680756819579324e-07,3.722972555999801e-12,0.26055537057056016,-3.7650359563836064e-10,2.026777772157479e-06,-1.29758699551994e-06,43.27106574090219,4,True,-4.8958396808766205e-09,-1.5442191905271465,1.8193926871686444e-07,-4.925380035339931e-09,-1.5442191903916995,1.8193926677837257e-07
13.829999999997774,8.552058632913382e-07,3.722974333073807e-12,0.2605553705632614,-3.7650398864710613e-10,1.9967297417743695e-06,-1.2783480492524065e-06,43.27106574052786,4,True,-4.823031196224728e-09,-1.5442191894695123,1.7924179478603014e-07,-4.852573857823913e-09,-1.5442191893340707,1.7924179443148491e-07
13.839999999997769,8.425268617477197e-07,3.722977319857517e-12,0.2605553705560708,-3.765046644885211e-10,1.967127182489887e-06,-1.259394343991579e-06,43.271065740158186,4,True,-4.751302433912524e-09,-1.54421918842755,1.7658433398637276e-07,-4.78084378199948e-09,-1.5442191882921164,1.7658433295627301e-07
13.849999999997763,8.300358482231293e-07,3.72297922774866e-12,0.26055537054898675,-3.7650507491969886e-10,1.937963490249257e-06,-1.240721651567387e-06,43.27106573979319,4,True,-4.680638880751124e-09,-1.5442191874009847,1.739662625967807e-07,-4.7101801562833285e-09,-1.544219187265568,1.7396626051833316e-07
13.859999999997758,8.177300355596808e-07,3.722980196736431e-12,0.26055537054200784,-3.765052653688959e-10,1.9092321599239407e-06,-1.2223258049248492e-06,43.27106573943452,4,True,-4.611018754552905e-09,-1.5442191863896726,1.7138700351916493e-07,-4.640558246597444e-09,-1.5442191862542938,1.7138699851000075e-07
13.869999999997752,8.056066779204458e-07,3.722975733975472e-12,0.26055537053513245,-3.765042417426826e-10,1.8809267818169488e-06,-1.2042027005599173e-06,43.271065739078466,4,True,-4.542429865135898e-09,-1.5442191853933271,1.6884598871978066e-07,-4.571978462716672e-09,-1.5442191852578926,1.688459944767106e-07
13.879999999997747,7.936630701734588e-07,3.722973632027022e-12,0.260555370528359,-3.7650379013097425e-10,1.8530410415666678e-06,-1.1863482942094162e-06,43.27106573873161,4,True,-4.474862575057459e-09,-1.544219184411796,1.6634263826203436e-07,-4.504406166377318e-09,-1.5442191842763746,1.6634263647159062e-07
13.889999999997741,7.818965472963162e-07,3.722968990937562e-12,0.260555370521686,-3.7650276169660703e-10,1.8255687185962097e-06,-1.1687586026997308e-06,43.2710657383859,4,True,-4.40829330530132e-09,-1.5442191834448116,1.6387640168926126e-07,-4.437840236809527e-09,-1.5442191833093815,1.638764063131543e-07
13.899999999997736,7.703044837728368e-07,3.722962800776449e-12,0.26055537051511185,-3.7650142279972525e-10,1.798503684138058e-06,-1.1514297017060182e-06,43.27106573804767,4,True,-4.342713854296374e-09,-1.544219182492135,1.6144673356287059e-07,-4.37226350614867e-09,-1.5442191823566844,1.6144673696189808e-07
13.90999999999773,7.588842930138886e-07,3.7229607742675665e-12,0.26055537050863525,-3.7650104594441206e-10,1.7718399007333838e-06,-1.1343577243451094e-06,43.27106573771606,4,True,-4.27810654903711e-09,-1.5442191815535866,1.5905308108090945e-07,-4.307652171988389e-09,-1.5442191814181416,1.5905308040894561e-07
13.919999999997724,7.476334267762519e-07,3.722962867860486e-12,0.26055537050225464,-3.765015649943496e-10,1.7455714202097685e-06,-1.117538862057922e-06,43.27106573738596,4,True,-4.214460278841561e-09,-1.5442191806289354,1.5669492300816836e-07,-4.244000078355381e-09,-1.5442191804935448,1.566949145383974e-07
13.929999999997719,7.365493745965904e-07,3.72296110526979e-12,0.2605553704959686,-3.765011708459903e-10,1.7196923828825922e-06,-1.1009693619271695e-06,43.27106573706303,4,True,-4.15175042580874e-09,-1.5442191797180447,1.5437171140663046e-07,-4.1812946177710175e-09,-1.5442191795826568,1.543717144309904e-07
13.939999999997713,7.256296632312599e-07,3.722958007482773e-12,0.2605553704897758,-3.76500495970054e-10,1.694197015877972e-06,-1.0846455272506568e-06,43.27106573674446,4,True,-4.089974718307985e-09,-1.5442191788206268,1.5208295821117482e-07,-4.119520048980408e-09,-1.544219178685211,1.5208295869473587e-07
13.949999999997708,7.148718561028543e-07,3.7229565703514495e-12,0.2605553704836747,-3.76500205331452e-10,1.6690796315912245e-06,-1.0685637157036584e-06,43.27106573643199,4,True,-4.029115137485495e-09,-1.5442191779365406,1.4982812680855803e-07,-4.0586581008978975e-09,-1.5442191778011192,1.4982812639282282e-07
13.959999999997702,7.042735527601288e-07,3.7229549412118e-12,0.26055537047766414,-3.76499873839809e-10,1.6443346268014788e-06,-1.0527203391704146e-06,43.27106573612117,4,True,-3.969155130357022e-09,-1.5442191770655478,1.4760672457936014e-07,-3.998700120972133e-09,-1.5442191769301201,1.4760672657676463e-07
13.969999999997697,6.938323883372938e-07,3.722956840015499e-12,0.2605553704717427,-3.7650033623542313e-10,1.6199564808906715e-06,-1.0371118627241956e-06,43.27106573581689,4,True,-3.910086934311277e-09,-1.5442191762074455,1.454182613088538e-07,-3.939627909872375e-09,-1.5442191760720252,1.454182600397656e-07
13.979999999997691,6.835460330294373e-07,3.7229569177798534e-12,0.260555370465909,-3.7650036009148627e-10,1.5959397553398855e-06,-1.0217348040048583e-06,43.27106573551695,4,True,-3.851894813674626e-09,-1.5442191753620687,1.4326224187112466e-07,-3.881436333828914e-09,-1.544219175226662,1.4326224162605727e-07
13.989999999997686,6.734121915731072e-07,3.722956020860549e-12,0.2605553704601618,-3.765001625074155e-10,1.5722790928762386e-06,-1.0065857318547996e-06,43.271065735222194,4,True,-3.794562228402893e-09,-1.5442191745292608,1.4113817841918844e-07,-3.824107142072181e-09,-1.5442191743938194,1.4113818156778397e-07
13.99999999999768,6.634286027355542e-07,3.72295663836592e-12,0.26055537045449984,-3.765003322436088e-10,1.5489692147769317e-06,-9.91661266204699e-07,43.27106573492885,4,True,-3.7380827422278705e-09,-1.5442191737087874,1.39045619666893e-07,-3.767623640227273e-09,-1.5442191735733348,1.390456176529395e-07
14.009999999997675,6.535930388053662e-07,3.7229576344983865e-12,0.2605553704489218,-3.7650058002652555e-10,1.5260049212467969e-06,-9.769580771114945e-07,43.27106573464302,4,True,-3.6824404727543483e-09,-1.5442191729004742,1.3698406920789827e-07,-3.7119783297021956e-09,-1.5442191727650652,1.3698406473327451e-07
14.019999999997669,6.439033051016051e-07,3.722954664985212e-12,0.2605553704434264,-3.764999060707401e-10,1.5033810891045774e-06,-9.624728841234737e-07,43.2710657343604,4,True,-3.6276194541721838e-09,-1.5442191721041383,1.349530897333131e-07,-3.657162338699058e-09,-1.544219171968754,1.3495308887860772e-07
14.029999999997663,6.343572394777177e-07,3.72294625796175e-12,0.2605553704380126,-3.7649804548136894e-10,1.4810926711278146e-06,-9.482024554112117e-07,43.27106573408052,4,True,-3.5736082734361893e-09,-1.5442191713196278,1.3295222176664292e-07,-3.6031603042734002e-09,-1.544219171184179,1.3295223022513527e-07
14.039999999997658,6.249527118444266e-07,3.722942949732404e-12,0.26055537043267896,-3.7649738178442085e-10,1.459134694928046e-06,-9.341436065601641e-07,43.271065733805486,4,True,-3.5204072953441058e-09,-1.5442191705467252,1.3098101624651484e-07,-3.5499534919499705e-09,-1.5442191704112835,1.3098101763311142e-07
14.049999999997652,6.156876236935808e-07,3.722941035443088e-12,0.2605553704274245,-3.7649701800482315e-10,1.4375022620363637e-06,-9.202932009064414e-07,43.27106573353403,4,True,-3.4679905854254047e-09,-1.5442191697853012,1.290390419388168e-07,-3.497535599528038e-09,-1.5442191696498315,1.2903904236313e-07
14.059999999997647,6.065599076263603e-07,3.722941712082088e-12,0.2605553704222479,-3.764972257028826e-10,1.416190545874936e-06,-9.06648148461155e-07,43.271065733267854,4,True,-3.4163534298366362e-09,-1.5442191690350946,1.2712585766244507e-07,-3.4458961313912253e-09,-1.5442191688996745,1.2712585708613264e-07
14.069999999997641,5.97567526896861e-07,3.722942233534127e-12,0.260555370417148,-3.764973741876482e-10,1.39519479266609e-06,-8.932054039107856e-07,43.271065733007944,4,True,-3.3654815718043704e-09,-1.5442191682961024,1.252410225586592e-07,-3.3950228318545465e-09,-1.5442191681606727,1.2524102222430608e-07
14.079999999997636,5.887084749581697e-07,3.722944860835651e-12,0.2605553704121237,-3.764980063113368e-10,1.3745103188055593e-06,-8.799619683099815e-07,43.27106573274958,4,True,-3.3153626022937462e-09,-1.544219167568072,1.233841429497808e-07,-3.3449042315884406e-09,-1.544219167432598,1.2338414295237896e-07
14.08999999999763,5.799807750093412e-07,3.722946066079039e-12,0.2605553704071739,-3.7649829043163895e-10,1.3541325093970708e-06,-8.669148866627243e-07,43.2710657324938,4,True,-3.265982308975311e-09,-1.5442191668507732,1.2155479149751535e-07,-3.2955285508004664e-09,-1.5442191667153362,1.2155479523932294e-07
14.099999999997625,5.7138247955682e-07,3.7229495292371625e-12,0.2605553704022974,-3.7649907874099634e-10,1.3340568178170999e-06,-8.540612478693101e-07,43.271065732243095,4,True,-3.217343234224981e-09,-1.5442191661441438,1.1975257328609913e-07,-3.2468830250431337e-09,-1.544219166008706,1.197525686574948e-07
14.10999999999762,5.629116699803428e-07,3.722951662595261e-12,0.2605553703974932,-3.764995432146543e-10,1.3142787659908109e-06,-8.41398184187857e-07,43.27106573199705,4,True,-3.1694202696390975e-09,-1.5442191654479944,1.1797705805223403e-07,-3.198960980999343e-09,-1.5442191653125392,1.1797705797287911e-07
14.119999999997614,5.545664561054134e-07,3.722952469749078e-12,0.2605553703927604,-3.764997014287732e-10,1.2947939409797754e-06,-8.289228700294042e-07,43.27106573175066,4,True,-3.1222048924011034e-09,-1.5442191647620904,1.1622787389403794e-07,-3.151747766450233e-09,-1.544219164626685,1.1622787500255986e-07
14.129999999997608,5.46344975779682e-07,3.7229523566285506e-12,0.26055537038809773,-3.7649966751267836e-10,1.2755979954581994e-06,-8.166325218078269e-07,43.27106573151126,4,True,-3.0756922462679563e-09,-1.5442191640864469,1.145046211723561e-07,-3.1052360202737107e-09,-1.5442191639509995,1.1450462095027274e-07
14.139999999997602,5.382453944611491e-07,3.722949563180125e-12,0.26055537038350424,-3.7649904586141703e-10,1.2566866469755327e-06,-8.045243971652812e-07,43.27106573127414,4,True,-3.0298674407005845e-09,-1.5442191634207771,1.1280691773224916e-07,-3.0594168391404487e-09,-1.5442191632852993,1.1280692560529218e-07
14.149999999997597,5.302659048065123e-07,3.7229543967921796e-12,0.2605553703789788,-3.765001670752016e-10,1.2380556762831292e-06,-7.925957944197775e-07,43.27106573104339,4,True,-2.984727443444505e-09,-1.544219162765002,1.1113438460170755e-07,-3.014269675997322e-09,-1.5442191626295214,1.1113438365294324e-07
14.159999999997591,5.224047262675805e-07,3.7229626645589495e-12,0.2605553703745206,-3.7650202582519927e-10,1.219700926665539e-06,-7.808440521114346e-07,43.271065730809866,4,True,-2.9402565172055255e-09,-1.5442191621188688,1.094866514930698e-07,-2.9697909195212654e-09,-1.5442191619834447,1.0948664428188884e-07
14.169999999997586,5.146601046940446e-07,3.722966319056256e-12,0.2605553703701283,-3.7650278482025096e-10,1.2016183035142458e-06,-7.692665479245458e-07,43.27106573058601,4,True,-2.8964423896589763e-09,-1.544219161482428,1.0786333960200419e-07,-2.9259781239200496e-09,-1.5442191613470093,1.0786333745144995e-07
14.17999999999758,5.070303119431818e-07,3.722963299931947e-12,0.2605553703658011,-3.765020475726264e-10,1.1838037729952094e-06,-7.578606988905329e-07,43.271065730364725,4,True,-2.853275616850293e-09,-1.5442191608553533,1.0626409286541472e-07,-2.8828148542524683e-09,-1.5442191607199887,1.0626409073393752e-07
14.189999999997575,4.995136454958251e-07,3.722956592031892e-12,0.26055537036153814,-3.7650052569425745e-10,1.1662533611465332e-06,-7.466239596142408e-07,43.27106573014636,4,True,-2.810747761939674e-09,-1.5442191602376334,1.0468856271742411e-07,-2.8402921762589393e-09,-1.54421916010222,1.0468856429528238e-07
14.19999999999757,4.921084280729791e-07,3.722947020515251e-12,0.26055537035733833,-3.764983863106012e-10,1.1489631517894017e-06,-7.355538231884423e-07,43.27106572992898,4,True,-2.768851138347717e-09,-1.5442191596290236,1.0313638897246218e-07,-2.7984010124567206e-09,-1.544219159493613,1.0313639497201295e-07
14.209999999997564,4.848130072610906e-07,3.722939007964263e-12,0.2605553703532008,-3.7649667359991784e-10,1.1319292871824305e-06,-7.246478196671201e-07,43.27106572971688,4,True,-2.7275779325277063e-09,-1.5442191590294811,1.016072294813027e-07,-2.757128290979625e-09,-1.544219158894026,1.0160723254578299e-07
14.219999999997558,4.776257551475487e-07,3.7229375460288695e-12,0.26055537034912474,-3.76496432532872e-10,1.1151479669602741e-06,-7.139035151419854e-07,43.27106572950519,4,True,-2.6869176887601033e-09,-1.5442191584387348,1.0010075009065147e-07,-2.7164623242829228e-09,-1.5442191583033629,1.0010074478252813e-07
14.229999999997553,4.7054506795328305e-07,3.722934235137267e-12,0.260555370345109,-3.7649576484002714e-10,1.098615447243617e-06,-7.03318512720302e-07,43.271065729299586,4,True,-2.6468598713897595e-09,-1.544219157856861,9.861658706312465e-08,-2.67640440642194e-09,-1.54421915772141,9.861658730660835e-08
14.239999999997547,4.635693656798182e-07,3.722930069047123e-12,0.26055537034115284,-3.7649488808941723e-10,1.082328039710072e-06,-6.928904504393625e-07,43.27106572909473,4,True,-2.6073939264986354e-09,-1.544219157283533,9.715444521366104e-08,-2.636941932096566e-09,-1.5442191571481194,9.715444866552004e-08
14.249999999997542,4.566970917501457e-07,3.722929901767569e-12,0.26055537033725534,-3.764949442611235e-10,1.0662821109673281e-06,-6.826170012871823e-07,43.27106572889559,4,True,-2.5685163880490205e-09,-1.5442191567187664,9.571396396506143e-08,-2.5980617530901757e-09,-1.5442191565832988,9.57139652809403e-08
14.259999999997536,4.49926712671977e-07,3.7229369956757495e-12,0.2605553703334155,-3.764965967799891e-10,1.050474080953236e-06,-6.724958728593961e-07,43.27106572869821,4,True,-2.530217897460151e-09,-1.5442191561623562,9.429485760237997e-08,-2.5597521562971257e-09,-1.5442191560269474,9.429485098934372e-08
14.26999999999753,4.432567176827599e-07,3.722939403043138e-12,0.2605553703296327,-3.7649711827159084e-10,1.0349004224510915e-06,-6.625248073416375e-07,43.27106572850139,4,True,-2.492480908747551e-09,-1.5442191556141462,9.289678297672247e-08,-2.5220200464790685e-09,-1.5442191554787377,9.28967824764493e-08
14.279999999997525,4.3668561841944136e-07,3.722939843770691e-12,0.2605553703259061,-3.764972183786432e-10,1.0195576608104078e-06,-6.527015794829207e-07,43.271065728308784,4,True,-2.455303500893687e-09,-1.5442191550741073,9.151943940323715e-08,-2.484843239278674e-09,-1.5442191549387079,9.151943871475897e-08
14.28999999999752,4.302119485847413e-07,3.722937002108171e-12,0.2605553703222346,-3.764965949108654e-10,1.0044423725558243e-06,-6.430239979213789e-07,43.27106572812237,4,True,-2.418678044992902e-09,-1.544219154542049,9.016250849388678e-08,-2.4482209584081924e-09,-1.5442191544066204,9.016251302330986e-08
14.299999999997514,4.238342636241793e-07,3.722934478812025e-12,0.26055537031861753,-3.764960779036966e-10,9.895511858447187e-07,-6.334899026034388e-07,43.27106572793549,4,True,-2.3825972673159123e-09,-1.5442191540179189,8.88257040809729e-08,-2.4121403937560053e-09,-1.5442191538824819,8.8825707817856e-08
14.309999999997508,4.1755114039887584e-07,3.7229348659718945e-12,0.2605553703150541,-3.7649621959652953e-10,9.748807784425446e-07,-6.240971665076501e-07,43.271065727752486,4,True,-2.347050965425513e-09,-1.5442191535015408,8.750871738732101e-08,-2.376592393506353e-09,-1.5442191533661154,8.750871738725547e-08
14.319999999997503,4.113611768701191e-07,3.722936113753293e-12,0.2605553703115435,-3.764965234491642e-10,9.604278775321698e-07,-6.148436936377458e-07,43.271065727571646,4,True,-2.3120312518472625e-09,-1.5442191529928238,8.621124866153652e-08,-2.341571533530127e-09,-1.544219152857407,8.621124758126559e-08
14.329999999997497,4.0526299178690755e-07,3.7229340700878236e-12,0.26055537030808495,-3.7649608195450454e-10,9.461892579496439e-07,-6.057274194370708e-07,43.27106572739348,4,True,-2.277529988096658e-09,-1.544219152491628,8.493302228771606e-08,-2.307073903221741e-09,-1.544219152356216,8.493302569143865e-08
14.339999999997492,3.992552243766302e-07,3.722934596745608e-12,0.26055537030467774,-3.7649623322651455e-10,9.321617430667523e-07,-5.967463095580394e-07,43.27106572721667,4,True,-2.243540372578053e-09,-1.5442191519978838,8.367374895045458e-08,-2.273083497570249e-09,-1.544219151862467,8.367374898687139e-08
14.349999999997486,3.933365340406277e-07,3.722937671088356e-12,0.2605553703013211,-3.7649695100090767e-10,9.183422029969309e-07,-5.878983602458726e-07,43.27106572704457,4,True,-2.2100570090045496e-09,-1.544219151511453,8.243314727184192e-08,-2.2395976021202397e-09,-1.5442191513760162,8.243314540871137e-08
14.35999999999748,3.875056000571219e-07,3.722941880390794e-12,0.2605553702980141,-3.7649790266554733e-10,9.047275541460315e-07,-5.791815972517664e-07,43.27106572687404,4,True,-2.1770721183851736e-09,-1.5442191510321899,8.121093985303742e-08,-2.206609403503646e-09,-1.544219150896781,8.121093721862345e-08
14.369999999997475,3.8176112128491e-07,3.7229449073791295e-12,0.2605553702947561,-3.7649856166941766e-10,8.913147594579316e-07,-5.705940753475778e-07,43.27106572670722,4,True,-2.1445721640981947e-09,-1.5442191505600908,8.000684336697501e-08,-2.1741118055108925e-09,-1.5442191504246845,8.000684430822174e-08
14.37999999999747,3.7610181587529474e-07,3.722945430299112e-12,0.26055537029154646,-3.764986687570031e-10,8.781008267237844e-07,-5.621338783027579e-07,43.271065726542254,4,True,-2.112553162464679e-09,-1.544219150095008,7.882060559183633e-08,-2.1420948888685245e-09,-1.5442191499596043,7.882060530811497e-08
14.389999999997464,3.705264209841394e-07,3.722947179034651e-12,0.2605553702883845,-3.764990542737186e-10,8.650828074097336e-07,-5.537991188347783e-07,43.2710657263799,4,True,-2.0810092657231866e-09,-1.5442191496367719,7.765195447783726e-08,-2.1105529795059572e-09,-1.5442191495013347,7.765195797024648e-08
14.399999999997458,3.650336924894722e-07,3.722953146667393e-12,0.2605553702852693,-3.76500391057807e-10,8.522577966020425e-07,-5.455879367506319e-07,43.27106572621811,4,True,-2.0499387915463495e-09,-1.5442191491853285,7.650064305515514e-08,-2.0794733731798378e-09,-1.5442191490499324,7.65006312147586e-08
14.409999999997453,3.5962240471528086e-07,3.722953331788509e-12,0.2605553702822003,-3.76500376439053e-10,8.396229332443353e-07,-5.374984999685673e-07,43.27106572606124,4,True,-2.01932033693711e-09,-1.544219148740622,7.536637626092228e-08,-2.04886184456783e-09,-1.5442191486052297,7.536637616266445e-08
14.419999999997447,3.5429135015967535e-07,3.722952881610022e-12,0.26055537027917686,-3.765002537409881e-10,8.271753983155039e-07,-5.295290034031446e-07,43.27106572590374,4,True,-1.9891603808451617e-09,-1.5442191483024785,7.424894017873122e-08,-2.0187014949264676e-09,-1.5442191481670788,7.424893932712996e-08
14.429999999997442,3.4903933922391643e-07,3.722955042190311e-12,0.26055537027619813,-3.765007397136344e-10,8.149124144725923e-07,-5.216776686273185e-07,43.271065725752855,4,True,-1.959450647501469e-09,-1.5442191478708636,7.314807031236146e-08,-1.9889867943972894e-09,-1.5442191477354457,7.314806512110288e-08
14.439999999997436,3.4386519994485845e-07,3.722949958411128e-12,0.26055537027326364,-3.764995616040331e-10,8.028312458397461e-07,-5.139427441210591e-07,43.271065725602504,4,True,-1.9301714222515396e-09,-1.544219147445604,7.206351465796989e-08,-1.9597189859152247e-09,-1.5442191473101943,7.206352380541728e-08
14.44999999999743,3.387677777358187e-07,3.722947528990284e-12,0.2605553702703727,-3.764990424429647e-10,7.909291963078629e-07,-5.06322503751512e-07,43.27106572545135,4,True,-1.9013350556596897e-09,-1.5442191470266704,7.099505812556785e-08,-1.9308780119101775e-09,-1.5442191468912347,7.099505766066905e-08
14.459999999997425,3.337459351255694e-07,3.722946980859322e-12,0.26055537026752457,-3.764989340217994e-10,7.792036108296429e-07,-4.988152471459617e-07,43.27106572530655,4,True,-1.872925489014679e-09,-1.5442191466139448,6.994242402818807e-08,-1.9024662248959857e-09,-1.544219146478553,6.994241658486392e-08
14.46999999999742,3.2879855151288175e-07,3.722941502978415e-12,0.2605553702647187,-3.7649771856124725e-10,7.676518731540125e-07,-4.914192992526552e-07,43.27106572515967,4,True,-1.8449308552404181e-09,-1.5442191462073207,6.89054038710634e-08,-1.8744800694578357e-09,-1.5442191460718937,6.890540924995645e-08
14.479999999997414,3.2392452290741184e-07,3.7229380304549435e-12,0.26055537026195447,-3.7649700454478854e-10,7.562714060145107e-07,-4.841330095315472e-07,43.271065725020115,4,True,-1.8173576519209275e-09,-1.5442191458067611,6.788375801431202e-08,-1.8469040212026046e-09,-1.5442191456713599,6.788375765667557e-08
14.489999999997409,3.1912276168922364e-07,3.722935319562599e-12,0.26055537025923114,-3.7649645913669997e-10,7.450596700000812e-07,-4.769547523752635e-07,43.27106572487908,4,True,-1.7901915129924256e-09,-1.5442191454121141,6.687725827864907e-08,-1.8197384999559786e-09,-1.5442191452766987,6.687726006072603e-08
14.499999999997403,3.1439219636200957e-07,3.7229376372299976e-12,0.26055537025654824,-3.764970534212879e-10,7.340141635776995e-07,-4.698829259889647e-07,43.27106572473965,4,True,-1.7634315110659944e-09,-1.5442191450233387,6.588569155460033e-08,-1.7929724419910764e-09,-1.5442191448878881,6.588569018760184e-08
14.509999999997397,3.097317713154531e-07,3.722942050921805e-12,0.260555370253905,-3.764980648720837e-10,7.231324223560552e-07,-4.6291595245042893e-07,43.27106572460599,4,True,-1.737068160484739e-09,-1.544219144640313,6.490881409351387e-08,-1.766604180416197e-09,-1.5442191445049045,6.490880934296317e-08
14.519999999997392,3.0514044659345004e-07,3.722944777287887e-12,0.26055537025130127,-3.7649866687144324e-10,7.124120185372115e-07,-4.56052276847238e-07,43.271065724469835,4,True,-1.7110902018012896e-09,-1.544219144262943,6.394642640492753e-08,-1.740627558266955e-09,-1.5442191441275215,6.394642379234528e-08
14.529999999997386,3.0061719765453973e-07,3.72294548581347e-12,0.2605553702487359,-3.7649880673547507e-10,7.018505598911595e-07,-4.4929036808520006e-07,43.2710657243404,4,True,-1.6854996647164734e-09,-1.544219143891218,6.299829872353228e-08,-1.715040530338571e-09,-1.5442191437557926,6.299829894278294e-08
14.53999999999738,2.9616101515228573e-07,3.722942606581952e-12,0.26055537024620856,-3.764981590064792e-10,6.914456903428857e-07,-4.426287167339723e-07,43.27106572420833,4,True,-1.660286035238426e-09,-1.5442191435249855,6.206422868081644e-08,-1.6898293912377355e-09,-1.5442191433896255,6.206422778930153e-08
14.549999999997375,2.9177090470233745e-07,3.722937041973067e-12,0.26055537024371866,-3.7649693879932507e-10,6.81195088006629e-07,-4.360658370720808e-07,43.271065724080415,4,True,-1.6354482804430923e-09,-1.544219143164183,6.114402316539744e-08,-1.6649977894543131e-09,-1.544219143028748,6.114402778333623e-08
14.55999999999737,2.874458866625823e-07,3.722928994885123e-12,0.26055537024126574,-3.764951791340805e-10,6.710964657461344e-07,-4.296002642539765e-07,43.27106572395448,4,True,-1.6109774722520667e-09,-1.544219142808707,6.023745651255358e-08,-1.6405299444411417e-09,-1.5442191426732856,6.023746053515276e-08
14.569999999997364,2.831849959157742e-07,3.722924921871957e-12,0.26055537023884906,-3.764943582600725e-10,6.611475709856477e-07,-4.23230555535793e-07,43.27106572383188,4,True,-1.5868723560082583e-09,-1.5442191424585727,5.934431057266463e-08,-1.616422973280663e-09,-1.5442191423231253,5.934431423864064e-08
14.579999999997359,2.789872816586647e-07,3.722925096102382e-12,0.26055537023646835,-3.764944722695991e-10,6.513461836012455e-07,-4.169552896122199e-07,43.27106572370764,4,True,-1.5631241325582538e-09,-1.5442191421135556,5.8464431998392595e-08,-1.5926710612515714e-09,-1.5442191419781077,5.84644355208866e-08
14.589999999997353,2.7485180718005543e-07,3.722930872646055e-12,0.2605553702341229,-3.7649582704720595e-10,6.416901163591474e-07,-4.107730661386172e-07,43.27106572358718,4,True,-1.5397324437017064e-09,-1.5442191417736684,5.7597583720457254e-08,-1.5692706270638643e-09,-1.5442191416382347,5.759758154369709e-08
14.599999999997348,2.7077764966020457e-07,3.7229345734527526e-12,0.2605553702318123,-3.764966632851504e-10,6.32177214435837e-07,-4.046825057655069e-07,43.27106572346685,4,True,-1.5166817671106786e-09,-1.5442191414388031,5.674360010084669e-08,-1.5462215182817337e-09,-1.5442191413033897,5.67435981503173e-08
14.609999999997342,2.667638999571434e-07,3.7229384722464355e-12,0.26055537022953595,-3.7649754589191625e-10,6.228053551557938e-07,-3.986822495665277e-07,43.271065723348926,4,True,-1.4939742673642816e-09,-1.5442191411089425,5.590227452140946e-08,-1.5235119448829626e-09,-1.5442191409734929,5.590226922620896e-08
14.619999999997336,2.6280966241107017e-07,3.7229411839742345e-12,0.2605553702272933,-3.7649814336011475e-10,6.135724477184557e-07,-3.92770958549892e-07,43.27106572323396,4,True,-1.4716033438027904e-09,-1.5442191407839432,5.5073417977350253e-08,-1.5011415107757012e-09,-1.5442191406485337,5.50734176791288e-08
14.629999999997331,2.589140546412392e-07,3.722941594305027e-12,0.26055537022508396,-3.7649820502582805e-10,6.044764324246339e-07,-3.869473136824973e-07,43.2710657231207,4,True,-1.4495628591972703e-09,-1.5442191404637398,5.4256848937845486e-08,-1.479103886331339e-09,-1.5442191403283367,5.4256849185728486e-08
14.639999999997325,2.55076207352789e-07,3.72293643539371e-12,0.2605553702229073,-3.764970155543171e-10,5.955152794746394e-07,-3.8121001505326684e-07,43.27106572300987,4,True,-1.4278462758200628e-09,-1.5442191401483512,5.345238398456303e-08,-1.457394384806438e-09,-1.5442191400129304,5.345238974728006e-08
14.64999999999732,2.5129526413557705e-07,3.722933249167982e-12,0.2605553702207629,-3.764963256097114e-10,5.866869894038258e-07,-3.755577830087429e-07,43.271065722897646,4,True,-1.4064574054662452e-09,-1.54421913983759,5.2659855549589684e-08,-1.436004021771178e-09,-1.544219139702186,5.265985692275778e-08
14.659999999997314,2.475703812790166e-07,3.722930786542418e-12,0.2605553702186504,-3.76495801947766e-10,5.779895928441979e-07,-3.699893557144935e-07,43.2710657227893,4,True,-1.3853811665372146e-09,-1.5442191395315306,5.1879067061010455e-08,-1.4149290272210363e-09,-1.5442191393960873,5.1879069888263497e-08
14.669999999997309,2.4390072758204356e-07,3.722932012186709e-12,0.26055537021656916,-3.764961169290036e-10,5.694211484716562e-07,-3.6450349137071014e-07,43.27106572268157,4,True,-1.3646239737360424e-09,-1.5442191392298599,5.110987421538384e-08,-1.3941672426504917e-09,-1.5442191390944437,5.1109870861498494e-08
14.679999999997303,2.4028548416300627e-07,3.722934197291771e-12,0.2605553702145188,-3.764966243632447e-10,5.609797449874775e-07,-3.590989656662088e-07,43.27106572257731,4,True,-1.3441721342013507e-09,-1.5442191389327442,5.03520675561836e-08,-1.3737110796713114e-09,-1.544219138797303,5.0352063090390827e-08
14.689999999997298,2.367238442874321e-07,3.722934217740074e-12,0.26055537021249886,-3.7649662001012333e-10,5.526634986194848e-07,-3.5377457209924027e-07,43.27106572247199,4,True,-1.324021333479383e-09,-1.5442191386400446,4.960550212258576e-08,-1.3535626765046947e-09,-1.5442191385046085,4.9605502472711566e-08
14.699999999997292,2.3321501317882907e-07,3.7229346771723375e-12,0.2605553702105088,-3.764967190051169e-10,5.444705538858e-07,-3.4852912315889433e-07,43.271065722369485,4,True,-1.3041680505521022e-09,-1.5442191383516584,4.8870002956807386e-08,-1.3337116055771882e-09,-1.5442191382162263,4.887000553179935e-08
14.709999999997287,2.2975820784582322e-07,3.722935257931468e-12,0.26055537020854824,-3.7649683812510325e-10,5.363990832568206e-07,-3.433614478911464e-07,43.271065722271494,4,True,-1.2846117334842241e-09,-1.5442191380675705,4.8145412159057995e-08,-1.3141532197051276e-09,-1.5442191379321744,4.814541053968987e-08
14.719999999997281,2.263526569070058e-07,3.7229320970851785e-12,0.2605553702066168,-3.764961312364361e-10,5.284472847821119e-07,-3.3827039363639853e-07,43.27106572216972,4,True,-1.2653422233278161e-09,-1.5442191377876857,4.743156984615479e-08,-1.2948883199980868e-09,-1.5442191376522127,4.743157510469277e-08
14.729999999997275,2.229976004132847e-07,3.72293028496901e-12,0.2605553702047139,-3.764957397657075e-10,5.206133846874564e-07,-3.332548241583607e-07,43.271065722072564,4,True,-1.2463630454390206e-09,-1.5442191375119017,4.672830313160855e-08,-1.2759071126793558e-09,-1.5442191373765117,4.6728302851534355e-08
14.73999999999727,2.1969228968919547e-07,3.722926270209105e-12,0.26055537020283936,-3.7649487204808895e-10,5.128956353915793e-07,-3.28313620012655e-07,43.271065721974665,4,True,-1.2276587140220672e-09,-1.5442191372402763,4.6035466811258224e-08,-1.257207537672851e-09,-1.5442191371048435,4.6035472592590894e-08
14.749999999997264,2.1643598715535688e-07,3.722929319036906e-12,0.2605553702009926,-3.7649563061238075e-10,5.05292313518707e-07,-3.234456791898395e-07,43.27106572187955,4,True,-1.2092425169486148e-09,-1.5442191369726004,4.535290976592413e-08,-1.2387813126675708e-09,-1.5442191368371565,4.535290515623814e-08
14.759999999997259,2.1322796617017402e-07,3.72293410825627e-12,0.26055537019917313,-3.764967294267143e-10,4.97801723390798e-07,-3.1864991475108705e-07,43.27106572178802,4,True,-1.1910951860445553e-09,-1.5442191367089728,4.468046368600266e-08,-1.2206313127652886e-09,-1.544219136573555,4.468045690268396e-08
14.769999999997253,2.100675108660507e-07,3.722938504067393e-12,0.2605553701973807,-3.7649770802321057e-10,4.904221939880501e-07,-3.1392525697740397e-07,43.271065721693546,4,True,-1.1732128495208244e-09,-1.544219136449244,4.401798388147541e-08,-1.2027509166937855e-09,-1.5442191363138098,4.401798416181857e-08
14.779999999997248,2.0695391598799376e-07,3.7229426692889974e-12,0.2605553701956147,-3.764986304648845e-10,4.831520785152528e-07,-3.092706516433981e-07,43.2710657216047,4,True,-1.1555974549916378e-09,-1.544219136193361,4.336533224424908e-08,-1.1851365009485779e-09,-1.5442191360579283,4.3365331449139096e-08
14.789999999997242,2.038864867390862e-07,3.722945307406977e-12,0.260555370193875,-3.7649917655204104e-10,4.7598975501903715e-07,-3.0468505970708186e-07,43.271065721513516,4,True,-1.138241885778089e-09,-1.5442191359412607,4.272235562125986e-08,-1.1677835921326777e-09,-1.5442191358058344,4.2722357498539355e-08
14.799999999997237,2.0086453862308878e-07,3.722947235870268e-12,0.2605553701921611,-3.7649958519370673e-10,4.689336248080239e-07,-3.0016745838104715e-07,43.271065721427384,4,True,-1.1211436423879385e-09,-1.5442191356928987,4.208891106710452e-08,-1.150684715393328e-09,-1.5442191355574681,4.2088912762341067e-08
14.809999999997231,1.978873972920528e-07,3.722948735688838e-12,0.26055537019047265,-3.764999054506712e-10,4.619821135229793e-07,-2.957168393440769e-07,43.271065721338985,4,True,-1.1043001824548195e-09,-1.5442191354481818,4.146486193844134e-08,-1.1338417612163224e-09,-1.544219135312757,4.1464863403924225e-08
14.819999999997226,1.9495439839704897e-07,3.722950139092906e-12,0.2605553701888092,-3.765002229820405e-10,4.551336697397709e-07,-2.9133220963899914e-07,43.271065721254516,4,True,-1.0877067200737426e-09,-1.5442191352071222,4.085006751424319e-08,-1.1172501711313047e-09,-1.5442191350716705,4.085007231573664e-08
14.82999999999722,1.9206488743876916e-07,3.722953301361869e-12,0.2605553701871704,-3.765009252219307e-10,4.48386765622884e-07,-2.8701259075529626e-07,43.27106572116875,4,True,-1.0713600793271569e-09,-1.5442191349696446,4.024438725415055e-08,-1.1009021368818087e-09,-1.5442191348342083,4.0244386118602616e-08
14.839999999997215,1.8921821962164377e-07,3.722956603666598e-12,0.26055537018555586,-3.765016554720836e-10,4.41739896234345e-07,-2.827570187028806e-07,43.27106572108586,4,True,-1.0552576610142074e-09,-1.5442191347356862,3.964767992318581e-08,-1.0847965546533287e-09,-1.544219134600252,3.964767661893802e-08
14.849999999997209,1.8641375971337913e-07,3.722959213093454e-12,0.2605553701839653,-3.765022177648695e-10,4.351915781949432e-07,-2.785645439310109e-07,43.27106572100377,4,True,-1.0393898990965581e-09,-1.5442191345052207,3.905982978980121e-08,-1.0689295271180754e-09,-1.5442191343697735,3.905983056049423e-08
14.859999999997203,1.8365088189566648e-07,3.722963151729658e-12,0.2605553701823983,-3.7650307669476066e-10,4.287403499263675e-07,-2.7443423114154063e-07,43.27106572092366,4,True,-1.0237592797620752e-09,-1.544219134278103,3.848069422019709e-08,-1.0532970681008825e-09,-1.5442191341426836,3.8480691846362266e-08
14.869999999997198,1.809289696305614e-07,3.722963917010275e-12,0.2605553701808546,-3.765031822879618e-10,4.2238477203383256e-07,-2.7036515840058106e-07,43.27106572084354,4,True,-1.0083596598078993e-09,-1.5442191340543618,3.7910133362669636e-08,-1.0378991949145212e-09,-1.544219133918981,3.7910134325370756e-08
14.879999999997192,1.7824741552352853e-07,3.722963479382598e-12,0.2605553701793338,-3.7650303495148515e-10,4.16123426654505e-07,-2.663564175973656e-07,43.27106572076461,4,True,-9.931885491534982e-10,-1.5442191338340103,3.7348042997457765e-08,-1.0227268443629423e-09,-1.5442191336986095,3.7348040942988986e-08
14.889999999997187,1.7560562118384394e-07,3.722959449876887e-12,0.26055537017783553,-3.7650209863254874e-10,4.099549163147983e-07,-2.6240711473006007e-07,43.27106572068673,4,True,-9.78239682140155e-10,-1.5442191336168651,3.679428771038681e-08,-1.0077833211821942e-09,-1.5442191334814515,3.6794289829199014e-08
14.899999999997181,1.7300299709205334e-07,3.722959496127152e-12,0.2605553701763595,-3.7650211936927347e-10,4.038778646411504e-07,-2.585163681859559e-07,43.27106572061133,4,True,-9.6351863884834e-10,-1.5442191334029483,3.624874325537281e-08,-9.93056330226806e-10,-1.5442191332675383,3.6248736559347866e-08
14.909999999997176,1.704389624707665e-07,3.722956404087845e-12,0.2605553701749052,-3.765014247731664e-10,3.9789091626419827e-07,-2.546833094745483e-07,43.27106572053889,4,True,-9.490115017855327e-10,-1.5442191331922546,3.571127966284961e-08,-9.785535069794863e-10,-1.5442191330568533,3.571127980742797e-08
14.91999999999717,1.6791294515455232e-07,3.722950814677987e-12,0.2605553701734726,-3.765001810676723e-10,3.9199273512736445e-07,-2.509070838739304e-07,43.27106572046415,4,True,-9.347149939582374e-10,-1.5442191329846526,3.5181786023147414e-08,-9.64263215793108e-10,-1.5442191328492259,3.5181788730623815e-08
14.929999999997165,1.6542438145976024e-07,3.7229494564281515e-12,0.26055537017206115,-3.7649990912288467e-10,3.8618200514008003e-07,-2.4718684812451806e-07,43.27106572039137,4,True,-9.206387082183028e-10,-1.5442191327801436,3.466014033099454e-08,-9.501818055978766e-10,-1.5442191326447219,3.466013809546302e-08
14.939999999997159,1.6297271606117827e-07,3.722948937748228e-12,0.26055537017067065,-3.7649982141973725e-10,3.804574295489608e-07,-2.435217727153001e-07,43.271065720320166,4,True,-9.067677101528222e-10,-1.5442191325786427,3.4146238776645585e-08,-9.363138546026896e-10,-1.5442191324431989,3.414623997522103e-08
14.949999999997154,1.605574018669336e-07,3.722948385691116e-12,0.26055537016930075,-3.7649971896213823e-10,3.7481773132350427e-07,-2.399110391443483e-07,43.271065720249055,4,True,-8.931029361704103e-10,-1.5442191323801606,3.363994766640763e-08,-9.226486269948333e-10,-1.544219132244712,3.363995005087199e-08
14.959999999997148,1.581778998983405e-07,3.722953125034529e-12,0.26055537016795116,-3.765008148686208e-10,3.69261651797853e-07,-2.3635384204187173e-07,43.27106572018106,4,True,-8.796434635195219e-10,-1.5442191321845986,3.3141177236269536e-08,-9.091808343041436e-10,-1.5442191320491487,3.3141169583545856e-08
14.969999999997142,1.5583367916441785e-07,3.722957008928798e-12,0.2605553701666216,-3.7650167400480687e-10,3.6378795091609745e-07,-2.328493879326372e-07,43.271065720111174,4,True,-8.663822768090399e-10,-1.5442191319918777,3.264978900300571e-08,-8.959201070410677e-10,-1.5442191318564609,3.2649791543030156e-08
14.979999999997137,1.5352421654800491e-07,3.722959259442373e-12,0.26055537016531183,-3.7650212799343196e-10,3.5839540724901773e-07,-2.2939689434476934e-07,43.27106572004442,4,True,-8.533145567333715e-10,-1.5442191318020568,3.216569053705443e-08,-8.82853956365246e-10,-1.544219131666665,3.216568943413553e-08
14.989999999997131,1.512489966903587e-07,3.7229582407102014e-12,0.26055537016402147,-3.7650186850614113e-10,3.53082817591999e-07,-2.2599559105467392e-07,43.27106571997565,4,True,-8.404417109203663e-10,-1.5442191316150602,3.168877571906875e-08,-8.69983567900882e-10,-1.5442191314796316,3.168877614167386e-08
14.999999999997126,1.4900751187134256e-07,3.722958051216328e-12,0.26055537016275016,-3.7650181423872713e-10,3.4784899663655425e-07,-2.2264471904912995e-07,43.27106571991082,4,True,-8.277620806414446e-10,-1.5442191314308433,3.1218918493265015e-08,-8.573016610261465e-10,-1.544219131295414,3.1218916911782266e-08
15.000999999997125,1.4878519949463156e-07,3.722957752859566e-12,0.2605553701626241,-3.7650174529094673e-10,3.473299017200628e-07,-2.2231237671099546e-07,43.27106571990555,4,True,-8.265031690322631e-10,-1.544219131412571,3.117231617848437e-08,-8.56043093517317e-10,-1.544219131277166,3.1172314151768654e-08
