time_s,length_target_m,length_actual_m,beta_target_deg,beta_actual_deg,wheel_x_m,wheel_z_m,closure_m,wheel_position_error_m,theta1_deg,theta2_deg,parallel_error_deg,wheel_speed_relative_rad_s,load_n,hip_torque_nm,knee_torque_nm,wheel_torque_nm
0.010000000000000002,0.2121320346970005,0.22100678727895748,1.4615839576048752e-07,5.962272128329748e-09,2.207473093207568e-11,-0.21213203441103928,1.1731893371775745e-11,5.926210200590438e-10,-44.99999997916224,44.9999999910868,-1.909201736417086e-08,-4.8598729116605156e-08,0.0,8.439518116410678e-07,-5.402292092011632e-07,9.522606537169081e-10
0.02000000000000001,0.21213203977139175,0.22100678881866784,2.3208974986773156e-06,1.9244715121792402e-07,7.125168094423984e-10,-0.21213203601516495,1.781623755779753e-10,8.729812560910339e-09,-44.99999935941121,44.999999744305526,-2.904534823431447e-07,-6.990364445016049e-07,0.0,7.612939189060573e-06,-4.229496846111369e-06,1.736615694075988e-08
0.03000000000000002,0.21213206156351913,0.2210067985384777,1.1660380663385177e-05,1.4356520038754904e-06,5.315361789604012e-09,-0.21213204614161257,7.13244569889706e-10,4.08768488685822e-08,-44.999995381104455,44.999998252408474,-1.1630913101048576e-06,-2.912402366138158e-06,0.0,2.588324998662867e-05,-1.2677881907208152e-05,7.793604517999283e-08
0.04000000000000003,0.21213211968869394,0.22100683160792003,3.657116986555593e-05,5.933111901003023e-06,2.1966772817405555e-08,-0.2121320805945462,1.6943668281232982e-09,1.199821991289138e-07,-44.99998157808152,44.99999344430531,-2.7621905171899347e-06,-7.318890761989738e-06,0.0,6.0151699910502284e-05,-2.5741329788402804e-05,2.0326196321370068e-07
0.05000000000000004,0.21213224108726558,0.2210069129590399,8.859912913831243e-05,1.7750010338731337e-05,6.571772231955819e-08,-0.21213216534905854,3.0307124647733706e-09,2.730273678598836e-07,-44.999946869409975,44.99998236943065,-4.9371300017426366e-06,-1.3859657052400695e-05,0.0,0.0001140379094800078,-4.203768495209263e-05,3.937864407291757e-07
0.060000000000000046,0.21213245972028952,0.2210070771809188,0.00018229899653992296,4.32923410402941e-05,1.6028589772121293e-07,-0.21213233644125762,4.514198691185911e-09,5.292183564319773e-07,-44.999875115888955,44.999961700571056,-7.344454634013709e-06,-2.1782041415806344e-05,0.0,0.00019046909191170478,-5.9546489202504124e-05,6.288220779923769e-07
0.07000000000000005,0.21213281626688252,0.22100736764184262,0.00033510467925566996,9.171040994844447e-05,3.3954981425166064e-07,-0.21213263905363852,5.882820555927876e-09,9.184059139660995e-07,-44.999744963529125,44.999928384349026,-9.550647902754906e-06,-2.9821897208843683e-05,0.0,0.00029179525995306447,-7.609693257811721e-05,8.716598417722913e-07
0.08000000000000006,0.2121333578233908,0.22100783530967236,0.0005672003256605076,0.00017523275216961378,6.487855102321749e-07,-0.21213312628593944,6.872776196395175e-09,1.469584140386097e-06,-44.99952984150898,44.99988030701332,-1.1115436717185961e-05,-3.644466762942094e-05,0.0,0.0004198383266040854,-8.969636193975627e-05,1.076751986730924e-06
0.09000000000000007,0.21213413760449482,0.22100853756665395,0.0009013922273811843,0.0003094279005069768,1.145636464694455e-06,-0.21213385792003736,7.255354169916121e-09,2.2094832879418183e-06,-44.999198033800354,44.99981688960136,-1.1647133872674053e-05,-4.0069449510377175e-05,0.0,0.0005758981828349165,-9.871662363255483e-05,1.1965478705285379e-06
0.10000000000000007,0.21213521464637264,0.22100953717192845,0.0013629816035971602,0.0005133905658238434,1.900804159238323e-06,-0.21213489933845625,6.864827874537961e-09,3.161335428530189e-06,-44.99871278476355,44.99973956589522,-1.0833177380563093e-05,-3.924208762252383e-05,0.0,0.0007607410826741699,-0.00010197490659604423,1.1868594990752057e-06
0.11000000000000008,0.21213665351204194,0.22101090142730082,0.0019796383190091127,0.0008098496357070307,2.9984498591956177e-06,-0.21213632065423726,5.642139099848312e-09,4.343889435418482e-06,-44.998032425662785,44.99965212493421,-8.452358148813263e-06,-3.2749825247603226e-05,0.0,0.0009745903462553128,-9.874530230517741e-05,1.0104722847878335e-06
0.12000000000000009,0.21213852399899844,0.22101270154470334,0.0027812755860823677,0.001225197490250789,4.5363059484604396e-06,-0.21213819605038137,3.846577252613691e-09,5.770722540876839e-06,-44.997110523032525,44.99956091801304,-4.375059045213098e-06,-1.968378651449345e-05,0.0,0.0012171319063746747,-8.87295607163976e-05,6.391616469373928e-07
0.1300000000000001,0.21214090084926737,0.2210150121864684,0.0037999257013404367,0.0017894428800610946,6.625505325069669e-06,-0.21214060329858464,3.415321913952283e-09,7.449862809320723e-06,-44.99589605477057,44.99947494053071,1.4435674369400167e-06,5.392372867915471e-07,0.0,0.0014875403032346738,-7.200660861643098e-05,5.445217921005761e-08
0.1400000000000001,0.21214386346198175,0.22101791114099661,0.005069616864641258,0.002536092478996825,9.390147978460828e-06,-0.2121436234180858,6.7119972262348156e-09,9.38371010690412e-06,-44.99433361936371,44.99940580432173,8.974112279700602e-06,2.8183875483347054e-05,0.0,0.0017845254781321536,-4.897290318258301e-05,-7.525229943000221e-07
0.1500000000000001,0.2121474956085998,0.2210214790979969,0.006626251129515908,0.0035019688129782774,1.2966633445007925e-05,-0.21214734043709504,1.1946130784606594e-08,1.156922471627394e-05,-44.99236368061715,44.99936761824313,1.812502918328331e-05,6.322217012240808e-05,0.0,0.002106397317407219,-2.0280391661934346e-05,-1.7817566352129057e-06
0.16000000000000011,0.21215188515087174,0.22102579949327264,0.008507483531786876,0.004726974323758973,1.7502795441617924e-05,-0.21215184122531794,1.8301478952743774e-08,1.3998341592581819e-05,-44.98992284656907,44.9993767952166,2.875517275153381e-05,0.00010537094569682366,0.0,0.002451143095407006,1.3224426055857912e-05,-3.025462502150962e-06
0.17000000000000012,0.21215712376166415,0.2210309583996112,0.010752602442810495,0.006253812725768182,2.315688013859729e-05,-0.21215721537296242,2.5527965046990662e-08,1.6658562594103366e-05,-44.98694417802021,44.999451803471736,4.068611420396079e-05,0.00015413524762834685,0.0,0.0028165123518391973,5.0558583540072884e-05,-4.469365889111624e-06
0.18000000000000013,0.21216330664874747,0.2210370444460645,0.013402411192806262,0.00812767952860892,3.009641215644121e-05,-0.21216355509761206,3.3460713796326235e-08,1.9533677272513314e-05,-44.98335751978063,44.999612878837844,5.371388638811929e-05,0.00020885422835207742,0.0,0.0032001039084300215,9.065690994194252e-05,-6.094076656318351e-06
0.19000000000000014,0.21217053228165156,0.221044148752283,0.016499111008844745,0.010395933665719058,3.849699259940442e-05,-0.21217095516494,4.195090874033252e-08,2.260456384482057e-05,-44.979089846437994,44.999881713769454,6.761993691657268e-05,0.00026874700897317686,0.0,0.0035994503582601695,0.00013242174172006473,-7.876467793035003e-06
0.20000000000000015,0.2121789021216903,0.22105236486767607,0.0200861853111657,0.013107761670060732,4.854107156533616e-05,-0.2121795128125158,5.0855320523672075e-08,2.5850025025556736e-05,-44.97406561407466,45.0002811374148,8.218111804106392e-05,0.0003329567677211383,0.0,0.004012096210101863,0.00017476740694444737,-9.791005324012347e-06
0.21000000000000016,0.21218852035525562,0.22106178870735615,0.02420828541058934,0.01631384487446028,6.041673398216041e-05,-0.2121893276682737,6.0036778026876e-08,2.924761792661086e-05,-44.968207109711365,45.00083479946029,9.71785566533835e-05,0.0004005917517349909,0.0,0.004435666790674508,0.00021665881967388166,-1.1810989380104628e-05
0.22000000000000017,0.21219949363047827,0.22107251847843387,0.028911117648866714,0.020066038796072518,7.431653271962324e-05,-0.21220050165692458,6.936699414253358e-08,3.2774442822820325e-05,-44.961434791119736,45.00156686871189,0.00011240526429677781,0.0004707622009810016,0.0,0.004867925907150854,0.0002571436065986763,-1.390967534514586e-05
0.23000000000000018,0.21221193079735098,0.22108465459156013,0.034241332022889565,0.024417072302518505,9.043639712230656e-05,-0.212213138889013,7.872959699935866e-08,3.6407861874049565e-05,-44.95366761083571,45.00250175544074,0.00012767237339401325,0.0005426124005980697,0.0,0.005306821101986747,0.0002953773467900923,-1.6061250914556182e-05
0.24000000000000019,0.21222594265140735,0.22109829955383165,0.04024641233274733,0.02942027245473278,0.0001089746387885615,-0.21222734552861933,8.802268209756186e-08,4.012612556692326e-05,-44.94482331956525,45.003663864474746,0.00014281392796422634,0.0006153472918112592,0.0,0.005750516069830433,0.0003306417320592071,-1.8241651331875624e-05
0.25000000000000017,0.21224164168104717,0.22111355784038247,0.046974567892677475,0.035129319174608126,0.00013013106993585433,-0.2122432296369823,9.716064502735678e-08,4.3908891384363674e-05,-44.93481874558427,45.00507738393349,0.00015769020614484364,0.000688253292507914,0.0,0.00619741043931377,0.00036235571925174526,-2.0429201653159035e-05
0.2600000000000002,0.21225914181859795,0.22113053574318012,0.05447462684300804,0.04159803217386895,0.00015410624334097345,-0.2122609009905772,1.0607522121594757e-07,4.77376257650376e-05,-44.92357004810915,45.00676611245687,0.00017218960852506316,0.0007607132062240845,0.0,0.006646147649363093,0.0003900800039060622,-2.2605081719228746e-05
0.2700000000000002,0.21227855819519814,0.2211493411967214,0.06279593110023454,0.04888019097811454,0.00018110081689681756,-0.21228047087341317,1.1471574546867786e-07,5.1595886521903396e-05,-44.91099294389036,45.00875332584658,0.0001862291982294835,0.0008322153259627265,0.0,0.007095612068012964,0.00041351539076640056,-2.4753616354017644e-05
0.2800000000000002,0.21230000689958756,0.22117008358141502,0.07198823298141323,0.05702938743757917,0.00021131504047422478,-0.21230205184445056,1.230486920703336e-07,5.546948836756811e-05,-44.897002907416514,45.011061682291675,0.00019975402500570623,0.0009023570515103369,0.0,0.007544916816005797,0.00043249582867619095,-2.6862399748422164e-05
0.2900000000000002,0.21232360474088643,0.2211928735064148,0.08210159353808148,0.06609890887963459,0.0002449483581866002,-0.2123257574820508,1.310565882835265e-07,5.93465588767236e-05,-44.881515346081386,45.01371316384066,0.00021273540369186474,0.0009708435245549759,0.0,0.007993383967768365,0.00044697702359866413,-2.892226864076065e-05
0.3000000000000002,0.21234946901544346,0.22121782257447978,0.09318628263394332,0.07614164905232762,0.0002821991154187825,-0.21235170210820836,1.3873641846242497e-07,6.321749600927063e-05,-44.86444575244531,45.016729050549955,0.00022516834214021992,0.0010374819355576873,0.0,0.008440518917439969,0.00045702163027807783,-3.092714352379155e-05
0.3100000000000002,0.21237771727782992,0.22124504313205742,0.10529268079957504,0.08721004324939616,0.0003232643571588756,-0.2123800004959538,1.4609764159361007e-07,6.707484116188045e-05,-44.84570983630796,45.020129922806746,0.00023706832825898748,0.0011021722638423455,0.0,0.008885980723303927,0.00046278205580372564,-3.287376045490677e-05
0.32000000000000023,0.2124084671160559,0.22127464800821636,0.11847118289642024,0.09935602349663278,0.00036833970226750334,-0.21241076756375554,1.53159953159005e-07,7.09130836067809e-05,-44.82522363970324,45.02393568669653,0.0002484676889451444,0.0011648952753205944,0.0,0.009329550190201754,0.00046448188321827064,-3.4761318074675134e-05
0.33000000000000024,0.21244183593108074,0.22130675024626612,0.13277210362135025,0.11263098940891927,0.0004176192773023141,-0.2124441180609678,1.599509157555535e-07,7.472841314716846e-05,-44.802903638136925,45.028165616954766,0.0002594117262575461,0.001225698623206067,0.0,0.00977109732855308,0.000462396868980125,-3.659106518543353e-05
0.34000000000000025,0.2124779407206891,0.2213414628319396,0.14824558488206882,0.12708579027908304,0.00047129569332110544,-0.21248016624841093,1.6650357416781717e-07,7.851843794043204e-05,-44.77866683142844,45.03283841198661,0.00026995482136466404,0.0012846818779103204,0.0,0.010210549652846916,0.00045683636496864424,-3.8365853784073635e-05
0.35000000000000026,0.2125168978678004,0.2213788984218764,0.1649415050726365,0.14277071410904188,0.0005295600496224712,-0.2125190255780346,1.728541589657384e-07,8.228188381153155e-05,-44.75243082740912,45.0379722556272,0.00028015667462006336,0.0013419812598066882,0.0,0.010647862566147168,0.00044812589420898524,-4.008968095407842e-05
0.36000000000000026,0.21255882293327816,0.22141916907585968,0.1829093902773834,0.15973547960889314,0.0005926019495314377,-0.2125608083753295,1.7903996448015124e-07,8.60182901246818e-05,-44.72411392149377,45.043584880711556,0.00029007882387916523,0.0013977547678404123,0.0,0.011082992833967808,0.00043659146991566477,-4.1767240683299064e-05
0.3700000000000003,0.212603830453302,0.22146238599586807,0.20219832743046715,0.17802922763862272,0.0006606095149807867,-0.21260562552776344,1.8509746913156366e-07,8.97277155290722e-05,-44.693635174805316,45.04969363008256,0.00029978155263115253,0.0014521682965014469,0.0,0.011515875894534637,0.0004225460996668734,-4.340350370493058e-05
0.3800000000000003,0.21265203374136465,0.22150865927452687,0.22285687945731497,0.19770050911276132,0.000733769388639241,-0.212653586182041,1.910607478146912e-07,9.341046478878846e-05,-44.66091449312128,45.056315511346824,0.00030932127086943895,0.0015053832187322265,0.0,0.011946407495370962,0.0004062787662093961,-4.500334004342496e-05
0.3900000000000003,0.21270354469495165,0.22155809765501253,0.2449330024231727,0.2187972669960206,0.000812266714567883,-0.21270479745246101,1.9696020531712245e-07,9.706684558294266e-05,-44.625872708452555,45.06346724244461,0.00031874841778938484,0.0015575457914526547,0.0,0.012374429899916575,0.00038804603424626096,-4.65711953372097e-05
0.4000000000000003,0.21275847360696115,0.22161080830391505,0.268473964712955,0.24136681065353852,0.0008962850907200948,-0.21275936414210006,2.0282164515835418e-07,0.00010069696174998004,-44.58843166458355,45.07116528589062,0.0003281059109371122,0.0016087786177476598,0.0,0.012799722680715267,0.0003680663005416543,-4.811082831965406e-05
0.4100000000000003,0.21281692898191726,0.22166689659801483,0.29352626826556855,0.26545578145288223,0.0009860064889275905,-0.21281738847800666,2.0866566749161796e-07,0.00010430054706329107,-44.548514307424384,45.07942587033017,0.00033742813511753226,0.0016591742832443542,0.0,0.01322199791669927,0.00034651658791347924,-4.962511332525154e-05
0.4200000000000003,0.2128790173570289,0.22172646592541567,0.32013557188484715,0.2911101091179474,0.0010816111402310036,-0.2128789698610829,2.1450738008543286e-07,0.00010787684136897434,-44.506044780567514,45.0882649988034,0.0003467404461260378,0.0017087911753146012,0.0,0.013640899444451177,0.000323531686566466,-5.1115908388984145e-05
0.4300000000000003,0.2129448431281434,0.22178961750099727,0.3483466166482047,0.3183749588858069,0.0011832773854386774,-0.21294420463085578,2.2035639275649607e-07,0.00011142450886837392,-44.460948526023415,45.097698443795025,0.0003560591422252886,0.001757651399247932,0.0,0.0140560056824214,0.000299205370298665,-5.2583986629847986e-05
0.44000000000000034,0.21301450838064145,0.22185645019574837,0.3782031534330795,0.34729467000001585,0.0012911814925717635,-0.21301318584494205,2.2621705791296582e-07,0.00011494159654561217,-44.41315238974354,45.10774172974357,0.00036539184396069025,0.0018057406251494972,0.0,0.014466835452343839,0.00027359335726653974,-5.402902614678241e-05
0.45000000000000034,0.21308811272531805,0.22192706037919288,0.4097478725802011,0.37791268647260734,0.0014054974443210994,-0.2130860030726653,2.320889128795854e-07,0.00011842552927578281,-44.362584731234826,45.11841010418005,0.00037473821086658646,0.0018530096370008632,0.0,0.014872856164522583,0.00024671765297807626,-5.544965173700105e-05
0.46000000000000035,0.2131657531392915,0.22200154177386874,0.4430223357116768,0.41027148135878794,0.0015263966997901834,-0.2131627422020313,2.3796727938080834e-07,0.00012187313701131826,-44.30917553633262,45.12971849905019,0.0003840909200466007,0.0018993773094732763,0.0,0.015273493709845945,0.00021857189816163608,-5.684352031348665e-05
0.47000000000000036,0.21324752381197956,0.2220799853206288,0.47806690972084576,0.4444124760067901,0.0016540479356051685,-0.21324348525907522,2.438439698580655e-07,0.0001252807086516227,-44.25285653203175,45.14168148404533,0.0003934368274641232,0.0019447347107530253,0.0,0.015668143409843467,0.00018912734586342406,-5.8207441034070294e-05
0.48000000000000037,0.2133335159961805,0.22216247905343275,0.5149207029498148,0.4803759558756293,0.0017886167719565471,-0.21332831023849136,2.4970805796069034e-07,0.00012864406673328838,-44.19356130217582,45.15431321392708,0.0004027582366655728,0.0019889500181621543,0.0,0.016056181410419094,0.00015833911680488008,-5.953752075334804e-05
0.4900000000000004,0.21342381786429318,0.222249107982261,0.5536215035695382,0.5182009845580842,0.001930265489306776,-0.2134172909444113,2.555466672988169e-07,0.00013195865692374882,-44.131225402769424,45.16762737188561,0.00041203420341212214,0.002031873936609544,0.0,0.016436975962399184,0.0001261524069411685,-6.082932547600712e-05
0.5000000000000003,0.21351851436970887,0.22233995398281814,0.5942057201762636,0.5579253176164105,0.002079152741395446,-0.21351049684022477,2.6134574241160016e-07,0.00013521964641774383,-44.065786475700186,45.18163711093302,0.00042124181182637467,0.0020733453273605314,0.0,0.016809898105967124,9.250837170627914e-05,-6.207804896195129e-05
0.5100000000000003,0.2136176871134042,0.22243509569177106,0.6367083246171196,0.5995853177421306,0.0022354332698278773,-0.2136079929064067,2.670907679798259e-07,0.00013842202569357384,-43.99718435972978,45.19635499521406,0.00043035736851889745,0.002113196780649951,0.0,0.017174331361481224,5.7349453869619266e-05,-6.327868040395734e-05
0.5200000000000004,0.2137214142157629,0.22253460840640701,0.6811627970565668,0.643215872603159,0.002399257624997597,-0.21370983950544206,2.7276741032650103e-07,0.00014156070863218136,-43.92536119772497,45.211792942931304,0.00043935746944803906,0.002151259902053028,0.0,0.017529680121664937,2.0623978237931112e-05,-6.442616415499772e-05
0.5300000000000004,0.2138297701936512,0.222638563987753,0.7276010732944078,0.6888503165523996,0.0025707718974075228,-0.21381609225308623,2.78362062105434e-07,0.00014463062669723198,-43.85026153924342,45.227962172348214,0.0004482199064734307,0.0021873701231219515,0.0,0.017875376533906553,-1.7710108104995704e-05,-6.551554569280186e-05
0.5400000000000004,0.21394282584276922,0.2227470307663857,0.7760534943449796,0.7365203571572257,0.0027501174626758523,-0.21392680189537416,2.838622757787432e-07,0.0001476268136623255,-43.771832437752,45.24487315206646,0.0004569243926623976,0.002221370890369523,0.0,0.01821088575240907,-5.7682423903462877e-05,-6.65420993123642e-05
0.5500000000000004,0.21406064812529854,0.22286007345035985,0.8265487582861278,0.7862560072788799,0.0029374307426769386,-0.21404201419098018,2.8925708101879194e-07,0.00015054447821681084,-43.69002354193079,45.262535556488565,0.0004654530933980635,0.002253117132540861,0.0,0.018535709525339943,-9.930828789746628e-05,-6.750143440657622e-05
0.5600000000000004,0.21418330006286376,0.22297775303487474,0.879113874385503,0.838085523198881,0.0031328429844264816,-0.21416176979871204,2.94537183938306e-07,0.00015337906263267052,-43.60478718069261,45.28095822709037,0.0004737909627039243,0.0022824779487201348,0.0,0.018849388158075082,-0.0001425877789026544,-6.838957848956473e-05
0.5700000000000004,0.21431084063482253,0.22310012671349336,0.9337741195106881,0.892035349064669,0.0033364800575061554,-0.21428610417010863,2.996950537123157e-07,0.00015612628650046485,-43.51607844171954,45.30014913984889,0.0004819258923673356,0.002309338501188737,0.0,0.019151500958064165,-0.0001875056612861178,-6.920303635730704e-05
0.5800000000000004,0.21444332468189767,0.2232272477908997,0.9905529968286096,0.948130067718532,0.003548462270070357,-0.21441504744727602,3.04724905096539e-07,0.0001587821753070626,-43.42385524347705,45.32011537891412,0.0004898486868894633,0.002333601132771272,0.0,0.01944166531951034,-0.0002340320839327864,-6.993882587891282e-05
0.5900000000000004,0.21458080281516112,0.22335916559733351,1.0494721967986564,1.0063923577885885,0.0037689042028100916,-0.21454862436624267,3.096225882230276e-07,0.00016134307430898495,-43.32807840080797,45.34086311638517,0.0004975528859339996,0.0023551857593924527,0.0,0.019719534644660745,-0.0002821239418165477,-7.059449185963398e-05
0.6000000000000004,0.21472332133037764,0.22349592540497018,1.110551560462882,1.066842956764244,0.003997914559688412,-0.2146868541662424,3.143854029370666e-07,0.00016380564873041915,-43.22871168432877,45.36239759785726,0.0005050344576708024,0.002374029613161032,0.0,0.019984795324094817,-0.00033172677095863744,-7.116810015961641e-05
0.6100000000000004,0.21487092212771405,0.22363756834661405,1.1738090450356329,1.1295006296522343,0.004235596033812142,-0.2148297505054289,3.1901185126039464e-07,0.00016616687178002852,-43.125721873947064,45.38472313325154,0.000512291390462647,0.002390086429824327,0.0,0.02023716301157391,-0.00038277704143703517,-7.165821484785438e-05
0.6200000000000004,0.21502364263681673,0.22378413133714614,1.2392606917939124,1.1943821427178194,0.004482045186483791,-0.21497732138359943,3.2350134670914045e-07,0.00016842400231792927,-43.01907880689093,45.407843092326594,0.0005193232106740523,0.0024033251862602524,0.0,0.020476378430367214,-0.00043520471279816784,-7.206386152808271e-05
0.6300000000000004,0.21518151574725802,0.22393564699820986,1.3069205962687533,1.2615022417548916,0.00473735233727042,-0.21512956907254616,3.2785389728935314e-07,0.00017057455422836098,-42.908755420686816,45.43175990419662,0.0005261304548963987,0.0024137284994531338,0.0,0.020702202938619345,-0.0004889359203106402,-7.238448016984898e-05
0.6400000000000005,0.2153445697443502,0.224092143586637,1.3768008807368393,1.330873634299717,0.005001601462836944,-0.21528649005467315,3.320697766494724e-07,0.00017261625966061072,-42.7947277915466,45.45647506014603,0.0005327141223136615,0.0024212907990524444,0.0,0.02091441406468304,-0.000543895669752828,-7.261987081845946e-05
0.6500000000000005,0.21551282825032234,0.2242536449271106,1.4489116690106012,1.4025069752026575,0.00527487010230869,-0.21544807497050972,3.361492000970686e-07,0.00017454702830198526,-42.67697516862494,45.48198911903026,0.0005390751324941714,0.0024260163804226053,0.0,0.021112801198346787,-0.0006000104350269902,-7.27701354050647e-05
0.6600000000000005,0.21568631017085355,0.22442017034953174,1.5232610635239832,1.4764108549958959,0.005557229267034808,-0.2156143085757215,3.40092015976632e-07,0.00017636490475884383,-42.55548000459127,45.50830171458304,0.0005452138085377561,0.0024279174371353088,0.0,0.021297161595709022,-0.0006572105665369088,-7.283561866085153e-05
0.6700000000000005,0.21586502964695437,0.2245917346315151,1.5998551247100448,1.5525917905392275,0.005848743352807176,-0.21578516970817502,3.4389742497600327e-07,0.00017806802595859544,-42.43022798292681,45.53541156400525,0.0005511294042990098,0.002427012159515615,0.0,0.021467296822887588,-0.0007154324383673387,-7.281685076798369e-05
0.6800000000000005,0.21604899601218394,0.22476834794638245,1.6786978526655754,1.6310542174869178,0.006149470052835948,-0.2159606312655511,3.4756373338925114e-07,0.00017965458025963012,-42.301208042312226,45.563316477286065,0.0005568196883643789,0.0024233229721818254,0.0,0.02162300973129027,-0.0007746202805839541,-7.27144939853007e-05
0.6900000000000005,0.21623821375519026,0.22495001581695204,1.759791171096853,1.7118004841895476,0.006459460270067149,-0.21614066019392647,3.5108814807946896e-07,0.00018112276969293556,-42.16841239841658,45.592013366795676,0.0005622805952025641,0.002416874967898732,0.0,0.021764102023737825,-0.0008347276621239769,-7.252929500970599e-05
0.7000000000000005,0.2164326824875569,0.2251367390753572,1.8431349135397057,1.7948308467236034,0.006778758027742721,-0.2163252174876678,3.544666149093468e-07,0.00018247077646625943,-42.0318365633388,45.621498256786,0.0005675059496712346,0.0024076945791523395,0.0,0.021890372440053773,-0.0008957186090129549,-7.226204436847108e-05
0.7100000000000005,0.21663239691693825,0.22532851382905042,1.928726811846,1.880143464822162,0.007107400377425563,-0.21651425820089432,3.576937031885646e-07,0.00018369673456163858,-41.89147936289127,45.65176629253559,0.0005724872662095283,0.002395808513827579,0.0,0.022001615562415644,-0.0009575683537878937,-7.191354367450388e-05
0.7200000000000005,0.21683734682546224,0.22552533143308157,2.0165624869277123,1.9677343985596718,0.007445417304032184,-0.21670773147068406,3.6076253542529386e-07,0.0001847987069600412,-41.747342951854066,45.68281174897343,0.0005772136230980018,0.0023812429655545603,0.0,0.02209762121589771,-0.001020263734793525,-7.148458110983261e-05
0.7300000000000005,0.21704751705337794,0.2257271784686708,2.1066354417487227,2.0575976057186622,0.00779283162771835,-0.216905580552113,3.6366475858133313e-07,0.00018577466874691786,-41.5994328272709,45.71462803870823,0.0005816716074350363,0.0023640230971422836,0.0,0.022178174419455715,-0.0010838032674215126,-7.097591512270346e-05
0.7400000000000005,0.2172628874879224,0.22593403672803666,2.198937056553499,2.149724939834568,0.00814965890274294,-0.21710774286513773,3.6639055608444277e-07,0.0001866224960957991,-41.447757839805206,45.747207719474325,0.0005858453251937494,0.002344172783185794,0.0,0.022243055826404557,-0.001148196922320574,-7.038826595397768e-05
0.7500000000000006,0.21748343305737958,0.22614588320539405,2.293456586320855,2.2441061489730254,0.00851590731367785,-0.2173141500532641,3.6892869267520255e-07,0.00018733996090745733,-41.292330203129886,45.780542501075935,0.0005897164684589227,0.002321714588956385,0.0,0.022292042582483747,-0.0012134656546663597,-6.972231433481079e-05
0.7600000000000006,0.21770912373030088,0.22636269009398738,2.39018116042998,2.340728875342773,0.008891577569539788,-0.21752472805387305,3.7126658991493077e-07,0.0001879247306966263,-41.13316550128596,45.81462325197152,0.0005932644317271636,0.002296669955333402,0.0,0.022324909522315316,-0.0012796407240765583,-6.89787064597034e-05
0.7700000000000006,0.21793992451985592,0.22658442478899726,2.4890957845249995,2.4395786558838695,0.009276662796582846,-0.21773939718002172,3.7339042479991016e-07,0.00018837437317758467,-40.9702826939171,45.84944000568485,0.0005964664669271404,0.0022690595545262274,0.0,0.022341430622997656,-0.0013467628587895187,-6.815806419873185e-05
0.7800000000000006,0.21817579549327862,0.22681104989613654,2.5901833445633002,2.5406389239969553,0.009671148430614507,-0.21795807221348965,3.752852459315991e-07,0.00018868636489756025,-40.80370411926573,45.88498196725965,0.0005992978686423651,0.0022389037785536625,0.0,0.022341380634010977,-0.0014148813033942192,-6.726099940387574e-05
0.7900000000000006,0.21841669178637224,0.22704252324573448,2.6934246130319965,2.643891012594472,0.010075012109780693,-0.2181806625087972,3.7693510310177647e-07,0.0001888581032048961,-40.6334554948045,45.92123751999345,0.0006017321791361086,0.0022062233215185407,0.0,0.022324536807486604,-0.0014840527994422425,-6.62881311493732e-05
0.8000000000000006,0.21866256362303457,0.2272787979121101,2.798798257315846,2.7493141586581493,0.010488223568804217,-0.218407072107898,3.783231830777072e-07,0.00018888692082009523,-40.459565915372636,45.95819423268893,0.0006037414050425923,0.002171039817899444,0.0,0.022290680659558082,-0.0015543405341080009,-6.524010476174029e-05
0.8100000000000006,0.21891335633976214,0.22751982223803183,2.906280850199097,2.8568855094842416,0.010910744535675435,-0.21863719986521699,3.794319488597077e-07,0.00018877010228269723,-40.28206784868864,45.99583886765713,0.0006052962379002872,0.0021333765009155427,0.0,0.022239599702048723,-0.001625813094714948,-6.411761155534864e-05
0.8200000000000006,0.2191690104150906,0.2277655398640755,3.0158468824827174,2.9665801307842377,0.01134252863176674,-0.21887093958269407,3.802432775105244e-07,0.00018850490159201641,-40.10099712811969,46.03415738968815,0.0006063662713456332,0.002093258849516834,0.0,0.02217108909486905,-0.0016985434565761292,-6.292140831582527e-05
0.8300000000000006,0.21942946150392534,0.2280158897627028,3.127468777697606,3.078371016791488,0.011783521276300724,-0.21910818015447986,3.807385932087484e-07,0.00018808856041932455,-39.91639294260061,46.07313497618358,0.0006069202097447034,0.002050715195949659,0.0,0.022084953179148197,-0.0017726080271180445,-6.165233567860247e-05
0.8400000000000006,0.21969464047671552,0.22827080627690519,3.241116908893401,3.1922291025006055,0.012233659596035104,-0.2193488057209264,3.8089899412043123e-07,0.0001875183263517564,-39.72829782361249,46.11275602861371,0.0006069260637146224,0.0020057772718641855,0.0,0.02198100686333218,-0.0018480857627343195,-6.031133472187043e-05
0.8500000000000006,0.21996447346342146,0.22853021916327199,3.356759617481656,3.3081232781402723,0.012692872340948902,-0.2195926958315087,3.807053703268696e-07,0.00018679147072264463,-39.536757629149584,46.15300418543012,0.0006063513300348229,0.0019584806756379647,0.0,0.02185907684458885,-0.0019250573688863904,-5.889946124088484e-05
0.8600000000000007,0.22023888190222368,0.2287940536393691,3.474363234111186,3.4260204059524453,0.013161079806628992,-0.21983972561631815,3.801385129794351e-07,0.00018590530568278439,-39.3418215246238,46.19386233652871,0.0006051631535881675,0.0019088652491414052,0.0,0.021719002658147257,-0.0020036045879560037,-5.7417897335309874e-05
0.8700000000000007,0.2205177825929202,0.22906223043533186,3.5938921015525516,3.5458853393230916,0.013638193763967604,-0.22008976596576577,3.7917921423514047e-07,0.00018485720026986156,-39.143541960676444,46.23531263932261,0.0006033284712047153,0.0018569753573490842,0.0,0.02156063755603055,-0.002083809574730683,-5.5867960092179274e-05
0.8800000000000007,0.22080108775495555,0.22933466584959614,3.715308599567697,3.6676809442815697,0.0141241173966902,-0.2203426837181358,3.778083578688504e-07,0.00018364459533718253,-38.94197464788658,46.27733653644973,0.0006008141376562139,0.0018028600687194501,0.0,0.021383849224496175,-0.002165754354177146,-5.42511072953471e-05
0.8900000000000007,0.22108870509002418,0.22961127180871133,3.838573171739971,3.791368123361735,0.01461874524715498,-0.22059834185463112,3.760070035155081e-07,0.00018226501729422752,-38.73717852838432,46.31991477510779,0.0005975870348572651,0.00174657323883058,0.0,0.0211885203556905,-0.0022495203544471987,-5.256894021760241e-05
0.9000000000000007,0.22138053784918812,0.22989195593119333,3.963644354238802,3.9169058417938944,0.015121963170784944,-0.22085659970155103,3.7375646376413453e-07,0.00018071609070370592,-38.52921574439304,46.36302742798082,0.0005936141663468815,0.0016881735026731128,0.0,0.02097454909357919,-0.0023351880036033834,-5.0823203653399745e-05
0.9100000000000007,0.22167648490444672,0.23017662159538774,4.090478806492479,4.044251155978452,0.015633648299432354,-0.22111731313923833,3.7103837851438104e-07,0.0001789955498529983,-38.31815160373896,46.40665391569586,0.0005888627397284644,0.0016277241844527886,0.0,0.02074184937775621,-0.0024228363765792125,-4.901578344792739e-05
0.9200000000000007,0.22197644082469487,0.23046516801132608,4.219031343741691,4.173359244175653,0.01615366901391921,-0.2213803348174302,3.678347872722896e-07,0.00017710124948686358,-38.10405454237738,46.45077303072868,0.0005833002394090884,0.0015652931353553775,0.0,0.020490351210040243,-0.0025125428820611364,-4.714870182852042e-05
0.9300000000000007,0.22228029595600382,0.23075749029655832,4.349254971445529,4.304183439333778,0.016681884925955154,-0.22164551437663566,3.6412820341436456e-07,0.00017503117494267842,-37.88699608399356,46.495362962661126,0.0005768944924369843,0.0015009525115063673,0.0,0.020220000869887927,-0.0026043829706008602,-4.5224110907589386e-05
0.9400000000000007,0.22258793650615644,0.2310534795559578,4.4811009215109285,4.436675263970356,0.017218146869606668,-0.22191269867515934,3.59901693140525e-07,0.00017278345197222901,-37.667050796740895,46.54040132468161,0.0005696137310503273,0.0014347785044745635,0.0,0.019930761103096006,-0.002698429856003254,-4.3244284722104564e-05
0.9500000000000007,0.2228992446333675,0.23135302296548213,4.614518690315676,4.570784467015379,0.017762296902469096,-0.22218173202136904,3.5513896132425446e-07,0.00017035635657213722,-37.44429624718269,46.58586518121346,0.0005614266539919696,0.001366851037421962,0.0,0.019622611307107934,-0.002794754233289398,-4.1211610203949316e-05
0.9600000000000007,0.22321409853911758,0.23165600385988486,4.749456078494278,4.70645906252489,0.018314168316688653,-0.22245245641080025,3.4982445035044743e-07,0.00016774832517022577,-37.21881295150315,46.63173107655293,0.0005523024894907847,0.0012972534388608111,0.0,0.019295547733553846,-0.0028934239859619293,-3.912857744482828e-05
0.9700000000000008,0.22353237256502642,0.23196230182435656,4.88585923245521,4.843645370173602,0.01887358565997782,-0.22272471176766484,3.439434548369595e-07,0.00016495796554380607,-36.9906843240518,46.67797506439899,0.0005422110622441489,0.0012260721056636154,0.0,0.018949583725354945,-0.0029945038704178974,-3.699776960369349e-05
0.9800000000000008,0.2238539372936913,0.23227179279007673,5.023672687597308,4.982288057440135,0.019440364766780002,-0.22299833619031978,3.374822573864195e-07,0.00016198406886723245,-36.75999662328116,46.724572738161434,0.0005311228661635877,0.0011533961652032377,0.0,0.018584750002428114,-0.0030980551734357984,-3.48218527615552e-05
0.9900000000000008,0.22417865965341277,0.2325843491336418,5.162839413192214,5.122330183403382,0.02001431279974969,-0.22327316620022558,3.304282928845575e-07,0.0001588256233199217,-36.52683889513239,46.77149926193915,0.0005190091444929485,0.0010793171453808699,0.0,0.018201095006102376,-0.003204135335872926,-3.260356598758341e-05
1.0000000000000007,0.22450640302672886,0.23289983978033288,5.3033008588991155,5.263713244075753,0.02059522830173205,-0.22354903699390938,3.2277034863540824e-07,0.00015548182972999365,-36.29130291391698,46.81872940206848,0.0005058419777380157,0.001003928659476511,0.0,0.017798685308860723,-0.0033127975404204702,-3.034571183393932e-05
1.0099999999999996,0.22483702736267774,0.23321813031117195,5.444997002877205,5.406377219207594,0.021182901258446726,-0.2238257826974222,3.1449881208887345e-07,0.0001519521197919925,-36.053483120735166,46.86623755915037,0.0004915943816721216,0.0009273261109589509,0.0,0.017377606091959458,-0.0034240902630092275,-2.805114741264506e-05
1.0199999999999985,0.22517038929270564,0.23353908307370908,5.587866401460595,5.550260620505068,0.02177711317209803,-0.2241032366227637,3.0560598024796066e-07,0.0001482361774981085,-35.813476559464576,46.91399780047472,0.0004762404133122293,0.0008496064220757799,0.0,0.016937961690665367,-0.0035380567882428602,-2.572277617974187e-05
1.0299999999999974,0.2255063422501366,0.2338625572964712,5.731846240359574,5.695300541212477,0.022377637146151652,-0.22438123152572376,2.960864532333026e-07,0.0001443339645705026,-35.57138281034433,46.9619838927693,0.00045975528655117846,0.0007708677879482611,0.0,0.016479876203299042,-0.0036547346931075308,-2.3363540479645373e-05
1.0399999999999963,0.22584473659311796,0.2341884092069961,5.876872387351588,5.841432707018751,0.022984237981535663,-0.22465959986457643,2.859376414923533e-07,0.00014024575090233196,-35.32730392117309,47.010169335210584,0.00044211549666367875,0.0006912094567149389,0.0,0.016003494157917957,-0.0037741553015236073,-2.09764148724036e-05
1.0499999999999952,0.2261854197309546,0.23451649215336462,6.02287944642443,5.988591528254716,0.023596672284531633,-0.22493817405904126,2.7516043070532424e-07,0.00013597215134588208,-35.0813443361322,47.058527392641636,0.0004232989517331904,0.0006107315351814096,0.0,0.01550898122837142,-0.0038963431161251226,-1.856440022800613e-05
1.059999999999994,0.22652823625374255,0.23484665672913826,6.169800813333559,6.136710153355128,0.024214688586631103,-0.22521678674891482,2.637600725918889e-07,0.00013151417066890878,-34.833610822239095,47.107031128949366,0.0004032851117821083,0.0005295348177693945,0.0,0.014996524989597504,-0.004021315234449163,-1.6130518528601766e-05
1.069999999999993,0.22687302806521176,0.23517875090160248,6.317568732534639,6.285720523564747,0.02483802747663226,-0.22549527105176298,2.51747400795532e-07,0.00012687325921974696,-34.58421239343085,47.15565344056034,0.00038205513295902786,0.00044772063639490366,0.0,0.014466335701023103,-0.004149080754461687,-1.3677808305843567e-05
1.0799999999999919,0.22721963451868554,0.23551262014320878,6.4661143554519835,6.435553428872703,0.02546642174524885,-0.22577346081905303,2.3914052849636667e-07,0.00012205138291153882,-34.33326023227317,47.20436709001858,0.00035959201595614867,0.00036539072768658324,0.0,0.013918647106158016,-0.004279640179673844,-1.120932061141018e-05
1.0899999999999908,0.22756789255606374,0.23584810756610733,6.615367800042642,6.586138565162525,0.02609959654249265,-0.22605119089010178,2.2596727390271436e-07,0.00011705111274691453,-34.080867609286706,47.25314473961176,0.00033588075790620496,0.00028264711416689726,0.0,0.013353717236177527,-0.004412984827770816,-8.728115414063645e-06
1.0999999999999897,0.22791763684973354,0.23618505405965434,6.765258211615403,6.737404592567259,0.026737269548073983,-0.2263282973432078,2.1226870840092116e-07,0.00011187574156478856,-33.82714979988054,47.30195898501508,0.0003109085050936181,0.00019959199514744852,0.0,0.012771829205504043,-0.004549096254076873,-6.237258304108798e-06
1.1099999999999886,0.2282686999473122,0.23652329843078063,6.915713824863398,6.889279195020689,0.027379151155046175,-0.22660461774334,1.981044702439679e-07,0.00010652943950218479,-33.57222399888051,47.3507823889219,0.000284664706403538,0.00011632764367015335,0.0,0.012173291987612394,-0.004687945694225965,-3.739817387663797e-06
1.1199999999999875,0.22862091241912336,0.23686267754710108,7.066662027068187,7.04168914099467,0.028024944666889137,-0.22687999138575393,1.8356091213354693e-07,0.0001010174656949685,-33.316209232640325,47.39958751462966,0.0002571412649643284,3.2956305849652246e-05,0.0,0.011558441160441236,-0.004829493532612572,-1.2388602659237761e-06
1.1299999999999863,0.22897410300830742,0.23720302648264943,7.218029422432789,7.194560345412856,0.02867434650820147,-0.22715425953491625,1.6876385823654309e-07,9.534646346734721e-05,-33.059226268723016,47.44834695954874,0.0002283326878371936,-5.0419900951710974e-05,0.0,0.01092763961110868,-0.004973688805607446,1.2625490148174161e-06
1.1399999999999852,0.22932809878346544,0.23754417866611696,7.36974189750051,7.34781793272831,0.02932704644913127,-0.22742726565812332,1.5389890327046017e-07,8.952488234371844e-05,-32.801397523141816,47.497033388598446,0.0001982362314056931,-0.00013369909411838364,0.0,0.010281278191350485,-0.005120468741615586,3.761353122968405e-06
1.1499999999999841,0.22968272529373435,0.23788596603147819,7.5217246876157535,7.501386301150253,0.02998272784363848,-0.22769885565321557,1.3924385356510954e-07,8.356359746700256e-05,-32.54284696515099,47.54561956745151,0.0001668520425796476,-0.00021677973823920312,0.0,0.009619776315701146,-0.005269758344276542,6.254504795806254e-06
1.159999999999983,0.2300378067261901,0.2382282191708868,7.673902444382501,7.6551891880028995,0.030641067881643405,-0.22796887806980276,1.2521945524109206e-07,7.747684446034719e-05,-32.283700019579406,47.5940783955852,0.00013418329382240755,-0.0002995607662848332,0.0,0.008943582495950758,-0.005421470024043756,8.738970445669524e-06
1.169999999999982,0.23039316606547428,0.23857076748972333,7.826199304075725,7.809149736195145,0.0313017378550694,-0.22823718432343174,1.124623119898463e-07,7.128367277853731e-05,-32.02408346670236,47.642382939092634,0.00010023631186153968,-0.00038194171050178936,0.0,0.0082531748066355,-0.00557550327791575,1.1211734056351004e-05
1.1799999999999808,0.2307486252555379,0.23891343936368187,7.978538956960142,7.963190561777045,0.031964403437746716,-0.22850362890215256,1.0190510289606489e-07,6.501027723300796e-05,-31.764125339650313,47.69050646320439,6.502069901426616e-05,-0.00046382284424987966,0.0,0.00754906127729022,-0.0057317444248879915,1.3669801404368295e-05
1.1899999999999797,0.23110400536339587,0.23925606229777893,8.130844717470696,8.117233822554928,0.03262872497909759,-0.22876806956495715,9.478786605346855e-08,5.8693863569037015e-05,-31.503954819356245,47.738422464466105,2.8549446650572235e-05,-0.000545105334878501,0.0,0.006831780208229443,-0.005890066394559246,1.6110204612248392e-05
1.1999999999999786,0.23145912674478325,0.23959846308717406,8.283039595208137,8.271201287734003,0.03329435781148052,-0.22903036753159398,9.243167231908699e-08,5.2389273822649575e-05,-31.24370212704688,47.78610470251489,-9.160959721267149e-06,-0.0006256914073716706,0.0,0.006101900407680822,-0.006050328572991664,1.8530007027131993e-05
1.2099999999999775,0.23181380921160447,0.23994046797969001,8.435046366702945,8.425014408553315,0.03396095257102487,-0.2292903876632888,9.569525597849154e-08,4.618068744618385e-05,-30.983498414286714,47.833527231393326,-4.8090444484630365e-05,-0.000705484518136896,0.0,0.005360021349107541,-0.00621237670532625,2.092630840377613e-05
1.2199999999999764,0.23216787220106497,0.24028190283992001,8.586787647900307,8.578594389875235,0.034628155531746044,-0.22954799863392833,1.045130916785949e-07,4.02026579272005e-05,-30.723475650587325,47.88066443033779,-8.821525469737862e-05,-0.0007843895380112737,0.0,0.0046067732474876335,-0.006376042857530034,2.3296250370612584e-05
1.2299999999999753,0.23252113494637341,0.24062259331481453,8.73818596731821,8.731862262688605,0.03529560895268875,-0.2298030730913003,1.1804852218211079e-07,3.467726207719137e-05,-30.463766508598138,47.92749103397533,-0.0001295078830397382,-0.000862312942750619,0.0,0.003842817055066955,-0.006541145434091844,2.563702212232729e-05
1.2399999999999742,0.23287341664890235,0.24096236500063736,8.889163839830609,8.884738957481671,0.03596295143780438,-0.23005548780801233,1.352371882284263e-07,2.9972100741972663e-05,-30.204504246898594,47.97398216186193,-0.00017193700005576376,-0.0009391630097437846,0.0,0.0030688443761447085,-0.006707489254803661,2.7945866306690596e-05
1.2499999999999731,0.23322453665169363,0.2413010436111806,9.039643841026871,9.037145378439474,0.03662981830823257,-0.23030512382174817,1.5516339156507147e-07,2.6652464086805127e-05,-29.945822590415343,48.02011334729429,-0.00021546739664890925,-0.0010148500186922906,0.0,0.0022855773020677207,-0.00687486568703925,3.022008503384386e-05
1.259999999999972,0.23357431461419412,0.24163845514713053,9.18954868209851,9.189002478417745,0.037295841986618325,-0.2305518665645564,1.771545387673129e-07,2.5396125786305812e-05,-29.687855608491898,48.065860565327384,-0.0002600599371752079,-0.0010892864545531363,0.0,0.0014937681666139183,-0.007043052835888047,3.245704596279331e-05
1.269999999999971,0.23392257068810646,0.24197442606647485,9.338801285203795,9.340231334644132,0.03796065239306269,-0.2307956059809046,2.007427598409223e-07,2.6611759224919465e-05,-29.430737590641854,48.11120025993014,-0.0003056715225297543,-0.0011623872105802878,0.0,0.0006941992229173469,-0.007211815788413162,3.465418839329489e-05
1.2799999999999698,0.23426912569423847,0.24230878345584214,9.487324859260381,9.490753225096434,0.03862387735227321,-0.23103623663427075,2.2560317328305396e-07,3.0094208117195678e-05,-29.17460292002092,48.15610937021379,-0.00035225506484221167,-0.0012340697892305064,0.0,-0.00011231775737544081,-0.0073809069130295665,3.680902930250442e-05
1.2899999999999687,0.2346138013002344,0.2426413552026612,9.635042976115775,9.640489705506184,0.03928514301144831,-0.23127365780208098,2.5150441149500977e-07,3.5250343723244836e-05,-28.919585944656497,48.200565355668864,-0.000399759472267399,-0.0013042544992805838,0.0,-0.0009249419621765453,-0.007550066212241635,3.891916927451747e-05
1.2999999999999676,0.23495642019906965,0.24297197016803118,9.78187964704517,9.789362686935704,0.03994407426840414,-0.231507773558848,2.7827513944844775e-07,4.151701655568172e-05,-28.665820846478297,48.2445462203497,-0.0004481296463390697,-0.0013728646465756876,0.0,-0.001742804093292066,-0.007719021727485143,4.098229824138907e-05
1.3099999999999665,0.23529680628819113,0.24330045836018918,9.9277593995258,9.937294513875775,0.04060029520942392,-0.23173849284740283,3.0578258823766674e-07,4.850816477585891e-05,-28.413441508197202,48.28803053594875,-0.0004973064901630206,-0.0014398267171075604,0.0,-0.002565006996873509,-0.007887489995997015,4.299620100359122e-05
1.3199999999999654,0.23563478484918293,0.24362665110846363,10.072607354236574,10.084208042811072,0.04125342955628715,-0.23196572953815725,3.33918947192633e-07,5.598462741299245e-05,-28.162581378084404,48.33099746370654,-0.000547226928906225,-0.0015050705503205095,0.0,-0.0033906263694773505,-0.008055176557899413,4.4958762459728043e-05
1.3299999999999643,0.23597018272783835,0.24395038123759852,10.216349302231746,10.230026721200149,0.04190310112191303,-0.2321894024763757,3.625926817316335e-07,6.37987164695004e-05,-27.913373332707444,48.37342677510776,-0.0005978239430527127,-0.0015685295009760822,0.0,-0.0042187115395370565,-0.008221776511508206,4.686797249810944e-05
1.3399999999999632,0.23630282851451648,0.24427148324233355,10.358911782236664,10.37467466681682,0.04254893427403232,-0.23240943551748006,3.9172291868081185e-07,7.185569890201965e-05,-27.66594953768503,48.41529887131867,-0.000649026614101779,-0.0016301405883232672,0.0,-0.00504828632430987,-0.00838697511836109,4.872193051351823e-05
1.3499999999999621,0.23663255272466296,0.24458979346212478,10.500222158013733,10.518076747399101,0.04319055440628067,-0.23262575755045478,4.2123575372533716e-07,8.009142385898615e-05,-27.42044130652774,48.456594801325934,-0.0007007601838726088,-0.0016898446309940346,0.0,-0.0058783499620194855,-0.00855044845420067,5.051884949761461e-05
1.359999999999961,0.2369591879793727,0.24490515025588844,10.64020869574648,10.660158660552622,0.04382758841609226,-0.23283830250946452,4.5106178899375434e-07,8.845978832824697e-05,-27.176978957637406,48.49729627874266,-0.0007529461272944486,-0.0017475863668514153,0.0,-0.006707878119642163,-0.008711864106381657,5.2257059680412763e-05
1.36999999999996,0.23728256918587215,0.24521739417665053,10.778800641389099,10.800847013854474,0.044459665188753286,-0.2330470093738402,4.811344647626989e-07,9.692564284810477e-05,-26.9356916695442,48.53738569725313,-0.0008055022391785019,-0.0018033145561306009,0.0,-0.007535823976052791,-0.008870881915268936,5.393501167751272e-05
1.3799999999999588,0.2376025337177981,0.24552636814598253,10.915928297928787,10.940069405103563,0.04508641608696068,-0.23325182215663395,5.113889227790972e-07,0.00010546067070714306,-26.696707334466886,48.57684614467401,-0.0008583427358557328,-0.001856982067449506,0.0,-0.00836111938049292,-0.009027154758956024,5.555127912081055e-05
1.3899999999999577,0.2379189215951503,0.2458319176281055,11.051523102508302,11.077754502663579,0.045707475445220414,-0.2334526898819892,5.417612247579389e-07,0.00011404092115424943,-26.460152410288355,48.61566141561552,-0.0009113783713434459,-0.0019085459460223384,0.0,-0.009182676086649699,-0.009180329380628799,5.7104560761017354e-05
1.3999999999999566,0.2382315756637934,0.24613389080354056,11.185517703355353,11.21383212584325,0.0463224810684018,-0.23364956655161334,5.721878189859421e-07,0.00012264528848121247,-26.226151771046105,48.65381602273262,-0.0009645165690456949,-0.001957967462831895,0.0,-0.00999938706149644,-0.009330047254261559,5.859368200028481e-05
1.4099999999999555,0.23854034177438468,0.24643213874218658,11.317846036465898,11.348233325259404,0.04693107473375971,-0.2338424111006867,6.026051815526175e-07,0.0001312545487601895,-25.99482855604454,48.69129520656335,-0.0010176615686694633,-0.0020052121450257676,0.0,-0.010810127868777036,-0.009475945490154448,6.001759586000605e-05
1.4199999999999544,0.2388450689606028,0.24672651557570335,11.448443401987944,11.480890463126334,0.04753290269572054,-0.23403118734358236,6.329495803137403e-07,0.00013985073545743013,-25.766304017704137,48.72808494395681,-0.0010707145890754264,-0.0020502497865051827,0.0,-0.01161375812624918,-0.009617657776132032,6.137538335990911e-05
1.4299999999999533,0.23914560961655312,0.24701687866907912,11.57724654025237,11.611737293415418,0.04812761619272367,-0.23421586390981386,6.631569339170584e-07,0.0001484167270104114,-25.540697368270564,48.76417195510142,-0.0011235740072922907,-0.002093054438638428,0.0,-0.012409123035445935,-0.009754815352547203,6.26662532977093e-05
1.4399999999999522,0.23944181967322434,0.24730308879126134,11.704193707397174,11.740709041827028,0.04871487195539875,-0.23439641417066856,6.931627364771303e-07,0.00015693597062498466,-25.318125625515485,48.799543709169555,-0.0011761355532112672,-0.002133604380856185,0.0,-0.013195054982708464,-0.009887048019560507,6.388954142978655e-05
1.449999999999951,0.23973355877387148,0.24758501028472724,11.829224750531667,11.86774248551655,0.04929433271535505,-0.2345728161570227,7.229020363605205e-07,0.00016539229585768212,-25.098703457569197,48.83418842860229,-0.0012282925206413202,-0.002171882071021194,0.0,-0.01397037520944841,-0.010013985173425555,6.504470904094179e-05
1.45999999999995,0.2400206904482,0.24786251123387454,11.952281182386752,11.992776032514733,0.049865667713852244,-0.23474505246887367,7.523094548929659e-07,0.00017376978879156385,-24.88254302703447,48.86809509206393,-0.0012799359942989937,-0.002207874075382046,0.0,-0.01473389554956141,-0.010135256868676007,6.613134090519159e-05
1.469999999999949,0.24030308228522504,0.2481354636321097,12.073306255397478,12.115749800781975,0.05042855320961977,-0.23491311017716016,7.813192373992477e-07,0.00018205270801908546,-24.669753834539545,48.9012534361035,-0.0013309550923575105,-0.0022415709783196475,0.0,-0.015484420231090918,-0.010250494903786789,6.714914263890996e-05
1.4799999999999478,0.24058060610468074,0.24840374354751105,12.192245035164207,12.236605696834307,0.050982672985086214,-0.23507698071847316,8.0986533017481e-07,0.00019022543007288378,-24.460442561897658,48.93365395556628,-0.0013812372249113684,-0.0022729672717584377,0.0,-0.016220747739162784,-0.010359333927017095,6.809793744387523e-05
1.4899999999999467,0.2408531381268539,0.24866723128694668,12.309044473238423,12.355287493878086,0.05152771885028103,-0.23523665978329616,8.378814779778502e-07,0.00019827241600753388,-24.254712915049158,48.96528790280536,-0.0014306683671859877,-0.0023020612247833597,0.0,-0.016941672736286738,-0.010461412558299864,6.897766225349195e-05
1.4999999999999456,0.24112055914071637,0.24892581155852544,12.423653479179475,12.471740909389048,0.05206339114367002,-0.23539214719843937,8.653013390906413e-07,0.00020617819345132858,-24.05266546697127,48.996147285749366,-0.0014791333472697703,-0.0023288547334906905,0.0,-0.017645988036455163,-0.010556374523919065,6.978836328913268e-05
1.5099999999999445,0.24138275467023027,0.2491793736322588,12.536022991828286,12.585913682069826,0.05258939922918546,-0.23554344680435962,8.920586148056806e-07,0.0002139273501650806,-23.854397500749393,49.02622486488906,-0.00152651614789785,-0.0023533531516428527,0.0,-0.018332486627829953,-0.010643869800483995,7.053019103566175e-05
1.5199999999999434,0.24163961513870114,0.2494278114988148,12.64610604974438,12.697755648119214,0.053105461988716976,-0.23569056632808455,9.180871913041657e-07,0.00022150453629107584,-23.66000285301232,49.05551414925076,-0.0015727002209771465,-0.002375565102545925,0.0,-0.018999963739564574,-0.010723555763483255,7.120339465294244e-05
1.5299999999999423,0.24189103603105327,0.2496710240262415,12.753857860752433,12.807218816744864,0.053611308309330176,-0.23583351725247625,9.433212900362381e-07,0.00022889447325422896,-23.46957175794164,49.08400939143137,-0.0016175688144774126,-0.0023955022730107437,0.0,-0.019647218947250848,-0.010795098336114594,7.180831584792532e-05
1.5399999999999412,0.24213691805390172,0.24990891511454105,12.859235870544632,12.9142574448501,0.05410667756448657,-0.2359723146825906,9.67695628100904e-07,0.0002360819678109739,-23.283190692073852,49.11170558177406,-0.0016610053099516977,-0.002413179189984361,0.0,-0.02027305831089112,-0.010858173135660792,7.234538222414091e-05
1.54999999999994,0.24237716729329678,0.2501413938479745,12.962199830285371,13.018828110824472,0.05459132008854516,-0.2361069772099027,9.911455839720849e-07,0.00024305193011471345,-23.10094222012053,49.13859844176949,-0.0017028935702473082,-0.002428612980719581,0.0,-0.020876296539638423,-0.010912466609482252,7.281510013603396e-05
1.559999999999939,0.24261169537001545,0.2503683746449768,13.062711863164795,13.120889787366549,0.0550649976438324,-0.23623752677517643,1.0136073695326222e-06,0.00024978939492928496,-22.92290484203901,49.164684416772104,-0.0017431182953717083,-0.0024418231180518683,0.0,-0.021455759176296968,-0.010957677161732904,7.321804708727862e-05
1.569999999999938,0.24284041959227545,0.25058977740556465,13.160736529847657,13.220403913266331,0.05552748387957711,-0.23636398853076948,1.0350182053381804e-06,0.0002562795453080273,-22.74915284159174,49.189960668124414,-0.0017815653854828673,-0.002452831151303868,0.0,-0.022010284795365286,-0.010993516259708153,7.355486370312166e-05
1.5799999999999368,0.24306326310574797,0.250805527656117,13.256240892764447,13.317334464074559,0.055978564782019236,-0.23648639070316194,1.05531649953511e-06,0.00026250773819359375,-22.579756136638196,49.214425064787314,-0.0018181223091275167,-0.0024616604247592053,0.0,-0.022538727206570425,-0.011019709520075804,7.382624531670778e-05
1.5899999999999357,0.2432801550407454,0.2510155566914111,13.349194579191924,13.411648021584329,0.05641803911500905,-0.23660476445650103,1.0744420274975174e-06,0.00026845953148581887,-22.414780131407575,49.238076174576214,-0.0018526784756713825,-0.002468335784996388,0.0,-0.023039957657457182,-0.01103599776883846,7.403293322231316e-05
1.5999999999999346,0.24349103065645974,0.25121980171379565,13.439569843069489,13.503313842050927,0.056845718850431146,-0.236719143757949,1.09233611336206e-06,0.0002741207122048222,-22.254285571004335,49.26091325510621,-0.0018851256090970559,-0.002472883279010107,0.0,-0.023512867026749977,-0.011042138069769683,7.417570564244264e-05
1.6099999999999335,0.2436958314821301,0.2514182059693845,13.527341625499648,13.592303923074635,0.05726142958779892,-0.23682956524561163,1.1089418095131548e-06,0.0002794773254210738,-22.09832839840139,49.28293624455067,-0.0019153581222916647,-0.0024753298446637943,0.0,-0.02395636800105825,-0.011037904717749477,7.425536846384707e-05
1.6199999999999324,0.24389450545501576,0.2516107188811544,13.612487613879214,13.678593069070942,0.057665010962381295,-0.23693606809981407,1.1242040760012455e-06,0.00028451570367039295,-21.946959614177633,49.30414575231953,-0.0019432734892163024,-0.0024757029958602022,0.0,-0.02436939722671432,-0.01102309019223754,7.427274580401322e-05
1.6299999999999313,0.24408700705505348,0.2517972961788294,13.694988299609665,13.76215895525299,0.05805631704124282,-0.23703869391847365,1.138069955669406e-06,0.00028922249659924453,-21.800225139257286,49.324543049763264,-0.001968772613608648,-0.002474030504310128,0.0,-0.024750917429142406,-0.010997506065978596,7.422867047130836e-05
1.6399999999999302,0.244273297436077,0.25197790002543885,13.774827034334036,13.842982190050005,0.058435216706592255,-0.23713748659729794,1.1504887476743212e-06,0.0002935847006094441,-21.658165680908176,49.3441300610082,-0.0019917601909936987,-0.0024703400804269586,0.0,-0.025099919491239926,-0.010960983866065466,7.412397439255551e-05
1.649999999999929,0.2444533445534794,0.2521524991404325,13.85199008464934,13.921046375886533,0.058801594025858536,-0.237232492215514,1.161412173818744e-06,0.00029758968828833373,-21.520816602254765,49.36290935402784,-0.0020121450632965346,-0.0024646590555958696,0.0,-0.02541542448305844,-0.010913375881288814,7.395947907250514e-05
1.659999999999928,0.24462712328819616,0.25232106891923917,13.926466685242248,13.996338168246687,0.05915534860792967,-0.2373237589278026,1.170794541800569e-06,0.0003012252374284762,-21.388207795559246,49.38088413205264,-0.002029840563092835,-0.0024570140683825422,0.0,-0.025696485634405335,-0.010854555913689565,7.373598616492173e-05
1.6699999999999269,0.24479461556689186,0.2524835915491574,13.998249090397541,14.068847332948414,0.059496395945014297,-0.23741133686308208,1.178592899274188e-06,0.000304479559448388,-21.260363559520144,49.39805822541698,-0.0020447648451180933,-0.002447430757448147,0.0,-0.025942190242658182,-0.010784419969005412,7.34542682371341e-05
1.6799999999999258,0.24495581047822967,0.252640056121463,14.067332623828033,14.138566801553113,0.0598246677396072,-0.2374952780307465,1.184767182138535e-06,0.0003073413270405106,-21.137302480833217,49.41443608393944,-0.002056841203915972,-0.002435933463530779,0.0,-0.026151661507596714,-0.0107028868834028,7.311505979737939e-05
1.6899999999999247,0.24511070438510765,0.25279045873962613,14.133715726775735,14.205492724836475,0.060140112216064405,-0.23757563623492586,1.1892803535472438e-06,0.0003097997008781497,-21.019037320253197,49.430022769926154,-0.0020659983744643366,-0.0024225449434928503,0.0,-0.026324060285844948,-0.010609898882312683,7.271904867738888e-05
1.6999999999999236,0.24525930103274346,0.2529348026235253,14.197400004333941,14.26962452424721,0.06044269441631784,-0.23765246699728854,1.1920985325192735e-06,0.0003118443552236383,-20.9055749033878,49.44482395188223,-0.0020721708142141144,-0.002407286098983158,0.0,-0.02645858675696347,-0.010505422068637863,7.22668678448002e-05
1.7099999999999225,0.2454016116524918,0.2530730982095485,14.258390269940378,14.330964941281211,0.06073239647928597,-0.23772582748885862,1.1931911143363805e-06,0.00031346550228784285,-20.79691601644715,49.458845899009575,-0.002075298964728091,-0.0023901757223431697,0.0,-0.02655448199416916,-0.010389446837122146,7.175908772374736e-05
1.7199999999999214,0.24553765506128022,0.253205363246478,14.316694587992561,14.389520084699628,0.0610092179035643,-0.23779577647127437,1.192530877006303e-06,0.0003146539151947649,-20.693055307161984,49.472095476561236,-0.0020753294904515074,-0.002371230262662894,0.0,-0.02661102943227224,-0.010261988211817388,7.119620911403411e-05
1.7299999999999203,0.24566745775654633,0.2533316228870472,14.372324314535174,14.445299475520542,0.061273175793006646,-0.23786237424785028,1.1900940780684684e-06,0.00031540094942212596,-20.59398119107377,49.484580142114865,-0.0020722154931959473,-0.0023504636142599204,0.0,-0.026627556226347632,-0.010123086104719283,7.05786567744782e-05
1.7399999999999192,0.24579105400656634,0.2534519097750675,14.425294135972317,14.498316089715194,0.061524305084838846,-0.23792568262475702,1.185860537576583e-06,0.0003156985625834119,-20.49967576338798,49.496307942818376,-0.002065916700701699,-0.0023278869302792624,0.0,-0.026603434494505855,-0.009972805492268953,6.990677375093864e-05
1.749999999999918,0.24590848593606074,0.25356626412802236,14.475622105755638,14.548586398540749,0.06176265875997507,-0.2379857648825679,1.1798137075613687e-06,0.00031553933243472383,-20.410114716569293,49.50728751365079,-0.0020563996268868285,-0.0023035084636509797,0.0,-0.026538082438604622,-0.009811236509224625,6.918081652291993e-05
1.759999999999917,0.2460198036069654,0.2536747338150224,14.523329679000492,14.596130406443773,0.061988308035239754,-0.2380426857583545,1.1719407277580157e-06,0.00031491647299716806,-20.32526726384407,49.517528076731615,-0.002043637703744775,-0.0022773334375089833,0.0,-0.026430965337180465,-0.009638494455852664,6.84009510214294e-05
1.7699999999999159,0.24612506509425935,0.25377737443002596,14.568441744983616,14.640971686469548,0.06220134253723072,-0.23809651143845784,1.1622324670846592e-06,0.0003138238486870832,-20.245096068760937,49.52703944170004,-0.002027611382180661,-0.002249363947332631,0.0,-0.02628159640576183,-0.009454719719531575,6.756724959827716e-05
1.7799999999999148,0.24622433655673973,0.25387424936022196,14.610986657475197,14.683137413114308,0.06240187045759032,-0.23814730956198155,1.15068354930581e-06,0.00031225598636259436,-20.169557180945297,49.53583200717391,-0.002008308201271051,-0.002219598896376841,0.0,-0.026089537519019185,-0.009260077606972613,6.66796889852805e-05
1.7899999999999137,0.2463176923026348,0.25396542984948123,14.650996262858804,14.722658392559495,0.06259001868948934,-0.23819514923499416,1.1372923634897083e-06,0.00031020808520199603,-20.098599978167876,49.54391676328687,-0.001985722825361938,-0.0021880339659428065,0.0,-0.025854399791409317,-0.009054758088254119,6.573814929678094e-05
1.7999999999999126,0.246405214849951,0.25405099505677775,14.688505925994317,14.759569090228801,0.062765932945161,-0.2382401010553481,1.12206105896958e-06,0.0003076760243356343,-20.03216711483118,49.55130529528878,-0.0019598570473701635,-0.0021546616219507275,0.0,-0.025575844011589778,-0.008838975450147609,6.474241411585775e-05
1.8099999999999115,0.2464869949814463,0.25413103210948845,14.72355455377802,14.793907655610875,0.06292977785436069,-0.23828223714795585,1.1049955238574461e-06,0.0003046563681674216,-19.970194476960717,49.55800978818247,-0.0019307197582882553,-0.0021194711588583687,0.0,-0.025253580928239816,-0.008612967859645857,6.369217169883248e-05
1.8199999999999104,0.24656313179412642,0.25420563615147834,14.756184616355219,14.825715944292885,0.06308173704366471,-0.23832163121028632,1.0861053468151178e-06,0.00030114636933172305,-19.912611143771024,49.56404303235679,-0.0018983268825873653,-0.0020824487814256436,0.0,-0.02488737138401149,-0.008376996836740428,6.258701731456443e-05
1.8299999999999093,0.2466337327431625,0.2542749103858805,14.7864421659421,14.855039537152086,0.06322201319655887,-0.23835835856777016,1.0654037633425818e-06,0.00029714396923661066,-19.859339355859024,49.569418430163196,-0.0018627012788440171,-0.00204357772532803,0.0,-0.02447702629636475,-0.008131346637427619,6.142645674466996e-05
1.8399999999999082,0.2466989136801267,0.25433896611248413,14.814376853212474,14.881927756655049,0.06335082809430878,-0.23839249623872955,1.0429075849136171e-06,0.0002926477961636216,-19.810294490059835,49.574150003369944,-0.0018238726060613927,-0.002002838416269005,0.0,-0.02402240648300562,-0.007876323546229046,6.020991094216349e-05
1.849999999999907,0.24675879888544827,0.25439792275964196,14.840041941207437,14.906433680216441,0.06346842263764278,-0.2384241230083699,1.0186371117500173e-06,0.00028765716089639996,-19.765385040982512,49.578252401415405,-0.0017818771557932965,-0.0019602086679305817,0.0,-0.023523422332021312,-0.007612255080467009,5.893672185357125e-05
1.859999999999906,0.24681352109498914,0.25445190791061423,14.863494316724946,14.928614150571704,0.06357505684932076,-0.23845331951129833,9.926160292851111e-07,0.0002821720498692314,-19.72451260922612,49.581740910369525,-0.001736757650223459,-0.00191566391797057,0.0,-0.022980033316007318,-0.007339489105701269,5.760615938567563e-05
1.8699999999999048,0.24686322152064386,0.25450105732426537,14.884794499148402,14.948529783120645,0.06367100985770408,-0.23848016832195745,9.648712891139418e-07,0.0002761931158320836,-19.687571896258998,49.58463146250029,-0.0016885630072434096,-0.0018691775019508015,0.0,-0.02239224735129284,-0.007058392865332837,5.621742951030335e-05
1.8799999999999037,0.24690804986486828,0.25454551495003197,14.904006646673153,14.966244970201297,0.06375657986148425,-0.23850475405228955,9.3543297316546e-07,0.0002697216660425636,-19.654450705927523,49.58694064633011,-0.0016373480731459353,-0.0018207209635155842,0.0,-0.021760120002926334,-0.006769351924965987,5.4769683462626585e-05
1.8899999999999026,0.2469481643290421,0.2545854329370832,14.921198559890506,14.981827882255956,0.06383208407577129,-0.2385271634558751,9.043341433860484e-07,0.00026275964800648836,-19.625029952543958,49.58868571705588,-0.0015831733237610833,-0.0017702644004205313,0.0,-0.021083753537951912,-0.006472769034487587,5.32620280170577e-05
1.8999999999999015,0.2469837316155739,0.25462097163759617,14.936441682689843,14.995350465854225,0.06389785865978745,-0.23854748553771715,8.716106752421844e-07,0.00025530963279947754,-19.59918367548724,49.58988460719569,-0.0015261045354214155,-0.0017177768442338255,0.0,-0.020363295829040083,-0.006169062908277215,5.1693536778676325e-05
1.9099999999999004,0.2470149269236578,0.2546522996040688,14.949811100440094,15.006888438540095,0.06395425862645501,-0.238565811668774,8.373010785840421e-07,0.0002473747960123098,-19.576779060235168,49.59055593731536,-0.0014662124271686906,-0.001663226672527166,0.0,-0.01959893911185285,-0.005858666929057478,5.006326245327749e-05
1.9199999999998993,0.24704193393859294,0.2546795935805976,14.961385535412296,15.0165212804731,0.0640016577342121,-0.23858223570427695,8.014463022719913e-07,0.00023895889637507925,-19.55767646573166,49.59071902667786,-0.0014035722754360267,-0.0016065820513213526,0.0,-0.018790918600331198,-0.005542027775300018,4.8370250033842154e-05
1.9299999999998982,0.24706494481457858,0.25470303848804615,14.971247339406142,15.024332222836012,0.06404044836143485,-0.2385968541048048,7.640895276380341e-07,0.0002300662521238173,-19.541729457979162,49.59039390365119,-0.0013382635027830967,-0.0015478114060414364,0.0,-0.0179395109636598,-0.0052196039781870875,4.661355084672017e-05
1.9399999999998971,0.247084160150899,0.25472282740303254,14.979482483543462,15.03040823298426,0.06407104136388839,-0.23860976605902368,7.252759479037479e-07,0.00022070171518732772,-19.528784849732716,49.58960131570124,-0.001270369242688109,-0.0014868839185513847,0.0,-0.017045032670989398,-0.004891864409266548,4.479223738688741e-05
1.949999999999896,0.24709978896141455,0.2547391615306679,14.986180545192974,15.034839996314714,0.06409386591567282,-0.23862107360694584,6.85052536999774e-07,0.00021087064327722334,-19.518682746160575,49.58836273879002,-0.0011999758822031277,-0.0014237700477524558,0.0,-0.016107838208692982,-0.004559286704297453,4.2905418867925584e-05
1.959999999999895,0.24711204863727831,0.2547522501709745,14.991434691991742,15.037721894834252,0.06410936933417495,-0.23863088176250186,6.434678057675932e-07,0.00020057886997591125,-19.51125659632446,49.58670038599297,-0.0011271725839103442,-0.0013584420717914396,0.0,-0.015128318177079405,-0.004222355626573579,4.09522574285776e-05
1.9699999999998938,0.24712116490279676,0.2547623106789178,14.995341662928215,15.039151982410937,0.06411801688957841,-0.2386392986341713,6.00571550107133e-07,0.00018983267292930692,-19.506333250322452,49.58463721514433,-0.0010520507898827654,-0.001290874648808018,0.0,-0.014106897272826973,-0.0038815613752442987,3.893198490096355e-05
1.9799999999998927,0.24712737176435584,0.25476956841798537,14.998001746453527,15.039231956693117,0.06412029159952692,-0.23864643554236917,5.564145882999391e-07,0.0001786387402579907,-19.50373302192805,49.582196935314265,-0.0009747037093350265,-0.0012210453939712528,0.0,-0.013044032164861035,-0.003537397841187618,3.684392007805539e-05
1.9899999999998916,0.2471309114523399,0.25477425670724874,14.999518755589555,15.038067127684101,0.06411669400957618,-0.23865240713224214,5.110484904603349e-07,0.0001670041353047805,-19.503269756550452,49.579404011918655,-0.0008952257917454199,-0.0011489354702044485,0.0,-0.011940209271396676,-0.0031903608178482164,3.46874863969027e-05
1.9999999999998905,0.2471320343559643,0.25477661676184193,15.000000000000012,15.035766382962754,0.06410774196010913,-0.2386573314804859,4.6452530118882296e-07,0.00015493625986108745,-19.5047509043339,49.57628367025941,-0.0008137121884325183,-0.001074530189942961,0.0,-0.010795942445584199,-0.0028409461719204557,3.246222996152182e-05
2.0099999999998897,0.24713095487353193,0.2547768866721831,14.999537364671857,15.032441455725026,0.06409396452106998,-0.2386613200632693,4.1506696005596067e-07,0.00014251794874636797,-19.507982096376036,49.572865007826096,-0.0007270359431106554,-0.00098374303030358,0.0,-0.009708011011971199,-0.0024266812926516416,2.985680191724855e-05
2.0199999999998886,0.24712771649282242,0.2547751974371096,14.998149487224927,15.028199262156747,0.06407584221811082,-0.2386643829170116,3.570546738315557e-07,0.00013012078498035224,-19.51281092852048,49.569209452833974,-0.0006253045785578252,-0.0008272742547860548,0.0,-0.008793073033412216,-0.0019288002945493478,2.5390425529918257e-05
2.0299999999998875,0.24712231941359436,0.2547715332571021,14.995836453270039,15.02313435128753,0.06405376496004156,-0.2386663976193935,2.943814596303958e-07,0.00011815396179993836,-19.519148308884716,49.565417011459786,-0.0005153219041181788,-0.000601967291083596,0.0,-0.008025872460848455,-0.0014266192319669078,1.8805424202633426e-05
2.0399999999998863,0.24711476396876497,0.2547658123548641,14.992598405486014,15.017327888750767,0.06402804943208595,-0.23866719093909033,2.3424327604593087e-07,0.00010697581961259082,-19.52694140451374,49.56159718201527,-0.00040967773834276253,-0.00033777094821881855,0.0,-0.00739648772262963,-0.0009725125895369228,1.0947048131111402e-05
2.0499999999998852,0.2471050506243897,0.2547579431144209,14.988435543610898,15.010846975053989,0.06399895126833066,-0.2386665955186112,1.8187336204180578e-07,9.688453112334587e-05,-19.536154821564445,49.557848771672425,-0.0003175111110792039,-6.989972685935843e-05,0.0,-0.006904354561799379,-0.0005934518271383821,2.8792548381162815e-06
2.059999999999884,0.24709317997963337,0.25474784946361206,14.983348124429613,15.003744040201727,0.06396666930488672,-0.23866447583244227,1.399954827537521e-07,8.811222501710032e-05,-19.546762391427123,49.554250471830585,-0.00024355888187189577,0.0001736621465376455,0.0,-0.006551247646112485,-0.0002990978944485258,-4.5295701310738985e-06
2.069999999999883,0.24707915276673326,0.25473547808953917,14.977336461758146,14.996056570418988,0.06393134635398878,-0.2386607356706847,1.0951879693538025e-07,8.082271149590289e-05,-19.55874493603684,49.550858076874796,-0.00018940585463229613,0.0003750333117347325,0.0,-0.006336947616364251,-8.93810217552117e-05,-1.0713383659146321e-05
2.079999999999882,0.24706296985095397,0.25472079733230935,14.97040092642416,14.987807275521568,0.06389306959048006,-0.23865531683143681,9.023948757051839e-08,7.511232087219972e-05,-19.572090484443297,49.547705035486445,-0.0001547854435237248,0.0005250695718038319,0.0,-0.006257324144609957,4.068740060509388e-05,-1.5374876101470476e-05
2.089999999999881,0.24704463223053394,0.254703793379434,14.96254194624415,14.979004711577996,0.063851872118417,-0.2386481946063006,8.130407027852802e-08,7.101338467147437e-05,-19.586794972869033,49.54480439602502,-0.00013843848105036982,0.0006209128906293868,0.0,-0.006303967544964918,9.85042818068847e-05,-1.8412673435535577e-05
2.0999999999998797,0.247024141036624,0.25468446630124003,14.953760005997031,14.969644319730968,0.06380773623486466,-0.23863937263521584,8.155195908628263e-08,6.849994856166634e-05,-19.602862584687642,49.54215122414959,-0.00013857897077517657,0.0006638114460120867,0.0,-0.006464635275581108,9.272926842165095e-05,-1.9854316100914788e-05
2.1099999999998786,0.24700149753321748,0.25466282675348495,14.94405564739424,14.959709814263462,0.06376059833244113,-0.2386288780310644,8.977914802268825e-08,6.749515532010456e-05,-19.620305509999724,49.539725138526634,-0.0001531214809877435,0.0006575655508335501,0.0,-0.006724048598133152,3.278429840820467e-05,-1.9807738022681656e-05
2.1199999999998775,0.24697670311707237,0.25463889340982304,14.933429469046335,14.949174840665126,0.06371035512600323,-0.23861675692770987,1.0479436750524488e-07,6.78795181924751e-05,-19.63914318207794,49.53749286340819,-0.0001797944846482291,0.0006075312868241159,0.0,-0.007064789521998524,-7.14148715018282e-05,-1.8429933379962197e-05
2.1299999999998764,0.24694975931762503,0.2546126909424405,14.921882126426043,14.938004820956083,0.063656870808752,-0.23860307036538436,1.2534532635131698e-07,6.949933657226315e-05,-19.6594011363422,49.535410778254374,-0.0002162119100996326,0.0005200025679559036,0.0,-0.007468179755074531,-0.00020968378446238611,-1.5907523209207495e-05
2.1399999999998753,0.24692066779689592,0.25458424835470694,14.909414331827854,14.926158905111217,0.06359998474578485,-0.23858789041078143,1.5009966152373602e-07,7.217486295955182e-05,-19.68110964097166,49.53342745119411,-0.0002599358140759032,0.00040181136566308214,0.0,-0.00791509149822826,-0.00037181213136008656,-1.2444279108375798e-05
2.1499999999998742,0.2468894303493871,0.2545535975290737,14.896026854324067,14.913591952129872,0.06353951934872083,-0.23857129646277053,1.7769202278349568e-07,7.570821537470669e-05,-19.70430222293904,49.531486127198775,-0.00030854047226418766,0.0002600394055054452,0.0,-0.00838667028349276,-0.0005478264278053924,-8.252238779048705e-06
2.159999999999873,0.24685604890197144,0.2545207719176979,14.881720519717351,14.900256471085108,0.06347528782070228,-0.2385533717507673,2.0678260616227876e-07,7.989114146365603e-05,-19.72901418416445,49.529527126334685,-0.0003596777112757364,0.00010178319476481206,0.0,-0.008864961630613696,-0.0007282543017655691,-3.5445434672329158e-06
2.169999999999872,0.24682052551377384,0.25448580534982207,14.86649621048982,14.886104460776238,0.06340710150832651,-0.23853420006963427,2.3610547038220794e-07,8.451260117273459e-05,-19.755281178057377,49.527490099609864,-0.0004111397699619337,-6.605290648380115e-05,0.0,-0.009333437180699844,-0.0009043699870698058,1.4708384253687921e-06
2.179999999999871,0.24678286237604427,0.2544487309567373,14.850354865748576,14.871089095981104,0.06333477664357431,-0.23851386281095413,2.6450581920479897e-07,8.9365960770284e-05,-19.78313789807181,49.52531609003403,-0.00046091571303354345,-0.0002369424790977346,0.0,-0.009777417610852969,-0.0010684051159215503,6.596748131941173e-06
2.18999999999987,0.24674306181202246,0.2544095802269635,14.833297481167797,14.855166218401124,0.06325814030432095,-0.2384924363507125,2.909684057020065e-07,9.425552217445537e-05,-19.812616915745203,49.52294935254744,-0.0005072383718812811,-0.0004049002216761478,0.0,-0.010184391201290943,-0.001213714703970773,1.1651804785171905e-05
2.1999999999998687,0.24670112627679464,0.2543683822066469,14.815325108927308,14.838295600856018,0.06317703546651374,-0.23846998984377404,3.1463818936552385e-07,9.900214607155586e-05,-19.843747694448503,49.52033889616054,-0.0005486199621064697,-0.0005646184443407653,0.0,-0.01054422897183985,-0.0013348932965602162,1.647458591269954e-05
2.2099999999998676,0.2466570583571422,0.2543251628573875,14.796438857647686,14.820441963778599,0.06309132506429346,-0.23844658346067432,3.348336934309097e-07,0.00010344780704098451,-19.87655579558806,49.51743972314525,-0.0005838755681833909,-0.0007115731068824662,0.0,-0.010849299722639297,-0.0014278401402735472,2.092690392298429e-05
2.2199999999998665,0.24661086077138197,0.2542799445785825,14.776639892321878,14.80157573325134,0.06300089501558048,-0.23842226708536013,3.510533846125479e-07,0.00010745899991444073,-19.911062285623064,49.514213752125755,-0.0006121344910804449,-0.0008420970769718065,0.0,-0.011094490830072721,-0.0014897750625538179,2.489610385877593e-05
2.2299999999998654,0.24656253636919867,0.2542327458955258,14.755929434243324,14.781673539423718,0.0629056562091517,-0.23839707947555694,3.629755068339371e-07,0.00011092898248270246,-19.94728334472233,49.510630423569765,-0.0006328400503851205,-0.0009534199928763672,0.0,-0.011277143001477374,-0.0015192087606171766,2.829635889124949e-05
2.2399999999998643,0.24651208813146908,0.2541835813088173,14.73430876093063,14.760718462892626,0.0628055454841615,-0.23837104787161767,3.704519644942969e-07,0.00011377888960766403,-19.985230071133998,49.506666996919265,-0.0006457388613310541,-0.001043675690175665,0.0,-0.011396909196480159,-0.001515872611758559,3.106898795398433e-05
2.249999999999863,0.24645951917007805,0.2541324612955466,14.71177920604877,14.738700044312615,0.06270052566367595,-0.23834418802570206,3.7349699995969073e-07,0.00011595779145942103,-20.02490846943695,49.502308558062175,-0.0006508609117271706,-0.0011118794510518633,0.0,-0.011455549468829781,-0.0014806140883139736,3.3181859776302555e-05
2.259999999999862,0.24640483272772684,0.25407939244842737,14.688342159326815,14.715614078968715,0.06259058472950636,-0.2383165046113686,3.7227152054742923e-07,0.00011744179720414118,-20.066319605868838,49.49754776380627,-0.0006484919644373803,-0.0011578783374419257,0.0,-0.011456674523991319,-0.0014152644787823437,3.462797854874568e-05
2.269999999999861,0.24634803217773274,0.2540243777356613,14.663999066472206,14.691462223193415,0.06247573424607087,-0.23828799196435443,3.670639951010871e-07,0.0001182323269076399,-20.1094599099539,49.49238435634072,-0.0006391399320857633,-0.0011822785877785799,0.0,-0.011405451313802864,-0.0013224859172849934,3.542336880576734e-05
2.27999999999986,0.24628912102382125,0.2539674168618233,14.638751429081571,14.666251443287317,0.062356007155978145,-0.23825863509856407,3.582688786273952e-07,0.00011835368957397375,-20.154321598729343,49.48682448530399,-0.0006234969225624731,-0.0011863545265447567,0.0,-0.011308284025812226,-0.0012056047742328116,3.560439190784677e-05
2.289999999999859,0.24622810289990987,0.25390850670848203,14.612600804548114,14.639993340014017,0.06223145507954794,-0.23822841093709513,3.4636351146909385e-07,0.0001178501145662897,-20.200893197993135,49.48087987802119,-0.0006023986378374222,-0.0011719436803208254,0.0,-0.011172483411706733,-0.0010684382548839092,3.5224634483638284e-05
2.2999999999998577,0.24616498156988387,0.253847641832548,14.585548805965539,14.612703382825462,0.062102145254724836,-0.23819728969639142,3.318844022322872e-07,0.0001167823874711948,-20.249160134141363,49.4745668997923,-0.0005767827423378626,-0.0011413328432904014,0.0,-0.011005936591823817,-0.0009151206526764779,3.435151121155318e-05
2.3099999999998566,0.2460997609273642,0.2537848150004262,14.557597102028543,14.584400087823985,0.06196815725317024,-0.2381652363621671,3.1540373929557653e-07,0.00011522424018115691,-20.299105370262872,49.46790554591085,-0.0005476477001397259,-0.0010971397117849082,0.0,-0.010816788335426101,-0.0007499351149880762,3.3062721112896666e-05
2.3199999999998555,0.24603244499546734,0.2537200177368681,14.52874741692989,14.555104172195888,0.06182957960319252,-0.23813221219836916,2.975068801848108e-07,0.00011325863907036255,-20.350710061125852,49.46091840551764,-0.0005160134247952435,-0.0010421944360229532,0.0,-0.01061314341628229,-0.0005771560548315569,3.1442688794086744e-05
2.3299999999998544,0.24596303792655705,0.2536532408688515,14.499001530254047,14.524837715607209,0.06168650644118203,-0.23809817623483304,2.787714588289953e-07,0.00011097410526943497,-20.40395420341129,49.45362963462571,-0.00048288489958872214,-0.0009794250447375964,0.0,-0.0104027980532574,-0.000400906512269543,2.957911062513924e-05
2.3399999999998533,0.24589154400198826,0.2535844750467922,14.468361276867427,14.493623355998114,0.061539034301009515,-0.23806308668513973,2.597486284397285e-07,0.00010846118790093978,-20.45881725989704,49.44606397189328,-0.0004492197176796588,-0.0009117502068487711,0.0,-0.010193006734689048,-0.0002250338676536471,2.7559711371477483e-05
2.349999999999852,0.24581796763184302,0.25351371122776356,14.436828546805183,14.461483543523956,0.06138725913611528,-0.23802690225314724,2.409468225530008e-07,0.0001058091954517517,-20.515278739137703,49.438245826185614,-0.0004159002713453292,-0.000841982232738208,0.0,-0.00999028896168784,-5.3006379868536556e-05,2.5469300105237583e-05
2.359999999999851,0.2457423133546584,0.2534409411080751,14.404405285154636,14.428439872250525,0.06123127365248569,-0.23798958329439796,2.2281829620321458e-07,0.00010310327293525356,-20.573318715379678,49.43019845988073,-0.0003837110943071803,-0.000772742610067721,0.0,-0.009800278693410616,0.0001121679026217042,2.33871961158617e-05
2.36999999999985,0.24566458583714662,0.25336615749540925,14.371093491935294,14.394512504796786,0.06107116501309293,-0.23795109280676163,2.0574859515689007e-07,0.00010042189374759849,-20.632918276859613,49.421943286453185,-0.00035332164042031365,-0.0007063917400421619,0.0,-0.009627617592170342,0.0002679992097344,2.1385076684966888e-05
2.379999999999849,0.24558478987390703,0.2532893546136301,14.336895221975476,14.359719700603224,0.06090701295634641,-0.23791139723292937,1.9004902658181023e-07,9.783481564940033e-05,-20.694059894125242,49.413499295331704,-0.00032527457226048137,-0.000644973913359653,0.0,-0.009475891599456297,0.00041255127380184354,1.9525279768085736e-05
2.389999999999848,0.24550293038713056,0.25321052833625385,14.301812584785559,14.324077454047593,0.060738888353309116,-0.2378704670654368,1.759521689760508e-07,9.540153050778278e-05,-20.756727703466463,49.40488261156165,-0.0002999794399434073,-0.0005901779616630554,0.0,-0.009347608965836663,0.0005444546423496524,1.7859576417029247e-05
2.3999999999998467,0.24541901242629593,0.2531296763473164,14.265847744427862,14.287599244374519,0.06056685221143492,-0.23782827725250705,1.6361046092228713e-07,9.31702176804538e-05,-20.8209077038409,49.39610619258992,-0.00027771145911751114,-0.0005433134568144075,0.0,-0.009244216640931854,0.0006628996590928276,1.6428410734433592e-05
2.4099999999998456,0.24533304116785826,0.253046798230915,14.229002919383145,14.250295895475368,0.06039095511688304,-0.23778480740995217,1.530979152571691e-07,9.117719169145555e-05,-20.8865878687269,49.387179659677635,-0.0002586149532909627,-0.0005053018230625144,0.0,-0.009166150926784888,0.0007676112300607121,1.5260589750860038e-05
2.4199999999998445,0.24524502191492972,0.2529618954929527,14.191280382413774,14.212175540051492,0.06021123709346676,-0.23774004185046715,1.4441493620747672e-07,8.944681682589652e-05,-20.95375817705814,49.37810925716113,-0.00024271090697477272,-0.0004766812888562358,0.0,-0.009112917524460907,0.0008588079051978933,1.4373392237897e-05
2.4299999999998434,0.24515496009695245,0.25287497152056404,14.152682460423515,14.173243679692995,0.06002772784430554,-0.23769396944679955,1.374960070363243e-07,8.799184539640772e-05,-21.02241056972752,49.368897929113515,-0.00022990799004509645,-0.0004576242403326561,0.0,-0.009083195562682693,0.0009371481047832974,1.3773054310896746e-05
2.4399999999998423,0.2450628612693636,0.2527860314862688,14.113211534314011,14.133503329964785,0.0598404473325008,-0.23764658334935745,1.3221966870344336e-07,8.681412378777555e-05,-21.09253884005146,49.359545499981024,-0.0002200163549258307,-0.00044796525732589224,0.0,-0.009074959887408463,0.0010036664825244525,1.3455580971141203e-05
2.449999999999841,0.2449687311132527,0.25269508220510845,14.07287003883791,14.092955237737717,0.05964940664975788,-0.23759788058183168,1.2841984328267072e-07,8.590560184620776e-05,-21.164138468033766,49.35004894350919,-0.0002127634798474821,-0.00044723791265235166,0.0,-0.009085615800986926,0.0010597034840290301,1.3407826505994759e-05
2.45999999999984,0.24487257543501117,0.2526021319538316,14.031660462448674,14.051598156747623,0.05945460911687553,-0.23754786154032304,1.2589740817088477e-07,8.524957714482572e-05,-21.237206409254767,49.34040272275001,-0.00020781133036961713,-0.0004547182986906269,0.0,-0.009112140552797254,0.0011068310970697936,1.3608782902997942e-05
2.469999999999839,0.24477440016597415,0.2525071902616436,13.989585347147095,14.009429166693241,0.05925605155736291,-0.2374965294223497,1.24431102702517e-07,8.482210578606537e-05,-21.31174084974434,49.33059918313083,-0.00020477413308375562,-0.00046947320574430325,0.0,-0.009151226177518462,0.0011467776525654228,1.4031014035115145e-05
2.479999999999838,0.2446742113620547,0.2524102676821153,13.946647288324474,13.96644402106778,0.059053725685004874,-0.23744388961200344,1.2378728925660544e-07,8.459351474418777e-05,-21.387740938300716,49.32062898043628,-0.00020323610103544336,-0.0004904109107392405,0.0,-0.009199418726432113,0.0011813542977290841,1.4642174178132607e-05
2.489999999999837,0.24457201520337019,0.2523113755556099,13.902848934602533,13.922637509309634,0.05884761954779104,-0.2373899490465476,1.2372853229791555e-07,8.452995604293863e-05,-21.465206507425407,49.310481526044676,-0.0002027685142188918,-0.0005163326327254564,0.0,-0.009253249512227632,0.0012123854747418644,1.540655217511527e-05
2.4999999999998357,0.24446781799386103,0.25221052577105535,13.85819298767004,13.878003819697712,0.058637718974013466,-0.2373347155879999,1.2402120363326607e-07,8.459494918526794e-05,-21.544137793403635,49.300145432799056,-0.0002029456334568819,-0.0005459828659856002,0.0,-0.009309354658934507,0.0012416453840565916,1.6286587055346737e-05
2.5099999999998346,0.24436162616090196,0.2521077305351151,13.812682202116152,13.832536890637092,0.05842400897124902,-0.23727819742086212,1.2444232399419248e-07,8.475086451407407e-05,-21.624535165122882,49.289608946397074,-0.00020335901615371898,-0.0005780970017283959,0.0,-0.009364579982806796,0.0012708020323414933,1.7244306767773913e-05
2.5199999999998335,0.24425344625490542,0.25200300215583477,13.766319385260495,13.786230739505672,0.05820647503506714,-0.23722040249427484,1.2478571450889807e-07,8.496030637813754e-05,-21.70639887004684,49.278860349058164,-0.00020362989572649703,-0.0006114448828538045,0.0,-0.00941606899889301,0.0013013700667327045,1.8242648638334914e-05
2.5299999999998324,0.2441432849489176,0.2518963528467195,13.71910739698,13.73907975998355,0.05798510433132804,-0.23716133802364167,1.248673880885455e-07,8.518736123715813e-05,-21.78972880441043,49.26788832437753,-0.00020341938334873973,-0.0006448691967955956,0.0,-0.009461332621332067,0.0013346731824867314,1.9246627887784522e-05
2.5399999999998313,0.24403114903820675,0.25178779455597616,13.671049149532497,13.691078980685829,0.057759886723545484,-0.23710101006331807,1.245300369798526e-07,8.539868239293048e-05,-21.874524313233334,49.256682274605005,-0.00020243634759651243,-0.0006773178822805453,0.0,-0.009498299877260055,0.0013718165064178945,2.022432866989562e-05
2.54999999999983,0.24391704543984405,0.25167733882438165,13.622147607377057,13.642224279886907,0.057530815624661495,-0.2370394231584354,1.2364647634386875e-07,8.556439000079394e-05,-21.96078402422668,49.245232584000505,-0.00020044291993768707,-0.0007078700017593416,0.0,-0.009525349660219024,0.001413668975545787,2.1147700355187685e-05
2.559999999999829,0.24380098119227694,0.25156499667396653,13.57240578699115,13.592512553090739,0.05729788866044175,-0.23697658008045525,1.22121960894721e-07,8.565877236444757e-05,-22.04850571814454,49.23353082432603,-0.00019725765992454445,-0.0007357548005824387,0.0,-0.009541324191166595,0.00146085539567396,2.1993149898568165e-05
2.569999999999828,0.2436829634548949,0.25145077852847014,13.521826756684565,13.541941832097619,0.05706110813927272,-0.2369124816477426,1.1989536781054966e-07,8.566078202583172e-05,-22.13768623666141,49.221569900856665,-0.0001927564893354065,-0.0007603639281511351,0.0,-0.009545525415657946,0.001513757561772644,2.2741928819216954e-05
2.579999999999827,0.2435629995075879,0.2513346941653623,13.470413636410129,13.490511355989309,0.05682048133020452,-0.23684712662939375,1.1693932053393538e-07,8.555432753714678e-05,-22.228321427483333,49.20934413946196,-0.00018687157326186023,-0.0007812570290458921,0.0,-0.00953769603373281,0.0015725235721291558,2.338032035785775e-05
2.5899999999998258,0.2434410967502973,0.25121675269818533,13.418169597571294,13.438221596048843,0.056576020557435824,-0.23678051172785697,1.1325939146703217e-07,8.532836870834217e-05,-22.320406125161394,49.196849317259094,-0.00017958837654356697,-0.0007981611173615871,0.0,-0.009517987228005852,0.00163708426577861,2.3899638646843024e-05
2.5999999999998247,0.24331726270255932,0.25109696258705333,13.365097862826454,13.385074238014402,0.05632774312493635,-0.23671263163358064,1.0889258300636887e-07,8.497682928708825e-05,-22.4139341650021,49.18408264103089,-0.00017094116823869202,-0.0008109643197548598,0.0,-0.009486915419033463,0.0017071755722543214,2.429605697630616e-05
2.6099999999998236,0.2431915050030414,0.25097533167438835,13.311201705890205,13.33107212620726,0.056075671089430346,-0.23664347914307565,1.0390532744567172e-07,8.449834621633515e-05,-22.508898426581037,49.17104267899557,-0.00016100727255504048,-0.0008197047112089954,0.0,-0.009445310539151305,0.0017823654642227572,2.4570286517955873e-05
2.6199999999998225,0.2430638314090708,0.25085186724237984,13.25648445133138,13.27621917495812,0.05581983090346457,-0.23657304533039514,9.839128635723987e-08,8.389587870398892e-05,-22.605290902677496,49.15772925259373,-0.0001499003812313116,-0.0008245550680446651,0.0,-0.009394258377575024,0.0018620841713346437,2.4727129985843424e-05
2.6299999999998214,0.24293424979615622,0.2507265760882312,13.20094947436798,13.22052025337399,0.05556025295272035,-0.2365013197611322,9.246924861019836e-08,8.317620324527231e-05,-22.703102788963843,49.144143295711835,-0.00013776324509316294,-0.0008258044270262864,0.0,-0.009335039518588537,0.001945656322299591,2.4774936759233917e-05
2.6399999999998203,0.24280276815750185,0.2505994646130068,13.144600200658973,13.163981049845676,0.05529697101312647,-0.23642829073759147,8.628141937984569e-08,8.234932247610621e-05,-22.802324589502646,49.130286689194,-0.00012476005370499907,-0.0008238373686008582,0.0,-0.009269067281294095,0.002032333733298633,2.4724986966341986e-05
2.649999999999819,0.24266939460351458,0.2504705389198036,13.087440106092997,13.106607922801288,0.05503002165372019,-0.23635394556378347,7.999231526849087e-08,8.142781633109245e-05,-22.902946233017705,49.11616207862029,-0.00011106879590662663,-0.0008191119358636529,0.0,-0.009197826882370596,0.0021213276630864556,2.4590831935032223e-05
2.659999999999818,0.24253413736130341,0.25033980491703944,13.02947271657393,13.048407744086605,0.05475944361068026,-0.23627827081928227,7.378822488018853e-08,8.042616353144954e-05,-23.00495719499792,49.10177268317115,-9.68738648327867e-05,-0.0008121370667928487,0.0,-0.009122817799713056,0.0022118394723430524,2.438761748884307e-05
2.669999999999817,0.24239700477417223,0.25020726842284935,12.97070160780341,12.989387741020606,0.054485277156603514,-0.23620125263171637,6.78765962891871e-08,7.936006002982569e-05,-23.10834662094626,49.087122102987465,-8.23591410718334e-05,-0.0008034503537127702,0.0,-0.00904550102260374,0.002303088782385709,2.4131414712774714e-05
2.679999999999816,0.24225800530110486,0.25007293526690455,12.911130405060259,12.92955534266616,0.054207563487048735,-0.23612287693868844,6.248349614341863e-08,7.824575882793496e-05,-23.213103446476495,49.07221413180881,-6.770174694689489e-05,-0.0007935968606900311,0.0,-0.008967252553608881,0.0023943383916414872,2.3838580401152365e-05
2.6899999999998148,0.24211714751624364,0.2499368113863861,12.850762782976872,12.86891803520373,0.05392634414375355,-0.2360431297311646,5.7845377339082705e-08,7.709945269101633e-05,-23.31921651046232,49.05705258086977,-5.306662550850196e-05,-0.0007831096269820855,0.0,-0.008889324186685865,0.0024849153934446006,2.3525166350000878e-05
2.6999999999998137,0.24197444010836017,0.2497989029133343,12.789602465312532,12.807483230535219,0.05364166049088237,-0.23596199727177747,5.418973576097195e-08,7.593671785860818e-05,-23.426674658030286,49.04164111910073,-3.8602054317682216e-05,-0.0007724923712627167,0.0,-0.00881281224217377,0.0025742281106873126,2.3206393287413627e-05
2.7099999999998126,0.24182989188031961,0.24965921625114304,12.727653224723722,12.745258151412312,0.05335355325733569,-0.23587946628299727,5.1701056847205536e-08,7.477203304963582e-05,-23.53546683083086,49.02598313365549,-2.4436161320056385e-05,-0.0007622047894569607,0.0,-0.008738634603307326,0.0026617786532138364,2.289620160710976e-05
2.7199999999998115,0.24168351174853756,0.2495177581385366,12.664918882531417,12.68224973551282,0.0530620621546734,-0.23579552410165638,5.047804188518889e-08,7.361838403562201e-05,-23.64558214269537,49.01008161372102,-1.0674470144624058e-05,-0.000752650715312297,0.0,-0.008667516080512217,0.00274717106200707,2.2606887336018742e-05
2.7299999999998104,0.24153530874243007,0.24937453569994011,12.60140330848534,12.61846456001396,0.0527672255767172,-0.23571015879782642,5.050253303847308e-08,7.248695997286612e-05,-23.757009939463188,48.9939390594911,2.6015373860912346e-06,-0.0007441692902091124,0.0,-0.008599981840144034,0.0028301151669239467,2.234882810666845e-05
2.7399999999998093,0.2413852920038566,0.24922955648172856,12.537110420525288,12.553908787361895,0.052469080383516616,-0.2356233592574964,5.1642993586136386e-08,7.138694370019924e-05,-23.869739842421094,48.97755741714489,1.533488662844193e-05,-0.0007370291727769464,0.0,-0.008536358379508172,0.0029104264184532658,2.213030037838696e-05
2.749999999999808,0.24123347078655627,0.2490828284743578,12.472044184539435,12.488588132141821,0.05216766176919835,-0.23553511522981213,5.369430297856504e-08,7.032539448517479e-05,-23.983761775413637,48.960938039697275,2.749267860544166e-05,-0.0007314257114906646,0.0,-0.008476781316207872,0.0029880220688013187,2.1957385913338585e-05
2.759999999999807,0.2410798544555769,0.24893436012087458,12.406208614119706,12.422507848231147,0.05186300321035502,-0.23544541734081803,5.6430737660339504e-08,6.930721836906654e-05,-24.09906597624219,48.944081672704485,3.9064861657463985e-05,-0.0007274809089350191,0.0,-0.008421209090832183,0.0030629141711450867,2.1833962635566138e-05
2.769999999999806,0.2409244524866974,0.2487841603127219,12.339607770314196,12.355672734792497,0.05155513648914774,-0.23535425707662794,5.964707539173001e-08,6.833521845241542e-05,-24.215642993457447,48.926988463042456,5.006232296948905e-05,-0.0007252459251343393,0.0,-0.008369441558986699,0.0031351999340140575,2.176177251179049e-05
2.779999999999805,0.24076727446584317,0.24863223837411347,12.272245761376672,12.288087159142163,0.05124409178323612,-0.2352616267397496,6.317887106310574e-08,6.741021524507275e-05,-24.33348367005447,48.90965798833879,6.051443096286241e-05,-0.000724705803614866,0.0,-0.008321142373040973,0.0032050500080906515,2.1740557137971685e-05
2.7899999999998037,0.24060833008849494,0.24847860403652636,12.204126742513148,12.219755094124608,0.05092989781305247,-0.23516751938287073,6.690633304733275e-08,6.653122563142514e-05,-24.452579115895244,48.89208930414446,7.046616656855555e-05,-0.0007257860546729104,0.0,-0.00827586402232787,0.0032726953047201635,2.1768250190488192e-05
2.7999999999998026,0.2404476291590906,0.24832326740507146,12.135254915625579,12.150680167337603,0.05061258203581639,-0.23507192872480198,7.074957318360353e-08,6.569568806865948e-05,-24.57292067090732,48.87428100558253,7.997498158975158e-05,-0.0007283606997323519,0.0,-0.008233074411885921,0.003338412940159502,2.1841214923531374e-05
2.8099999999998015,0.24028518159042045,0.2481662389186157,12.065634529052657,12.080865719383826,0.05029217087503107,-0.23497484905344257,7.466088690176626e-08,6.489972129605979e-05,-24.69449986123961,48.85623130000725,8.910751972807964e-05,-0.0007322613654664705,0.0,-0.008192183908536566,0.003402511876532516,2.1954514403043433e-05
2.8199999999998004,0.24012099740301573,0.24800752930558204,11.99526987730777,12.01031486827005,0.04996868997400332,-0.2348762751206283,7.861694519443627e-08,6.413840402153375e-05,-24.817308350600925,48.83793808714102,9.793632891421297e-05,-0.0007372870173262005,0.0,-0.008152571865242573,0.0034653187889755466,2.210220213792666e-05
2.8299999999997993,0.23995508672453048,0.2478471495373334,11.924165300814085,11.939030577124669,0.04964216446214435,-0.23477620203354238,8.261198230051143e-08,6.340606367193254e-05,-24.94133788897019,48.81939904321953,0.00010653668028246531,-0.0007432139361707313,0.0,-0.008113611743106625,0.003527164632533439,2.227762116419186e-05
2.8399999999997982,0.2397874597891168,0.24768511078095304,11.852325185636811,11.867015722548837,0.04931261922339851,-0.23467462514703435,8.6652211672727e-08,6.269656325480267e-05,-25.066580260757554,48.80061170585524,0.00011498359542083,-0.000749805569335166,0.0,-0.008074694080404645,0.0035883723145482297,2.2473700422423294e-05
2.849999999999797,0.2396181269367938,0.24752142435309873,11.779753963212652,11.794273161140172,0.048980079157051784,-0.2345715399607457,9.075136656864738e-08,6.200357658616747e-05,-25.19302723432335,48.7815735566037,0.00012334916698266094,-0.0007568219251641255,0.0,-0.008035246702522588,0.0036492458025745855,2.2683238372158305e-05
2.859999999999796,0.2394470986128093,0.24735610167641833,11.706456110076449,11.720805792018638,0.04864456942234022,-0.23446694202439228,9.492718780197879e-08,6.132084352323713e-05,-25.320670514538783,48.76228209857606,0.0001317002392735322,-0.0007640282245486896,0.0,-0.007994751718551945,0.0037100609177077,2.2899165110191817e-05
2.869999999999795,0.23927438536699602,0.24718915423979093,11.632436147585043,11.646616613523102,0.04830611565963447,-0.23436082685393728,9.919868520722082e-08,6.064239832604502e-05,-25.449501699810508,48.74273492685672,0.00014009649597454123,-0.0007712025756797929,0.0,-0.007952759005287729,0.0037710579820023626,2.3114775813195874e-05
2.879999999999794,0.2390999978531205,0.2470205935634129,11.557698641638385,11.571708772619997,0.04796474418246732,-0.2342531898607387,1.0358403460481179e-07,5.996276582036482e-05,-25.579512244703494,48.72292978994348,0.00014858898488654784,-0.0007781424925992503,0.0,-0.007908896030326271,0.003832436406386086,2.3323929958084098e-05
2.8899999999997927,0.238923946828226,0.24685043116948713,11.482248202397894,11.49608560595525,0.0476204821362233,-0.23414402629508901,1.080990059012143e-07,5.92771215921313e-05,-25.710693428995516,48.702864640906014,0.00015721908933878997,-0.0007846701346040257,0.0,-0.00786287400806657,0.003894351231321899,2.3521212456693857e-05
2.8999999999997916,0.23874624315196907,0.24667867855901054,11.406089484002061,11.419750671872876,0.04727335762086997,-0.23403333120491404,1.1275584617059507e-07,5.8581413981670356e-05,-25.84303633369304,48.6825376774388,0.00016601794151648955,-0.0007906361995188944,0.0,-0.007814490513149402,0.003956911561954335,2.3702054539215843e-05
2.9099999999997905,0.23856689778594944,0.2465053471948956,11.32922718427937,11.34270777310346,0.046923399776617455,-0.23392109940977912,1.175625545865232e-07,5.7872447121983234e-05,-25.9765318242446,48.66194737045152,0.0001750062557107316,-0.000795922456526021,0.0,-0.007763628788440152,0.0040201807766573425,2.386281379517214e-05
2.9199999999997894,0.23838592179303417,0.24633044849141947,11.251666044458533,11.264960970181845,0.04657063883280371,-0.2338073254897896,1.2252250230189526e-07,5.7147925651791254e-05,-26.11117054091157,48.64109248127527,0.0001841945483110703,-0.0008004429536480102,0.0,-0.007710254080726306,0.004084178339802275,2.400081428921968e-05
2.9299999999997883,0.2382033263366749,0.24615399380977432,11.173410848875994,11.186514585975141,0.04621510612157459,-0.233692003788478,1.276343494225482e-07,5.640646299592064e-05,-26.246942896007425,48.61997206795771,0.00019358369969504165,-0.0008041439778915955,0.0,-0.007654407411021166,0.004148883002815221,2.411434896802543e-05
2.9399999999997872,0.23801912268021955,0.24597599445929255,11.094466424680833,11.107373201980634,0.04585683405902462,-0.2335751284283517,1.328922173746268e-07,5.564755620753606e-05,-26.383839077499953,48.59858548146121,0.00020316580586620663,-0.0008070028830637495,0.0,-0.007596197240379243,0.0042142371548409,2.4202647708980868e-05
2.949999999999786,0.23783332218621725,0.24579646170376715,11.014837641536994,11.027541647283615,0.04549585609737107,-0.23345669333745558,1.3828607101322916e-07,5.487153129554231e-05,-26.521849058292283,48.57693235285954,0.0002129252617192706,-0.0008090259297160113,0.0,-0.007535789524210015,0.004280152059310802,2.4265815268867802e-05
2.959999999999785,0.2376459363157177,0.24561540677215135,10.93452941132291,10.947024981243043,0.045132206652427495,-0.23333669228505824,1.4380226562049702e-07,5.407946368174908e-05,-26.660962610360347,48.55501257284642,0.0002228400162332659,-0.0008102453036040936,0.0,-0.007473396659718074,0.0043465137091273035,2.4304744061904378e-05
2.969999999999784,0.23745697662756407,0.2454328408728366,10.853546687828494,10.865828471096117,0.044765921011121826,-0.23321511892443236,1.4942421366785645e-07,5.3273078942857944e-05,-26.801169322827644,48.53282626501987,0.0002328829371839547,-0.0008107154926248267,0.0,-0.007409265824104283,0.004413189035184004,2.4321007142195225e-05
2.979999999999783,0.23726645477768002,0.24524877521065053,10.771894466449613,10.783957565744224,0.04439703522407526,-0.23309196684063654,1.5513312776128084e-07,5.245463928578195e-05,-26.942458623003315,48.510373754491766,0.00024302322752116183,-0.0008105092095036161,0.0,-0.007343667177020804,0.00448003221174772,2.4316736994254818e-05
2.9899999999997817,0.23707438251835067,0.2450632210056989,10.689577783879885,10.701417867000439,0.04402558598831802,-0.2329672296012322,1.6090879636087802e-07,5.1626821276671226e-05,-27.084819799393816,48.48765553339469,0.000253227837038887,-0.0008097130456764294,0.0,-0.007276882361640471,0.004546890827530575,2.429449570915213e-05
2.9999999999997806,0.2368807716974977,0.24487618951318513,10.606601717800041,10.618215099551657,0.04365161052509932,-0.23284090080796027,1.667303565516515e-07,5.079259021290677e-05,-27.22824202571956,48.46467222482286,0.00026346281958159823,-0.0008084230355673651,0.0,-0.00720919368804418,0.0046136117116159035,2.42571419510383e-05
3.0099999999997795,0.23668563425794853,0.24468769204338822,10.522971386564688,10.534355080817598,0.04327514645746004,-0.23271297414756525,1.725770295597795e-07,4.995507620642641e-05,-27.37271438502176,48.441424546656954,0.0002736945921494972,-0.0008067402969801601,0.0,-0.007140874322500518,0.004680046239498461,2.4207699729262637e-05
3.0199999999997784,0.23648898223669965,0.2444977399810443,10.438691948886591,10.449843691783094,0.042896231691807896,-0.23258344344015783,1.7842879156899528e-07,4.911745655544936e-05,-27.51822589302581,48.417913276591996,0.0002838910604713764,-0.0008047668960128481,0.0,-0.007072179740701895,0.004746054975314459,2.4149233490726423e-05
3.0299999999997773,0.23629082776417398,0.24430634480346758,10.353768603518459,10.364686849745327,0.04251490430719518,-0.23245230268375666,1.8426695937594223e-07,4.8282848354871944e-05,-27.664765520031352,48.39413921952201,0.0002940225826172711,-0.0008026020629548237,0.0,-0.007003340632892296,0.004811511549707948,2.4084733392323517e-05
3.039999999999776,0.23609118306347285,0.2441135180968494,10.26820658893225,10.278890483761737,0.04213120245537613,-0.2323195460939198,1.900746742483724e-07,4.74542145604184e-05,-27.812322210719586,48.37010317824307,0.0003040627521655216,-0.0008003388627322038,0.0,-0.006934557379991763,0.0048763056986319995,2.401701393322827e-05
3.049999999999775,0.23589006044962177,0.24391927157029214,10.18201118299607,10.192460513414286,0.04174516427404444,-0.2321851681376633,1.95837275988302e-07,4.6634285915218694e-05,-27.960884901399293,48.345805928227854,0.0003139889891752779,-0.0007980613969144585,0.0,-0.006865996151803067,0.0049403454385644665,2.3948628337406687e-05
3.059999999999774,0.23568747232881093,0.24372361706725176,10.09518770264857,10.105402831329009,0.04135682781494977,-0.23204916356114919,2.0154256260454287e-07,4.582550030509055e-05,-28.110442534349318,48.32124819700734,0.0003237829369988626,-0.0007958425889737555,0.0,-0.006797786615257267,0.005003558375860232,2.388180031521111e-05
3.069999999999773,0.2354834311976299,0.24352656657418803,10.007741503570989,10.01772328971461,0.04096623098789921,-0.2319115274109041,2.0718093553286542e-07,4.50299602738524e-05,-28.260984069051545,48.29643064848075,0.00033343066819088116,-0.000793742578465595,0.0,-0.006730021183346669,0.005065892186462565,2.3818374048232347e-05
3.079999999999772,0.23527794964229679,0.2433281322263372,9.919677979856797,9.929427691013117,0.04057341152097517,-0.2317722550485874,2.1274543828203388e-07,4.424940862479144e-05,-28.412498490239052,48.271353872265294,0.0003429227105696867,-0.0007918077264090667,0.0,-0.006662755686709159,0.00512731432493202,2.3759782532404395e-05
3.0899999999997707,0.23507104033788181,0.243128326310635,9.83100256367895,9.840521782599982,0.04017840693668885,-0.23163134215956277,2.1823169560440552e-07,4.3485221312028946e-05,-28.564974812805897,48.24601837800586,0.0003522539106380011,-0.0007900702111888577,0.0,-0.006596011308712346,0.005187811046262087,2.3707033730298992e-05
3.0999999999997696,0.2348627160475255,0.24292716126591393,9.741720724954819,9.75101125532889,0.039781254543230046,-0.23148878475572437,2.236377648558945e-07,4.273841618579365e-05,-28.71840208373389,48.22042459439168,0.0003614231530325475,-0.0007885481751100905,0.0,-0.006529777593928326,0.0052473858406108685,2.3660713383059e-05
3.1099999999997685,0.2346529896216514,0.24272464968059088,9.65183797100877,9.660901745597773,0.03938199143951007,-0.23134457917319767,2.289639148295374e-07,4.200967565042959e-05,-28.87276938128471,48.19457287248026,0.00037043296212777114,-0.000787246366412977,0.0,-0.006464016319082377,0.0053060573918080976,2.362100287103476e-05
3.1199999999997674,0.2344418739971733,0.24252080428812775,9.561359846232458,9.570198840513905,0.038980654532310546,-0.23119872206565723,2.3421234695149778e-07,4.129938090555379e-05,-29.028065811781282,48.16846349280909,0.0003792890102902797,-0.0007861572071190738,0.0,-0.0063986660033200915,0.0053638571808200305,2.3587710075345836e-05
3.1299999999997663,0.23422938219669748,0.24231563796060226,9.470291931742802,9.478908085663479,0.03857728056356988,-0.23105121039408835,2.393868732981545e-07,4.060765519563954e-05,-29.18428050435958,48.14209667568655,0.0003879995595897192,-0.0007852622094960219,0.0,-0.006333646832234907,0.005420826852326838,2.3560310934504237e-05
3.139999999999765,0.23401552732771896,0.24210916370076896,9.378639845037737,9.387034994942477,0.038171906145655465,-0.23090204141387102,2.4449256963733585e-07,3.9934413381996833e-05,-29.341402604109287,48.11547259399426,0.0003965748647068826,-0.0007845336573747341,0.0,-0.006268865776446514,0.005477015465607157,2.3537999204699696e-05
3.149999999999764,0.23380032258181355,0.24190139463300342,9.286409239649695,9.294585061880971,0.0377645678023769,-0.2307512126600676,2.4953541670811334e-07,3.927941515295804e-05,-29.499421264041136,48.08859138780307,0.0004050265616883498,-0.0007839364670298706,0.0,-0.0062042216986878725,0.005532476738446234,2.351974186457488e-05
3.159999999999763,0.2335837812338236,0.2416923439935337,9.193605804796857,9.20156377189199,0.037355302013499014,-0.23059872193177677,2.5452194549721156e-07,3.8642319309029176e-05,-29.658325636320246,48.061453180104245,0.00041336706701884733,-0.0007834301432943206,0.0,-0.006139610262850087,0.005587266388727352,2.3504337621512227e-05
3.169999999999762,0.23336591664103945,0.2414820251203473,9.100235265032223,9.107976614896026,0.03694414526059721,-0.2304445672763581,2.5945889848298485e-07,3.802273676165354e-05,-29.81810486318964,48.03405809298169,0.00042160900702337736,-0.0007829707509633962,0.0,-0.0060749284835861,0.005641439658983139,2.3490476111199748e-05
3.179999999999761,0.23314674224237544,0.24127045144314171,9.006303379890513,9.01382909780853,0.036531134072246146,-0.23028874697425616,2.643529174868586e-07,3.742028015482327e-05,-29.97874806797952,48.00640626359657,0.0004297646968033055,-0.0007825128281395591,0.0,-0.006010078783351474,0.005695049099915891,2.347679556492611e-05
3.1899999999997597,0.23292627155754092,0.24105763647365097,8.911815943532854,8.919126756432735,0.036116305066754006,-0.23013125952505456,2.6921026740323245e-07,3.683460834817396e-05,-30.140244346557086,47.97849785942255,0.00043784568235098634,-0.0007820111769755587,0.0,-0.0059449724540170555,0.005748142669465503,2.3461936977267548e-05
3.1999999999997586,0.2327045181862062,0.24084359379663237,8.816778784389397,8.823875166363761,0.035699694990908123,-0.22997210363527437,2.740366029754323e-07,3.6265464347040256e-05,-30.30258275952148,47.950333092249004,0.00044586235671406366,-0.0007814224778992277,0.0,-0.0058795324525736156,0.0058007621854748725,2.3444593127091615e-05
3.2099999999997575,0.23248149580716376,0.24062833706175474,8.721197764799784,8.728079952583439,0.03528134075349085,-0.22981127820831926,2.7883678148592766e-07,3.5712705639596525e-05,-30.46575232539241,47.921912230559286,0.0004538236573020812,-0.0007807066840242794,0.0,-0.005813695490730903,0.005852942160035251,2.3423551114999972e-05
3.2199999999997564,0.2322572181774845,0.24041187997656713,8.62507878065153,8.63174679750419,0.03486127945263584,-0.22964878233683833,2.836147252968033e-07,3.51763262715032e-05,-30.629742014980177,47.89323560998855,0.0004617368475350428,-0.0007798281653582768,0.0,-0.005747413408943724,0.005904709018456586,2.339772747318266e-05
3.2299999999997553,0.23203169913166902,0.24019423630067527,8.52842776101633,8.534881447299833,0.03443954839640938,-0.22948461529766218,2.8837333366494453e-07,3.465647035216356e-05,-30.794540747063397,47.86430364166307,0.00046960738290389374,-0.0007787565839205214,0.0,-0.005680653852440054,0.005956080695875904,2.3366195241564235e-05
3.239999999999754,0.23180495258079442,0.2399754198411947,8.431250667784353,8.43748971643973,0.03401618511630951,-0.2293187765493498,2.931144431339891e-07,3.415343703188557e-05,-30.960137385440007,47.83511681831948,0.0004774388580460904,-0.0007774674922510343,0.0,-0.005613400290883525,0.006007066594229224,2.3328202751475305e-05
3.249999999999753,0.23157699251165598,0.23975544444949687,8.333553495296451,8.339577490417282,0.03359122737366879,-0.22915126573228056,2.9783883168389617e-07,3.366767731253287e-05,-31.126520737359744,47.805675718194315,0.0004852330287359559,-0.0007759426594185361,0.0,-0.005545651444355093,0.00605766786014908,2.3283184211809527e-05
3.259999999999752,0.23134783298590456,0.2395343240192147,8.235342269974419,8.241150726731261,0.0331647131592092,-0.22898208267113285,3.0254626324619946e-07,3.3199783341994296e-05,-31.293679553293956,47.77598100675648,0.0004929899013727662,-0.0007741701373832952,0.0,-0.005477420193847305,0.006107877950551827,2.323076245228915e-05
3.269999999999751,0.23111748813917918,0.23931207248543127,8.136623049949247,8.142215454237705,0.032736680686228745,-0.2288112273795152,3.0723556798106453e-07,3.2750471097831734e-05,-31.46160252795284,47.746033436428256,0.0005007078793816825,-0.0007721440897675087,0.0,-0.005408732066783206,0.006157683431297517,2.3170744464584533e-05
3.27999999999975,0.23088597218023496,0.2390887038249359,8.03740192468744,8.04277777103985,0.03230716837809122,-0.2286387000664533,3.1190474906236873e-07,3.232055757535841e-05,-31.630278302421996,47.7158338445017,0.0005083839554782809,-0.0007698644112011218,0.0,-0.005339623394922444,0.006207064960429295,2.3103110566400184e-05
3.2899999999997487,0.2306532993900668,0.2388642320574062,7.937685014615375,7.942843841121412,0.0318762148508365,-0.22846450114439598,3.1655111222507346e-07,3.1910933757660925e-05,-31.799695467260392,47.685383149503224,0.0005160139387665189,-0.0007673361715523193,0.0,-0.005270139245699806,0.006255998399374374,2.302799820626973e-05
3.2999999999997476,0.2304194841210284,0.23863867124735044,7.837478470741767,7.842419889956535,0.03144385889183454,-0.2282886312383764,3.211714092103254e-07,3.152253475576418e-05,-31.969842566380475,47.65468234629354,0.0005235927042468885,-0.0007645689211745004,0.0,-0.00520033122599583,0.0063044560008657605,2.2945681485512737e-05
3.3099999999997465,0.23018454079594688,0.2384120355066318,7.73678847427827,7.741512199345067,0.031010139435463574,-0.22811109119595338,3.257619888411563e-07,3.115630855614752e-05,-32.140708101519124,47.62373250020928,0.0005311144531448163,-0.000761575896932915,0.0,-0.0051302552536234836,0.006352407617653355,2.2856547583082616e-05
3.3199999999997454,0.22994848390723327,0.238184338997392,7.635621236258153,7.6401271017275985,0.03057509553681169,-0.22793188209756746,3.303189494076022e-07,3.081318480556535e-05,-32.312280537103454,47.59253474055867,0.0005385729738242876,-0.0007583731673276887,0.0,-0.0050599693833166095,0.00639982188933533,2.2761071241988516e-05
3.3299999999997443,0.22971132801598837,0.23795559593519122,7.533982997153193,7.5382709742294525,0.030138766344377302,-0.2277510052669604,3.348382864818714e-07,3.0494044987157178e-05,-32.48454830531954,47.56109025377846,0.000545961892485526,-0.0007549787545930921,0.0,-0.004989531763831151,0.006446667360964023,2.2659788449802952e-05
3.339999999999743,0.22947308775110464,0.23772582059219213,7.431880026488743,7.435950232669203,0.029701191072688135,-0.22756846228134248,3.393160299722829e-07,3.0199695211212203e-05,-32.657499811202484,47.5294002765409,0.0005532749060006804,-0.0007514117688513088,0.0,-0.0049189987907746644,0.006492913499454825,2.2553270386220323e-05
3.349999999999742,0.22923377780836388,0.23749502730022967,7.329318622456978,7.3331713257462425,0.0292624089756727,-0.22738425498102832,3.4374836821036884e-07,2.993084265290784e-05,-32.83112343758232,47.49746608907482,0.0005605059896358512,-0.0007476915856161379,0.0,-0.004848423505665877,0.006538531579027137,2.2442098575789844e-05
3.359999999999741,0.22899341294953054,0.2372632304536235,7.226305111528407,7.2299407295943485,0.028822459321508523,-0.2271983854783067,3.481317539598484e-07,2.968807643056856e-05,-33.005407549741655,47.46528900893035,0.0005676495737309023,-0.0007438370932344418,0.0,-0.004777854278085969,0.00658349541544056,2.23268420725425e-05
3.36999999999974,0.22875200800144135,0.23703044451161911,7.122845848061615,7.126264942856151,0.028381381369544573,-0.2270108561653654,3.524629898916576e-07,2.947185345106171e-05,-33.18034049966519,47.4328703853775,0.0005747006867162832,-0.0007398660324413871,0.0,-0.004707333793016466,0.006627781933430732,2.2208037343550654e-05
3.3799999999997388,0.22850957785509068,0.23679668400036222,7.0189472139113205,7.0221504823994305,0.027939214349761113,-0.2268216697211391,3.567392941374083e-07,2.92824894586442e-05,-33.35591062978802,47.40021159458688,0.0005816550612799446,-0.000735794443812177,0.0,-0.0046368983522794005,0.0066713715659638935,2.208617135278666e-05
3.3899999999997377,0.22826613746471183,0.23656196351434086,6.914615618034679,6.9176038797592465,0.02749599744508542,-0.22663082911700294,3.60958343034902e-07,2.9120155236597505e-05,-33.53210627617724,47.36731403569574,0.0005885092042186799,-0.0007316362340166441,0.0,-0.004566577485573237,0.006714248482010588,2.1961668182184762e-05
3.3999999999997366,0.22802170184685486,0.23632629771725386,6.809857496095968,6.812631678355103,0.027051769776745768,-0.2264383376212828,3.651182930245968e-07,2.8984877644219854e-05,-33.70891577110914,47.334179127819354,0.0005952604299675325,-0.00072740286586999,0.0,-0.004496393855686403,0.006756400654390404,2.1834879359136612e-05
3.4099999999997355,0.22777628607946002,0.2360897013422913,6.704679310069607,6.7072404314971825,0.02660657039270921,-0.22624419880259938,3.692177833122949e-07,2.887654494311068e-05,-33.88632744503043,47.3008083080248,0.0006019068611722964,-0.0007231031723411213,0.0,-0.00442636343246583,0.006797819778582426,2.1706077910451523e-05
3.4199999999997344,0.22752990530092784,0.23585218919183468,6.599087547841541,6.601436701164889,0.026160438259129337,-0.22604841653210328,3.7325591859349164e-07,2.8794915689179147e-05,-34.064329627916486,47.26720303024627,0.0006084473984169957,-0.000718743289651459,0.0,-0.004356495902338947,0.00683850106085615,2.1575456006085627e-05
3.4299999999997333,0.22728257470918536,0.23561377613660714,6.49308872280904,6.495227057512804,0.025713412254621537,-0.2258509949846914,3.7723223814659294e-07,2.873963035101989e-05,-34.24291065006077,47.23336476508638,0.000614881664297012,-0.0007143267008694418,0.0,-0.0042867952745264505,0.006878442896257825,2.1443125951751742e-05
3.439999999999732,0.22703430956074847,0.23537447711431989,6.386689373478943,6.388618079035247,0.02526553116709153,-0.22565193863932176,3.81146670476779e-07,2.8710224764622663e-05,-34.422058842348314,47.19929500041882,0.0006212099256227164,-0.000709854377515865,0.0,-0.004217260640811282,0.006917646460848015,2.1309124160689978e-05
3.449999999999731,0.22678512516978094,0.23513430712787997,6.2798960630642995,6.281616353302817,0.02481683369277546,-0.22545125227856533,3.849994782133585e-07,2.870614455081067e-05,-34.6017625360798,47.164995242685436,0.0006274330000574676,-0.0007053250047828027,0.0,-0.004147887044879927,0.0069561152398204375,2.117341768338482e-05
3.45999999999973,0.22653503690714982,0.23489328124322895,6.172715379079532,6.174228478169827,0.02436735843709477,-0.22524894098754117,3.887911971153365e-07,2.8726759684538982e-05,-34.78201006242396,47.13046701876361,0.0006335521508094462,-0.0007007352733848008,0.0,-0.00407866641608855,0.00699385451863056,2.103591278393991e-05
3.469999999999729,0.22628406019947717,0.23465141458689537,6.065153932934099,6.0664610633439615,0.023917143916901987,-0.22504501015238987,3.9252256955345464e-07,2.877137852493058e-05,-34.96278975158213,47.09571187827006,0.0006395689761010185,-0.0006960802208385218,0.0,-0.0040095885257586065,0.007030870858386412,2.0896465055798997e-05
3.4799999999997278,0.22603221052818845,0.23440872234334392,5.9572183595246555,5.958320732205612,0.02346622856368004,-0.22483946545843778,3.961944785018136e-07,2.883926075545891e-05,-35.14408993175134,47.06073139616257,0.000645485297009656,-0.0006913536038982629,0.0,-0.003940641926113919,0.007067171579244502,2.075489052474193e-05
3.4899999999997267,0.22577950342855777,0.2341652197522035,5.848915316825793,5.849814123765651,0.0230146507272644,-0.22463231288819466,3.99807883008554e-07,2.892962884211059e-05,-35.32589892797186,47.02552717550318,0.0006513030492145773,-0.0006865482852366314,0.0,-0.0038718148374340122,0.00710276426904276,2.0610977230126817e-05
3.4999999999997256,0.22552595448874938,0.23392092210545673,5.740251485479332,5.740947894656268,0.02256244867968224,-0.22442355871931952,4.033637569027027e-07,2.9041677784078627e-05,-35.50820506094045,46.99010085025297,0.0006570241814479964,-0.0006816566177559255,0.0,-0.0038030959538187747,0.007137656335380355,2.0464496780342492e-05
3.5099999999997245,0.2252715793488562,0.23367584474466185,5.631233568382255,5.631728721058061,0.022109660618736815,-0.2242132095226675,4.0686303420552765e-07,2.9174583075009108e-05,-35.69099664586375,46.95445408797989,0.0006626505646075936,-0.0006766708121175253,0.0,-0.0037344751444481515,0.007171854613568784,2.031521544833635e-05
3.5199999999997234,0.22501639369993506,0.23343000305827552,5.5218682902732,5.5221633004787885,0.02165632467101447,-0.2240012721605173,4.1030656297009185e-07,2.9327506931441783e-05,-35.874261991417605,46.91858859237518,0.0006681839138901755,-0.0006715832746582724,0.0,-0.0036659440331350155,0.00720536504033828,2.0162904413256442e-05
3.5299999999997222,0.22476041328303883,0.23318341247912872,5.41216239731768,5.412258353312875,0.02120247889404525,-0.22378775378505197,4.1369506541151e-07,2.9499602943594805e-05,-36.05798939886655,46.882506105492304,0.0006736257250915253,-0.0006663869055834127,0.0,-0.00359749644575742,0.007238192399720933,2.000734883553225e-05
3.539999999999721,0.22450365388824545,0.23293608848210223,5.302122656691933,5.302020624126675,0.020748161277410693,-0.2235726618371493,4.170291097505023e-07,2.9690019386087223e-05,-36.242167161386526,46.84620840963988,0.0006789772270380276,-0.0006610753497104404,0.0,-0.003529128721398933,0.007270340143540161,1.9848355532652418e-05
3.54999999999972,0.22424613135368374,0.2326880465820328,5.191755856165493,5.191456882630267,0.02029340974265377,-0.2233560040455126,4.20309090320726e-07,2.989790146681717e-05,-36.42678356362094,46.809697328881484,0.0006842393497938434,-0.0006556431943785696,0.0,-0.0034608398883469007,0.007301810286739779,1.968575907612583e-05
3.559999999999719,0.22398786156455672,0.23243930233186913,5.081068803682484,5.080573924312754,0.019838262141908702,-0.22313778842615378,4.2353521688727305e-07,3.012239281299159e-05,-36.61182688148839,46.7729747301139,0.0006894127081729149,-0.0006500861120143035,0.0,-0.003392631711844135,0.0073326033736949014,1.9519426239364253e-05
3.569999999999718,0.22372886045216156,0.23218987132108582,4.970068326941701,4.969378570733374,0.019382756255227646,-0.222918023282221,4.2670751338327105e-07,3.0362636485633165e-05,-36.79728538224794,46.73604252371471,0.0006944976000405489,-0.0006444009471921446,0.0,-0.0033245086244329757,0.0073627185101394045,1.934925877211619e-05
3.5799999999997167,0.22346914399290685,0.2319397691743542,4.858761272975399,4.857877669475099,0.018926929786636557,-0.22269671720414835,4.2982582428916707e-07,3.0617775789517176e-05,-36.98314732481741,46.698902663767605,0.0006994940181069146,-0.0006385857501285651,0.0,-0.0032564775536824742,0.007392153452141503,1.917519456209108e-05
3.5899999999997156,0.22320872820732718,0.23168901155045418,4.747154507726971,4.746078093779796,0.01847082035899965,-0.2224738790700878,4.328898278527212e-07,3.088695509967863e-05,-37.16940096032997,46.66155714788957,0.0007044016724771744,-0.0006326397602571379,0.0,-0.0031885476641665854,0.00742090474481919,1.8997207286354373e-05
3.5999999999997145,0.22294762915909488,0.23143761414140784,4.635254915627412,4.633986741894931,0.01801446550781341,-0.22224951804657525,4.3589905479197616e-07,3.116932087841815e-05,-37.356034532906754,46.624008016696614,0.000709220023220366,-0.0006265633458580522,0.0,-0.003120730032915353,0.007448967897402087,1.8815304722175866e-05
3.6099999999997134,0.22268586295402912,0.23118559267180724,4.523069399170657,4.521610536169649,0.017557902674080875,-0.22202364358937604,4.388529123428652e-07,3.146402300216829e-05,-37.543036280615965,46.58625735295526,0.0007139483194075289,-0.0006203579058104416,0.0,-0.003053037277681375,0.00747633758760014,1.8629525904140193e-05
3.6199999999997123,0.22242344573910247,0.2309329628983013,4.410604878487803,4.408956421944774,0.01710116919644121,-0.22179626544444545,4.4175070976573306e-07,3.177021645663726e-05,-37.73039443658521,46.54830728047478,0.0007185856436331098,-0.0006140257415160156,0.0,-0.002985483157683477,0.007503007880468049,1.843993736004618e-05
3.6299999999997112,0.2221603937014448,0.23067974060920782,4.297868290920232,4.296031366284573,0.016644302302742178,-0.2215673936489445,4.445916870501881e-07,3.208706341530381e-05,-37.91809723022996,46.51015996279911,0.0007231309585973658,-0.0006075699067309965,0.0,-0.0029180821657050215,0.00752897245475192,1.8246628662835566e-05
3.63999999999971,0.22189672306734493,0.230425941624211,4.184866590591718,4.182842356599412,0.01618733910124656,-0.22133703853224734,4.473750426107997e-07,3.241373566430997e-05,-38.106132888560765,46.47181760175959,0.0007275831542421855,-0.000600994043267489,0.0,-0.0028508491282725366,0.007554224825485895,1.8049707530991907e-05
3.649999999999709,0.22163245010124955,0.23017158179410865,4.071606747979413,4.069396399208672,0.015730316571663863,-0.2211052107168831,4.5009996123632664e-07,3.2749417306680715e-05,-38.29448963753155,46.4332824359489,0.0007319410936528534,-0.0005943022108443211,0.0,-0.0027837988295717877,0.007578758553653392,1.7849294733046696e-05
3.659999999999708,0.22136759110476006,0.22991667700057167,3.958095749483914,3.9557005178894076,0.015273271556182882,-0.22087192111935888,4.5276563941881386e-07,3.309330764884038e-05,-38.48315570339398,46.394556739172806,0.0007362036555820667,-0.0005874987179021633,0.0,-0.002716945671264831,0.0076025674389041285,1.7645518998563203e-05
3.669999999999707,0.22110216241562694,0.22966124315588257,3.844340596998291,3.8417617524533507,0.014816240750668716,-0.2206371809508172,4.553713091119002e-07,3.344462415767371e-05,-38.672119314025615,46.35564281893233,0.0007403697723367021,-0.0005805879605108575,0.0,-0.0026503033785296114,0.007625645683960303,1.7438512154440227e-05
3.6799999999997057,0.22083618040674202,0.22940529620262617,3.730348307476184,3.7275871573887276,0.014359260696163986,-0.22040100171749277,4.57916256275812e-07,3.380260537218089e-05,-38.86136870020352,46.31654301498097,0.0007444384624421126,-0.0005735742745943699,0.0,-0.002583884759180832,0.007647988032922154,1.7228404643603206e-05
3.6899999999997046,0.2205696614851285,0.2291488521133042,3.616125912498955,3.6131838005973225,0.01390236777080997,-0.2201633952209361,4.603998373894166e-07,3.416651365182809e-05,-39.05089209680047,46.2772596979951,0.000748408856531843,-0.0005664618062303053,0.0,-0.0025177015201470363,0.007669589876296462,1.701532157551679e-05
3.6999999999997035,0.22030262209092888,0.22889192688985938,3.5016804578419767,3.498558762250097,0.013445598182276086,-0.2199243735579881,4.628214914982998e-07,3.45356376600043e-05,-39.2406777438857,46.2377952683859,0.0007522802166535956,-0.0005592544033134973,0.0,-0.00245176414274762,0.007690447324349964,1.6799379407609022e-05
3.7099999999997024,0.22003507869639086,0.22863453656309093,3.387019003039971,3.383719133777771,0.012988987960759132,-0.21968394912049133,4.6518074766855336e-07,3.4909294489641725e-05,-39.43071388771772,46.198152155273284,0.0007560519491759229,-0.0005519555309962408,0.0,-0.0023860818159366303,0.007710557246810024,1.658068333652955e-05
3.7199999999997013,0.21976704780485126,0.22837669719195694,3.2721486209515733,3.268672017005448,0.012532572952585835,-0.21944213459473755,4.674772286418578e-07,3.528683136478671e-05,-39.62098878162235,46.15833281563325,0.0007597236100743075,-0.0005445682115475243,0.0,-0.0023206624237971374,0.007729917283587145,1.6359325418085786e-05
3.7299999999997,0.21949854594971802,0.22811842486275863,3.1570763973230394,3.1534245234334115,0.012076388814425534,-0.2191989429606559,4.6971065091033925e-07,3.566762686957057e-05,-39.8114906867542,46.11833973362101,0.0007632949052237751,-0.0005370949889854479,0.0,-0.0022555125825488354,0.0077485258263544025,1.6135383435543543e-05
3.739999999999699,0.2192295896934503,0.22785973568821039,3.0418094303511616,3.037983773660738,0.011620471008099098,-0.21895438749075347,4.718808215068145e-07,3.605109168133985e-05,-40.002207872744556,46.07817542006603,0.0007667656841840892,-0.0005295379172076065,0.0,-0.0021906377202029646,0.007766381976725018,1.5908920472755428e-05
3.749999999999698,0.2189601956265369,0.2276006458064005,2.926354830245417,2.922356896942078,0.011164854795946269,-0.21870848174882473,4.739876317055891e-07,3.6436668806442575e-05,-40.193128618242916,46.03784241212706,0.0007701359297802544,-0.0005218985697675729,0.0,-0.002126042191170485,0.00778348548314613,1.5679985147306403e-05
3.759999999999697,0.2186903803664728,0.22734117137965495,2.8107197187893758,2.8065510308638446,0.01070957523669841,-0.21846123958845226,4.7603104816272477e-07,3.682383333926926e-05,-40.38424121136265,45.997343273090344,0.0007734057437582152,-0.0005141780687200501,0.0,-0.002061729417526309,0.007799836664258314,1.5448612422196074e-05
3.769999999999696,0.21842016055673422,0.22708132859331603,2.694911228901413,2.690573321122986,0.010254667181792201,-0.2182126751513217,4.780111028354344e-07,3.721209178123896e-05,-40.57553395004424,45.956680592290205,0.0007765753293363322,-0.0005063771294695229,0.0,-0.0019977020482890963,0.00781543631919308,1.5214824906877969e-05
3.7799999999996947,0.21814955286575186,0.22682113365445092,2.578936504194687,2.5744309213881236,0.00980016527204726,-0.21796280286537617,4.799278817333684e-07,3.760098097220908e-05,-40.76699514235106,45.91585698512731,0.0007796449723510546,-0.0004984961181354232,0.0,-0.0019339621284441444,0.007830285633883499,1.4978634547449163e-05
3.7899999999996936,0.21787857398588278,0.22656060279050844,2.462802698536506,2.458130993222558,0.009346103934630284,-0.21771163744283775,4.817815123817986e-07,3.7990066698678495e-05,-40.95861310671395,45.87487509315909,0.0007826150212830368,-0.000490535117759031,0.0,-0.0018705112694738734,0.007844386085025879,1.474004458919322e-05
3.7999999999996925,0.21760724063238068,0.22629975224793983,2.346516975607044,2.341680706047303,0.008892517380223272,-0.21745919387811904,4.83572152253893e-07,3.83789420479438e-05,-41.15037617214122,45.833737584235855,0.0007854858672069211,-0.00048249399982876895,0.0,-0.001807350814413966,0.007857739346659093,1.4499051712841835e-05
3.8099999999996914,0.21733556954236496,0.2260385982907996,2.2300865084574437,2.2250872371234665,0.008439439600318469,-0.21720548744564916,4.852999770132394e-07,3.87672255825791e-05,-41.34227267841006,45.79244715265701,0.0007882579249052049,-0.0004743724976419365,0.0,-0.001744481991139385,0.00787034720274699,1.4255648233206084e-05
3.8199999999996903,0.2170635774737881,0.22577715719934519,2.113518479067357,2.108357771534578,0.007986904364567837,-0.21695053369763595,4.869651697573613e-07,3.915455940918903e-05,-41.53429097625426,45.75100651932342,0.0007909316151525502,-0.00046617027819749923,0.0,-0.0016819060487696213,0.007882211469924582,1.4009824265178638e-05
3.829999999999689,0.21679128120440205,0.22551544526864528,1.9968200779019136,1.9914995021510866,0.007534945218121258,-0.21669434846177982,4.885679120398156e-07,3.9540607209501414e-05,-41.726419427562035,45.709418431864215,0.0007935073493346216,-0.00045788700987091385,0.0,-0.0016196243733507865,0.007893333930068136,1.3761569769656463e-05
3.839999999999688,0.21651869753072342,0.22525347880721486,1.8799985034682096,1.8745196295622317,0.007083595478899418,-0.21643694783895773,4.901083756764974e-07,3.992505230103846e-05,-41.918646405595446,45.66768566471993,0.0007959855165668401,-0.00044952242349720865,0.0,-0.001557638580176307,0.007903716277127725,1.351087640858963e-05
3.849999999999687,0.2162458432669971,0.22499127413568154,1.7630609618712278,1.757425361963217,0.0066328882347576334,-0.21617834820088394,4.915867166857051e-07,4.030759577982701e-05,-42.110960295240574,45.625811019166996,0.0007983664734657188,-0.00044107636492470665,0.0,-0.00149595058146329,0.007913360077341369,1.3257739149784777e-05
3.859999999999686,0.21597273524415941,0.2247288475854951,1.6460146663693593,1.6402239149884998,0.006182856340508178,-0.21591856618775823,4.93003070650222e-07,4.068795479317579e-05,-42.303349493295734,45.58379732327274,0.0008006505368208651,-0.00043254883781576446,0.0,-0.0014345626291050295,0.007922266743107037,1.300215758080604e-05
3.869999999999685,0.21569939030879964,0.2244662154976836,1.528866836929448,1.522922511485793,0.005733532414782874,-0.21565761870590422,4.943575503210259e-07,4.106586097802948e-05,-42.49580240880214,45.54164743177373,0.000802837979320315,-0.000423940035921908,0.0,-0.001373477333502343,0.007930437520796352,1.2744136909534945e-05
3.8799999999996837,0.21542582532212093,0.2242033942216585,1.4116246997814288,1.4055283812275687,0.005284948836726089,-0.21539552292539788,4.95650244344114e-07,4.144105908819186e-05,-42.68830746341916,45.49936422587429,0.0008049290279602561,-0.00041525036431813803,0.0,-0.0013126976601238682,0.007937873491451957,1.2483688634914465e-05
3.8899999999996826,0.21515205715890026,0.22394040011407054,1.2942954869725747,1.2880487605605098,0.004837137742522021,-0.21513229627768554,4.96881217811192e-07,4.181330582604134e-05,-42.88085309184432,45.456950612965336,0.0008069238647956387,-0.0004064804502108582,0.0,-0.0012522269064625224,0.007944575582312447,1.2220830900905193e-05
3.8999999999996815,0.21487810270644755,0.22367724953771345,1.1768864359214146,1.1704908919956067,0.0043901310217685785,-0.21486795645318602,4.980505141164431e-07,4.218236888133458e-05,-43.07342774227605,45.414409526267264,0.0008088226302924794,-0.0003976311436256093,0.0,-0.001192068662432666,0.007950544587987052,1.1955588546944819e-05
3.9099999999996804,0.21460397886356386,0.22341395886047172,1.0594047889712568,1.0528620237435933,0.003943960313717451,-0.21460252139886982,4.991581582984008e-07,4.254802617142692e-05,-43.26601987691551,45.37174392440271,0.0008106254280732501,-0.000388703509053228,0.0,-0.001132226757592819,0.007955781199860157,1.1687992881976155e-05
3.9199999999996793,0.21432970253949904,0.22315054445431012,0.9418577929434733,0.9351694092027033,0.0034986570034085673,-0.21433600931581126,5.002041600943202e-07,4.2910065272707684e-05,-43.458617972502346,45.32895679090774,0.0008123323318186801,-0.0003796988094655241,0.0,-0.0010727051991173465,0.007960286039947523,1.1418081227895332e-05
3.929999999999678,0.2140552906529087,0.2228870226942929,0.8242526986904746,0.8174203064062351,0.0030542522177285786,-0.2140684386566986,5.011885196100723e-07,4.326828301879117e-05,-43.651210520878855,45.28605113369133,0.0008139433922649778,-0.0003706184838729312,0.0,-0.001013508103749311,0.007964059699747051,1.1145896261399773e-05
3.939999999999677,0.21378076013081063,0.22262340995763308,0.7065967606484438,0.6996219774395769,0.002610776821431224,-0.21379982812330098,5.021112309812234e-07,4.362248524600363e-05,-43.8437860295753,45.24302998445445,0.0008154586453587724,-0.00036146412032329287,0.0,-0.000954639627692383,0.007967102779385171,1.0871485215910294e-05
3.949999999999676,0.21350612790754056,0.22235972262275824,0.5888972363898483,0.5817816878347201,0.0021682614131508238,-0.21353019666387754,5.029722880339201e-07,4.397248665681665e-05,-44.03633302240994,45.19989639807938,0.000816878120704667,-0.00035223742575928615,0.0,-0.0008961038975178415,0.007969415926751693,1.059489898548996e-05
3.959999999999675,0.21323141092370768,0.22209597706838932,0.4711613861757519,0.46390670595243955,0.0017267363214481801,-0.2132595634705246,5.037716890969925e-07,4.431811077253325e-05,-44.228840040096635,45.156653452001535,0.000818201849408486,-0.000342940194249208,0.0,-0.0008379049448126897,0.007970999875361557,1.0316191174267591e-05
3.969999999999674,0.21295662612514957,0.2218321896726229,0.3533964725079946,0.3460043023602588,0.0012862316009201041,-0.21298794797645085,5.045094412044956e-07,4.4659189946344176e-05,-44.421295640853614,45.113304245574156,0.0008194298716279128,-0.000333574275406943,0.0,-0.0007800466471851065,0.007971855477385992,1.0035417145691693e-05
3.9799999999996727,0.21268179046188698,0.22156837681201255,0.23560975968116704,0.22808174921413887,0.0008467770284029952,-0.21271536985317763,5.051855647691252e-07,4.499556541088159e-05,-44.61368840100731,45.069851899435584,0.0008205622435124601,-0.0003241415438966033,0.0,-0.0007225326773555252,0.007971983733942322,9.752633103933996e-06
3.9899999999996716,0.2124069208870782,0.2213045548606413,0.11780851333454129,0.11014631965111778,0.00040840209929798865,-0.2124418490076564,5.058000965103538e-07,4.532708733218018e-05,-44.80600691558607,45.026299554888304,0.0008215990427948843,-0.0003146438715402562,0.0,-0.0006653664616903032,0.007971385818260712,9.467895247032144e-06
3.9999999999996705,0.21213203435597333,0.2210407401891829,3.885397110337519e-12,-0.007794712801643742,-2.886397596153778e-05,-0.2121674055793037,5.063530924101741e-07,4.5653614851673046e-05,-44.99823979889962,44.98265037329636,0.0008225403734093508,-0.0003050831026751492,0.0,-0.0006085511489132889,0.007970063094725777,9.181259017590722e-06
