time_s,length_target_m,length_actual_m,beta_target_deg,beta_actual_deg,wheel_x_m,wheel_z_m,closure_m,wheel_position_error_m,theta1_deg,theta2_deg,parallel_error_deg,wheel_speed_relative_rad_s,load_n,hip_torque_nm,knee_torque_nm,wheel_torque_nm
0.010000000000000002,0.21213203435596426,0.22100678723974165,1.4615839576048752e-07,4.290656510253656e-09,1.5885737170151515e-11,-0.21213203437018285,1.071377685689964e-12,5.254438792047363e-10,-44.99999999186897,45.0000000004503,1.7251519425539002e-09,4.1096769369846965e-09,0.0,5.338445386532959e-07,2.089932680608518e-08,-7.565530530790649e-11
0.02000000000000001,0.21213203435596426,0.22100678762045617,2.3208974986773156e-06,1.436971744252953e-07,5.320247714601933e-10,-0.21213203476682493,2.6890323200257495e-11,8.071335761570083e-09,-44.99999974533144,45.00000003272581,4.373574381371119e-08,1.0745152705649892e-07,0.0,5.021115140956053e-06,4.528702484303114e-07,-2.5327743493427643e-09
0.03000000000000002,0.21213203435596426,0.22100678994706802,1.1660380663385177e-05,1.101363208442108e-06,4.07768989407753e-09,-0.21213203719077284,1.740630411835671e-10,3.919637799962574e-08,-44.999998132969445,45.00000033569587,2.8415474365752114e-07,7.107536043880401e-07,0.0,1.7781107863844035e-05,2.4585075047596386e-06,-1.823465095890481e-08
0.04000000000000003,0.21213203435596426,0.22100679757766567,3.657116986555593e-05,4.664347192552643e-06,1.7269291344157445e-08,-0.21213204514060338,6.219267303826285e-10,1.1862316208211284e-07,-44.999992422776565,45.00000175147096,1.0166661041237627e-06,2.6378197840861773e-06,0.0,4.2941856383560536e-05,7.809450212167191e-06,-7.060341589662005e-08
0.05000000000000004,0.21213203435596426,0.22100681562409652,8.859912913831243e-05,1.42690756543087e-05,5.28298680080308e-08,-0.21213206394201845,1.609011533552179e-09,2.76785585013626e-07,-44.99997773987981,45.00000627803113,2.631858650730453e-06,7.108677927585549e-06,0.0,8.434083519027667e-05,1.859776683926531e-05,-1.9517572444689438e-07
0.060000000000000046,0.21213203435596426,0.2210068505554924,0.00018229899653992296,3.5516513093757216e-05,1.3149646593824116e-07,-0.21213210033476892,3.4007458838332994e-09,5.474384345245947e-07,-44.99994666293481,45.00001769596101,5.564318699737382e-06,1.5625992762818445e-05,0.0,0.00014543397557405198,3.69714150519607e-05,-4.3637578870231696e-07
0.07000000000000005,0.21213203435596426,0.22100690962934852,0.00033510467925566996,7.663876633543694e-05,2.837477267036981e-07,-0.21213216187988682,6.260273670706114e-09,9.65404762352572e-07,-44.99988891761158,45.00004219514427,1.024485796780281e-05,2.9828031459253943e-05,0.0,0.00022920814610559253,6.492958112525401e-05,-8.431472231185884e-07
0.08000000000000006,0.21213203435596426,0.2210070002921048,0.0005672003256605076,0.00014890149960300808,5.512938535956469e-07,-0.2121322563350762,1.0426142448519638e-08,1.5645389319864725e-06,-44.999791142850626,45.00008894584984,1.7063997095713486e-05,5.1344124953279936e-05,0.0,0.0003381026776443988,0.00010418227411772751,-1.4645757073174842e-06
0.09000000000000007,0.21213203435596426,0.22100712963657954,0.0009013922273811843,0.0002669296434449424,9.882826274149048e-07,-0.2121323910892044,1.609724104835766e-08,2.3759711340701465e-06,-44.99963671782675,45.00017057711364,2.6347319065797024e-05,8.167233378586336e-05,0.0,0.0004739477915870428,0.00015606599262692363,-2.346136917283113e-06
0.10000000000000007,0.21213203435596426,0.22100730396091908,0.0013629816035971602,0.00044894755076800076,1.662188729503744e-06,-0.21213257270233443,2.342403642526741e-08,3.426679737915969e-06,-44.999405645899586,45.000303541001124,3.83411315667511e-05,0.0001220872916416113,0.0,0.0006379263703727113,0.0002215036874911105,-3.526837638665728e-06
0.11000000000000008,0.21213203435596426,0.22100752844465585,0.0019796383190091127,0.0007169287741701518,2.654368511503802e-06,-0.21213280656741826,3.25047983223678e-08,4.738416566443266e-06,-44.999074495989326,45.00050835353766,5.320629055364647e-05,0.0001735789878623452,0.0,0.0008305626313024259,0.0003009977477740363,-5.037289246711841e-06
0.12000000000000009,0.21213203435596426,0.22100780693992284,0.0027812755860823677,0.0010966547169411881,4.060277442971549e-06,-0.21213309669146008,4.338556333732874e-08,6.326990179886024e-06,-44.99861640267534,45.00080971210922,7.101814516071982e-05,0.00023681949592084577,0.0,0.0010517382223225289,0.00039464674482613015,-6.898631433525118e-06
0.1300000000000001,0.21213203435596426,0.2210081418666397,0.0037999257013404367,0.0016176852635190365,5.9893617266187915e-06,-0.21213344558431207,5.6062813826778815e-08,8.201894977816713e-06,-44.998001125059275,45.001236495586326,9.177092418880723e-05,0.0003121531484771245,0.0,0.0013007336988263103,0.00050217884210866,-9.122173588371227e-06
0.1400000000000001,0.21213203435596426,0.22100853419654862,0.005069616864641258,0.0023132478914121572,8.564648137310282e-06,-0.2121338542391426,7.048807258435989e-08,1.0366259891941393e-05,-44.99719516214632,45.00182165792915,0.00011538525820622129,0.00039960541859584015,0.0,0.0015762915110078333,0.0006229965782012673,-1.170961129351624e-05
0.1500000000000001,0.21213203435596426,0.22100898351001705,0.006626251129515908,0.0032200545462751995,1.1922066426278688e-05,-0.2121343221876067,8.657380315043054e-08,1.2817079694285748e-05,-44.99616191998821,45.002602029080776,0.00014171783847984667,0.0004989061137567175,0.0,0.0018766955374466508,0.0007562290103846066,-1.465368468642888e-05
0.16000000000000011,0.21213203435596426,0.22100948811002033,0.008507483531786876,0.0043780576340018,1.6209546300466338e-05,-0.21213484761326656,1.0420013919106256e-07,1.5545684356432635e-05,-44.99486192362074,45.00361803888874,0.00017057243343058468,0.000609523026201389,0.0,0.0021998617401278726,0.0009007880278532317,-1.7939161338782604e-05
0.17000000000000012,0.21213203435596426,0.22101004517877848,0.010752602442810495,0.0058301578196789,2.158593593272473e-05,-0.212135427507932,1.2322205513502232e-07,1.853839725336332e-05,-44.993253065191865,45.00491338083123,0.00020171162641951636,0.0007307027160654257,0.0,0.002543434545215161,0.00105542617563034,-2.154404242703529e-05
0.18000000000000013,0.21213203435596426,0.22101065096374972,0.013402411192806262,0.00762187694477137,2.821979126232943e-05,-0.2121360578568947,1.4347664780088437e-07,2.1777331057096055e-05,-44.99129087871193,45.00653463260146,0.00023486873591343222,0.0008615155614453494,0.0,0.002904883933034041,0.0012187936765110275,-2.5440904959642593e-05
0.19000000000000014,0.21213203435596426,0.2210113009809117,0.016499111008844745,0.009801009336604372,3.62880852124714e-05,-0.2121367338403465,1.6479024285400306e-07,2.52412706232466e-05,-44.988928831546154,45.00853085021937,0.0002697594484462738,0.001000902593883153,0.0,0.0032815988302389767,0.0013894926340891792,-2.9598304542541366e-05
0.20000000000000015,0.21213203435596426,0.2210119902245072,0.0200861853111657,0.012417264174777131,4.5974883702296077e-05,-0.21213745003960932,1.8698507760050432e-07,2.890659470340895e-05,-44.98611862303133,45.010953151380896,0.000306092759008433,0.0011477219718188934,0.0,0.0036709731425911456,0.0015661266908423377,-3.3982173296794653e-05
0.21000000000000016,0.21213203435596426,0.22101271337371542,0.02420828541058934,0.015521910492551845,5.747003131634232e-05,-0.21213820063818678,2.0988535380340902e-07,3.2748192570183756e-05,-44.98281048132115,45.01385430230627,0.00034358087850638994,0.0013007932594388733,0.0,0.004070481578163384,0.0017473447386447214,-3.8557157016357046e-05
0.22000000000000017,0.21213203435596426,0.2210134649880833,0.028911117648866714,0.019167434940246288,7.096788413020472e-05,-0.21213897960911887,2.3332249319839377e-07,3.674033722104329e-05,-44.978953450631934,45.01728832051243,0.00038194783824451497,0.0014589379920886849,0.0,0.004477743233817942,0.001931877636362386,-4.328784504559447e-05
0.23000000000000018,0.21213203435596426,0.22101423968500528,0.034241332022889565,0.023407220727189832,8.666612086555281e-05,-0.21213978088167354,2.57139481111609e-07,4.085748335344302e-05,-44.97449566235975,45.02131010381413,0.0004209365993935043,0.0016210153318406968,0.0,0.004890571714518592,0.002118567264298367,-4.8139856011353734e-05
0.24000000000000019,0.21213203435596426,0.22101503229407116,0.04024641233274733,0.02829525429907881,0.00010476465666747758,-0.2121405984820351,2.811942257178494e-07,4.5074965379038925e-05,-44.96938458497025,45.025975093568405,0.00046031455301545095,0.00178595194764829,0.0,0.00530701129518611,0.002306387625412125,-5.308075243809347e-05
0.25000000000000017,0.21213203435596426,0.2210158379846592,0.046974567892677475,0.033885864394107644,0.0001254646767156059,-0.2121414266442932,3.05361913208004e-07,4.936957801562442e-05,-44.963567249037496,45.03133897782572,0.0004998773748897582,0.0019527655839645995,0.0,0.005725359297642062,0.0024944580602398506,-5.808076718822134e-05
0.2600000000000002,0.21213203435596426,0.22101665236467932,0.05447462684300804,0.04023349624557671,0.00014896779993613107,-0.21214225988964125,3.295363790407437e-07,5.372002911997527e-05,-44.95699044525342,45.03745743774458,0.0005394512703613553,0.0021205821006999325,0.0,0.0061441754240217795,0.0026820489665470605,-6.311333427968805e-05
0.2700000000000002,0.21213203435596426,0.2210174715498224,0.06279593110023454,0.04739252193493938,0.00017547537654948042,-0.21214309307321033,3.536305563112364e-07,5.810726112557162e-05,-44.94960089458592,45.04438593845581,0.0005788937086926078,0.002288646061492941,0.0,0.0065622792534074026,0.0028685806838482184,-6.815542555583501e-05
0.2800000000000002,0.21213203435596426,0.22101829220398286,0.07198823298141323,0.0554170863088348,0.000205187917295388,-0.2121439213993268,3.7757609437377286e-07,6.251464349038537e-05,-44.94134539098418,45.052179563601875,0.0006180927982878771,0.0024563252076815496,0.0,0.006978737463864206,0.003053616418126383,-7.318770259262872e-05
0.2900000000000002,0.21213203435596426,0.22101911155265871,0.08210159353808148,0.06436098650380588,0.00023830464709914678,-0.21214474040716108,4.013222637255514e-07,6.692804376466517e-05,-44.93217091808054,45.060892891088145,0.0006569654942028749,0.0026231093729213928,0.0,0.007392842588738481,0.0032368502322773565,-7.819449991174915e-05
0.3000000000000002,0.21213203435596426,0.22101992737205617,0.09318628263394332,0.07427758200480084,0.00027502317179772806,-0.2121455459296847,4.248342808951377e-07,7.133578913200694e-05,-44.9220247421947,45.0705799062043,0.0006954548560803334,0.0027886045616916317,0.0,0.0078040852542492975,0.0034180912125202543,-8.316366075320103e-05
0.3100000000000002,0.21213203435596426,0.22102073795733523,0.10529268079957504,0.08521973131372275,0.000315539243390478,-0.21214633402958188,4.48091195932723e-07,7.572853350423328e-05,-44.9108544845988,45.081293947226264,0.0007335265894112882,0.0029525230347062434,0.0,0.008212121886139893,0.0035972449555698276,-8.80862504090004e-05
0.32000000000000023,0.21213203435596426,0.22102154207389554,0.11847118289642024,0.09723975072672152,0.00036004660713354064,-0.21214710091623562,4.710834851897484e-07,8.009904743805974e-05,-44.89860817644604,45.093087677899504,0.0007711651049677738,0.003114670311258725,0.0,0.008616739822981292,0.003774293491704963,-9.29561742862804e-05
0.33000000000000024,0.21213203435596426,0.22102233889585393,0.13277210362135025,0.11038939040539072,0.00040873691263017264,-0.2121478428481656,4.938104880857983e-07,8.444194932596268e-05,-44.88523430000996,45.10601308082075,0.0008083693233204202,0.003274930021419096,0.0,0.009017821648880315,0.0039492746940512705,-9.776972867188905e-05
0.34000000000000025,0.21213203435596426,0.22102312793590875,0.14824558488206882,0.12471982285709907,0.00046179967080547946,-0.21214855602534072,5.162778178172018e-07,8.87533965711067e-05,-44.87068181993968,45.120121465653895,0.0008451484353880624,0.0034332475183513345,0.0,0.009415310370627792,0.004122262113890617,-0.00010252511163534299
0.35000000000000026,0.21213203435596426,0.221023908970632,0.1649415050726365,0.14028163908869545,0.0005194222392027881,-0.21214923647563677,5.384948581574859e-07,9.303075487759222e-05,-44.854900208128036,45.135463486305426,0.000881517804579284,0.003589613104142452,0.0,0.009809176830788217,0.0042933460538033515,-0.00010722191987918383
0.36000000000000026,0.21213203435596426,0.22102468196494238,0.1829093902773834,0.15712484803115595,0.0005817898192718579,-0.21214987993941953,5.604724431145056e-07,9.727226251176132e-05,-44.837839465540426,45.15208916160275,0.0009174951684213492,0.0037440456350213607,0.0,0.010199390483621213,0.00446261653252498,-0.000111860654813026
0.3700000000000003,0.21213203435596426,0.22102544699908025,0.20219832743046715,0.17529887531397628,0.000649085451101511,-0.2121504817558056,5.82220796630514e-07,0.00010147670454917989,-44.819450143989954,45.170047894617916,0.0009530972659699908,0.0038965771622501573,0.0,0.010585894380326283,0.0046301486397735655,-0.00011644225789156223
0.3800000000000003,0.21213203435596426,0.22102620420089694,0.22285687945731497,0.19485255805988277,0.0007214899932425217,-0.21215103675364455,6.037477878207751e-07,0.0001056431098633114,-44.799683370397396,45.18938848651717,0.0009883369813659738,0.004047239141104952,0.0,0.01096858492756602,0.004795990611429485,-0.00012096769157146391
0.3900000000000003,0.21213203435596426,0.22102695368569544,0.2449330024231727,0.21583413303276844,0.0007991820777224629,-0.21215153914969648,6.250575381277225e-07,0.00010977048108490248,-44.77849087557287,45.210159141638414,0.0010232210635745817,0.004196050608183463,0.0,0.011347296710974565,0.004960154801806344,-0.0001254375783009726
0.4000000000000003,0.21213203435596426,0.22102769550526832,0.268473964712955,0.23829121616778934,0.0008823380329358171,-0.2121519824558923,6.461493965210287e-07,0.0001138575651085441,-44.75582502902777,45.232407461363344,0.0010577484484076635,0.0043430085948892435,0.0,0.011721792423605592,0.0051226115847985455,-0.00012985190596408855
0.4100000000000003,0.21213203435596426,0.22102842960718,0.29352626826556855,0.26227077220924566,0.0009711317696772942,-0.2121523593969722,6.670172805914497e-07,0.00011790266906733555,-44.731638880796055,45.256180425214566,0.0010919091808499267,0.0044880809162856595,0.0,0.012091757716690266,0.005283286082504863,-0.0001342098043376023
0.4200000000000003,0.21213203435596426,0.22102915580477536,0.32013557188484715,0.28781907384956756,0.0010657346280637942,-0.2121526618392383,6.876493687165225e-07,0.00012190352415353641,-44.70588621073601,45.28152435843514,0.0011256839098787172,0.004631201356864496,0.0,0.01245680060187393,0.005442057517172302,-0.00013850939353742575
0.4300000000000003,0.21213203435596426,0.22102987375788183,0.3483466166482047,0.3149816503745351,0.0011663151853608805,-0.2121528807306504,7.080281110840504e-07,0.00012585719733395118,-44.678521585316446,45.30848488606554,0.0011590439074964578,0.00477226716901843,0.0,0.01281645488479962,0.005598760890886627,-0.0001427477022272022
0.44000000000000034,0.21213203435596426,0.22103058296371553,0.3782031534330795,0.34380322635960836,0.001273039026732703,-0.21215300605203866,7.281305220824373e-07,0.00012976004895274337,-44.64950042148048,45.3371068741997,0.0011919515465581005,0.004911138711892062,0.0,0.01317018700088551,0.005753190634546013,-0.0001469206506612866
0.45000000000000034,0.21213203435596426,0.2210312827571283,0.4097478725802011,0.37432765141173663,0.0013860684826025316,-0.21215302677883985,7.479287052028008e-07,0.00013360773250387114,-44.618779056834654,45.367434359658134,0.0012243611605577515,0.005047640988095939,0.0,0.013517405555163413,0.005905105831019036,-0.00015102309146765758
0.46000000000000035,0.21213203435596426,0.2210319723190375,0.4430223357116768,0.40659782230649677,0.0015055623376302174,-0.21215293085246612,7.673905606579265e-07,0.00013739523150138933,-44.58631482514026,45.39951046975325,0.001256220201980324,0.005181566783703182,0.0,0.01385747283725726,0.0060542365928148625,-0.00015504889946806952
0.47000000000000036,0.21213203435596426,0.22103265069167188,0.47806690972084576,0.44065559912349767,0.001631675517251921,-0.2121527051602054,7.864806221553682e-07,0.0001411169274114557,-44.552066135887834,45.43337733413484,0.0012874706125099405,0.005312681084448288,0.0,0.014189717586337788,0.006200291179694532,-0.00015899110079350696
0.48000000000000037,0.21213203435596426,0.22103331679914312,0.5149207029498148,0.4765417171392385,0.001764558758306889,-0.21215233552242327,8.051609725983519e-07,0.00014476669201394908,-44.51599255661536,45.46907599089385,0.0013180503204923263,0.0054407264267029316,0.0,0.014513448315600256,0.006342963461976921,-0.00016284203107307744
0.4900000000000004,0.21213203435596426,0.22103396947180654,0.5536215035695382,0.5142956962982077,0.0019043582705040307,-0.21215180668578115,8.233921862918996e-07,0.0001483379973253486,-44.47805489658178,45.50664628917819,0.0013478947859274133,0.005565428842886446,0.0,0.014827966565363063,0.006481940363948378,-0.00016659351246076998
0.5000000000000003,0.21213203435596426,0.22103460747289835,0.5942057201762636,0.553955750060979,0.0020512153953985007,-0.2121511023211992,8.411342589135477e-07,0.00015182403629500897,-44.43821529042243,45.54612679054438,0.0013769385206281713,0.005686504076860099,0.0,0.015132579532994883,0.006616908971002232,-0.00017023703970479393
0.5100000000000003,0.21213203435596426,0.22103522952602708,0.6367083246171196,0.5955586953315194,0.0022052662691893904,-0.21215020502536747,8.583474819859451e-07,0.00015521784785232795,-44.39643728048494,45.587554671148,0.0014051165208951036,0.005803663773339988,0.0,0.01542661162154694,0.006747563037276929,-0.00017376396627748363
0.5200000000000004,0.21213203435596426,0.22103583434223073,0.6811627970565668,0.6391398650097131,0.0023666414950691134,-0.21214909632473072,8.749932339292129e-07,0.0001585124404724961,-44.352685896662074,45.63096562668151,0.0014323655623963913,0.005916621381415587,0.0,0.01570941454988778,0.006873608683138164,-0.0001771656826523632
0.5300000000000004,0.21213203435596426,0.2210364206454863,0.7276010732944078,0.6847330245116258,0.0025354658300992816,-0.2121477566810282,8.910346626272467e-07,0.0001617009091988499,-44.30692773269165,45.6763937817149,0.0014586253175667254,0.006025097556958096,0.0,0.015980375772017108,0.006994769140633218,-0.00018043378013217893
0.5400000000000004,0.21213203435596426,0.2210369871957633,0.7760534943449796,0.7323702933654668,0.0027118578907170815,-0.21214616549766008,9.064372435669017e-07,0.000164776541949009,-44.259131018072466,45.723871604803406,0.001483839269183471,0.006128824894988514,0.0,0.016238925055028875,0.007110788452513311,-0.0001835601950149134
0.5500000000000004,0.21213203435596426,0.22103753280892513,0.8265487582861278,0.7820820727365114,0.0028959298800310534,-0.21214430112634797,9.211692049766182e-07,0.0001677329118960042,-44.20926568493809,45.773429830411125,0.001507955406036672,0.006227551873179673,0.0,0.01648453916212407,0.007221434096434247,-0.0001865373293836462
0.5600000000000004,0.21213203435596426,0.2210380563730007,0.879113874385503,0.8338969794760875,0.003087787339107778,-0.2121421408737601,9.352018162929963e-07,0.0001705639536934475,-44.157303429427714,45.82509738837991,0.0015309266958838932,0.006321045934978306,0.0,0.016716744674084086,0.007326498548619765,-0.00018935814624029416
0.5700000000000004,0.21213203435596426,0.221038556860566,0.9337741195106881,0.887841787036715,0.0032875289235134025,-0.21213966100797543,9.485095455345772e-07,0.00017326402227249183,-44.10321776728614,45.87890134135956,0.0015527113430560651,0.006409095685921102,0.0,0.016935119057003355,0.007425799846799291,-0.00019201623805379866
0.5800000000000004,0.21213203435596426,0.22103903333716649,0.9905529968286096,0.9439413733587525,0.003495246205497321,-0.21213683676483902,9.610700943084601e-07,0.00017582793383326837,-44.046984083605835,45.93486683032335,0.0015732728448487204,0.006491512218381402,0.0,0.017139290146256647,0.0075191812483425356,-0.00019450586906467646
0.5900000000000004,0.21213203435596426,0.22103948496589537,1.0494721967986564,1.0022186756227478,0.0037110235014246457,-0.21213364235443694,9.728643219043892e-07,0.00017825098945368318,-43.98857967678598,45.99301702803149,0.00159257986840908,0.006568129614186821,0.0,0.017328934262575906,0.007606510105811117,-0.00019682199273853628
0.6000000000000004,0.21213203435596426,0.22103991100838552,1.110551560462882,1.0626946515784181,0.003934937723387336,-0.21213005096805132,9.838760775229253e-07,0.00018052898242940273,-43.92798379692338,46.05337310008022,0.001610605974848383,0.006638804704145228,0.0,0.017503773208253227,0.0076876760993937485,-0.00019896024665222578
0.6100000000000004,0.21213203435596426,0.22104031082260112,1.1738090450356329,1.1253882470154914,0.004167058253387548,-0.21212603478607944,9.9409195533369e-07,0.00018265819101000877,-43.86517767896282,46.11595417299383,0.0016273292200377435,0.0067034161851932715,0.0,0.017663570408803182,0.007762588979687459,-0.00020091692778724982
0.6200000000000004,0.21213203435596426,0.2210406838578991,1.2392606917939124,1.1903163688293033,0.004407446838074577,-0.21212156498747892,1.0035009962660613e-06,0.00018463535861798085,-43.80014457102077,46.180777308679374,0.0016427316641093688,0.006761863210668068,0.0,0.017808126468974457,0.007831175970963581,-0.0002026889516504666
0.6300000000000004,0.21213203435596426,0.22104102964789477,1.3069205962687533,1.2574938630606172,0.004656157501749719,-0.21211661176136204,1.0120943498956916e-06,0.00018645766391302214,-43.73286975835309,46.24785748447433,0.00165679882040638,0.006814063578014,0.0,0.017937274404708558,0.007893378988156579,-0.0002042737989464072
0.6400000000000005,0.21213203435596426,0.22104134780168955,1.3768008807368393,1.3269334972501097,0.004913236475214078,-0.21211114432138192,1.0198649210896405e-06,0.0001881226832070328,-43.66334058346911,46.31720757796931,0.0016695190749107182,0.006859951639433088,0.0,0.018050874793504944,0.007949151804350308,-0.00020566945355729183
0.6500000000000005,0.21213203435596426,0.22104163799402612,1.4489116690106012,1.3986459464411198,0.0051787221380149295,-0.21210513092355718,1.0268070137708957e-06,0.00018962834775804142,-43.59154646289914,46.38883835578138,0.0016808831041316681,0.006899476057838922,0.0,0.018148811060000405,0.00799845729306181,-0.00020687433552781504
0.6600000000000005,0.21213203435596426,0.2210418999549101,1.5232610635239832,1.4726397821879968,0.005452644971740084,-0.21209853888815133,1.0329159886287761e-06,0.00019097289837585038,-43.517478901106905,46.46275846548292,0.0016908833150483448,0.006932597522301623,0.0,0.018230985081118405,0.008041264854456507,-0.00020788723250595313
0.6700000000000005,0.21213203435596426,0.2210421334591968,1.5998551247100448,1.548921463973516,0.005735027522186631,-0.21209133462617735,1.0381879487769981e-06,0.00019215483959320113,-43.441131502002534,46.53897442994956,0.0016995133293127786,0.006959286523949922,0.0,0.01829731325828978,0.008077548108599737,-0.00020870723271397193
0.6800000000000005,0.21213203435596426,0.22104233831658313,1.6786978526655754,1.6274953325057087,0.006025884368483975,-0.21208348367103094,1.0426194598839104e-06,0.00019317289539742027,-43.362499978462246,46.61749064347369,0.0017067675266812918,0.0069795212795803205,0.0,0.018347723166929966,0.008107282920894202,-0.0002093336621102186
0.6900000000000005,0.21213203435596426,0.2210425143623726,1.759791171096853,1.7083636044454606,0.006325222097556482,-0.21207495071567573,1.0462073162752888e-06,0.00019402596820550154,-43.28158216019981,46.698309369090744,0.0017126406601801034,0.006993285871929769,0.0,0.018382150854243596,0.008130445802755622,-0.0002097660278697591
0.7000000000000005,0.21213203435596426,0.22104266144930862,1.8431349135397057,1.791526368204714,0.006633039282643749,-0.21206569965571653,1.0489483534363784e-06,0.00019471310242551138,-43.198378000266615,46.781430736676064,0.0017171275510646936,0.007000568658769883,0.0,0.01840053882023491,0.00814701270768892,-0.0002100039697950819
0.7100000000000005,0.21213203435596426,0.22104277944068573,1.928726811846,1.8769815805502343,0.006949326464952915,-0.2120556936385985,1.0508393119505547e-06,0.0001952334535811301,-43.11288958038659,46.86685274148708,0.001720222865182278,0.007001360984821713,0.0,0.018402834683253724,0.008156958227277087,-0.00021004722073442874
0.7200000000000005,0.21213203435596426,0.22104286820487418,2.0165624869277123,1.9647250638394462,0.007274066137859955,-0.21204489511907476,1.0518767517092962e-06,0.00019558626362464033,-43.02512111526139,46.95457124294029,0.001721920971583431,0.006995656212878401,0.0,0.01838899050129301,0.00816025516937179,-0.00020989557654962102
0.7300000000000005,0.21213203435596426,0.22104292761131417,2.1066354417487227,2.054750503804723,0.007607232733412267,-0.21203326592098792,1.0520570116467739e-06,0.00019577084271800614,-42.93507895591341,47.04457996352287,0.0017222158787392448,0.006983449075493214,0.0,0.01835896269579177,0.00815687449238118,-0.000209548875715546
0.7400000000000005,0.21213203435596426,0.22104295752796863,2.198937056553499,2.1470494478828774,0.0079487926111841,-0.21202076730531783,1.0513762149414656e-06,0.00019578655745235862,-42.842771592073085,47.13687048783884,0.0017211012414812957,0.006964735334252967,0.0,0.018312712505055007,0.008146785553753137,-0.00020900698820361225
0.7500000000000006,0.21213203435596426,0.22104295782016584,2.293456586320855,2.2416113041569683,0.008298704049797864,-0.2120073600443661,1.0498303111853332e-06,0.00019563282520555043,-42.748209653562824,47.23143226187676,0.0017185704302041564,0.006939511722039681,0.0,0.018250206880308067,0.00812995662392022,-0.0002082698129418779
0.7600000000000006,0.21213203435596426,0.22104292835070968,2.39018116042998,2.338423341036826,0.008656917241643622,-0.2119930045018663,1.0474151497627391e-06,0.0001953091141075225,-42.651405910585375,47.32825259265904,0.001714616651459304,0.006907776134684478,0.0,0.01817141972891507,0.008106355612738777,-0.0002073372828692333
0.7700000000000006,0.21213203435596426,0.2210428689811001,2.4890957845249995,2.437470687849694,0.00902337429149494,-0.21197766071874502,1.0441265786850925e-06,0.00019481494790954423,-42.55237527278969,47.42731664848911,0.0017092331090883853,0.006869528031610304,0.0,0.018076333405472537,0.008075950952317041,-0.00020620937638507185
0.7800000000000006,0.21213203435596426,0.2210427795736786,2.5901833445633002,2.5387363365440048,0.00939800921983476,-0.21196128850420248,1.039960559793306e-06,0.00019414991492893734,-42.45113478696327,47.52860746005129,0.0017024131939878265,0.0068247690010023706,0.0,0.017964940353041955,0.008038712580129635,-0.00020488613387376306
0.7900000000000006,0.21213203435596426,0.2210426599944959,2.6934246130319965,2.6422011447286446,0.009780747971774167,-0.21194384753173412,1.0349132960347224e-06,0.00019331368016402433,-42.347703633185574,47.63210592264286,0.0016941506910420868,0.006773503443324842,0.0,0.017837244801615408,0.00799461296919997,-0.00020336767791684701
0.8000000000000006,0.21213203435596426,0.22104251011669884,2.798798257315846,2.7478438402756074,0.010171508432465073,-0.21192529743968558,1.0289813618368803e-06,0.0001923059996500121,-42.242103119272485,47.73779079982368,0.0016844399933149284,0.006715739327476234,0.0,0.017693264439581056,0.007943628158405191,-0.00020165423582016754
0.8100000000000006,0.21213203435596426,0.2210423298242281,2.906280850199097,2.8556410277090043,0.01057020044988595,-0.21190559793590183,1.022161831516642e-06,0.0001911267361403454,-42.13435667334615,47.845638728764165,0.0016732763124940012,0.006651488976305179,0.0,0.01753303198514861,0.00788573873887072,-0.00019974616314760902
0.8200000000000006,0.21213203435596426,0.22104211901564336,3.0158468824827174,2.9655671965885966,0.01097672586582206,-0.2118847089060285,1.0144524021811159e-06,0.00018977587525293793,-42.024489834375295,47.95562422755247,0.0016606558791322015,0.006580769841796994,0.0,0.01735659659709775,0.007820930762556947,-0.00019764396705482668
0.8300000000000006,0.21213203435596426,0.22104187760789692,3.127468777697606,3.07759473207283,0.011390978555771605,-0.21186259052500617,1.005851503743582e-06,0.0001882535413029444,-41.91253024054961,48.06771970469527,0.0016465761239901813,0.0065036052360098046,0.0,0.017164025078847598,0.007749196545870401,-0.0001953483283936996
0.8400000000000006,0.21213203435596426,0.22104160553991462,3.241116908893401,3.1916939278182643,0.01181284447840196,-0.2118392033713125,9.963583965499945e-07,0.0001865600121495475,-41.79850761537309,48.18189547100962,0.001631035837013188,0.006420024988876015,0.0,0.016955402843101035,0.007670535346755913,-0.0001928601216969458
0.8500000000000006,0.21213203435596426,0.22104130277585612,3.356759617481656,3.307833001338198,0.012242201735049543,-0.2118145085435038,9.859732519036794e-07,0.00018469573250784243,-41.682453751387285,48.298119754063705,0.0016140352988851733,0.006330066011428173,0.0,0.016730834618961,0.007584953906797676,-0.00019018043238354368
0.8600000000000007,0.21213203435596426,0.22104096930796882,3.474363234111186,3.4259781119092323,0.012678920639627611,-0.21178846777863153,9.746972149093e-07,0.00018266132530552495,-41.56440249146206,48.41635871528054,0.0015955763849947607,0.006233772748702186,0.0,0.016490444895778507,0.007492466851458046,-0.00018731057069133077
0.8700000000000007,0.21213203435596426,0.2210406051589667,3.5938921015525516,3.546093381077633,0.01312286379916508,-0.21176104357211406,9.625324502344721e-07,0.00018045760079855638,-41.444389707619344,48.53657646977463,0.0015756626393449756,0.0061311975138691665,0.0,0.016234378109998476,0.007393096951990786,-0.000184252082064793
0.8800000000000007,0.21213203435596426,0.22104021038390356,3.715308599567697,3.6681409157839053,0.013573886205072536,-0.21173219929867088,9.494821701133594e-07,0.00017808556328557864,-41.32245327738184,48.65873510894966,0.0015542993210211514,0.00602240070009551,0.0,0.01596279859070889,0.007286875256379837,-0.00018100675387582572
0.8900000000000007,0.21213203435596426,0.22103978507152858,3.838573171739971,3.7920808340901315,0.014031835335101772,-0.2117018993339364,9.35550646767646e-07,0.00017554641538503407,-41.198633057663876,48.78279472584417,0.001531493424082115,0.005907450873614093,0.0,0.01567589028848031,0.007173841102609009,-0.00017757661856490493
0.9000000000000007,0.21213203435596426,0.2210393293451421,3.963644354238802,3.917871293467385,0.0144965512658609,-0.21167010917639378,9.207432101302291e-07,0.00017284155994014435,-41.0729708562437,48.908713443178456,0.0015072536741442745,0.00578642475427511,0.0,0.015373856317025831,0.0070540420293293505,-0.00017396395338171118
0.9100000000000007,0.21213203435596426,0.2210388433629832,4.090478806492479,4.045468521573893,0.014967866795644116,-0.21163679556928014,9.050662339481864e-07,0.0001699725997138222,-40.945510400875904,49.03644744402369,0.001481590505278068,0.005659407095442099,0.0,0.015056918342358016,0.006927533604316028,-0.0001701712770675902
0.9200000000000007,0.21213203435596426,0.22103832731820144,4.219031343741691,4.17482684943694,0.015445607577265888,-0.2116019266221304,8.885271113033074e-07,0.00016694133510105732,-40.81629730611807,49.165951004991946,0.0014545160204036966,0.005526490476597339,0.0,0.014725315855285729,0.0067943791878817906,-0.00016620134387327379
0.9300000000000007,0.21213203435596426,0.22103778143847366,4.349254971445529,4.305898746933708,0.015929592260518946,-0.2115654719316365,8.711342238592326e-07,0.00016374976014920395,-40.685379037957695,49.297176531825116,0.0014260439403513622,0.005387775024649111,0.0,0.014379305364020687,0.006654649653676179,-0.00016205713539035923
0.9400000000000007,0.21213203435596426,0.22103720598533594,4.4811009215109285,4.438634860458389,0.016419632643841914,-0.21152740270150605,8.528969055440241e-07,0.00016040005720474156,-40.55280487633335,49.43007459725013,0.0013961895451418654,0.005243368080741602,0.0,0.01401915954201618,0.006508423085095849,-0.00015774185069638913
0.9500000000000007,0.21213203435596426,0.22103660125330413,4.614518690315676,4.572984052656627,0.016915533834754276,-0.21148769186100985,8.338254044917994e-07,0.0001568945905253374,-40.41862587564804,49.5645939809613,0.0013649696111261232,0.005093383829680514,0.0,0.013645166363621725,0.006355784465991294,-0.00015325889532656322
0.9600000000000007,0.21213203435596426,0.22103596756885505,4.749456078494278,4.7088934441069386,0.017417094418605908,-0.21144631418190601,8.139308449412712e-07,0.00015323589919812725,-40.28289482337463,49.7006817115885,0.001332402348366409,0.004937942908159086,0.0,0.0132576282564901,0.006196825380777226,-0.0001486118695631742
0.9700000000000008,0.21213203435596426,0.2210353052893394,4.88585923245521,4.8463084568326105,0.017924106635197154,-0.21140324639343067,7.932251899731307e-07,0.00014942668968845988,-40.145666196850165,49.83828311051539,0.001298507340663813,0.00477717200729786,0.0,0.01285686129508288,0.006031643738710454,-0.00014380455650971392
0.9800000000000008,0.21213203435596426,0.22103461480189004,5.023672687597308,4.985172859532931,0.018436356562839276,-0.21135846729503827,7.717212089517064e-07,0.0001454698283196431,-40.006996118352184,49.97734183741806,0.0012633054913361458,0.0046112034828297704,0.0,0.01244319445462497,0.0058603435323629875,-0.00013884091035616636
0.9900000000000008,0.21213203435596426,0.2210338965223814,5.162839413192214,5.125428814431486,0.01895362430945159,-0.2113119578665698,7.494324489711206e-07,0.00014136833394791138,-39.86694230854351,50.117799937406495,0.001226818976508313,0.004440174984460824,0.0,0.012016968939812033,0.005683034638173682,-0.0001337250451900304
1.0000000000000007,0.21213203435596426,0.22103315089448708,5.3033008588991155,5.26701692564981,0.01947568421032396,-0.21126370137551986,7.263732117624977e-07,0.00013712537105459041,-39.72556403836408,50.259597889663695,0.001189071207734436,0.004264229113621332,0.0,0.01157853759719268,0.005499832664204585,-0.0001284612246321462
1.0099999999999996,0.21213203435596426,0.22103237838887124,5.444997002877205,5.409876289026163,0.020002305032208692,-0.21121368348106528,7.025585368537214e-07,0.00013274424343137083,-39.58292207944,50.40267465749232,0.0011500868041679992,0.0040835131162785246,0.0,0.011128264415463596,0.00531085884724942,-0.00012305385250986297
1.0199999999999985,0.21213203435596426,0.22103157950253927,5.587866401460595,5.553944543311561,0.02053325018344443,-0.21116189233451055,6.780041908232855e-07,0.00012822838858567365,-39.43907865307059,50.54696773969372,0.0011098915752596316,0.0038981786152144596,0.0,0.01066652411313826,0.005116239999186446,-0.00011750746470213745
1.0299999999999974,0.21213203435596426,0.2210307547583633,5.731846240359574,5.699157922686668,0.021068277929849263,-0.2111083186757982,6.52726662948097e-07,0.00012358137294808165,-39.29409737784537,50.69241322321869,0.0010685125129138596,0.003708381383750879,0.0,0.010193701809374622,0.004916108499420832,-0.00011182672222684377
1.0399999999999963,0.21213203435596426,0.22102990470478528,5.876872387351588,5.845451310554882,0.021607141616156095,-0.21105295592572457,6.267431661661996e-07,0.00011880688791837493,-39.14804321593465,50.83894583704443,0.0010259777937154948,0.0035142811608420434,0.0,0.009710192770241604,0.004710602328211429,-0.00010601640557098906
1.0499999999999952,0.21213203435596426,0.22102902991569548,6.02287944642443,5.992758294577281,0.02214958989279378,-0.2109958002734994,6.000716429133386e-07,0.00011390874674771458,-39.00098241808934,50.98649900724392,0.000982316788344077,0.003316041505805858,0.0,0.009216402220482266,0.004499865137097647,-0.00010008141021708989
1.059999999999994,0.21213203435596426,0.2210281309904716,6.169800813333559,6.14101122292319,0.02269536694783937,-0.21093685075928292,5.727307756727139e-07,0.00010889088222474817,-38.85298246737946,51.13500491322583,0.0009375600787552293,0.0031138296889517704,0.0,0.008712745208626776,0.004284046346742951,-9.402674326127883e-05
1.069999999999993,0.21213203435596426,0.22102720855416236,6.317568732534639,6.2901412617181665,0.02324421274398944,-0.21087610935133771,5.447400004390874e-07,0.00010375734510700256,-38.704112021695,51.284394545131335,0.0008917394802727913,0.0029078166136736424,0.0,0.008199646512561947,0.004063301265680758,-8.785752098753788e-05
1.0799999999999919,0.21213203435596426,0.22102626325778785,6.4661143554519835,6.440078453676109,0.023795863260408417,-0.21081358101743086,5.161195228788867e-07,9.851230322696022e-05,-38.55444085502953,51.434597762381756,0.0008448880674276454,0.002698176764471887,0.0,0.0076775405722208315,0.0038377912223293087,-8.157896723935436e-05
1.0899999999999908,0.21213203435596426,0.22102529577873298,6.615367800042642,6.590751777905652,0.024350050739318313,-0.21074927379013436,4.868903346728671e-07,9.316004120208829e-05,-38.4040397975635,51.58554335337482,0.000797040201857543,0.002485088174698171,0.0,0.007146871436141217,0.003607683699898445,-7.519641240162124e-05
1.0999999999999897,0.21213203435596426,0.22102430682120114,6.765258211615403,6.742089210883091,0.02490650393719447,-0.21068319882567516,4.570742319162925e-07,8.770496069190609e-05,-38.25298067456382,51.737159096330004,0.0007482315608175958,0.0022687324080142416,0.0,0.0066080927095366945,0.0033731524710144878,-6.871529280963322e-05
1.1099999999999886,0.21213203435596426,0.22102329711670168,6.915713824863398,6.894017788583844,0.02546494838042565,-0.21061537045600456,4.266938307017853e-07,8.215158118561808e-05,-38.10133624411582,51.88937182128351,0.0006984991643994628,0.0020492945473213923,0.0,0.006061667493000916,0.0031343777199163347,-6.21411504055834e-05
1.1199999999999875,0.21213203435596426,0.22102226742453787,7.066662027068187,7.046463669763722,0.026025106625287536,-0.21054580623376556,3.957725834345319e-07,7.650454137332442e-05,-37.9491801337049,52.042107473232335,0.000647881400117039,0.0018269631853093072,0.0,0.005508068301780006,0.0028915461505605007,-5.5479632455208514e-05
1.1299999999999863,0.21213203435596426,0.22102121853227055,7.218029422432789,7.199352200377555,0.026586698522060817,-0.21047452696986102,3.643347910824661e-07,7.076860129258428e-05,-37.796586775667755,52.195291176422856,0.0005964180441143926,0.0016019304115225418,0.0,0.004947776958248112,0.0026448510725720774,-4.8736491177936976e-05
1.1399999999999852,0.21213203435596426,0.2210201512561319,7.36974189750051,7.352607979120096,0.027149441483110617,-0.21040155676334377,3.3240561375910285e-07,6.494864568275207e-05,-37.643631341535546,52.34884729977573,0.0005441502776792063,0.0013743917912276656,0.0,0.004381284451336576,0.002394492462869717,-4.191758314248549e-05
1.1499999999999841,0.21213203435596426,0.221019066441367,7.5217246876157535,7.506154924068912,0.027713050754721316,-0.21032692302337247,3.000110780122053e-07,5.904968944991921e-05,-37.49038967529514,52.50269952343297,0.0004911206979039955,0.0011445463325946135,0.0,0.0038090907591450396,0.002140676999043637,-3.50288683209935e-05
1.159999999999983,0.21213203435596426,0.22101796496248607,7.673902444382501,7.659916340404462,0.0282772396924615,-0.21025065648300317,2.6717808037142343e-07,5.307688709385086e-05,-37.33693822559855,52.65677090640749,0.0004373733228894964,0.0009125964390418179,0.0,0.0032317046324407683,0.001883618062767599,-2.8076408708956365e-05
1.169999999999982,0.21213203435596426,0.22101684772341348,7.826199304075725,7.813814989176884,0.028841720039831126,-0.21017279120461466,2.339343882911983e-07,4.703555001861432e-05,-37.18335397695453,52.810983955308295,0.00038295359029433257,0.0006787478451369027,0.0,0.002649643338657637,0.001623535713403503,-2.1066366451161754e-05
1.1799999999999808,0.21213203435596426,0.22101571565752387,7.978538956960142,7.967773157084103,0.02940620220992346,-0.21009336457679129,2.0030863846317417e-07,4.093118054403413e-05,-37.0297143799408,52.965260694109006,0.0003279083497271289,0.0004432095346352803,0.0,0.0020634323676285427,0.001360656630234378,-1.4005001439302439e-05
1.1899999999999797,0.21213203435596426,0.22101456972755837,8.130844717470696,8.121712727220494,0.029970395569814512,-0.21001241730251713,1.6633033539388608e-07,3.476954429718074e-05,-36.87609728047917,53.11952273492015,0.0002722858487965978,0.00020619364068152714,0.0,0.0014736051014047624,0.0010952140256521989,-6.898668369090621e-06
1.1999999999999786,0.21213203435596426,0.22101341092542123,8.283039595208137,8.275555250750799,0.030534008727376896,-0.20992999337856794,1.3202985767277022e-07,2.855684108399583e-05,-36.72258084821939,53.27369134972099,0.00021613571284504564,-3.208467148837975e-05,0.0,0.0008807024517750229,0.0008274475304868279,2.46186726052501e-07
1.2099999999999775,0.21213203435596426,0.22101224027185548,8.435046366702945,8.429222019459486,0.03109674982019929,-0.20984614006601196,9.743849950130075e-08,2.2300170889056974e-05,-36.56924350408139,53.427687543000374,0.00015950891909682365,-0.00027140733840951415,0.0,0.0002852724696898901,0.0005576030528524047,7.4230304428117515e-06
1.2199999999999764,0.21213203435596426,0.2210110588160029,8.586787647900307,8.582634139122328,0.03165832680628307,-0.2097609078517665,6.258870444176681e-08,1.6009114598159597e-05,-36.416163847007965,53.58143212525265,0.00010245776545072583,-0.0005115535469510889,0.0,-0.00031213006856278813,0.0002859326135789973,1.4625246424141041e-05
1.2299999999999753,0.21213203435596426,0.22100986763485414,8.73818596731821,8.735712603643806,0.032218447756178714,-0.20967435040118315,2.7516240075544662e-08,9.703529714134852e-06,-36.2634205799824,53.73484578727003,4.503583488958192e-05,-0.0007522998959730303,0.0,-0.0009109440935026135,1.2694160711371129e-05,2.1846140172514482e-05
1.2399999999999742,0.21213203435596426,0.22100866783259634,8.889163839830609,8.88837836990156,0.03277682114621987,-0.20958652450166643,7.797544638376224e-09,3.5065742362671975e-06,-36.111092435367866,53.88784917517099,-1.2702045160870464e-05,-0.0009934205683581746,0.0,-0.001510602687544793,-0.00026184863334174067,2.9078944181546233e-05
1.2499999999999731,0.21213203435596426,0.22100746053986847,9.039643841026871,9.040552433237634,0.03333315615251234,-0.2094974899973595,4.3199606518618656e-08,3.436340533916221e-06,-35.95925809962622,54.0403629661015,-7.069984654552917e-05,-0.0012346875117773806,0.0,-0.0021105335385362247,-0.000537426592648638,3.6316823337785925e-05
1.259999999999972,0.21213203435596426,0.22100624691293252,9.18954868209851,9.19215590353529,0.03388716294533686,-0.20940730971495786,7.87502688580941e-08,9.669369706378176e-06,-35.807996137474646,54.19230794454523,-0.0001289003874457758,-0.0014758706252375046,0.0,-0.0027101593971113223,-0.0008137652695152906,4.355288050158962e-05
1.269999999999971,0.21213203435596426,0.22100502813277126,9.338801285203795,9.343110081819452,0.03443855298362811,-0.20931604938074114,1.1439085909173876e-07,1.6057756228343264e-05,-35.657384915539375,54.34360507917829,-0.00018724538211062867,-0.001716737949588847,0.0,-0.0033088985339173537,-0.00109058518871298,5.078016221395886e-05
1.2799999999999698,0.21213203435596426,0.22100380540412187,9.487324859260381,9.493336537319275,0.03498703930920102,-0.20922377752894003,1.5008392394477859e-07,2.2473241478659073e-05,-35.50750252556539,54.49417560020395,-0.00024567549288425624,-0.001957055859550687,0.0,-0.0039061651933457063,-0.001367602099909904,5.799166445550467e-05
1.2899999999999687,0.21213203435596426,0.22100257995445385,9.635042976115775,9.642757184932025,0.03553233684040519,-0.20913056540158054,1.8579232331153182e-07,2.8895209515670994e-05,-35.358426707240426,54.64394107710445,-0.00030413038404640693,-0.002196589255766504,0.0,-0.004501370041148434,-0.0016445272388888638,6.518033840933755e-05
1.2999999999999676,0.21213203435596426,0.22100135303289847,9.78187964704517,9.791294363027772,0.03607416266489716,-0.20903648683997336,2.2147852281128308e-07,3.53133941338327e-05,-35.21023477069146,54.792823496747,-0.000362548777249477,-0.0024351017550520927,0.0,-0.005093920604097418,-0.0019210675935579934,7.233909617705327e-05
1.3099999999999665,0.21213203435596426,0.22100012590913906,9.9277593995258,9.938870911536629,0.03661223633123839,-0.2089416181680444,2.5710450193281014e-07,4.1719892950312384e-05,-35.06300351871033,54.9407453417836,-0.0004208685082786896,-0.0026723558777053094,0.0,-0.005683221700257762,-0.0021969261771126033,7.946081640748352e-05
1.3199999999999654,0.21213203435596426,0.2209988998722643,10.072607354236574,10.085410250260171,0.03714628013903386,-0.20884603806771992,2.9263175669453585e-07,4.8107560252052316e-05,-34.91680916876502,55.08762966928536,-0.0004790265849699953,-0.002908113230986938,0.0,-0.0062686758593505755,-0.0024718023051373415,8.653834981336883e-05
1.3299999999999643,0.21213203435596426,0.22099767622958993,10.216349302231746,10.230836457351549,0.03767601942734776,-0.20874982744660836,3.280213234836398e-07,5.446953644142964e-05,-34.77172727485107,55.23340018955416,-0.0005369592463556671,-0.003142134688032704,0.0,-0.006849683733315309,-0.0027453918776206314,9.356452455351216e-05
1.3399999999999632,0.21213203435596426,0.22099645630545292,10.358911782236664,10.375074347909113,0.038201182861144156,-0.20865306929824298,3.632338106989736e-07,6.079907757318022e-05,-34.62783264923749,55.377981345055716,-0.0005946020227386174,-0.0033741805621680518,0.0,-0.007425644497496911,-0.003017387666432562,0.00010053215147636264
1.3499999999999621,0.21213203435596426,0.22099524143997853,10.500222158013733,10.518049552630169,0.038721502715516776,-0.20855584855516912,3.9822943410374136e-07,6.708948505159834e-05,-34.48519928416012,55.521298389420444,-0.0006518897968862694,-0.003604010776269651,0.0,-0.007995956243365094,-0.0032874796075862242,0.00010743402921466298
1.359999999999961,0.21213203435596426,0.22099403298782075,10.64020869574648,10.659688596472623,0.039236715157488444,-0.20845825193518275,4.329680538393587e-07,7.333407453275448e-05,-34.34390027351428,55.66327746645954,-0.000708756866464847,-0.0038313850277851497,0.0,-0.008560016364241418,-0.0035553550988163527,0.00011426294914887882
1.36999999999996,0.21213203435596426,0.22099283231687603,10.778800641389099,10.799918977273158,0.039746560525174446,-0.20836036778104786,4.6740921260969053e-07,7.952616207073007e-05,-34.20400773459855,55.80384568914485,-0.000765137007828577,-0.00405606294952441,0.0,-0.00911722193538254,-0.003820699304111232,0.00012101170024333718
1.3799999999999588,0.21213203435596426,0.22099164080697087,10.915928297928787,10.938669244271138,0.040250783604119045,-0.20826228589404183,5.015121750833966e-07,8.565905856193719e-05,-34.06559272996019,55.94293121850245,-0.0008209635407885075,-0.004277804267112354,0.0,-0.009666970090153118,-0.004083195463988176,0.00012767307377831662
1.3899999999999577,0.21213203435596426,0.22099045984851917,11.051523102508302,11.075869076488821,0.04074913390062994,-0.20816409736169322,5.352359681975929e-07,9.172606848414531e-05,-33.928725189392665,56.08046334237031,-0.0008761693954677651,-0.004496368953552565,0.0,-0.010208658393960074,-0.004342525214226205,0.00013423986799507813
1.3999999999999566,0.21213203435596426,0.22098929084114918,11.185517703355353,11.211449360917504,0.04124136591194559,-0.20806589438010026,5.685394229781298e-07,9.772049099868128e-05,-33.793473832135696,56.21637255397069,-0.0009306871802572873,-0.0047115173818673365,0.0,-0.010741685217546742,-0.004598368911448028,0.00014070489267933923
1.4099999999999555,0.21213203435596426,0.22098813519229815,11.317846036465898,11.345342270460392,0.0417272393930862,-0.20796777007123368,6.013812167292339e-07,0.00010363562242818342,-33.65990608932759,56.35059063024838,-0.0009844492516608032,-0.004923010476505376,0.0,-0.011265450111250097,-0.004850405967701109,0.0001470609737065253
1.4199999999999544,0.21213203435596426,0.22098699431577273,11.448443401987944,11.477481341582639,0.04220651962025064,-0.20786981829564574,6.337199171498867e-07,0.00010946475958117531,-33.52808802676034,56.48305070992562,-0.001037387786251702,-0.0051306098643607145,0.0,-0.011779354181562288,-0.005098315192964818,0.00015330095757189923
1.4299999999999533,0.21213203435596426,0.2209858696302732,11.57724654025237,11.607801551618008,0.042678977650630015,-0.2077721334610229,6.655140266842436e-07,0.00011520120362569909,-33.3980842679878,56.613687371223804,-0.0010894348539466526,-0.00533407802608806,0.0,-0.012282800471095128,-0.005341775148062566,0.0001594177159289839
1.4399999999999522,0.21213203435596426,0.22098476255788063,11.704193707397174,11.73623939568216,0.04314439057852358,-0.20767481032703675,6.967220293709833e-07,0.00012083826434359584,-33.269957917837736,56.74243670920206,-0.0011405224932766105,-0.005533178448398034,0.0,-0.012775194342922588,-0.005580464504266341,0.00016540415015440108
1.449999999999951,0.21213203435596426,0.22098367452250745,11.829224750531667,11.862732963141616,0.043602541787651036,-0.20757794380696049,7.273024372662963e-07,0.00012636926466352272,-33.143770486378855,56.869236412662076,-0.0011905827891513787,-0.005727675777705802,0.0,-0.013255943869847625,-0.00581406241259807,0.00017125319595209738
1.45999999999995,0.21213203435596426,0.22098260694830954,11.952281182386752,11.98722201358601,0.044053221199561995,-0.20748162876653325,7.572138388810332e-07,0.00013178754540857634,-33.019581813394666,56.99402584056669,-0.001239547951342977,-0.005917335976014988,0.0,-0.013724460229103442,-0.006042248882539714,0.00017695782802322133
1.469999999999949,0.21213203435596426,0.22098156125806223,12.073306255397478,12.109648052252334,0.0444962255180594,-0.2073859598205643,7.864149488432085e-07,0.00013708647022270953,-32.89744999341609,57.11674609792077,-0.0012873503955961455,-0.006101926478729193,0.0,-0.014180158102553969,-0.006264705165866127,0.00018251106479483503
1.4799999999999478,0.21213203435596426,0.22098053887150002,12.192245035164207,12.229954404847115,0.04493135846955444,-0.20729103112778163,8.148646579084747e-07,0.00014225943064435182,-32.777431301365766,57.237340111059986,-0.0013339228260746845,-0.006281216355110656,0.0,-0.014622456082275994,-0.006481114149931749,0.00018790597322417072
1.4899999999999467,0.21213203435596426,0.22097954120362462,12.309044473238423,12.348086291713225,0.04535843103928508,-0.20719693618443988,8.425220843305671e-07,0.00014729985130927182,-32.65958011886712,57.355752702293564,-0.0013791983187619583,-0.006454976471224547,0.0,-0.015050777081298605,-0.006691160756011546,0.00019313567368077004
1.4999999999999456,0.21213203435596426,0.22097856966298018,12.423653479179475,12.463990901286998,0.045777261703335445,-0.20710376761720423,8.693466253161293e-07,0.0001522011952666192,-32.54394886127186,57.47193066384584,-0.0014231104068269836,-0.006622979655296195,0.0,-0.015464548749033857,-0.006894532343620775,0.00019819334489947136
1.5099999999999445,0.21213203435596426,0.2209776256499027,12.536022991828286,12.577617462790228,0.04618767665640047,-0.20701161697584108,8.952980104976278e-07,0.00015695696939214087,-32.430587905460136,57.585822831040616,-0.0014655931666711559,-0.006785000865494411,0.0,-0.015863203890667043,-0.007090919117935064,0.00020307222900760647
1.5199999999999434,0.21213203435596426,0.22097671055474527,12.64610604974438,12.688917318102003,0.046589510035249845,-0.2069205745262443,9.203363542386534e-07,0.00016156072988591252,-32.31954551846753,57.69738015467154,-0.0015065813046874189,-0.0069408173597814695,0.0,-0.01624618088999647,-0.007280014541231762,0.0002077656366130405
1.5299999999999423,0.21213203435596426,0.22097582575608404,12.753857860752433,12.797843992753926,0.04698260413784851,-0.20683072904433092,9.444222091281602e-07,0.0001660060878396005,-32.21086778699389,57.80655577250173,-0.001546010244674631,-0.007090208867682843,0.0,-0.01661292413483224,-0.007461515745994602,0.00021226695195398771
1.5399999999999412,0.21213203435596426,0.22097497261890967,12.859235870544632,12.904353265993278,0.04736680963810218,-0.20674216761134062,9.675166199561144e-07,0.00017028671486197248,-32.10459854784861,57.91330507983517,-0.0015838162157608181,-0.0072329577634365465,0.0,-0.01696288444412864,-0.0076351239483305475,0.00021656963808843426
1.54999999999994,0.21213203435596426,0.22097415249280872,12.962199830285371,13.008403239857047,0.047741985796197,-0.2066549754110721,9.895811769724602e-07,0.00017439634874612763,-32.00077931938746,58.01758579910159,-0.001619936340046538,-0.007368849240489445,0.0,-0.017295519496272276,-0.007800544860559775,0.00022066724212613953
1.559999999999939,0.21213203435596426,0.22097336671014225,13.062711863164795,13.109954407200785,0.04810800066451203,-0.20656923552958778,1.0105780694738123e-06,0.00017832879916589986,-31.8994492339959,58.11935804839747,-0.0016543087198411352,-0.00749767148661418,0.0,-0.017610294257450136,-0.007957489102651054,0.0002245534004802952
1.569999999999938,0.21213203435596426,0.22097261658422218,13.160736529847657,13.208969718625843,0.04846473128908531,-0.2064850287579088,1.0304701387888867e-06,0.00018207795338880302,-31.800644971673727,58.21858440892541,-0.0016868725250516609,-0.007619215859419433,0.0,-0.017906681409800774,-0.008105672609387932,0.00022822184413267524
1.5799999999999368,0.21213203435596426,0.22097190340749712,13.256240892764447,13.305414648248702,0.048812063906620504,-0.20640243339822387,1.0492209310464547e-06,0.00018563778199069312,-31.70440069477597,58.31522999127339,-0.0017175680792868484,-0.0077332770619284435,0.0,-0.018184161778185725,-0.00824481703333961,0.00023166640390060933
1.5899999999999357,0.21213203435596426,0.22097122844974754,13.349194579191924,13.399257258256457,0.04914989413702253,-0.20632152507411822,1.0667947494880619e-06,0.0001890023445596172,-31.610747983964266,58.409262500477176,-0.0017463369448797025,-0.007839653317794935,0.0,-0.018442224755688127,-0.008374650143424544,0.00023488101569609255
1.5999999999999346,0.21213203435596426,0.22097059295629834,13.439569843069489,13.490468262192618,0.04947812717145429,-0.20624237654532465,1.0831567050080564e-06,0.00019216579537867525,-31.519715775423187,58.50065229980843,-0.0017731220069813639,-0.007938146545958556,0.0,-0.018680368726875205,-0.008494906214664562,0.00023785972576637046
1.6099999999999335,0.21213203435596426,0.22096999814625407,13.527341625499648,13.579021086918077,0.04979667795590838,-0.20616505752748468,1.0982727673738432e-06,0.00019512238907359305,-31.431330299395317,58.58937247323146,-0.0017978675558865873,-0.00802856253430501,0.0,-0.018898101488715083,-0.008605326411993084,0.00024059669590742247
1.6199999999999324,0.21213203435596426,0.22096944521075987,13.612487613879214,13.664891933192104,0.05010547137028713,-0.20608963451739232,1.1121098136611743e-06,0.0001978664862175569,-31.345615020088502,58.67539888647271,-0.001820519367628998,-0.008110711112162855,0.0,-0.019094940668801165,-0.008705659163859288,0.00024308620864319416
1.6299999999999313,0.21213203435596426,0.22096893531129505,13.694988299609665,13.748059834819179,0.05040444240298604,-0.20601617062418026,1.1246356769515628e-06,0.0002003925588820993,-31.262590577008673,58.75871024664706,-0.001841024782998789,-0.0081844063216234,0.0,-0.019270414140867168,-0.008795660527170372,0.000245322672368047
1.6399999999999302,0.21213203435596426,0.22096846957800206,13.774827034334036,13.828506716307507,0.05069353632097226,-0.20594472540688846,1.1358191929086569e-06,0.00020269519612752578,-31.182274727770537,58.839288160385536,-0.001859332783621593,-0.00824946658728393,0.0,-0.019424060437320187,-0.008875094540354702,0.00024730062644470004
1.649999999999929,0.21213203435596426,0.22096804910805742,13.85199008464934,13.906217448985508,0.05097270883534792,-0.20587535471883883,1.1456302448145114e-06,0.00020476910942161493,-31.104682292438735,58.917117190409755,-0.0018753940665106818,-0.008305714884457032,0.0,-0.01955542915889447,-0.008943733565642945,0.00024901474625428426
1.659999999999928,0.21213203435596426,0.2209676749640858,13.926466685242248,13.981179905524062,0.051241926262386966,-0.20580811055921475,1.154039807710015e-06,0.0002066091379861163,-31.02982509945107,58.992184910499184,-0.0018891611157312248,-0.008352978905692664,0.0,-0.019664081381394534,-0.009001358618802953,0.00025045984819847106
1.6699999999999269,0.21213203435596426,0.22096734817262467,13.998249090397541,14.053385012811106,0.05150116568002493,-0.20574304093222825,1.1610199904426241e-06,0.00020821025405907235,-30.957711933175222,59.064481958797444,-0.0019005882712529376,-0.008391091225826288,0.0,-0.019749590059721593,-0.009047759685831012,0.0002516308946540817
1.6799999999999258,0.21213203435596426,0.22096706972264005,14.067332623828033,14.122826803127468,0.05175041507978034,-0.20568018971422725,1.166544076066068e-06,0.0002095675680731408,-30.888348483149755,59.13400208940469,-0.0019096317952201178,-0.008419889465199936,0.0,-0.01981154042918125,-0.009082736024812946,0.0002525229988754876
1.6899999999999247,0.21213203435596426,0.22096684056409957,14.133715726775735,14.189502463571669,0.05198967351407505,-0.2056195965290762,1.170586560282326e-06,0.0002106763337413967,-30.82173729506006,59.2007422222034,-0.0019162499348375737,-0.00843921645134619,0.0,-0.019849530404337866,-0.00910609645462147,0.00025313142985097055
1.6999999999999236,0.21213203435596426,0.22096666160660441,14.197400004333941,14.2534123836833,0.052218951238916914,-0.20556129663211226,1.1731231881287012e-06,0.00021153195304956358,-30.75787772349925,59.26470249086584,-0.0019204029825467173,-0.008448920378954618,0.0,-0.019863170975174406,-0.009117659626769463,0.00025345161710457786
1.7099999999999225,0.21213203435596426,0.2209665337180847,14.258390269940378,14.3145602012142,0.052438269851897285,-0.20550532080295406,1.1741309886690363e-06,0.00021212998115084395,-30.696765886563398,59.3258862889918,-0.001922053332626717,-0.008448854968439114,0.0,-0.019852086601368876,-0.009117254282739394,0.00025347915545896653
1.7199999999999214,0.21213203435596426,0.22096645772356063,14.316694587992561,14.372952845997316,0.052647662425445996,-0.20545169524740942,1.1735883070972376e-06,0.0002124661311578818,-30.63839462233065,59.38430031432528,-0.0019211655341825388,-0.008438879622905054,0.0,-0.019815915604049043,-0.009104719494009842,0.0002532098097485701
1.7299999999999203,0.21213203435596426,0.2209664344039732,14.372324314535174,14.42860058186346,0.05284717363527605,-0.20540044150869874,1.171474835494461e-06,0.00021253627883267346,-30.58275344727277,59.439954610999706,-0.001917706340863374,-0.008418859583553815,0.0,-0.019754310555590883,-0.00907990488389983,0.00025263951948668596
1.7399999999999192,0.21213203435596426,0.2209664644950865,14.425294135972317,14.481517046557153,0.0530368598839403,-0.20535157638817775,1.1677716403359812e-06,0.00021233646716787387,-30.52982851664769,59.49286260976199,-0.0019116447567135192,-0.008388666083792812,0.0,-0.01966693866737356,-0.009042670833838336,0.0002517644034918493
1.749999999999918,0.21213203435596426,0.22096654868646523,14.475622105755638,14.531719289602156,0.05321678941940679,-0.20530511187571177,1.1624611889014892e-06,0.0002118629108575141,-30.479602586920965,59.543041166125285,-0.0019029520782956404,-0.008348176501833662,0.0,-0.0195534821754043,-0.008992888669252205,0.0002505807644711788
1.759999999999917,0.21213203435596426,0.22096668762053093,14.523329679000492,14.579227808068989,0.05338704244855129,-0.2052610550898194,1.1555273718005567e-06,0.00021111200065661596,-30.43205498026364,59.59051059640162,-0.0018916019324630416,-0.008297274511887285,0.0,-0.019413638723949977,-0.008930440827072988,0.0002490850935603702
1.7699999999999159,0.21213203435596426,0.2209668818916968,14.568441744983616,14.624066580195885,0.053547711245446813,-0.20521940822766577,1.1469555236637754e-06,0.00021008030762267825,-30.38716155117394,59.6352947115657,-0.0018775703104679316,-0.0082358502339178,0.0,-0.019247121747082506,-0.008855221004098659,0.0002472740748203349
1.7799999999999148,0.21213203435596426,0.2209671320455871,14.610986657475197,14.66626309681614,0.05369890025432093,-0.20518016852495374,1.1367324419621645e-06,0.0002087645872380585,-30.34489465526938,59.677420848901654,-0.001860835597769584,-0.008163800381975088,0.0,-0.019053660847775288,-0.008767134284702695,0.0002451445896907952
1.7899999999999137,0.21213203435596426,0.22096743857834117,14.650996262858804,14.705848390544695,0.05384072618703466,-0.20514332822572062,1.1248464021436589e-06,0.0002071617834109664,-30.30522312029554,59.71691990138493,-0.0018413785993642742,-0.008081028410984686,0.0,-0.018833002175024253,-0.008666097248390922,0.00024269372140031003
1.7999999999999126,0.21213203435596426,0.22096780193600618,14.688505925994317,14.742857062677453,0.05397331811492333,-0.20510887456201243,1.1112871702497526e-06,0.00020526903234837008,-30.268112219397526,59.75382634475245,-0.001819182560726051,-0.007987444662129565,0.0,-0.018584908798181247,-0.008552038056414904,0.00023991875933068258
1.8099999999999115,0.21213203435596426,0.22096822251401835,14.72355455377802,14.777327307757217,0.054096817554824275,-0.20507678974336607,1.096046013448393e-06,0.00020308366629998378,-30.23352364669948,59.788178262213926,-0.0017942331844982883,-0.007882966506389906,0.0,-0.01830916107869831,-0.008424896516506847,0.0002368172033293797
1.8199999999999104,0.21213203435596426,0.2209687006567778,14.756184616355219,14.809300935761092,0.054211378549104086,-0.20504705095599499,1.0791157067589697e-06,0.00020060321717050173,-30.201415495236844,59.82001736675903,-0.0017665186422999033,-0.00776751848661887,0.0,-0.018005557038971057,-0.008284624126571051,0.00023338676797652268
1.8299999999999093,0.21213203435596426,0.22096923665731655,14.7864421659421,14.838823391863965,0.05431716773947967,-0.20501963037152904,1.0604905381872132e-06,0.00019782541999260617,-30.171742237286026,59.84938902101394,-0.0017360295818243554,-0.00764103245771313,0.0,-0.017673912728202165,-0.008131184095482536,0.00022962538679501825
1.8399999999999082,0.21213203435596426,0.22096983075706247,14.814376853212474,14.865943773734383,0.0544143644344177,-0.20499449516512197,1.040166309619114e-06,0.00019474821626271348,-30.144454707135004,59.876342254603735,-0.0017027591295876445,-0.007503447724871295,0.0,-0.017314062584753074,-0.007964551342146808,0.00022553121640470192
1.849999999999907,0.21213203435596426,0.22097048314569998,14.840041941207437,14.8907148463185,0.05450316066987797,-0.20497160754269733,1.0181403356259232e-06,0.00019136975713098848,-30.119500086338395,59.900929778975396,-0.001666702888460201,-0.007354711179959334,0.0,-0.0169258597951177,-0.007784712471566157,0.00022110264061943143
1.859999999999906,0.21213203435596426,0.22097119396113,14.863494316724946,14.913193054069652,0.05458376126315709,-0.2049509247770646,9.944114391714901e-07,0.0001876884064470036,-30.096821891499513,59.92320799963883,-0.0016278589306060551,-0.0071947774356465,0.0,-0.016509176648920956,-0.007591665728324692,0.00021633827447774663
1.8699999999999048,0.21213203435596426,0.22097196328952767,14.884794499148402,14.933438530580851,0.05465638385957132,-0.2049323992525915,9.689799443115104e-07,0.00018370274365530349,-30.076359964621336,59.94323702578306,-0.0015862277855875613,-0.007023608957433087,0.0,-0.01606390489008807,-0.007385420927619146,0.0002112369682097393
1.8799999999999037,0.21213203435596426,0.22097279116550184,14.904006646673153,14.951515105578869,0.0547212589717084,-0.20491597851808363,9.418476658701754e-07,0.0001794115665390591,-30.058050466068075,59.96108067722582,-0.0015418124233430698,-0.006841176193358082,0.0,-0.015589956063657262,-0.007165999362911935,0.00020579781113588754
1.8899999999999026,0.21213203435596426,0.22097367757235395,14.921198559890506,14.967490309238801,0.05477863001096239,-0.2049016053474758,9.130178958706847e-07,0.0001748138938099142,-30.041825870177743,59.976806488655356,-0.0014946182326609331,-0.006647457701171941,0.0,-0.015087261858132053,-0.006933433691268983,0.0002000201354901163
1.8999999999999015,0.21213203435596426,0.22097462244243782,14.936441682689843,14.9814353737795,0.054828753311057465,-0.20488921780790015,8.824953884345412e-07,0.00016990896754324737,-30.027614963565977,59.990485711124975,-0.0014446529947554573,-0.006442440273059463,0.0,-0.014555774443198487,-0.006687767795739251,0.00019390352016866402
1.9099999999999004,0.21213203435596426,0.22097562565761966,14.949811100440094,14.9934252323,0.05487189814325184,-0.2048787493346566,8.502863390653753e-07,0.00016469625545494876,-30.015342846160355,60.002193310760376,-0.0013919268516521882,-0.0062261190578292115,0.0,-0.013995466802538391,-0.006429056626260895,0.00018744779440309673
1.9199999999998993,0.21213203435596426,0.22097668704983808,14.961385535412296,15.003538514819109,0.054908346722907106,-0.20487012881257016,8.163983638465637e-07,0.00015917545302159502,-30.004930935003742,60.01200796464196,-0.0013364522702858108,-0.005998497680148245,0.0,-0.013406333061636118,-0.0061573660171270785,0.00018065304134701676
1.9299999999998982,0.21213203435596426,0.2209778064017628,14.971247339406142,15.01185754148022,0.054938394207095745,-0.20486328066317963,7.808404741268086e-07,0.00015334648544112906,-29.99629697086458,60.02001205382501,-0.0012782440021198269,-0.0057595883572318565,0.0,-0.012788388810221242,-0.005872772484520058,0.00017351960158444447
1.9399999999998971,0.21213203435596426,0.22097898344755107,14.979482483543462,15.018468312884705,0.05496234868291275,-0.20485812493716465,7.43623049060101e-07,0.0001472095094363092,-29.98935502769109,60.02629165346052,-0.0012173190371557333,-0.005509412012604016,0.0,-0.012141671419510372,-0.005575363001543562,0.0001660480765512757
1.949999999999896,0.21213203435596426,0.22098021787369992,14.986180545192974,15.023460497518233,0.05498053114615031,-0.20485457741138,7.047578048005917e-07,0.0001407649149010713,-29.98401552494571,60.03093651998216,-0.0011536965547616484,-0.005247998386780598,0.0,-0.011466240353686133,-0.005265234753370102,0.00015823933186451012
1.959999999999895,0.21213203435596426,0.22098150931999347,14.991434691991742,15.026927416234818,0.05499327546998699,-0.20485254968983052,6.642577620357041e-07,0.00013401332638810255,-29.980185242855246,60.0340400753249,-0.0010873978693993257,-0.004975386145061085,0.0,-0.01076217747577156,-0.004942494871525256,0.00015009450056635473
1.9699999999998938,0.21213203435596426,0.22098285738053994,14.995341662928215,15.028966023765056,0.055000928363338836,-0.20485194930788167,6.2213721025766e-07,0.0001269556044444276,-29.9777673406113,60.0356993881414,-0.001018446372203725,-0.0046916229824027975,0.0,-0.010029587347600616,-0.004607260151349138,0.0001416149862775797
1.9799999999998927,0.21213203435596426,0.2209842616048996,14.998001746453527,15.02967688721479,0.055003849318513515,-0.20485267983897343,5.784116694623909e-07,0.00011959284679328498,-29.976661377554933,60.036015151984536,-0.0009468674688604205,-0.004396765724950843,0.0,-0.009268597523804807,-0.004259656747695997,0.00013280246625435352
1.9899999999998916,0.21213203435596426,0.2209857214992977,14.999518755589555,15.029164161522907,0.0550024105478087,-0.20485464100306702,5.330978501659925e-07,0.00011192638936464812,-29.97676333737842,60.03509166042423,-0.0008726885132337832,-0.004090880428598925,0.0,-0.008479358839768952,-0.003899819856214739,0.00012365889435417667
1.9999999999998905,0.21213203435596426,0.2209872365279201,15.000000000000012,15.0275355618463,0.05499699690868913,-0.20485772877602773,4.862136111446399e-07,0.00010395780718099637,-29.97796565537632,60.033036779068944,-0.0007959387377637239,-0.003774042474279536,0.0,-0.007662045692991492,-0.0035278933758288843,0.0001141865039036921
2.0099999999998897,0.21213203435596426,0.2209888039874244,14.999537364671857,15.024901617206455,0.054988002683977646,-0.204861834045825,4.379270624813284e-07,9.575533401849288e-05,-29.98015856285221,60.029961797265116,-0.0007168932127091468,-0.003446956270597833,0.0,-0.0068746859492919005,-0.0031471651998397,0.00010440030318818814
2.0199999999998886,0.21213203435596426,0.2209903985507164,14.998149487224927,15.021367404463817,0.05497579652440725,-0.20486683003383305,3.8987003944948303e-07,8.763798946547226e-05,-29.98324410901076,60.02597891793839,-0.0006382227768928748,-0.0031161356065162603,0.0,-0.006206934725167063,-0.0027800846974867168,9.447102088211235e-05
2.0299999999998875,0.21213203435596426,0.22099196480160582,14.995836453270039,15.017023333107753,0.05496068650745571,-0.20487257367813624,3.45028983252709e-07,7.994515893533776e-05,-29.987147476969415,60.0211941431849,-0.000564816130678433,-0.0027950516873298465,0.0,-0.005665118876458512,-0.0024530209603338673,8.478821186005077e-05
2.0399999999998863,0.21213203435596426,0.22099343582029934,14.992598405486014,15.011943137191391,0.05494291799653005,-0.20487892628986354,3.0618326681571173e-07,7.295793512455913e-05,-29.991813762576868,60.01570003695968,-0.0005012231498500738,-0.002499317229293723,0.0,-0.005251311991466184,-0.0021849462993493722,7.581980485273207e-05
2.0499999999998852,0.21213203435596426,0.22099474852297316,14.988435543610898,15.006183221253703,0.05492267545400202,-0.2048857696271425,2.752657687800017e-07,6.689345764940879e-05,-29.997204312310938,60.009570754818355,-0.0004506081153868441,-0.0022429155535036178,0.0,-0.004964310197904524,-0.001986528874382283,6.799375144335243e-05
2.059999999999884,0.21213203435596426,0.2209958527803689,14.983348124429613,14.99978264775277,0.05490008485721368,-0.20489301508053714,2.532719085472226e-07,6.190283651845369e-05,-30.003294169912504,60.002859465418034,-0.00041460091439236786,-0.002036150001194101,0.0,-0.004799514565433484,-0.001861157621650493,6.163168586297204e-05
2.069999999999883,0.21213203435596426,0.22099671548315775,14.977336461758146,14.992763732217918,0.05487521691470573,-0.2049006071804273,2.4038310008445094e-07,5.807242090959235e-05,-30.010070337092998,59.99559780152884,-0.0003934990876553182,-0.001884945647778333,0.0,-0.004748889565038956,-0.0018065789532771504,5.692459287009949e-05
2.079999999999882,0.21213203435596426,0.22099732110748463,14.97040092642416,14.985133193712219,0.05484809131810388,-0.20490852304246793,2.3615407712630828e-07,5.5427945876464796e-05,-30.017530463727006,59.987796851151444,-0.0003865742667294236,-0.0017910127233162002,0.0,-0.004801175846346537,-0.0018165346129874682,5.393573686956549e-05
2.089999999999881,0.21213203435596426,0.22099767016724753,14.96254194624415,14.976883783077161,0.054818682129752355,-0.20491676922328417,2.3969823984624513e-07,5.39409465946885e-05,-30.025681654965382,59.979449221119715,-0.00039237535786581254,-0.0017524640081102826,0.0,-0.004942374108578448,-0.0018821631170960575,5.2618261843818685e-05
2.0999999999998797,0.21213203435596426,0.22099777659078687,14.953760005997031,14.967996289187008,0.054786924231593634,-0.2049253771286342,2.4984619680274445e-07,5.353676431261962e-05,-30.034539203076335,59.97053178145035,-0.00040898800466670663,-0.0017646073591777848,0.0,-0.005156438109702008,-0.00199311155891206,5.283871346678511e-05
2.1099999999998786,0.21213203435596426,0.22099766470839755,14.94405564739424,14.95844180880317,0.054752720612802674,-0.20493439777660966,2.6527235548765885e-07,5.410349182963958e-05,-30.04412516526681,59.96100878287316,-0.0004342419244248847,-0.0018207487841522822,0.0,-0.005426087148627049,-0.002138385655057058,5.4401243694240477e-05
2.1199999999998775,0.21213203435596426,0.2209973662566247,14.933429469046335,14.948184160043908,0.05471595017743505,-0.204943896441307,2.845928107143703e-07,5.5501311005891155e-05,-30.05446679321476,59.95083511330258,-0.0004658713162693759,-0.0019129236696198296,0.0,-0.005733649631579081,-0.0023069912033478446,5.7069824336227844e-05
2.1299999999998764,0.21213203435596426,0.2209969176114862,14.921882126426043,14.937182322429203,0.05467647571119985,-0.20495394750426396,3.0644020080869313e-07,5.757180209820299e-05,-30.065594871631152,59.93995951648959,-0.0005016375124630859,-0.0020325247542801704,0.0,-0.006061864668784294,-0.0024884180976460094,6.058741078174272e-05
2.1399999999998753,0.21213203435596426,0.22099635734430187,14.909414331827854,14.925392796371833,0.05463415164976569,-0.20496462971195972,3.295208014758281e-07,6.0146891679872906e-05,-30.077542046598623,59.92832763934228,-0.00053942247878449,-0.002170822582220179,0.0,-0.006394588686059892,-0.0026730056081415757,6.469187136647842e-05
2.1499999999998742,0.21213203435596426,0.2209957241300964,14.896026854324067,14.912771789949867,0.054588831327269646,-0.204976021958932,3.5265775675857406e-07,6.3057145961207e-05,-30.09034122740353,59.91588480730327,-0.0005772995747830192,-0.0023193857875718348,0.0,-0.006717373570208756,-0.0028522139926525215,6.912888267567386e-05
2.159999999999873,0.21213203435596426,0.22099505500923186,14.881720519717351,14.899277158936265,0.054540373440646425,-0.2049881996688791,3.7482294590033044e-07,6.613914695749493e-05,-30.10402413569348,59.90257845356601,-0.0006135856987440631,-0.0024704115340421487,0.0,-0.007017899496289349,-0.003018816816773189,7.366209864164016e-05
2.169999999999872,0.21213203435596426,0.2209943839920206,14.86649621048982,14.884870045721641,0.054488647532733206,-0.2050012318159728,3.951589515562015e-07,6.924173902172095e-05,-30.118620059206265,59.88836015064956,-0.0006468772276260927,-0.002616975563082571,0.0,-0.007286258611483358,-0.003167021773708214,7.808088199510014e-05
2.179999999999871,0.21213203435596426,0.22099374099288152,14.850354865748576,14.86951618258784,0.05443353836706018,-0.20501517860605004,4.1299198933015577e-07,7.223100301666498e-05,-30.134154848397284,59.87318721357296,-0.0006760711675711819,-0.0027532094580073043,0.0,-0.007515095359498085,-0.003292524868110377,8.220583168159671e-05
2.18999999999987,0.21213203435596426,0.2209931510790694,14.833297481167797,14.853186843709018,0.05437494913435986,-0.20503008981730503,4.278364370533581e-07,7.49938912434995e-05,-30.150650175807026,59.85702386322507,-0.0007003725588342483,-0.0028744113098299476,0.0,-0.007699615961982827,-0.0033925025175695015,8.589229495927272e-05
2.1999999999998687,0.21213203435596426,0.22099263401646124,14.815325108927308,14.835859447480116,0.05431280349156947,-0.20504600378066318,4.3939163137132665e-07,7.744052671721283e-05,-30.16812306150585,59.83984195646609,-0.0007192892262902762,-0.002977095422332147,0.0,-0.007837484025761145,-0.0034655472812587613,8.903203376209109e-05
2.2099999999998676,0.21213203435596426,0.2209922040907453,14.796438857647686,14.817517825740554,0.054247046486326875,-0.20506294696116098,4.4753176546696517e-07,7.95052302474717e-05,-30.186585654148242,59.821621305629364,-0.0007326152388070268,-0.003058986941750625,0.0,-0.007928621929831531,-0.0035115546413515795,9.155322030245756e-05
2.2199999999998665,0.21213203435596426,0.22099187017716895,14.776639892321878,14.798152188814797,0.05417764446255875,-0.20508093408430556,4.522899232707003e-07,8.114638676947228e-05,-30.206045246274925,59.802349623904526,-0.0007404047713830558,-0.003118968042400262,0.0,-0.007974938959239236,-0.0035315698772326633,9.341895824204013e-05
2.2299999999998654,0.21213203435596426,0.22099163602666133,14.755929434243324,14.777758824838857,0.0541045840753127,-0.20509996873665726,4.5383746160484007e-07,8.234529865697639e-05,-30.226504494453472,59.78202214413121,-0.0007429383529996562,-0.0031569832062501766,0.0,-0.007980007377795317,-0.003527605216951452,9.462455288381267e-05
2.2399999999998643,0.21213203435596426,0.22099150073154677,14.73430876093063,14.756339578541697,0.05402787056560861,-0.20512004435872933,4.524600627088864e-07,8.310419887970067e-05,-30.24796180944151,59.7606409665249,-0.0007406836633074097,-0.0031739119285998764,0.0,-0.007948706979678906,-0.003502437976083626,9.519377830811617e-05
2.249999999999863,0.21213203435596426,0.2209914593308529,14.71177920604877,14.73390115857815,0.053947525459236104,-0.20514114554132012,4.485318117649489e-07,8.344361146380982e-05,-30.27041187852923,59.73821419568552,-0.0007342530980854597,-0.0031714176765266743,0.0,-0.007886857291526935,-0.0034594002668037974,9.517440526145317e-05
2.259999999999862,0.21213203435596426,0.2209915035137636,14.688342159326815,14.710454323853106,0.053863583857881175,-0.20516324953377685,4.4248861466746195e-07,8.339925158898794e-05,-30.29384628128354,59.71475492898973,-0.0007243602536175264,-0.0031517820349128427,0.0,-0.007800854657970987,-0.0034021701793348026,9.463325807569802e-05
2.269999999999861,0.21213203435596426,0.22099162238017195,14.663999066472206,14.68601299829611,0.05377609148768073,-0.2051863278742741,4.348021630123566e-07,8.301865379550516e-05,-30.31825416078104,59.69028015737327,-0.0007117773069411191,-0.0031177326769325437,0.0,-0.007697329067053184,-0.003334573203286457,9.365106113943607e-05
2.27999999999986,0.21213203435596426,0.22099180321944165,14.638751429081571,14.660593360574158,0.05368510166042843,-0.20521034805752336,4.25955494643862e-07,8.235770541029831e-05,-30.343622914782834,59.664809635931135,-0.0006972950094313099,-0.003072273131846392,0.0,-0.007582832894994849,-0.003260401214502175,9.231731654327728e-05
2.289999999999859,0.21213203435596426,0.22099203227213518,14.612600804548114,14.634212950637096,0.053590672287420274,-0.20523527516377577,4.1642101297707816e-07,8.147724480076323e-05,-30.36993887486897,59.63836477614316,-0.0006816867034935657,-0.003018521356651246,0.0,-0.007463570903458607,-0.0031832547184852326,9.072542632782884e-05
2.2999999999998577,0.21213203435596426,0.22099229544429524,14.585548805965539,14.606889829171232,0.05349286306664641,-0.20526107338380478,4.0664161298793944e-07,8.043986190949463e-05,-30.397187946014288,59.610967604356766,-0.0006656774264901844,-0.0029595629381089566,0.0,-0.007345177938780906,-0.0031064123494239336,8.89682378923206e-05
2.3099999999998566,0.21213203435596426,0.22099257894948302,14.557597102028543,14.578641819386167,0.05339173294198911,-0.2052877073869617,3.970153527851364e-07,7.93070131945657e-05,-30.425356184154946,59.58263982292726,-0.0006499188184029691,-0.0028983234381003524,0.0,-0.007232547977428596,-0.0030327299431674327,8.713415199441519e-05
2.3199999999998555,0.21213203435596426,0.22099286985984204,14.52874741692989,14.549485853466793,0.0532873379095556,-0.2053151434926365,3.878839012996851e-07,7.81365360605581e-05,-30.45443029468374,59.55340200161735,-0.0006349702094663133,-0.0028374630342417567,0.0,-0.007129715543726644,-0.002964569938132086,8.53038919883978e-05
2.3299999999998544,0.21213203435596426,0.2209931565536244,14.499001530254047,14.519437438839532,0.05317972922241383,-0.20534335061882447,3.7952479852858714e-07,7.698062045079267e-05,-30.4843980402614,59.523272917940474,-0.0006212859504785175,-0.0027792952678879317,0.0,-0.007039788178396086,-0.0029037604487587776,8.354799259678342e-05
2.3399999999998533,0.21213203435596426,0.22099342905258196,14.468361276867427,14.48851025244707,0.05306895202185248,-0.20537230099436704,3.721473981794383e-07,7.58842686903163e-05,-30.515248551605143,59.4922690564993,-0.0006092087703278359,-0.0027257304545629498,0.0,-0.0069649266287988044,-0.0028515821575400353,8.192502848773771e-05
2.349999999999852,0.21213203435596426,0.2209936792481608,14.436828546805183,14.456715864769855,0.05295504440175748,-0.20540197063330934,3.6589221869070264e-07,7.488424996183271e-05,-30.546972539817176,59.460404269356886,-0.0005989687121987139,-0.0026782431836197057,0.0,-0.006906367806100376,-0.002808780197539294,8.04805686371495e-05
2.359999999999851,0.21213203435596426,0.22099390102033772,14.404405285154636,14.42406358958592,0.05283803689348211,-0.20543233958028578,3.6083331452806505e-07,7.40085337919242e-05,-30.57956241318173,59.42768959235358,-0.0005906870147517768,-0.00263786236936456,0.0,-0.006864484336102495,-0.002775597474371483,7.924681299643083e-05
2.36999999999985,0.21213203435596426,0.22099409025707314,14.371093491935294,14.390560450586245,0.05271795234223994,-0.20546339194463015,3.569831986631487e-07,7.327616827607746e-05,-30.613012305071138,59.39413320624363,-0.0005843841697283374,-0.002605181535808255,0.0,-0.006838873721198764,-0.0027518253895475694,7.824284400913427e-05
2.379999999999849,0.21213203435596426,0.2209942447856385,14.336895221975476,14.356211252058284,0.052594806132901586,-0.2054951157478377,3.5429979525541827e-07,7.269755388392973e-05,-30.647318022580787,59.35974052669736,-0.0005799913030309906,-0.0025803864339650614,0.0,-0.006828469716610132,-0.0027368676775317053,7.747540742450974e-05
2.389999999999848,0.21213203435596426,0.2209943642294744,14.301812584785559,14.321018737967973,0.052468606713315116,-0.20552750261401284,3.5269487826876215e-07,7.227505277800315e-05,-30.68247692772105,59.32451440365699,-0.0005773639881524836,-0.002563296702593119,0.0,-0.006831668475136698,-0.002729813033210563,7.694012464401782e-05
2.3999999999998467,0.21213203435596426,0.22099444980575447,14.265847744427862,14.284983821903968,0.052339356356884345,-0.20556054733604695,3.5204345387777056e-07,7.200386661927777e-05,-30.718487764432336,59.288455408240274,-0.0005762976058630507,-0.0025534180849044953,0.0,-0.006846462288237353,-0.0027295123585067927,7.66230323208547e-05
2.4099999999998456,0.21213203435596426,0.22099450407951066,14.229002919383145,14.248105869459108,0.05220705210301459,-0.20559424735157833,3.52193571878938e-07,7.18731126437617e-05,-30.755350445386874,59.2515621843051,-0.0005765434065840544,-0.00255000168836327,0.0,-0.006870574298436691,-0.002734656769913877,7.650234369125684e-05
2.4199999999998445,0.21213203435596426,0.22099453069010216,14.191280382413774,14.210383014625705,0.052071686813890475,-0.2056286021624779,3.529760954492263e-07,7.186702799295796e-05,-30.793065812559696,59.213831841811114,-0.0005778245035018674,-0.0025521069022421943,0.0,-0.0069015883204130695,-0.002743852944972345,7.65503295067311e-05
2.4299999999998434,0.21213203435596426,0.22099453406506314,14.152682460423515,14.171812492570728,0.05193325028854795,-0.20566361272986863,3.5421401696920803e-07,7.196623543644247e-05,-30.8316353849716,59.17526037011307,-0.0005798511240145707,-0.0025586648442588174,0.0,-0.006937068828516009,-0.0027556929161429407,7.673522378084297e-05
2.4399999999998423,0.21213203435596426,0.22099451913507692,14.113211534314011,14.132390972600398,0.051791730379906045,-0.2056992808738013,3.5573097750633477e-07,7.21490091933902e-05,-30.87106110592612,59.13584305112693,-0.0005823345571257864,-0.0025685395663802347,0.0,-0.006974667188548805,-0.002768816012648133,7.702307007148702e-05
2.449999999999841,0.21213203435596426,0.22099449106210103,14.07287003883791,14.09211487708344,0.05164711406687357,-0.20573560870291852,3.5735872454783004e-07,7.239248702235866e-05,-30.911345100587393,59.09557485475428,-0.0005849993621692124,-0.002580584681783061,0.0,-0.007012211274105983,-0.002781961258067882,7.737943677737689e-05
2.45999999999984,0.21213203435596426,0.2209944549906467,14.031660462448674,14.050980674429434,0.05149938844135002,-0.20577259809503284,3.5894331686814315e-07,7.267378354964091e-05,-30.95248945298771,59.05445080184659,-0.0005875935274875519,-0.002593693555539202,0.0,-0.0070477766647455125,-0.002794009151401932,7.777094425213287e-05
2.469999999999839,0.21213203435596426,0.22099441583000978,13.989585347147095,14.008985136772248,0.0513485415784251,-0.20581025024477284,3.603499667191397e-07,7.297096944259857e-05,-30.994496009620132,59.01246628316463,-0.0005898963963747798,-0.0026068417006565596,0.0,-0.007079738627191466,-0.0028040123360516707,7.816656147034402e-05
2.479999999999838,0.21213203435596426,0.22099437807298908,13.946647288324474,13.966125555648848,0.051194563266885124,-0.20584856528958403,3.614664751538435e-07,7.326389099597563e-05,-31.037366214768987,58.96961732606668,-0.000591724291810764,-0.002619120519238248,0.0,-0.00710680499862678,-0.002811215199062329,7.853864497955676e-05
2.489999999999837,0.21213203435596426,0.22099434565439338,13.902848934602533,13.922399911571468,0.051037445585849994,-0.2058875420206014,3.622052872848616e-07,7.353481455387558e-05,-31.08110098075071,58.92590080389364,-0.0005929338804448958,-0.002629762001163763,0.0,-0.007128030890435029,-0.0028150629073068864,7.886370712673185e-05
2.4999999999998357,0.21213203435596426,0.22099432185054538,13.85819298767004,13.877806995855149,0.05087718332162512,-0.2059271776804611,3.6250424491846976e-07,7.37688895208499e-05,-31.12570059436347,58.88131458607377,-0.0005934234059261404,-0.0026381544257811167,0.0,-0.007142816795509091,-0.002815200777005493,7.912291370338145e-05
2.5099999999998346,0.21213203435596426,0.22099430921909263,13.812682202116152,13.832346485298924,0.05071377422636909,-0.20596746784611591,3.6232616630145337e-07,7.395443220366219e-05,-31.171164659141496,58.83585762973935,-0.0005931319984427817,-0.002643849489458371,0.0,-0.007150892197024768,-0.002811465177984118,7.930232263718297e-05
2.5199999999998335,0.21213203435596426,0.22099430957680188,13.766319385260495,13.786018972256569,0.05054721912671299,-0.20600840639130097,3.6165740798280475e-07,7.40830400940243e-05,-31.217492071532085,58.789530016045234,-0.0005920373224986802,-0.0026465615968111296,0.0,-0.007152287140763139,-0.002803867387356161,7.939288501767334e-05
2.5299999999998324,0.21213203435596426,0.22099432401167243,13.71910739698,13.738825954227893,0.0503775218958676,-0.20604998552052228,3.60505598427266e-07,7.4149552279282e-05,-31.264681027895595,58.742332936351374,-0.0005901518659311264,-0.002646160297094096,0.0,-0.007147294446187323,-0.0027925719374620375,7.93902372609972e-05
2.5399999999998313,0.21213203435596426,0.22099435292468433,13.671049149532497,13.69076978832629,0.05020468930692622,-0.20609219586436295,3.588967381875198e-07,7.415187634106557e-05,-31.312729058290522,58.69426863494311,-0.0005875181927421446,-0.002642657021548249,0.0,-0.007136425306434514,-0.0027778710527603815,7.929431866454724e-05
2.54999999999983,0.21213203435596426,0.220994396095803,13.622147607377057,13.64185361682538,0.050028730787983186,-0.20613502662452143,3.568718687068563e-07,7.409070533682184e-05,-31.3616330823548,58.64534031600557,-0.0005842034889561038,-0.0026361873790465644,0.0,-0.007120360974058831,-0.0027601567390203555,7.910885185641598e-05
2.559999999999829,0.21213203435596426,0.22099445276847393,13.57240578699115,13.592081270467597,0.049849658101371944,-0.20617846575628013,3.5448350218155816e-07,7.396915029597308e-05,-31.411389482222027,58.595552023157225,-0.0005802937196227126,-0.0026269903055141206,0.0,-0.007099903069038102,-0.0027398920041568037,7.884072497539865e-05
2.569999999999828,0.21213203435596426,0.22099452174675807,13.521826756684565,13.541457156353916,0.04966748496985968,-0.2062225001760164,3.517919968855113e-07,7.379231418604113e-05,-31.461994187300448,58.54490850000828,-0.0005758876942582042,-0.0026153853385061728,0.0,-0.007075924795505732,-0.0027175825444634544,7.849931386937787e-05
2.579999999999827,0.21213203435596426,0.22099460149942213,13.470413636410129,13.489986137062656,0.04948222667213027,-0.2062671159818169,3.4886203745932987e-07,7.356683265445506e-05,-31.51344276586549,58.4934150399908,-0.0005710913042400329,-0.0026017492146375673,0.0,-0.007049325036956088,-0.002693750047506378,7.809578052289136e-05
2.5899999999998258,0.21213203435596426,0.22099469026569632,13.418169597571294,13.43767340721144,0.04929389962849644,-0.20631229867617387,3.457593575366125e-07,7.330040519696781e-05,-31.565730518740207,58.44107733316309,-0.0005660121590812916,-0.002586492870460723,0.0,-0.007020986937556667,-0.0026689080575368665,7.764238053608638e-05
2.5999999999998247,0.21213203435596426,0.22099478615797996,13.365097862826454,13.384524373030102,0.04910252099566699,-0.2063580333810181,3.425478166096692e-07,7.30013379397496e-05,-31.618852570823464,58.38790131688368,-0.0005607548002556944,-0.0025700397795743153,0.0,-0.006991742190354161,-0.002643541121445644,7.715180811136539e-05
2.6099999999998236,0.21213203435596426,0.22099488725748073,13.311201705890205,13.330544539706638,0.048908108286734905,-0.2064043050368854,3.392869122812788e-07,7.267811614660816e-05,-31.67280395683339,58.333893036246664,-0.0005554166283828064,-0.0025528063875866445,0.0,-0.0069623418613996724,-0.002618087707129932,7.663660193522468e-05
2.6199999999998225,0.21213203435596426,0.22099499169956072,13.25648445133138,13.275739410358456,0.04871067902952812,-0.206451098579715,3.3602978026885495e-07,7.233902109362557e-05,-31.727579698321517,58.279058519038436,-0.0005500846299156663,-0.0025351852252824235,0.0,-0.006933434199522646,-0.0025929271667375527,7.610862991350058e-05
2.6299999999998214,0.21213203435596426,0.2209950977463977,13.20094947436798,13.220114399516076,0.048510250473243643,-0.2064983990905572,3.328217103570996e-07,7.199180227059416e-05,-31.78317486974395,58.2234036687761,-0.0005448329467390093,-0.00251753109470207,0.0,-0.006905549528633019,-0.002568370808063037,7.55786651571974e-05
2.6399999999998203,0.21213203435596426,0.22099520384539761,13.144600200658973,13.163674763036845,0.04830683935003435,-0.20654619191521983,3.296991766215421e-07,7.164341217336975e-05,-31.83958465211131,58.16693417818499,-0.0005397212895686477,-0.0025001505444591106,0.0,-0.006879092006078458,-0.0025446569577646837,7.505606022964714e-05
2.649999999999819,0.21213203435596426,0.22099530867259773,13.087440106092997,13.106425545432243,0.048100461695075813,-0.2065944627525561,3.266893630384913e-07,7.129980739158645e-05,-31.896804373448706,58.10965546431319,-0.0005347941605730176,-0.002483294683360625,0.0,-0.006854337763837948,-0.0025219497414533526,7.454852160476031e-05
2.659999999999818,0.21213203435596426,0.22099541116102978,13.02947271657393,13.048371544729207,0.04789113272572318,-0.20664319771161055,3.2381014306156746e-07,7.096581641070221e-05,-31.954829535953305,58.051572625411715,-0.0005300808197356334,-0.002467155233250995,0.0,-0.0068314387360001215,-0.0025003411800854198,7.406198178273717e-05
2.669999999999817,0.21213203435596426,0.22099551051466104,12.97070160780341,12.989517294224175,0.047678866777784365,-0.20669238333915924,3.210704587977259e-07,7.064507165021973e-05,-32.013655830317504,57.99269041876587,-0.0005255959066916942,-0.0024518635958965746,0.0,-0.00681043131835618,-0.0024798561119750697,7.360056265044414e-05
2.679999999999816,0.21213203435596426,0.22099560620906897,12.911130405060259,12.929867059844947,0.04746367729473955,-0.20674200662026743,3.1847103680586266e-07,7.034000081639117e-05,-32.073279138176886,57.93301325786678,-0.0005213406111340393,-0.002437492606896531,0.0,-0.006791248903223262,-0.0024604593846597406,7.316662054959207e-05
2.6899999999998148,0.21213203435596426,0.22099569798043525,12.850762782976872,12.869424851326256,0.04724557686399025,-0.2067920549553308,3.1600536649586336e-07,7.005187071722098e-05,-32.13369552403133,57.872545226683854,-0.0005173042753801538,-0.0024240605758584603,0.0,-0.006773737284486837,-0.002442064735815145,7.276086121281844e-05
2.6999999999998137,0.21213203435596426,0.22099578580474705,12.789602465312532,12.80819444503366,0.04702457729293226,-0.2068425161176461,3.136608692636021e-07,6.978087528468269e-05,-32.194901218273465,57.81129010834078,-0.0005134663080228628,-0.002411537161873048,0.0,-0.006757671926659084,-0.002424544777705481,7.238251115571304e-05
2.7099999999998126,0.21213203435596426,0.22099586986928366,12.727653224723722,12.746179416036187,0.04680068971682083,-0.2068933781958988,3.1142018532424257e-07,6.952625866764097e-05,-32.256892593138765,57.74925142521114,-0.0005097982898646437,-0.0023998506108391785,0.0,-0.006742776135203929,-0.002407741523589737,7.202953135561913e-05
2.7199999999998115,0.21213203435596426,0.22099595053854398,12.664918882531417,12.683383176925751,0.0465739247300138,-0.20694462952605847,3.092625065323676e-07,6.928646387867497e-05,-32.31966613347354,57.686432487325035,-0.0005062661577373576,-0.0023888958804231426,0.0,-0.006728739243801346,-0.0023914769443917423,7.169885896590096e-05
2.7299999999998104,0.21213203435596426,0.22099602831674497,12.60140330848534,12.619809020896966,0.0463442925321962,-0.20699625861707205,3.0716489725269257e-07,6.905929754552315e-05,-32.38321840420721,57.62283644600115,-0.0005028323643533234,-0.0023785431979533797,0.0,-0.006715234040810629,-0.0023755630970691303,7.13866633391621e-05
2.7399999999998093,0.21213203435596426,0.2209961038089077,12.537110420525288,12.555460166721826,0.04611180308156622,-0.20704825407446537,3.051035430939611e-07,6.884210178352292e-05,-32.44754601632727,57.558466349770924,-0.0004994579244833664,-0.002368646633574402,0.0,-0.006701932784288005,-0.002359811447787767,7.108860369998178e-05
2.749999999999808,0.21213203435596426,0.2209961776823643,12.472044184539435,12.490339803459992,0.04587646624763214,-0.20710060452554213,3.030548875053957e-07,6.863192499403281e-05,-32.51264559299996,57.49332519991995,-0.0004961042744617513,-0.0023590523212145983,0.0,-0.006688521294269334,-0.0023440410874166944,7.080007727795125e-05
2.759999999999807,0.21213203435596426,0.2209962506302799,12.406208614119706,12.424451133018925,0.04563829195717235,-0.20715329854934336,3.0099661781975766e-07,6.842568443582613e-05,-32.578513737274825,57.427416003312665,-0.0004927348874754055,-0.0023496060193680247,0.0,-0.006674710754872817,-0.0023280856254404058,7.051644847047514e-05
2.769999999999806,0.21213203435596426,0.22099632333849722,12.339607770314196,12.357797408999192,0.04539729032797822,-0.20720632461392405,2.989084799191195e-07,6.822031463859981e-05,-32.64514700256815,57.36074182056654,-0.0004893166060763862,-0.0023401597692433262,0.0,-0.0066602470014412215,-0.002311798625417676,7.023325156623187e-05
2.779999999999805,0.21213203435596426,0.2209963964567208,12.272245761376672,12.290381970608555,0.04515347178616862,-0.20725967102287846,2.9677290520191045e-07,6.801289704977013e-05,-32.71254186685752,57.293305808074614,-0.00048582066912573614,-0.0023305774763570266,0.0,-0.006644917202331078,-0.002295057530778564,6.994636159885323e-05
2.7899999999998037,0.21213203435596426,0.22099647057474045,12.204126742513148,12.22220827078632,0.04490684716406891,-0.20731332587239798,2.945754467204302e-07,6.780076766631353e-05,-32.780694711247634,57.22511125282027,-0.0004822234264641217,-0.0023207393078430805,0.0,-0.006628553966959254,-0.0022777660948311916,6.965212990852058e-05
2.7999999999998026,0.21213203435596426,0.2209965462040971,12.135254915625579,12.153279898031009,0.04465742777683816,-0.2073672770195339,2.923050301563673e-07,6.758160073720927e-05,-32.849601803301475,57.15616159936351,-0.00047850674844005317,-0.002310544862109018,0.0,-0.006611037017891341,-0.002259855391894489,6.934748292309984e-05
2.8099999999998015,0.21213203435596426,0.22099662376531376,12.065634529052657,12.083600591754317,0.0444052254771502,-0.20742151206177023,2.8995402953402937e-07,6.735346787428987e-05,-32.919259285279495,57.08646046878813,-0.00047465815091204483,-0.0022999151246186223,0.0,-0.0065922926516372,-0.0022412835415971575,6.902998440920689e-05
2.8199999999998004,0.21213203435596426,0.22099670358055937,11.99526987730777,12.013174251281447,0.04415025268824932,-0.2074760183275102,2.8751818716704486e-07,6.711487303697802e-05,-32.98966316720346,57.01601166976637,-0.0004706706634209846,-0.002288793274222747,0.0,-0.006572291280052314,-0.0022220343120691716,6.869786298609697e-05
2.8299999999997993,0.21213203435596426,0.22099678587139912,11.924165300814085,11.94200493887509,0.04389252241658552,-0.207530782876658,2.8499639896799733e-07,6.686476483250121e-05,-33.06080932446555,56.94481920221573,-0.0004665424785403412,-0.0022771444447701548,0.0,-0.006551043390332337,-0.0022021147987496903,6.835000793733019e-05
2.8399999999997982,0.21213203435596426,0.22099687076111002,11.852325185636811,11.870096877368159,0.043632048245952876,-0.20758579251014653,2.8239039223248865e-07,6.660252836104624e-05,-33.13269349954411,56.872887254280435,-0.0004622764235605879,-0.002264954579632391,0.0,-0.006528594288146433,-0.0021815523900605483,6.798593736153379e-05
2.849999999999797,0.21213203435596426,0.22099695828090754,11.779753963212652,11.7974544431503,0.043368844315613525,-0.20764103378701732,2.7970432089731764e-07,6.632795944212247e-05,-33.20531130726525,56.80022019356584,-0.0004578792986921055,-0.0022522285380509135,0.0,-0.006505017996099013,-0.002160391236509974,6.76057433786108e-05
2.859999999999796,0.21213203435596426,0.220997048379342,11.706456110076449,11.724082155359556,0.04310292528526648,-0.20769649304750903,2.769443068958993e-07,6.604122446170272e-05,-33.278658242967005,56.726822553686134,-0.00045336112598991804,-0.0022389876248186122,0.0,-0.006480410670154549,-0.0021386884330311085,6.721001951450675e-05
2.869999999999795,0.21213203435596426,0.22099714093408013,11.632436147585043,11.649984662189905,0.042834306289939506,-0.20775215644054656,2.7411795377658475e-07,6.574280930277912e-05,-33.35272969287697,56.6526990172568,-0.00044873435238302093,-0.0022252667192372627,0.0,-0.006454883873580846,-0.002116510114514242,6.679977553662081e-05
2.879999999999794,0.21213203435596426,0.22099723576527794,11.557698641638385,11.575166725236604,0.04256300288793492,-0.20780800995403303,2.712338549889515e-07,6.54334608645312e-05,-33.427520946003995,56.577854396477186,-0.0004440130460754371,-0.0022111111739758936,0.0,-0.006428558012370117,-0.0020939276389076657,6.637634488598333e-05
2.8899999999997927,0.21213203435596426,0.22099733264978025,11.482248202397894,11.499633202773783,0.042289031004881225,-0.20786403944642717,2.683011210675952e-07,6.511412456855378e-05,-33.50302720686499,56.502293612412565,-0.00043921212138778976,-0.0021965736444604553,0.0,-0.0064015561925388955,-0.0020710140126368594,6.594128956559361e-05
2.8999999999997916,0.21213203435596426,0.22099743133544253,11.406089484002061,11.423389032794754,0.04201240687673777,-0.20792023067822685,2.653289414515275e-07,6.478588100657741e-05,-33.579243608415084,56.426021674004595,-0.0004343466218730002,-0.002181710992521323,0.0,-0.006373998709964013,-0.002047840680956159,6.549630684852345e-05
2.9099999999997905,0.21213203435596426,0.2209975315549464,11.32922718427937,11.346439216554643,0.04173314699429931,-0.20797656934215386,2.623261965581644e-07,6.444988453711813e-05,-33.656165224617226,56.34904365772652,-0.00042943108513407327,-0.0021665813869624516,0.0,-0.0063459983307149635,-0.002024474773704455,6.504314155804493e-05
2.9199999999997894,0.21213203435596426,0.22099763303858186,11.251666044458533,11.268788803244036,0.041451268051378456,-0.2080330410910451,2.593011301661427e-07,6.410730621631262e-05,-33.733787082172014,56.2713646886601,-0.00042447900672888325,-0.0021512417013598113,0.0,-0.0063176564672253075,-0.0020009768726951325,6.45835069964747e-05
2.9299999999997883,0.21213203435596426,0.22099773552557694,11.173410848875994,11.190442876296839,0.041166786898421404,-0.20808963156268218,2.5626108849773463e-07,6.37592829697347e-05,-33.81210417102187,56.19298992361557,-0.000419502413161625,-0.0021357452836281124,0.0,-0.006289060304425229,-0.0019773993284825844,6.411901683733507e-05
2.9399999999997872,0.21213203435596426,0.22099783877366597,11.094466424680833,11.111406541705207,0.04087972050287021,-0.20814632640101643,2.53212330577205e-07,6.340687441631233e-05,-33.89111145334378,56.11392453675418,-0.0004145115504428994,-0.002120140147344326,0.0,-0.006260280882754288,-0.0019537851347833047,6.365112955238534e-05
2.949999999999786,0.21213203435596426,0.22099794256670338,11.014837641536994,11.031684918582883,0.04059008591713782,-0.20820311127347568,2.5015990627050224e-07,6.305102825534213e-05,-33.97080387084342,56.034173708009185,-0.0004095146857566844,-0.002104467610855694,0.0,-0.006231372103758409,-0.0019301673387722889,6.318110622755058e-05
2.959999999999785,0.21213203435596426,0.2209980467202349,10.93452941132291,10.95128313209348,0.0402979002546337,-0.2082599718842455,2.471076025603191e-07,6.269255465279727e-05,-34.05117635025931,55.9537426144463,-0.0004045180187037762,-0.002088761387768125,0.0,-0.006202370588294195,-0.001906568948310094,6.270998193415985e-05
2.969999999999784,0.21213203435596426,0.2209981510850379,10.853546687828494,10.870206308744343,0.04000318067387952,-0.208316893983609,2.440579493157716e-07,6.233210962368539e-05,-34.13222380707287,55.872636424561556,-0.00039952569064625885,-0.0020730471127134455,0.0,-0.006173296289990374,-0.001883003279780243,6.22385502346966e-05
2.979999999999783,0.21213203435596426,0.22099825554872432,10.771894466449613,10.788459573946081,0.039705944370405255,-0.20837386337358516,2.4101227801260895e-07,6.197018702510285e-05,-34.21394114749746,55.79086029538961,-0.00039453988169533877,-0.002057342269673326,0.0,-0.006144153745740205,-0.0018594746764848467,6.176735988012427e-05
2.9899999999997817,0.21213203435596426,0.22099836003557605,10.689577783879885,10.706048051653497,0.03940620857582282,-0.20843086591024096,2.379708255934361e-07,6.16071184553016e-05,-34.296323268884144,55.70841937219114,-0.00038956097938252067,-0.0020416564771642896,0.0,-0.006114933832694977,-0.0018359795252291498,6.129672236547621e-05
2.9999999999997806,0.21213203435596426,0.22099846450483196,10.606601717800041,10.622976865836312,0.03910399056323628,-0.2084878875031444,2.3493287077064027e-07,6.124308009922338e-05,-34.379365058732674,55.62531879040532,-0.0003845878031813232,-0.0020259920745625383,0.0,-0.0060856158951988065,-0.0018125074873055506,6.082672869833634e-05
3.0099999999997795,0.21213203435596426,0.22099856894769038,10.522971386564688,10.53925114348135,0.03879930765798209,-0.20854491411249593,2.318968964591764e-07,6.08781053839959e-05,-34.46306139253297,55.541563679495695,-0.00037961786949201247,-0.0020103449479972144,0.0,-0.006056170105908376,-0.0017890428681763331,6.035727354200121e-05
3.0199999999997784,0.21213203435596426,0.22099867338330872,10.438691948886591,10.454876018797963,0.03849217725258218,-0.2086019317445027,2.2886076509717397e-07,6.0512102196812176e-05,-34.54740713068504,55.457159168280974,-0.00037464767921463335,-0.001994705531590508,0.0,-0.006026559932148565,-0.001765566049970524,5.988808481489123e-05
3.0299999999997773,0.21213203435596426,0.2209987778540955,10.353768603518459,10.369856638287649,0.03818261682475049,-0.20865892644557082,2.258219002276038e-07,6.0144873375876434e-05,-34.63239711475429,55.372110391329585,-0.0003696730143611784,-0.0019790599198134546,0.0,-0.005996744589277838,-0.0017420549173090922,5.941875681162919e-05
3.039999999999776,0.21213203435596426,0.22099888242057958,10.26820658893225,10.284198166342573,0.037870643957298805,-0.20871588429586443,2.227774641609331e-07,5.9776139201618993e-05,-34.71802616331669,55.28642249600183,-0.0003646892294834521,-0.0019633910300821595,0.0,-0.005966681378213187,-0.00171848621656318,5.894878500857903e-05
3.049999999999775,0.21213203435596426,0.22099898715612826,10.18201118299607,10.197905791055918,0.03755627635884619,-0.20877279140274124,2.197245252405415e-07,5.940556068506741e-05,-34.80428906763457,55.20010064974641,-0.00035969152531527336,-0.0019476797600757709,0.0,-0.005936327821550735,-0.0016948367994140433,5.8477600869484034e-05
3.059999999999774,0.21213203435596426,0.22099909214175784,10.09518770264857,10.110984729956343,0.03723953188433178,-0.20882963389451462,2.1666020917838403e-07,5.903276256258373e-05,-34.89118058738242,55.11315004729511,-0.00035467519665854637,-0.0019319060906119617,0.0,-0.0059056435313846216,-0.0016710847102442666,5.800460515245495e-05
3.069999999999773,0.21213203435596426,0.22099919746124744,10.007741503570989,10.023440235417032,0.03692042855445897,-0.20888639791492056,2.1358182951633307e-07,5.865735505122233e-05,-34.9786954466128,55.02557591744688,-0.0003496358453850077,-0.0019160500941548721,0.0,-0.005874591762111636,-0.0016472100916606709,5.752919849730038e-05
3.079999999999772,0.21213203435596426,0.22099930319672673,9.919677979856797,9.93527759953413,0.036598984573348606,-0.20894306961858902,2.1048699382502618e-07,5.827895358860353e-05,-35.066828330119385,54.93738352918765,-0.00034456955502959474,-0.0019000928170069605,0.0,-0.005843140620115169,-0.0016231958899218708,5.705080830351766e-05
3.0899999999997707,0.21213203435596426,0.2209994094248695,9.83100256367895,9.846502158315953,0.036275218343837776,-0.208999635167739,2.0737368512305947e-07,5.789719595750569e-05,-35.15557388031879,54.8485781969507,-0.0003394730236231316,-0.0018840170130771062,0.0,-0.005811263920376214,-0.0015990283553495893,5.656891121084652e-05
3.0999999999997696,0.21213203435596426,0.22099951621378186,9.741720724954819,9.757119295074324,0.03594914848003235,-0.20905608073023424,2.042403169958805e-07,5.751175638541694e-05,-35.24492669473497,54.759165284883636,-0.0003343436538356099,-0.0018678077159716476,0.0,-0.005778941696614271,-0.0015746973413663797,5.608305075855371e-05
3.1099999999997685,0.21213203435596426,0.22099962362063275,9.65183797100877,9.667134442955176,0.03562079381687934,-0.20911239247906066,2.010857630989317e-07,5.7122356383153375e-05,-35.33488132413526,54.6691502100456,-0.0003291796022684251,-0.0018514526445864666,0.0,-0.005746160385115481,-0.001550196413241038,5.559285005193973e-05
3.1199999999997674,0.21213203435596426,0.22099973169003861,9.561359846232458,9.576553086590696,0.035290173416681905,-0.20916855659321643,1.9790936530145927e-07,5.67287722579052e-05,-35.4254322713327,54.57853844451409,-0.0003239797910061514,-0.0018349424450988215,0.0,-0.00571291271407762,-0.001525522785506048,5.509801950200147e-05
3.1299999999997663,0.21213203435596426,0.22099984045317997,9.470291931742802,9.485380762894543,0.034957306572617336,-0.20922455925994693,1.9471091856552252e-07,5.633083938422618e-05,-35.51657399063971,54.48733551642879,-0.00031874388475471396,-0.0018182707790322474,0.0,-0.005679197339103747,-0.0015006771110869965,5.4598359912655493e-05
3.139999999999765,0.21213203435596426,0.22099994992759675,9.378639845037737,9.39362306105519,0.03462221280943545,-0.20928038667820364,1.9149064030251794e-07,5.5928453444506075e-05,-35.60830088793199,54.395547010042364,-0.0003134722387566265,-0.0018014342723667615,0.0,-0.005645018271148064,-0.0014756631501816203,5.40937613464131e-05
3.149999999999764,0.21213203435596426,0.22100006011759157,9.286409239649695,9.301285621810603,0.034284911881615865,-0.2093360250631719,1.8824912353686545e-07,5.552156895571132e-05,-35.70060732126059,54.30317856488179,-0.00030816582441053864,-0.0017844323444625942,0.0,-0.005610384146501534,-0.0014504873456589623,5.358419832396695e-05
3.159999999999763,0.21213203435596426,0.22100017101514768,9.193605804796857,9.20837413610703,0.03394542376933164,-0.2093914606516823,1.8498728187268764e-07,5.511019547415944e-05,-35.79348760193479,54.210235874148864,-0.00030282613693973393,-0.001767266939030394,0.0,-0.005575307389157708,-0.0014251583367405351,5.306972201617916e-05
3.169999999999762,0.21213203435596426,0.22100028260126037,9.100235265032223,9.114894343259174,0.0336037686726208,-0.20944667970830652,1.8170628547557218e-07,5.469439192410783e-05,-35.8869359959872,54.11672468250555,-0.0002974550922912692,-0.0017499421803868016,0.0,-0.005539803314394248,-0.001399686436946939,5.255045012412845e-05
3.179999999999761,0.21213203435596426,0.22100039484757675,9.006303379890513,9.020852028735217,0.033259967004190885,-0.20950166853193547,1.7840749574917188e-07,5.427425951867974e-05,-35.98094672592752,54.02265078339797,-0.0002920549185772819,-0.001732463978760782,0.0,-0.005503889218926458,-0.0013740831056604592,5.202655515869511e-05
3.1899999999997597,0.21213203435596426,0.22100050771823296,8.911815943532854,8.92625302169183,0.03291403938128987,-0.20955641346263693,1.7509239746639447e-07,5.3849933748879126e-05,-36.07551397269036,53.92802001607403,-0.0002866280470964652,-0.0017148396076261602,0.0,-0.00546758349803444,-0.0013483604328658886,5.149825181541347e-05
3.1999999999997586,0.21213203435596426,0.22100062117179045,8.816778784389397,8.831103192378713,0.032566006617060106,-0.20961090088861037,1.7176253678338436e-07,5.342157589325269e-05,-36.170631877686034,53.83283826244346,-0.0002811770083490125,-0.0016970772745169896,0.0,-0.005430904823939237,-0.0013225306617442427,5.0965784090607625e-05
3.2099999999997575,0.21213203435596426,0.22100073516317342,8.721197764799784,8.735408449524382,0.03221588971176624,-0.20966511725306722,1.684194613034315e-07,5.2989364471893235e-05,-36.2662945448695,53.73711144391827,-0.0002757043362383106,-0.001679185704488674,0.0,-0.005393871413257559,-0.0012966057613361865,5.042941272491735e-05
3.2199999999997564,0.21213203435596426,0.22100084964552677,8.62507878065153,8.639174737800738,0.031863709844240765,-0.2097190490608966,1.6506466960908164e-07,5.255348701368586e-05,-36.36249604275305,53.64084551835451,-0.0002702124837671578,-0.0016611737523309713,0.0,-0.005356500403626741,-0.0012705970626748315,4.988940346240535e-05
3.2299999999997553,0.21213203435596426,0.2210009645719243,8.52842776101633,8.542408035449656,0.0315094883638421,-0.20977268288499779,1.6169956738627745e-07,5.211413245196002e-05,-36.45923040629902,53.544046477198336,-0.00026470375232767154,-0.0016430500567075291,0.0,-0.0053188073531142775,-0.0012445149679166892,4.934601653708551e-05
3.239999999999754,0.21213203435596426,0.22100107989687204,8.431250667784353,8.445114352137319,0.03115324678315995,-0.209826005372192,1.5832543431212195e-07,5.1671484395886656e-05,-36.55649163864244,53.44672034291708,-0.0002591802363341928,-0.0016248227457335213,0.0,-0.005280805868543947,-0.0012183687318550514,4.879949767225163e-05
3.249999999999753,0.21213203435596426,0.22100119557756864,8.333553495296451,8.347299727084179,0.03079500677164143,-0.20987900324865588,1.5494339831512564e-07,5.122571545867524e-05,-36.65427371260648,53.34887316677482,-0.00025364378298926957,-0.0016064992004651642,0.0,-0.005242507363160761,-0.0011921663216096939,4.8250070808712565e-05
3.259999999999752,0.21213203435596426,0.22100131157489772,8.235342269974419,8.248970227500795,0.030434790150249247,-0.2099316633248432,1.515544221788923e-07,5.077698275538152e-05,-36.75257057198724,53.250511026988846,-0.00024809596788244107,-0.0015880858791992455,0.0,-0.005203920938093293,-0.0011659143459223766,4.7697932648252275e-05
3.269999999999751,0.21213203435596426,0.22100142785414292,8.136623049949247,8.150131947343358,0.030072618887206595,-0.20998397249989048,1.4815929611194217e-07,5.032542462153841e-05,-36.85137613259719,53.151640027283925,-0.00024253808464071286,-0.0015695882027074418,0.0,-0.00516505337762588,-0.0011396180517791218,4.7143249030716864e-05
3.27999999999975,0.21213203435596426,0.22100154438542846,8.03740192468744,8.050791006386662,0.029708515094826138,-0.21003591776552172,1.4475864007748602e-07,4.987115854284208e-05,-36.95068428306812,53.05226629584143,-0.00023697114840808372,-0.0015510104980447014,0.0,-0.005125909244698143,-0.0011132813800559481,4.658615307734552e-05
3.2899999999997487,0.21213203435596426,0.22100166114390035,7.937685014615375,7.9509535495994825,0.029342501027375498,-0.21008748620948803,1.4135291313071178e-07,4.9414280237633776e-05,-37.05048888542467,52.95239598462365,-0.00023139591036159724,-0.001532355995954892,0.0,-0.005086491060382564,-0.0010869070686008089,4.6026744960725915e-05
3.2999999999997476,0.21213203435596426,0.22100177810967242,7.837478470741767,7.850625746796097,0.02897459907989154,-0.21013866501859296,1.3794242723042575e-07,4.895486379147455e-05,-37.1507837754483,52.852035269040485,-0.00022581288164183513,-0.0015136268757323763,0.0,-0.005046799549391865,-0.0010604967951619824,4.546509311778811e-05
3.3099999999997465,0.21213203435596426,0.2210018952675666,7.73678847427827,7.749813792528394,0.02860483178782175,-0.21018944148136198,1.3452736754485847e-07,4.849296270837809e-05,-37.25156276285785,52.751190347914665,-0.0002202223648976587,-0.0014948243496002052,0.0,-0.005006833933186109,-0.0010340513472089194,4.490123667376255e-05
3.3199999999997454,0.21213203435596426,0.22100201260668575,7.635621236258153,7.6485239061784,0.028233221827354743,-0.21023980299042583,1.3110781368761142e-07,4.802861172564776e-05,-37.352819631337645,52.64986744369444,-0.00021462449051908768,-0.0014759487784059197,0.0,-0.004966592252344884,-0.0010075708090456375,4.433518883043495e-05
3.3299999999997443,0.21213203435596426,0.22100213011985587,7.533982997153193,7.546762332205247,0.027859792016279597,-0.2102897370446864,1.276837640783777e-07,4.756182921759252e-05,-37.45454813844705,52.54807280285755,-0.00020901925596167827,-0.0014569998097637832,0.0,-0.004926071700954193,-0.0009810547561266462,4.376694095598653e-05
3.339999999999743,0.21213203435596426,0.22100224780297856,7.431880026488743,7.444535340501966,0.027484565315218354,-0.21033923125133513,1.2425516058858397e-07,4.70926200187763e-05,-37.556742015446275,52.44581269645022,-0.00020340656600598446,-0.001437976530106655,0.0,-0.004885268957213126,-0.0009545024474413878,4.319646711475614e-05
3.349999999999742,0.21213203435596426,0.22100236565433176,7.329318622456978,7.341849226815802,0.02710756482906855,-0.2103882733277898,1.2082191218473401e-07,4.662097849141682e-05,-37.65939496707257,52.343093420704164,-0.00019778627162393608,-0.0014188776223962032,0.0,-0.004844180496668837,-0.0009279130068272778,4.2623728793119286e-05
3.359999999999741,0.21213203435596426,0.2210024836738552,7.226305111528407,7.238710313190352,0.0267288138085085,-0.2104368511036095,1.1738391754894297e-07,4.614689167880574e-05,-37.762500671299186,52.23992129767988,-0.000192158206803301,-0.0013997015220823883,0.0,-0.004802802876793627,-0.0009012855887021855,4.204867959205296e-05
3.36999999999974,0.21213203435596426,0.22100260186245307,7.122845848061615,7.135124948390967,0.02634833565142823,-0.21048495252243954,1.1394108492555604e-07,4.56703423992777e-05,-37.86605277910623,52.13630267588816,-0.0001865222212883149,-0.0013804465649690657,0.0,-0.0047611329842430885,-0.0008746195215154665,4.1471269695286845e-05
3.3799999999997388,0.21213203435596426,0.22100272022134218,7.0189472139113205,7.03109950828048,0.0259661539041683,-0.21053256564403022,1.1049334938448572e-07,4.5191312155786e-05,-37.97004491428849,52.03224393084945,-0.00018087820861309044,-0.0013611111214671071,0.0,-0.004719168238865345,-0.0008479144261393337,4.089144994470475e-05
3.3899999999997377,0.21213203435596426,0.22100283875146556,6.914615618034679,6.92664039611833,0.02558229226246922,-0.21057967864635918,1.0704068657256979e-07,4.470978376037363e-05,-38.07447067332101,51.92775146555768,-0.00017522612899524957,-0.0013416937133572135,0.0,-0.0046769067508357215,-0.0008211703071318151,4.0309175398881566e-05
3.3999999999997366,0.21213203435596426,0.22100295745299264,6.809857496095968,6.821754042762654,0.02519677457205767,-0.21062627982788423,1.0358312332934023e-07,4.4225743595953046e-05,-38.17932362529795,51.82283171082326,-0.0001695660262946415,-0.0013221931101182556,0.0,-0.004634347430099067,-0.0007943876158872659,3.97244082873315e-05
3.4099999999997355,0.21213203435596426,0.22100307632491337,6.704679310069607,6.716446906761307,0.02480962482881713,-0.21067235760993616,1.0012074461602468e-07,4.373918346329433e-05,-38.2845973119556,51.71749112547822,-0.00016389803931703348,-0.0013026084030986023,0.0,-0.004591490049098324,-0.0007675672869641361,3.913712030449916e-05
3.4199999999997344,0.21213203435596426,0.2210031953647334,6.599087547841541,6.6107254743245925,0.024420867178515396,-0.2107179005392561,9.66536968161728e-08,4.325010198641751e-05,-38.39028524778541,51.611736196434606,-0.00015822240764724868,-0.0012829390573238489,0.0,-0.004548335261906922,-0.0007407107489717293,3.8547294228955465e-05
3.4299999999997333,0.21213203435596426,0.22100331456827263,6.49308872280904,6.5045962591777045,0.02403052591607993,-0.21076289729067468,9.318218834173571e-08,4.275850556931027e-05,-38.49638092023839,51.50557343859381,-0.00015253947241249883,-0.0012631849410576043,0.0,-0.004504884584101906,-0.0007138199123908784,3.7954924877298326e-05
3.439999999999732,0.21213203435596426,0.2210034339295604,6.386689373478943,6.398065802296629,0.023638625484432046,-0.2108073366699184,8.970648749525642e-08,4.2264408918800575e-05,-38.602877790018546,51.399009394611824,-0.0001468496725420522,-0.001243346334958029,0.0,-0.004461140339070374,-0.0006868971379961938,3.736001943575528e-05
3.449999999999731,0.21213203435596426,0.2210035534408228,6.2798960630642995,6.291140671535761,0.023245190472908017,-0.21085120761652953,8.622691736281564e-08,4.1767835165484616e-05,-38.70976929145896,51.29205063453049,-0.00014115353695579125,-0.0012234239226293034,0.0,-0.004417105577245184,-0.0006599451896235119,3.6762597230938937e-05
3.45999999999973,0.21213203435596426,0.22100367309254915,6.172715379079532,6.1838274611585415,0.022850245615305437,-0.2108944992068749,8.274385004041877e-08,4.126881562576044e-05,-38.81704883297227,51.18470375528938,-0.00013545167422104868,-0.001203418765382985,0.0,-0.004372783974688191,-0.0006329671749591322,3.616268901484923e-05
3.469999999999729,0.21213203435596426,0.221003792873628,6.065153932934099,6.076132791285844,0.022453815787606593,-0.21093720065722332,7.925769795161262e-08,4.0767389261050854e-05,-38.92470979756427,51.076975380135956,-0.0001297447597031667,-0.001183332264039265,0.0,-0.004328179718103611,-0.0006059664778473319,3.5560335853825936e-05
3.4799999999997278,0.21213203435596426,0.22100391277153544,5.9572183595246555,5.9680633072777205,0.022055926005433255,-0.2109793013268631,7.576890578130784e-08,4.0263601893813995e-05,-39.032745543398875,50.968872157954316,-0.00012403352096675087,-0.0011631661112948017,0.0,-0.004283297382842574,-0.0005789466875232288,3.4955587724216936e-05
3.4899999999997267,0.21213203435596426,0.22100403277256414,5.848915316825793,5.859625679065714,0.021656601421294067,-0.2110207907212363,7.227794151513908e-08,3.975750524543679e-05,-39.141149404401695,50.86040076253311,-0.0001183187234886186,-0.0011429222373293467,0.0,-0.004238141809634605,-0.0005519115264092001,3.434850189563705e-05
3.4999999999997256,0.21213203435596426,0.22100415286207586,5.740251485479332,5.750826600452455,0.021255867321683747,-0.21106165849506342,6.878528669141064e-08,3.9249155859523844e-05,-39.24991469088905,50.751567891793954,-0.00011260115570919218,-0.00112260275226677,0.0,-0.004192717985842237,-0.0005248647804997579,3.373914121061309e-05
3.5099999999997245,0.21213203435596426,0.22100427302476677,5.631233568382255,5.641672788394556,0.02085374912409174,-0.2111018944554385,6.529142893673894e-08,3.873861397093562e-05,-39.35903469021073,50.642380266999844,-0.00010688161477089133,-0.0011022098881784848,0.0,-0.004147030935550311,-0.0004978102357283962,3.312757234287962e-05
3.5199999999997234,0.21213203435596426,0.22100439324492974,5.5218682902732,5.532170982283963,0.020450272373974607,-0.21114148856487158,6.179685284699209e-08,3.822594237846384e-05,-39.46850266739456,50.53284463196248,-0.00010116089397402586,-0.0010817459428869756,0.0,-0.004101085622035669,-0.00047075162035611944,3.251386410211109e-05
3.5299999999997222,0.21213203435596426,0.22100451350670552,5.41216239731768,5.422327943240412,0.02004546274173813,-0.21118043094426428,5.830203423174081e-08,3.771120536813619e-05,-39.57831186578343,50.422967752264256,-9.543977134588192e-05,-0.0010612132281692822,0.0,-0.00405488686541623,-0.0004436925570877675,3.1898085865592535e-05
3.539999999999721,0.21213203435596426,0.22100463379431162,5.302122656691933,5.312150453426347,0.019639346019770618,-0.21121871187580307,5.480743407349596e-08,3.719446773066826e-05,-39.68845550765596,50.31275641450866,-8.971900053161352e-05,-0.0010406140237359614,0.0,-0.004008439276986428,-0.00041663652496047235,3.1280306176533324e-05
3.54999999999972,0.21213203435596426,0.22100475409224293,5.191755856165493,5.201645315392534,0.01923194811955775,-0.21125632180576137,5.1313493790534195e-08,3.667579390370358e-05,-39.79892679482439,50.20221742560947,-8.399930319271676e-05,-0.0010199505383524854,0.0,-0.00396174721119949,-0.0003895868305929772,3.066059155719859e-05
3.559999999999719,0.21213203435596426,0.22100487438543828,5.081068803682484,5.0908193514608655,0.01882329506890329,-0.21129325134720311,4.7820632764111383e-08,3.615524726333786e-05,-39.90971890920492,50.09135761212666,-7.82813641789479e-05,-0.000999224878886056,0.0,-0.003914814734951621,-0.00036254659073335914,3.0039005553500644e-05
3.569999999999718,0.21213203435596426,0.22100499465941104,4.970068326941701,4.979679403147812,0.01841341300926924,-0.2113294912825855,4.432924580069562e-08,3.563288957789799e-05,-40.0208250133575,49.980183819653135,-7.256582817601862e-05,-0.0009784390275907361,0.0,-0.0038676456135725485,-0.00033551872339745113,2.9415608030639535e-05
3.5799999999997167,0.21213203435596426,0.22100511490034155,4.858761272975399,4.868232330630451,0.018002328193243322,-0.2113650325662595,4.083970325151648e-08,3.510878063133705e-05,-40.13223825099382,49.86870291225473,-6.685329866873531e-05,-0.0009575948276671037,0.0,-0.003820243311986532,-0.0003085059488325698,2.879045471453845e-05
3.5899999999997156,0.21213203435596426,0.2210052350951327,4.747154507726971,4.756485012254285,0.017590066982132113,-0.21139986632687113,3.735235106903466e-08,3.458297801299799e-05,-40.243951747453785,49.75692177196236,-6.114433858347104e-05,-0.0009366939765509579,0.0,-0.003772611009090257,-0.0002815107972422107,2.8163596968144362e-05
3.5999999999997145,0.21213203435596426,0.22100535523143108,4.635254915627412,4.644444344080734,0.017176655843673297,-0.21143398386966802,3.386751267463083e-08,3.405553706592515e-05,-40.35595861015223,49.64484729831369,-5.543947234916502e-05,-0.0009157380266099917,0.0,-0.0037247516233046814,-0.00025453562430952895,2.7535081791611007e-05
3.6099999999997134,0.21213203435596426,0.22100547529761613,4.523069399170657,4.532117239470455,0.01676212134985401,-0.21146737667871607,3.0385491261754176e-08,3.352651097954183e-05,-40.46825192899836,49.53248640793929,-4.973918920509945e-05,-0.0008947283917960416,0.0,-0.0036766678466272074,-0.0002275826295973574,2.6904952004380657e-05
3.6199999999997123,0.21213203435596426,0.22100559528276295,4.410604878487803,4.419510628697894,0.01634649017481972,-0.21150003641903453,2.6906573716381937e-08,3.299595100918612e-05,-40.58082477679206,49.419846034187856,-4.404394769820388e-05,-0.0008736663597440087,0.0,-0.0036283621848350266,-0.00020065388093514408,2.6273246594651244e-05
3.6299999999997112,0.21213203435596426,0.22100571517658218,4.297868290920232,4.306631458591,0.015929789092852545,-0.21153195493865648,2.343103493903524e-08,3.2463906800530326e-05,-40.69367020960073,49.306933126782724,-3.835418047933162e-05,-0.0008525531078591663,0.0,-0.003579837001319308,-0.00017375133910833246,2.5640001191016637e-05
3.63999999999971,0.21213203435596426,0.22100583496934384,4.184866590591718,4.193486692190408,0.015512044976399061,-0.21156312427062288,1.9959144810467134e-08,3.193042679725148e-05,-40.806781267121686,49.19375465150251,-3.2670299735647175e-05,-0.0008313897222331399,0.0,-0.003531094562217729,-0.0001468768839956146,2.500524862241748e-05
3.649999999999709,0.21213203435596426,0.2210059546517894,4.071606747979413,4.080083308421869,0.015093284794125847,-0.2115935366349176,1.6491178706764906e-08,3.139555870989829e-05,-40.92015097303457,49.080317589878305,-2.6992702343124806e-05,-0.0008101772184035853,0.0,-0.0034821370808388874,-0.00012003234030218673,2.4369019538477766e-05
3.659999999999708,0.21213203435596426,0.22100607421503735,3.958095749483914,3.966428301775488,0.014673535608979896,-0.21162318444035047,1.3027441552254035e-08,3.0859350021872994e-05,-41.03377233534851,48.96662893889951,-2.132177536254702e-05,-0.0007889165626226886,0.0,-0.0034329667594032607,-9.321950215500451e-05,2.3731343045519874e-05
3.669999999999707,0.21213203435596426,0.22100619365048765,3.844340596998291,3.852528681986814,0.014252824576236486,-0.21165206028639522,9.568333192438921e-09,3.032184851526231e-05,-41.14763834674805,48.85269571072167,-1.5657900619503338e-05,-0.0007676086928464911,0.0,-0.003383585826872054,-6.64401539378656e-05,2.3092247339579985e-05
3.6799999999997057,0.21213203435596426,0.22100631294972897,3.730348307476184,3.7383914737137554,0.013831178941512978,-0.21168015696498665,6.114629125688518e-09,2.978310279496289e-05,-41.261741984942134,48.738524932369636,-1.0001459220777905e-05,-0.0007462545383451416,0.0,-0.0033339965714056343,-3.969608950833058e-05,2.2451760300092e-05
3.6899999999997046,0.21213203435596426,0.22100643210445303,3.616125912498955,3.6240237162060307,0.013408626038736979,-0.21170746746228278,2.6699080978737535e-09,2.9243162800110226e-05,-41.376076213019104,48.624123645431176,-4.352835129292981e-06,-0.0007248550376589649,0.0,-0.0032842013670567605,-1.298912777772794e-05,2.1809910033336544e-05
3.6999999999997035,0.21213203435596426,0.22100655110637712,3.5016804578419767,3.509432462962899,0.012985193288053629,-0.21173398496039214,8.203171249212577e-10,2.8702080288572188e-05,-41.49063397981048,48.509498905736265,1.2875820115585196e-06,-0.0007034111539055996,0.0,-0.0032342026939596426,1.3678876137526244e-05,2.1166725340596112e-05
3.7099999999997024,0.21213203435596426,0.22100666994717919,3.387019003039971,3.3946247813767028,0.012560908193663331,-0.21175970283907125,4.23279163587305e-09,2.8159909287409645e-05,-41.60540822026564,48.39465778301907,6.919394486135899e-06,-0.0006819238873266844,0.0,-0.003184003152147599,4.030602286658115e-05,2.0522236103118733e-05
3.7199999999997013,0.21213203435596426,0.22100678861844686,3.2721486209515733,3.27960775236094,0.012135798341585582,-0.21178461467739157,7.664653723577438e-09,2.7616706506483072e-05,-41.72039185583853,48.27960736056042,1.2542195418800973e-05,-0.000660394284857277,0.0,-0.0031336054690488694,6.689036501652177e-05,1.9876473578953194e-05
3.7299999999997,0.21213203435596426,0.22100690711163762,3.1570763973230394,3.1643884699611204,0.011709891397342478,-0.2118087142553735,1.109256499291171e-08,2.707253171170223e-05,-41.835577794887406,48.16435473480966,1.815556790880721e-05,-0.0006388234466533257,0.0,-0.003083012501111401,9.342990550249771e-05,1.9229470606893503e-05
3.739999999999699,0.21213203435596426,0.22100702541805572,3.0418094303511616,3.0489740409492065,0.011283215103565447,-0.2118319955555907,1.4514982156051587e-08,2.6527448063959083e-05,-41.950958933087385,48.0489070149858,2.375908524021632e-05,-0.0006172125296265485,0.0,-0.003032227230293655,0.00011992260085468938,1.858126172137818e-05
3.749999999999698,0.21213203435596426,0.22100714352884013,2.926354830245417,2.9333715844016885,0.010855797277525281,-0.21185445276473802,1.79313369777454e-08,2.5981522427652436e-05,-42.06652815385551,47.93327132265889,2.935231128900928e-05,-0.0005955627481935579,0.0,-0.0029812527560678674,0.0001463663653610963,1.7931883183672353e-05
3.759999999999697,0.21213203435596426,0.22100726143496519,2.8107197187893758,2.8175882312626874,0.01042766580859103,-0.2118760802751632,2.1341250146484084e-08,2.5434825658317155e-05,-42.18227832878746,47.81745479131285,3.493480187800259e-05,-0.0005738753726921667,0.0,-0.002930092283859401,0.0001727590780711699,1.7281372940067326e-05
3.769999999999696,0.21213203435596426,0.22100737912725296,2.694911228901413,2.7016311238935593,0.009998848655623435,-0.21189687268635954,2.474439797951174e-08,2.4887432879809164e-05,-42.29820231810469,47.70146456589182,4.050610627807014e-05,-0.0005521517255463634,0.0,-0.0028787491108903523,0.0001990985913485207,1.6629770514142357e-05
3.7799999999996947,0.21213203435596426,0.22100749659639266,2.578936504194687,2.585507415611337,0.009569373844311682,-0.21191682480641388,2.8140477484229296e-08,2.4339423765902728e-05,-42.41429297111027,47.58530780233293,4.606576895108711e-05,-0.0005303931758571113,0.0,-0.00282722661019906,0.0002253827400227275,1.5977116846859967e-05
3.7899999999996936,0.21213203435596426,0.2210076138329681,2.462802698536506,2.4692242702178824,0.009139269464460822,-0.21193593165340874,3.1529194607808714e-08,2.3790882839757876e-05,-42.53054312665202,47.46899166708777,5.161333146462394e-05,-0.0005086011327038232,0.0,-0.0027755282139180714,0.0002516093516370748,1.5323454100812686e-05
3.7999999999996925,0.21213203435596426,0.22100773082749078,2.346516975607044,2.352788861522312,0.00870856366723971,-0.21195418845677538,3.491026031052487e-08,2.3241899809257022e-05,-42.64694561359102,47.352523336635656,5.714833474377901e-05,-0.0004867770376513654,0.0,-0.0027236573964468493,0.00027777625600539443,1.4668825435825391e-05
3.8099999999996914,0.21213203435596426,0.22100784757043448,2.2300865084574437,2.236208372858895,0.008277284662397855,-0.21197159065859283,3.828338938967342e-08,2.2692569955729343e-05,-42.763493251273765,47.23590999699155,6.267032089681705e-05,-0.0004649223568424824,0.0,-0.00267161765834579,0.0003038812947553882,1.4013274773531637e-05
3.8199999999996903,0.21213203435596426,0.22100796405227247,2.113518479067357,2.119489996602387,0.007845460715459066,-0.211988133914832,4.164830048646091e-08,2.2142994594776844e-05,-42.880178850006374,47.11915884321115,6.817883525072413e-05,-0.0004430385730879686,0.0,-0.0026194125114341106,0.00032992233014607965,1.3356846558440618e-05
3.829999999999689,0.21213203435596426,0.22100808026351343,1.9968200779019136,2.0026409336833675,0.00741312014490178,-0.2120038140965413,4.5004716180967994e-08,2.1593281632123026e-05,-42.996995211529196,47.002277078895936,7.367342804962385e-05,-0.00042112717823225413,0.0,-0.002567045465708534,0.00035589725303197177,1.2699585528917124e-05
3.839999999999688,0.21213203435596426,0.22100819619473602,1.8799985034682096,1.8856683931047407,0.0069802913193310195,-0.21201862729097226,4.8352363778032335e-08,2.1043546234738487e-05,-43.113935129490564,46.885271915700066,7.915365597508249e-05,-0.0003991896661761658,0.0,-0.002514520018267516,0.00038180398879409565,1.2041536504133985e-05
3.849999999999687,0.21213203435596426,0.2210083118366202,1.7630609618712278,1.768579591461245,0.006547002654649289,-0.21203256980264323,5.16909758718945e-08,2.0493911643547963e-05,-43.230991389918536,46.76815057284102,8.461908345013642e-05,-0.0003772275267359517,0.0,-0.0024618396446321965,0.0004076405029046854,1.1382744198698899e-05
3.859999999999686,0.21213203435596426,0.22100842717997407,1.6460146663693593,1.6513817524628962,0.006113282611230578,-0.21204563815433963,5.502029074208065e-08,1.994451015377778e-05,-43.348156771689744,46.65092027661553,9.006928365706959e-05,-0.0003552422404132126,0.0,-0.0024090077923464097,0.000433404804593728,1.0723253061721879e-05
3.869999999999685,0.21213203435596426,0.22100854221575697,1.528866836929448,1.5340821064633536,0.0056791596911017345,-0.21205782908805088,5.834005235927929e-08,1.9395484294769936e-05,-43.465424046994706,46.53358825992142,9.550383897633016e-05,-0.00033323527421290757,0.0,-0.002356027876906719,0.0004590949491990042,1.0063107148345935e-05
3.8799999999996837,0.21213203435596426,0.22100865693509658,1.4116246997814288,1.4166878899935689,0.005244662435133246,-0.21206913956584234,6.165001138460453e-08,1.8846988244069825e-05,-43.58278598179924,46.416161761786384,0.00010092234175622456,-0.0003112080788014305,0.0,-0.0023029032800550935,0.0004847090392632956,9.402350030645543e-06
3.8899999999996826,0.21213203435596426,0.22100877132930158,1.2942954869725747,1.2992063453010154,0.0048098194202412375,-0.21207956677066317,6.494992391122203e-08,1.8299189517887307e-05,-43.70023533630174,46.29864802690378,0.00010632439403938995,-0.00028916208650895346,0.0,-0.0022496373499709373,0.0005102452244313109,8.741024735029676e-06
3.8999999999996815,0.21213203435596426,0.22100888538986918,1.1768864359214146,1.1816447198942426,0.004374659256600466,-0.21208910810709014,6.823955271334617e-08,1.775227098669822e-05,-43.81776486538642,46.18105430517493,0.00011170960798898846,-0.0002670987105721859,0.0,-0.0021962334033045735,0.0005357017005233849,8.079173716484194e-06
3.9099999999996804,0.21213203435596426,0.22100899910848784,1.0594047889712568,1.0640102660927948,0.003939210584869152,-0.21209776120200713,7.151866634508922e-08,1.7206433277400883e-05,-43.935367319072796,46.063387851258376,0.00011707760513809635,-0.00024501934517599154,0.0,-0.002142694728570238,0.0005610767070875107,7.416838856610505e-06
3.9199999999996793,0.21213203435596426,0.22100911247703567,0.9418577929434733,0.9463102405814561,0.0035035020734225514,-0.21210552390522158,7.478703889029959e-08,1.6661897632508632e-05,-44.05303544296163,45.94565592412456,0.0001224280161670651,-0.00022292536649398478,0.0,-0.0020890245907517454,0.0005863685253125978,6.754061492741558e-06
3.929999999999678,0.21213203435596426,0.22100922548757576,0.8242526986904746,0.8285519039688335,0.0030675624155960257,-0.2121123942900191,7.804444981223151e-08,1.6118909318873007e-05,-44.17076197867795,45.82786578661562,0.0001277604803246605,-0.00020081813426641723,0.0,-0.0020352262366388958,0.0006115754746255926,6.090882463607965e-06
3.939999999999677,0.21213203435596426,0.2210093381323479,0.7065967606484438,0.7107425203488412,0.0026314203269329622,-0.2121183706536553,8.129068339755864e-08,1.5577741693557825e-05,-44.288539664311664,45.71002470500933,0.00013307464476014619,-0.00017869899400717058,0.0,-0.0019813029006226584,0.0006366959091718478,5.427342174001625e-06
3.949999999999676,0.21213203435596426,0.22100945040375883,0.5888972363898483,0.5928893568648976,0.002195104542437598,-0.2121234515177879,8.452552822056278e-08,1.503870106670115e-05,-44.406361234856256,45.59213994858605,0.0001383701636327284,-0.00015656927949857672,0.0,-0.0019272578106351885,0.0006617282152272082,4.763480669141029e-06
3.959999999999675,0.21213203435596426,0.22100956229437033,0.4711613861757519,0.4749996832755368,0.0017586438138285782,-0.21212763562884784,8.774877688331388e-08,1.4502132529363717e-05,-44.52421942264648,45.474218789197565,0.00014364669778077805,-0.00013443031560994115,0.0,-0.0018730941939567591,0.0006866708063943506,4.099337718027243e-06
3.969999999999674,0.21213203435596426,0.2210096737968868,0.3533964725079946,0.35708077152096634,0.0013220669067922214,-0.21213092195835165,9.096022567769884e-08,1.3968426959378513e-05,-44.64210695779523,45.35626850083717,0.00014890391369133123,-0.00011228342102842367,0.0,-0.0018188152826042997,0.0007115221220416094,3.434952896031487e-06
3.9799999999996727,0.21213203435596426,0.22100978490414305,0.23560975968116704,0.23913989528962148,0.0008854025982326236,-0.21213330970315486,9.415967382418607e-08,1.3438029467163399e-05,-44.76001656863049,45.23829635920977,0.00015414148303572822,-9.012991103903165e-05,0.0,-0.001764424318170163,0.0007362806233022834,2.770365668316854e-06
3.9899999999996716,0.21213203435596426,0.22100989560909215,0.11780851333454129,0.12118432958433437,0.0004486796735178461,-0.21213479828564757,9.734692362218803e-08,1.2911449607186585e-05,-44.877940982132685,45.12030964130134,0.00015935908209711353,-6.79711001290021e-05,0.0,-0.0017099245559840993,0.0007609447912724878,2.105615468364176e-06
3.9999999999996705,0.21213203435596426,0.2210100059047941,3.885397110337519e-12,0.003221350287095089,1.1926923719041138e-05,-0.21213538735389156,1.0052177979328931e-07,1.2389273754228512e-05,-44.99587292437279,45.00231562494697,0.00016455639129971385,-4.580830423089913e-05,0.0,-0.0016553192684083313,0.000785513124939557,1.4407417673835708e-06
