time_s,x_m,y_m,height_m,roll_deg,pitch_deg,vx_m_s,tilt_deg,floor_normal_n,wheel_contacts,both_wheels_contact,startup_phase,hip_motor_left_nm,knee_motor_left_nm,wheel_motor_left_nm,hip_motor_right_nm,knee_motor_right_nm,wheel_motor_right_nm,target_leg_length_m,target_height_m,left_leg_length_m,right_leg_length_m
0.0,0.0,0.0,0.1346291201783626,0.0,90.0,0.0,89.99999999999999,0.0,0,False,idle,0.0,0.0,0.0,0.0,0.0,0.0,0.18384776310850237,0.23256755992208045,0.18314082580289956,0.18314082580289956
0.010000000000000002,3.803296445620569e-05,-5.090909108472232e-22,0.13408451686450226,1.4867680324463452e-14,89.99162908977546,0.0029859940888579844,89.99162908985812,0.0,0,False,idle,0.0,0.0,0.0,0.0,0.0,0.0,0.18384776310850237,0.23256755992208045,0.18325431408193915,0.18325431408193915
0.02000000000000001,5.4115013576725775e-05,-3.0383705060703395e-21,0.1325622317232966,3.337632317376854e-14,89.98747475834189,0.0008886051097951271,89.98747475843969,0.0,0,False,idle,0.0,0.0,0.0,0.0,0.0,0.0,0.18384776310850237,0.23256755992208045,0.18330278000744935,0.18330278000744935
0.03000000000000002,6.0079367344892317e-05,-8.960435321651658e-21,0.13006038914479875,8.029252599891487e-14,89.98534824803063,0.000467246729878625,89.98534824817685,0.0,0,False,idle,0.0,0.0,0.0,0.0,0.0,0.0,0.18384776310850237,0.23256755992208045,0.18332112803999215,0.18332112803999215
0.04000000000000003,6.427420799221358e-05,-1.5565820218973748e-20,0.12657776951483668,1.3696612367386204e-13,89.98355219813728,0.0003963498988011926,89.98355219812007,0.0,0,False,idle,0.0,0.0,0.0,0.0,0.0,0.0,0.18384776310850237,0.23256755992208045,0.18333419680335308,0.18333419680335308
0.05000000000000004,6.80983934962204e-05,-2.2117521194686998e-20,0.12211417291953415,1.8863340906420915e-13,89.98180339609624,0.0003729184415599392,89.98180339607009,0.0,0,False,idle,0.0,0.0,0.0,0.0,0.0,0.0,0.18384776310850237,0.23256755992208045,0.183346143944237,0.183346143944237
0.060000000000000046,7.172903686774036e-05,-2.7982212111686316e-20,0.11666957595313975,2.207267196737638e-13,89.98006870871157,0.00035529010645824117,89.98006870868474,0.0,0,False,idle,0.0,0.0,0.0,0.0,0.0,0.0,0.18384776310850237,0.23256755992208045,0.1833574941512701,0.1833574941512701
0.07000000000000005,7.519113243297811e-05,-4.099291717338056e-20,0.1102439766208215,2.2571128373107903e-13,89.97834588117172,0.00033891147943939916,89.9783458812337,0.0,0,False,idle,0.0,0.0,0.0,0.0,0.0,0.0,0.18384776310850237,0.23256755992208045,0.18336832176133458,0.18336832176133458
0.08000000000000006,7.849397272923894e-05,-6.041668026126338e-20,0.10283737496505338,1.9565084909738845e-13,89.97663564800226,0.00032333944068421906,89.97663564805774,0.0,0,False,idle,0.0,0.0,0.0,0.0,0.0,0.0,0.18384776310850237,0.23256755992208045,0.1833786551250091,0.1833786551250091
0.09000000000000007,8.399083605575932e-05,-7.101633324786842e-21,0.09623908613284769,-2.5235169659478592e-14,89.97542861497021,0.0008553933507459287,89.97542861493382,184.51848132945943,0,False,idle,0.0,0.0,0.0,0.0,0.0,0.0,0.18384776310850237,0.23256755992208045,0.18327859798730814,0.18327859798730814
0.10000000000000007,9.31345365139386e-05,1.5043797989496161e-19,0.09442035277173745,-2.934420101332752e-13,89.97587846778595,0.0008599606881657247,89.97587846770556,88.40697861992737,0,False,idle,0.0,0.0,0.0,0.0,0.0,0.0,0.18384776310850237,0.23256755992208045,0.18297799506297427,0.18297799506297427
0.11000000000000008,9.989998577322291e-05,1.9866401375284042e-19,0.09471443577965075,-3.1812157424470187e-13,89.97679026898099,0.0005125287384785192,89.976790268889,46.58895891451036,0,False,idle,0.0,0.0,0.0,0.0,0.0,0.0,0.18384776310850237,0.23256755992208045,0.1829006008656539,0.1829006008656539
0.12000000000000009,0.00010307100139141272,2.565461344498895e-19,0.09566583940262595,-4.1457629212834014e-13,89.97726075629802,0.00016594537320666452,89.97726075617001,29.78566283545585,0,False,idle,0.0,0.0,0.0,0.0,0.0,0.0,0.18384776310850237,0.23256755992208045,0.18329647984755154,0.18329647984755154
0.1300000000000001,0.00010311759129519995,3.104663176221367e-19,0.0966816336665575,-5.329810060689169e-13,89.97698222551223,-0.00011861225567414708,89.97698222541871,24.09841746379076,0,False,idle,0.0,0.0,0.0,0.0,0.0,0.0,0.18384776310850237,0.23256755992208045,0.1842953235625556,0.1842953235625556
0.1400000000000001,0.00010059050087067971,3.5771840596117286e-19,0.09755339095170258,-6.017713401309035e-13,89.97587511937138,-0.0003573716269258012,89.9758751192719,23.13291942985537,0,False,idle,0.0,0.0,0.0,0.0,0.0,0.0,0.18384776310850237,0.23256755992208045,0.1859779087666252,0.1859779087666252
0.1500000000000001,0.0001932385699923432,4.2644946512398277e-19,0.0982823639725388,-179.99999999999932,89.96726765983937,0.020412112014468343,90.0327323402278,153.87771803423212,4,True,idle,0.0,0.0,0.0,0.0,0.0,0.0,0.18384776310850237,0.23256755992208045,0.18780371468617482,0.18780371468617482
0.16000000000000011,0.0004066000879571451,5.1746698658622e-19,0.09889126651950189,-179.99999999999977,89.84047074259804,0.017922506679652395,90.15952925740824,59.21953175961987,4,True,idle,0.0,0.0,0.0,0.0,0.0,0.0,0.18384776310850237,0.23256755992208045,0.1886847462527978,0.18868474625279782
0.17000000000000012,0.0004942129141731812,5.528909353490223e-19,0.09929312419604994,-179.9999999999998,89.78980048939187,0.001975854024703312,90.21019951061545,35.69481118276496,4,True,idle,0.0,0.0,0.0,0.0,0.0,0.0,0.18384776310850237,0.23256755992208045,0.1891784296112457,0.1891784296112457
0.18000000000000013,0.0004671626568321009,5.7609606903970135e-19,0.09953298403517523,-179.99999999999977,89.80608296971778,-0.0053684073182636745,90.19391703029146,32.9554089668553,4,True,idle,0.0,0.0,0.0,0.0,0.0,0.0,0.18384776310850237,0.23256755992208045,0.1896203053711038,0.18962030537110383
0.19000000000000014,0.0004009110779297462,5.722989577538005e-19,0.09967600117651876,-179.99999999999972,89.84490012923145,-0.007098422660197916,90.15509987077876,34.980353870304825,4,True,idle,0.0,0.0,0.0,0.0,0.0,0.0,0.18384776310850237,0.23256755992208045,0.19013978651998498,0.19013978651998498
0.20000000000000015,0.00033248395203587907,5.718087116983579e-19,0.0997613256865183,-179.99999999999963,89.88474094102219,-0.006441102723572079,90.11525905898601,37.44724898965269,4,True,idle,0.0,0.0,0.0,0.0,0.0,0.0,0.18384776310850237,0.23256755992208045,0.1907589923939626,0.1907589923939626
0.21000000000000016,0.00027527912482599954,5.702504947987186e-19,0.0998126407157189,-179.99999999999943,89.91794861390055,-0.0050983468381747875,90.08205138610441,39.25567435323198,4,True,idle,0.0,0.0,0.0,0.0,0.0,0.0,0.18384776310850237,0.23256755992208045,0.19146867440000506,0.19146867440000506
0.22000000000000017,0.0002317912346935451,5.713238321516447e-19,0.09984397546904848,-179.9999999999992,89.94318819428916,-0.003760827641645164,90.05681180569812,40.48670404317743,4,True,idle,0.0,0.0,0.0,0.0,0.0,0.0,0.18384776310850237,0.23256755992208045,0.19225453654571978,0.19225453654571978
0.23000000000000018,0.00020050229245149618,5.725075881949154e-19,0.09986346691368674,-179.9999999999988,89.96140100830655,-0.002651886851678427,90.038598991671,41.352041884718275,4,True,idle,0.0,0.0,0.0,0.0,0.0,0.0,0.18384776310850237,0.23256755992208045,0.1931036429450219,0.1931036429450219
0.24000000000000019,0.0001788275762076292,5.838401623718731e-19,0.09987582639465095,-179.9999999999982,89.97410592094647,-0.0018099110394448278,90.02589407899836,41.8632637125385,4,True,idle,0.0,0.0,0.0,0.0,0.0,0.0,0.18384776310850237,0.23256755992208045,0.19400535909572092,0.19400535909572092
0.25000000000000017,0.00016423500647279888,5.631866059251512e-19,0.09988380417346622,-179.9999999999974,89.98276945116271,-0.0012040753202146209,90.01723054884782,42.14657547066601,4,True,idle,0.0,0.0,0.0,0.0,0.0,0.0,0.18384776310850237,0.23256755992208045,0.19495215834543048,0.19495215834543045
0.2600000000000002,0.00015464061207188175,5.551506684626644e-19,0.09988903237424497,-179.9999999999962,89.98858881549842,-0.0007830902438185748,90.01141118451338,42.30236096543138,4,True,idle,0.0,0.0,0.0,0.0,0.0,0.0,0.18384776310850237,0.23256755992208045,0.19593895672128708,0.19593895672128706
0.2700000000000002,0.00014847415893355875,5.359247104342131e-19,0.09989250024843334,-179.99999999999434,89.99246107553053,-0.0004974630181633854,90.00753892452819,42.38893300578202,4,True,idle,0.0,0.0,0.0,0.0,0.0,0.0,0.18384776310850237,0.23256755992208045,0.19696225004741336,0.1969622500474133
0.2800000000000002,0.0001446117089376776,5.20014792534032e-19,0.09989482099177213,-179.99999999999162,89.99502573236293,-0.0003070078782090213,90.00497426761429,42.43770476357512,4,True,idle,0.0,0.0,0.0,0.0,0.0,0.0,0.18384776310850237,0.23256755992208045,0.1980195172344412,0.1980195172344412
0.2900000000000002,0.00014227455902936933,5.127615360314314e-19,0.0998963829940707,-179.99999999998747,89.99672452614128,-0.00018170877476671293,90.00327547357033,42.465415826843625,4,True,idle,0.0,0.0,0.0,0.0,0.0,0.0,0.18384776310850237,0.23256755992208045,0.19910884921018843,0.1991088492101884
0.3000000000000002,0.00014093497640520027,4.976398455849518e-19,0.09989743708101693,-179.9999999999813,89.99785614887328,-0.00010019628781718378,90.00214385071405,42.48110715165829,4,True,idle,0.0,0.0,0.0,0.0,0.0,0.0,0.18384776310850237,0.23256755992208045,0.2002287212218039,0.20022872122180388
0.3100000000000002,0.00014024089107249387,4.576493156851569e-19,0.09989814794426441,-179.9999999999721,89.99861951401537,-4.7715941224316056e-05,90.00138048482444,42.48977086474568,4,True,idle,0.0,0.0,0.0,0.0,0.0,0.0,0.18384776310850237,0.23256755992208045,0.2013778514284012,0.20137785142840112
0.32000000000000023,0.00013996012622858678,4.353005908073955e-19,0.09989862519321384,-179.99999999995592,89.9991456033263,-1.429339579255588e-05,90.00085439509705,42.49422864856379,4,True,idle,0.0,0.0,0.0,0.0,0.0,0.0,0.18384776310850237,0.23256755992208045,0.20255511154408845,0.20255511154408845
0.33000000000000024,0.0001399408794651085,4.391942691054511e-19,0.09989894255964406,-179.99999999992096,89.9995199346867,6.7105727233619745e-06,90.00048006461753,42.49610956379422,4,True,idle,0.0,0.0,0.0,0.0,0.0,0.0,0.18384776310850237,0.23256755992208045,0.20375946936384934,0.2037594693638493
0.34000000000000025,0.0001400845050450576,4.165288716198747e-19,0.09989915004726117,-179.9999999998164,89.99979797831975,1.9662418709659073e-05,90.00020201135915,42.49637098589199,4,True,idle,0.0,0.0,0.0,0.0,0.0,0.0,0.18384776310850237,0.23256755992208045,0.20498995108359364,0.20498995108359358
0.35000000000000026,0.00014032713482483255,4.0919407294606926e-19,0.09989928177412848,-2.3787800806919112e-09,89.99998416485785,2.740562286677498e-05,89.99998439274061,42.49558358263041,4,True,idle,0.0,0.0,0.0,0.0,0.0,0.0,0.18384776310850237,0.23256755992208045,0.2062456159966702,0.2062456159966702
0.36000000000000026,0.00014062744599023437,3.635053751351927e-19,0.0998993611217198,-1.811091957712614e-10,89.99980407615462,3.1775924743975866e-05,89.99980409893745,42.49409120814562,4,True,idle,0.0,0.0,0.0,0.0,0.0,0.0,0.18384776310850237,0.23256755992208045,0.20752553892851777,0.20752553892851772
0.3700000000000003,0.00014095860943321462,3.895165275223787e-19,0.09989940416254674,-1.0317275393980219e-10,89.9996462027527,3.394875058492612e-05,89.99964621335695,42.49210262238019,4,True,idle,0.0,0.0,0.0,0.0,0.0,0.0,0.18384776310850237,0.23256755992208045,0.20882879747218405,0.208828797472184
0.3800000000000003,0.0001413030358079688,3.8327708875585303e-19,0.09989942196664253,-7.323399314646264e-11,89.99950104910037,3.467020347515907e-05,89.99950105448983,42.48974508542344,4,True,idle,0.0,0.0,0.0,0.0,0.0,0.0,0.18384776310850237,0.23256755992208045,0.21015446214936345,0.21015446214936345
0.3900000000000003,0.00014164897065083065,3.6624263819009355e-19,0.09989942216642055,-5.6599397495400076e-11,89.99936225851731,3.440894397180049e-05,89.99936226162613,42.487096157538375,4,True,idle,0.0,0.0,0.0,0.0,0.0,0.0,0.18384776310850237,0.23256755992208045,0.21150158829176266,0.21150158829176266
0.4000000000000003,0.00014198829943288927,3.4450534210842963e-19,0.099899410024855,-4.482892153152854e-11,89.99922556329601,3.345514725610819e-05,89.99922556301841,42.484202815380705,4,True,idle,0.0,0.0,0.0,0.0,0.0,0.0,0.18384776310850237,0.23256755992208045,0.21286920886203722,0.2128692088620372
0.4100000000000003,0.0001423151376927324,3.1170759486048374e-19,0.09989938916784431,-3.6798694226990484e-11,89.99908798549959,3.198447340212379e-05,89.99908798662179,42.48109308125709,4,True,idle,0.0,0.0,0.0,0.0,0.0,0.0,0.18384776310850237,0.23256755992208045,0.2142563277018663,0.21425632770186626
0.4200000000000003,0.00014262492680229444,3.1225614734565443e-19,0.09989936208788346,-3.196735689313693e-11,89.99894735491416,3.0099126619440228e-05,89.99894735584081,42.477783184722284,4,True,idle,0.0,0.0,0.0,0.0,0.0,0.0,0.18384776310850237,0.23256755992208045,0.21566191286327355,0.2156619128632735
0.4300000000000003,0.00014291385312459052,3.40123528919705e-19,0.09989933049116918,-2.8911242619849954e-11,89.99880196663929,2.7854027554704196e-05,89.99880196764138,42.47428203744374,4,True,idle,0.0,0.0,0.0,0.0,0.0,0.0,0.18384776310850237,0.23256755992208045,0.21708488978395438,0.21708488978395438
0.44000000000000034,0.00014317847255513493,2.899418121600814e-19,0.09989929553709889,-2.4724091658417634e-11,89.99865038638842,2.5273375307534864e-05,89.99865038663701,42.470594085872804,4,True,idle,0.0,0.0,0.0,0.0,0.0,0.0,0.18384776310850237,0.23256755992208045,0.2185241341311888,0.21852413413118874
0.45000000000000034,0.00014341546448935546,3.111110973369563e-19,0.09989925800360397,-2.2383205356773574e-11,89.998491311908,2.2361039918747532e-05,89.99849131246759,42.46672118604151,4,True,idle,0.0,0.0,0.0,0.0,0.0,0.0,0.18384776310850237,0.23256755992208045,0.21997846417666617,0.21997846417666617
0.46000000000000035,0.00014362146657721298,2.9356989661791526e-19,0.09989921840125816,-1.9441866124229762e-11,89.99832349310186,1.9107013428562514e-05,89.99832349317741,42.46266389617181,4,True,idle,0.0,0.0,0.0,0.0,0.0,0.0,0.18384776310850237,0.23256755992208045,0.2214466325857804,0.22144663258578032
0.47000000000000036,0.00014379295926481253,2.7240106332445007e-19,0.09989917705195121,-1.6865314880795557e-11,89.99814566653441,1.5491354436841223e-05,89.99814566722762,42.45842243454652,4,True,idle,0.0,0.0,0.0,0.0,0.0,0.0,0.18384776310850237,0.23256755992208045,0.22292731751581937,0.22292731751581935
0.48000000000000037,0.00014392618045878317,2.3735975598455583e-19,0.09989913414301797,-1.48419981693588e-11,89.99795652278563,1.1486546898216384e-05,89.99795652315213,42.45399746175685,4,True,idle,0.0,0.0,0.0,0.0,0.0,0.0,0.18384776310850237,0.23256755992208045,0.22441911292208017,0.2244191129220802
0.4900000000000004,0.00014401705791821146,2.1933889602378143e-19,0.0998990897643488,-1.3146298446312279e-11,89.99775467026613,7.0588635752790465e-06,89.99775466994758,42.44939079391929,4,True,idle,0.0,0.0,0.0,0.0,0.0,0.0,0.18384776310850237,0.23256755992208045,0.22592051797204737,0.22592051797204732
0.5000000000000003,0.00014406115164970765,2.0369643409145948e-19,0.09989904393368837,-1.1792860534633512e-11,89.99753861440688,2.1691147824736563e-06,89.99753861390124,42.44460612287648,4,True,idle,0.0,0.0,0.0,0.0,0.0,0.0,0.18384776310850237,0.23256755992208045,0.227429925467521,0.22742992546752097
0.5100000000000003,0.00014405360161534405,2.0740014116721272e-19,0.09989899661373161,-1.0644660525036879e-11,89.9973067403476,-3.2269678693421573e-06,89.99730673924768,42.43964980211537,4,True,idle,0.0,0.0,0.0,0.0,0.0,0.0,0.18384776310850237,0.23256755992208045,0.228945609174716,0.22894560917471599
0.5200000000000004,0.000143989078090546,1.9558368210258787e-19,0.09989894772352541,-9.53321925181046e-12,89.99705729154758,-9.178542166633331e-06,89.99705729115553,42.434531748119205,4,True,idle,0.0,0.0,0.0,0.0,0.0,0.0,0.18384776310850237,0.23256755992208045,0.23046570996467308,0.23046570996467305
0.5300000000000004,0.00014359794182434196,1.6383939275222947e-19,0.09989888427246736,-8.194106476679342e-12,89.99667015318322,-0.00027953115642868865,89.99667015334636,44.531514766753965,4,True,idle,0.0,0.0,0.0,0.0,0.0,0.0,0.18384776310850237,0.23256755992208045,0.2319837155540404,0.2319837155540404
0.5400000000000004,0.0001169973891964612,-1.608336580306034e-20,0.0998992591730524,-1.6167545607972392e-12,89.98504110950203,-0.004666713790201994,89.98504110945004,45.47818420554929,4,True,idle,0.0,0.0,0.0,0.0,0.0,0.0,0.18384776310850237,0.23256755992208045,0.23303225720627377,0.23303225720627374
0.5500000000000004,6.496074457947504e-05,-2.73337235016289e-20,0.09990117740056154,-6.406487322889773e-13,89.96319313560336,-0.0047065352535038555,89.96319313562527,43.8362561426188,4,True,idle,0.0,0.0,0.0,0.0,0.0,0.0,0.18384776310850237,0.23256755992208045,0.23327297716805892,0.23327297716805886
0.5600000000000004,3.3615043740648476e-05,2.3153731785185575e-19,0.0999010966530849,-5.499838725673172e-13,89.95074058069639,-0.0018460157664147692,89.95074058072454,42.88535616369931,4,True,idle,0.0,0.0,0.0,0.0,0.0,0.0,0.18384776310850237,0.23256755992208045,0.23309835529688994,0.23309835529688988
0.5700000000000004,2.7999595238234703e-05,2.2507811166771915e-19,0.09990045840249404,-5.335741180928125e-13,89.95018318383275,0.00031488566231378687,89.95018318388816,42.532721730151486,4,True,idle,0.0,0.0,0.0,0.0,0.0,0.0,0.18384776310850237,0.23256755992208045,0.23282592214653355,0.23282592214653344
0.5800000000000004,3.762631357440257e-05,3.789721052989016e-21,0.0998999790273553,-5.120733996110548e-13,89.95665432489464,0.0013411992687620451,89.95665432491839,42.455524214987584,4,True,idle,0.0,0.0,0.0,0.0,0.0,0.0,0.18384776310850237,0.23256755992208045,0.23257607926019933,0.2325760792601993
0.5900000000000004,5.283997187465627e-05,-1.261655454844656e-19,0.09989968132284371,-5.803313778022165e-13,89.96550379547307,0.0015849594084003098,89.96550379545535,42.455289073824886,4,True,idle,0.0,0.0,0.0,0.0,0.0,0.0,0.18384776310850237,0.23256755992208045,0.23237443122775406,0.23237443122775395
0.6000000000000004,6.810750854300362e-05,-8.668084869658535e-20,0.09989948695475559,-8.210932359483519e-13,89.97404448138812,0.0014439889981648867,89.97404448134006,42.47204735891546,4,True,idle,0.0,0.0,0.0,0.0,0.0,0.0,0.18384776310850237,0.23256755992208045,0.23221971253018522,0.23221971253018522
0.6100000000000004,8.105013890997111e-05,-7.399560438708134e-20,0.09989934115738103,-1.1313540199184152e-12,89.98114205849063,0.0011622164961890577,89.98114205837354,42.49453837810337,4,True,idle,0.0,0.0,0.0,0.0,0.0,0.0,0.18384776310850237,0.23256755992208045,0.23210552781338803,0.232105527813388
0.6200000000000004,9.100166187769804e-05,-1.2321051896667892e-19,0.09989921538639458,-1.4645406751175545e-12,89.98652015271807,0.0008608754519255853,89.9865201524901,42.51866201765337,4,True,idle,0.0,0.0,0.0,0.0,0.0,0.0,0.18384776310850237,0.23256755992208045,0.2320243708904668,0.2320243708904668
0.6300000000000004,9.810420724520463e-05,-1.6802714424216653e-19,0.09989909708551695,-1.891324832900248e-12,89.99030703258038,0.0005944215904463483,89.99030703219977,42.540768590445154,4,True,idle,0.0,0.0,0.0,0.0,0.0,0.0,0.18384776310850237,0.23256755992208045,0.2319686137552921,0.23196861375529215
0.6400000000000005,0.0001028367535041747,-1.137473118742086e-19,0.0998989830086859,-2.681699111771965e-12,89.99279311751984,0.00038281641638277956,89.99279311699654,42.558806867122456,4,True,idle,0.0,0.0,0.0,0.0,0.0,0.0,0.18384776310850237,0.23256755992208045,0.2319313981702266,0.23193139817022668
0.6500000000000005,0.00010576702244357317,-2.8644239235897286e-20,0.09989887464490953,-3.690197800272125e-12,89.9943031022732,0.0002276104117714571,89.99430310162944,42.57244067686324,4,True,idle,0.0,0.0,0.0,0.0,0.0,0.0,0.18384776310850237,0.23256755992208045,0.23190717505200567,0.2319071750520057
0.6600000000000005,0.00010742221008769311,-2.2271426746303606e-20,0.09989877495373262,-4.270542086616944e-12,89.99513084453534,0.00012127139019821416,89.99513084391879,42.582249793898626,4,True,idle,0.0,0.0,0.0,0.0,0.0,0.0,0.18384776310850237,0.23256755992208045,0.23189177570359143,0.23189177570359146
0.6700000000000005,0.00010823292866324642,-1.5792130747774e-19,0.09989868647131439,-3.878332569575504e-12,89.99551265091365,5.307785277836837e-05,89.99551264953591,42.589063741431076,4,True,idle,0.0,0.0,0.0,0.0,0.0,0.0,0.18384776310850237,0.23256755992208045,0.23188221594413247,0.23188221594413258
0.6800000000000005,0.0001085216047516912,-1.3158916501254364e-19,0.09989861057305319,-4.2365645099383065e-12,89.99562339098307,1.2476578704558475e-05,89.99562338961658,42.59365833704012,4,True,idle,0.0,0.0,0.0,0.0,0.0,0.0,0.18384776310850237,0.23256755992208045,0.23187642943337097,0.23187642943337103
0.6900000000000005,0.00010851371154089257,7.172351187807454e-20,0.09989854744119339,-5.197815800201804e-12,89.9955840386422,-9.400401489913814e-06,89.99558403729009,42.596668982202544,4,True,idle,0.0,0.0,0.0,0.0,0.0,0.0,0.18384776310850237,0.23256755992208045,0.23187302344014046,0.2318730234401405
0.7000000000000005,0.00010835749393088646,2.0766234720815438e-19,0.09989849634049963,-5.710500591639711e-12,89.9954731925313,-1.9332017820438204e-05,89.99547319119611,42.59858499577128,4,True,idle,0.0,0.0,0.0,0.0,0.0,0.0,0.18384776310850237,0.23256755992208045,0.231871082476073,0.231871082476073
0.7100000000000005,0.00010814433112873186,2.5926324263656905e-19,0.09989845596365121,-5.649566487217553e-12,89.99533857008828,-2.2155701074738475e-05,89.99533856885859,42.599767301153186,4,True,idle,0.0,0.0,0.0,0.0,0.0,0.0,0.18384776310850237,0.23256755992208045,0.23187001940437113,0.23187001940437102
0.7200000000000005,0.00010792626269174203,-2.4630269666848346e-19,0.09989842473574573,-3.2080748605055497e-12,89.99520673552635,-2.1125799694498056e-05,89.99520673465179,42.6004722142917,4,True,idle,0.0,0.0,0.0,0.0,0.0,0.0,0.18384776310850237,0.23256755992208045,0.23186946689454183,0.2318694668945419
0.7300000000000005,0.00010772963997969086,-4.442651702265903e-19,0.09989840104045036,-2.2400118464535432e-12,89.99509059262229,-1.8307317082881384e-05,89.99509059157539,42.600875604886234,4,True,idle,0.0,0.0,0.0,0.0,0.0,0.0,0.18384776310850237,0.23256755992208045,0.23186920097130212,0.23186920097130223
0.7400000000000005,0.00010756504070880185,-3.023421264279906e-19,0.0998983833660016,-2.9240920553817767e-12,89.99499477189441,-1.492615180769054e-05,89.99499477070928,42.60109443177948,4,True,idle,0.0,0.0,0.0,0.0,0.0,0.0,0.18384776310850237,0.23256755992208045,0.2318690888344586,0.23186908883445864
0.7500000000000006,0.00010743406199942846,1.2822754081562458e-19,0.09989837038446657,-4.602603863941628e-12,89.99491929101858,-1.164841559640605e-05,89.9949192897205,42.60120422110849,4,True,idle,0.0,0.0,0.0,0.0,0.0,0.0,0.18384776310850237,0.23256755992208045,0.23186905423406684,0.2318690542340668
0.7600000000000006,0.00010733372415601153,-3.60024505804268e-19,0.09989836098218335,-2.458081085618155e-12,89.99486190138529,-8.78722794977232e-06,89.99486190022654,42.601252322019874,4,True,idle,0.0,0.0,0.0,0.0,0.0,0.0,0.18384776310850237,0.23256755992208045,0.23186905507780747,0.2318690550778075
0.7700000000000006,0.00010725916105235641,-3.0666897534469614e-19,0.09989835425834695,-2.7354274682434498e-12,89.99481950405583,-6.446975297114003e-06,89.99481950322871,42.60126748477733,4,True,idle,0.0,0.0,0.0,0.0,0.0,0.0,0.18384776310850237,0.23256755992208045,0.23186906930373966,0.2318690693037397
0.7800000000000006,0.000107205148261603,-1.3655182662433653e-19,0.09989834950539775,-3.5483503448772455e-12,89.99478893857139,-4.618689811064928e-06,89.99478893786329,42.60126653223951,4,True,idle,0.0,0.0,0.0,0.0,0.0,0.0,0.18384776310850237,0.23256755992208045,0.23186908619193689,0.23186908619193689
0.7900000000000006,0.0001071668836243004,-1.0739762217184869e-19,0.09989834618103298,-3.5422863504424004e-12,89.99476737183683,-3.2397799285811115e-06,89.99476737097476,42.60125886440987,4,True,idle,0.0,0.0,0.0,0.0,0.0,0.0,0.18384776310850237,0.23256755992208045,0.23186910116725926,0.23186910116725926
0.8000000000000006,0.00010714031377437074,-2.4342702789741187e-19,0.09989834387823512,-2.9245046627493984e-12,89.9947524473336,-2.229178524333361e-06,89.99475244722201,42.60124941233257,4,True,idle,0.0,0.0,0.0,0.0,0.0,0.0,0.18384776310850237,0.23256755992208045,0.23186911278764222,0.23186911278764222
0.8100000000000006,0.00010712220373067245,-2.538102682841354e-19,0.09989834229704649,-2.929132349308811e-12,89.99474230674349,-1.5063823518987391e-06,89.9947423060929,42.60124051912311,4,True,idle,0.0,0.0,0.0,0.0,0.0,0.0,0.18384776310850237,0.23256755992208045,0.23186912106474578,0.2318691210647458
0.8200000000000006,0.00010711007534455392,-2.1960065360234195e-19,0.09989834121993904,-3.1180305709721407e-12,89.99473553394016,-1.0004736348177638e-06,89.99473553308648,42.601233101367114,4,True,idle,0.0,0.0,0.0,0.0,0.0,0.0,0.18384776310850237,0.23256755992208045,0.23186912657332723,0.2318691265733272
0.8300000000000006,0.00010710209053290941,-2.2348039358801897e-19,0.09989834049141101,-2.9682775759353653e-12,89.99473108612928,-6.532792125366509e-07,89.99473108518403,42.601227341998495,4,True,idle,0.0,0.0,0.0,0.0,0.0,0.0,0.18384776310850237,0.23256755992208045,0.23186913001181553,0.23186913001181553
0.8400000000000006,0.00010709692205653347,-2.2307811229189627e-19,0.09989834000172626,-2.7910863722030615e-12,89.99472821375714,-4.1936734846734296e-07,89.99472821281694,42.60122308710037,4,True,idle,0.0,0.0,0.0,0.0,0.0,0.0,0.18384776310850237,0.23256755992208045,0.2318691320102243,0.2318691320102243
0.8500000000000006,0.00010709363359710169,-2.369293315027155e-19,0.0998983396743434,-2.705166641651742e-12,89.99472639036144,-2.6454946952430043e-07,89.99472638929623,42.601220061431796,4,True,idle,0.0,0.0,0.0,0.0,0.0,0.0,0.18384776310850237,0.23256755992208045,0.2318691330660661,0.23186913306606607
0.8600000000000007,0.0001070915782899119,-2.3368794167404565e-19,0.09989833945643593,-2.687451021745894e-12,89.99472525326162,-1.6385642822593159e-07,89.99472525200392,42.601217976824756,4,True,idle,0.0,0.0,0.0,0.0,0.0,0.0,0.18384776310850237,0.23256755992208045,0.23186913354094124,0.23186913354094124
0.8700000000000007,0.00010709031781786485,-2.946945188785902e-19,0.09989833931189221,-2.212490109268597e-12,89.9947245570947,-9.95093178944336e-08,89.99472455597683,42.601216579944555,4,True,idle,0.0,0.0,0.0,0.0,0.0,0.0,0.18384776310850237,0.23256755992208045,0.23186913368159387,0.23186913368159393
0.8800000000000007,0.00010708956060457631,-2.1603459560493943e-19,0.09989833921623877,-2.269375909687779e-12,89.99472413954918,-5.912934148875946e-08,89.99472413871031,42.60121566764867,4,True,idle,0.0,0.0,0.0,0.0,0.0,0.0,0.18384776310850237,0.23256755992208045,0.2318691336472123,0.2318691336472123
0.8900000000000007,0.00010708911615125497,-2.1073268455409146e-19,0.09989833915301694,-2.058244376403036e-12,89.99472389493701,-3.4272100668956045e-08,89.9947238943043,42.60121508645604,4,True,idle,0.0,0.0,0.0,0.0,0.0,0.0,0.18384776310850237,0.23256755992208045,0.2318691335347818,0.23186913353478186
0.9000000000000007,0.0001070888622220753,-3.7054779322439066e-19,0.09989833911123286,-1.4021028261456234e-12,89.99472375560778,-1.928692520789271e-08,89.9947237549704,42.60121472536646,4,True,idle,0.0,0.0,0.0,0.0,0.0,0.0,0.18384776310850237,0.23256755992208045,0.23186913339953008,0.23186913339953014
0.9100000000000007,0.00010708872182191462,-2.577375029469844e-19,0.0998983390835855,-1.9262478051915347e-12,89.99472367879522,-1.0462350601607689e-08,89.99472367810844,42.60121450685798,4,True,idle,0.0,0.0,0.0,0.0,0.0,0.0,0.18384776310850237,0.23256755992208045,0.23186913327008815,0.23186913327008812
0.9200000000000007,0.00010708864738938897,-1.2608801854624943e-19,0.09989833906524927,-2.36676006245734e-12,89.99472363810989,-5.405290738692674e-09,89.99472363746358,42.6012143783985,4,True,idle,0.0,0.0,0.0,0.0,0.0,0.0,0.18384776310850237,0.23256755992208045,0.23186913315906044,0.23186913315906044
0.9300000000000007,0.00010708861015966882,-1.8427215714655247e-19,0.0998983390530463,-2.2369722870449012e-12,89.99472361787096,-2.6015561312526387e-09,89.99472361719357,42.6012143053428,4,True,idle,0.0,0.0,0.0,0.0,0.0,0.0,0.18384776310850237,0.23256755992208045,0.23186913307002022,0.23186913307002022
0.9400000000000007,0.0001070885931427027,-4.344809166533111e-19,0.09989833904488903,-1.2624393467591242e-12,89.99472360868403,-1.111818371625181e-09,89.99472360796338,42.601214265432674,4,True,idle,0.0,0.0,0.0,0.0,0.0,0.0,0.18384776310850237,0.23256755992208045,0.23186913300191178,0.23186913300191178
0.9500000000000007,0.00010708858657512063,-3.194351105749289e-19,0.09989833903940756,-1.6012034874483286e-12,89.99472360516123,-3.656596790187988e-10,89.99472360442213,42.60121424473803,4,True,idle,0.0,0.0,0.0,0.0,0.0,0.0,0.18384776310850237,0.23256755992208045,0.23186913295167547,0.23186913295167555
0.9600000000000007,0.00010708858503047438,-1.2316509247672847e-19,0.0998983390357028,-2.4107057834800597e-12,89.99472360447047,-2.4821395711346807e-11,89.99472360360416,42.601214234772634,4,True,idle,0.0,0.0,0.0,0.0,0.0,0.0,0.18384776310850237,0.23256755992208045,0.23186913291571226,0.23186913291571232
0.9700000000000008,0.0001070885856195293,-9.32408386486184e-20,0.09989833903318368,-2.6149170244676614e-12,89.9947236046777,1.0583730943277506e-10,89.99472360393561,42.601214230520036,4,True,idle,0.0,0.0,0.0,0.0,0.0,0.0,0.18384776310850237,0.23256755992208045,0.23186913289062255,0.23186913289062255
0.9800000000000008,0.00010708858689328644,-1.9002615601317505e-19,0.09989833903146039,-2.4166591952114998e-12,89.99472360543751,1.3520324280220064e-10,89.99472360463048,42.60121422911751,4,True,idle,0.0,0.0,0.0,0.0,0.0,0.0,0.18384776310850237,0.23256755992208045,0.23186913287352143,0.23186913287352134
0.9900000000000008,0.00010708858819014401,-2.1292666061921593e-19,0.09989833903027473,-2.4673153467625033e-12,89.99472360619734,1.2148487467705316e-10,89.99472360533206,42.60121422899803,4,True,idle,0.0,0.0,0.0,0.0,0.0,0.0,0.18384776310850237,0.23256755992208045,0.23186913286211636,0.23186913286211636
1.0000000000000007,0.00010708858925792856,-2.913193395636551e-19,0.09989833902945466,-2.1296103803740794e-12,89.99472360674994,9.399823029615392e-11,89.99472360590599,42.60121422935358,4,True,idle,0.0,0.0,0.0,0.0,0.0,0.0,0.18384776310850237,0.23256755992208045,0.2318691328546689,0.23186913285466892
1.0099999999999996,0.00010369823594298909,-2.241503245312518e-19,0.09989827148781784,-1.4383277282461719e-12,89.99323060206383,-0.0016236682084034958,89.99323060142716,46.62208895563376,4,True,righting,0.0,1.1415599999998998,0.0,0.0,1.1415599999998998,0.0,0.18384776310850237,0.23256755992208045,0.23181151354320792,0.2318115135432078
1.0199999999999985,-0.00017380248526300038,-1.2312444254829298e-19,0.09999996893948379,3.3452821409651425e-14,89.84829442565501,-0.06914965700900733,89.84829442563841,71.13716646301214,0,False,righting,0.0,5.168806913579709,0.0,0.0,5.168806913579709,0.0,0.18384776310850237,0.23256755992208045,0.22987888415847618,0.22987888415847624
1.0299999999999974,-0.0017815908066061458,-2.1312275250531897e-19,0.10069821425172844,-1.2493215527261371e-15,88.96812700434498,-0.24444706963612456,88.96812700434474,84.13955802151773,0,False,righting,0.0,6.997535308641959,0.0,0.0,6.997535308641959,0.0,0.18384776310850237,0.23256755992208045,0.22022157067332104,0.22022157067332104
1.0399999999999963,-0.0053621956613088455,-1.1680123371961365e-19,0.10227783535309082,-1.5414114702551542e-15,86.98667356243104,-0.4536731254228729,86.986673562431,80.11965298814988,0,False,righting,0.0,7.0,0.0,0.0,7.0,0.0,0.18384776310850237,0.23256755992208045,0.20011706295194862,0.20011706295194867
1.0499999999999952,-0.011107231078036019,-1.8957462928147725e-19,0.10467098308060459,-1.1266469775070783e-15,83.81899988861939,-0.6733478987781273,83.81899988861947,74.59425133226779,0,False,righting,0.0,7.0,0.0,0.0,7.0,0.0,0.18384776310850237,0.23256755992208045,0.16927893552831888,0.16927893552831902
1.059999999999994,-0.019046557046555102,1.1830537120495406e-19,0.10737734167392123,-1.2981786550446814e-15,79.58205996379085,-0.9052478678971737,79.58205996379084,102.73392521080046,0,False,righting,0.0,7.0,0.0,0.0,7.0,0.0,0.18384776310850237,0.23256755992208045,0.12833690667494396,0.12833690667494407
1.069999999999993,-0.027478369611353665,-4.635744677113399e-19,0.1097375871915514,5.708154333740548e-15,74.86124585825084,-0.6181118459090451,74.86124585825077,0.0,0,False,righting,0.0,7.0,0.0,0.0,7.0,0.0,0.18384776310850237,0.23256755992208045,0.08400150535315618,0.08400150535315633
1.0799999999999919,-0.028935413538194475,-3.5714789593430623e-19,0.11406892142529679,9.067053991328042e-15,68.22105601001796,0.1273409916114779,68.22105601001782,0.0,0,False,righting,0.0,7.0,0.0,0.0,7.0,0.0,0.18384776310850237,0.23256755992208045,0.0636220581584352,0.06362205815843537
1.0899999999999908,-0.026350405468544662,-4.341960627666734e-18,0.12026841746869171,2.533719298708533e-14,60.20490551597972,0.3099163169938904,60.20490551597965,0.0,0,False,righting,0.0,7.0,0.0,0.0,7.0,0.0,0.18384776310850237,0.23256755992208045,0.061194553187926,0.06119455318792637
1.0999999999999897,-0.023402797361810515,-1.2743486954098153e-17,0.1268382322201121,4.653853775866212e-14,51.76118775886957,0.2660350164167206,51.76118775886952,0.0,0,False,righting,0.0,7.0,0.0,0.0,7.0,0.0,0.18384776310850237,0.23256755992208045,0.06619706990343642,0.06619706990343688
1.1099999999999886,-0.02128194551446427,-9.22439018196077e-18,0.13270009319904094,1.9004614257836275e-14,43.267989520822695,0.1652889171849021,43.26798952082263,0.0,0,False,righting,0.0,7.0,0.0,0.0,7.0,0.0,0.18384776310850237,0.23256755992208045,0.07435065209101217,0.07435065209101244
1.1199999999999875,-0.020179113131889324,-4.165455392234302e-18,0.1369421719647093,-5.679532408827252e-15,34.92390930551035,0.0689658023685941,34.923909305510264,0.0,0,False,righting,0.0,7.0,0.0,0.0,7.0,0.0,0.18384776310850237,0.23256755992208045,0.08306998431414149,0.08306998431414157
1.1299999999999863,-0.01982463401670709,-9.36718414151163e-18,0.13852423054976262,-3.0837916171189444e-15,26.892238834707218,0.016480138809126733,26.892238834707097,0.0,0,False,righting,0.0,7.0,0.0,0.0,7.0,0.0,0.18384776310850237,0.23256755992208045,0.08929308561293503,0.08929308561293506
1.1399999999999852,-0.020011202409995592,-1.6575752022710988e-17,0.13776182288871547,4.422841218317436e-15,19.283413322736404,-0.04304208626291397,19.283413322736262,29.146237551546008,4,True,righting,0.0,7.0,0.0,0.0,7.0,0.0,0.18384776310850237,0.23256755992208045,0.09165832640965631,0.0916583264096564
1.1499999999999841,-0.020599543819708216,-1.6120643202158447e-17,0.1358330898716262,3.711427120182081e-15,11.836218389059306,-0.06719119572240032,11.83621838905893,0.0,0,False,righting,0.0,7.0,0.0,0.0,7.0,0.0,0.18384776310850237,0.23256755992208045,0.09336526656572906,0.09336526656572922
1.159999999999983,-0.0212953862120698,-1.5358239225520187e-17,0.13259498047189638,1.4566850445133715e-15,4.393982727469607,-0.06758738174897448,4.393982727468699,0.0,0,False,righting,0.0,7.0,0.0,0.0,7.0,0.0,0.18384776310850237,0.23256755992208045,0.09598395170042574,0.09598395170042581
1.169999999999982,-0.021763068035334922,-1.9496035338033022e-17,0.12780978063218892,6.321378158610624e-15,-2.885893536378459,0.013184895296449452,2.8858935363766527,120.56056556967134,0,False,righting,0.0,7.0,0.0,0.0,7.0,0.0,0.18384776310850237,0.23256755992208045,0.09826590909004886,0.09826590909004895
1.1799999999999808,-0.020162859874643474,-5.212011887018962e-18,0.12471492360055332,2.5553729219836947e-15,-8.695333202606196,0.2536835060059053,8.695333202605784,129.72010578473737,4,True,righting,0.0,7.0,0.0,0.0,7.0,0.0,0.18384776310850237,0.23256755992208045,0.09893407959828873,0.09893407959828861
1.1899999999999797,-0.01706291459805712,2.0885785072953967e-17,0.12380987516944503,-7.86666299128444e-15,-13.474902033142568,0.3387534347053605,13.474902033142326,74.8652990003787,4,True,righting,0.0,7.0,0.0,0.0,7.0,0.0,0.18384776310850237,0.23256755992208045,0.09777476712136392,0.09777476712136368
1.1999999999999786,-0.013639852834521427,4.543054967659984e-17,0.12383231583043312,-1.8036344284657435e-14,-17.845027602140398,0.33643577932398266,17.8450276021402,56.02651570570107,4,True,righting,0.0,7.0,0.0,0.0,7.0,0.0,0.18384776310850237,0.23256755992208045,0.09637198538361787,0.09637198538361762
1.2099999999999775,-0.010452419068933544,4.49564058016373e-17,0.12428648739912564,-1.674623497235438e-14,-22.06770769328506,0.3028226157654158,22.067707693284927,48.49471705012555,4,True,righting,0.0,7.0,0.0,0.0,7.0,0.0,0.18384776310850237,0.23256755992208045,0.09538452263184763,0.09538452263184731
1.2199999999999764,-0.007604720079969223,2.3458659351297137e-17,0.12496573896600965,-5.595946292776062e-15,-26.227351736885097,0.27142706267171945,26.22735173688502,40.992246496796355,4,True,righting,0.0,7.0,0.0,0.0,7.0,0.0,0.18384776310850237,0.23256755992208045,0.09492854828242632,0.09492854828242613
1.2299999999999753,-0.005022127480403885,4.092361920747352e-18,0.12563682032337334,5.411635156875153e-15,-30.322503595459004,0.24842370406872827,30.322503595458926,37.82183018076892,4,True,righting,0.0,7.0,0.0,0.0,7.0,0.0,0.18384776310850237,0.23256755992208045,0.09472854546706251,0.09472854546706241
1.2399999999999742,-0.00264421273766583,-5.038932770586954e-18,0.1261825079326621,1.2258411956902116e-14,-34.341159117624876,0.2294020025024116,34.34115911762488,37.67898039133173,4,True,righting,0.0,7.0,0.0,0.0,7.0,0.0,0.18384776310850237,0.23256755992208045,0.09459504674513139,0.09459504674513126
1.2499999999999731,-0.00044938952223435663,-1.7382387053921702e-17,0.1265877336492016,2.1378107343987032e-14,-38.276900197668766,0.2113820563226676,38.276900197668695,38.5478166073748,4,True,righting,0.0,7.0,0.0,0.0,7.0,0.0,0.18384776310850237,0.23256755992208045,0.09447181818473577,0.0944718181847357
1.259999999999972,0.0014947397931876427,-1.894125311174948e-17,0.12674169326471219,2.5451671923600964e-14,-42.18726091883745,0.17939520930760114,42.18726091883741,27.765062852049518,4,True,righting,0.0,7.0,0.0,0.0,7.0,0.0,0.18384776310850237,0.23256755992208045,0.09439747102417402,0.09439747102417406
1.269999999999971,0.003115560370685839,-8.060930535129464e-18,0.12649223244761126,2.3415449719593517e-14,-46.14162213249181,0.15235748577474095,46.1416221324918,59.823770066347464,4,True,righting,0.0,7.0,0.0,0.0,7.0,0.0,0.18384776310850237,0.23256755992208045,0.09439647374287455,0.09439647374287455
1.2799999999999698,0.004687544933766115,5.2434940639540596e-18,0.12633315346291749,1.8285362609772203e-14,-49.91691978767281,0.1577291378989043,49.91691978767285,49.450708600844145,4,True,righting,0.0,7.0,0.0,0.0,7.0,0.0,0.18384776310850237,0.23256755992208045,0.09430448296196027,0.09430448296196033
1.2899999999999687,0.006215997456553671,1.0661665285242589e-17,0.1263744183740973,1.7768010950458672e-14,-53.49005413733753,0.1474410231666457,53.490054137337516,45.18098409225489,4,True,righting,0.0,7.0,0.0,0.0,7.0,0.0,0.18384776310850237,0.23256755992208045,0.09417048924911146,0.09417048924911146
1.2999999999999676,0.007548112828991888,1.6548940097833672e-17,0.12638810019372085,1.6352715314712462e-14,-56.979898888207714,0.117637783026857,56.9798988882077,29.009228032957147,4,True,righting,0.0,7.0,0.0,0.0,7.0,0.0,0.18384776310850237,0.23256755992208045,0.0941145949563229,0.09411459495632288
1.3099999999999665,0.00868515872479719,1.635985825351666e-17,0.12632474706117547,1.98054787614791e-14,-60.39686953131462,0.11170854773809051,60.39686953131464,46.77249158751726,4,True,righting,0.0,7.0,0.0,0.0,7.0,0.0,0.18384776310850237,0.23256755992208045,0.09410921990594602,0.09410921990594606
1.3199999999999654,0.009739350917872322,2.1955337206029626e-17,0.12637503508275338,1.8497545877963045e-14,-63.64917852327609,0.09626220938566789,63.649178523276106,29.02095469124751,4,True,righting,0.0,7.0,0.0,0.0,7.0,0.0,0.18384776310850237,0.23256755992208045,0.09407962681982832,0.09407962681982836
1.3299999999999643,0.010613745589723765,4.068925527010389e-17,0.12635851049504151,3.4771875948363315e-15,-66.81963469550881,0.0835615436914945,66.81963469550884,44.962290591262814,4,True,righting,0.0,7.0,0.0,0.0,7.0,0.0,0.18384776310850237,0.23256755992208045,0.0940804841161603,0.09408048411616035
1.3399999999999632,0.011209900921656224,4.684349906404253e-17,0.1265092808342922,-1.1666448999423434e-15,-68.90509910254842,0.0423450483797677,68.90509910254853,46.888323829656514,4,True,righting,0.0,7.0,0.0,0.0,7.0,0.0,0.18384776310850237,0.23256755992208045,0.09433727187594278,0.09433727187594275
1.3499999999999621,0.01153660381744441,3.8271169761416886e-17,0.126759177295157,1.1549346349254102e-14,-69.49287050011371,0.02656260444097129,69.49287050011388,39.78858155076376,4,True,righting,0.0,7.0,0.0,0.0,7.0,0.0,0.18384776310850237,0.23256755992208045,0.09474870314660468,0.0947487031466046
1.359999999999961,0.01176228348102423,3.267688656855066e-17,0.12687909326939611,1.8939920765146864e-14,-69.40098170357007,0.019705313357154364,69.40098170357025,38.54650929116755,4,True,righting,0.0,7.0,0.0,0.0,7.0,0.0,0.18384776310850237,0.23256755992208045,0.094963144868201,0.09496314486820095
1.36999999999996,0.011941106734267022,2.9431279346329894e-17,0.12685548850267153,2.2796432711120436e-14,-69.02975286375477,0.016899495335020696,69.02975286375502,41.0619345338387,4,True,righting,0.0,7.0,0.0,0.0,7.0,0.0,0.18384776310850237,0.23256755992208045,0.09494697626890786,0.09494697626890783
1.3799999999999588,0.012095824441675687,3.071338348171701e-17,0.12677731157661443,2.0780525874854286e-14,-68.57912501954543,0.013922861457257437,68.57912501954574,42.756434159819364,4,True,righting,0.0,7.0,0.0,0.0,7.0,0.0,0.18384776310850237,0.23256755992208045,0.0948321095742163,0.09483210957421646
1.3899999999999577,0.012210026326450352,3.2499388811231307e-17,0.126703603941593,1.802536722102789e-14,-68.0888563204269,0.009269016325572024,68.08885632042684,43.31351705404022,4,True,righting,0.0,7.0,0.0,0.0,7.0,0.0,0.18384776310850237,0.23256755992208045,0.09472209142855272,0.09472209142855266
1.3999999999999566,0.012277391711855476,3.5527831338055684e-17,0.12665513220406707,1.4024112990574937e-14,-67.56441541778868,0.004802372131811703,67.56441541778871,43.27483001609797,4,True,righting,0.0,7.0,0.0,0.0,7.0,0.0,0.18384776310850237,0.23256755992208045,0.09465186861015255,0.09465186861015253
1.4099999999999555,0.012306403519518788,3.8568197353137545e-17,0.12663100614290052,1.022916640640939e-14,-67.0071338690143,0.0015522050463935956,67.00713386901435,43.05338147611665,4,True,righting,0.0,7.0,0.0,0.0,7.0,0.0,0.18384776310850237,0.23256755992208045,0.09461959936612158,0.09461959936612152
1.4199999999999544,0.0123101644302859,4.158223218305628e-17,0.12662364541415974,6.5672540596259194e-15,-66.41691059282174,-0.0004153113035616438,66.41691059282174,42.84954903484528,4,True,righting,0.0,7.0,0.0,0.0,7.0,0.0,0.18384776310850237,0.23256755992208045,0.09461288051056119,0.09461288051056112
1.4299999999999533,0.012299759891230888,4.341416603682438e-17,0.12662599764033475,4.43986249246618e-15,-65.79358427405465,-0.001439293508279897,65.79358427405467,42.712210242376656,4,True,righting,0.0,7.0,0.0,0.0,7.0,0.0,0.18384776310850237,0.23256755992208045,0.09462058855445661,0.09462058855445649
1.4399999999999522,0.01228262052718659,4.723717842343091e-17,0.12663329960828723,6.102613114879041e-17,-65.1373261343347,-0.0018711374456675109,65.13732613433469,42.62960129290926,4,True,righting,0.0,7.0,0.0,0.0,7.0,0.0,0.18384776310850237,0.23256755992208045,0.09463540869736499,0.09463540869736492
1.449999999999951,0.012263247508955142,5.039621325373812e-17,0.126642662762669,-3.2570353518293004e-15,-64.44861133207144,-0.0019514681402324281,64.44861133207141,42.58052508675789,4,True,righting,0.0,7.0,0.0,0.0,7.0,0.0,0.18384776310850237,0.23256755992208045,0.09465295962904503,0.09465295962904498
1.45999999999995,0.012244312538615769,5.200310997954954e-17,0.12665233452815108,-4.7081026358414515e-15,-63.72810547931684,-0.001822010222931017,63.728105479316795,42.5508181492315,4,True,righting,0.0,7.0,0.0,0.0,7.0,0.0,0.18384776310850237,0.23256755992208045,0.09467056569408355,0.09467056569408352
1.469999999999949,0.012227413916457472,5.3435442555221786e-17,0.1266612158827119,-6.004623866060467e-15,-62.976584243536436,-0.001567943342948743,62.97658424353643,42.533777875412305,4,True,righting,0.0,7.0,0.0,0.0,7.0,0.0,0.18384776310850237,0.23256755992208045,0.09468652108820264,0.09468652108820258
1.4799999999999478,0.012213457992190094,5.578237788028193e-17,0.1266686402118601,-8.17194194010795e-15,-62.194896722765726,-0.001248544992505248,62.19489672276577,42.52651274665527,4,True,righting,0.0,7.0,0.0,0.0,7.0,0.0,0.18384776310850237,0.23256755992208045,0.09469978283971292,0.09469978283971288
1.4899999999999467,0.012202834065737987,5.706818823595717e-17,0.1266742806404407,-9.16463333466733e-15,-61.3839522949256,-0.0009102483976653787,61.38395229492565,42.5271108389256,4,True,righting,0.0,7.0,0.0,0.0,7.0,0.0,0.18384776310850237,0.23256755992208045,0.09470985192123657,0.09470985192123656
1.4999999999999456,0.012195524119381688,5.82563417736422e-17,0.1266780868254637,-9.989032490616003e-15,-60.544712984817934,-0.0005890835702666177,60.54471298481799,42.53351800218038,4,True,righting,0.0,7.0,0.0,0.0,7.0,0.0,0.18384776310850237,0.23256755992208045,0.0947166826069863,0.0947166826069863
1.5099999999999445,0.012191210736667965,5.874609674537976e-17,0.12668021384572378,-1.0121903347845291e-14,-59.67818351231706,-0.00030988206731200486,59.678183512317126,42.54351780272502,4,True,righting,0.0,7.0,0.0,0.0,7.0,0.0,0.18384776310850237,0.23256755992208045,0.09472056781571261,0.09472056781571263
1.5199999999999434,0.012189390935276401,6.068094214995996e-17,0.12668094419536963,-1.1580003451299602e-14,-58.78539855632114,-8.617554806145984e-05,58.78539855632119,42.55507132379166,4,True,righting,0.0,7.0,0.0,0.0,7.0,0.0,0.18384776310850237,0.23256755992208045,0.09472200920782976,0.09472200920782975
1.5299999999999423,0.012189482084401362,6.310710620892663e-17,0.1266806157389402,-1.3386204435865219e-14,-57.867409620150504,7.829660426680696e-05,57.86740962015049,42.56659411259739,4,True,righting,0.0,7.0,0.0,0.0,7.0,0.0,0.18384776310850237,0.23256755992208045,0.09472159672246531,0.09472159672246529
1.5399999999999412,0.012190906245414506,6.734263436603127e-17,0.12667956568572172,-1.6674389122792465e-14,-56.92527380566988,0.0001870256840442744,56.925273805669846,42.577050534506974,4,True,righting,0.0,7.0,0.0,0.0,7.0,0.0,0.18384776310850237,0.23256755992208045,0.09471991518106987,0.09471991518106987
1.54999999999994,0.012193147095933063,7.076254558424e-17,0.12667809394646012,-1.8993951357263254e-14,-55.9600456735926,0.0002479588488778613,55.96004567359262,42.58590302250359,4,True,righting,0.0,7.0,0.0,0.0,7.0,0.0,0.18384776310850237,0.23256755992208045,0.09471748348429912,0.0947174834842991
1.559999999999939,0.012195780830418968,6.946960057499086e-17,0.12667644406346235,-1.733678859654437e-14,-54.9727723040638,0.00027109896154690915,54.972772304063795,42.59299286012924,4,True,righting,0.0,7.0,0.0,0.0,7.0,0.0,0.18384776310850237,0.23256755992208045,0.09471472316747916,0.09471472316747907
1.569999999999938,0.012198486389180658,6.573680375689641e-17,0.12667479750806843,-1.3982882250198522e-14,-53.96449105025804,0.0002667250109536966,53.964491050258026,42.5984116523437,4,True,righting,0.0,7.0,0.0,0.0,7.0,0.0,0.18384776310850237,0.23256755992208045,0.09471194920164992,0.09471194920164985
1.5799999999999368,0.012201041396582374,6.054046918704421e-17,0.12667327683147125,-9.728144408071687e-15,-52.936229261876775,0.0002442391579707299,52.9362292618768,42.602393133994205,4,True,righting,0.0,7.0,0.0,0.0,7.0,0.0,0.18384776310850237,0.23256755992208045,0.09470937552278381,0.09470937552278379
1.5899999999999357,0.012203309535753699,5.750325357111204e-17,0.12667195387591806,-7.377398090361452e-15,-51.8890052811262,0.00021153327589021909,51.889005281126224,42.605233302654156,4,True,righting,0.0,7.0,0.0,0.0,7.0,0.0,0.18384776310850237,0.23256755992208045,0.0947071290091881,0.09470712900918812
1.5999999999999346,0.012205223814763052,5.767478081093947e-17,0.12667086024369012,-7.476794927005897e-15,-50.82383013791805,0.00017474038351218053,50.82383013791806,42.60723630730415,4,True,righting,0.0,7.0,0.0,0.0,7.0,0.0,0.18384776310850237,0.23256755992208045,0.09470526726267808,0.09470526726267811
1.6099999999999335,0.012206768883830089,5.783988305258825e-17,0.12666999811768015,-7.40366606266145e-15,-49.741709512080085,0.00013824888165736937,49.74170951208011,42.60868053323107,4,True,righting,0.0,7.0,0.0,0.0,7.0,0.0,0.18384776310850237,0.23256755992208045,0.09470379701436171,0.09470379701436173
1.6199999999999324,0.012207964470749679,5.457410466425602e-17,0.12666935023027226,-4.852064763324576e-15,-48.64364565615016,0.000104881282974738,48.6436456561502,42.60979968940012,4,True,righting,0.0,7.0,0.0,0.0,7.0,0.0,0.18384776310850237,0.23256755992208045,0.09470269112704677,0.09470269112704685
1.6299999999999313,0.012208851147434027,5.2187400897672444e-17,0.12666888830131207,-3.166161744676706e-15,-47.53063907630465,7.616206158007481e-05,47.53063907630466,42.61077482882564,4,True,righting,0.0,7.0,0.0,0.0,7.0,0.0,0.18384776310850237,0.23256755992208045,0.09470190303347488,0.09470190303347492
1.6399999999999302,0.012209478996113602,5.265906217286092e-17,0.12666857965025444,-3.4811004389071086e-15,-46.4036898528969,5.2618603659152115e-05,46.40368985289693,42.61173413002315,4,True,righting,0.0,7.0,0.0,0.0,7.0,0.0,0.18384776310850237,0.23256755992208045,0.09470137809420616,0.09470137809420621
1.649999999999929,0.012209899275196182,5.3523574306526845e-17,0.12666839196232713,-3.969665670851604e-15,-45.26379854830309,3.40755058672313e-05,45.2637985483031,42.61275784339254,4,True,righting,0.0,7.0,0.0,0.0,7.0,0.0,0.18384776310850237,0.23256755992208045,0.09470106182568484,0.09470106182568479
1.659999999999928,0.012210158865388301,5.3893047375198863e-17,0.12666829637279273,-4.08584713433721e-15,-44.11196669964198,1.991634179760183e-05,44.11196669964199,42.61388623316368,4,True,righting,0.0,7.0,0.0,0.0,7.0,0.0,0.18384776310850237,0.23256755992208045,0.09470090526523134,0.0947009052652313
1.6699999999999269,0.012210297083770083,5.275222742728083e-17,0.12666826914137674,-3.2819238543284052e-15,-42.949196928512805,9.298650915231445e-06,42.94919692851277,42.61512876117682,4,True,righting,0.0,7.0,0.0,0.0,7.0,0.0,0.18384776310850237,0.23256755992208045,0.09470086792704484,0.09470086792704482
1.6799999999999258,0.012210344363916017,5.239890458142113e-17,0.12666829223489084,-3.0491030847872983e-15,-41.776492720732996,1.3171420994374527e-06,41.776492720732975,42.61647319899945,4,True,righting,0.0,7.0,0.0,0.0,7.0,0.0,0.18384776310850237,0.23256755992208045,0.0947009188848909,0.0947009188848909
1.6899999999999247,0.012210322289154404,5.220885913834283e-17,0.1266683531353767,-2.887639036718166e-15,-40.594857938424155,-4.883165224895137e-06,40.5948579384241,42.61789379192065,4,True,righting,0.0,7.0,0.0,0.0,7.0,0.0,0.18384776310850237,0.23256755992208045,0.0947010365188177,0.0947010365188177
1.6999999999999236,0.012210244509007198,5.1858494382349016e-17,0.12666844415908873,-2.6428414530676248e-15,-39.40529612740954,-1.0037802421576254e-05,39.40529612740949,42.61935798791553,4,True,righting,0.0,7.0,0.0,0.0,7.0,0.0,0.18384776310850237,0.23256755992208045,0.09470120741105478,0.0947012074110548
1.7099999999999225,0.012210118143479259,5.191352984032491e-17,0.1266685615220826,-2.635596535693504e-15,-38.20880967754098,-1.4729382412251195e-05,38.20880967754095,42.620831556580335,4,True,righting,0.0,7.0,0.0,0.0,7.0,0.0,0.18384776310850237,0.23256755992208045,0.09470142479359098,0.09470142479359098
1.7199999999999214,0.012209945367976713,5.123666161913742e-17,0.12666870433210495,-2.155674553285118e-15,-37.00639888477175,-1.938080241108962e-05,37.00639888477176,42.62228214645248,4,True,righting,0.0,7.0,0.0,0.0,7.0,0.0,0.18384776310850237,0.23256755992208045,0.09470168685560335,0.09470168685560335
1.7299999999999203,0.012209724959802288,5.2020387312304935e-17,0.12666887363183715,-2.5873707274974815e-15,-35.79906095357596,-2.426658404836817e-05,35.79906095357596,42.62368146972176,4,True,righting,0.0,7.0,0.0,0.0,7.0,0.0,0.18384776310850237,0.23256755992208045,0.09470199512647366,0.09470199512647366
1.7399999999999192,0.012209453666586285,5.149164691350871e-17,0.12666907157034002,-2.1985112849815577e-15,-34.5877889681766,-2.9534969859563674e-05,34.58778896817651,42.62500637517271,4,True,righting,0.0,7.0,0.0,0.0,7.0,0.0,0.18384776310850237,0.23256755992208045,0.09470235306821283,0.09470235306821281
1.749999999999918,0.01220912732278974,5.043218107506195e-17,0.12666930074038077,-1.5797425119158324e-15,-33.37357085197451,-3.5234883266534865e-05,33.37357085197442,42.6262390903174,4,True,righting,0.0,7.0,0.0,0.0,7.0,0.0,0.18384776310850237,0.23256755992208045,0.09470276494426597,0.09470276494426595
1.759999999999917,0.01220874169075115,5.171846854638853e-17,0.1266695636899708,-2.2974761213218866e-15,-32.15738832711026,-4.1343416523664864e-05,32.15738832711024,42.62736689854013,4,True,righting,0.0,7.0,0.0,0.0,7.0,0.0,0.18384776310850237,0.23256755992208045,0.0947032349813047,0.0947032349813047
1.7699999999999159,0.012208293037995624,5.132834628464356e-17,0.12666986259641322,-2.0750425854408457e-15,-30.940215880446733,-4.7790959004085557e-05,30.9402158804467,42.62838148057357,4,True,righting,0.0,7.0,0.0,0.0,7.0,0.0,0.18384776310850237,0.23256755992208045,0.09470376680603228,0.09470376680603226
1.7799999999999148,0.012207778484418534,5.3233978653821237e-17,0.12667019907921784,-3.0970730996492782e-15,-29.72301973838454,-5.448231068240175e-05,29.723019738384497,42.629278103084204,4,True,righting,0.0,7.0,0.0,0.0,7.0,0.0,0.18384776310850237,0.23256755992208045,0.09470436311817501,0.09470436311817501
1.7899999999999137,0.01220719616394868,5.4321474448840185e-17,0.12667057412276456,-3.646176594918962e-15,-28.506756850608284,-6.13130954514288e-05,28.50675685060824,42.630054788431174,4,True,righting,0.0,7.0,0.0,0.0,7.0,0.0,0.18384776310850237,0.23256755992208045,0.09470502555104818,0.09470502555104818
1.7999999999999126,0.012206545248075311,5.621357302424718e-17,0.12667098807889315,-4.572800967724681e-15,-27.29237388181631,-6.818149073109006e-05,27.292373881816165,42.63071155466148,4,True,righting,0.0,7.0,0.0,0.0,7.0,0.0,0.18384776310850237,0.23256755992208045,0.09470575466947091,0.09470575466947091
1.8099999999999115,0.012205825875756832,5.864755963081083e-17,0.12667144072208428,-5.734035245160913e-15,-26.080806210383457,-7.499574699660163e-05,26.0808062103832,42.63124977643726,4,True,righting,0.0,7.0,0.0,0.0,7.0,0.0,0.18384776310850237,0.23256755992208045,0.0947065500587252,0.09470655005872516
1.8199999999999104,0.01220503902795686,6.159292353249974e-17,0.12667193133422133,-7.16745967555137e-15,-24.87297693343677,-8.167822266048284e-05,24.87297693343649,42.631671687528765,4,True,righting,0.0,7.0,0.0,0.0,7.0,0.0,0.18384776310850237,0.23256755992208045,0.0947074104653887,0.0947074104653887
1.8299999999999093,0.012204186377177633,7.229552836311592e-17,0.12667245880102393,-1.2528530968470952e-14,-23.669795878709643,-8.816675247392748e-05,23.66979587870933,42.631980023768996,4,True,righting,0.0,7.0,0.0,0.0,7.0,0.0,0.18384776310850237,0.23256755992208045,0.09470833395939458,0.09470833395939436
1.8399999999999082,0.012203270134217037,7.775581352280335e-17,0.1266730217073402,-1.4975039826225138e-14,-22.472158624563484,-9.44141468319333e-05,22.47215862456317,42.63217779141001,4,True,righting,0.0,7.0,0.0,0.0,7.0,0.0,0.18384776310850237,0.23256755992208045,0.09470931809527536,0.09470931809527527
1.849999999999907,0.012202292906866214,7.944881639744417e-17,0.12667361842308258,-1.5555891860663356e-14,-21.280945530561002,-0.00010038652700290834,21.28094553056087,42.63226813801073,4,True,righting,0.0,7.0,0.0,0.0,7.0,0.0,0.18384776310850237,0.23256755992208045,0.09471036005833326,0.09471036005833318
1.859999999999906,0.012201257578913847,7.562820031771023e-17,0.1266742471753964,-1.3496258840125638e-14,-20.09702078183259,-0.00010606107065807306,20.097020781832448,42.63225430045346,4,True,righting,0.0,7.0,0.0,0.0,7.0,0.0,0.18384776310850237,0.23256755992208045,0.09471145678796745,0.09471145678796743
1.8699999999999048,0.012200167212859327,7.108544479224551e-17,0.12667490610556992,-1.120924386693193e-14,-18.921231451134506,-0.0001114235999894558,18.921231451134396,42.632139605318436,4,True,righting,0.0,7.0,0.0,0.0,7.0,0.0,0.18384776310850237,0.23256755992208045,0.09471260507538216,0.09471260507538212
1.8799999999999037,0.012199024976172857,6.978889618004179e-17,0.12667559331123635,-1.0573638350522036e-14,-17.75440658293135,-0.00011646630880530887,17.7544065829312,42.63192750001089,4,True,righting,0.0,7.0,0.0,0.0,7.0,0.0,0.18384776310850237,0.23256755992208045,0.09471380163642719,0.09471380163642708
1.8899999999999026,0.012197834088644598,7.024245072660013e-17,0.1266763068756928,-1.0775293599349407e-14,-16.597356304046457,-0.00012118580676150718,16.59735630404632,42.63162159711198,4,True,righting,0.0,7.0,0.0,0.0,7.0,0.0,0.18384776310850237,0.23256755992208045,0.09471504316252698,0.09471504316252691
1.8999999999999015,0.01219659778712446,7.086527710240553e-17,0.12667704488680004,-1.102274605027352e-14,-15.45087096543831,-0.00012558156415111177,15.450870965438146,42.63122571900494,4,True,righting,0.0,7.0,0.0,0.0,7.0,0.0,0.18384776310850237,0.23256755992208045,0.09471632635379709,0.09471632635379705
1.9099999999999004,0.011884025537184246,1.0597167881668349e-13,0.1271873976067358,7.058188102615988e-11,-14.480520884448726,-0.11093916804755946,14.48052088444857,189.3704617504348,4,True,balance,0.02036532000474928,-7.0,-2.0,0.02036531268340031,-7.0,-2.0,0.18384776310850237,0.23256755992208045,0.09513801366750665,0.09513801366632131
1.9199999999998993,0.009299063039355555,2.8914554924625035e-14,0.131265939245855,5.433777658854063e-10,-13.826789068931038,-0.34963350057837683,13.826789068930715,129.2040453289414,4,True,balance,-0.0015538643311035461,-7.0,-2.0,-0.0015538687279234543,-7.0,-2.0,0.18384776310850237,0.23256755992208045,0.09963618589545695,0.09963618589097711
1.9299999999998982,0.004824267199934946,1.5523005982297368e-13,0.1382988995418957,1.058506381219013e-09,-13.238281610991745,-0.5284649855208042,13.238281610991452,133.69258702743795,4,True,balance,0.02088493053878732,-7.0,-2.0,0.020884928260401395,-7.0,-2.0,0.18384776310850237,0.23256755992208045,0.10688694728679454,0.10688694727674615
1.9399999999998971,-0.001336372487794585,6.489824637924688e-13,0.14808906303385536,1.444100326613812e-09,-12.709601260757747,-0.6706658068337589,12.70960126075766,95.1119386027467,4,True,balance,-0.05173195145704229,-4.007943655749918,-2.0,-0.051731952653751245,-4.007943656183533,-2.0,0.18384776310850237,0.23256755992208045,0.11648034963038117,0.11648034961321672
1.949999999999896,-0.008302305664117592,1.3787597819013512e-12,0.15939457930828788,1.7519849725359329e-09,-12.100596304812486,-0.7061479020642254,12.100596304812438,70.94579852712428,4,True,balance,-0.1505136547804769,-1.4463158016068656,-2.0,-0.15051365482195112,-1.4463158012558357,-2.0,0.18384776310850237,0.23256755992208045,0.12629536930587343,0.1262953692820701
1.959999999999895,-0.01529107931659821,2.2423852215860747e-12,0.17109330470156797,2.03197821690275e-09,-11.354739485250747,-0.6836948527652421,11.354739485250498,0.0,0,False,balance,-0.07395132573513635,0.04012720103188672,-2.0,-0.0739513247120014,0.04012720271930492,-2.0,0.18384776310850237,0.23256755992208045,0.13457277158665168,0.1345727715579176
1.9699999999998938,-0.021754165745898023,3.2541528255937196e-12,0.18232037356500358,1.9935167515548946e-09,-10.523584058954073,-0.6157982189324293,10.523584058953826,0.0,0,False,balance,-0.2019535671968709,0.7936846532245325,-2.0,-0.20195356635229206,0.793684655613947,-2.0,0.18384776310850237,0.23256755992208045,0.14239089912646227,0.1423908990931403
1.9799999999998927,-0.027625074039573188,4.813900627235897e-12,0.19237737805956476,1.0380157165310037e-09,-9.622157369551996,-0.5720109126201859,9.622157369551742,0.0,0,False,balance,-0.05369761524515759,1.161857253447664,0.010789399880471994,-0.053697617072389126,1.161857251711858,0.010789403289862541,0.18384776310850237,0.23256755992208045,0.14849197696071176,0.14849197691815774
1.9899999999998916,-0.033282251724408525,6.4869314863452815e-12,0.20074054861526514,-1.0272008293057413e-10,-8.727113461411937,-0.5636664454706026,8.727113461411687,0.0,0,False,balance,-0.03371370511656313,0.7242133113610074,0.30108222247852523,-0.03371370689436998,0.7242133097088561,0.3010822239205184,0.18384776310850237,0.23256755992208045,0.1529702268767335,0.15297022682514125
1.9999999999998905,-0.038941301620913533,8.101685702357572e-12,0.2075467133418425,-1.137003249086753e-09,-7.854948231873936,-0.5689663885192721,7.854948231873486,0.0,0,False,balance,-0.02401761915980821,0.37389472632995124,0.3243037717999149,-0.024017620354846277,0.373894725144297,0.3243037728364253,0.18384776310850237,0.23256755992208045,0.15629061041363967,0.1562906103552172
2.0099999999998897,-0.044687756478083596,9.662986207498616e-12,0.2129927764409715,-2.0591552081486032e-09,-7.018437303422068,-0.5798117906600518,7.018437303421774,0.0,0,False,balance,-0.019035441066389266,0.1478548784139626,0.32343636660003594,-0.019035441720285203,0.14785487744280768,0.3234363673957288,0.18384776310850237,0.23256755992208045,0.1590095947121043,0.159009594648846
2.0199999999998886,-0.050557095463184654,1.11579239262424e-11,0.21721664851471204,-2.845854498251193e-09,-6.227619990773588,-0.592956634273025,6.22761999077331,0.0,0,False,balance,-0.01495507382658728,-0.02812232794138958,0.3196354174238989,-0.014955074100872542,-0.028122328862345558,0.31963541806427087,0.18384776310850237,0.23256755992208045,0.16147942588626327,0.16147942582022543
2.0299999999998875,-0.05656225650543554,1.2566371063205614e-11,0.2203284517593672,-3.4660237875455137e-09,-5.492145969890593,-0.6066920812712512,5.49214596989005,0.0,0,False,balance,-0.010339943140718951,-0.18728886925685062,0.3152484443223895,-0.010339943171790152,-0.1872888702391058,0.3152484448722157,0.18384776310850237,0.23256755992208045,0.16396349777186292,0.163963497705249
2.0399999999998863,-0.06270241622082838,1.386541588337348e-11,0.22242715319036702,-3.890925665825754e-09,-4.822176096551905,-0.619850251508711,4.822176096550938,0.0,0,False,balance,-0.004973585058193505,-0.3378193344828928,0.31179806158386514,-0.004973584941634853,-0.3378193356119208,0.3117980620902363,0.18384776310850237,0.23256755992208045,0.16669368297343257,0.166693682908607
2.0499999999998852,-0.06896691092440049,1.5028806774657582e-11,0.22360347205761452,-4.097950687768592e-09,-4.228493719178522,-0.6315855525772912,4.228493719177459,0.0,0,False,balance,0.001045855245919106,-0.48056810173718967,0.3099803458023826,0.0010458554422003196,-0.4805681030776483,0.3099803463016506,0.18384776310850237,0.23256755992208045,0.16988157301300463,0.16988157295250275
2.059999999999884,-0.07533818861306137,1.6026829385961563e-11,0.22393914243861618,-4.0731782211572825e-09,-3.722439488370068,-0.6413356077236012,3.7224394883691576,0.0,0,False,balance,0.007635161268564578,-0.615114752550892,0.30987821560772083,0.007635161491208412,-0.6151147541520874,0.3098782161311602,0.18384776310850237,0.23256755992208045,0.17371718788640161,0.17371718783292928
2.069999999999883,-0.08179512179831404,1.6838517943613545e-11,0.22352241553828053,-3.836711970461208e-09,-3.306866326621249,-0.6489598931263917,3.3068663266202503,107.64385302330032,4,True,balance,-0.033821032290056424,-1.1417480488207299,0.28557471416412217,-0.033821032602689594,-1.1417480482841333,0.28557471560619496,0.18384776310850237,0.23256755992208045,0.17813542347510333,0.1781354234325617
2.079999999999882,-0.08822453464018017,1.805733870492477e-11,0.22320879025701928,-3.8960143235615914e-09,-2.8782726908278695,-0.6347948598174621,2.8782726908267247,84.50650390723985,4,True,balance,-0.010193742669557773,-2.7239024413561,0.32604828464539265,-0.010193742621147191,-2.723902433028141,0.32604828673143493,0.18384776310850237,0.23256755992208045,0.18001941483588108,0.18001941481439296
2.089999999999881,-0.09447606613586283,1.9948784298962314e-11,0.2237446235223082,-4.242726395000661e-09,-2.4860466871281814,-0.6187406775814132,2.4860466871271742,55.72047691515273,4,True,balance,0.015177603654769476,-2.2304060773501293,0.43661661926308826,0.015177606086473398,-2.2304060713395453,0.4366166191252352,0.18384776310850237,0.23256755992208045,0.18131399275900642,0.18131399275446522
2.0999999999998797,-0.10061086839939896,2.153774364507424e-11,0.2247246950574585,-4.5144672054649995e-09,-2.149422744830382,-0.6096943108302746,2.14942274482933,41.244611261957445,4,True,balance,0.011004242394558359,-1.6438853940206088,0.3887633405360098,0.011004245721003617,-1.643885390634462,0.38876333970566335,0.18384776310850237,0.23256755992208045,0.1827424724991068,0.18274247250537698
2.1099999999998786,-0.10666484012973405,2.2307954443647122e-11,0.22576893886501237,-4.553242200494708e-09,-1.8586181080741513,-0.6017927935699446,1.858618108073505,36.612200419151456,4,True,balance,0.002060790254872647,-1.37051710899097,0.31940696780157585,0.0020607934192971612,-1.3705171065086508,0.3194069669838224,0.18384776310850237,0.23256755992208045,0.18418743183616781,0.1841874318488891
2.1199999999998775,-0.11263362905008101,2.2293900220019196e-11,0.22671734268623633,-4.375911464482018e-09,-1.6029055995438866,-0.5925869664590916,1.6029055995430903,36.34950437130153,4,True,balance,-0.0038698998541578065,-1.2878915583198651,0.2782969116622087,-0.0038698970803254205,-1.2878915561569588,0.27829691100440734,0.18384776310850237,0.23256755992208045,0.1855482539967769,0.18554825401339572
2.1299999999998764,-0.11849981922440488,2.174273947821087e-11,0.2275335905170845,-4.0555355635926265e-09,-1.3748608574008676,-0.5814387098312707,1.3748608573998036,37.74993646095946,4,True,balance,-0.006981987631067176,-1.2939310451321946,0.26328362247884796,-0.006981985236393647,-1.2939310433351885,0.2632836219837664,0.18384776310850237,0.23256755992208045,0.1867841015667353,0.18678410158510647
2.1399999999998753,-0.12424416433480447,2.0824626838465748e-11,0.22823519340980364,-3.643511164424632e-09,-1.1697804920200734,-0.5684572464072418,1.169780492020909,39.222258087965564,4,True,balance,-0.007925948884965447,-1.3260388195589514,0.2631627398869796,-0.007925946908289013,-1.3260388178764586,0.26316273950426905,0.18384776310850237,0.23256755992208045,0.18788492757444886,0.1878849275931307
2.1499999999998742,-0.12985053198397398,1.9675708719254572e-11,0.2288525259964788,-3.180177900005153e-09,-0.9848970603722785,-0.5540586539194449,0.9848970603726228,40.285582971047575,4,True,balance,-0.007802243262304883,-1.354005840858977,0.26807836800747387,-0.007802241672746065,-1.3540058391354721,0.26807836768291415,0.18384776310850237,0.23256755992208045,0.18885702161184162,0.18885702163007878
2.159999999999873,-0.13530704229314416,1.8419607167722235e-11,0.2294107000335026,-2.69935963455395e-09,-0.8183168443463513,-0.5386442953433316,0.8183168443461571,40.94280698763714,4,True,balance,-0.0073633643734972686,-1.370289026771023,0.2724555632004726,-0.007363363101525796,-1.370289024992685,0.27245556289620443,0.18384776310850237,0.23256755992208045,0.1897101541724543,0.1897101541898601
2.169999999999872,-0.14060520377330088,1.7154949123256536e-11,0.22992598603902148,-2.226085903241625e-09,-0.6684371597046576,-0.5225000874399492,0.6684371597037573,41.316652672538964,4,True,balance,-0.006917880513022553,-1.3765647823211415,0.2744014826042642,-0.006917879487267239,-1.3765647805374124,0.274401482302286,0.18384776310850237,0.23256755992208045,0.19045296499474784,0.19045296501111594
2.179999999999871,-0.1457388405818095,1.595216890147058e-11,0.2304076116624463,-1.7769737744173833e-09,-0.5337535765931086,-0.5058195574133967,0.5337535765929516,41.51740630376824,4,True,balance,-0.006543348894487846,-1.3762988848938413,0.2739093264827761,-0.0065433480555253075,-1.3762988831636023,0.27390932617849084,0.18384776310850237,0.23256755992208045,0.19109287623462662,0.1910928762498452
2.18999999999987,-0.15070339246819062,1.485734849577206e-11,0.23086026746910887,-1.3620329937948873e-09,-0.41283218636547014,-0.4887429114372315,0.41283218636408353,41.61905016640516,4,True,balance,-0.006236240974051618,-1.3723248822288214,0.2715496076833184,-0.006236240275812984,-1.3723248805994146,0.271549607378476,0.18384776310850237,0.23256755992208045,0.19163668956796143,0.19163668958197488
2.1999999999998687,-0.15549552370107414,1.3897684260523663e-11,0.2312860010458331,-9.865171932468234e-10,-0.30432476989182916,-0.47138042606736585,0.3043247698921945,41.66687606178755,4,True,balance,-0.00597606105735873,-1.3665355154565109,0.26790213041302113,-0.0059760604647918734,-1.3665355139596946,0.26790213011137154,0.18384776310850237,0.23256755992208045,0.1920909158423452,0.19209091585513405
2.2099999999998676,-0.1601128909417994,1.3086442722371824e-11,0.2316854412104099,-6.523961118369961e-10,-0.20698470235261207,-0.4538233833903605,0.20698470235891642,41.68776168913398,4,True,balance,-0.0057447737562084066,-1.3601020628253795,0.2634076273316397,-0.0057447732426320584,-1.3601020614786692,0.2634076270367849,0.18384776310850237,0.23256755992208045,0.19246188773411713,0.1924618877456884
2.2199999999998665,-0.1645539849519086,1.2426953270258627e-11,0.23205854589178984,-3.5943840314447386e-10,-0.11967490786959588,-0.43614931677847457,0.1196749078762452,41.6973429784188,4,True,balance,-0.005530107611854847,-1.3537170151132287,0.25836994148007775,-0.005530107156845373,-1.3537170139229064,0.2583699411947109,0.18384776310850237,0.23256755992208045,0.1927557837541774,0.19275578376455688
2.2299999999998654,-0.16881801073964606,1.1915666293516387e-11,0.23240504380091012,-1.0598341255604474e-10,-0.04136870383125448,-0.41842501041089014,0.041368703834643084,41.70445452060378,4,True,balance,-0.005324612184975593,-1.3477688960267136,0.25299085219502637,-0.005324611772822337,-1.3477688949909907,0.25299085192074133,0.18384776310850237,0.23256755992208045,0.1929786227075884,0.19297862271681587
2.2399999999998643,-0.1729047917034285,1.1544483084254027e-11,0.2327246845823743,1.105056936434574e-10,0.028854108125847173,-0.4007085108133249,0.0288541080921266,41.71383596418397,4,True,balance,-0.005124153603613426,-1.34245691602373,0.24740244526561073,-0.0051241532221905604,-1.3424569151354138,0.2474024450030472,0.18384776310850237,0.23256755992208045,0.19313624865624265,0.19313624866436893
2.249999999999863,-0.17681469065963765,1.130249315080844e-11,0.23301737077012383,2.9305069295941603e-10,0.09181393280592917,-0.3830505903510093,0.09181393281496479,41.72778500651159,4,True,balance,-0.004926700570585831,-1.337864236286945,0.24169084578259437,-0.004926700210503839,-1.3378642355353074,0.24169084553163045,0.18384776310850237,0.23256755992208045,0.19323431330365953,0.19323431331074298
2.259999999999862,-0.18054854342477553,1.1177234015771307e-11,0.2332832179000427,4.4488676696140463e-10,0.14823948373698895,-0.36549585278666014,0.14823948372967977,41.74716520507528,4,True,balance,-0.004731481321458782,-1.3340042550592386,0.235912388622038,-0.004731480975445564,-1.334004254431635,0.2359123883820302,0.18384776310850237,0.23256755992208045,0.19327825877123067,0.1932782587773351
2.269999999999861,-0.18410760200983203,1.1155595081834448e-11,0.23352257186852574,5.692770503147154e-10,0.19877640657615514,-0.348083589274408,0.19877640656786527,41.77201666768141,4,True,balance,-0.004538433226782903,-1.330849598242765,0.23010430799605763,-0.004538432889198692,-1.3308495977259982,0.23010430776605095,0.18384776310850237,0.23256755992208045,0.19327330225170677,0.1932733022568996
2.27999999999986,-0.18749348534437035,1.1224432975753741e-11,0.23373600162774008,6.693931634499616e-10,0.24399586926372768,-0.3308484557010116,0.24399586926139405,41.801923501392494,4,True,balance,-0.004347857630717069,-1.3283501462087672,0.22429168710022118,-0.0043478572972157035,-1.3283501457894757,0.22429168687910273,0.18384776310850237,0.23256755992208045,0.19322442325324243,0.19322442325759262
2.289999999999859,-0.19070813602326572,1.137099582764036e-11,0.23392427836228383,7.482381085125014e-10,0.2844027897331017,-0.3138210194300282,0.2844027897329424,41.83623369064736,4,True,balance,-0.004160211481932293,-1.3264441830523568,0.21849192672292173,-0.00416021114917103,-1.326444182717679,0.21849192650952864,0.18384776310850237,0.23256755992208045,0.19313635369076407,0.19313635369434096
2.2999999999998577,-0.19375378196133292,1.1583195220290343e-11,0.2340883479529582,8.08601667603484e-10,0.3204435190024581,-0.2970282083883535,0.32044351900896456,41.87419025183202,4,True,balance,-0.0039759870487963665,-1.3250652665803209,0.21271759672937307,-0.003975986714235876,-1.3250652663183327,0.2127175965226069,0.18384776310850237,0.23256755992208045,0.19301357081760587,0.1930135708204783
2.3099999999998566,-0.19663290211232992,1.1849762280272416e-11,0.23422930084896096,8.530407074422466e-10,0.35251289136911285,-0.28049368549971676,0.35251289138084296,41.91500930579637,4,True,balance,-0.00379564663801615,-1.3241464456158776,0.2069782456163216,-0.003795646299746099,-1.3241464454156975,0.20697824541515564,0.18384776310850237,0.23256755992208045,0.19286029284899894,0.19286029285123404
2.3199999999998555,-0.1993481956010701,1.2160330743102647e-11,0.23434834181859318,8.838733197471881e-10,0.3809606120690214,-0.26423816501207087,0.38096061208032567,41.95792633845213,4,True,balance,-0.0036195906221196915,-1.3236228290996528,0.20128154266012288,-0.0036195902787474164,-1.3236228289514276,0.20128154246364582,0.18384776310850237,0.23256755992208045,0.1926804770617669,0.1926804770634297
2.3299999999998544,-0.20190255375810556,1.2505470302007645e-11,0.23444676103323325,9.031827456843705e-10,0.40609698847907244,-0.2482796830261062,0.4060969884923518,42.002223211127514,4,True,balance,-0.0034481449859988487,-1.3234331217441673,0.1956339927059101,-0.003448144636547242,-1.3234331216390023,0.19563399251336255,0.18384776310850237,0.23256755992208045,0.19247782012943992,0.19247782013059256
2.3399999999998533,-0.20429903465281188,1.2876691143036622e-11,0.23452590731149073,9.128257529729187e-10,0.42819803199665557,-0.23263383165039345,0.42819803200892115,42.047243317399214,4,True,balance,-0.0032815598746855877,-1.3235205017891052,0.1900413762219364,-0.003281559518493623,-1.3235205017193374,0.1900413760326587,0.18384776310850237,0.23256755992208045,0.192255760449049,0.19225576044975035
2.349999999999852,-0.20654083980309992,1.3266399772707369e-11,0.23458716395809107,9.144505568206408e-10,0.44750996953405314,-0.21731396414759158,0.44750996954512345,42.092399273114495,4,True,balance,-0.0031200140147840637,-1.323833071964855,0.18450901173819667,-0.0031200136514838404,-1.3238330719235407,0.18450901155167254,0.18384776310850237,0.23256755992208045,0.1920174822235105,0.1920174822238164
2.359999999999851,-0.2086312928047538,1.3667897659641017e-11,0.23463192738364866,9.095039621243781e-10,0.4642532095703591,-0.20233137688306543,0.46425320958495614,42.13717579126847,4,True,balance,-0.0029636219930014272,-1.3243240283824365,0.1790419030676882,-0.0029636216223976573,-1.3243240283638158,0.17904190288349198,0.18384776310850237,0.23256755992208045,0.19176592107543414,0.19176592107539656
2.36999999999985,-0.21057381967457342,1.4075283557631818e-11,0.23466158853249938,8.992582453389619e-10,0.47862581008531613,-0.18769547266853903,0.4786258100860057,42.18112939438062,4,True,balance,-0.0028124426532507817,-1.3249516404204438,0.17364481207025828,-0.002812442275359591,-1.324951640419295,0.17364481188807512,0.18384776310850237,0.23256755992208045,0.19150377098119897,0.19150377098086638
2.379999999999849,-0.2123719307418702,1.4483434390905605e-11,0.23467751704363665,8.848196930151697e-10,0.49080649581533947,-0.17341390911371268,0.4908064958153708,42.22388603411688,4,True,balance,-0.002666487632680927,-1.3256791034248663,0.16832228411213823,-0.0026664872476216926,-1.3256791034368847,0.16832228393172977,0.18384776310850237,0.23256755992208045,0.19123349232688366,0.1912334923263008
2.389999999999848,-0.21402920395448158,1.4887938054416783e-11,0.23468104800488246,8.671469748461458e-10,0.5009572709720218,-0.1594927348034459,0.5009572709719063,42.26513733951718,4,True,balance,-0.0025257294998708955,-1.3264743066791762,0.16307864463220922,-0.0025257291078739606,-1.3264743067005442,0.16307864445339648,0.18384776310850237,0.23256755992208045,0.1909573208997348,0.19095732089894316
2.3999999999998467,-0.2155492694899847,1.5285031966734047e-11,0.23467347112057851,8.470673156616749e-10,0.5092256713862824,-0.14593651547262548,0.5092256713858161,42.304635996598286,4,True,balance,-0.0023901092170754944,-1.3273095466659253,0.15791797943584207,-0.0023901088184469198,-1.3273095466936427,0.15791797925852347,0.18384776310850237,0.23256755992208045,0.19067727764027995,0.19067727763931727
2.4099999999998456,-0.21693579558155235,1.567154682345095e-11,0.23465602209052444,8.252903086262636e-10,0.5157466973368922,-0.13274845183006623,0.5157466973387836,42.342190619928466,4,True,balance,-0.0022595427988643633,-1.3281612073356155,0.15284410737264797,-0.0022595423939830127,-1.3281612073669502,0.15284410719676067,0.18384776310850237,0.23256755992208045,0.19039517899129782,0.19039517899019845
2.4199999999998445,-0.21819247548204032,1.604486084486106e-11,0.23462987598744736,8.024188713638422e-10,0.520644465323312,-0.11993049026683643,0.5206444653214608,42.377660378347045,4,True,balance,-0.0021339271283048293,-1.3290094233069798,0.1478605512569987,-0.00213392671758,-1.3290094233397793,0.1478605510825166,0.18384776310850237,0.23256755992208045,0.19011264769079053,0.19011264768958588
2.4299999999998434,-0.21932301550037897,1.6402843147818467e-11,0.2345961424183987,7.789622682903973e-10,0.5240336139095668,-0.10748342735618784,0.5240336139129865,42.41094956682395,4,True,balance,-0.0020131449442802006,-1.3298377377525288,0.1429705108768956,-0.0020131445281543724,-1.3298377377850499,0.14297051070381717,0.18384776310850237,0.23256755992208045,0.18983112386712642,0.18983112386584472
2.4399999999998423,-0.2203311240519548,1.6743799409003e-11,0.23455586225959577,7.553479854850428e-10,0.5260204956101404,-0.09540700879716789,0.5260204956136971,42.44200226479276,4,True,balance,-0.0018970690447430406,-1.3306327636307906,0.13817684047167877,-0.0018970686236819934,-1.330632763661578,0.1381768403000353,0.18384776310850237,0.23256755992208045,0.18955187630576498,0.1895518763044317
2.449999999999841,-0.22122050167007326,1.706643236115248e-11,0.23451000576252057,7.319299629346774e-10,0.5267041836898526,-0.08370002325931829,0.5267041836950163,42.47079718221968,4,True,balance,-0.0017855657682931787,-1.3313838545896477,0.13348203199492858,-0.0017855653427724073,-1.331383854617607,0.13348203182475182,0.18384776310850237,0.23256755992208045,0.18927601376843106,0.1892760137670688
2.45999999999984,-0.22199483192933314,1.7369795773399922e-11,0.23445947184019517,7.089977144222231e-10,0.5261773197632093,-0.07236039144071255,0.5261773197675569,42.49734276515508,4,True,balance,-0.0016784978257617623,-1.3320827900779073,0.12888820471435836,-0.0016784973962638528,-1.3320827901021832,0.12888820454569883,0.18384776310850237,0.23256755992208045,0.18900449625731486,0.18900449625594393
2.469999999999839,-0.22265777323425848,1.7653259694848603e-11,0.2344050883554624,6.867830845278801e-10,0.5245268252434888,-0.06138525054665757,0.5245268252507971,42.52167260964434,4,True,balance,-0.00157572655692868,-1.3327234778175214,0.12439710116320844,-0.0015757261239180388,-1.332723477837527,0.12439710099611544,0.18384776310850237,0.23256755992208045,0.18873814612868317,0.18873814612732137
2.479999999999838,-0.22321295142818334,1.7916452768617597e-11,0.2343476132470625,6.654720906007338e-10,0.521834497033303,-0.05077103432376903,0.5218344970449234,42.5438412151475,4,True,balance,-0.0014771136872290503,-1.3333016757109504,0.12001008909297393,-0.0014771132511873198,-1.3333016757262923,0.12001008892752084,0.18384776310850237,0.23256755992208045,0.18847765897211813,0.18847765897078114
2.489999999999837,-0.22366395317845594,1.815925633427568e-11,0.23428773634374342,6.452044478746212e-10,0.5181775053820616,-0.040513548737104894,0.5181775053837766,42.563920094996085,4,True,balance,-0.0013825226565950222,-1.3338147344160454,0.11572816884405977,-0.0013825222179726338,-1.3338147344264386,0.11572816868029599,0.18384776310850237,0.23256755992208045,0.18822361418328495,0.18822361418198671
2.4999999999998357,-0.22401432009474076,1.838173517178189e-11,0.23422608173115717,6.260880275183645e-10,0.513628809569221,-0.030608043350972513,0.5136288095694356,42.58199425054373,4,True,balance,-0.0012918195877122919,-1.3342613611586698,0.11155198541566845,-0.0012918191469692942,-1.3342613611640695,0.1115519852536646,0.18384776310850237,0.23256755992208045,0.1879764851695318,0.1879764851682844
2.5099999999998346,-0.2242675435377289,1.8584138360501793e-11,0.2341632105505616,6.081967872120197e-10,0.5082575050071845,-0.021049278462100345,0.5082575050074664,42.59815900739397,4,True,balance,-0.001204873955853541,-1.3346414048380817,0.10748184445393437,-0.00120487351343623,-1.334641404838416,0.10748184429374895,0.18384776310850237,0.23256755992208045,0.18773664913859583,0.18773664913740964
2.5199999999998335,-0.22442706007604005,1.8766873389854925e-11,0.23409962412213803,5.915750821116047e-10,0.5021291134909488,-0.011831588033149494,0.5021291134974383,42.6125172054662,4,True,balance,-0.0011215590158800243,-1.3349556620744483,0.10351773136768437,-0.0011215585721952549,-1.334955662069969,0.10351773120937229,0.18384776310850237,0.23256755992208045,0.18750439643108446,0.18750439642996822
2.5299999999998324,-0.22449624754961464,1.8930462421389855e-11,0.23403576729887965,5.762464682872493e-10,0.4953058266468449,-0.002948938481708985,0.495305826652468,42.62517672974808,4,True,balance,-0.0010417520358838412,-1.3352057035410003,0.09965933280865023,-0.001041751591337844,-1.3352057035318827,0.09965933265224534,0.18384776310850237,0.23256755992208045,0.18727993936714896,0.18727993936611034
2.5399999999998313,-0.22447842169851112,1.9075514663958273e-11,0.23397203196938923,5.622185246544643e-10,0.4878467111407443,0.005605016607725121,0.4878467111475227,42.63624836468956,4,True,balance,-0.0009653343806456904,-1.3353937196874224,0.09590605980521576,-0.0009653339356410184,-1.335393719674029,0.09590605965078823,0.18384776310850237,0.23256755992208045,0.18706342058673278,0.1870634205857781
2.54999999999983,-0.22437683331677946,1.9202732803677212e-11,0.23390876063946267,5.494797887960907e-10,0.4798078828861602,0.013836885765911428,0.47980788289458454,42.64584395263819,4,True,balance,-0.0008921914819034518,-1.3355223847927227,0.092257071907126,-0.0008921910368191421,-1.3355223847753852,0.09225707175470853,0.18384776310850237,0.23256755992208045,0.18685492087095157,0.18685492087008593
2.559999999999829,-0.22419466589200435,1.9312880212748295e-11,0.23384625003298895,5.380061732779154e-10,0.4712426563328098,0.021753492815623623,0.47124265634521945,42.6540748346208,4,True,balance,-0.0008222127266745671,-1.3355947381669797,0.08871130177495516,-0.0008222122818764243,-1.335594738146013,0.08871130162459083,0.18384776310850237,0.23256755992208045,0.18665446643944947,0.18665446643867714
2.569999999999828,-0.2239350336921966,1.9406770634020078e-11,0.23378475466243584,5.2776229390823e-10,0.4622016739036412,0.029361833826797273,0.4622016739103301,42.6610505507861,4,True,balance,-0.0007552912897294367,-1.3356140812471884,0.0852674797283992,-0.0007552908455573903,-1.3356140812231168,0.08526747958010687,0.18384776310850237,0.23256755992208045,0.18646203572503123,0.18646203572435532
2.579999999999827,-0.22360098026296252,1.9485242794289635e-11,0.23372449032801704,5.187063753808398e-10,0.4527330197703647,0.036669037718194006,0.4527330197830924,42.66687777723411,4,True,balance,-0.000691323931369236,-1.3355838892969456,0.081924157846524,-0.0006913234881606689,-1.335583889270187,0.08192415770033883,0.18384776310850237,0.23256755992208045,0.18627756563242348,0.18627756563184666
2.5899999999998258,-0.22319547729927752,1.9549161261856108e-11,0.23366563751256642,5.107889752100481e-10,0.44288232140130956,0.04368233035974632,0.4428823214063535,42.67165947596558,4,True,balance,-0.000630210777503481,-1.3355077364115056,0.07867973328941495,-0.000630210335587491,-1.335507736382442,0.07867973314536857,0.18384776310850237,0.23256755992208045,0.18610095729277815,0.1861009572923022
2.5999999999998247,-0.22272142385771532,1.9599417251527854e-11,0.23360834464620034,5.039519220982473e-10,0.4326928416683586,0.0504090020178577,0.4326928416659449,42.675494235043615,4,True,balance,-0.0005718550951568543,-1.3353892325463188,0.07553247058119804,-0.0005718546548144598,-1.3353892325155767,0.07553247043929188,0.18384776310850237,0.23256755992208045,0.18593208132942915,0.18593208132905525
2.6099999999998236,-0.2221816458766163,1.9636881693769487e-11,0.23355273122107523,4.981389977056874e-10,0.42220556375015417,0.056856377976508395,0.42220556373756524,42.678475776886984,4,True,balance,-0.0005161630732992869,-1.3352319713284888,0.07248052265869691,-0.0005161626348245096,-1.3352319712964027,0.07248052251894753,0.18384776310850237,0.23256755992208045,0.185770782653629,0.18577078265335767
2.6199999999998225,-0.22157889597338995,1.9662428792950136e-11,0.23349889074198257,4.932894179874834e-10,0.4114592706051988,0.06303179215997269,0.41145927060148363,42.680692613528954,4,True,balance,-0.000463043616289221,-1.3350394874567504,0.06952195054754305,-0.0004630431799537116,-1.3350394874238387,0.06952195040995453,0.18384776310850237,0.23256755992208045,0.1856168848114449,0.18561688481127642
2.6299999999998214,-0.2209158534899153,1.967691891534073e-11,0.23344689350322467,4.893414515873051e-10,0.40049062040054967,0.06894256357843827,0.4004906203859553,42.68222782904791,4,True,balance,-0.0004124081546369002,-1.3348152225669083,0.06665474157692335,-0.0004124077207068,-1.3348152225336551,0.06665474144152088,0.18384776310850237,0.23256755992208045,0.18547019390486535,0.18547019390479924
2.6399999999998203,-0.22019512475880523,1.9681197429532316e-11,0.23339678918623236,4.862323251942509e-10,0.3893342189597468,0.07459597541557543,0.3893342189589138,42.683158970516104,4,True,balance,-0.00036417047609372757,-1.3345624985042166,0.06387682608754701,-0.00036417004480934436,-1.3345624984710351,0.06387682595432635,0.18384776310850237,0.23256755992208045,0.18533050211142021,0.18533050211145602
2.649999999999819,-0.21941924356511042,1.9676086537321814e-11,0.23334860927577766,4.838998143953675e-10,0.3780226900287194,0.07999925657705859,0.3780226900311291,42.683558030602285,4,True,balance,-0.00031824657852296353,-1.3342844970288663,0.06118609262210521,-0.0003182461501242373,-1.3342844969962357,0.06118609249106603,0.18384776310850237,0.23256755992208045,0.18519759082743906,0.18519759082757575
2.659999999999818,-0.21859067177984218,1.9662385279686277e-11,0.23330236929546094,4.822818691680094e-10,0.36658674394251345,0.08515956552088255,0.36658674395023866,42.68349150603967,4,True,balance,-0.00027455454472100435,-1.3339842450536503,0.05858040161806992,-0.0002745541194209522,-1.3339842450219108,0.05858040148919265,0.18384776310850237,0.23256755992208045,0.18507123346035628,0.18507123346059232
2.669999999999817,-0.21771180014346475,1.9640856193882414e-11,0.23325807086546355,4.813198069576695e-10,0.35505524510177705,0.09008397619387765,0.35505524511749853,42.683020518107085,4,True,balance,-0.00023301443854111342,-1.3336646045992204,0.056057597644513554,-0.00023301401655926812,-1.3336646045688378,0.05605759751781424,0.18384776310850237,0.23256755992208045,0.18495119789548808,0.18495119789582215
2.679999999999816,-0.2167849491792383,1.961223946786692e-11,0.23321570358741642,4.809546457029219e-10,0.3434552785295306,0.09477946590380334,0.34345527853138635,42.68220098250727,4,True,balance,-0.0001935482210163876,-1.3333282667294326,0.05361552024401421,-0.000193547802545751,-1.3333282667006923,0.05361552011947032,0.18384776310850237,0.23256755992208045,0.1848372486623251,0.18483724866275522
2.6899999999998148,-0.21581237021796734,1.9577248916223468e-11,0.23317524676268928,4.811279924673367e-10,0.33181221567022395,0.0992529049625194,0.331812215671545,42.68108381752114,4,True,balance,-0.00015607968460021687,-1.3329777488046237,0.0512520134530227,-0.0001560792698103547,-1.3329777487779082,0.051252013330621946,0.18384776310850237,0.23256755992208045,0.18472914882478292,0.18472914882530744
2.6999999999998137,-0.21479624651731555,1.9536550796391574e-11,0.23313667095150697,4.817873525087285e-10,0.3201497795096203,0.10351104794284766,0.3201497795079823,42.679715180788435,4,True,balance,-0.00012053440356701876,-1.332615394470007,0.048964934083741876,-0.00012053399263968146,-1.3326153944456027,0.048964933963482574,0.18384776310850237,0.23256755992208045,0.1846266616190506,0.18462666161966715
2.7099999999998126,-0.213738694460379,1.949077799962478e-11,0.2330999393810977,4.828824165708081e-10,0.30849010903115254,0.10756052639949196,0.30849010902760193,42.67813672619982,4,True,balance,-8.683969827287198e-05,-1.3322433758599825,0.04675215885656324,-8.683929137838165e-05,-1.3322433758382877,0.04675215873843613,0.18384776310850237,0.23256755992208045,0.18452955186166758,0.18452955186237413
2.7199999999998115,-0.2126417648196628,1.9440539470971493e-11,0.23306500921161122,4.843628670245692e-10,0.2968538229785472,0.11140784291266363,0.29685382296325397,42.67638587381222,4,True,balance,-5.4924611114590963e-05,-1.3318636975684095,0.04461159047464926,-5.492420840360835e-05,-1.3318636975495879,0.044611590358633095,0.18384776310850237,0.23256755992208045,0.18443758714939076,0.18443758715018502
2.7299999999998104,-0.21150744407397043,1.938641531393941e-11,0.23303183266886068,4.861798111259653e-10,0.2852600828624304,0.11505936632165646,0.28526008284917387,42.674496086550334,4,True,balance,-2.4719891890300778e-05,-1.3314782019933589,0.04254116273317969,-2.4719493489738238e-05,-1.331478201977763,0.0425411626192441,0.18384776310850237,0.23256755992208045,0.18435053887120006,0.18435053887207944
2.7399999999998093,-0.21033765576699645,1.9328939408213614e-11,0.23300035805306699,4.882901335031817e-10,0.2737266551276226,0.11852132802433564,0.2737266551273631,42.67249714874001,4,True,balance,3.842009422466564e-06,-1.3310885757202147,0.04053884475427376,3.842403377533049e-06,-1.331088575708073,0.04053884464241591,0.18384776310850237,0.23256755992208045,0.18426818305157144,0.18426818305253362
2.749999999999808,-0.20913426189760376,1.9268618396662106e-11,0.23297053063276063,4.906518160987961e-10,0.26226997238561517,0.12179981922725328,0.26226997239902483,42.67041544216431,4,True,balance,3.082694438966124e-05,-1.3306963566558485,0.03860264443620827,3.0827333780878426e-05,-1.3306963566472503,0.03860264432640191,0.18384776310850237,0.23256755992208045,0.18419030104286085,0.1841903010439034
2.759999999999807,-0.20789906433287408,1.920592199060481e-11,0.23294229343284498,4.932266388557477e-10,0.25090519361135005,0.12490078903974967,0.2509051936266203,42.66827421634301,4,True,balance,5.629906415691499e-05,-1.330302941673118,0.036730611201055016,5.629944887697635e-05,-1.3303029416683934,0.03673061109328271,0.18384776310850237,0.23256755992208045,0.18411668008337886,0.1841166800844993
2.769999999999806,-0.20663380623603753,1.914128512710414e-11,0.23291558792557784,4.959796719694871e-10,0.2396462632033289,0.12783004331381054,0.23964626321349708,42.666093850355786,4,True,balance,8.032081525880307e-05,-1.3299095945633796,0.03492083812094164,8.032119518966762e-05,-1.3299095945625137,0.03492083801519688,0.18384776310850237,0.23256755992208045,0.18404711373647334,0.18404711373766885
2.779999999999805,-0.2053401735023264,1.9075131830577317e-11,0.23289035463290292,4.988735860770505e-10,0.22850596880989738,0.13059324413962928,0.228505968823035,42.66389210414096,4,True,balance,0.00010295293450280129,-1.3295174541295929,0.033171463497483664,0.00010295330957121511,-1.3295174541328991,0.033171463393723885,0.18384776310850237,0.23256755992208045,0.1839814022247072,0.18398140222597548
2.7899999999998037,-0.2040197961966548,1.900783430427254e-11,0.23286653364818038,5.018791929206964e-10,0.21749599783122728,0.1331959099146167,0.2174959978371254,42.66168435780501,4,True,balance,0.00012425444416160912,-1.3291275422856386,0.031480671963409854,0.00012425481427321889,-1.3291275422931719,0.03148067186163324,0.18384776310850237,0.23256755992208045,0.18391935267202733,0.18391935267336557
2.7999999999998026,-0.2026742499878068,1.8939752525174486e-11,0.23284406508494498,5.049654556334123e-10,0.2066269925151415,0.1356434159110599,0.20662699252301636,42.659483837887485,4,True,balance,0.00014428264824617614,-1.3287407720520814,0.029846695170294466,0.00014428301333376997,-1.3287407720639193,0.029846695070468096,0.18384776310850237,0.23256755992208045,0.18386077926567068,0.1838607792670765
2.8099999999998015,-0.20130505757452496,1.8871211022892663e-11,0.23282288945987087,5.081058307661072e-10,0.1959086035748069,0.13794099527462875,0.19590860356648376,42.65730182989819,4,True,balance,0.0001630931307172663,-1.3283579553626637,0.028267812119872476,0.00016309349071144314,-1.3283579553789153,0.02826781202198221,0.18384776310850237,0.23256755992208045,0.18380550334848672,0.18380550334995743
2.8199999999998004,-0.19991369009953294,1.880250710115068e-11,0.23280294801665893,5.112761428238873e-10,0.18534954226690387,0.14009374039254047,0.18534954223453048,42.65514787685122,4,True,balance,0.00018073975611920625,-1.3279798106162262,0.026742349191809095,0.0001807401109631296,-1.327979810637084,0.026742349095829024,0.18384776310850237,0.23256755992208045,0.18375335345130606,0.18375335345283939
2.8299999999997993,-0.19850156854810336,1.873392174453809e-11,0.232784182997094,5.144521857638274e-10,0.1749576308797066,0.14210660457634,0.17495763087181512,42.6530299636897,4,True,balance,0.00019727467309232382,-1.3276069699252517,0.025268679914588144,0.0001972750227327949,-1.32760696995051,0.02526867982049398,0.18384776310850237,0.23256755992208045,0.18370416527404637,0.18370416527563962
2.8399999999997982,-0.1970700651282998,1.866571456675658e-11,0.23276653786505414,5.17611235292228e-10,0.1647398515912799,0.1439844040099701,0.16473985159594368,42.65095468779613,4,True,balance,0.00021274832103721275,-1.327239986025719,0.023845224521912844,0.00021274866544353913,-1.3272399860556385,0.02384522442966959,0.18384776310850237,0.23256755992208045,0.1836577816233375,0.18365778162498833
2.849999999999797,-0.19562050463048747,1.8598101575333547e-11,0.23274995748879773,5.207377508110119e-10,0.15470239366840086,0.14573181991908116,0.15470239370297165,42.648927415865444,4,True,balance,0.00022720944010888055,-1.3268793388266247,0.022470449331759054,0.00022720977923011338,-1.3268793388611286,0.022470449241366666,0.18384776310850237,0.23256755992208045,0.18361405231361075,0.18361405231531658
2.859999999999796,-0.1941541657641187,1.85312991078577e-11,0.23273438828641077,5.238124425033585e-10,0.14485069898672798,0.14735340092239627,0.14485069898640013,42.64695242765251,4,True,balance,0.00024070508449355342,-1.3265254415845795,0.021142865981135905,0.0002407054183082151,-1.326525441623674,0.021142865892550974,0.18384776310850237,0.23256755992208045,0.18357283403784921,0.18357283403960767
2.869999999999795,-0.19267228247016782,1.8465491564468334e-11,0.2327197783388726,5.268208185331968e-10,0.1351895058620228,0.14885356553039414,0.13518950586948783,42.64503304712767,4,True,balance,0.0002532806391694254,-1.3261786467001278,0.019861030545143064,0.0002532809676454235,-1.3261786467438246,0.01986103045835662,0.18384776310850237,0.23256755992208045,0.18353399021346511,0.18353399021527375
2.879999999999794,-0.19117604520791395,1.84008512229143e-11,0.23270607747479488,5.29748146064708e-10,0.12572289119077093,0.1502366047606329,0.1257228912047897,42.6431717616809,4,True,balance,0.0002649798397374741,-1.3258392511356256,0.018623542565778424,0.00026498016286028385,-1.325839251183958,0.018623542480767794,0.18384776310850237,0.23256755992208045,0.18349739080815503,0.18349739081001176
2.8899999999997927,-0.18966660221505635,1.8337536223848442e-11,0.23269323733050407,5.325803597057704e-10,0.11645431090636339,0.15150668484273452,0.11645431093873493,42.64137033005777,4,True,balance,0.0002758447955184148,-1.3255075014625013,0.0174290440119345,0.00027584511327881524,-1.3255075015154312,0.017429043928672547,0.18384776310850237,0.23256755992208045,0.1834629121499608,0.18346291215186322
2.8999999999997916,-0.188145060740399,1.8275677093144336e-11,0.23268121138878214,5.353075467888989e-10,0.1073866387639572,0.152667849989385,0.10738663879463214,42.6396298797102,4,True,balance,0.0002859160154531132,-1.3251835985462963,0.016276218189512644,0.0002859163278416328,-1.325183598603758,0.01627621810798409,0.18384776310850237,0.23256755992208045,0.18343043672526413,0.18343043672721002
2.9099999999997905,-0.1866124882485593,1.821540217364878e-11,0.23266995499924314,5.37917650010367e-10,0.09852220347339985,0.15372402521273795,0.09852220352868234,42.637950994328925,4,True,balance,0.0002952324367071454,-1.3248677018842807,0.015163788617491106,0.00029523274372979924,-1.324867701946281,0.01516378853765936,0.18384776310850237,0.23256755992208045,0.18339985296793693,0.1833998529699241
2.9199999999997894,-0.18506991359634797,1.81568145807716e-11,0.23265942538301368,5.404025401509968e-10,0.08986282420504307,0.1546790191683122,0.08986282424846168,42.63633379223148,4,True,balance,0.0003038314557275181,-1.3245599336102427,0.014090517883431452,0.0003038317573879721,-1.3245599336767095,0.014090517805272944,0.18384776310850237,0.23256755992208045,0.18337105504245257,0.183371055044479
2.9299999999997883,-0.1835183281806319,1.810000454128879e-11,0.2326495816240986,5.427549902642776e-10,0.08140984449802899,0.15553652701091997,0.0814098445455775,42.634777996323464,4,True,balance,0.0003117489614427791,-1.3242603821829362,0.013055206489953586,0.0003117492577469968,-1.3242603822538062,0.013055206413450803,0.18384776310850237,0.23256755992208045,0.1833439426233585,0.18334394262542208
2.9399999999997872,-0.18195868705763457,1.804505288535749e-11,0.2326403846495488,5.449679531539164e-10,0.07316416460465379,0.1563001332493376,0.07316416463085272,42.63328299636231,4,True,balance,0.0003190193703905213,-1.3239691057763752,0.012056691701522593,0.0003190196613478971,-1.323969105851553,0.012056691626662218,0.18384776310850237,0.23256755992208045,0.18331842067317697,0.18331842067527554
2.949999999999786,-0.18039191003375038,1.7992034133254785e-11,0.2326317972003076,5.470340096237933e-10,0.06512627230783667,0.15697331458836752,0.06512627232494787,42.63184790409276,4,True,balance,0.00032567566345295744,-1.3236861353892158,0.011093846399418647,0.00032567594909102446,-1.3236861354687246,0.011093846326164046,0.18384776310850237,0.23256755992208045,0.18329439922047897,0.18329439922261048
2.959999999999785,-0.17881888272805352,1.7940998295147173e-11,0.2326237837943914,5.489500175470979e-10,0.05729627225151576,0.15755944274867154,0.05729627228029465,42.63047160196422,4,True,balance,0.00033174942401336516,-1.323411477692151,0.010165577951116922,0.0003317497043479523,-1.3234114777758377,0.010165577879447317,0.18384776310850237,0.23256755992208045,0.18327179313960826,0.18327179314177092
2.969999999999784,-0.17724045760676885,1.7891992425620894e-11,0.23261631068385977,5.50711823743789e-10,0.04967391382605948,0.15806178725627917,0.04967391383802006,42.629152785994506,4,True,balance,0.0003372708771503168,-1.3231451176303346,0.009270827099456933,0.000337271152203642,-1.3231451177181142,0.009270827029360261,0.18384776310850237,0.23256755992208045,0.18325052193328736,0.18325052193547922
2.979999999999783,-0.17565745499004706,1.7845060434494882e-11,0.23260934580685125,5.523144573313462e-10,0.0422586176525395,0.1584835181950232,0.04225861764221108,42.627890003321134,4,True,balance,0.00034226892976539793,-1.32288702079903,0.008408566875214784,0.000342269199572774,-1.3228870208908545,0.008408566806653016,0.18384776310850237,0.23256755992208045,0.18323050951911768,0.18323050952133682
2.9899999999997817,-0.17407066403144555,1.780022580666761e-11,0.23260285873579573,5.537566236624663e-10,0.03504950071102156,0.15882770891634224,0.03504950069930234,42.62668168499002,4,True,balance,0.0003467712113050064,-1.3226371356086737,0.0075778015365547385,0.0003467714758929647,-1.322637135704368,0.007577801469521849,0.18384776310850237,0.23256755992208045,0.18321168402080562,0.1832116840230505
2.9999999999997806,-0.17248084367056696,1.7757517393425165e-11,0.23259682062276868,5.550342410351795e-10,0.02804540015894817,0.15909733870193188,0.028045400129016167,42.62552617444505,4,True,balance,0.00035080411490173653,-1.3223953952560792,0.006777565537379052,0.00035080437431828424,-1.3223953953556478,0.006777565471832657,0.18384776310850237,0.23256755992208045,0.1831939775647776,0.18319397756704622
3.0099999999997795,-0.17088872355934834,1.7716939988904218e-11,0.2325912041428215,5.561481650065579e-10,0.021244895886238287,0.15929529537563128,0.021244895789354307,42.62442175216811,4,True,balance,0.00035439283874813136,-1.3221617195165238,0.0060069225263077,0.0003543930930142157,-1.3221617196198805,0.006006922462248697,0.18384776310850237,0.23256755992208045,0.18317732608269793,0.1831773260849886
3.0199999999997784,-0.1692950049625237,1.7678507892183843e-11,0.23258598343600365,5.570954462244383e-10,0.014646331853962743,0.15942437786173336,0.014646331713453552,42.623366656908495,4,True,balance,0.00035756142743012775,-1.3219360163718459,0.005264964377361953,0.0003575616766013817,-1.321936016478826,0.005264964314750308,0.18384776310850237,0.23256755992208045,0.1831616691202907,0.18316166912260182
3.0299999999997773,-0.16770036163280866,1.7642222304363287e-11,0.23258113404869007,5.578755789409855e-10,0.008247836263421494,0.15948729868758102,0.008247836028295662,42.622359103806005,4,True,balance,0.0003603328132108831,-1.3217181834870977,0.004550810252878362,0.00036033305732970767,-1.3217181835976515,0.00455081019168928,0.18384776310850237,0.23256755992208045,0.18314694965274836,0.1831469496550784
3.039999999999776,-0.16610544066137267,1.7608068661511626e-11,0.23257663287473157,5.584909926980918e-10,0.002047340602167402,0.15948668642891933,0.0020473399468707077,42.621397299865464,4,True,balance,0.0003627288569290381,-1.3215081095500345,0.003863605698916125,0.0003627290960316989,-1.3215081096639585,0.003863605639140942,0.18384776310850237,0.23256755992208045,0.18313311390692244,0.18313311390926973
3.049999999999775,-0.16451086330417763,1.757604534676492e-11,0.23257245809686689,5.589398652880312e-10,-0.003957402386963685,0.15942508809697328,0.003957402024135283,42.62047945697529,4,True,balance,0.0003647703884902093,-1.321305675483516,0.0032025217730361024,0.0003647706226326089,-1.3213056756008377,0.0032025217146410697,0.18384776310850237,0.23256755992208045,0.18312011119041194,0.1831201111927749
3.059999999999774,-0.16291722578476941,1.754613165718585e-11,0.23256858912876163,5.592244585284417e-10,-0.009768801768417271,0.15930497146666453,0.009768801700914313,42.61960380283925,4,True,balance,0.0003664772468197166,-1.3211107555433033,0.00256675420404184,0.0003664774760467093,-1.3211107556638682,0.0025667541470162244,0.18384776310850237,0.23256755992208045,0.18310789372759748,0.18310789372997488
3.069999999999773,-0.16132510007411158,1.7518309879966682e-11,0.23256500655797566,5.593454797172577e-10,-0.015389412463490676,0.15912872734574804,0.015389412449097915,42.61876859003655,4,True,balance,0.00036786831911815614,-1.3209232183102875,0.001955522583159574,0.0003678685434838623,-1.3209232184339283,0.0019555225274778694,0.18384776310850237,0.23256755992208045,0.18309641650261463,0.18309641650500486
3.079999999999772,-0.15973503464805291,1.749255954229445e-11,0.23256169209010552,5.593037051640945e-10,-0.0208219202432506,0.1588986717849676,0.020821920229232318,42.61797210345282,4,True,balance,0.0003689615793776032,-1.320742927587176,0.0013680695859176327,0.0003689617989396271,-1.320742927713904,0.00136806953155426,0.18384776310850237,0.23256755992208045,0.1830856371092076,0.18308563711160925
3.0899999999997707,-0.15814755522301596,1.7468846974182244e-11,0.23255862849429967,5.591026658613217e-10,-0.026069127622187466,0.1586170482295899,0.026069127577594553,42.617212666284495,4,True,balance,0.00036977412607591513,-1.3205697432081076,0.0008036602238429885,0.0003697743408746823,-1.320569743337704,0.0008036601707898537,0.18384776310850237,0.23256755992208045,0.18307551560737195,0.18307551560978375
3.0999999999997696,-0.1565631654704898,1.7447150853442406e-11,0.2325557995503028,5.58742138788812e-10,-0.031133940611094604,0.15828602961290025,0.03113394060755302,42.616488644817224,4,True,balance,0.00037032221893358537,-1.3204035217687782,0.00026158112506822063,0.0003703224290462803,-1.320403521901204,0.00026158107327993604,0.18384776310850237,0.23256755992208045,0.1830660143866585,0.18306601438907902
3.1099999999997685,-0.15498234771090372,1.7427432158450365e-11,0.23255318999714802,5.582260597772735e-10,-0.036019356288860084,0.15790772039241813,0.03601935630111761,42.61579845210772,4,True,balance,0.0003706213147693904,-1.3202441172845334,-0.0002588601571548463,0.0003706215202411328,-1.3202441174196617,-0.000258860207677193,0.18384776310850237,0.23256755992208045,0.18305709803598627,0.18305709803841444
3.1199999999997674,-0.15340556358744994,1.7409655150895188e-11,0.2325507854835856,5.575569495405794e-10,-0.04072845115407031,0.15748415852974748,0.04072845115609183,42.61514055077061,4,True,balance,0.0003706861023042574,-1.3200913817832514,-0.0007583358090543504,0.0003706863031945581,-1.3200913819209847,-0.0007583358583400769,0.18384776310850237,0.23256755992208045,0.18304873321979045,0.18304873322222506
3.1299999999997663,-0.15183325472041248,1.7393786451566707e-11,0.23254857252030928,5.567364100582123e-10,-0.045264370218608074,0.15701731741508776,0.0452643702161309,42.614513454934546,4,True,balance,0.0003705305359816094,-1.3199451658386174,-0.0012374983952317695,0.00037053073235696396,-1.31994516597874,-0.0012374984433049087,0.18384776310850237,0.23256755992208045,0.1830408885603171,0.18304088856275672
3.139999999999765,-0.15026584334255025,1.73797809287144e-11,0.2325465384340179,5.55768767442494e-10,-0.04963031680669951,0.15650910773752577,0.04963031678327128,42.61391573155444,4,True,balance,0.0003701678687054215,-1.3198053190491483,-0.0016969814727454404,0.0003701680606211474,-1.3198053191917376,-0.0016969815196220108,0.18384776310850237,0.23256755992208045,0.1830335345258651,0.1830335345283088
3.149999999999764,-0.1487037329160704,1.73675994103225e-11,0.23254467132333198,5.546563842275979e-10,-0.05382954302417091,0.15596137930230455,0.053829542992404146,42.6133460011207,4,True,balance,0.0003696106835130453,-1.3196716904692138,-0.00213740018153147,0.0003696108710331025,-1.3196716906139812,-0.0021374002272342555,0.18384776310850237,0.23256755992208045,0.18302664332476448,0.18302664332721116
3.159999999999763,-0.1471473087317139,1.735719750702802e-11,0.2325429600165671,5.534028568300915e-10,-0.05786534086397434,0.1553759227963128,0.05786534085206658,42.612802937890464,4,True,balance,0.00036887092417541603,-1.3195441289942895,-0.0025593518123134336,0.0003688711073596312,-1.3195441291412504,-0.002559351856857363,0.18384776310850237,0.23256755992208045,0.1830201888048775,0.18302018880732607
3.169999999999762,-0.14559693849046587,1.7348529044455088e-11,0.232541394031353,5.520119632571122e-10,-0.06174103391534333,0.1547544715030783,0.061741033923398345,42.612285269705,4,True,balance,0.0003679599246975553,-1.3194224837070323,-0.00296341635275527,0.0003679601036073279,-1.3194224838560924,-0.0029634163961613906,0.18384776310850237,0.23256755992208045,0.1830141463584045,0.18301414636085375
3.179999999999761,-0.14405297286838686,1.7341549319704028e-11,0.2325399635360757,5.504869171876302e-10,-0.06545996964522649,0.1540987029685724,0.06545996966530145,42.61179177747711,4,True,balance,0.00036688843776025356,-1.3193066041864765,-0.003350157013221023,0.0003668886124591519,-1.3193066043374353,-0.003350157055510296,0.18384776310850237,0.23256755992208045,0.18300849283177473,0.18300849283422382
3.1899999999997597,-0.14251574606505113,1.733621614873364e-11,0.2325386593131112,5.488302292724186e-10,-0.06902551222191497,0.15341024061914244,0.0690255122562012,42.61132129438869,4,True,balance,0.0003656666620597022,-1.3191963407834744,-0.003720120732734119,0.00036566683261536945,-1.319196340936299,-0.0037201207739325907,0.18384776310850237,0.23256755992208045,0.18300320644040666,0.18300320644285462
3.1999999999997586,-0.1409855763360624,1.733248240691304e-11,0.23253747272381084,5.470455660707664e-10,-0.07244103585203031,0.15269065533289247,0.07244103590455886,42.61087270486353,4,True,balance,0.0003643042686208205,-1.3190915448670062,-0.004073838666347985,0.0003643044350983107,-1.3190915450215748,-0.004073838706473777,0.18384776310850237,0.23256755992208045,0.1829982666881196,0.18299826669056557
3.2099999999997575,-0.1394627665101055,1.7330295212871553e-11,0.23253639567519357,5.451379795490538e-10,-0.07570991860326211,0.15194146696582905,0.07570991864302745,42.61044494336937,4,True,balance,0.0003628104260270944,-1.3189920690424626,-0.00441182665470014,0.0003628105884840407,-1.3189920691986972,-0.004411826693762734,0.18384776310850237,0.23256755992208045,0.18299365429098605,0.18299365429342918
3.2199999999997564,-0.13794760449097968,1.732961091096378e-11,0.23253542058829507,5.43110084950455e-10,-0.07883553668644598,0.15116414583407267,0.07883553676033013,42.610036993058024,4,True,balance,0.00036119382464221557,-1.3188977673453994,-0.004734585676513732,0.00036119398314586934,-1.3188977675032134,-0.0047345857145388425,0.18384776310850237,0.23256755992208045,0.1829893511054141,0.18298935110785342
3.2299999999997553,-0.13644036374504515,1.7330378282260878e-11,0.23253454036812027,5.409663848243694e-10,-0.08182125917173522,0.15036011415341943,0.08182125923903248,42.6096478842986,4,True,balance,0.0003594626998262949,-1.3188084954127903,-0.005042602285077065,0.00035946285443545415,-1.3188084955720456,-0.005042602322080881,0.18384776310850237,0.23256755992208045,0.1829853400602625,0.18298534006269734
3.239999999999754,-0.13494130377450275,1.733255555360915e-11,0.23253374837514365,5.387089944705644e-10,-0.08467044311474761,0.14953074743751832,0.08467044316616304,42.60927669316531,4,True,balance,0.00035762485415042684,-1.3187241106337673,-0.005336349029267067,0.00035762500493928176,-1.318724110794379,-0.005336349065276481,0.18384776310850237,0.23256755992208045,0.1829816050927834,0.18298160509521277
3.249999999999753,-0.1334506705769136,1.7336093985643223e-11,0.23253303839830003,5.363419230636766e-10,-0.08738642906968003,0.1486773758558991,0.08738642911210444,42.60892253981308,4,True,balance,0.00035568767869361974,-1.3186444722818325,-0.005616284859973014,0.000355687825725679,-1.318644472443771,-0.005616284895008773,0.18384776310850237,0.23256755992208045,0.1829781310882078,0.182978131090631
3.259999999999752,-0.13196869709135356,1.734094274066507e-11,0.23253240462940672,5.338696515221068e-10,-0.08997253696744228,0.14780128555306207,0.08997253701487862,42.60858458686395,4,True,balance,0.00035365817335679205,-1.318569441630406,-0.005882855522498372,0.00035365831669372986,-1.3185694417935043,-0.005882855556570711,0.18384776310850237,0.23256755992208045,0.18297490382278836,0.1829749038252047
3.269999999999751,-0.1304956036315858,1.7347051295243105e-11,0.23253184163895904,5.312966474385588e-10,-0.09243206233788469,0.14690371992980708,0.09243206238153859,42.60826203775694,4,True,balance,0.0003515429662932161,-1.318498882052581,-0.006136493935732906,0.0003515431059954546,-1.3184988822167902,-0.0061364939688551955,0.18384776310850237,0.23256755992208045,0.18297190991011839,0.1829719099125272
3.27999999999975,-0.12903159830662192,1.7354375703367132e-11,0.23253134435324,5.28625736608138e-10,-0.0947682728561985,0.14598588088795106,0.09476827290975301,42.60795413510561,4,True,balance,0.00034934833248291406,-1.318432659107589,-0.00637762055857711,0.00034934846861745303,-1.3184326592728033,-0.00637762059077608,0.18384776310850237,0.23256755992208045,0.18296913675055876,0.18296913675295937
3.2899999999997487,-0.12757687742903234,1.7362871388959018e-11,0.23253090803268642,5.258600874833068e-10,-0.09698440519451934,0.14504893003954958,0.096984405245383,42.60766015904277,4,True,balance,0.00034708021142980584,-1.3183706406140927,-0.0066066437443548145,0.0003470803440605399,-1.3183706407802422,-0.00660664377564475,0.18384776310850237,0.23256755992208045,0.18296657248360906,0.18296657248600082
3.2999999999997476,-0.12613162591135446,1.7372487078474646e-11,0.2325305282514543,5.230046383430876e-10,-0.09908366216068343,0.1440939898817024,0.0990836621572365,42.607379425622675,4,True,balance,0.0003447442240663041,-1.3183126967122714,-0.006823960083564709,0.00034474435325687944,-1.3183126968792676,-0.006823960113960371,0.18384776310850237,0.23256755992208045,0.18296420594306317,0.18296420594544552
3.3099999999997465,-0.12469601765093717,1.7383180641442614e-11,0.23253020087812618,5.200620724756059e-10,-0.10106921010697764,0.1431221449379943,0.10106921010556856,42.60711128520373,4,True,balance,0.00034234568884692766,-1.3182586999154664,-0.007029954735665448,0.00034234581466014905,-1.3182587000831862,-0.007029954765190373,0.18384776310850237,0.23256755992208045,0.1829620266147997,0.18296202661717198
3.3199999999997454,-0.1232702159035498,1.7394905192575788e-11,0.23252992205750758,5.170364417972725e-10,-0.10294417659257869,0.14213444286758428,0.10294417660026375,42.60685512093066,4,True,balance,0.00033988963710013454,-1.3182085251520572,-0.00722500175034276,0.00033988975959694715,-1.3182085253204598,-0.007225001779012042,0.18384776310850237,0.23256755992208045,0.18296002459706845,0.18296002459943006
3.3299999999997443,-0.12185437364607336,1.7407616210421272e-11,0.23252968819345832,5.139313035711227e-10,-0.10471164828416563,0.14113189554292835,0.10471164828983626,42.606610347172804,4,True,balance,0.0003373808276413281,-1.3181620497991353,-0.007409464378575462,0.0003373809468853425,-1.318162049968205,-0.007409464406418554,0.18384776310850237,0.23256755992208045,0.18295819056312737,0.1829581905654779
3.339999999999743,-0.12044863392858275,1.7421263027966306e-11,0.23252949593270647,5.107519018239592e-10,-0.10637466908001234,0.1401154800970825,0.10637466908117722,42.60637640809722,4,True,balance,0.00033482376069305975,-1.3181191537081258,-0.007583695374230653,0.00033482387673570616,-1.3181191538776431,-0.007583695401237335,0.18384776310850237,0.23256755992208045,0.18295651572610572,0.18295651572844449
3.349999999999742,-0.11905313021611882,1.7435811531459594e-11,0.23252934214959692,5.07499400196097e-10,-0.107936238443596,0.13908613994150676,0.10793623844355534,42.606152776211154,4,True,balance,0.0003322226911258544,-1.3180797192230305,-0.0077480372861546565,0.0003322228040378258,-1.3180797193930238,-0.007748037312357637,0.18384776310850237,0.23256755992208045,0.1829549918059674,0.18295499180829405
3.359999999999741,-0.1176679867204406,1.7451216837723585e-11,0.23252922393172445,5.041779204975342e-10,-0.10939930993346463,0.13804478575525386,0.10939930992386952,42.605938951002756,4,True,balance,0.00032958164105538723,-1.3180436311927246,-0.007902822741677936,0.000329581750895081,-1.3180436313631088,-0.00790282276709099,0.18384776310850237,0.23256755992208045,0.18295361099845733,0.18295361100077137
3.36999999999974,-0.11629331872203884,1.7467442299841403e-11,0.2325291385664069,5.007896243038264e-10,-0.11076678991681019,0.13699229644640187,0.11076678991734165,42.605734457604726,4,True,balance,0.0003269044118240988,-1.3180107769770388,-0.008048374721401684,0.0003269045186592398,-1.3180107771477272,-0.008048374746051813,0.18384776310850237,0.23256755992208045,0.18295236594591635,0.18295236594821732
3.3799999999997388,-0.11492923288268422,1.7484443653281453e-11,0.2325290835279531,4.973388170179932e-10,-0.11204153645484285,0.13592952008655473,0.11204153645105727,42.60553884553326,4,True,balance,0.00032419459539945254,-1.3179810464475952,-0.008185006825944923,0.00032419469928844977,-1.3179810466185635,-0.008185006849844757,0.18384776310850237,0.23256755992208045,0.18295124970986157,0.18295124971214918
3.3899999999997377,-0.1135758275487748,1.7502172930523393e-11,0.23252905646568328,4.938308142814475e-10,-0.11322635834868362,0.13485727481921062,0.11322635833817195,42.60535168745432,4,True,balance,0.00032145558519795114,-1.3179543319840272,-0.008313023534787257,0.00032145568618504786,-1.317954332155174,-0.008313023557937905,0.18384776310850237,0.23256755992208045,0.1829502557452278,0.18295025574750137
3.3999999999997366,-0.11223319304573989,1.7520596384518933e-11,0.23252905519266193,4.902674241742705e-10,-0.11432401433510087,0.1337763497427662,0.11432401432348584,42.60517257801898,4,True,balance,0.0003186905863551513,-1.3179305284654554,-0.008432720457551121,0.0003186906845051884,-1.3179305286367273,-0.008432720479973855,0.18384776310850237,0.23256755992208045,0.18294937787617607,0.18294937787843552
3.4099999999997355,-0.11090141196375003,1.7539676526143876e-11,0.23252907767510345,4.866516921449354e-10,-0.11533721242197563,0.132687505768902,0.1153372124008311,42.605001132740384,4,True,balance,0.0003159026255165688,-1.3179095332583493,-0.008544384578092855,0.00031590272088567376,-1.3179095334296447,-0.008544384599807065,0.18384776310850237,0.23256755992208045,0.18294861027338083,0.18294861027562576
3.4199999999997344,-0.10958055943497498,1.7559382886407446e-11,0.23252912202241433,4.829850407949324e-10,-0.11626860935393024,0.13159147645706626,0.11626860931776337,42.6048369869208,4,True,balance,0.00031309456010636334,-1.3178912462007766,-0.008648294491575679,0.00031309465276506046,-1.3178912463720804,-0.00864829451260425,0.18384776310850237,0.23256755992208045,0.18294794743270434,0.18294794743493437
3.4299999999997333,-0.10827070340262518,1.7579669555245414e-11,0.23252918647783632,4.79273038603341e-10,-0.11712081019907562,0.13048896882574962,0.11712081016437756,42.60467979463048,4,True,balance,0.0003102690871542838,-1.3178755695832804,-0.0087447206347249,0.00031026917714352035,-1.3178755697545501,-0.008744720655070993,0.18384776310850237,0.23256755992208045,0.1829473841551824,0.18294738415739709
3.439999999999732,-0.10697190488200495,1.760050152988892e-11,0.23252926940965718,4.755184967950428e-10,-0.11789636804832114,0.12938066414122024,0.11789636800454657,42.60452922774145,4,True,balance,0.00030742875164141713,-1.3178624081273023,-0.008833925509768475,0.0003074288390164137,-1.3178624082984238,-0.008833925529448462,0.18384776310850237,0.23256755992208045,0.1829469155282433,0.1829469155304424
3.449999999999731,-0.10568421821379932,1.7621845085195214e-11,0.23252936930295706,4.717241729250742e-10,-0.11859778381916343,0.12826721868436636,0.11859778377543954,42.604384974991056,4,True,balance,0.00030457595443537916,-1.3178516689603823,-0.008916163901892907,0.0003045760392553323,-1.3178516691313442,-0.008916163920918997,0.18384776310850237,0.23256755992208045,0.18294653690808432,0.18294653691026772
3.45999999999973,-0.10440769130980987,1.7643668263901303e-11,0.2325294847518601,4.678925119176645e-10,-0.11922750615632617,0.12714926449626948,0.11922750610958321,42.60424674109483,4,True,balance,0.0003017129598464131,-1.3178432615898328,-0.008991683090810365,0.000301713042165804,-1.3178432617605271,-0.008991683109203131,0.18384776310850237,0.23256755992208045,0.18294624390314262,0.1829462439053099
3.469999999999729,-0.10314236589134895,1.7665942298951267e-11,0.23252961445226314,4.640254074150252e-10,-0.11978793142203678,0.12602741010311028,0.11978793138959107,42.604114245918446,4,True,balance,0.00029884190275117204,-1.3178370978734135,-0.009060723056375319,0.0002988419826249719,-1.317837098043874,-0.00906072307414625,0.18384776310850237,0.23256755992208045,0.18294603235858997,0.18294603236074095
3.4799999999997278,-0.10188827772049591,1.768863404844236e-11,0.2325297571950133,4.601259807842984e-10,-0.12028140376914026,0.12490224122099626,0.12028140374578239,42.60398722367489,4,True,balance,0.00029596479538302503,-1.3178330919894004,-0.009123516678639138,0.00029596487286584814,-1.317833092159504,-0.00912351669580348,0.18384776310850237,0.23256755992208045,0.18294589834179562,0.18294589834393
3.4899999999997267,-0.1006454568244127,1.7711707279052668e-11,0.23252991185950925,4.561983325230484e-10,-0.1207102152906359,0.12377432144126749,0.12071021526151923,42.603865422164574,4,True,balance,0.00029308353376834834,-1.3178311604038706,-0.00918028993232344,0.0002930836089028546,-1.3178311605736786,-0.009180289948893096,0.18384776310850237,0.23256755992208045,0.18294583812869464,0.18294583813081233
3.4999999999997256,-0.09941392771291123,1.773513511776918e-11,0.23253007740770193,4.522442429259039e-10,-0.12107660623958706,0.12264419289683055,0.12107660621555887,42.603748602057976,4,True,balance,0.0002901999038051869,-1.3178312218374129,-0.009231262076072196,0.00029019997664589734,-1.317831222006751,-0.009231262092062443,0.18384776310850237,0.23256755992208045,0.18294584819101076,0.18294584819311144
3.5099999999997245,-0.09819370958945947,1.7758891303226038e-11,0.23253025287847076,4.482656028959159e-10,-0.12138276531370819,0.1215123769100478,0.12138276529234727,42.60363653620859,4,True,balance,0.000287315587060769,-1.3178331972300426,-0.00927664583653662,0.00028731565766256293,-1.3178331973988824,-0.009276645851962874,0.18384776310850237,0.23256755992208045,0.182945925184281,0.18294592518636463
3.5199999999997234,-0.09698481655580739,1.7782946709938983e-11,0.2325304373823537,4.442652404461682e-10,-0.1216308299992536,0.12037937462269145,0.12163082997947722,42.60352900901162,4,True,balance,0.0002844321662555741,-1.3178370097054417,-0.009316647587548495,0.00028443223466500714,-1.3178370098738343,-0.009316647602423468,0.18384776310850237,0.23256755992208045,0.18294606593663362,0.1829460659386998
3.5299999999997222,-0.09578725781040993,1.7807273179488135e-11,0.2325306300966112,4.40245785117136e-10,-0.121822886969163,0.11924566760845778,0.12182288694251552,42.60342581578923,4,True,balance,0.00028155113045260786,-1.317842584534312,-0.009351467524360934,0.0002815511967199541,-1.317842584702152,-0.009351467538694104,0.18384776310850237,0.23256755992208045,0.18294626743827336,0.1829462674403221
3.539999999999721,-0.09460103784081843,1.783184974294845e-11,0.23253083026060284,4.3620829189492315e-10,-0.1219609725307042,0.11811171846852092,0.12196097250834335,42.60332676220703,4,True,balance,0.000278673879990318,-1.3178498490966746,-0.009381299833339437,0.0002786739441652494,-1.3178498492639175,-0.009381299847141379,0.18384776310850237,0.23256755992208045,0.18294652683163165,0.18294652683366303
3.54999999999972,-0.09342615661020748,1.7856649870185275e-11,0.2325310371714597,4.321553964440621e-10,-0.12204707311814657,0.11697797141058913,0.1220470730963505,42.60323166372416,4,True,balance,0.0002758017311557239,-1.3178587328437361,-0.009406332857037023,0.0002758017932869594,-1.317858733010353,-0.00940633287032301,0.18384776310850237,0.23256755992208045,0.1829468414021421,0.1829468414041556
3.559999999999719,-0.09226260973820026,1.7881647426143704e-11,0.23253125018003426,4.2808971917217906e-10,-0.12208312582626396,0.1158448528119134,0.12208312580755303,42.60314034506565,4,True,balance,0.00027293592060313845,-1.3178691672591212,-0.009426749254862506,0.0002729359807340964,-1.317869167425094,-0.009426749267650037,0.18384776310850237,0.23256755992208045,0.1829472085695989,0.1829472085715946
3.569999999999718,-0.09111038867614937,1.7906816814297746e-11,0.2325314686871107,4.2401395774464396e-10,-0.12207101898072004,0.11471277176668533,0.12207101895318315,42.60305263973888,4,True,balance,0.0002700776095545435,-1.3178810858199805,-0.009442726159567831,0.00027007766772811273,-1.3178810859852657,-0.00944272617186005,0.18384776310850237,0.23256755992208045,0.18294762588006874,0.1829476258820465
3.5799999999997167,-0.08996948087702812,1.793213667310367e-11,0.23253169213986138,4.19929802591563e-10,-0.12201259274163925,0.11358212061824596,0.12201259271926042,42.602968389557,4,True,balance,0.00026722788777813565,-1.3178944239573878,-0.009454435329419397,0.00026722794404058,-1.3178944241219661,-0.009454435341235202,0.18384776310850237,0.23256755992208045,0.18294809099831483,0.18294809100027468
3.5899999999997156,-0.0888398699600812,1.7957584948087848e-11,0.2325319200285332,4.1583931327387955e-10,-0.12190963973688587,0.11245327547651715,0.12190963970275859,42.60288744420238,4,True,balance,0.0002643877773486289,-1.317909119017024,-0.009462043296513957,0.0002643878317470127,-1.3179091191808403,-0.009462043307867775,0.18384776310850237,0.23256755992208045,0.1829486017007092,0.1829486017026509
3.5999999999997145,-0.08772153587038022,1.7983142994819856e-11,0.23253215188335133,4.1174385119771007e-10,-0.12176390572179716,0.11132659672105133,0.12176390568722634,42.60280966080038,4,True,balance,0.0002615582362275567,-1.3179251102191905,-0.00946571151105439,0.0002615582888051032,-1.3179251103822047,-0.009465711521943932,0.18384776310850237,0.23256755992208045,0.18294915586859437,0.1829491558705179
3.6099999999997134,-0.08661445503342628,1.8008789731238408e-11,0.23253238727162573,4.07645563816034e-10,-0.12157709026232745,0.11020242949008882,0.12157709021841517,42.60273490353018,4,True,balance,0.00025874016163526136,-1.3179423386192513,-0.009465596481799102,0.00025874021243526055,-1.3179423387814768,-0.009465596492243445,0.18384776310850237,0.23256755992208045,0.18294975148207462,0.1829497514839801
3.6199999999997123,-0.08551860050493715,1.8034509730757202e-11,0.2325326257950498,4.035452067756129e-10,-0.12135084743874461,0.10908110415599576,0.12135084739098277,42.60266304324309,4,True,balance,0.0002559343932616004,-1.3179607470679224,-0.00946184991289147,0.00025593444233488663,-1.3179607472293182,-0.00946184992291822,0.18384776310850237,0.23256755992208045,0.182950386614204,0.18295038661609117
3.6299999999997112,-0.08443394211595309,1.8060275399765408e-11,0.23253286708717774,3.994468844414175e-10,-0.12108678656721891,0.10796293678744731,0.12108678651807524,42.60259395711131,4,True,balance,0.00025314171632547547,-1.317980280171817,-0.009454618837049107,0.0002531417636985228,-1.3179802803321998,-0.009454618846644293,0.18384776310850237,0.23256755992208045,0.18295105942554926,0.1829510594274182
3.63999999999971,-0.08336044661339236,1.808606421785568e-11,0.232533110811071,3.9535341219784445e-10,-0.12078647293680851,0.10684822959871078,0.12078647293516831,42.6025275283033,4,True,balance,0.00025036286439858907,-1.3180008842531479,-0.009444045745145813,0.0002503629101037566,-1.318000884412739,-0.009444045754312859,0.18384776310850237,0.23256755992208045,0.18295176815910344,0.18295176816095401
3.649999999999709,-0.08229807779618292,1.8111874831204958e-11,0.2325333566571024,3.912623155612953e-10,-0.12045142855950881,0.10573727138637533,0.12045142856062022,42.60246364563396,4,True,balance,0.00024759852216531855,-1.3180225073121028,-0.009430268712497686,0.00024759856626372837,-1.3180225074707685,-0.009430268721277125,0.18384776310850237,0.23256755992208045,0.18295251113552788,0.18295251113736005
3.659999999999708,-0.08124679664709465,1.8137687531050813e-11,0.23253360434090908,3.8717615210076115e-10,-0.12008313293121856,0.1046303379538546,0.12008313293088341,42.60240220329986,4,True,balance,0.00024484932803424034,-1.3180450989862753,-0.009413421521824136,0.00024484937055818304,-1.3180450991439967,-0.0094134215302087,0.18384776310850237,0.23256755992208045,0.18295328674870018,0.1829532867505141
3.669999999999707,-0.08020656146039187,1.8163487549624997e-11,0.2325338536014842,3.830961915151466e-10,-0.11968302380158265,0.10352769252399718,0.11968302379710455,42.60234310057823,4,True,balance,0.0002421158765285937,-1.3180686105128863,-0.009393633782837503,0.00024211591751726797,-1.3180686106696453,-0.009393633790842638,0.18384776310850237,0.23256755992208045,0.18295409346155297,0.18295409346334854
3.6799999999997057,-0.07917732796542408,1.8189257963281555e-11,0.23253410419939924,3.790244034751131e-10,-0.11925249795083795,0.1024295861401161,0.1192524979351695,42.60228624155709,4,True,balance,0.00023939872064183734,-1.3180929946903701,-0.00937103104885032,0.0002393987601310882,-1.318092994846148,-0.009371031056483027,0.18384776310850237,0.23256755992208045,0.18295492980218026,0.18295492980395753
3.6899999999997046,-0.07815904944626842,1.8214985782840032e-11,0.23253435591514865,3.749618414863742e-10,-0.1187929119719168,0.10133625805574363,0.11879291194133512,42.60223153488971,4,True,balance,0.0002366983740202179,-1.318118205840268,-0.009345734930147504,0.00023669841205017556,-1.3181182059950975,-0.00934573493742853,0.18384776310850237,0.23256755992208045,0.18295579436019735,0.1829557943619561
3.6999999999997035,-0.0771516768575352,1.8240652081584925e-11,0.23253460854760918,3.709111821500407e-10,-0.1183055830561889,0.1002479361134136,0.11830558301579433,42.602178893547226,4,True,balance,0.00023401531305096714,-1.3181441997699406,-0.009317863204523212,0.00023401534965046184,-1.3181441999237125,-0.009317863211444467,0.18384776310850237,0.23256755992208045,0.1829566857833356,0.18295668578507618
3.7099999999997024,-0.0761551589364447,1.826624805894091e-11,0.23253486191260633,3.668726116891578e-10,-0.11779178978133074,0.09916483711276185,0.11779178973859665,42.60212823459619,4,True,balance,0.00023134997882078693,-1.318170933735352,-0.009287529924777752,0.0002313500140300981,-1.3181709338880985,-0.009287529931356354,0.18384776310850237,0.23256755992208045,0.18295760277426043,0.1829576027759827
3.7199999999997013,-0.07516944231128038,1.8291765927537166e-11,0.23253511584158174,3.6284622614932815e-10,-0.11725277289993555,0.09808716716822652,0.11725277284768253,42.602079478984514,4,True,balance,0.00022870277900055046,-1.3181983664047199,-0.009254845523457617,0.00022870281285851724,-1.318198366556354,-0.009254845529703693,0.18384776310850237,0.23256755992208045,0.18295854408759354,0.18295854408929768
3.7299999999997,-0.07419447160632081,1.8317192156297514e-11,0.23253537018035436,3.5883371589986244e-10,-0.11668973612758096,0.09701512205662535,0.11668973607815981,42.60203255134003,4,True,balance,0.0002260740896084665,-1.318226457822172,-0.009219916914776761,0.00022607412215291584,-1.3182264579728187,-0.009219916920702937,0.18384776310850237,0.23256755992208045,0.18295950852712992,0.18295950852881573
3.739999999999699,-0.07323018954335044,1.8342505187251353e-11,0.2325356247879699,3.54838826389487e-10,-0.11610384692916263,0.09594888755487709,0.11610384687545586,42.601987379739384,4,True,balance,0.00022346425669498288,-1.3182551693725773,-0.009182847593901916,0.00022346428794006362,-1.3182551695220606,-0.009182847599501233,0.18384776310850237,0.23256755992208045,0.18296049494323469,0.18296049494490205
3.749999999999698,-0.07227653703984611,1.836770860413265e-11,0.23253587953563265,3.5085891357952724e-10,-0.11549623730239662,0.0948886397681312,0.11549623730406304,42.60194389563095,4,True,balance,0.00022087359789085335,-1.3182844637463058,-0.009143737733563568,0.00022087362789308452,-1.3182844638947113,-0.009143737738869296,0.18384776310850237,0.23256755992208045,0.18296150223040908,0.18296150223205862
3.759999999999697,-0.07133345330393379,1.839278782831214e-11,0.23253613430571457,3.468963442789586e-10,-0.11486800455749588,0.09383454544855774,0.11486800455649368,42.601902033538266,4,True,balance,0.00021830240397911746,-1.3183143049049197,-0.009102684278136474,0.00021830243276434514,-1.318314305052238,-0.009102684283142716,0.18384776310850237,0.23256755992208045,0.18296252932501642,0.18296252932664803
3.769999999999696,-0.07040087592620754,1.8417729151778263e-11,0.2325363889908365,3.4295313875004584e-10,-0.11422021209208706,0.09278676230504408,0.11422021209946147,42.60186173096857,4,True,balance,0.00021575094028027908,-1.3183446580470646,-0.009059781035175163,0.0002157509678764774,-1.318344658193317,-0.009059781039889954,0.18384776310850237,0.23256755992208045,0.18296357520314965,0.18296357520476325
3.7799999999996947,-0.06947874096850062,1.8442521860425474e-11,0.23253664349301612,3.390305977503617e-10,-0.11355389016053857,0.09174543930404411,0.11355389016517484,42.6018229282553,4,True,balance,0.00021321944800335276,-1.3183754895756858,-0.00901511876463794,0.00021321947443539075,-1.3183754897207878,-0.009015118769070197,0.18384776310850237,0.23256755992208045,0.18296463887864323,0.182964638880239
3.7899999999996936,-0.06856698304969545,1.8467161130713502e-11,0.23253689772287964,3.351286958657186e-10,-0.11287003663690955,0.09071071696181231,0.11287003662787042,42.60178556839766,4,True,balance,0.00021070814553372208,-1.3184067670649473,-0.008968785265640824,0.00021070817083853805,-1.3184067672088704,-0.008968785269798064,0.18384776310850237,0.23256755992208045,0.18296571940120898,0.1829657194027869
3.7999999999996925,-0.06766553542865755,1.8491640032595364e-11,0.232537151598932,3.3124801381740264e-10,-0.11216961777083727,0.08968272762825158,0.11216961776516113,42.60174959692479,4,True,balance,0.00020821722965713835,-1.3184384592281917,-0.008920865460901874,0.00020821725386324292,-1.318438459370987,-0.008920865464799073,0.18384776310850237,0.23256755992208045,0.1829668158546936,0.18296681585625374
3.8099999999996914,-0.06677433008437623,1.8515951450343692e-11,0.2325374050468819,3.273892899310437e-10,-0.11145356893571387,0.0886615957625978,0.11145356891854646,42.60171496177931,4,True,balance,0.0002057468766947962,-1.3184705358867004,-0.008871441479031393,0.00020574689983599348,-1.3184705360283364,-0.00887144148266651,0.18384776310850237,0.23256755992208045,0.18296792735544895,0.18296792735699138
3.8199999999996903,-0.0658932977933922,1.8540084747449728e-11,0.2325376579990179,3.235541900520401e-10,-0.11072279536858229,0.08764743820116064,0.11072279534351358,42.601681613179146,4,True,balance,0.00020329724360769927,-1.3185029679385412,-0.008820592734521666,0.000203297265705924,-1.3185029680789748,-0.008820592737898715,0.18384776310850237,0.23256755992208045,0.1829690530508043,0.18296905305232927
3.829999999999689,-0.06502236820459056,1.856403736445582e-11,0.23253791039363253,3.1974241647029175e-10,-0.1099781729012329,0.08664036441732974,0.10997817288493986,42.601649503512135,4,True,balance,0.0002008684690183699,-1.3185357273285634,-0.008768396005673576,0.00020086849010548025,-1.3185357274678506,-0.008768396008808505,0.18384776310850237,0.23256755992208045,0.18297019211763843,0.1829701921191458
3.839999999999688,-0.06416146991143512,1.8587800987935026e-11,0.2325381621744908,3.159551941841238e-10,-0.10922054868203472,0.08564047677405343,0.1092205486639384,42.60161858722405,4,True,balance,0.00019846067419428156,-1.318568787018602,-0.008714925510441783,0.00019846069429744679,-1.318568787156738,-0.00871492551334106,0.18384776310850237,0.23256755992208045,0.18297134376104113,0.1829713437625311
3.849999999999687,-0.06331053052171857,1.861136944566949e-11,0.23253841329034042,3.1219327540325995e-10,-0.10845074188808526,0.08464787076899329,0.10845074185738003,42.60158882071359,4,True,balance,0.00019607396398697968,-1.318602120958644,-0.008660252980204309,0.00019607398313008562,-1.3186021210955692,-0.008660252982869,0.18384776310850237,0.23256755992208045,0.1829725072130597,0.18297250721453243
3.859999999999686,-0.06246947672490045,1.863474601931069e-11,0.2325386636944601,3.084550869903255e-10,-0.10766954442731887,0.08366263527254611,0.10766954438470043,42.60156016222939,4,True,balance,0.000193708427690199,-1.3186357040581216,-0.008604447731570137,0.00019370844591269976,-1.3186357041938976,-0.008604447734022287,0.18384776310850237,0.23256755992208045,0.18297368173152434,0.18297368173298006
3.869999999999685,-0.061638234357103104,1.8657917455422506e-11,0.23253891334424454,3.047433404864035e-10,-0.10687772163024188,0.08268485275892788,0.10687772158835289,42.60153257179043,4,True,balance,0.0001913641399120153,-1.3186695121585603,-0.008547576736342847,0.00019136415722676215,-1.3186695122930996,-0.008547576738580127,0.18384776310850237,0.23256755992208045,0.18297486659894685,0.18297486660038548
3.8799999999996837,-0.06081672846383428,1.868087956711658e-11,0.23253916220082227,3.01058432452668e-10,-0.10607601293101632,0.08171459953050483,0.1060760128887236,42.601506011091004,4,True,balance,0.00018904116132202682,-1.3187035220060337,-0.008489704689466736,0.00018904117775495389,-1.318703522139349,-0.008489704691488532,0.18384776310850237,0.23256755992208045,0.18297606112148895,0.18297606112291062
3.8899999999996826,-0.06000488336050254,1.8703636097059282e-11,0.2325394102287051,2.97398831027777e-10,-0.10526513253764543,0.08075194593555098,0.10526513249301706,42.601480443410686,4,True,balance,0.00018673953943151495,-1.3187377112248329,-0.008430894075245473,0.00018673955501647188,-1.318737711356916,-0.008430894077069413,0.18384776310850237,0.23256755992208045,0.18297726462799208,0.18297726462939698
3.8999999999996815,-0.05920262269079048,1.872617705779436e-11,0.23253965739546628,2.9376665370781205e-10,-0.10444577009105944,0.0797969565796121,0.10444577005710784,42.601455833549345,4,True,balance,0.00018445930930000614,-1.3187720582912863,-0.008371205231753219,0.00018445932405294546,-1.318772058422248,-0.00837120523337971,0.18384776310850237,0.23256755992208045,0.1829784764690689,0.18297847647045706
3.9099999999996804,-0.058409869482948705,1.8748496061873792e-11,0.23253990367144547,2.901629684285367e-10,-0.10361859131291927,0.07884969053064525,0.1036185912699275,42.60143214774443,4,True,balance,0.00018220049420488953,-1.3188065425088533,-0.008310696413514443,0.00018220050815222544,-1.3188065426385545,-0.008310696414950565,0.18384776310850237,0.23256755992208045,0.1829796960162488,0.18297969601762035
3.9199999999996793,-0.05762654620407181,1.8770592778187506e-11,0.23254014902947887,2.8658745981131643e-10,-0.10278423864200169,0.07791020151810371,0.10278423861108534,42.601409353601646,4,True,balance,0.00017996310629109384,-1.3188411439827539,-0.008249423852456918,0.0001799631194542259,-1.318841144111264,-0.008249423853713756,0.18384776310850237,0.23256755992208045,0.18298092266117416,0.18298092266252922
3.929999999999678,-0.056852574812416054,1.879245994583122e-11,0.23254039344465222,2.830415669595541e-10,-0.10194333185904622,0.07697853812612941,0.10194333182619843,42.60138742003696,4,True,balance,0.00017774714716401068,-1.3188758435963113,-0.008187441817265053,0.00017774715956325377,-1.3188758437236316,-0.008187441818341646,0.18384776310850237,0.23256755992208045,0.18298215581484698,0.18298215581618552
3.939999999999677,-0.056087876807816794,1.8814096328849087e-11,0.23254063689407553,2.795252709670682e-10,-0.10109646869997799,0.07605474398101347,0.10109646864680413,42.60136631719726,4,True,balance,0.000175552608491009,-1.318910622987192,-0.008124802671104122,0.00017555262014706447,-1.3189106231133312,-0.008124802672005117,0.18384776310850237,0.23256755992208045,0.18298339490691654,0.1829833949082388
3.949999999999676,-0.05533237328026212,1.8835502993091706e-11,0.23254087935667758,2.760379934475032e-10,-0.1002442254574482,0.07513885793307863,0.10024422541865882,42.601346016414766,4,True,balance,0.00017337947251446143,-1.31894546452427,-0.008061556927728272,0.00017337948345412857,-1.3189454646491636,-0.008061556928460068,0.18384776310850237,0.23256755992208045,0.1829846393850106,0.18298463938631693
3.959999999999675,-0.05458598495667756,1.885667701974124e-11,0.23254112081301875,2.7258029377351343e-10,-0.09938715757064717,0.07423091423313555,0.09938715752839329,42.60132649014499,4,True,balance,0.00017122771259878272,-1.318980351285319,-0.007997753306180478,0.00017122772284579646,-1.3189803514089922,-0.007997753306753437,0.18384776310850237,0.23256755992208045,0.18298588871410656,0.18298588871539678
3.969999999999674,-0.05384863224597544,1.8877616955496553e-11,0.23254136124512095,2.691523502032425e-10,-0.09852580020337023,0.073330942703662,0.09852580016874071,42.601307711918494,4,True,balance,0.00016909729372072122,-1.3190152670351787,-0.007933438783907997,0.00016909730328936918,-1.3190152671576678,-0.007933438784324327,0.18384776310850237,0.23256755992208045,0.18298714237593328,0.18298714237720767
3.9799999999996727,-0.053120235282420825,1.889832314508391e-11,0.23254160063631335,2.657539333559654e-10,-0.09766066881034863,0.07243896890484527,0.09766066877378887,42.60128965628536,4,True,balance,0.00016698817291872464,-1.319050196204332,-0.007868658648441851,0.00016698818183489756,-1.3190501963256218,-0.007868658648710154,0.18384776310850237,0.23256755992208045,0.18298839986841187,0.18298839986967058
3.9899999999996716,-0.05240071396736457,1.891879017974997e-11,0.23254183897109254,2.6238628724432154e-10,-0.09679225969185475,0.07155501429563035,0.09679225964658528,42.60127229876586,4,True,balance,0.0001649002997559356,-1.3190851238680974,-0.007803456547703204,0.00016490030803461065,-1.319085123988169,-0.007803456547820787,0.18384776310850237,0.23256755992208045,0.1829896607051234,0.18298966070636644
3.9999999999996705,-0.05168998800939279,1.89390179139446e-11,0.23254207623499615,2.590493078246974e-10,-0.09592105053662418,0.07067909638991027,0.09592105048001667,42.60125561581594,4,True,balance,0.00016283361673615662,-1.3191200357265247,-0.007737874538914042,0.00016283362439485971,-1.3191200358453876,-0.007737874538895751,0.18384776310850237,0.23256755992208045,0.18299092441480683,0.18299092441603446
4.009999999999674,-0.050987976962940385,1.8959000877758403e-11,0.23254231241448872,2.5574435934894695e-10,-0.09504750095314825,0.06981122890798876,0.09504750089073388,42.6012395847648,4,True,balance,0.00016078805969403195,-1.3191549180844604,-0.007671953136142865,0.00016078806674675234,-1.3191549182021154,-0.007671953135976668,0.18384776310850237,0.23256755992208045,0.18299219054088384,0.1829921905420961
4.019999999999677,-0.050294600265415546,1.8978751601470458e-11,0.2325425474968594,2.524681733319291e-10,-0.09417205298939571,0.06895142192344954,0.09417205292801246,42.6012241838019,4,True,balance,0.00015876355818632615,-1.319189757832599,-0.007605731356621204,0.00015876356467054903,-1.3191897579490859,-0.007605731356334756,0.18384776310850237,0.23256755992208045,0.18299345864100752,0.1829934586422045
4.0299999999996805,-0.049609777272880046,1.8998261484688134e-11,0.23254278147012944,2.4922305000376846e-10,-0.09329513164105373,0.06809968200555168,0.09329513159444151,42.60120939190513,4,True,balance,0.00015676003585804528,-1.3192245424284939,-0.007539246765678196,0.00015676004177841624,-1.319224542543778,-0.007539246765261477,0.18384776310850237,0.23256755992208045,0.18299472828663463,0.18299472828781657
4.039999999999684,-0.0489334272943297,1.901752746679799e-11,0.23254301432296984,2.460097577382203e-10,-0.09241714534837014,0.06725601235728394,0.09241714530349991,42.60119518884074,4,True,balance,0.00015477741077367323,-1.3192592598786976,-0.007472535520562746,0.00015477741614738555,-1.3192592599928146,-0.007472535520027591,0.18384776310850237,0.23256755992208045,0.1829959990626196,0.1829959990637866
4.049999999999687,-0.048265469624617585,1.9036549206778032e-11,0.23254324604462775,2.4282835348289703e-10,-0.09153848648170647,0.0664204129491844,0.09153848643197264,42.60118155509857,4,True,balance,0.00015281559574302958,-1.3192938987207026,-0.00740563241293842,0.00015281560058839544,-1.3192938988336083,-0.007405632412281161,0.18384776310850237,0.23256755992208045,0.18299727056682677,0.18299727056797901
4.0599999999996905,-0.047605823576061815,1.905533430853236e-11,0.23254347662486075,2.3967702103396404e-10,-0.09065953181590933,0.06559288064905498,0.09065953175525214,42.601168471878,4,True,balance,0.0001508744986332479,-1.3193284480058844,-0.007338570910296464,0.0001508745029747577,-1.3193284481176397,-0.0073385709095328665,0.18384776310850237,0.23256755992208045,0.18299854240976282,0.1829985424109004
4.069999999999694,-0.046954408508778175,1.9073876948510298e-11,0.23254370605387872,2.3655743054981257e-10,-0.08978064299362216,0.06477340934767715,0.0897806429427026,42.60115592103717,4,True,balance,0.00014895402268365188,-1.3193628972829476,-0.0072713831962343285,0.0001489540265276304,-1.319362897393517,-0.007271383195356402,0.18384776310850237,0.23256755992208045,0.18299981421422495,0.18299981421534797
4.079999999999697,-0.04631114385977714,1.9092174381084044e-11,0.23254393432229278,2.334703278025508e-10,-0.08890216697766475,0.0639619900806408,0.08890216691049516,42.6011438850977,4,True,balance,0.00014705406674796876,-1.3193972365812163,-0.007204100209451886,0.0001470540701060985,-1.3193972366906062,-0.007204100208459003,0.18384776310850237,0.23256755992208045,0.18300108561496653,0.18300108561607523
4.0899999999997005,-0.04567594917086341,1.9110239486982237e-11,0.2325441614210697,2.3041255582353235e-10,-0.08802443649262089,0.06315861114639384,0.08802443643816771,42.60113234718284,4,True,balance,0.00014517452557245616,-1.3194314563949556,-0.007136751681886296,0.00014517452848017754,-1.3194314565031664,-0.007136751680801396,0.18384776310850237,0.23256755992208045,0.1830023562583756,0.18300235625947017
4.099999999999704,-0.045048744115375294,1.9128063375426228e-11,0.23254438734149271,2.2738668723462643e-10,-0.08714777045576916,0.06236325822062252,0.08714777038361998,42.60112129100483,4,True,balance,0.00014331529008388406,-1.3194655476682406,-0.007069366175729933,0.00014331529254346998,-1.3194655477752883,-0.007069366174543691,0.18384776310850237,0.23256755992208045,0.1830036258021686,0.18300362580324944
4.109999999999707,-0.044429448523799944,1.914564951005291e-11,0.23254461207512722,2.2439194892517696e-10,-0.08627247439751047,0.0615759144670556,0.08627247432317238,42.601110700840685,4,True,balance,0.00014147624757842353,-1.319499501779509,-0.007001971119231046,0.00014147624960675676,-1.3194995018854019,-0.007001971117950824,0.18384776310850237,0.23256755992208045,0.1830048939150967,0.18300489391616284
4.119999999999711,-0.043817982408299816,1.916300197883097e-11,0.2325448356137908,2.2142749506737147e-10,-0.08539884087144682,0.0607965606447981,0.08539884085934361,42.60110056151535,4,True,balance,0.00013965728198319367,-1.3195333105273361,-0.006934592841804808,0.00013965728359738292,-1.319533310632093,-0.006934592840439969,0.18384776310850237,0.23256755992208045,0.18300616027666078,0.18300616027771346
4.129999999999714,-0.043214265986184344,1.9180112591396316e-11,0.2325450579495281,2.184956671009465e-10,-0.08452714985425364,0.06002517521229605,0.08452714983251826,42.60109085835413,4,True,balance,0.00013785827405694392,-1.3195669661162976,-0.006867256607928888,0.00013785827526463499,-1.3195669662199492,-0.006867256606478618,0.18384776310850237,0.23256755992208045,0.1830074245768455,0.18300742457788452
4.139999999999717,-0.0426182197023601,1.9196984040034207e-11,0.232545279074589,2.1559589422773025e-10,-0.08365766913553302,0.059261734428012906,0.08365766911931156,42.601081577186314,4,True,balance,0.00013607910161606557,-1.3196004611431027,-0.006799986650158197,0.0001360791024298881,-1.3196004612455834,-0.00679998664862534,0.18384776310850237,0.23256755992208045,0.18300868651585242,0.18300868651687793
4.149999999999721,-0.04202976425079191,1.921361995848402e-11,0.2325454989814107,2.1272751889386525e-10,-0.08279065469778889,0.05850621244792396,0.08279065467973665,42.60107270431945,4,True,balance,0.0001343196396985396,-1.3196337885831793,-0.0067328062012569235,0.00013431964013303058,-1.3196337886845255,-0.0067328061996401855,0.18384776310850237,0.23256755992208045,0.18300994580385285,0.1830099458048649
4.159999999999724,-0.04144882059500595,1.923002285037955e-11,0.23254571766260246,2.0989019731594023e-10,-0.08192635108669838,0.05775858141991148,0.08192635106647729,42.6010642265125,4,True,balance,0.00013257976079619356,-1.3196669417780136,-0.006665737525405646,0.00013257976086514578,-1.3196669418782359,-0.006665737523712701,0.18384776310850237,0.23256755992208045,0.18301120216074312,0.18301120216174194
4.169999999999727,-0.040875309987665635,1.9246194567507288e-11,0.23254593511093338,2.0708373057373053e-10,-0.08106499177185196,0.05701881157514763,0.08106499174404155,42.60105613096424,4,True,balance,0.00013085933498353046,-1.3196999144223351,-0.00659880194848793,0.00013085933470194017,-1.3196999145214385,-0.00659880194672567,0.18384776310850237,0.23256755992208045,0.18301245531591126,0.18301245531689683
4.179999999999731,-0.040309153989249835,1.926213618889176e-11,0.23254615131932294,2.0430813633617595e-10,-0.08020679949812774,0.05628687131655328,0.08020679947250349,42.601048405293696,4,True,balance,0.0001291582301386813,-1.3197327005520334,-0.006532019887610459,0.00012915822951857836,-1.3197327006500454,-0.00653201988577874,0.18384776310850237,0.23256755992208045,0.1830137050080099,0.18301370500898248
4.189999999999734,-0.03975027448586223,1.9277847519237437e-11,0.23254636628083322,2.0156374671649126e-10,-0.0793519866278757,0.05556272730441261,0.07935198657327748,42.601041037523025,4,True,balance,0.00012747631206631196,-1.31976529453233,-0.006465410879711088,0.00012747631111700492,-1.3197652946291976,-0.006465410877805123,0.18384776310850237,0.23256755992208045,0.18301495098473772,0.1830149509856975
4.199999999999737,-0.03919859370619967,1.9293335723723306e-11,0.23254657998866365,1.9884906299608035e-10,-0.07850075547408776,0.05484634453922432,0.07850075544012812,42.601034016057454,4,True,balance,0.00012581344465834322,-1.3197976910458897,-0.006398993609344985,0.00012581344339799766,-1.3197976911416922,-0.00639899360738423,0.18384776310850237,0.23256755992208045,0.18301619300262573,0.18301619300357297
4.209999999999741,-0.03865403423770699,1.930859823661786e-11,0.23254679243614695,1.961650908504211e-10,-0.07765329862471748,0.05413768644187098,0.07765329861557257,42.60102732968098,4,True,balance,0.00012416949005710667,-1.319829885082345,-0.0063327859358639545,0.000124169488493482,-1.319829885177031,-0.006332785933835057,0.18384776310850237,0.23256755992208045,0.18301743082683258,0.1830174308277672
4.219999999999744,-0.0381165190419444,1.932364011485481e-11,0.2325470036167472,1.9351082252358825e-10,-0.07680979925833135,0.0534367149311799,0.07680979925377915,42.60102096753543,4,True,balance,0.00012254430877963935,-1.3198618719269721,-0.006266804919572667,0.00012254430692514362,-1.3198618720205677,-0.006266804917487196,0.18384776310850237,0.23256755992208045,0.1830186642309432,0.1830186642318654
4.229999999999747,-0.037585971469193416,1.933846101205149e-11,0.23254721352405883,1.9088670231318621e-10,-0.07597043145126448,0.05274339049894913,0.07597043142974982,42.601014919105936,4,True,balance,0.0001209377598581591,-1.3198936471502407,-0.006201066847277696,0.00012093775772298642,-1.319893647242825,-0.006201066845145193,0.18384776310850237,0.23256755992208045,0.18301989299677407,0.18301989299768393
4.239999999999751,-0.037062315272325945,1.935305965033774e-11,0.2325474221518069,1.8829336636858115e-10,-0.07513536047645841,0.05205767228251388,0.07513536044803655,42.601009174205295,4,True,balance,0.00011934970095559673,-1.3199252065978282,-0.006135587257155241,0.00011934969854997936,-1.319925206689269,-0.00613558725496567,0.18384776310850237,0.23256755992208045,0.18302111691418327,0.18302111691508116
4.249999999999754,-0.03654547461996107,1.93674390197451e-11,0.2325476294938486,1.8573037743480397e-10,-0.07430474309414528,0.051379518134923016,0.07430474307285447,42.60100372297232,4,True,balance,0.00011777998851029705,-1.3199565463804799,-0.006070380962812585,0.00011777998584296455,-1.319956546470878,-0.006070380960566625,0.18384776310850237,0.23256755992208045,0.18302233578088672,0.18302233578177263
4.259999999999757,-0.0360353741089328,1.938160310020122e-11,0.2325478355441753,1.8319708241955653e-10,-0.07347872783455722,0.05070888469279212,0.07347872780267775,42.6009985558502,4,True,balance,0.00011622847781283029,-1.319987662864646,-0.006005462076676899,0.0001162284748974332,-1.3199876629540406,-0.006005462074387414,0.18384776310850237,0.23256755992208045,0.18302354940227805,0.18302354940315207
4.269999999999761,-0.03553193877609178,1.9395554890823302e-11,0.23254804029691542,1.8069305073818478e-10,-0.07265745527282824,0.05004572744190235,0.07265745523331359,42.60099366358057,4,True,balance,0.00011469502315568181,-1.3200185526632309,-0.005940844032802697,0.00011469502000248362,-1.3200185527515336,-0.005940844030472138,0.18384776310850237,0.23256755992208045,0.18302475759125159,0.1830247575921137
4.279999999999764,-0.03503509410946312,1.9409292487289145e-11,0.2325482437463382,1.7821914004615322e-10,-0.07184105829626931,0.04939000078060842,0.07184105825798388,42.60098903718906,4,True,balance,0.0001131794779183633,-1.3200492126261567,-0.005876539608891824,0.00011317947453222037,-1.3200492127134593,-0.005876539606517723,0.18384776310850237,0.23256755992208045,0.1830259601680317,0.18302596016888228
4.289999999999767,-0.03454476605878187,1.9422816776071875e-11,0.23254844588685752,1.7577546760752046e-10,-0.07102966236417069,0.048741658081120603,0.07102966232231869,42.600984667972526,4,True,balance,0.0001116816946611533,-1.3200796398322592,-0.0058125609478276805,0.0001116816910472737,-1.3200796399185641,-0.005812560945410201,0.18384776310850237,0.23256755992208045,0.18302715696000527,0.18302715696084434
4.299999999999771,-0.034060881045427115,1.9436133763237667e-11,0.23254864671303632,1.7336080199437398e-10,-0.07022338576030951,0.04810065174872018,0.07022338571813015,42.60098054750416,4,True,balance,0.00011020152522611753,-1.320109831580413,-0.005748919578453334,0.00011020152139877197,-1.3201098316656428,-0.0057489195759999456,0.18384776310850237,0.23256755992208045,0.1830283478015569,0.18302834780238464
4.309999999999774,-0.03358336597177494,1.9449247207576334e-11,0.2325488462195915,1.7097461186769267e-10,-0.06942233983832664,0.04746693327897028,0.06942233978793354,42.600976667608734,4,True,balance,0.00010873882083486059,-1.320139785381348,-0.00568562643587134,0.00010873881680547786,-1.320139785465602,-0.00568562643338298,0.18384776310850237,0.23256755992208045,0.18302953253390883,0.18302953253472526
4.319999999999777,-0.03311214822999013,1.946215873424606e-11,0.23254904440139873,1.6861685146186868e-10,-0.06862662926013552,0.046840453312978265,0.06862662920288631,42.60097302035706,4,True,balance,0.00010729343216718736,-1.3201694989498924,-0.005622691881031721,0.00010729342794375803,-1.3201694990330834,-0.0056226918785109836,0.18384776310850237,0.23256755992208045,0.18303071100496315,0.18303071100576862
4.329999999999781,-0.03264715571027559,1.947486822014373e-11,0.23254924125349763,1.6628791543205297e-10,-0.067836352227524,0.046221161690769334,0.06783635215901783,42.60096959805427,4,True,balance,0.00010586520944879509,-1.320198970197164,-0.00556012571991688,0.00010586520503377119,-1.3201989702793526,-0.005560125717359461,0.18384776310850237,0.23256755992208045,0.18303188306914847,0.18303188306994303
4.339999999999784,-0.03218831680859829,1.948738093386349e-11,0.2325494367710969,1.6398683212951847e-10,-0.06705160070711379,0.0456090075028227,0.06705160066976291,42.600966393244995,4,True,balance,0.00010445400251319645,-1.3202281972230812,-0.005497937221989583,0.00010445399792163148,-1.3202281973043306,-0.005497937219408359,0.18384776310850237,0.23256755992208045,0.18303304858726807,0.18303304858805172
4.349999999999787,-0.03173556043390952,1.949969462679834e-11,0.2325496309495797,1.6171454004053502e-10,-0.06627246064883117,0.0450039391398277,0.06627246064925059,42.60096339869984,4,True,balance,0.00010305966090233181,-1.3202571783093133,-0.005436135138264625,0.00010305965613771949,-1.320257178389603,-0.005436135135648069,0.18384776310850237,0.23256755992208045,0.1830342074263528,0.1830342074271257
4.359999999999791,-0.03128881601487739,1.951181268245593e-11,0.23254982378450867,1.5947054641740013e-10,-0.06549901219804292,0.04440590434070928,0.065499012180603,42.60096060739197,4,True,balance,0.00010168203391346701,-1.3202859119121042,-0.005374727718720168,0.00010168202898491379,-1.320285911991408,-0.005374727716078732,0.18384776310850237,0.23256755992208045,0.18303535945951527,0.18303535946027774
4.369999999999794,-0.030848013506148023,1.9523741017689683e-11,0.23255001527163113,1.5725367306078764e-10,-0.0647313299015215,0.0438148502389756,0.06473132991153968,42.60095801251323,4,True,balance,0.00010032097068973557,-1.3203143966555295,-0.0053137227293480385,0.00010032096560835451,-1.3203143967338293,-0.005313722726679,0.18384776310850237,0.23256755992208045,0.1830365045658061,0.18303650456655812
4.379999999999797,-0.030413083394152586,1.953547978205912e-11,0.23255020540688393,1.5506432026596596e-10,-0.06396948290738169,0.04323072340743659,0.06396948288686198,42.60095560745638,4,True,balance,9.897632026325779e-05,-1.3203426313250526,-0.005253127468550023,9.897631502987419e-05,-1.320342631402431,-0.005253127465859332,0.18384776310850237,0.23256755992208045,0.18303764263007635,0.18303764263081804
4.389999999999801,-0.029983956702475674,1.9547034116423794e-11,0.23255039418639853,1.529015058798296e-10,-0.06321353515913503,0.04265346990133942,0.06321353513659446,42.60095338580463,4,True,balance,9.764793162980155e-05,-1.3203706148610856,-0.0051929487831743875,9.764792625853085e-05,-1.3203706149375203,-0.0051929487804713,0.18384776310850237,0.23256755992208045,0.18303877354283718,0.1830387735435687
4.399999999999804,-0.02956056499680088,1.9558402108761355e-11,0.23255058160650574,1.5076612100005236e-10,-0.06246354558401976,0.042083035299973114,0.06246354556678156,42.60095134133574,4,True,balance,9.633565381345192e-05,-1.3203983463528335,-0.005133193084042616,9.633564830814955e-05,-1.3203983464284128,-0.005133193081320235,0.18384776310850237,0.23256755992208045,0.18303989720012712,0.18303989720084857
4.409999999999807,-0.029142840389448546,1.956958539203423e-11,0.23255076766373983,1.4865806115587908e-10,-0.06171956827573985,0.0415193647467808,0.06171956826232223,42.60094946800339,4,True,balance,9.503933589702911e-05,-1.320425825032497,-0.00507386636097684,9.503933026366164e-05,-1.320425825107093,-0.005073866358230384,0.18384776310850237,0.23256755992208045,0.183041013503378,0.1830410135040895
4.419999999999811,-0.028730715543520385,1.958058581158246e-11,0.232550952354843,1.4657722305684368e-10,-0.060981652671758785,0.0409624029880291,0.06098165265740781,42.60094775995254,4,True,balance,9.375882711079571e-05,-1.3204530502692415,-0.005014974197485393,9.3758821351885e-05,-1.3204530503429301,-0.005014974194724157,0.18384776310850237,0.23256755992208045,0.18304212235928508,0.18304212235998685
4.429999999999814,-0.028324123676665102,1.9591410088211394e-11,0.23255113567676944,1.445222542651657e-10,-0.06024984372528661,0.04041209441007744,0.06024984370700394,42.6009462114876,4,True,balance,9.249397685085128e-05,-1.3204800215639154,-0.004956521784899059,9.249397097709277e-05,-1.3204800216366932,-0.004956521782123259,0.18384776310850237,0.23256755992208045,0.18304322367967824,0.18304322368037032
4.439999999999817,-0.02792299856447889,1.9602055258604967e-11,0.2325513176266889,1.4249428006217312e-10,-0.059524182072098406,0.0398683830752838,0.05952418202249741,42.60094481707639,4,True,balance,9.124463475362265e-05,-1.320506738543567,-0.004898513936186398,9.124462876922825e-05,-1.3205067386153866,-0.004898513933391703,0.18384776310850237,0.23256755992208045,0.18304431738139665,0.18304431738207924
4.449999999999821,-0.027527274543554126,1.9612531791762546e-11,0.23255149820199023,1.4049099035753637e-10,-0.05880470419231276,0.03933121275659559,0.0588047041541209,42.60094357135921,4,True,balance,9.00106507238481e-05,-1.3205332009560296,-0.0048409550992954825,9.001064464016896e-05,-1.3205332010270199,-0.004840955096499093,0.18384776310850237,0.23256755992208045,0.18304540338616387,0.18304540338683692
4.459999999999824,-0.027136886514189235,1.9622829900100016e-11,0.23255167740028446,1.3851525895886642e-10,-0.05809144256727096,0.03880052697085879,0.05809144250556073,42.60094246912527,4,True,balance,8.879187499301188e-05,-1.3205594086652135,-0.004783849370154032,8.879186880289879e-05,-1.3205594087353107,-0.004783849367337929,0.18384776310850237,0.23256755992208045,0.18304648162046733,0.18304648162113105
4.4699999999998274,-0.026751769942772306,1.9632962775155406e-11,0.23255185521940777,1.3656397538170613e-10,-0.05738442583163032,0.03827626901088752,0.05738442576941183,42.60094150532086,4,True,balance,8.758815814472177e-05,-1.3205853616461436,-0.00472720050521608,8.758815186630366e-05,-1.320585361715349,-0.004727200502396651,0.18384776310850237,0.23256755992208045,0.1830475520154371,0.18304755201609163
4.479999999999831,-0.026371860863850693,1.964293281894515e-11,0.23255203165742405,1.3463698436973573e-10,-0.05668367892081647,0.03775838197632911,0.056683678912924085,42.60094067503318,4,True,balance,8.639935117333096e-05,-1.320611059979938,-0.004671011933696416,8.63993448133557e-05,-1.3206110600482674,-0.004671011930874004,0.18384776310850237,0.23256755992208045,0.1830486145067287,0.1830486145073741
4.489999999999834,-0.025997095881898368,1.965273566074768e-11,0.23255220671262694,1.3273576790168277e-10,-0.05598922321394276,0.03724680880336337,0.05598922325989997,42.60093997349626,4,True,balance,8.522530551240534e-05,-1.320636503849646,-0.00461528676942578,8.52252990656449e-05,-1.3206365039171526,-0.0046152867665940605,0.18384776310850237,0.23256755992208045,0.1830496690344081,0.18304966903504447
4.4999999999998375,-0.02562741217279256,1.9662375709687482e-11,0.23255238038354212,1.3085944304368826e-10,-0.055301076672321044,0.036741492293270235,0.05530107676947941,42.60093939608095,4,True,balance,8.406587306549706e-05,-1.3206616935357605,-0.004560027822310039,8.40658665405973e-05,-1.3206616936023932,-0.00456002781946936,0.18384776310850237,0.23256755992208045,0.18305071554283622,0.18305071554346386
4.509999999999841,-0.02526274748501079,1.9671850089428092e-11,0.23255255266892857,1.2900910296534817e-10,-0.0546192539736888,0.036242375139899925,0.05461925408178882,42.600938938296736,4,True,balance,8.292090626079347e-05,-1.320686629411776,-0.004505237609526796,8.292089965278636e-05,-1.3206866294775312,-0.004505237606672442,0.18384776310850237,0.23256755992208045,0.18305175398055823,0.18305175398117698
4.519999999999844,-0.024903040140559066,1.9681174944680403e-11,0.23255272356778037,1.2718093590028598e-10,-0.0539437666422652,0.03574939995607916,0.053943766741781446,42.60093859577409,4,True,balance,8.179025804155411e-05,-1.3207113119400866,-0.004450918366213984,8.179025137649758e-05,-1.3207113120050324,-0.004450918363369997,0.18384776310850237,0.23256755992208045,0.18305278430019195,0.18305278430080207
4.5299999999998475,-0.02454822903564171,1.9690347072603906e-11,0.23255289307932742,1.2537619020414378e-10,-0.053274623174746925,0.03526250929898639,0.05327462327479215,42.60093836427462,4,True,balance,8.067378196424371e-05,-1.320735741668149,-0.00439707205614564,8.06737752359654e-05,-1.3207357417322583,-0.004397072053293314,0.18384776310850237,0.23256755992208045,0.18305380645832078,0.1830538064589224
4.539999999999851,-0.024198253641082933,1.9699367583380414e-11,0.23255306120303615,1.2359490815889814e-10,-0.05261182916235276,0.03478164569452978,0.05261182926644583,42.60093823969099,4,True,balance,7.95713321673504e-05,-1.3207599192247048,-0.004343700381750857,7.957132538486524e-05,-1.320759919288043,-0.0043437003789031075,0.18384776310850237,0.23256755992208045,0.1830548204153869,0.18305482041598006
4.549999999999854,-0.023853054002510064,1.9708236331328185e-11,0.2325532279386101,1.2183746834225115e-10,-0.05195538740903089,0.03430675166075351,0.051955387524293004,42.60093821802219,4,True,balance,7.848276342685343e-05,-1.320783845315772,-0.004290804794016452,7.848275659154745e-05,-1.3207838453784067,-0.004290804791170831,0.18384776310850237,0.23256755992208045,0.18305582613558652,0.18305582613617136
4.5599999999998575,-0.0235125707403078,1.9716950206522472e-11,0.23255339328599006,1.201048929281884e-10,-0.05130529804593094,0.033837769730306805,0.05130529805117505,42.60093829540328,4,True,balance,7.740793119077043e-05,-1.320807520721555,-0.004238386502064836,7.740792429181463e-05,-1.3208075207832908,-0.004238386499206116,0.18384776310850237,0.23256755992208045,0.18305682358676761,0.1830568235873443
4.569999999999861,-0.02317674504935288,1.9725529812825452e-11,0.23255355724535395,1.1839221334466403e-10,-0.050661558642246994,0.033374642472002336,0.050661558654863825,42.60093846804638,4,True,balance,7.634669155577249e-05,-1.3208309462920136,-0.004186446482334426,7.634668462568383e-05,-1.3208309463529253,-0.004186446479496174,0.18384776310850237,0.23256755992208045,0.18305781274032618,0.18305781274089464
4.579999999999864,-0.02284551869853797,1.9733963667683682e-11,0.2325537198171164,1.16702819949457e-10,-0.05002416431253351,0.03291731251149563,0.050024164320067184,42.60093873231391,4,True,balance,7.529890138221623e-05,-1.3208541229446766,-0.004134985487782529,7.529889440697684e-05,-1.3208541230048567,-0.004134985484938942,0.18384776310850237,0.23256755992208045,0.18305879357111113,0.18305879357167168
4.5899999999998675,-0.02251883403009353,1.9742256804746658e-11,0.232553881001928,1.1503564026175677e-10,-0.04939310782057847,0.03246572255110838,0.04939310779830924,42.60093908464794,4,True,balance,7.426441821924521e-05,-1.3208770516608084,-0.004084004056330094,7.426441120926884e-05,-1.3208770517201884,-0.00408400405349235,0.18384776310850237,0.23256755992208045,0.1830597660573233,0.18305976605787602
4.599999999999871,-0.022196633958715996,1.9750409033790176e-11,0.2325540408006746,1.1339108274922869e-10,-0.04876837967995628,0.03201981538882351,0.04876837965825174,42.60093952160621,4,True,balance,7.324310039554239e-05,-1.3208997334821224,-0.004033502519448784,7.324309335252062e-05,-1.3208997335407409,-0.004033502516619101,0.18384776310850237,0.23256755992208045,0.18306073018042085,0.18306073018096566
4.609999999999874,-0.02187886197051047,1.9758414905959407e-11,0.232554199214476,1.1177078504271689e-10,-0.04814996825133308,0.031579533936480934,0.048149968245885355,42.600940039840836,4,True,balance,7.223480700840029e-05,-1.320922169508165,-0.0039834810103473485,7.223479992492217e-05,-1.3209221695660212,-0.003983481007509155,0.18384776310850237,0.23256755992208045,0.18306168592502467,0.18306168592556185
4.6199999999998775,-0.021565462121755682,1.9766289151568246e-11,0.23255435624468448,1.101712372353254e-10,-0.04753785983662072,0.031144821237197532,0.04753785979165008,42.60094063610914,4,True,balance,7.123939793328151e-05,-1.3209443608931433,-0.003933939471842332,7.123939082657306e-05,-1.3209443609502831,-0.00393393946901585,0.18384776310850237,0.23256755992208045,0.18306263327882621,0.18306263327935585
4.629999999999881,-0.02125637903749894,1.97740325850406e-11,0.23255451189288334,1.0859258882257017e-10,-0.046932038770075735,0.03071562048203291,0.046932038755512204,42.60094130725578,4,True,balance,7.025673388695593e-05,-1.3209663088433719,-0.0038848776640969308,7.025672676171781e-05,-1.3209663088997217,-0.003884877661281551,0.18384776310850237,0.23256755992208045,0.18306357223249586,0.183063572233018
4.639999999999884,-0.02095155790998847,1.9781645373128257e-11,0.23255466616088494,1.0703512861445555e-10,-0.046332487506425074,0.030291875025929827,0.046332487495136104,42.60094205022147,4,True,balance,6.928667640030714e-05,-1.3209880146141382,-0.0038362951720348104,6.92866692549586e-05,-1.3209880146697695,-0.0038362951692236095,0.18384776310850237,0.23256755992208045,0.18306450277959493,0.1830645027801096
4.649999999999888,-0.020650944496950197,1.9789126108945496e-11,0.23255481905072853,1.0549945556956688e-10,-0.04573918670610252,0.029873528402947654,0.04573918667678087,42.6009428620394,4,True,balance,6.832908785521298e-05,-1.3210094795075344,-0.0037881914125715223,6.83290806903386e-05,-1.3210094795624618,-0.0037881914097652168,0.18384776310850237,0.23256755992208045,0.18306542491648672,0.18306542491699404
4.659999999999891,-0.02035448511971601,1.979647993643629e-11,0.23255497056467822,1.0398449556798941e-10,-0.04515211531768164,0.029460524340816092,0.045152115286668466,42.60094373982703,4,True,balance,6.73838314894278e-05,-1.3210307048696983,-0.0037405656415735217,6.738382431239669e-05,-1.3210307049238978,-0.0037405656387794043,0.18384776310850237,0.23256755992208045,0.18306633864225122,0.18306633864275154
4.669999999999894,-0.0200621266612101,1.980370988686031e-11,0.2325551207052204,1.0248978952998383e-10,-0.04457125065758795,0.02905280677482627,0.04457125058946703,42.60094468078721,4,True,balance,6.645077142437694e-05,-1.3210516920884132,-0.003693416960660789,6.645076423887257e-05,-1.3210516921418969,-0.0036934169578805563,0.18384776310850237,0.23256755992208045,0.18306724395860113,0.1830672439590943
4.679999999999898,-0.01977381656379995,1.981081494264964e-11,0.23255526947506097,1.0101587608392874e-10,-0.04399656848716407,0.02865031986108327,0.04399656843490475,42.600945682207595,4,True,balance,6.552977267492968e-05,-1.3210724425907587,-0.0036467443237662056,6.552976547758562e-05,-1.3210724426435314,-0.0036467443209886167,0.18384776310850237,0.23256755992208045,0.18306814086979792,0.18306814087028414
4.689999999999901,-0.0194895028270182,1.9817799239331803e-11,0.2325554168771228,9.956194327079038e-11,-0.0434280430871693,0.028253007989140273,0.04342804302973981,42.60094674145569,4,True,balance,6.462070114513121e-05,-1.3210929578407984,-0.0036005465434169087,6.462069394524621e-05,-1.3210929578929254,-0.0036005465406527535,0.18384776310850237,0.23256755992208045,0.18306902938257227,0.18306902938305164
4.699999999999904,-0.019209134005161475,1.9824661210962226e-11,0.23255556291454257,9.812865720973616e-11,-0.0428656473297832,0.027860815794034224,0.042865647255860805,42.60094785597796,4,True,balance,6.372342367587214e-05,-1.3211132393376601,-0.0035548222970060374,6.372341646747831e-05,-1.3211132393890743,-0.0035548222942505384,0.18384776310850237,0.23256755992208045,0.1830699095060431,0.1830699095065155
4.709999999999908,-0.018932659204772082,1.9831407916792532e-11,0.2325557075906677,9.671444563641404e-11,-0.04230935274819276,0.02747368816774193,0.04230935269817194,42.600949023293936,4,True,balance,6.28378080092512e-05,-1.3211332886130358,-0.003509570132620594,6.283780080346467e-05,-1.3211332886637466,-0.0035095701298766533,0.18384776310850237,0.23256755992208045,0.18307078125163959,0.18307078125210538
4.719999999999911,-0.018660028082008246,1.9838039185724984e-11,0.2325558509090531,9.53196419989086e-11,-0.041759129603830436,0.027091570270075135,0.04175912954649778,42.60095024100609,4,True,balance,6.196372284366862e-05,-1.3211531072293952,-0.0034647884748796255,6.196371563918486e-05,-1.3211531072794471,-0.0034647884721480103,0.18384776310850237,0.23256755992208045,0.18307164463302636,0.1830716446334855
4.729999999999914,-0.018391190839908342,1.9844557094130985e-11,0.23255599287345766,9.394393943456785e-11,-0.04121494695132946,0.02671440753903557,0.04121494697875782,42.60095150677655,4,True,balance,6.110103781713256e-05,-1.321172696778011,-0.0034204756304833266,6.110103061579017e-05,-1.321172696827422,-0.0034204756277612506,0.18384776310850237,0.23256755992208045,0.18307249966602565,0.18307249966647818
4.739999999999918,-0.018126098225554513,1.985096643718419e-11,0.23255613348784088,9.258637203243102e-11,-0.04067677270127195,0.026342145700643964,0.04067677273521104,42.60095281835433,4,True,balance,6.024962352052897e-05,-1.3211920588770951,-0.0033766297936389474,6.024961632689396e-05,-1.3211920589258714,-0.003376629790941803,0.18384776310850237,0.23256755992208045,0.18307334636854697,0.18307334636899297
4.749999999999921,-0.01786470152714081,1.985726394244686e-11,0.23255627275635923,9.124801762572564e-11,-0.04014457368078459,0.02597473077826377,0.040144573714015266,42.600954173538696,4,True,balance,5.94093515166098e-05,-1.3212111951699368,-0.003333249051255254,5.940934433195155e-05,-1.321211195218037,-0.0033332490485672287,0.18384776310850237,0.23256755992208045,0.18307418476051238,0.18307418476095208
4.759999999999924,-0.01760695257095078,1.9863450941711602e-11,0.23255641068336239,8.992875687378508e-11,-0.039618315692058544,0.025612109101432176,0.039618315724906164,42.60095557020826,4,True,balance,5.858009433418195e-05,-1.321230107322932,-0.0032903313880030057,5.858008715408667e-05,-1.3212301073704098,-0.0032903313853238484,0.18384776310850237,0.23256755992208045,0.1830750148637875,0.18307501486422081
4.769999999999928,-0.017352803718249342,1.986953280463407e-11,0.23255654727338929,8.862742391760802e-11,-0.03909796356884491,0.02525422731422163,0.03909796358840079,42.60095700630614,4,True,balance,5.776172547897724e-05,-1.3212487970245246,-0.003247874691249549,5.7761718315696636e-05,-1.321248797071388,-0.0032478746885882663,0.18384776310850237,0.23256755992208045,0.18307583670211217,0.18307583670253946
4.779999999999931,-0.017102207862093665,1.987551084025563e-11,0.23255668253116435,8.734397856913728e-11,-0.03858348123098823,0.024901032383139007,0.03858348126403148,42.60095847982588,4,True,balance,5.695411944507707e-05,-1.3212672659828562,-0.003205876755739983,5.69541123008279e-05,-1.3212672660291471,-0.003205876753089461,0.18384776310850237,0.23256755992208045,0.1830766503010328,0.18307665030145387
4.789999999999934,-0.016855118424067384,1.9881384649518416e-11,0.23255681646159343,8.607870954063788e-11,-0.038074831737061,0.024552471604585728,0.03807483172280014,42.6009599888426,4,True,balance,5.61571517234809e-05,-1.3212855159248424,-0.003164335288209539,5.615714459479372e-05,-1.3212855159704615,-0.00316433528558467,0.18384776310850237,0.23256755992208045,0.18307745568783643,0.1830774556882515
4.799999999999938,-0.016611489350942664,1.9887154903034232e-11,0.23255694906975974,8.483164667257133e-11,-0.03757197733515322,0.024208492611888153,0.03757197722817293,42.60096153147685,4,True,balance,5.537069879739449e-05,-1.3213035485941598,-0.0031232479118023277,5.537069167949555e-05,-1.3213035486391254,-0.0031232479091785324,0.18384776310850237,0.23256755992208045,0.18307825289148574,0.18307825289189486
4.809999999999941,-0.01637127511127421,1.9892829352992163e-11,0.2325570803609197,8.360100941359364e-11,-0.03707487951187669,0.023869043381915717,0.03707487940570091,42.60096310590819,4,True,balance,5.459463814327358e-05,-1.3213213657500582,-0.0030826121703231867,5.45946310486748e-05,-1.3213213657944463,-0.0030826121677242067,0.18384776310850237,0.23256755992208045,0.18307904194255506,0.1830790419429583
4.819999999999944,-0.01613443069192932,1.9898404828800022e-11,0.23255721034049892,8.238784545862112e-11,-0.03658349903963344,0.02353407224129963,0.03658349891107171,42.60096471038143,4,True,balance,5.382884825420449e-05,-1.3213389691659838,-0.003042425532447501,5.382884118163344e-05,-1.321338969209814,-0.0030424255298693707,0.18384776310850237,0.23256755992208045,0.18307982287317048,0.18307982287356792
4.829999999999948,-0.015900911594557858,1.990387985095094e-11,0.23255733901408748,8.11927224827351e-11,-0.03609779602219612,0.023203527872267666,0.03609779593068407,42.60096634319112,4,True,balance,5.3073208630253825e-05,-1.3213563606283323,-0.003002685395679595,5.307320157750872e-05,-1.3213563606715641,-0.0030026853931037754,0.18384776310850237,0.23256755992208045,0.18308059571694696,0.1830805957173388
4.839999999999951,-0.01567067383200594,1.9909264171140112e-11,0.23255746638743632,8.001333827656247e-11,-0.03561772993866755,0.022877359318104317,0.03561772985481589,42.60096800268153,4,True,balance,5.2327599780103495e-05,-1.3213735419348265,-0.002963389090173871,5.232759275468679e-05,-1.3213735419774835,-0.002963389087628969,0.18384776310850237,0.23256755992208045,0.18308136050893123,0.18308136050931728
4.849999999999954,-0.015443673924677034,1.991455191702439e-11,0.23255759246645247,7.885142212752067e-11,-0.03514325968585394,0.022555515988253828,0.035143259609472316,42.60096968725747,4,True,balance,5.159190323880991e-05,-1.321390514893637,-0.0029245338826017525,5.159189623535329e-05,-1.3213905149357492,-0.00292453388006597,0.18384776310850237,0.23256755992208045,0.18308211728554183,0.1830821172859224
4.859999999999958,-0.015219868896843911,1.9919747846129837e-11,0.23255771725719473,7.770591776765634e-11,-0.03467434361910791,0.022237947663076286,0.034674343512084746,42.60097139537227,4,True,balance,5.086600154770073e-05,-1.321407281322056,-0.0028861169796424104,5.086599456794932e-05,-1.3214072813635798,-0.002886116977120336,0.18384776310850237,0.23256755992208045,0.18308286608451457,0.18308286608488963
4.869999999999961,-0.014999216272914902,1.9924856097304386e-11,0.23255784076586958,7.65759726056881e-11,-0.034210939591687285,0.021924604498267816,0.034210939467686455,42.60097312552281,4,True,balance,5.0149778273320414e-05,-1.3214238430452925,-0.00284813553153045,5.014977132414437e-05,-1.3214238430862704,-0.00284813552903007,0.18384776310850237,0.23256755992208045,0.18308360694484546,0.18308360694521497
4.879999999999964,-0.014781674073657741,1.9929882226685854e-11,0.23255796299882653,7.546035725477256e-11,-0.03375300499267352,0.02161543702895916,0.03375300486889546,42.600974876258284,4,True,balance,4.9443118001366275e-05,-1.3214402018955205,-0.0028105866354211488,4.9443111089012556e-05,-1.321440201935867,-0.0028105866329381766,0.18384776310850237,0.23256755992208045,0.1830843399067377,0.18308433990710216
4.889999999999968,-0.014567200812384131,1.9934822951905407e-11,0.2325580839625538,7.436019505872042e-11,-0.033300496783495066,0.021310396173502746,0.03330049665240031,42.60097664618345,4,True,balance,4.8745906348796865e-05,-1.3214563597106985,-0.002773467338649038,4.874589946907308e-05,-1.3214563597505657,-0.002773467336186114,0.18384776310850237,0.23256755992208045,0.1830850650115501,0.18308506501190921
4.899999999999971,-0.014355755491098117,1.9939676878331566e-11,0.23255820366367405,7.327594840731575e-11,-0.03285337153309781,0.021009433236958818,0.03285337138296601,42.600978433932355,4,True,balance,4.805802995421119e-05,-1.3214723183338049,-0.0027367746418694686,4.805802310382266e-05,-1.321472318373124,-0.0027367746394195897,0.18384776310850237,0.23256755992208045,0.1830857823017434,0.18308578230209735
4.909999999999974,-0.014147297596611177,1.9944447677268017e-11,0.23255832210893979,7.220684721809122e-11,-0.03241158545180924,0.020712499914292287,0.032411585266162724,42.60098023819548,4,True,balance,4.737937647021983e-05,-1.3214880796115627,-0.002700505502083806,4.7379369656416616e-05,-1.3214880796503266,-0.002700505499653913,0.18384776310850237,0.23256755992208045,0.18308649182083156,0.1830864918211804
4.919999999999978,-0.013941787096626924,1.9949136677146e-11,0.23255843930522915,7.115267290548428e-11,-0.031975094423930775,0.020419548293290225,0.031975094253668214,42.60098205770275,4,True,balance,4.670983458361326e-05,-1.3215036453935793,-0.0026646568356134518,4.6709827806485357e-05,-1.3215036454317959,-0.002664656833197157,0.18384776310850237,0.23256755992208045,0.18308719361333237,0.1830871936136762
4.929999999999981,-0.013739184435798074,1.9953748908208064e-11,0.23255855525954147,7.011237928434764e-11,-0.03154385403910282,0.020130530857211847,0.031543853903313976,42.60098389122783,4,True,balance,4.6049294003721446e-05,-1.3215190175317453,-0.0026292255208461486,4.604928726788408e-05,-1.3215190175694826,-0.0026292255184552694,0.18384776310850237,0.23256755992208045,0.18308788772472012,0.183087887725059
4.939999999999984,-0.013539450531758397,1.9958278901042793e-11,0.23255866997899283,6.908751860314274e-11,-0.031117819622477207,0.019845400487175716,0.03111781943847898,42.60098573758415,4,True,balance,4.539764546355201e-05,-1.321534197879054,-0.0025942084010598912,4.539763876067526e-05,-1.3215341979162485,-0.00259420839868795,0.18384776310850237,0.23256755992208045,0.18308857420137895,0.18308857420171296
4.949999999999988,-0.013342546771132124,1.9962733961410467e-11,0.23255878347081185,6.807636025159659e-11,-0.030696946263737455,0.019564110464301607,0.0306969460620637,42.60098759562648,4,True,balance,4.4754780716641514e-05,-1.3215491882889585,-0.002559602286991968,4.4754774055126425e-05,-1.3215491883256623,-0.002559602284638042,0.18384776310850237,0.23256755992208045,0.1830892530905564,0.18308925309088558
4.959999999999991,-0.01314843500552333,1.996711330073763e-11,0.23255889574233543,6.70792763948439e-11,-0.030281188845005226,0.01928661447160772,0.030281188851192024,42.600989464231745,4,True,balance,4.412059254142413e-05,-1.3215639906144194,-0.002525403959397776,4.412058592407293e-05,-1.321563990650658,-0.002525403957070889,0.18384776310850237,0.23256755992208045,0.18308992444031993,0.1830899244406443
4.969999999999994,-0.012957077547487556,1.9971402346967045e-11,0.23255900680100405,6.610007983643103e-11,-0.029870502067656488,0.019012866595680643,0.029870502056936088,42.60099134235483,4,True,balance,4.34949747330097e-05,-1.3215786067074837,-0.002491610171546583,4.349496814172446e-05,-1.3215786067432391,-0.0024916101692208565,0.18384776310850237,0.23256755992208045,0.18309058829951586,0.18309058829983554
4.979999999999998,-0.012768437166488015,1.9975616631777893e-11,0.23255911665435813,6.513485786107454e-11,-0.029464840478095975,0.01874282132811894,0.029464840485754967,42.60099322894527,4,True,balance,4.2877822105770446e-05,-1.321593038418355,-0.00245821765144663,4.287781554998003e-05,-1.3215930384535741,-0.002458217649139441,0.18384776310850237,0.23256755992208045,0.18309124471772306,0.1830912447180382
4.990000000000001,-0.01258247708483854,1.9979763666468755e-11,0.23255922531003334,6.41819254164501e-11,-0.029064158492522692,0.018476433566762207,0.02906415851370887,42.600995123012034,4,True,balance,4.2269030486003714e-05,-1.3216072875944769,-0.0024252231042707077,4.226902397889094e-05,-1.3216072876292007,-0.0024252231019928406,0.18384776310850237,0.23256755992208045,0.18309189374521573,0.18309189374552626
5.000000000000004,-0.012399160973635357,1.9983837079634316e-11,0.23255933277575666,6.324312370843377e-11,-0.028668410420705365,0.01821365861671775,0.02866841041530323,42.600997023586544,4,True,balance,4.166849672757681e-05,-1.321621356080332,-0.0023926232145010397,4.1668490255837434e-05,-1.3216213561145882,-0.002392623212238479,0.18384776310850237,0.23256755992208045,0.1830925354329216,0.1830925354332276
5.010000000000008,-0.012218452948679712,1.998784299733719e-11,0.232559439059342,6.231696094174845e-11,-0.028277550488810522,0.017954452191184866,0.028277550449333354,42.6009989297438,4,True,balance,4.1076118678092084e-05,-1.3216352457166294,-0.0023604146480003143,4.1076112250522236e-05,-1.3216352457503953,-0.002360414645755196,0.18384776310850237,0.23256755992208045,0.18309316983238394,0.1830931698326855
5.020000000000011,-0.012040317566393307,1.999178307581198e-11,0.2325595441686862,6.140319714370683e-11,-0.027891532861309073,0.01769877041209003,0.027891532833770695,42.60100084059066,4,True,balance,4.0491795202455745e-05,-1.321648958339642,-0.0023285940540817003,4.0491788823412835e-05,-1.3216489583729982,-0.0023285940518684213,0.18384776310850237,0.23256755992208045,0.18309379699572398,0.18309379699602107
5.0300000000000145,-0.011864719819728387,1.999565419999979e-11,0.23255964811176513,6.050274678638628e-11,-0.027510311661995118,0.01744656981053991,0.027510311664849064,42.60100275525496,4,True,balance,3.991542617802357e-05,-1.3216624957808014,-0.0022971580674764265,3.991541984247809e-05,-1.3216624958136571,-0.0022971580652795726,0.18384776310850237,0.23256755992208045,0.18309441697560364,0.18309441697589637
5.040000000000018,-0.011691625134074294,1.9999457508357457e-11,0.23255975089662942,5.961543792238401e-11,-0.027133840994141085,0.017197807327094857,0.02713384097650422,42.60100467291092,4,True,balance,3.934691247123406e-05,-1.3216758598658698,-0.002266103310195777,3.9346906178915616e-05,-1.321675859898275,-0.0022661033080112664,0.18384776310850237,0.23256755992208045,0.18309502982519038,0.18309502982547907
5.050000000000021,-0.011520999363162188,2.0003196438030083e-11,0.23255985253140082,5.874054466696838e-11,-0.02676207495982052,0.01695244031187829,0.026762074926873932,42.6010065927498,4,True,balance,3.8786155957507255e-05,-1.3216890524147373,-0.002235426393337078,3.878614970932538e-05,-1.3216890524467555,-0.0022354263911763456,0.18384776310850237,0.23256755992208045,0.1830956355981226,0.18309563559840691
5.0600000000000245,-0.011352808784969609,2.000686978543881e-11,0.23255995302426796,5.7878460514772216e-11,-0.026394967678424367,0.016710426524518273,0.026394967626908832,42.60100851400229,4,True,balance,3.8233059499946966e-05,-1.321702075240764,-0.0022051239188749113,3.823305329538916e-05,-1.3217020752723043,-0.002205123916730971,0.18384776310850237,0.23256755992208045,0.18309623434847488,0.18309623434875508
5.070000000000028,-0.011187020097626448,2.0010483898622882e-11,0.23256005238348268,5.702771383936015e-11,-0.026032473304393476,0.0164717241339389,0.026032473289531597,42.60101043592226,4,True,balance,3.76875269546046e-05,-1.321714930150358,-0.0021751924813044267,3.768752079754016e-05,-1.3217149301814743,-0.0021751924791837463,0.18384776310850237,0.23256755992208045,0.1830968261307265,0.1830968261310026
5.080000000000031,-0.011023600415323867,2.001403510816775e-11,0.23256015061735616,5.618933906247776e-11,-0.025674546044200382,0.01623629171799791,0.025674545964713063,42.601012357793564,4,True,balance,3.714946316877586e-05,-1.321727618942491,-0.002145628669271192,3.7149457059635e-05,-1.3217276189731668,-0.002145628667166505,0.18384776310850237,0.23256755992208045,0.1830974109997293,0.1830974110000015
5.0900000000000345,-0.010862517264227609,2.00175230683163e-11,0.23256024773425527,5.536356022723176e-11,-0.025321140172596977,0.016004088262983423,0.025321140086092608,42.60101427892252,4,True,balance,3.6618773972618255e-05,-1.3217401434083498,-0.0021164290670995516,3.6618767906351626e-05,-1.3217401434385596,-0.002116429065013857,0.18384776310850237,0.23256755992208045,0.18309798901067603,0.18309798901094426
5.100000000000038,-0.010703738578397112,2.0020951952811333e-11,0.23256034374259882,5.4549433054353415e-11,-0.024972210048159006,0.01577507316297245,0.024972209939223246,42.601016198648104,4,True,balance,3.609536616629461e-05,-1.3217525053307766,-0.002087590256301726,3.6095360149371865e-05,-1.3217525053606474,-0.002087590254238081,0.18384776310850237,0.23256755992208045,0.1830985602190712,0.1830985602193355
5.110000000000041,-0.010547232695711761,2.0024316081212915e-11,0.2325604386508541,5.37484548156975e-11,-0.024627710128146928,0.015549206219058753,0.024627710089624,42.60101811633314,4,True,balance,3.5579147539141995e-05,-1.3217647064841291,-0.0020591088170320783,3.557914156585871e-05,-1.3217647065135771,-0.0020591088149879756,0.18384776310850237,0.23256755992208045,0.1830991246807014,0.18309912468096182
5.1200000000000445,-0.010392968353805567,2.0027618525868183e-11,0.23256053246753314,5.295991937778404e-11,-0.024287594982703616,0.015326447638453587,0.024287594855934395,42.601020031363234,4,True,balance,3.507002683743968e-05,-1.3217767486337597,-0.002030981329414177,3.50700209026613e-05,-1.3217767486627745,-0.002030981327378874,0.18384776310850237,0.23256755992208045,0.18309968245160813,0.18309968245186475
5.130000000000048,-0.010240914686011493,2.0030868090931995e-11,0.23256062520118917,5.2181671455699715e-11,-0.02395181930841522,0.015106758033467069,0.023951819182696173,42.60102194314604,4,True,balance,3.456791376813382e-05,-1.321788633535575,-0.0020032043748747625,3.4567907884459414e-05,-1.3217886335642113,-0.0020032043728612837,0.18384776310850237,0.23256755992208045,0.1831002335880585,0.18310023358831135
5.140000000000051,-0.010091041217316613,2.0034068957613922e-11,0.2325607168604134,5.141283517629008e-11,-0.023620337941257466,0.014890098420374394,0.023620337750239848,42.60102385111706,4,True,balance,3.40727190086473e-05,-1.3218003629360224,-0.001975774537431332,3.407271318104143e-05,-1.321800362964217,-0.0019757745354431256,0.18384776310850237,0.23256755992208045,0.18310077814652068,0.18310077814676998
5.1500000000000545,-0.009943317860329218,2.0037214994350112e-11,0.23256080745383156,5.0655126858058774e-11,-0.023293105868940293,0.014676430218170515,0.023293105743739693,42.60102575473425,4,True,balance,3.358435419806258e-05,-1.3218119385714318,-0.0019486884049198527,3.3584348420271356e-05,-1.3218119385992693,-0.0019486884029556574,0.18384776310850237,0.23256755992208045,0.1831013161836364,0.18310131618388192
5.160000000000058,-0.00979771491125896,2.0040304540228182e-11,0.2325608969901006,4.990898774875465e-11,-0.022970078242679555,0.014465715247221464,0.022970078132041903,42.601027653473054,4,True,balance,3.3102731904602235e-05,-1.3218233621679996,-0.0019219425700862938,3.310272617218661e-05,-1.3218233621954287,-0.001921942568135318,0.18384776310850237,0.23256755992208045,0.18310184775619784,0.18310184775643976
5.170000000000061,-0.009654203045911016,2.0043338473393578e-11,0.2325609854779055,4.9174282094195586e-11,-0.022651210388408755,0.014257915727813986,0.022651210283138566,42.601029546839094,4,True,balance,3.262776565136793e-05,-1.3218346354413364,-0.0018955336317571542,3.262775996677548e-05,-1.3218346354684327,-0.001895533629825341,0.18384776310850237,0.23256755992208045,0.18310237292112197,0.18310237292136028
5.1800000000000646,-0.009512753315695337,2.0046315169046068e-11,0.23256107292595604,4.8451482021018705e-11,-0.022336457817453026,0.014052994278609097,0.02233645763603872,42.60103143434968,4,True,balance,3.215936990191172e-05,-1.3218457600963605,-0.0018694581959201337,3.2159364258593986e-05,-1.3218457601230527,-0.0018694581940029693,0.18384776310850237,0.23256755992208045,0.18310289173542788,0.1831028917356628
5.190000000000068,-0.009373337143651815,2.0049241915847423e-11,0.23256115934298377,4.773879980045761e-11,-0.022025776236684978,0.01385091391500534,0.022025776021276828,42.60103331554568,4,True,balance,3.169746004125399e-05,-1.321856737826849,-0.0018437128766769118,3.169745444738997e-05,-1.3218567378531614,-0.001843712874782534,0.18384776310850237,0.23256755992208045,0.18310340425621385,0.1831034042564453
5.200000000000071,-0.009235926320492324,2.005212112942677e-11,0.2325612447377389,4.7035753980675786e-11,-0.021719121558176218,0.01365163804741478,0.02171912135300641,42.601035189988,4,True,balance,3.124195239206697e-05,-1.321867570315465,-0.0018182942973065778,3.124194684838991e-05,-1.3218675703414113,-0.0018182942954320504,0.18384776310850237,0.23256755992208045,0.18310391054063552,0.1831039105408637
5.210000000000075,-0.00910049300066047,2.0054951638547573e-11,0.23256132911898733,4.634272541073726e-11,-0.021416449908362445,0.01345513047945463,0.021416449752450568,42.601037057256406,4,True,balance,3.07927641941222e-05,-1.3218782592333433,-0.0017931990911328832,3.0792758702906754e-05,-1.3218782592589395,-0.0017931990892809167,0.18384776310850237,0.23256755992208045,0.1831044106458852,0.18310441064611
5.220000000000078,-0.00896700969840983,2.005773234216628e-11,0.23256141249550796,4.566006568068604e-11,-0.021117717636739537,0.013261355406062091,0.02111771743905072,42.60103891695369,4,True,balance,3.0349813606501405e-05,-1.3218888062400647,-0.0017684239024649102,3.0349808161948502e-05,-1.3218888062652592,-0.0017684239006244328,0.18384776310850237,0.23256755992208045,0.1831049046291711,0.18310490462939252
5.230000000000081,-0.008835449283901495,2.0060467985527378e-11,0.23256149487608963,4.498668731226499e-11,-0.020822881324108724,0.013070277411532721,0.020822881135946072,42.60104076868952,4,True,balance,2.991301968899379e-05,-1.3218992129831224,-0.001743965387383694,2.991301429302789e-05,-1.3218992130080018,-0.001743965385563642,0.18384776310850237,0.23256755992208045,0.18310539254769667,0.18310539254791497
5.240000000000085,-0.008705784979321606,2.006315872910889e-11,0.23256157626952847,4.432260764414835e-11,-0.020531897790385566,0.01288186146748805,0.02053189755015646,42.60104261210096,4,True,balance,2.9482302408865544e-05,-1.3219094810982877,-0.0017198202146405499,2.9482297066476253e-05,-1.3219094811227998,-0.0017198202128415384,0.18384776310850237,0.23256755992208045,0.1831058744586432,0.18310587445885843
5.250000000000088,-0.00857799035501958,2.0065805236741757e-11,0.2325616566846252,4.3667766202205877e-11,-0.020244724101984343,0.012696072930776006,0.020244723832322828,42.60104444683789,4,True,balance,2.9057582637460244e-05,-1.3219196122089591,-0.0016959850663741578,2.905757734250252e-05,-1.3219196122331198,-0.0016959850645905715,0.18384776310850237,0.23256755992208045,0.18310635041915013,0.1831063504193621
5.260000000000091,-0.008452039325667703,2.0068405238539752e-11,0.23256173613018244,4.3022772985655217e-11,-0.01996131757879648,0.012512877541306897,0.019961317380894034,42.60104627256554,4,True,balance,2.863878212674527e-05,-1.321929607926295,-0.0016724566388859028,2.8638776882753396e-05,-1.3219296079501588,-0.0016724566371263876,0.18384776310850237,0.23256755992208045,0.18310682048629712,0.183106820486506
5.270000000000095,-0.008327906146442682,2.0070958417765916e-11,0.23256181461500217,4.2387749161771197e-11,-0.019681635800775477,0.01233224141982931,0.01968163562740687,42.601048088972725,4,True,balance,2.8225823516901005e-05,-1.3219394698490556,-0.001649231643290782,2.8225818317517547e-05,-1.3219394698725537,-0.0016492316415475576,0.18384776310850237,0.23256755992208045,0.1831072847170885,0.18310728471729426
5.280000000000098,-0.008205565409229782,2.0073471165850862e-11,0.23256189214788334,4.176114146204208e-11,-0.01940563661414201,0.012154131065647944,0.019405636496702565,42.60104989575205,4,True,balance,2.7818630322831528e-05,-1.3219491995632446,-0.0016263068062538088,2.7818625173897514e-05,-1.3219491995864274,-0.0016263068045322667,0.18384776310850237,0.23256755992208045,0.18310774316843467,0.18310774316863732
5.290000000000101,-0.008084992038850061,2.0075941823506964e-11,0.23256196873761933,4.114348311367516e-11,-0.01913327813722592,0.011978513354287871,0.019133278010116463,42.6010516926184,4,True,balance,2.7417126934537563e-05,-1.3219587986422843,-0.001603678870576865,2.7417121838270296e-05,-1.3219587986651538,-0.0016036788688730457,0.18384776310850237,0.23256755992208045,0.18310819589713764,0.18310819589733746
5.300000000000105,-0.007966161289311246,2.0078369779477257e-11,0.2325620443929958,4.0534973664659826e-11,-0.018864518765951604,0.011805355535107337,0.01886451860586056,42.60105347929655,4,True,balance,2.7021238610134338e-05,-1.3219682686467176,-0.0015813445958374449,2.7021233562505465e-05,-1.3219682686692311,-0.0015813445941513917,0.18384776310850237,0.23256755992208045,0.18310864295987478,0.18310864296007168
5.310000000000108,-0.007849048740082762,2.0080758298151718e-11,0.23256211912278796,3.9934883297067563e-11,-0.018599317178986125,0.0116346252288644,0.018599317015292546,42.60105525553342,4,True,balance,2.663089146008023e-05,-1.3219776111242205,-0.0015593007589522958,2.663088646562356e-05,-1.3219776111464474,-0.0015593007572843375,0.18384776310850237,0.23256755992208045,0.18310908441318455,0.18310908441337856
5.320000000000111,-0.00773363029239534,2.0083102684252343e-11,0.23256219293575875,3.934445018632771e-11,-0.01833763234255851,0.011466290425235054,0.01833763216618126,42.60105702108197,4,True,balance,2.624601245132298e-05,-1.3219868276094797,-0.0015375441547011437,2.6246007506182764e-05,-1.3219868276314286,-0.0015375441530570049,0.18384776310850237,0.23256755992208045,0.1831095203134522,0.18310952031364336
5.330000000000115,-0.00761988216556567,2.0085397831965375e-11,0.23256226584065653,3.87649655720099e-11,-0.018079423514960703,0.011300319480291953,0.0180794233984276,42.60105877570895,4,True,balance,2.586652940267925e-05,-1.3219959196241426,-0.0015160715962917886,2.5866524490615113e-05,-1.321995919645715,-0.0015160715946479274,0.18384776310850237,0.23256755992208045,0.1831099507168955,0.18310995071708383
5.340000000000118,-0.007507780893346499,2.0087660040100396e-11,0.232562337846213,3.8192286926312096e-11,-0.017824650250746917,0.011136681113941727,0.01782465018558171,42.601060519198626,4,True,balance,2.5492370943543103e-05,-1.3220048886765836,-0.0014948799157595354,2.5492366086003603e-05,-1.3220048886978264,-0.0014948799141458384,0.18384776310850237,0.23256755992208045,0.18311037567955285,0.18311037567973829
5.350000000000121,-0.007397303320302555,2.0089887282900753e-11,0.23256240896114103,3.762712092468162e-11,-0.017573272404634577,0.010975344407325907,0.017573272328057856,42.60106225134229,4,True,balance,2.51234665661785e-05,-1.3220137362620674,-0.001473965964558486,2.512346175820547e-05,-1.3220137362830393,-0.0014739659629593017,0.18384776310850237,0.23256755992208045,0.18311079525726945,0.18311079525745222
5.360000000000125,-0.007288426598212664,2.0092079160526185e-11,0.23256247919413295,3.706958853561411e-11,-0.017325250135126664,0.010816278800187032,0.017325250077456403,42.60106397194747,4,True,balance,2.4759746579296026e-05,-1.3220224638626326,-0.001453326613868088,2.4759741823810633e-05,-1.322022463883311,-0.0014533266122951102,0.18384776310850237,0.23256755992208045,0.18311120950568568,0.18311120950586574
5.370000000000128,-0.007181128182498367,2.009423492782902e-11,0.2325625485538584,3.65199974541071e-11,-0.01708054390785952,0.010659454088202718,0.017080543842899306,42.601065680829976,4,True,balance,2.4401142104417455e-05,-1.322031072946877,-0.0014329587550829363,2.440113739796554e-05,-1.322031072967269,-0.0014329587535217034,0.18384776310850237,0.23256755992208045,0.1831116184802256,0.18311161848040305
5.380000000000131,-0.007075385828679381,2.009635317336988e-11,0.2325626170489626,3.597870747975544e-11,-0.016839114498686882,0.010504840420289414,0.016839114367637423,42.60106737781817,4,True,balance,2.4047585077932377e-05,-1.32203956497018,-0.0014128593001734087,2.4047580418608994e-05,-1.3220395649903016,-0.00141285929863161,0.18384776310850237,0.23256755992208045,0.18311202223608541,0.18311202223626036
5.390000000000135,-0.006971177588856162,2.0098435139506083e-11,0.23256268468806446,3.544545855669591e-11,-0.016600922996511263,0.010352408295879599,0.01660092278772239,42.601069062751925,4,True,balance,2.369900824452066e-05,-1.3220479413745803,-0.0013930251820436156,2.3699003631903082e-05,-1.3220479413944446,-0.0013930251805215883,0.18384776310850237,0.23256755992208045,0.1831124208282232,0.18311242082839552
5.400000000000138,-0.006868481808219851,2.0100477204757036e-11,0.23256275147975491,3.4921151014626e-11,-0.016365930805876307,0.010202128562171653,0.016365930626986852,42.601070735482715,4,True,balance,2.335534514332997e-05,-1.3220562035885939,-0.0013734533548733256,2.3355340574421894e-05,-1.322056203608153,-0.0013734533533628515,0.18384776310850237,0.23256755992208045,0.18311281431134813,0.18311281431151794
5.410000000000141,-0.006767277121589843,2.0102485803860808e-11,0.23256281743259524,3.440421520373212e-11,-0.016134099649318976,0.010053972411357982,0.01613409958617523,42.60107239586313,4,True,balance,2.3016530098505362e-05,-1.322064353027357,-0.001354140794432587,2.3016525577856967e-05,-1.322064353046629,-0.0013541407929392373,0.18384776310850237,0.23256755992208045,0.18311320273991138,0.18311320274007867
5.420000000000145,-0.00666754244997919,2.0104458742314042e-11,0.2325628825551154,3.38952804670104e-11,-0.015905391569496555,0.00990791137783156,0.01590539158676456,42.601074043773096,4,True,balance,2.268249822935747e-05,-1.3220723910926246,-0.001335084498410801,2.2682493755551487e-05,-1.3220723911116539,-0.0013350844969306412,0.18384776310850237,0.23256755992208045,0.18311358616809675,0.18311358616826154
5.430000000000148,-0.0065692569971880594,2.010639653921671e-11,0.2325629468558125,3.339424541389204e-11,-0.015679768931097595,0.00976391733537223,0.015679768910079606,42.60107567908601,4,True,balance,2.2353185426016864e-05,-1.3220803191727586,-0.0013162814866352088,2.235318099785384e-05,-1.3220803191914694,-0.0013162814851737875,0.18384776310850237,0.23256755992208045,0.1831139646498114,0.1831139646499738
5.440000000000151,-0.006472400246425418,2.0108303965150792e-11,0.23256301034314927,3.289992857848998e-11,-0.015457194422547726,0.009621962494316088,0.015457194464720237,42.60107730169452,4,True,balance,2.2028528352490085e-05,-1.3220881386425243,-0.0012977288013673396,2.2028523971981434e-05,-1.3220881386609864,-0.0012977287999203348,0.18384776310850237,0.23256755992208045,0.18311433823867687,0.18311433823883694
5.450000000000155,-0.006376951956959117,2.01101816512105e-11,0.23256307302555276,3.24122636573179e-11,-0.015237631057511723,0.009482019398708937,0.015237631022667699,42.60107891148969,4,True,balance,2.170846443204742e-05,-1.3220958508633796,-0.0012794235075197357,2.170846010063849e-05,-1.3220958508815963,-0.0012794235060972477,0.18384776310850237,0.23256755992208045,0.18311470698802237,0.18311470698817997
5.460000000000158,-0.006282892160794511,2.0112027243126786e-11,0.2325631349114127,3.1931877054312515e-11,-0.015021042176203021,0.009344060923445452,0.015021042109209749,42.601080508384,4,True,balance,2.139293185209758e-05,-1.3221034571833596,-0.0012613626929041364,2.1392927568059827e-05,-1.3221034572013028,-0.0012613626914971725,0.18384776310850237,0.23256755992208045,0.18311507095087545,0.18311507095103083
5.470000000000161,-0.006190201159381766,2.0113838485504178e-11,0.2325631960090803,3.145937839907767e-11,-0.01480739144650823,0.009208060271396692,0.01480739139410898,42.601082092288166,4,True,balance,2.1081869544114894e-05,-1.3221109589370559,-0.0012435434684128293,2.10818652985931e-05,-1.3221109589547244,-0.0012435434670170587,0.18384776310850237,0.23256755992208045,0.18311543017995605,0.18311543018010903
5.480000000000165,-0.006098859520351943,2.0115622019942465e-11,0.23256325632686692,3.0993095296433004e-11,-0.014596642864933111,0.009073990970526542,0.014596642775905609,42.60108366312488,4,True,balance,2.0775217175570787e-05,-1.322118357445664,-0.001225962968169174,2.07752129797524e-05,-1.3221183574631143,-0.0012259629667937622,0.18384776310850237,0.23256755992208045,0.18311578472766885,0.1831157847278197
5.490000000000168,-0.006008848074281976,2.011737779959828e-11,0.23256331587304277,3.0533124630373217e-11,-0.014388760757377517,0.008941826870998251,0.014388760674810513,42.60108522082672,4,True,balance,2.0472915163753555e-05,-1.3221256540171336,-0.0012086183497879452,2.047291101503204e-05,-1.322125654034333,-0.0012086183484241264,0.18384776310850237,0.23256755992208045,0.18311613464609644,0.18311613464624513
5.500000000000171,-0.005920147911488622,2.0119103929998526e-11,0.2325633746558358,3.00799671856875e-11,-0.014183709779747046,0.008811542142274647,0.014183709732684546,42.601086765327054,4,True,balance,2.0174904647242795e-05,-1.3221328499459943,-0.001191506794417275,2.017490054121738e-05,-1.3221328499629459,-0.0011915067930727745,0.18384776310850237,0.23256755992208045,0.1831164799869938,0.18311647998714015
5.510000000000175,-0.005832740378851462,2.012079964405997e-11,0.23256343268343058,2.963382587493172e-11,-0.013981454918406046,0.008683111270210554,0.013981454875496685,42.601088296575405,4,True,balance,1.9881127489412133e-05,-1.3221399465134962,-0.0011746255069697684,1.9881123426006488e-05,-1.3221399465302086,-0.0011746255056439162,0.18384776310850237,0.23256755992208045,0.18311682080178177,0.18311682080192587
5.520000000000178,-0.005746607076664971,2.012246251698545e-11,0.2325634899639672,2.91953486380781e-11,-0.013781961490482069,0.008556509054141353,0.013781961458957364,42.601089814517266,4,True,balance,1.9591526269277803e-05,-1.3221469449876568,-0.0011579717161664474,1.959152224665746e-05,-1.3221469450041017,-0.0011579717148456506,0.18384776310850237,0.23256755992208045,0.18311715714154123,0.1831171571416834
5.530000000000181,-0.005661729855519764,2.0124099880694033e-11,0.23256354650554015,2.8762666135236046e-11,-0.013585195144022419,0.00843171060396728,0.013585195129923525,42.60109131911679,4,True,balance,1.930604426051581e-05,-1.3221538466231535,-0.0011415426746914416,1.9306040285946492e-05,-1.3221538466393699,-0.0011415426733913851,0.18384776310850237,0.23256755992208045,0.18311748905700928,0.18311748905714934
5.540000000000185,-0.005578090813212977,2.0125712955866566e-11,0.23256360231619724,2.8335567683798672e-11,-0.013391121858012948,0.008308691337236789,0.013391121864055692,42.60109281033593,4,True,balance,1.9024625457619822e-05,-1.3221606526616767,-0.0011253356592970372,1.902462153262153e-05,-1.3221606526777065,-0.0011253356580152847,0.18384776310850237,0.23256755992208045,0.18311781659857224,0.18311781659871026
5.550000000000188,-0.005495672291687851,2.0127298700219762e-11,0.23256365740393897,2.7914849810873562e-11,-0.013199707942263283,0.008187426976226637,0.013199707839293237,42.60109428814792,4,True,balance,1.8747214546806717e-05,-1.3221673643317582,-0.0011093479708511546,1.8747210664201597e-05,-1.3221673643475162,-0.0011093479695795992,0.18384776310850237,0.23256755992208045,0.1831181398162628,0.18311813981639868
5.5600000000001915,-0.005414456874002495,2.0128863487142604e-11,0.23256371177671734,2.749892974953422e-11,-0.013010920037164283,0.008067893545023413,0.013010919856656691,42.60109575252983,4,True,balance,1.847375688851485e-05,-1.3221739828487438,-0.0010935769344161477,1.8473753054485564e-05,-1.3221739828642762,-0.001093576933162732,0.18384776310850237,0.23256755992208045,0.1831184587597538,0.18311845875988775
5.570000000000195,-0.005334427381327833,2.0130402260836735e-11,0.232563765442435,2.7089162030790536e-11,-0.012824725113326293,0.007950067366606969,0.012824724829947667,42.601097203463354,4,True,balance,1.820419853647782e-05,-1.3221805094150203,-0.0010780198993044692,1.8204194748304106e-05,-1.3221805094303416,-0.0010780198980737037,0.18384776310850237,0.23256755992208045,0.18311877347835617,0.18311877347848807
5.580000000000198,-0.005255566869974719,2.013191312622873e-11,0.2325638184089445,2.668602205656592e-11,-0.012641090471096105,0.007833925059933761,0.012641090150789224,42.6010986409367,4,True,balance,1.7938486219316836e-05,-1.3221869452200847,-0.0010626742391462525,1.7938482469146415e-05,-1.3221869452352026,-0.0010626742379276132,0.18384776310850237,0.23256755992208045,0.18311908402101365,0.18311908402114344
5.5900000000002015,-0.005177858628450173,2.013339270790049e-11,0.2325638706840475,2.6290320849658668e-11,-0.012459983739964622,0.007719443537026286,0.01245998338225436,42.60110006494438,4,True,balance,1.767656732406166e-05,-1.32219329144049,-0.0010475373518881615,1.7676563611735585e-05,-1.3221932914553791,-0.0010475373506791833,0.18384776310850237,0.23256755992208045,0.18311939043629943,0.18311939043642758
5.600000000000205,-0.005101286174542731,2.0134844356747373e-11,0.23256392227549408,2.5901246704816522e-11,-0.012281372877867082,0.007606600000064081,0.012281372427908974,42.601101475485464,4,True,balance,1.7418389897718514e-05,-1.3221995492398646,-0.0010326066598352168,1.7418386223445388e-05,-1.322199549254531,-0.0010326066586336098,0.18384776310850237,0.23256755992208045,0.18311969277241422,0.18311969277254034
5.610000000000208,-0.005025833252436837,2.0136277948957206e-11,0.23256397319098188,2.5516308095621395e-11,-0.012105226170380587,0.007495371938483402,0.012105225774428121,42.601102872566756,4,True,balance,1.7163902647310644e-05,-1.322205719769269,-0.0010178796096718512,1.7163899023532284e-05,-1.3222057197837314,-0.0010178796084961193,0.18384776310850237,0.23256755992208045,0.18311999107718074,0.18311999107730514
5.6200000000002115,-0.004951483829856203,2.013768500365923e-11,0.23256402343815571,2.5137750055139217e-11,-0.011931512229825851,0.007385737126078425,0.011931511867637813,42.60110425619282,4,True,balance,1.6913054931157478e-05,-1.3222118041668376,-0.0010033536724420227,1.6913051347073493e-05,-1.32221180418106,-0.0010033536712782938,0.18384776310850237,0.23256755992208045,0.18312028539804356,0.18312028539816616
5.630000000000215,-0.004878222095236142,2.0139067558274282e-11,0.23256407302460652,2.4765050217151652e-11,-0.011760199994272502,0.007277673618114353,0.01176019957804022,42.60110562638006,4,True,balance,1.666579673850062e-05,-1.322217803558224,-0.000989026343566632,1.6665793193630332e-05,-1.3222178035722965,-0.0009890263424158724,0.18384776310850237,0.23256755992208045,0.18312057578206478,0.18312057578218546
5.640000000000218,-0.004806032454924695,2.014042607365644e-11,0.23256412195787127,2.439806978014887e-11,-0.011591258726456784,0.0071711597484452345,0.011591258266114497,42.60110698314368,4,True,balance,1.6422078698145985e-05,-1.322223719056566,-0.0009748951428201669,1.642207519382182e-05,-1.3222237190704007,-0.0009748951416847873,0.18384776310850237,0.23256755992208045,0.18312086227592217,0.18312086227604096
5.6500000000002215,-0.004734899530412564,2.0141762003838454e-11,0.23256417024543208,2.4036495348156973e-11,-0.011424658012618726,0.007066174126640934,0.011424657532139336,42.60110832650814,4,True,balance,1.6181852064250377e-05,-1.3222295517623224,-0.0009609576142730546,1.618184860084449e-05,-1.322229551775951,-0.0009609576131493407,0.18384776310850237,0.23256755992208045,0.18312114492590703,0.18312114492602413
5.660000000000225,-0.004664808155591699,2.0143073627017575e-11,0.23256421789471574,2.3680813369372927e-11,-0.011260367761253538,0.006962695635124093,0.011260367589087465,42.6011096564968,4,True,balance,1.5945068713520145e-05,-1.3222353027636853,-0.0009472113263199902,1.594506528625527e-05,-1.3222353027771183,-0.0009472113252042265,0.18384776310850237,0.23256755992208045,0.18312142377792215,0.18312142377803756
5.670000000000228,-0.004595743374042478,2.0144366979073683e-11,0.23256426491309334,2.3329479626489366e-11,-0.011098358201783471,0.006860703426317489,0.011098357893261641,42.601110973145225,4,True,balance,1.5711681123104074e-05,-1.32224097313652,-0.0009336538715853545,1.571167773970434e-05,-1.3222409731498181,-0.0009336538704912882,0.18384776310850237,0.23256755992208045,0.1831216988774821,0.18312169887759572
5.6800000000002315,-0.004527690436349341,2.0145640558941608e-11,0.2325643113078798,2.298289498350078e-11,-0.01093859988316357,0.006760176919801455,0.010938599517217481,42.60111227647947,4,True,balance,1.548164240284781e-05,-1.3222465639444396,-0.0009202828669160168,1.5481639059934514e-05,-1.3222465639574654,-0.0009202828658355768,0.18384776310850237,0.23256755992208045,0.18312197026970745,0.18312197026981947
5.690000000000235,-0.004460634797444799,2.014689459706281e-11,0.23256435708633325,2.2641084883181074e-11,-0.010781063672416439,0.00666109579948297,0.01078106330365876,42.60111356654278,4,True,balance,1.5254906245022539e-05,-1.3222520762388046,-0.0009070959532866739,1.5254902940229522e-05,-1.3222520762516858,-0.0009070959522183653,0.18384776310850237,0.23256755992208045,0.18312223799932764,0.18312223799943791
5.700000000000238,-0.004394562113981678,2.014812990992123e-11,0.23256440225565503,2.2303861255862795e-11,-0.01062572075309662,0.006563440010777206,0.010625720355435015,42.60111484337583,4,True,balance,1.5031426937249067e-05,-1.3222575110590078,-0.0008940907957695448,1.5031423676450535e-05,-1.3222575110717403,-0.0008940907947176827,0.18384776310850237,0.23256755992208045,0.18312250211067768,0.18312250211078634
5.7100000000002415,-0.0043294582417334766,2.014934574500154e-11,0.232564446822989,2.1971378568161305e-11,-0.010472542623694934,0.006467189757802082,0.010472542150831642,42.60111610702205,4,True,balance,1.4811159368162231e-05,-1.3222628694324412,-0.0008812650834334769,1.4811156144056732e-05,-1.322262869444962,-0.0008812650823908869,0.18384776310850237,0.23256755992208045,0.183122762647698,0.1831227626478052
5.720000000000245,-0.004265309233022723,2.015054359004528e-11,0.2325644907954214,2.1643323461263266e-11,-0.010321501095984557,0.006372325500584068,0.010321500596729297,42.60111735752669,4,True,balance,1.4594058989505942e-05,-1.3222681523744393,-0.0008686165292953283,1.459405580741512e-05,-1.3222681523867452,-0.0008686165282666537,0.18384776310850237,0.23256755992208045,0.18312301965393324,0.18312301965403885
5.730000000000248,-0.004202101334177162,2.0151719492273762e-11,0.23256453417998058,2.1320694709429404e-11,-0.010172568293308933,0.006278827952281144,0.010172567833647957,42.60111859493905,4,True,balance,1.438008184644363e-05,-1.322273360888641,-0.000856142870218567,1.4380078699791366e-05,-1.3222733609007689,-0.0008561428692014808,0.18384776310850237,0.23256755992208045,0.18312327317253213,0.1831232731726361
5.740000000000252,-0.00413982098301368,2.015288080249881e-11,0.23256457698363645,2.1001618349734017e-11,-0.010025716648816315,0.006186678076417734,0.010025716203276767,42.601119819318114,4,True,balance,1.4169184535802693e-05,-1.3222784959669358,-0.0008438418668548053,1.4169181433956764e-05,-1.3222784959789218,-0.0008438418658581837,0.18384776310850237,0.23256755992208045,0.18312352324624653,0.18312352324634903
5.750000000000255,-0.0040784548063497565,2.015402087553825e-11,0.23256461921330063,2.068785130641142e-11,-0.009880918903643504,0.006095857084134833,0.009880918469822012,42.601121030715234,4,True,balance,1.3961324235780818e-05,-1.3222835585895778,-0.0008317113035032923,1.3961321169256245e-05,-1.3222835586013757,-0.0008317113025164259,0.18384776310850237,0.23256755992208045,0.1831237699174319,0.18312376991753282
5.760000000000258,-0.004017989617542361,2.015514308035387e-11,0.23256466087582592,2.0378475387753336e-11,-0.009738148105054481,0.006006346431455978,0.009738147722562953,42.6011222291908,4,True,balance,1.375645866502408e-05,-1.3222885497252017,-0.0008197489880370555,1.3756455637836529e-05,-1.3222885497368368,-0.000819748987060434,0.18384776310850237,0.23256755992208045,0.1831240132280461,0.18312401322814553
5.770000000000262,-0.003958412414054092,2.015624355086808e-11,0.23256470197800638,2.00745311478686e-11,-0.00959737760453172,0.005918127816568724,0.009597376963911077,42.60112341480633,4,True,balance,1.3554546105340478e-05,-1.3222934703310119,-0.0008079527518154671,1.3554543106401544e-05,-1.3222934703425033,-0.0008079527508465577,0.18384776310850237,0.23256755992208045,0.18312425321965065,0.18312425321974898
5.780000000000265,-0.0038997103750464134,2.015732319862984e-11,0.23256474252657708,1.9775762536477975e-11,-0.009458581055826788,0.005831183177121119,0.009458580508968556,42.60112458762045,4,True,balance,1.335554536904188e-05,-1.3222983213528163,-0.0007963204495255551,1.3355542406917898e-05,-1.3222983213641022,-0.0007963204485734057,0.18384776310850237,0.23256755992208045,0.1831244899334103,0.18312448993350686
5.790000000000268,-0.0038418708589998216,2.0158385623264403e-11,0.23256478252821386,1.9481288755077848e-11,-0.009321732412969795,0.005745494687539047,0.009321731949907076,42.60112574770778,4,True,balance,1.3159415816453392e-05,-1.3223031037252084,-0.000784849959133484,1.315941289383313e-05,-1.322303103736357,-0.0007848499581986376,0.18384776310850237,0.23256755992208045,0.18312472341009248,0.18312472341018762
5.800000000000272,-0.0037848814013607874,2.015942764311312e-11,0.23256482198953318,1.9191900127357854e-11,-0.009186805928244493,0.005661044756352656,0.009186805546261072,42.60112689512656,4,True,balance,1.2966117338236095e-05,-1.3223078183715116,-0.0007735391817148098,1.2966114446247146e-05,-1.3223078183824744,-0.0007735391807855067,0.18384776310850237,0.23256755992208045,0.18312495369006948,0.18312495369016302
5.810000000000275,-0.0037287297122152877,2.0160452901420723e-11,0.23256486091709244,1.8906667757831587e-11,-0.00905377615012253,0.005577816023548921,0.009053775726554206,42.601128029952264,4,True,balance,1.2775610349085716e-05,-1.3223124662040007,-0.0007623860413453608,1.2775607490968436e-05,-1.3223124662147883,-0.0007623860404237205,0.18384776310850237,0.23256755992208045,0.18312518081331766,0.18312518081340992
5.820000000000278,-0.003673403673988753,2.016146702158284e-11,0.23256489931738944,1.862422375830116e-11,-0.00892261792117175,0.005495791357934751,0.008922617441730878,42.60112915225454,4,True,balance,1.2587855780558734e-05,-1.322317048123918,-0.000751388484986591,1.2587852965329835e-05,-1.3223170481345694,-0.0007513884840863619,0.18384776310850237,0.23256755992208045,0.1831254048194188,0.1831254048195097
5.830000000000282,-0.003618891339172266,2.0162461226686786e-11,0.23256493719686253,1.834686123447338e-11,-0.008793306375930251,0.005414953854522218,0.00879330588531947,42.60113026210755,4,True,balance,1.2402815089951886e-05,-1.322321565021618,-0.0007405444823544969,1.2402812307255937e-05,-1.3223215650321576,-0.0007405444814647304,0.18384776310850237,0.23256755992208045,0.18312562574756042,0.18312562574764996
5.840000000000285,-0.0035651809280748156,2.0163437698358788e-11,0.23256497456189063,1.8073958170224693e-11,-0.008665816938753236,0.005335286831930164,0.008665816354723641,42.60113135958844,4,True,balance,1.2220450229277722e-05,-1.3223260177766991,-0.00072985202575977,1.2220447479506282e-05,-1.3223260177870448,-0.0007298520248741668,0.18384776310850237,0.23256755992208045,0.18312584363653717,0.18312584363662546
5.850000000000288,-0.00351226082660143,2.016439850562811e-11,0.23256501141879324,1.7805013612277986e-11,-0.008540125321633809,0.005256773829804626,0.008540124738915463,42.601132444771665,4,True,balance,1.2040723660170868e-05,-1.3223304072579112,-0.0007193091299913022,1.2040720945501559e-05,-1.3223304072681334,-0.0007193091291225562,0.18384776310850237,0.23256755992208045,0.18312605852475133,0.18312605852483824
5.860000000000292,-0.0034601195840570113,2.0165341805112402e-11,0.2325650477738303,1.7540503663973087e-11,-0.008416207521997832,0.0051793986062580455,0.00841620683561035,42.60113351773899,4,True,balance,1.186359834114155e-05,-1.3223347343235698,-0.0007089138322071899,1.1863595657934269e-05,-1.3223347343336147,-0.0007089138313470108,0.18384776310850237,0.23256755992208045,0.18312627045021443,0.1831262704503
5.870000000000295,-0.003408745910975659,2.016626874185252e-11,0.23256508363320236,1.7280130477591585e-11,-0.008294039820478575,0.005103145135327449,0.008294039319264061,42.60113457856715,4,True,balance,1.1689037716466148e-05,-1.3223389998212844,-0.0006986641917152059,1.168903506610358e-05,-1.322338999831239,-0.000698664190867473,0.18384776310850237,0.23256755992208045,0.18312647945054775,0.18312647945063212
5.880000000000298,-0.003358128676975322,2.016717877333607e-11,0.23256511900305063,1.7024043211456036e-11,-0.008173598778669865,0.00502799760445156,0.00817359820798235,42.60113562733974,4,True,balance,1.151700572078471e-05,-1.3223432045883992,-0.000688558289904229,1.151700309712089e-05,-1.3223432045981651,-0.0006885582890602071,0.18384776310850237,0.23256755992208045,0.183126685562985,0.18312668556306802
5.890000000000302,-0.0033082569086375618,2.0168078002600687e-11,0.23256515388945703,1.6770711266330732e-11,-0.008054861236857462,0.004953940411967743,0.008054860630159118,42.601136664137194,4,True,balance,1.1347466759292407e-05,-1.3223473494518416,-0.0006785942300359855,1.1347464171777353e-05,-1.322347349461457,-0.0006785942292096127,0.18384776310850237,0.23256755992208045,0.18312688882437184,0.18312688882445377
5.900000000000305,-0.0032591197874122448,2.016896317673401e-11,0.23256518829844441,1.6521033765906575e-11,-0.007937804311739075,0.004880958164627825,0.00793780381026289,42.60113768904431,4,True,balance,1.1180385723838534e-05,-1.3223514352282562,-0.0006687701371446209,1.1180383169662479e-05,-1.3223514352377432,-0.0006687701363299449,0.18384776310850237,0.23256755992208045,0.1831270892711688,0.18312708927124943
5.910000000000308,-0.0032107066475469655,2.016983613775045e-11,0.2325652222359763,1.6274509421207723e-11,-0.007822405394124416,0.004809035675134532,0.007822404799251103,42.601138702148674,4,True,balance,1.101572796001137e-05,-1.3223554627242573,-0.0006590841578463173,1.1015725440104181e-05,-1.3223554627336271,-0.0006590841570465382,0.18384776310850237,0.23256755992208045,0.18312728693945257,0.18312728693953192
5.920000000000312,-0.003163006974040999,2.017069681295671e-11,0.23256525570795739,1.603118652916615e-11,-0.007708642146621086,0.004738157959696515,0.007708641503969526,42.60113970353435,4,True,balance,1.0853459288395758e-05,-1.3223594327364365,-0.0006495344601954859,1.0853456802439385e-05,-1.322359432745635,-0.0006495344594020117,0.18384776310850237,0.23256755992208045,0.1831274818649169,0.18312748186499522
5.930000000000315,-0.003116010400623589,2.017154153983219e-11,0.23256528872023355,1.5792023026957334e-11,-0.007596492501311296,0.00466831023560489,0.007596491936462956,42.60114069328784,4,True,balance,1.0693545986861197e-05,-1.3223633460513509,-0.0006401192335339157,1.069354353068558e-05,-1.3223633460604194,-0.0006401192327495349,0.18384776310850237,0.23256755992208045,0.1831276740828751,0.18312767408295233
5.940000000000318,-0.0030697067077563667,2.0172373209385075e-11,0.23256532127859197,1.5556248865125592e-11,-0.007485934657415305,0.004599477918828627,0.007485934269692205,42.60114167150118,4,True,balance,1.0535954770644827e-05,-1.3223672034457201,-0.0006308366883157966,1.0535952346098857e-05,-1.3223672034546852,-0.0006308366875492479,0.18384776310850237,0.23256755992208045,0.1831278636282619,0.18312786362833783
5.950000000000322,-0.0030240858206596923,2.0173186635084547e-11,0.23256535338876133,1.5325162432558626e-11,-0.007376947078944662,0.004531646621631316,0.0073769467489748965,42.60114263825388,4,True,balance,1.0380652812886766e-05,-1.3223710056865763,-0.0006216850559785079,1.0380650416496063e-05,-1.3223710056954465,-0.0006216850552155549,0.18384776310850237,0.23256755992208045,0.1831280505356347,0.18312805053570946
5.960000000000325,-0.002979137807362731,2.0173984610327424e-11,0.23256538505641197,1.5098044496588184e-11,-0.007269508492346156,0.004464802150207601,0.007269508196027152,42.601143593647855,4,True,balance,1.0227607728853231e-05,-1.3223747535314054,-0.0006126625887419234,1.0227605360870468e-05,-1.3223747535401227,-0.0006126625879844928,0.18384776310850237,0.23256755992208045,0.18312823483917579,0.1831282348392495
5.970000000000328,-0.002934852876777043,2.0174772373753567e-11,0.23256541628715618,1.4873571671255764e-11,-0.007163597884142988,0.004398930502339349,0.007163597539274687,42.60114453776515,4,True,balance,1.0076787556597351e-05,-1.3223784477278402,-0.0006037675594425861,1.007678522010833e-05,-1.3223784477363982,-0.0006037675586980497,0.18384776310850237,0.23256755992208045,0.1831284165726946,0.18312841657276724
5.980000000000332,-0.0028912213767935025,2.017554900307644e-11,0.2325654470865483,1.4652063582851542e-11,-0.007059194498566034,0.004334017865074669,0.007059194280935098,42.60114547069968,4,True,balance,9.928160781530229e-06,-1.3223820890143174,-0.0005949982614357923,9.928158477103018e-06,-1.3223820890227898,-0.0005949982607006117,0.18384776310850237,0.23256755992208045,0.18312859576962917,0.1831285957697008
5.990000000000335,-0.0028482337924023125,2.0176310436829956e-11,0.23256547746008496,1.4434492591588435e-11,-0.006956277835183082,0.004270050612424717,0.006956277589947519,42.601146392541565,4,True,balance,9.781696300668394e-06,-1.3223856781197636,-0.000586353008320867,9.78169402280213e-06,-1.322385678128084,-0.0005863530075994954,0.18384776310850237,0.23256755992208045,0.18312877246304898,0.1831287724631194
6.000000000000338,-0.0028058807438359344,2.0177058739038553e-11,0.23256550741320534,1.4220330600368718e-11,-0.006854827646521518,0.004207015303083666,0.006854827385460285,42.60114730338379,4,True,balance,9.637363438370891e-06,-1.3223892157639645,-0.0005778301338831612,9.637361187314996e-06,-1.3223892157721633,-0.000577830133163952,0.18384776310850237,0.23256755992208045,0.18312894668565652,0.1831289466857258
6.010000000000342,-0.002764152984734713,2.0177795976531115e-11,0.23256553695129134,1.4009083298304662e-11,-0.006754823935691288,0.00414489867816779,0.006754823736456796,42.60114820331985,4,True,balance,9.495131932150678e-06,-1.32239270265747,-0.0005694279918399489,9.49512970999823e-06,-1.3223927026655573,-0.0005694279911334038,0.18384776310850237,0.23256755992208045,0.18312911846978924,0.18312911846985777
6.020000000000345,-0.002723041400334986,2.0178523233362277e-11,0.23256556607966802,1.3800495884048433e-11,-0.006656246954006425,0.004083687658975316,0.006656246697768125,42.601149092442235,4,True,balance,9.354971924834055e-06,-1.322396139501728,-0.0005611449557196757,9.354969731540196e-06,-1.3223961395096926,-0.0005611449550222381,0.18384776310850237,0.23256755992208045,0.18312928784742347,0.18312928784749094
6.030000000000348,-0.0026825370056794916,2.017924119585921e-11,0.23256559480360361,1.3594405721834312e-11,-0.006559077198603875,0.004023369344767962,0.006559077130608801,42.60114997084692,4,True,balance,9.216853971826148e-06,-1.322399526989283,-0.0005529794186803186,9.216851808648037e-06,-1.3223995269971067,-0.0005529794179900181,0.18384776310850237,0.23256755992208045,0.1831294548501741,0.18312945485024054
6.040000000000352,-0.0026426309438498325,2.0179951762642837e-11,0.23256562312831,1.339036376755962e-11,-0.00646329541006473,0.0039639310105729275,0.00646329545268555,42.60115083862424,4,True,balance,9.080749017869436e-06,-1.3224028658036624,-0.000544929793297084,9.080746889060723e-06,-1.3224028658114362,-0.0005449297926255483,0.18384776310850237,0.23256755992208045,0.1831296195092995,0.18312961950936493
6.050000000000355,-0.0026033144842208204,2.018064875852488e-11,0.2325656510589429,1.318992361829299e-11,-0.006368882570036265,0.003905360105005559,0.006368882734623104,42.60115169586686,4,True,balance,8.94662842017119e-06,-1.322406156619865,-0.0005369945114997387,8.94662631534549e-06,-1.322406156627468,-0.000536994510834766,0.18384776310850237,0.23256755992208045,0.1831297818557021,0.1831297818557666
6.060000000000358,-0.00256457902073647,2.0181332934350974e-11,0.23256567860060212,1.2992901592109454e-11,-0.006275819898857497,0.003847644248112059,0.006275820210630521,42.601152542671336,4,True,balance,8.814463906201531e-06,-1.3224094001038504,-0.0005291720242562,8.814461827337297e-06,-1.3224094001114035,-0.0005291720235961214,0.18384776310850237,0.23256755992208045,0.1831299419199317,0.1831299419199952
6.070000000000362,-0.002526416070207452,2.0182004085871805e-11,0.23256570575833202,1.279927930204111e-11,-0.006184088853186265,0.003790771229234871,0.006184089391183516,42.601153379134644,4,True,balance,8.684227597378937e-06,-1.3224125969132976,-0.0005214608015108142,8.684225545905281e-06,-1.3224125969206755,-0.0005214608008628481,0.18384776310850237,0.23256755992208045,0.18313009973218755,0.1831300997322501
6.080000000000365,-0.0024888172706297854,2.018266413892177e-11,0.23256573253712162,1.2608618301652514e-11,-0.006093671123631883,0.003734729004897049,0.0060936716463287815,42.60115420534983,4,True,balance,8.555891995357982e-06,-1.322415747697095,-0.0005138593319631336,8.555889970646881e-06,-1.322415747704406,-0.0005138593313214065,0.18384776310850237,0.23256755992208045,0.18313025532232138,0.18313025532238308
6.0900000000003685,-0.0024517743795245623,2.0183312086366853e-11,0.23256575894190512,1.242118399821446e-11,-0.006004548632390865,0.0036795056967079305,0.006004549146455769,42.601155021410946,4,True,balance,8.429429979762517e-06,-1.3224188530959078,-0.0005063661228959435,8.429427979547826e-06,-1.3224188531031404,-0.0005063661222618444,0.18384776310850237,0.23256755992208045,0.1831304087198392,0.18313040871989986
6.100000000000372,-0.002415279272298506,2.0183947542872318e-11,0.23256578497756206,1.2237038738894938e-11,-0.005916703530890539,0.003625089589290439,0.005916704038772888,42.601155827410544,4,True,balance,8.304814798677163e-06,-1.3224219137420636,-0.0004989797000212552,8.304812819994104e-06,-1.322421913749155,-0.0004989796993899976,0.18384776310850237,0.23256755992208045,0.1831305599539041,0.1831305599539639
6.110000000000375,-0.002379323940625147,2.0184572341226686e-11,0.23256581064891774,1.205569198630912e-11,-0.005830118197437174,0.0035714691282272798,0.005830119047551614,42.60115662344908,4,True,balance,8.1820200600279e-06,-1.322424930259502,-0.0004916986072842895,8.182018105885811e-06,-1.322424930266462,-0.0004916986066600979,0.18384776310850237,0.23256755992208045,0.183130709053339,0.18313070905339787
6.1200000000003785,-0.0023439004908464077,2.0185194509657726e-11,0.23256583596074343,1.1875165492811517e-11,-0.005744775234870616,0.0035186329180301743,0.005744776033782255,42.601157409618,4,True,balance,8.06101973627515e-06,-1.3224279032642012,-0.0004845214067078858,8.061017817622846e-06,-1.3224279032710655,-0.000484521406103408,0.18384776310850237,0.23256755992208045,0.1831308560466296,0.1831308560466877
6.130000000000382,-0.0023090011423944055,2.0185806582963013e-11,0.23256586091775694,1.169740980638297e-11,-0.0056606574682275985,0.00346656972012753,0.0056606581583351495,42.601158186012675,4,True,balance,7.941788170446947e-06,-1.322430833364003,-0.00047744667821112883,7.941786278165287e-06,-1.322430833370763,-0.00047744667761110923,0.18384776310850237,0.23256755992208045,0.18313100096192636,0.1831310009619836
6.140000000000385,-0.0022746182262332474,2.0186408650367824e-11,0.2325658855246228,1.1522378409749757e-11,-0.0055777479424130956,0.003415268450873146,0.005577748711813752,42.60115895272741,4,True,balance,7.824300043915566e-06,-1.3224337211587873,-0.00047047301942496544,7.824298178987893e-06,-1.3224337211654371,-0.000470473018833441,0.18384776310850237,0.23256755992208045,0.18313114382704695,0.18313114382710327
6.1500000000003885,-0.002240744183320628,2.0186999901743913e-11,0.2325659097859526,1.13502882785387e-11,-0.0054960299198815645,0.00336471817957669,0.005496030763593008,42.601159709856354,4,True,balance,7.708530392324685e-06,-1.3224365672405536,-0.0004635990455440773,7.708528549065416e-06,-1.3224365672471412,-0.00046359904495800485,0.18384776310850237,0.23256755992208045,0.1831312846694799,0.18313128466953532
6.160000000000392,-0.002207371563089015,2.0187577337546204e-11,0.23256593370630543,1.1181828032905181e-11,-0.005415486878323806,0.003314908126553543,0.00541548758619875,42.60116045749727,4,True,balance,7.594454591115511e-06,-1.32243937219366,-0.00045682338914036346,7.594452764641914e-06,-1.3224393722000845,-0.00045682338855829543,0.18384776310850237,0.23256755992208045,0.1831314235163866,0.18313142351644132
6.170000000000395,-0.0021744930219462252,2.0188154200296516e-11,0.23256595729018834,1.1013661507487986e-11,-0.005336102508368387,0.003265827661193853,0.005336103459273209,42.60116119574014,4,True,balance,7.482048348693185e-06,-1.3224421365944374,-0.0004501446999442399,7.482046558575489e-06,-1.3224421366007844,-0.0004501446993895478,0.18384776310850237,0.23256755992208045,0.183131560394604,0.1831315603946578
6.1800000000003985,-0.0021421013217951855,2.0188716290600284e-11,0.2325659805420564,1.0849471964103932e-11,-0.0052578607112894,0.0032174663000554566,0.005257861632758232,42.601161924683744,4,True,balance,7.3712877304511046e-06,-1.3224448610120085,-0.0004435616448027083,7.371285957186979e-06,-1.3224448610183157,-0.00044356164423959795,0.18384776310850237,0.23256755992208045,0.1831316953306479,0.18313169533070092
6.190000000000402,-0.0021101893285726757,2.018926848116925e-11,0.23256600346631354,1.0687920834902098e-11,-0.005180745596727114,0.00316981370497264,0.005180746395687336,42.601162644418665,4,True,balance,7.262149110522897e-06,-1.322447546007682,-0.0004370729073379083,7.2621473572927406e-06,-1.322447546013898,-0.00043707290678212545,0.18384776310850237,0.23256755992208045,0.183131828350715,0.18313182835076716
6.200000000000405,-0.002078750010806848,2.0189814510098043e-11,0.23256602606731241,1.0528061245765204e-11,-0.0051047414804197624,0.003122859681188417,0.005104742762365345,42.60116335503854,4,True,balance,7.15460919674837e-06,-1.3224501921355487,-0.0004306771879012054,7.154607470941996e-06,-1.3224501921416247,-0.0004306771873568273,0.18384776310850237,0.23256755992208045,0.1831319594806853,0.18313195948073674
6.2100000000004085,-0.0020477764381933348,2.019035334514619e-11,0.23256604834935515,1.0370229200333113e-11,-0.005029832881947996,0.003076594175505019,0.005029833952738359,42.60116405663917,4,True,balance,7.048645023816148e-06,-1.3224527999421962,-0.0004243732033481682,7.048643320815045e-06,-1.322452799948157,-0.0004243732028072751,0.18384776310850237,0.23256755992208045,0.18313208874612696,0.1831320887461778
6.220000000000412,-0.0020172617801897334,2.0190888948442843e-11,0.23256607031669363,1.0213450287263507e-11,-0.004956004522490009,0.0030310072744531395,0.0049560057780702275,42.60116474931168,4,True,balance,6.944233934614476e-06,-1.322455369966826,-0.00041815968685163154,6.944232258709347e-06,-1.3224553699727735,-0.00041815968632575814,0.18384776310850237,0.23256755992208045,0.18313221617229652,0.18313221617234623
6.230000000000415,-0.0019871993046282777,2.0191409768722026e-11,0.23256609197352981,1.0060649654911794e-11,-0.00488324132258684,0.002986089202487027,0.0048832423931925925,42.6011654331472,4,True,balance,6.841353604114674e-06,-1.3224579027418828,-0.0004120353878482438,6.8413519449815295e-06,-1.3224579027477918,-0.0004120353873248129,0.18384776310850237,0.23256755992208045,0.18313234178414256,0.18313234178419174
6.2400000000004185,-0.001957582376346474,2.019191388869916e-11,0.23256611332401614,9.912229118889054e-12,-0.004811528399925497,0.002941830320190332,0.004811528174176422,42.60116610824588,4,True,balance,6.739982000198533e-06,-1.3224603987924088,-0.0004059990716811226,6.739980349478066e-06,-1.322460398798241,-0.00040599907115184916,0.18384776310850237,0.23256755992208045,0.18313246560631002,0.18313246560635846
6.250000000000422,-0.001928404455835548,2.0192413762896272e-11,0.23256613437225615,9.764914553956415e-12,-0.0047408510671307505,0.0028982211225090154,0.004740850691493172,42.60116677468697,4,True,balance,6.640097396496056e-06,-1.3224628586365639,-0.0004000495195397688,6.64009577201217e-06,-1.3224628586422082,-0.0004000495190280252,0.18384776310850237,0.23256755992208045,0.18313258766313928,0.1831325876631869
6.260000000000425,-0.0018996590979064771,2.019291259095952e-11,0.23256615512230464,9.618079238727589e-12,-0.004671194829581574,0.0028552522369989244,0.004671194741111918,42.60116743257384,4,True,balance,6.541678378917692e-06,-1.3224652827852952,-0.0003941855283408145,6.5416767850411585e-06,-1.3224652827908812,-0.00039418552783982244,0.18384776310850237,0.23256755992208045,0.18313270797867293,0.18313270797872
6.270000000000429,-0.001871339950373414,2.0193405666320894e-11,0.23256617557816797,9.47297227582523e-12,-0.004602545383222827,0.002812914422096695,0.004602544936989703,42.6011680819949,4,True,balance,6.444703823997049e-06,-1.3224676717431063,-0.00038840591046002105,6.444702253680391e-06,-1.3224676717485848,-0.0003884059099653373,0.18384776310850237,0.23256755992208045,0.1831328265766574,0.1831328265767037
6.280000000000432,-0.0018434407527543133,2.0193890117220114e-11,0.23256619574380474,9.330295857321493e-12,-0.004534888612403253,0.0027711985654074217,0.0045348885444055215,42.601168723037134,4,True,balance,6.349152910557529e-06,-1.3224700260074909,-0.0003827094936042414,6.349151365003398e-06,-1.3224700260129139,-0.0003827094931142963,0.18384776310850237,0.23256755992208045,0.18313294348054351,0.18313294348058926
6.290000000000435,-0.0018159553349885774,2.0194365997872143e-11,0.23256621562312607,9.190014308451722e-12,-0.004468210587727263,0.0027300956820119106,0.004468210247088613,42.60116935579708,4,True,balance,6.255005103406391e-06,-1.3224723460693795,-0.0003770951206677178,6.255003576923268e-06,-1.3224723460747696,-0.00037709512019116543,0.18384776310850237,0.23256755992208045,0.183133058713493,0.18313305871353805
6.300000000000439,-0.0017888776161715122,2.0194828796976008e-11,0.23256623521999614,9.05320910340001e-12,-0.004402497563918112,0.0026895969127930888,0.004402497446977759,42.60116998035754,4,True,balance,6.162240157453445e-06,-1.322474632413051,-0.00037156164952977704,6.162238643743389e-06,-1.3224746324183076,-0.00037156164904819417,0.18384776310850237,0.23256755992208045,0.18313317229837747,0.18313317229842188
6.310000000000442,-0.0017622016033054266,2.0195288229459963e-11,0.23256625453823226,8.917363124440857e-12,-0.0043377359776998236,0.002649693522781833,0.004337735544113177,42.60117059681373,4,True,balance,6.070838091350896e-06,-1.322476885516219,-0.00036610795290212034,6.070836603653561e-06,-1.3224768855213824,-0.000366107952432084,0.18384776310850237,0.23256755992208045,0.18313328425778477,0.18313328425782846
6.320000000000445,-0.0017359213900671605,2.0195742743698533e-11,0.23256627358160567,8.782979561760273e-12,-0.004273912445689849,0.0026103768995212376,0.004273911738161634,42.60117120525209,4,True,balance,5.980779230040585e-06,-1.3224791058501966,-0.00036073291819330665,5.9807777659413985e-06,-1.3224791058553116,-0.0003607329177318073,0.18384776310850237,0.23256755992208045,0.18313339461401856,0.18313339461406158
6.330000000000449,-0.0017100311555918741,2.0196190718213e-11,0.23256629235384163,8.650448885833687e-12,-0.004211013762311751,0.0025716385514494735,0.004211013291430198,42.60117180576204,4,True,balance,5.892044162270285e-06,-1.322481293879968,-0.0003554354473131755,5.892042720958534e-06,-1.3224812938849886,-0.0003554354468633342,0.18384776310850237,0.23256755992208045,0.18313350338910306,0.1831335033891454
6.340000000000452,-0.0016845251632729033,2.0196624718034113e-11,0.23256631085862006,8.521677865734225e-12,-0.004149026897719025,0.002533470106301231,0.004149026156794817,42.601172398430094,4,True,balance,5.804613747226875e-06,-1.3224834500641085,-0.00035021445651778576,5.804612320311811e-06,-1.3224834500691374,-0.00035021445607018764,0.18384776310850237,0.23256755992208045,0.18313361060478606,0.18313361060482786
6.350000000000455,-0.0016593977595774998,2.0197045822972627e-11,0.2325663290995759,8.396268906044344e-12,-0.004087938995737543,0.002495863309527985,0.004087938563899467,42.60117298334429,4,True,balance,5.718469117900647e-06,-1.3224855748552182,-0.00034506887626996937,5.718467701711459e-06,-1.3224855748600814,-0.0003450688758215158,0.18384776310850237,0.23256755992208045,0.1831337162825398,0.18313371628258096
6.360000000000459,-0.0016346433728782668,2.0197464712821683e-11,0.23256634708029944,8.271556361347347e-12,-0.004027737371823948,0.0024588100227357496,0.004027736696413541,42.601173560595115,4,True,balance,5.633591654318308e-06,-1.3224876686993778,-0.0003399976510337539,5.633590263277461e-06,-1.3224876687042355,-0.0003399976505974189,0.18384776310850237,0.23256755992208045,0.1831338204435662,0.18313382044360674
6.370000000000462,-0.0016102565123001205,2.0197875952838776e-11,0.23256636480433676,8.148970332553952e-12,-0.003968409511035497,0.0024223022221420434,0.003968408698471502,42.601174130264525,4,True,balance,5.549963025797537e-06,-1.3224897320370703,-0.00033499973917360177,5.549961649785358e-06,-1.322489732041819,-0.00033499973874146047,0.18384776310850237,0.23256755992208045,0.18313392310879736,0.1831339231088372
6.380000000000465,-0.0015862317665825845,2.0198281292891696e-11,0.2325663822751902,8.028045413676583e-12,-0.003909943066025257,0.002386331997049227,0.003909942615151845,42.601174692439045,4,True,balance,5.467565139814542e-06,-1.3224917653023405,-0.00033007411274851677,5.467563780166173e-06,-1.3224917653070227,-0.0003300741123197497,0.18384776310850237,0.23256755992208045,0.18313402429889922,0.18313402429893857
6.390000000000469,-0.0015625638029572355,2.0198683456604733e-11,0.23256639949631874,7.908105963587133e-12,-0.003852325855044755,0.00235089154833866,0.0038523252764731974,42.60117524720684,4,True,balance,5.386380157778667e-06,-1.3224937689237184,-0.0003252197573968313,5.38637882101458e-06,-1.3224937689282994,-0.0003252197569785676,0.18384776310850237,0.23256755992208045,0.18313412403427554,0.18313412403431434
6.400000000000472,-0.00153924736604014,2.019907977062458e-11,0.23256641647113838,7.789880384664988e-12,-0.0037955458599653073,0.002315973186978684,0.003795545210224409,42.6011757946476,4,True,balance,5.306390508772669e-06,-1.3224957433236086,-0.00032043567215773983,5.306389191227773e-06,-1.3224957433281543,-0.0003204356717420884,0.18384776310850237,0.23256755992208045,0.18313422233506824,0.18313422233510646
6.410000000000475,-0.0015162772767390816,2.019947014519503e-11,0.2325664332030226,7.673353644233784e-12,-0.003739591224320049,0.0022815693325534785,0.003739591044343455,42.60117633484958,4,True,balance,5.227578854167481e-06,-1.3224976889187852,-0.0003157208692946181,5.227577555239393e-06,-1.3224976889232642,-0.0003157208688878892,0.18384776310850237,0.23256755992208045,0.18313431922116172,0.18313431922119927
6.420000000000479,-0.001493648431175429,2.019985456801878e-11,0.23256644969530277,7.55851655923667e-12,-0.0036844502513591047,0.002247672511807805,0.0036844496608285956,42.601176867893656,4,True,balance,5.149928101348913e-06,-1.3224996061202898,-0.00031107437419091344,5.14992682237703e-06,-1.3224996061246859,-0.0003110743737887889,0.18384776310850237,0.23256755992208045,0.18313441471218578,0.18313441471222278
6.430000000000482,-0.0014713557996204468,2.0200232251967018e-11,0.23256646595126862,7.445576909172325e-12,-0.0036301114021180473,0.002214275357209611,0.0036301108095799527,42.60117739386461,4,True,balance,5.073421409768181e-06,-1.3225014953335361,-0.00030649522517466575,5.073420144610985e-06,-1.3225014953379148,-0.00030649522478037893,0.18384776310850237,0.23256755992208045,0.1831345088275168,0.1831345088275533
6.440000000000485,-0.0014493944254458943,2.0200604629788815e-11,0.23256648197416835,7.334143337881744e-12,-0.003576563293513926,0.002181370605528748,0.003576563276523111,42.60117791284388,4,True,balance,4.99804216102497e-06,-1.3225033569584392,-0.00030198247334548445,4.9980409149737205e-06,-1.3225033569626956,-0.00030198247295967957,0.18384776310850237,0.23256755992208045,0.18313460158628198,0.1831346015863179
6.450000000000489,-0.0014277594240887303,2.020096923558779e-11,0.23256649776720953,7.224870863149104e-12,-0.0035237946964468405,0.002148951096435078,0.0035237951449187373,42.601178424916185,4,True,balance,4.923773985502437e-06,-1.3225051913893153,-0.0002975351824813083,4.92377275314561e-06,-1.3225051913935417,-0.00029753518209164995,0.18384776310850237,0.23256755992208045,0.18313469300736118,0.18313469300739657
6.460000000000492,-0.0014064459820297627,2.0201329473675546e-11,0.2325665133335591,7.1168573197031284e-12,-0.0034717945339213943,0.002117009771110521,0.003471793978077063,42.60117893015621,4,True,balance,4.850600730202156e-06,-1.3225069990152305,-0.00029315242881213996,4.850599514585871e-06,-1.3225069990193707,-0.00029315242842764566,0.18384776310850237,0.23256755992208045,0.18313478310939088,0.18313478310942566
6.470000000000495,-0.0013854493557860724,2.0201688554828097e-11,0.23256652867634403,7.0093393951610525e-12,-0.0034205518791886893,0.0020855396708798937,0.0034205511759671497,42.60117942865062,4,True,balance,4.778506488707019e-06,-1.3225087802197142,-0.00028883330094343245,4.778505293179537e-06,-1.3225087802237978,-0.0002888333005731773,0.18384776310850237,0.23256755992208045,0.18313487191076355,0.18313487191079791
6.480000000000499,-0.0013647648709170354,2.020204168851964e-11,0.23256654379865152,6.9035424098105136e-12,-0.003370055953906942,0.002054533935857907,0.0033700558018603436,42.601179920472376,4,True,balance,4.707475565398665e-06,-1.322510535381125,-0.00028457689968509935,4.70747438818989e-06,-1.3225105353851547,-0.00028457689931666035,0.18384776310850237,0.23256755992208045,0.18313495942963415,0.18313495942966798
6.490000000000502,-0.0013443879210437973,2.0202387576829324e-11,0.23256655870352957,6.799787010146678e-12,-0.003320296126310458,0.002023985803611878,0.0033202957440030194,42.601180405704625,4,True,balance,4.637492492616643e-06,-1.3225122648726269,-0.00028038233789121926,4.63749133382769e-06,-1.3225122648766212,-0.0002803823375287491,0.18384776310850237,0.23256755992208045,0.1831350456839211,0.1831350456839545
6.500000000000505,-0.0013243139668820156,2.0202722964129106e-11,0.2325665733939874,6.6988513021732064e-12,-0.003271261909400038,0.0019938886078420424,0.003271261217609165,42.60118088442653,4,True,balance,4.5685420270117946e-06,-1.3225139690622107,-0.0002762487403320357,4.568540878413895e-06,-1.3225139690661558,-0.0002762487399703506,0.18384776310850237,0.23256755992208045,0.18313513069130863,0.18313513069134144
6.510000000000509,-0.001304538535287723,2.020305191241355e-11,0.23256658787299556,6.599685077136087e-12,-0.003222942959154123,0.0019642357770766343,0.0032229420265100176,42.60118135671786,4,True,balance,4.5006091326724224e-06,-1.3225156483128393,-0.0002721752435510082,4.500607998505945e-06,-1.3225156483167326,-0.0002721752431974185,0.18384776310850237,0.23256755992208045,0.1831352144692494,0.18313521446928172
6.520000000000512,-0.001285057218316143,2.0203371474398718e-11,0.2325666021434868,6.503025028157999e-12,-0.003175329072754122,0.0019350208333836754,0.0031753287023191705,42.601181822647405,4,True,balance,4.433678991284701e-06,-1.3225173029822934,-0.0002681609957085443,4.433677865461403e-06,-1.3225173029860653,-0.00026816099534714946,0.18384776310850237,0.23256755992208045,0.18313529703496734,0.1831352970349992
6.530000000000515,-0.0012658656722933073,2.0203693729725616e-11,0.2325666162083561,6.4058169016743655e-12,-0.0031284101868250314,0.001906237391098662,0.0031284102521238655,42.601182282300385,4,True,balance,4.367736987964009e-06,-1.3225189334236085,-0.00026420515646295056,4.367735887503263e-06,-1.3225189334273246,-0.0002642051561170804,0.18384776310850237,0.23256755992208045,0.18313537840546076,0.18313537840549216
6.540000000000519,-0.0012469596169003014,2.020401535275291e-11,0.23256663007046113,6.3090140775393475e-12,-0.0030821763756920897,0.0018778791555677905,0.0030821756029227663,42.60118273574882,4,True,balance,4.302768724233634e-06,-1.3225205399847648,-0.00026030689682698786,4.302767646406882e-06,-1.3225205399884556,-0.00026030689648735947,0.18384776310850237,0.23256755992208045,0.18313545859750444,0.18313545859753547
6.550000000000522,-0.0012283348342699964,2.020433040443917e-11,0.2325666437326229,6.214111025765621e-12,-0.0030366178496598,0.00184993992190731,0.003036616621157714,42.60118318306925,4,True,balance,4.238760017347248e-06,-1.3225221230090942,-0.000256465399018875,4.238758951093826e-06,-1.3225221230127038,-0.00025646539868069197,0.18384776310850237,0.23256755992208045,0.1831355376276511,0.18313553762768167
6.560000000000525,-0.001209987168096109,2.0204640460661124e-11,0.23256665719762581,6.12064932054596e-12,-0.002991724953307859,0.0018224135737765082,0.002991723850870236,42.601183624334105,4,True,balance,4.1756968647909816e-06,-1.3225236828349658,-0.0002526798563209821,4.175695814875768e-06,-1.3225236828385427,-0.0002526798559966258,0.18384776310850237,0.23256755992208045,0.1831356155122355,0.1831356155122655
6.570000000000529,-0.0011919125227544357,2.0204942534510614e-11,0.23256667046821827,6.029356729669973e-12,-0.002947488163798742,0.001795294082168328,0.002947487916836327,42.6011840596165,4,True,balance,4.113565473347019e-06,-1.3225252197961601,-0.0002489494729777756,4.113564436156557e-06,-1.3225252197997062,-0.0002489494726505587,0.18384776310850237,0.23256755992208045,0.18313569226737608,0.1831356922674057
6.580000000000532,-0.0011741068624361063,2.0205240971268027e-11,0.23256668354711302,5.939131564631717e-12,-0.0029038980892053105,0.0017685755042134907,0.002903898297078086,42.60118448899128,4,True,balance,4.05235224199226e-06,-1.3225267342218545,-0.0002452734640103611,4.0523512200108785e-06,-1.3225267342253264,-0.00024527346368635587,0.18384776310850237,0.23256755992208045,0.1831357679089785,0.18313576790900774
6.590000000000535,-0.0011565662102927085,2.0205533412238238e-11,0.23256669643698746,5.850611795013353e-12,-0.0028609454668503376,0.0017422519820003766,0.0028609444046892476,42.6011849125378,4,True,balance,3.99204377212254e-06,-1.3225282264366083,-0.00024165105516085956,3.992042761891728e-06,-1.3225282264400309,-0.0002416510548418889,0.18384776310850237,0.23256755992208045,0.183135842452737,0.18313584245276576
6.600000000000539,-0.0011392866475931336,2.0205820734420945e-11,0.2325667091404841,5.763524520449382e-12,-0.002818621161673343,0.0017163177414093406,0.002818619873994828,42.60118533031429,4,True,balance,3.9326268524148046e-06,-1.3225296967604192,-0.0002380814826537618,3.932625855277617e-06,-1.3225296967637838,-0.00023808148233926533,0.18384776310850237,0.23256755992208045,0.18313591591413586,0.1831359159141642
6.610000000000542,-0.0011222643128920055,2.020610665419961e-11,0.23256672166021106,5.676934676339581e-12,-0.002776916164609248,0.0016907670909611728,0.0027769147642043067,42.601185742401114,4,True,balance,3.874088456256035e-06,-1.3225311455088395,-0.0002345639931547322,3.874087476186263e-06,-1.322531145512184,-0.00023456399285268843,0.18384776310850237,0.23256755992208045,0.1831359883084546,0.18313598830848252
6.6200000000005454,-0.0011054954012095317,2.0206387192776066e-11,0.23256673399874223,5.591894292786474e-12,-0.002735821590980762,0.0016655944206811397,0.0027358206342757434,42.60118614886302,4,True,balance,3.816415748371219e-06,-1.3225325729930086,-0.0002310978436181817,3.8164147795720004e-06,-1.322532572996272,-0.00023109784331620657,0.18384776310850237,0.23256755992208045,0.18313605965076815,0.1831360596507956
6.630000000000549,-0.001088976163222641,2.020666186456001e-11,0.23256674615861778,5.5085021836304215e-12,-0.0026953286789094246,0.0016407942009777114,0.0026953286499219555,42.601186549777815,4,True,balance,3.7595960750883166e-06,-1.3225339795197941,-0.00022768230114011436,3.759595117472399e-06,-1.3225339795230262,-0.0002276823008410709,0.18384776310850237,0.23256755992208045,0.1831361299559503,0.18313612995597728
6.640000000000552,-0.001072702904467262,2.0206931733929785e-11,0.23256675814234445,5.426484996994534e-12,-0.0026554287877441026,0.0016163609815333382,0.0026554282008284563,42.60118694520709,4,True,balance,3.703616962061524e-06,-1.322535365391745,-0.00022431664284518627,3.7036160144427368e-06,-1.3225353653949103,-0.00022431664254800505,0.18384776310850237,0.23256755992208045,0.18313619923867627,0.18313619923870286
6.6500000000005555,-0.0010566719845516062,2.0207199229909674e-11,0.23256676995239614,5.34522467637855e-12,-0.002616113396502015,0.0015922893902116525,0.0026161115241066703,42.60118733522473,4,True,balance,3.6484661132011586e-06,-1.3225367309071077,-0.00022100015576554625,3.648465182653839e-06,-1.322536730910247,-0.00022100015548079063,0.18384776310850237,0.23256755992208045,0.18313626751342374,0.18313626751344994
6.660000000000559,-0.0010408798163803062,2.0207460814975128e-11,0.23256678159121405,5.265635015386455e-12,-0.002577374102335959,0.001568574131977482,0.0025773718213014636,42.60118771989309,4,True,balance,3.5941314182591263e-06,-1.3225380763599834,-0.00021773213670118867,3.5941304980923244e-06,-1.3225380763630965,-0.0002177321364114093,0.18384776310850237,0.23256755992208045,0.1831363347944756,0.1831363347945015
6.670000000000562,-0.0010253228653892836,2.0207718633196453e-11,0.23256679306120712,5.187134272309765e-12,-0.002539202619013409,0.0015452099878300368,0.0025392006214410116,42.601188099280414,4,True,balance,3.540600928844393e-06,-1.3225394020403864,-0.00021451189209895755,3.5406000162879316e-06,-1.3225394020434253,-0.00021451189180826517,0.18384776310850237,0.23256755992208045,0.18313640109592394,0.1831364010959493
6.6800000000005655,-0.001009997648791197,2.0207976957592113e-11,0.23256680436475238,5.108655490673192e-12,-0.0025015907754036447,0.001522191813752324,0.0025015889821393346,42.601188473460034,4,True,balance,3.4878628677447785e-06,-1.322540708234322,-0.0002113387379848007,3.4878619767860714e-06,-1.3225407082373053,-0.00021133873771252165,0.18384776310850237,0.23256755992208045,0.18313646643167003,0.1831364664316951
6.690000000000569,-0.0009949007348313299,2.0208227272622617e-11,0.2325668155041954,5.0324327166844314e-12,-0.002464530513992257,0.0014995145396708217,0.0024645292481563904,42.6011888424883,4,True,balance,3.4359056389171596e-06,-1.3225419952236015,-0.00020821199974033384,3.4359047571739676e-06,-1.3225419952265787,-0.00020821199946640897,0.18384776310850237,0.23256755992208045,0.18313653081542833,0.183136530815453
6.700000000000572,-0.0009800287420538144,2.0208472099021207e-11,0.23256682648185056,4.957713078787878e-12,-0.002428013889406219,0.0014771731684300755,0.00242801396776886,42.601189206435926,4,True,balance,3.3847177996652993e-06,-1.3225432632862368,-0.0002051310120709276,3.3847169288071313e-06,-1.3225432632891587,-0.0002051310118042027,0.18384776310850237,0.23256755992208045,0.1831365942607276,0.1831365942607519
6.7100000000005755,-0.000965378338578018,2.020871274723429e-11,0.23256683730000155,4.884202022196532e-12,-0.002392033066957269,0.0014551627747814736,0.0023920318117327285,42.60118956536686,4,True,balance,3.3342880792662903e-06,-1.3225445126963158,-0.00020209511885474496,3.334287217661205e-06,-1.3225445126991797,-0.00020209511858630702,0.18384776310850237,0.23256755992208045,0.18313665678091484,0.1831366567809387
6.720000000000579,-0.0009509462413849934,2.0208950654245764e-11,0.23256684796090166,4.811513703976491e-12,-0.002356580321198916,0.001433478504382593,0.002356578588771005,42.60118991934097,4,True,balance,3.2846053660230936e-06,-1.3225457437239256,-0.00019910367302311462,3.284604517077302e-06,-1.3225457437267374,-0.0001991036727573951,0.18384776310850237,0.23256755992208045,0.18313671838915405,0.18313671838917758
6.730000000000582,-0.000936729215613842,2.0209188467349162e-11,0.23256685846677383,4.7390188925167316e-12,-0.0023216480345063673,0.001412115572811926,0.0023216460344816507,42.60119026842768,4,True,balance,3.2356587049354017e-06,-1.3225469566355017,-0.00019615603644475787,3.235657874878323e-06,-1.322546956638292,-0.00019615603618462784,0.18384776310850237,0.23256755992208045,0.18313677909843207,0.18313677909845535
6.7400000000005855,-0.0009227240738678722,2.0209422209762954e-11,0.23256686881981165,4.667761653810549e-12,-0.002287228695663564,0.0013910692645952621,0.0022872269323816305,42.6011906126827,4,True,balance,3.1874373099367844e-06,-1.3225481516936732,-0.00019325157982646188,3.1874364908834225e-06,-1.3225481516964137,-0.0001932515795739795,0.18384776310850237,0.23256755992208045,0.18313683892155913,0.18313683892158203
6.750000000000589,-0.0009089276755304257,2.020965052222861e-11,0.2325668790221791,4.59801635449573e-12,-0.002253314898470634,0.001370334932244424,0.0022533132707583535,42.60119095217389,4,True,balance,3.139930538031195e-06,-1.3225493291573391,-0.0001903896825996204,3.139929728824476e-06,-1.322549329160053,-0.00019038968234832,0.18384776310850237,0.23256755992208045,0.18313689787117143,0.183136897871194
6.760000000000592,-0.0008953369260902369,2.0209874515855914e-11,0.23256688907601117,4.529492248243333e-12,-0.0022198993403642364,0.0013499079953093794,0.0022198984979244535,42.601191286956876,4,True,balance,3.093127903871587e-06,-1.3225504892818227,-0.00018756973276786045,3.093127107530214e-06,-1.3225504892844808,-0.0001875697325208613,0.18384776310850237,0.23256755992208045,0.18313695595973253,0.18313695595975485
6.7700000000005955,-0.0008819487764762132,2.0210093953209456e-11,0.23256689898341412,4.46228195426626e-12,-0.002186974821057083,0.0013297839394423084,0.0021869748173972115,42.60119161709905,4,True,balance,3.047019075372729e-06,-1.3225516323187945,-0.00018479112687106618,3.0470182890922643e-06,-1.3225516323214297,-0.00018479112662137648,0.18384776310850237,0.23256755992208045,0.18313701319953649,0.18313701319955844
6.780000000000599,-0.000868760222401503,2.0210311814695603e-11,0.232566908746466,4.395620551632433e-12,-0.0021545342411902536,0.0013099583154732362,0.0021545356466856243,42.60119194265415,4,True,balance,3.0015938626209566e-06,-1.3225527585163057,-0.00018205326977931786,3.001593089648193e-06,-1.3225527585189076,-0.00018205326954104178,0.18384776310850237,0.23256755992208045,0.1831370696027093,0.18313706960273088
6.790000000000602,-0.0008557683037167369,2.02105218232873e-11,0.23256691836721682,4.3310962869479235e-12,-0.0021225706010015396,0.0012904267384997914,0.002122572292412326,42.60119226368391,4,True,balance,2.9568422370942443e-06,-1.3225538681190507,-0.0001793555746936262,2.956841468055603e-06,-1.3225538681215856,-0.00017935557445084862,0.18384776310850237,0.23256755992208045,0.18313712518121164,0.18313712518123276
6.800000000000606,-0.0008429701037723182,2.021073187931591e-11,0.23256692784768893,4.2666363663013045e-12,-0.002091076999007639,0.0012711848869855795,0.002091077292406029,42.60119258024518,4,True,balance,2.9127542905428205e-06,-1.322554961368049,-0.00017669746292335944,2.9127535344372745e-06,-1.3225549613705712,-0.00017669746268907213,0.18384776310850237,0.23256755992208045,0.18313717994683987,0.18313717994686066
6.810000000000609,-0.0008303627487896481,2.0210939981855257e-11,0.23256693718987734,4.202820506093906e-12,-0.002060046630706864,0.0012522285018741663,0.0020600459437063023,42.60119289239792,4,True,balance,2.869320287766477e-06,-1.3225560385011375,-0.00017407836390636168,2.869319542553585e-06,-1.32255603850358,-0.00017407836366499312,0.18384776310850237,0.23256755992208045,0.18313723391122844,0.18313723391124914
6.820000000000612,-0.0008179434072411575,2.0211151436106918e-11,0.2325669463957501,4.138343586138999e-12,-0.002029472787293288,0.0012335533857117849,0.0020294718582618454,42.60119320020013,4,True,balance,2.8265306069858475e-06,-1.3225570997525193,-0.0001714977149626394,2.8265298814351787e-06,-1.3225570997549556,-0.0001714977147414746,0.18384776310850237,0.23256755992208045,0.18313728708585253,0.18313728708587285
6.830000000000616,-0.0008057092892390426,2.021135590155649e-11,0.2325669554672485,4.075812570550515e-12,-0.001999348854384307,0.0012151554017836683,0.001999347576013621,42.60119350370441,4,True,balance,2.7843757895537013e-06,-1.3225581453533475,-0.00016895496133570876,2.78437506954996e-06,-1.3225581453557238,-0.0001689549611085465,0.18384776310850237,0.23256755992208045,0.18313733948202965,0.18313733948204974
6.840000000000619,-0.0007936576459325827,2.0211557621621873e-11,0.23256696440628755,4.014100101856311e-12,-0.001969668310763426,0.0011970304732600672,0.0019696670893949936,42.60119380297048,4,True,balance,2.742846495160832e-06,-1.3225591755313344,-0.0001664495559705122,2.742845783312622e-06,-1.3225591755336932,-0.00016644955574852027,0.18384776310850237,0.23256755992208045,0.1831373911109217,0.18313739111094143
6.850000000000622,-0.0007817857689139216,2.0211758009749274e-11,0.2325669732147561,3.952847121624088e-12,-0.001940424727140059,0.0011791745823548447,0.0019404239038337805,42.60119409805439,4,True,balance,2.7019335179888e-06,-1.322560190510968,-0.0001639809594740913,2.701932818440972e-06,-1.3225601905133202,-0.00016398095925917382,0.18384776310850237,0.23256755992208045,0.18313744198353665,0.18313744198355608
6.860000000000626,-0.0007700909896322159,2.0211954125914145e-11,0.23256698189451758,3.892821887738423e-12,-0.0019116117649210364,0.001161583769494485,0.0019116110149040438,42.60119438900552,4,True,balance,2.661627803218373e-06,-1.3225611905135919,-0.0001615486400090274,2.6616271116275047e-06,-1.3225611905159154,-0.0001615486397992499,0.18384776310850237,0.23256755992208045,0.18313749211073097,0.1831374921107501
6.870000000000629,-0.0007585706788160178,2.0212145745296015e-11,0.2325669904474097,3.834075099756323e-12,-0.0018832231749991608,0.0011442541324995436,0.0018832235943205833,42.601194675884635,4,True,balance,2.6219204112167717e-06,-1.3225621757574546,-0.00015915207318667425,2.6219197297969125e-06,-1.3225621757597446,-0.00015915207298075498,0.18384776310850237,0.23256755992208045,0.18313754150321082,0.18313754150322964
6.880000000000632,-0.0007472222459038036,2.021233079118842e-11,0.23256699887524526,3.777106158921899e-12,-0.001855252796556348,0.0011271818257739036,0.0018552544552905817,42.601194958742745,4,True,balance,2.5828025367399595e-06,-1.3225631464575192,-0.00015679074195996804,2.5828018613327196e-06,-1.3225631464597496,-0.00015679074174728704,0.18384776310850237,0.23256755992208045,0.183137590171535,0.18313759017155357
6.890000000000636,-0.0007360431384825276,2.0212513292596275e-11,0.2325670071798123,3.720880122753756e-12,-0.0018276945558773194,0.0011103630595085871,0.0018276974753150738,42.60119523763334,4,True,balance,2.5442655041703796e-06,-1.3225641028258697,-0.00015446413654819668,2.544264837085977e-06,-1.3225641028280655,-0.00015446413633923308,0.18384776310850237,0.23256755992208045,0.18313763812611594,0.1831376381261342
6.900000000000639,-0.0007250308417340916,2.0212691066294257e-11,0.2325670153628744,3.665937413186635e-12,-0.0018005424651802288,0.0010937940988940717,0.001800543037349397,42.60119551260835,4,True,balance,2.5063007580677944e-06,-1.3225650450714768,-0.0001521717543118906,2.5063000973492714e-06,-1.322565045073648,-0.00015217175411070985,0.18384776310850237,0.23256755992208045,0.18313768537722266,0.18313768537724057
6.910000000000642,-0.000714182877889638,2.0212867215427766e-11,0.23256702342617103,3.6115008364859406e-12,-0.0017737906214634897,0.001077471263341863,0.0017737894923054896,42.601195783718126,4,True,balance,2.4688998748874376e-06,-1.322565973400234,-0.00014991309967604747,2.4688992214126184e-06,-1.3225659734023645,-0.00014991309947494217,0.18384776310850237,0.23256755992208045,0.18313773193498004,0.18313773193499758
6.920000000000646,-0.0007034968056915544,2.0213043923582144e-11,0.23256703137141765,3.5570302628948786e-12,-0.001747433205364523,0.0010613909257206455,0.0017474304334272406,42.60119605101249,4,True,balance,2.4320545423453968e-06,-1.3225668880152963,-0.00014768768406016195,2.4320539012201688e-06,-1.322566888017358,-0.00014768768385915883,0.18384776310850237,0.23256755992208045,0.18313777780937354,0.18313777780939097
6.930000000000649,-0.0006929702198630728,2.0213223774694633e-11,0.23256703920030636,3.5019430721763245e-12,-0.001721464480029881,0.0010455495115989696,0.0017214638686343894,42.601196314542214,4,True,balance,2.3957565855463e-06,-1.3225677891168393,-0.00014549502574043478,2.3957559601566133e-06,-1.3225677891188772,-0.00014549502554935738,0.18384776310850237,0.23256755992208045,0.18313782301024917,0.18313782301026635
6.940000000000652,-0.0006826007505853856,2.02134007370404e-11,0.23256704691450575,3.447784327776874e-12,-0.0016958787900047132,0.0010299434984984222,0.00169587795429364,42.601196574365936,4,True,balance,2.359997921788268e-06,-1.3225686769020892,-0.00014333464978683047,2.359997309049391e-06,-1.3225686769041716,-0.00014333464960434423,0.18384776310850237,0.23256755992208045,0.18313786754731817,0.18313786754733508
6.950000000000656,-0.0006723860629821599,2.021356949404763e-11,0.23256705451566156,3.395835181652383e-12,-0.0016706705601209322,0.0010145694151601642,0.001670669454412652,42.601196830524906,4,True,balance,2.3247706224243242e-06,-1.3225695515657765,-0.0001412060879862884,2.3247700133700337e-06,-1.3225695515677705,-0.00014120608779206773,0.18384776310850237,0.23256755992208045,0.1831379114301542,0.18313791143017094
6.960000000000659,-0.0006623238566113561,2.021373495580561e-11,0.2325670620053969,3.344813361286178e-12,-0.001645834294420177,0.0009994238408159077,0.0016458326805896275,42.60119708306958,4,True,balance,2.2900668421508245e-06,-1.3225704132993645,-0.00013910887866512805,2.290066241440852e-06,-1.322570413301362,-0.00013910887848110035,0.18384776310850237,0.23256755992208045,0.1831379546681988,0.1831379546682151
6.970000000000662,-0.0006524118649642618,2.0213893874625817e-11,0.2325670693853125,3.2955297320036127e-12,-0.0016213645750787638,0.0009845034044738217,0.0016213626863050181,42.6011973320483,4,True,balance,2.255878865600043e-06,-1.3225712622919183,-0.00013704256673706036,2.255878269365996e-06,-1.3225712622938903,-0.0001370425665530243,0.18384776310850237,0.23256755992208045,0.1831379972707611,0.18313799727077715
6.980000000000666,-0.0006426478549716241,2.0214048446266594e-11,0.23256707665698692,3.247408791719355e-12,-0.0015972560613445514,0.0009698047842109838,0.0015972546515026587,42.60119757750624,4,True,balance,2.222199080268477e-06,-1.3225720987296443,-0.0001350067035173483,2.222198489732827e-06,-1.3225720987315306,-0.000135006703331981,0.18384776310850237,0.23256755992208045,0.18313803924702055,0.1831380392470364
6.990000000000669,-0.0006330296265167993,2.0214204468154336e-11,0.2325670838219768,3.199027676985677e-12,-0.001573503488490325,0.000955324706477118,0.001573502745455241,42.6011978194969,4,True,balance,2.1890199896494897e-06,-1.3225729227962089,-0.00013300084666168405,2.189019410685252e-06,-1.3225729227980645,-0.00013300084647878516,0.18384776310850237,0.23256755992208045,0.1831380806060285,0.18313808060604425
7.000000000000672,-0.0006235550119558198,2.0214360278198712e-11,0.23256709088181748,3.150860536749561e-12,-0.001550101666777245,0.0009410599454062955,0.0015501010021512745,42.601198058060774,4,True,balance,2.156334208332378e-06,-1.3225737346724828,-0.00013102456009840975,2.156333640683741e-06,-1.3225737346743325,-0.00013102455992164354,0.18384776310850237,0.23256755992208045,0.18313812135670995,0.18313812135672541
7.010000000000676,-0.0006142218756442814,2.021451398867342e-11,0.23256709783802282,3.1033422952497664e-12,-0.0015270454804336886,0.0009270073221396585,0.0015270457103011101,42.60119829324389,4,True,balance,2.124134458623611e-06,-1.3225745345369138,-0.00012907741393373935,2.124133899371639e-06,-1.3225745345387254,-0.00012907741376079539,0.18384776310850237,0.23256755992208045,0.18313816150786388,0.18313816150787912
7.020000000000679,-0.000605028113470969,2.0214666428277695e-11,0.2325671046920857,3.056275714870947e-12,-0.0015043298866474963,0.0009131637041552378,0.0015043307518003168,42.601198525097814,4,True,balance,2.092413561980212e-06,-1.322575322565269,-0.00012715898434754428,2.092413014087826e-06,-1.3225753225670753,-0.00012715898417791044,0.18384776310850237,0.23256755992208045,0.18313820106816725,0.1831382010681822
7.030000000000682,-0.0005959716523981152,2.0214813046226594e-11,0.23256711144547834,3.0108161762126683e-12,-0.0014819499145659752,0.0008995260046090386,0.0014819521014204505,42.60119875366328,4,True,balance,2.0611644534372346e-06,-1.3225760989307953,-0.00012526885353967621,2.0611639098081415e-06,-1.3225760989326176,-0.00012526885337354825,0.18384776310850237,0.23256755992208045,0.18313824004617438,0.18313824004618914
7.040000000000686,-0.0005870504500082148,2.021495518972466e-11,0.23256711809965247,2.966551706870071e-12,-0.0014599006643144874,0.0008860911816835816,0.0014599042542417853,42.60119897898309,4,True,balance,2.0303801634003232e-06,-1.3225768638043922,-0.00012340660964576866,2.0303796213538266e-06,-1.322576863806118,-0.0001234066094739333,0.18384776310850237,0.23256755992208045,0.18313827845032005,0.18313827845033462
7.050000000000689,-0.0005782624940572929,2.0215106339641353e-11,0.2325671246560396,2.9201115565319584e-12,-0.0014381773060194976,0.0008728562379468553,0.0014381778424808304,42.60119920110654,4,True,balance,2.000053813457616e-06,-1.3225776173543506,-0.00012157184664359764,2.0000532963350232e-06,-1.3225776173561217,-0.00012157184649137072,0.18384776310850237,0.23256755992208045,0.18313831628892083,0.18313831628893518
7.060000000000692,-0.0005696058020345481,2.021524651179852e-11,0.23256713111605132,2.8766474513003724e-12,-0.0014167750788562465,0.0008598182197164464,0.0014167773639056933,42.60119942006675,4,True,balance,1.9701786701017796e-06,-1.3225783597464742,-0.00011976416426173087,1.970178149399395e-06,-1.3225783597481935,-0.0001197641640977743,0.18384776310850237,0.23256755992208045,0.18313835357017466,0.1831383535701888
7.070000000000696,-0.0005610784207282936,2.0215383882943394e-11,0.2325671374810795,2.833963452265015e-12,-0.0013956892900983703,0.0008469742164378701,0.0013956890864849488,42.60119963591944,4,True,balance,1.940748037508011e-06,-1.3225790911443598,-0.00011798316797144617,1.940747525244277e-06,-1.3225790911460624,-0.00011798316781544352,0.18384776310850237,0.23256755992208045,0.1831383903021667,0.18313839030218054
7.080000000000699,-0.0005526784257980649,2.0215516325583332e-11,0.23256714375249654,2.792605546013968e-12,-0.0013749153141740227,0.0008343213600683713,0.001374913591483059,42.60119984870043,4,True,balance,1.911755366579772e-06,-1.3225798117094845,-0.00011622846881938183,1.911754857646409e-06,-1.3225798117110998,-0.00011622846865731405,0.18384776310850237,0.23256755992208045,0.18313842649286574,0.18313842649287942
7.090000000000702,-0.0005444039213528752,2.02156505898626e-11,0.23256714993165586,2.7508884250984924e-12,-0.0013544485917532261,0.0008218568244657266,0.0013544445522219427,42.60120005844634,4,True,balance,1.8831941682742395e-06,-1.3225805216002282,-0.00011449968336429209,1.8831936722331583e-06,-1.3225805216018585,-0.00011449968321252726,0.18384776310850237,0.23256755992208045,0.1831384621501297,0.1831384621501433
7.100000000000706,-0.0005362530395354898,2.0215782710237737e-11,0.23256715601989178,2.709816955374778e-12,-0.0013342846288343865,0.0008095778247926191,0.0013342837806497461,42.601200265200475,4,True,balance,1.8550580763479976e-06,-1.3225812209733423,-0.00011279643367876758,1.8550575881082253e-06,-1.322581220974912,-0.00011279643352892357,0.18384776310850237,0.23256755992208045,0.18313849728170442,0.1831384972817178
7.110000000000709,-0.0005282239401126437,2.0215912502086804e-11,0.2325671620185199,2.669486079489767e-12,-0.0013144189958352328,0.0007974816169254152,0.0013144166242736773,42.601200469015474,4,True,balance,1.8273407964984292e-06,-1.3225819099833018,-0.00011111834723946609,1.827340314542442e-06,-1.3225819099848892,-0.00011111834708634503,0.18384776310850237,0.23256755992208045,0.18313853189522872,0.18313853189524193
7.120000000000712,-0.0005203148100711158,2.021603823085986e-11,0.23256716792883744,2.630261158951402e-12,-0.0012948473267068445,0.0007855654968693497,0.0012948436503592141,42.60120066991878,4,True,balance,1.8000361435379522e-06,-1.3225825887821105,-0.00010946505675411124,1.8000356657462432e-06,-1.3225825887836817,-0.00010946505660374752,0.18384776310850237,0.23256755992208045,0.18313856599823114,0.1831385659982441
7.130000000000716,-0.0005125238632196177,2.021616421826699e-11,0.23256717375212352,2.5910335517274647e-12,-0.0012755653180605985,0.0007738268001833367,0.0012755601145953736,42.60120086795679,4,True,balance,1.7731380074362382e-06,-1.322583257519512,-0.00010783620022112272,1.773137536650542e-06,-1.3225832575210057,-0.00010783620007790417,0.18384776310850237,0.23256755992208045,0.1831385995981347,0.1831385995981474
7.140000000000719,-0.0005048493397963646,2.021628518080243e-11,0.2325671794896393,2.5532034495514844e-12,-0.0012565687282986016,0.0007622629014158208,0.0012565683204908819,42.60120106315855,4,True,balance,1.7466403785458567e-06,-1.322583916343372,-0.00010623142083289549,1.7466399103362791e-06,-1.3225839163449016,-0.00010623142068379492,0.18384776310850237,0.23256755992208045,0.1831386327022563,0.18313863270226874
7.1500000000007224,-0.0004972895060822817,2.021640763074292e-11,0.23256718514262806,2.5150215954744707e-12,-0.001237853376758561,0.000750871213542557,0.0012378519585743504,42.60120125557628,4,True,balance,1.7205373206784992e-06,-1.3225845653992625,-0.00010465036684526639,1.7205368643201933e-06,-1.3225845654007096,-0.0001046503667019689,0.18384776310850237,0.23256755992208045,0.18313866531781178,0.18313866531782413
7.160000000000726,-0.000489842654019752,2.0216530666427275e-11,0.2325671907123157,2.476847047192179e-12,-0.0012194151428634385,0.0007396491874175647,0.0012194132504083361,42.60120144524159,4,True,balance,1.6948230064994097e-06,-1.3225852048307227,-0.00010309269156193566,1.694822559500296e-06,-1.3225852048321811,-0.00010309269142539107,0.18384776310850237,0.23256755992208045,0.18313869745191225,0.18313869745192435
7.170000000000729,-0.0004825071008368432,2.021664885779888e-11,0.2325671961999109,2.4400172929329214e-12,-0.001201249965295386,0.0007285943112274921,0.0012012473841507435,42.601201632193565,4,True,balance,1.6694916823434047e-06,-1.3225858347791244,-0.00010155805323256173,1.6694912393982314e-06,-1.3225858347805723,-0.00010155805309224943,0.18384776310850237,0.23256755992208045,0.18313872911156878,0.18313872911158083
7.1800000000007325,-0.0004752811886769351,2.0216767920331906e-11,0.2325672016066053,2.403042368545949e-12,-0.0011833538411718343,0.0007177041099559666,0.0011833506014951,42.60120181646831,4,True,balance,1.6445376746003566e-06,-1.322586455383873,-0.00010004611500371594,1.6445372422799513e-06,-1.322586455385286,-0.00010004611487152952,0.18384776310850237,0.23256755992208045,0.18313876030369286,0.18313876030370474
7.190000000000736,-0.0004681632842336649,2.0216884689073924e-11,0.23256720693357374,2.366784918120381e-12,-0.0011657228252315145,0.0007069761448541953,0.0011657193505554653,42.601201998100066,4,True,balance,1.6199553959222101e-06,-1.32258706678223,-9.855654484604869e-05,1.6199549701888412e-06,-1.322587066783631,-9.855654471436594e-05,0.18384776310850237,0.23256755992208045,0.183138791035098,0.18313879103510963
7.200000000000739,-0.00046115177839111825,2.0216996966224898e-11,0.23256721218197446,2.3317414512946204e-12,-0.0011483530290320296,0.0006964080129212493,0.0011483499928414526,42.60120217712729,4,True,balance,1.595739347082247e-06,-1.322587669109702,-9.70890155056627e-05,1.5957389236769448e-06,-1.3225876691110618,-9.708901537188658e-05,0.18384776310850237,0.23256755992208045,0.18313882131250045,0.1831388213125119
7.2100000000007425,-0.0004542450858691962,2.0217109612488703e-11,0.23256721735294925,2.296671984313679e-12,-0.0011312406201596647,0.0006859973463876068,0.0011312368718965021,42.60120235359348,4,True,balance,1.5718840966123733e-06,-1.3225882624996648,-9.56432044051904e-05,1.5718836796726565e-06,-1.3225882625010132,-9.564320427443144e-05,0.18384776310850237,0.23256755992208045,0.1831388511425216,0.18313885114253284
7.220000000000746,-0.00044744164487408927,2.0217218695127453e-11,0.23256722244762404,2.2625981201354342e-12,-0.0011143818214476948,0.0006757418122088038,0.0011143780561643632,42.60120252752151,4,True,balance,1.5483843045935506e-06,-1.3225888470835185,-9.42187935863372e-05,1.548383891187391e-06,-1.32258884708486,-9.421879345647553e-05,0.18384776310850237,0.23256755992208045,0.18313888053168775,0.18313888053169872
7.230000000000749,-0.0004407399167537875,2.0217328996227906e-11,0.23256722746710853,2.228272872863314e-12,-0.0010977729102072682,0.0006656391115656068,0.001097769989784838,42.60120269895382,4,True,balance,1.52523470303791e-06,-1.3225894229909523,-9.281546967505607e-05,1.525234297881404e-06,-1.322589422992276,-9.281546954854567e-05,0.18384776310850237,0.23256755992208045,0.18313890948643272,0.18313890948644362
7.2400000000007525,-0.0004341383856585437,2.021743694590012e-11,0.23256723241249685,2.1946466528336225e-12,-0.0010814102174646239,0.0006556869793703434,0.0010814080483146585,42.60120286792263,4,True,balance,1.5024301041027967e-06,-1.322589990349604,-9.143292378639024e-05,1.5024297033929088e-06,-1.3225899903509308,-9.143292366559174e-05,0.18384776310850237,0.23256755992208045,0.18313893801309872,0.18313893801310935
7.250000000000756,-0.0004276355582062381,2.0217542339054533e-11,0.23256723728486767,2.1617424998748137e-12,-0.00106529012721068,0.0006458831837811852,0.001065288861087604,42.60120303446344,4,True,balance,1.4799653950300662e-06,-1.322590549285383,-9.007085149908939e-05,1.4799650013512294e-06,-1.3225905492866563,-9.007085137550335e-05,0.18384776310850237,0.23256755992208045,0.18313896611793712,0.1831389661179477
7.260000000000759,-0.00042122996315256184,2.0217646313726572e-11,0.23256724208528434,2.1292973879880026e-12,-0.0010494090756616198,0.0006362255257221313,0.0010494093749142952,42.601203198607614,4,True,balance,1.4578355375352385e-06,-1.3225910999222188,-8.872895270696942e-05,1.4578351493246702e-06,-1.3225910999234576,-8.872895258133495e-05,0.18384776310850237,0.23256755992208045,0.18313899380711066,0.18313899380712098
7.2700000000007625,-0.00041492015106597087,2.0217753134952392e-11,0.23256724681479513,2.0962175885043083e-12,-0.0010337635505258613,0.0006267118384101085,0.001033764770601619,42.60120336039334,4,True,balance,1.4360355618106468e-06,-1.322591642382358,-8.740693168524893e-05,1.4360351876064323e-06,-1.3225916423835946,-8.740693157398154e-05,0.18384776310850237,0.23256755992208045,0.18313902108669336,0.18313902108670368
7.280000000000766,-0.00040870469400731583,2.0217854689649826e-11,0.23256725147443327,2.0646164062026777e-12,-0.0010183500902829104,0.0006173399868896259,0.0010183533470087731,42.60120351984793,4,True,balance,1.414560590161587e-06,-1.32259217678627,-8.610449695003836e-05,1.4145602191494467e-06,-1.3225921767875113,-8.610449683085104e-05,0.18384776310850237,0.23256755992208045,0.18313904796267289,0.1831390479626831
7.290000000000769,-0.00040258218521410877,2.0217954737184135e-11,0.23256725606521766,2.033480453894222e-12,-0.0010031652834717067,0.0006081078675722582,0.0010031702285619249,42.601203677006524,4,True,balance,1.3934057961072777e-06,-1.322592703252671,-8.482136118794275e-05,1.3934054292051785e-06,-1.3225927032538767,-8.482136107486632e-05,0.18384776310850237,0.23256755992208045,0.18313907444095126,0.1831390744409614
7.3000000000007725,-0.0003965512387893454,2.021805102515634e-11,0.23256726058815244,2.003368886432757e-12,-0.000988205767987239,0.0005990134077834925,0.000988212292412319,42.601203831900094,4,True,balance,1.3725664254259225e-06,-1.3225932218984024,-8.355724124891105e-05,1.3725660633166542e-06,-1.3225932218996663,-8.355724114216848e-05,0.18384776310850237,0.23256755992208045,0.18313910052734617,0.18313910052735619
7.310000000000776,-0.000390610489394828,2.0218137828669214e-11,0.2325672650442275,1.9756865019813937e-12,-0.000973468230387152,0.0005900545653170987,0.000973474942868013,42.60120398456274,4,True,balance,1.3520378253898486e-06,-1.3225937328390922,-8.231185806841988e-05,1.352037450716737e-06,-1.322593732840207,-8.231185794616319e-05,0.18384776310850237,0.23256755992208045,0.1831391262275915,0.1831391262276011
7.320000000000779,-0.00038475859194892495,2.0218234379803614e-11,0.23256726943441866,1.9455373530206874e-12,-0.0009589494052099815,0.0005812293279911045,0.0009589512470399289,42.6012041350178,4,True,balance,1.3318153399263417e-06,-1.3225942361878567,-8.108493655799316e-05,1.3318149831639044e-06,-1.322594236189004,-8.108493644917162e-05,0.18384776310850237,0.23256755992208045,0.18313915154733998,0.18313915154734944
7.330000000000783,-0.00037899422132870386,2.0218330002265258e-11,0.23256727375968786,1.9157517597864982e-12,-0.0009446460742986538,0.0005725357132175131,0.0009446499020849737,42.60120428330199,4,True,balance,1.3118944648768537e-06,-1.3225947320569331,-7.987620568394037e-05,1.3118941158430026e-06,-1.3225947320580678,-7.98762055763075e-05,0.18384776310850237,0.23256755992208045,0.1831391764921613,0.18313917649217062
7.340000000000786,-0.00037331607207635904,2.0218423441310654e-11,0.23256727802098326,1.886636962814482e-12,-0.0009305550661336794,0.0005639717675718851,0.0009305615766025756,42.6012044294444,4,True,balance,1.2922707113345868e-06,-1.3225952205565827,-7.868539825936603e-05,1.2922703662607163e-06,-1.3225952205576972,-7.868539814728837e-05,0.18384776310850237,0.23256755992208045,0.18313920106754736,0.18313920106755657
7.350000000000789,-0.0003677228581099062,2.0218521495414946e-11,0.23256728221923956,1.856457831405671e-12,-0.0009166732551721136,0.0005555355663712661,0.0009166746222239845,42.60120457348536,4,True,balance,1.2729396656202392e-06,-1.3225957017955636,-7.751225096511178e-05,1.2729393338286991e-06,-1.3225957017966965,-7.751225086758265e-05,0.18384776310850237,0.23256755992208045,0.18313922527891138,0.18313922527892046
7.360000000000793,-0.0003622133124380647,2.0218609753889955e-11,0.23256728635537813,1.8288563714088437e-12,-0.0009029975612076567,0.0005472252132570869,0.0009030015584072379,42.6012047154361,4,True,balance,1.2538970025337278e-06,-1.322596175880918,-7.635650429321796e-05,1.253896667298965e-06,-1.3225961758819988,-7.635650418901442e-05,0.18384776310850237,0.23256755992208045,0.18313924913158633,0.1831392491315952
7.370000000000796,-0.00035678618687927464,2.021869605784798e-11,0.23256729043030716,1.801780630473539e-12,-0.000889524948727254,0.0005390388397852797,0.0008895309426250913,42.60120485533588,4,True,balance,1.2351384202250254e-06,-1.3225966429181863,-7.521790249379535e-05,1.2351380877606837e-06,-1.3225966429192872,-7.521790239063015e-05,0.18384776310850237,0.23256755992208045,0.18313927263083107,0.18313927263083998
7.380000000000799,-0.0003514402517847759,2.0218781598876976e-11,0.23256729444492183,1.7749726292055938e-12,-0.0008762524262740164,0.0005309746050225077,0.0008762533945209426,42.60120499321253,4,True,balance,1.2166597034239565e-06,-1.322597103011538,-7.40961935077869e-05,1.2166593795924052e-06,-1.3225971030126038,-7.409619340757909e-05,0.18384776310850237,0.23256755992208045,0.18313929578182883,0.18313929578183755
7.390000000000803,-0.00034617429576570927,2.0218868961886243e-11,0.23256729840010448,1.747743976341341e-12,-0.0008631770458325785,0.0005230306951454051,0.0008631828903570431,42.601205129095135,4,True,balance,1.1984567090074817e-06,-1.3225975562634036,-7.299112891607757e-05,1.1984563894681173e-06,-1.3225975562644259,-7.299112881895281e-05,0.18384776310850237,0.23256755992208045,0.1831393185896856,0.1831393185896943
7.400000000000806,-0.00034098712542418206,2.021895535494759e-11,0.2325673022967249,1.7208753559925875e-12,-0.0008502959022117557,0.0005152053230480817,0.0008502964022251923,42.601205263011295,4,True,balance,1.1805253285245812e-06,-1.3225980027747968,-7.190246391662466e-05,1.180525015142313e-06,-1.3225980027758222,-7.190246381942124e-05,0.18384776310850237,0.23256755992208045,0.18313934105943797,0.1831393410594464
7.410000000000809,-0.00033587756508822805,2.0219040741004523e-11,0.23256730613564042,1.694331820343612e-12,-0.0008376061324346808,0.0005074967279543516,0.0008376111259374212,42.60120539498328,4,True,balance,1.1628615424018677e-06,-1.322598442645276,-7.082995721945338e-05,1.1628612314698117e-06,-1.3225984426462951,-7.082995712563669e-05,0.18384776310850237,0.23256755992208045,0.1831393631960456,0.1831393631960539
7.420000000000813,-0.0003308444565506252,2.0219124772943702e-11,0.23256730991769606,1.6681873454681174e-12,-0.0008251049151490693,0.0004999031750345476,0.0008251054218192656,42.60120552504862,4,True,balance,1.1454613589645426e-06,-1.322598875972921,-6.977337105802083e-05,1.145461053415818e-06,-1.3225988759738947,-6.977337096616142e-05,0.18384776310850237,0.23256755992208045,0.18313938500440105,0.18313938500440924
7.430000000000816,-0.0003258866588114963,2.0219208325526614e-11,0.2325673136437247,1.6422621126293919e-12,-0.0008127894700271571,0.0004924229550303325,0.0008127947532878828,42.60120565322346,4,True,balance,1.1283208790646029e-06,-1.3225993028544047,-6.873247110291042e-05,1.1283205794161471e-06,-1.3225993028554053,-6.873247101343287e-05,0.18384776310850237,0.23256755992208045,0.18313940648932225,0.18313940648933028
7.440000000000819,-0.0003210030478246592,2.021928760692783e-11,0.2325673173145473,1.617481914354959e-12,-0.0008006570571950263,0.00048505438388040864,0.0008006635358717977,42.601205779542795,4,True,balance,1.1114362330433421e-06,-1.3225997233849722,-6.770702640726557e-05,1.1114359317657303e-06,-1.322599723385908,-6.770702631506643e-05,0.18384776310850237,0.23256755992208045,0.18313942765556104,0.18313942765556895
7.450000000000823,-0.0003161925162476623,2.0219362390644677e-11,0.23256732093097307,1.5939069832397386e-12,-0.0007887049766465282,0.0004777958023567268,0.000788707111162636,42.60120590402934,4,True,balance,1.0948036199981847e-06,-1.3226001376584895,-6.66968094014092e-05,1.0948033227636746e-06,-1.322600137659462,-6.669680931189658e-05,0.18384776310850237,0.23256755992208045,0.18313944850779945,0.18313944850780725
7.460000000000826,-0.00031145397319544817,2.0219434322351327e-11,0.23256732449379952,1.5710702316708334e-12,-0.000776930567682885,0.0004706455757021479,0.0007769283887977207,42.601206026709164,4,True,balance,1.078419298445601e-06,-1.322600545767496,-6.570159579784785e-05,1.0784190033547145e-06,-1.3226005457684133,-6.570159570716659e-05,0.18384776310850237,0.23256755992208045,0.18313946905065126,0.18313946905065892
7.470000000000829,-0.0003067863439976086,2.021950800011493e-11,0.2325673280038128,1.5478234610022004e-12,-0.0007653312083561539,0.00046360209327421623,0.0007653246204464904,42.601206147606625,4,True,balance,1.0622795742357161e-06,-1.3226009478030407,-6.472116456180569e-05,1.0622792876441615e-06,-1.3226009478039251,-6.47211644741264e-05,0.18384776310850237,0.23256755992208045,0.183139489288664,0.18313948928867163
7.480000000000833,-0.00030218856995917225,2.0219581043387565e-11,0.23256733146178762,1.524850132026498e-12,-0.0007539043149183033,0.000456663768194061,0.000753902434294663,42.60120626674593,4,True,balance,1.0463808163776974e-06,-1.322601343854898,-6.375529787197699e-05,1.0463805346850425e-06,-1.3226013438558124,-6.375529778467733e-05,0.18384776310850237,0.23256755992208045,0.18313950922631914,0.18313950922632666
7.490000000000836,-0.00029765960812487243,2.0219652342856252e-11,0.23256733486848763,1.502375687981689e-12,-0.0007426473412734398,0.00044982903700135994,0.0007426417445403395,42.601206384154594,4,True,balance,1.0307194333345818e-06,-1.3226017340116683,-6.280378108923001e-05,1.0307191561669362e-06,-1.3226017340125837,-6.280378100317073e-05,0.18384776310850237,0.23256755992208045,0.18313952886803542,0.18313952886804286
7.500000000000839,-0.000293198431046842,2.021972442824305e-11,0.23256733822466547,1.4797568881646945e-12,-0.0007315577784408016,0.00044309635931266857,0.0007315569838154849,42.60120649985592,4,True,balance,1.0152919079263326e-06,-1.322602118360527,-6.186640266357014e-05,1.0152916383603333e-06,-1.322602118361416,-6.186640258406857e-05,0.18384776310850237,0.23256755992208045,0.18313954821816453,0.1831395482181719
7.510000000000843,-0.0002888040265557037,2.0219791147923305e-11,0.23256734153106287,1.4585950755274285e-12,-0.0007206331540325085,0.0004364642174846212,0.0007206284540747347,42.60120661387985,4,True,balance,1.0000947536173588e-06,-1.3226024969873764,-6.094295415537644e-05,1.0000944817433268e-06,-1.3226024969882493,-6.094295406934657e-05,0.18384776310850237,0.23256755992208045,0.1831395672809985,0.18313956728100567
7.520000000000846,-0.00028447539753498666,2.0219860378368357e-11,0.23256734478841104,1.436805246845596e-12,-0.0007098710317218577,0.0004299311162837438,0.0007098618307138356,42.601206726241124,4,True,balance,9.851245479003368e-07,-1.3226028699769452,-6.003323012235413e-05,9.851242802428586e-07,-1.322602869977744,-6.003323004009346e-05,0.18384776310850237,0.23256755992208045,0.18313958606076444,0.18313958606077127
7.530000000000849,-0.0002802115616988375,2.0219929670391623e-11,0.23256734799743056,1.4150968395071682e-12,-0.0006992690107418704,0.0004234955825582373,0.000699266156055256,42.60120683696965,4,True,balance,9.70377918169019e-07,-1.3226032374124719,-5.913702811071796e-05,9.703776555621815e-07,-1.3226032374133094,-5.9137028025163055e-05,0.18384776310850237,0.23256755992208045,0.18313960456162906,0.18313960456163605
7.540000000000853,-0.00027601155137297646,2.0219997271628336e-11,0.23256735115883154,1.393891925384158e-12,-0.000688824725365489,0.0004171561649168045,0.0006888186305656684,42.601206946086506,4,True,balance,9.558515290504256e-07,-1.322603599376327,-5.825414864335934e-05,9.558512719421634e-07,-1.3226035993771834,-5.825414856802377e-05,0.18384776310850237,0.23256755992208045,0.18313962278770018,0.18313962278770704
7.550000000000856,-0.00027187441327883544,2.0220057695806065e-11,0.23256735427331404,1.3745668747315832e-12,-0.0006785358444101529,0.0004109114334117604,0.0006785266347491772,42.601207053612384,4,True,balance,9.415421218168843e-07,-1.322603955949515,-5.738439514295451e-05,9.415418590393899e-07,-1.3226039559503322,-5.738439505815564e-05,0.18384776310850237,0.23256755992208045,0.18313964074302425,0.18313964074303085
7.560000000000859,-0.0002677992083208596,2.0220123931451675e-11,0.23256735734156775,1.3537306103135044e-12,-0.0006684000707488797,0.0004047599792239951,0.000668397353191449,42.60120715956844,4,True,balance,9.274464470597896e-07,-1.3226043072117153,-5.652757384818468e-05,9.274461950591496e-07,-1.3226043072124931,-5.6527573770022836e-05,0.18384776310850237,0.23256755992208045,0.18313965843158886,0.18313965843159544
7.570000000000863,-0.00026378501137690956,2.0220191944189232e-11,0.2325673603642725,1.3325701750052294e-12,-0.0006584151408130798,0.0003987004143569196,0.0006584078506238272,42.60120726398443,4,True,balance,9.135613351180983e-07,-1.3226046532417381,-5.5683493891907584e-05,9.13561089921325e-07,-1.3226046532425428,-5.5683493818698784e-05,0.18384776310850237,0.23256755992208045,0.18313967585732627,0.1831396758573328
7.580000000000866,-0.0002598309110917181,2.0220256015332912e-11,0.23256736334209843,1.3125039686491793e-12,-0.0006485788241189529,0.0003927313713308024,0.0006485786346537162,42.60120736687335,4,True,balance,8.998836621842996e-07,-1.3226049941169753,-5.4851967120149705e-05,8.998834137818759e-07,-1.3226049941177436,-5.485196703746929e-05,0.18384776310850237,0.23256755992208045,0.1831396930241083,0.18313969302411473
7.590000000000869,-0.00025593600967338027,2.0220323958407412e-11,0.2325673662757058,1.2914778773646148e-12,-0.0006388889227964097,0.0003868515028828565,0.000638884586974737,42.60120746826798,4,True,balance,8.864103159523231e-07,-1.3226053299137697,-5.40328081823983e-05,8.864100807180633e-07,-1.3226053299144804,-5.403280811089991e-05,0.18384776310850237,0.23256755992208045,0.18313970993575382,0.18313970993576026
7.600000000000873,-0.00025209942269279216,2.0220390851285946e-11,0.2325673691657454,1.2708492219899202e-12,-0.0006293432711114271,0.00038105948167400157,0.0006293354286654508,42.60120756818084,4,True,balance,8.731382790918866e-07,-1.32260566070738,-5.322583438726785e-05,8.731380453377694e-07,-1.3226056607081795,-5.322583431575241e-05,0.18384776310850237,0.23256755992208045,0.18313972659602393,0.1831397265960302
7.610000000000876,-0.0002483202788860434,2.0220453891034366e-11,0.23256737201285863,1.2512462411148427e-12,-0.0006199397350164665,0.00037535399999449393,0.0006199402067505968,42.60120766663305,4,True,balance,8.60064543734791e-07,-1.3226059865719555,-5.2430865717283665e-05,8.600643170145032e-07,-1.3226059865727222,-5.2430865646850667e-05,0.18384776310850237,0.23256755992208045,0.18313974300862493,0.18313974300863112
7.620000000000879,-0.00024459771995969287,2.0220514115133985e-11,0.23256737481767756,1.2324026696276716e-12,-0.0006106762116950129,0.00036973376947877244,0.0006106743950182852,42.601207763651644,4,True,balance,8.471861673284152e-07,-1.3226063075805288,-5.1647724801190395e-05,8.471859377186643e-07,-1.3226063075812788,-5.164772472703723e-05,0.18384776310850237,0.23256755992208045,0.18313975917721179,0.18313975917721784
7.630000000000883,-0.0002409309003988864,2.0220575921082593e-11,0.23256737758082502,1.213175385486974e-12,-0.0006015506291031504,0.0003641975208224725,0.000601543367679351,42.6012078592549,4,True,balance,8.345002252645278e-07,-1.3226066238051146,-5.087623684299192e-05,8.345000039389726e-07,-1.3226066238058074,-5.087623677263606e-05,0.18384776310850237,0.23256755992208045,0.18313977510538387,0.18313977510538995
7.640000000000886,-0.00023731898727828165,2.0220636530230525e-11,0.23256738030291502,1.194325679472205e-12,-0.0005925609455370241,0.00035874400350352406,0.0005925508953941547,42.60120795346255,4,True,balance,8.220038655347078e-07,-1.3226069353165482,-5.0116229597348396e-05,8.220036474248149e-07,-1.322606935317259,-5.0116229529613e-05,0.18384776310850237,0.23256755992208045,0.18313979079668868,0.18313979079669465
7.650000000000889,-0.00023376116007574977,2.0220690206774923e-11,0.23256738298455248,1.1772697172950633e-12,-0.0005837051491977627,0.00035337198550573225,0.0005837046306909216,42.601208046282096,4,True,balance,8.096942653820209e-07,-1.3226072421847324,-4.9367533335704176e-05,8.096940468742427e-07,-1.3226072421853954,-4.936753325815404e-05,0.18384776310850237,0.23256755992208045,0.18313980625462184,0.18313980625462767
7.660000000000893,-0.00023025661048880024,2.022074877212709e-11,0.2325673856263336,1.1590042418532093e-12,-0.0005749812577596403,0.00034808025304985897,0.0005749789948949917,42.60120813775512,4,True,balance,7.975686310147458e-07,-1.3226075444784593,-4.8629980809633894e-05,7.975684198038922e-07,-1.3226075444791527,-4.862998074719388e-05,0.18384776310850237,0.23256755992208045,0.18313982148263008,0.18313982148263586
7.670000000000896,-0.00022680454225368105,2.0220804332694444e-11,0.23256738822884598,1.1415512226841134e-12,-0.0005663873179402891,0.0003428676103264649,0.0005663840677312317,42.60120822788665,4,True,balance,7.856242346176996e-07,-1.3226078422657137,-4.7903407241377616e-05,7.856240231299543e-07,-1.322607842266372,-4.790340717252202e-05,0.18384776310850237,0.23256755992208045,0.18313983648410756,0.18313983648411325
7.680000000000899,-0.00022340417096714283,2.0220861923252166e-11,0.23256739079266858,1.123617890016154e-12,-0.0005579214050905146,0.0003377328792307216,0.0005579173976811282,42.6012083167031,4,True,balance,7.738583685955919e-07,-1.3226081356132113,-4.7187650204077896e-05,7.738581665748222e-07,-1.322608135613907,-4.7187650149545183e-05,0.18384776310850237,0.23256755992208045,0.1831398512624001,0.1831398512624056
7.690000000000903,-0.00022005472391081643,2.0220912874715343e-11,0.23256739331837206,1.1074261232331445e-12,-0.0005495816227810515,0.0003326748991043983,0.0005495749648550101,42.601208404216976,4,True,balance,7.622683834908279e-07,-1.3226084245868457,-4.648254970569101e-05,7.622681767086861e-07,-1.3226084245875092,-4.6482549638579055e-05,0.18384776310850237,0.23256755992208045,0.18313986582080452,0.18313986582081002
7.700000000000906,-0.0002167554398781537,2.0220964494215604e-11,0.23256739580651875,1.0910419810041764e-12,-0.0005413661023929958,0.00032769252648070374,0.0005413578001229993,42.60120849044949,4,True,balance,7.508516492202988e-07,-1.322608709251505,-4.57879480604294e-05,7.508514450229762e-07,-1.3226087092521277,-4.578794799502986e-05,0.18384776310850237,0.23256755992208045,0.18313988016256938,0.1831398801625748
7.7100000000009095,-0.00021350556900390734,2.022101768313622e-11,0.2325673982576628,1.0743271672022388e-12,-0.0005332730027221579,0.0003227846348312146,0.0005332614424178622,42.60120857542901,4,True,balance,7.396055902442272e-07,-1.3226089896710584,-4.510368989948058e-05,7.396053900128856e-07,-1.3226089896718085,-4.510368983941228e-05,0.18384776310850237,0.23256755992208045,0.18313989429089636,0.1831398942909017
7.720000000000913,-0.00021030437259611897,2.0221070688961963e-11,0.23256740067235016,1.0577326469979924e-12,-0.0005253005095823241,0.0003179501143162901,0.0005252991099039783,42.601208659147275,4,True,balance,7.28527655431652e-07,-1.3226092659085436,-4.442962213509998e-05,7.2852745810954e-07,-1.3226092659091973,-4.442962207321567e-05,0.18384776310850237,0.23256755992208045,0.18313990820893908,0.18313990820894427
7.730000000000916,-0.0002071511229705593,2.0221123337945555e-11,0.23256740305111906,1.0412692751647071e-12,-0.0005174468354079948,0.0003131878715453512,0.0005174438856140603,42.60120874165196,4,True,balance,7.176153452004177e-07,-1.322609538026204,-4.3765593921601283e-05,7.176151558622079e-07,-1.3226095380268315,-4.3765593867437416e-05,0.18384776310850237,0.23256755992208045,0.18313992191980769,0.183139921919813
7.7400000000009195,-0.00020404510328760175,2.022117407440816e-11,0.2325674053944998,1.0253548823281448e-12,-0.0005097102188789084,0.0003084968293287066,0.0005097035818666857,42.60120882294455,4,True,balance,7.068661952975576e-07,-1.3226098060849778,-4.3111456607204915e-05,7.068660074345404e-07,-1.3226098060855678,-4.311145654599891e-05,0.18384776310850237,0.23256755992208045,0.1831399354265648,0.18313993542656998
7.750000000000923,-0.00020098560739150072,2.0221227174210408e-11,0.23256740770301507,1.0089028321519672e-12,-0.0005020889245411069,0.0003038759264438623,0.0005020798841257972,42.60120890304361,4,True,balance,6.962777653083191e-07,-1.3226100701450718,-4.246706370122424e-05,6.962775853189068e-07,-1.322610070145686,-4.246706365343109e-05,0.18384776310850237,0.23256755992208045,0.1831399487322288,0.18313994873223388
7.760000000000926,-0.0001979719396520198,2.02212731715153e-11,0.23256740997717978,9.943350593458906e-13,-0.0004945812424312501,0.0002993241174005078,0.0004945700785163627,42.6012089819695,4,True,balance,6.858476708303748e-07,-1.3226103302659844,-4.183227093866483e-05,6.858474865566427e-07,-1.3226103302665764,-4.183227087161075e-05,0.18384776310850237,0.23256755992208045,0.18313996183977407,0.1831399618397791
7.7700000000009295,-0.00019500341480837845,2.022132459351656e-11,0.23256741221750138,9.783883113227393e-13,-0.00048718548771030384,0.00029484037220913416,0.0004871846687176473,42.60120905973422,4,True,balance,6.755735366402903e-07,-1.322610586506066,-4.120693606174485e-05,6.755733656956008e-07,-1.3226105865067395,-4.1206936015643925e-05,0.18384776310850237,0.23256755992208045,0.18313997475213092,0.18313997475213575
7.780000000000933,-0.0001920793578155023,2.0221361009121724e-11,0.23256741442447987,9.663117927820914e-13,-0.00047990000029488777,0.00029042367615431276,0.00047989674169285926,42.60120913636484,4,True,balance,6.654530569492524e-07,-1.322610838923277,-4.0590919023295266e-05,6.65452869676031e-07,-1.3226108389238556,-4.0590918960446885e-05,0.18384776310850237,0.23256755992208045,0.18313998747218865,0.18313998747219343
7.790000000000936,-0.0001891991036925171,2.022139457015029e-11,0.23256741659860808,9.548691617688316e-13,-0.00047272314450190906,0.00028607302956874965,0.00047271851626498466,42.60120921186989,4,True,balance,6.554839234967856e-07,-1.3226110875741237,-3.9984081695218274e-05,6.554837368133871e-07,-1.32261108757468,-3.998408163238442e-05,0.18384776310850237,0.23256755992208045,0.18314000000279246,0.18314000000279712
7.8000000000009395,-0.00018636199737349292,2.02214333602293e-11,0.2325674187403716,9.420844181360943e-13,-0.0004656533086994353,0.0002817874476125197,0.0004656456733153355,42.60120928626374,4,True,balance,6.456638851037543e-07,-1.3226113325145759,-3.938628805777118e-05,6.45663703874855e-07,-1.3226113325151172,-3.93862879993983e-05,0.18384776310850237,0.23256755992208045,0.18314001234674648,0.18314001234675115
7.810000000000943,-0.0001835673935603647,2.0221474534332074e-11,0.2325674208502489,9.287492909489452e-13,-0.00045868890495566245,0.00027756596005578933,0.0004586775256690916,42.601209359565956,4,True,balance,6.359907161710862e-07,-1.3226115737997362,-3.879740407647474e-05,6.359905404954263e-07,-1.3226115738002888,-3.879740402221286e-05,0.18384776310850237,0.23256755992208045,0.18314002450681402,0.18314002450681846
7.820000000000946,-0.00018081465657801413,2.0221519304527603e-11,0.2325674229287116,9.145601033017007e-13,-0.0004518283686959614,0.00027340761106422833,0.00045181407732940127,42.60120943179255,4,True,balance,6.264622316410705e-07,-1.3226118114839691,-3.821729767979804e-05,6.264620615558281e-07,-1.322611811484513,-3.821729763215787e-05,0.18384776310850237,0.23256755992208045,0.18314003648571736,0.183140036485722
7.8300000000009495,-0.00017810316023148825,2.0221561879545144e-11,0.23256742497622424,9.009949063675773e-13,-0.0004450701583677177,0.00026931145898617204,0.00044507081786755406,42.60120950295524,4,True,balance,6.170762746125203e-07,-1.322612045620736,-3.764583873783088e-05,6.17076104301547e-07,-1.3226120456212356,-3.7645838682917395e-05,0.18384776310850237,0.23256755992208045,0.18314004828613906,0.18314004828614347
7.840000000000953,-0.00017543228766531634,2.022160630596951e-11,0.23256742699324462,8.870163946095242e-13,-0.00043841275509978343,0.0002652765761452474,0.0004384100655276014,42.60120957307974,4,True,balance,6.078307082311775e-07,-1.3226122762628436,-3.7082899027036364e-05,6.078305436508428e-07,-1.322612276263366,-3.708289897305077e-05,0.18384776310850237,0.23256755992208045,0.18314005991072393,0.18314005991072826
7.850000000000956,-0.00017280143122489337,2.0221651235915916e-11,0.23256742898022395,8.72975892770177e-13,-0.0004318546623763043,0.00026130204863391936,0.0004318491417843847,42.60120964216955,4,True,balance,5.98723450447672e-07,-1.322612503462202,-3.652835219626819e-05,5.987232906438781e-07,-1.322612503462687,-3.652835214481763e-05,0.18384776310850237,0.23256755992208045,0.18314007136207602,0.1831400713620803
7.8600000000009596,-0.0001702099923199124,2.022169821063791e-11,0.2325674309376068,8.584923202335141e-13,-0.0004253944057162013,0.00025738697611052766,0.00042538495467555427,42.60120971024185,4,True,balance,5.897524316028795e-07,-1.3226127272698809,-3.5982073766749947e-05,5.897522774883179e-07,-1.3226127272703876,-3.598207371884945e-05,0.18384776310850237,0.23256755992208045,0.18314008264276188,0.18314008264276624
7.870000000000963,-0.00016765738128979586,2.0221741583108568e-11,0.2325674328658312,8.450143303954576e-13,-0.0004190305323510536,0.00025353047160131,0.00041901676242427674,42.60120977731618,4,True,balance,5.809156234959912e-07,-1.3226129477363973,-3.5443941098539165e-05,5.809154730765397e-07,-1.3226129477369148,-3.5443941052875415e-05,0.18384776310850237,0.23256755992208045,0.18314009375531057,0.18314009375531481
7.880000000000966,-0.00016514301727111228,2.022177894757116e-11,0.23256743476532882,8.331048814328932e-13,-0.00041276161091109253,0.00024973166130177327,0.0004127454762038605,42.60120984340556,4,True,balance,5.722110266781727e-07,-1.322613164911416,-3.491383332869542e-05,5.722108724538289e-07,-1.3226131649119195,-3.491383328370054e-05,0.18384776310850237,0.23256755992208045,0.1831401047022139,0.18314010470221795
7.89000000000097,-0.00016266632806695127,2.0221809113427047e-11,0.23256743663652496,8.229944007870896e-13,-0.0004065862311150063,0.00024598968438236995,0.0004065702016753998,42.60120990851633,4,True,balance,5.636366643727985e-07,-1.3226133788438137,-3.4391631386397704e-05,5.636365007519726e-07,-1.3226133788442493,-3.4391631332051257e-05,0.18384776310850237,0.23256755992208045,0.1831401154859272,0.18314011548593123
7.900000000000973,-0.00016022675001821102,2.0221847351773386e-11,0.2325674384798387,8.107563043285615e-13,-0.0004005030034593272,0.00024230369280142278,0.000400502660314393,42.60120997267026,4,True,balance,5.551905834385914e-07,-1.32261358958193,-3.387721795092375e-05,5.551904327345792e-07,-1.322613589582385,-3.387721790530067e-05,0.18384776310850237,0.23256755992208045,0.18314012610886907,0.18314012610887306
7.910000000000976,-0.00015782372787678586,2.0221884472466448e-11,0.232567440295683,7.989059961241565e-13,-0.0003945105589194534,0.0002386728511112351,0.00039450809908855514,42.60121003588456,4,True,balance,5.468708799599682e-07,-1.3226137971731988,-3.337047743945826e-05,5.46870731091473e-07,-1.322613797173661,-3.3370477395309184e-05,0.18384776310850237,0.23256755992208045,0.1831401365734249,0.18314013657342879
7.92000000000098,-0.00015545671468062558,2.0221924051014256e-11,0.2325674420844648,7.864979242713416e-13,-0.00038860754865111273,0.0002350963362762866,0.0003886039639718543,42.60121009816693,4,True,balance,5.386756663263845e-07,-1.3226140016644394,-3.287129593793612e-05,5.386755266460741e-07,-1.322614001664931,-3.2871295895846864e-05,0.18384776310850237,0.23256755992208045,0.18314014688194252,0.18314014688194655
7.930000000000983,-0.00015312517163063735,2.022195913918231e-11,0.23256744384658512,7.753072166110869e-13,-0.00038279264369942256,0.00023157333748814106,0.0003827868221189342,42.601210159532464,4,True,balance,5.306030896633902e-07,-1.3226142031017132,-3.237956123099803e-05,5.30602945367992e-07,-1.3226142031021695,-3.237956118030311e-05,0.18384776310850237,0.23256755992208045,0.18314015703673672,0.18314015703674055
7.940000000000986,-0.00015082856796939934,2.022199308076109e-11,0.23256744558243894,7.643971452024424e-13,-0.00037706453470814493,0.0002281030559867972,0.0003770558668408345,42.601210219993085,4,True,balance,5.226513123040648e-07,-1.3226144015305157,-3.189516275356898e-05,5.226511691418256e-07,-1.3226144015309411,-3.1895162711985275e-05,0.18384776310850237,0.23256755992208045,0.18314016704008731,0.18314016704009112
7.95000000000099,-0.00014856638086165852,2.0222028693107124e-11,0.2325674472924156,7.530851875274478e-13,-0.00037142193163387804,0.00022468470488221543,0.00037141214387774473,42.60121027956404,4,True,balance,5.148185312776717e-07,-1.322614596995507,-3.1417991569842715e-05,5.148183901691164e-07,-1.3226145969960024,-3.141799152598031e-05,0.18384776310850237,0.23256755992208045,0.1831401768942413,0.18314017689424503
7.960000000000993,-0.00014633809527659437,2.0222061495917408e-11,0.23256744897689868,7.425037640989086e-13,-0.0003658635634659139,0.0002213175089798558,0.00036585072437439486,42.601210338256486,4,True,balance,5.071029727313365e-07,-1.3226147895409768,-3.09479403550378e-05,5.071028342577702e-07,-1.3226147895413893,-3.094794031050387e-05,0.18384776310850237,0.23256755992208045,0.18314018660141246,0.1831401866014161
7.970000000000996,-0.00014414320387181974,2.022209730916983e-11,0.23256745063626608,7.311712539457082e-13,-0.00036038817794775875,0.00021800070460716543,0.0003603723846897771,42.6012103960832,4,True,balance,4.995028863661515e-07,-1.322614979210233,-3.0484903341514667e-05,4.995027499188592e-07,-1.3226149792106432,-3.0484903300210142e-05,0.18384776310850237,0.23256755992208045,0.18314019616378197,0.18314019616378555
7.980000000001,-0.00014198120687909272,2.0222135438159943e-11,0.2325674522708902,7.193094638850419e-13,-0.00035499454130570623,0.00021473353944422496,0.00035497789113792276,42.6012104530618,4,True,balance,4.920165474362807e-07,-1.3226151660460645,-3.002877633538594e-05,4.920164142540565e-07,-1.3226151660464749,-3.002877629792296e-05,0.18384776310850237,0.23256755992208045,0.18314020558349905,0.18314020558350255
7.990000000001003,-0.00013985161199171552,2.022217235816458e-11,0.23256745388113811,7.078295708065634e-13,-0.0003496814379789276,0.0002115152723566879,0.000349661743417133,42.60121050919042,4,True,balance,4.846422635930585e-07,-1.322615350090689,-2.957945669738746e-05,4.846421286929735e-07,-1.3226153500911908,-2.9579456653180838e-05,0.18384776310850237,0.23256755992208045,0.1831402148626809,0.18314021486268472
8.000000000001005,-0.0001377539342535923,2.0222200709884976e-11,0.2325674554673712,6.98510466934592e-13,-0.0003444476703537761,0.00020834517322915425,0.0003444487321418433,42.60121056449681,4,True,balance,4.773783543363836e-07,-1.3226155313857009,-2.9136843256405428e-05,4.773782148860122e-07,-1.3226155313860806,-2.913684321064414e-05,0.18384776310850237,0.23256755992208045,0.1831402240034142,0.1831402240034175
8.010000000001,-0.00013568769594992646,2.0222237179324903e-11,0.2325674570299457,6.870847202046704e-13,-0.00033929205849990055,0.0002052225228048395,0.000339292053218899,42.601210618995125,4,True,balance,4.702231611018486e-07,-1.322615709972,-2.8700836371702245e-05,4.702230336874579e-07,-1.3226157099723932,-2.870083634306783e-05,0.18384776310850237,0.23256755992208045,0.1831402330077552,0.1831402330077585
8.020000000000994,-0.00013365242649952848,2.0222272015757263e-11,0.23256745856921268,6.761967764093262e-13,-0.0003342134399142988,0.00020214661252284727,0.00033420849151739846,42.601210672682235,4,True,balance,4.631750818406934e-07,-1.3226158858898802,-2.8271337854895005e-05,4.631749569279366e-07,-1.3226158858903068,-2.8271337817390243e-05,0.18384776310850237,0.23256755992208045,0.18314024187772893,0.1831402418777322
8.030000000000989,-0.00013164766234872682,2.0222304929404757e-11,0.23256746008551804,6.658375151823161e-13,-0.0003292106692680046,0.00019911674436135432,0.0003292069698469868,42.60121072557737,4,True,balance,4.5623250864482797e-07,-1.3226160591790788,-2.7848250965897767e-05,4.5623238429632386e-07,-1.322616059179465,-2.784825092689182e-05,0.18384776310850237,0.23256755992208045,0.18314025061533076,0.18314025061533407
8.040000000000983,-0.00012967294686682784,2.022233684503628e-11,0.2325674615792025,6.557631406591803e-13,-0.0003242826181556497,0.00019613223068228738,0.00032427779727376853,42.60121077769256,4,True,balance,4.4939386344810374e-07,-1.3226162298787376,-2.7431480400015055e-05,4.493937416298768e-07,-1.3226162298791548,-2.7431480359956428e-05,0.18384776310850237,0.23256755992208045,0.18314025922252716,0.1831402592225305
8.050000000000978,-0.00012772783024313003,2.022236704686834e-11,0.23256746305060189,6.461498795525353e-13,-0.0003194281748464873,0.00019319239407742135,0.0003194220411464027,42.6012108290377,4,True,balance,4.4265759666721186e-07,-1.3226163980274344,-2.702093224934988e-05,4.426574705244192e-07,-1.3226163980278274,-2.7020932209034472e-05,0.18384776310850237,0.23256755992208045,0.18314026770125547,0.18314026770125869
8.060000000000972,-0.0001258118693854558,2.0222401847528654e-11,0.2325674645000469,6.353560084968183e-13,-0.00031464624404158877,0.00019029656721752459,0.00031463730873000466,42.601210879625626,4,True,balance,4.360221740047643e-07,-1.322616563663236,-2.661651400527305e-05,4.360220575682408e-07,-1.3226165636636111,-2.661651397532805e-05,0.18384776310850237,0.23256755992208045,0.18314027605342426,0.18314027605342736
8.070000000000967,-0.00012392462782018665,2.022243394738461e-11,0.23256746592786354,6.253189907747369e-13,-0.0003099357466343062,0.00018744409270233159,0.0003099245375410399,42.601210929465424,4,True,balance,4.2948609187489374e-07,-1.3226167268234073,-2.6218134501089325e-05,4.29485975501835e-07,-1.3226167268237694,-2.621813446357131e-05,0.18384776310850237,0.23256755992208045,0.1831402842809142,0.18314028428091722
8.080000000000961,-0.00012206567559377777,2.0222464793712297e-11,0.23256746733437292,6.156418218900918e-13,-0.0003052956194729598,0.0001846343229154597,0.0003052822848248479,42.60121097857221,4,True,balance,4.230478701402052e-07,-1.3226168875449529,-2.5825703944875807e-05,4.230477528059115e-07,-1.3226168875453264,-2.5825703909004274e-05,0.18384776310850237,0.23256755992208045,0.18314029238557825,0.18314029238558122
8.090000000000956,-0.00012023458917571726,2.022249454840557e-11,0.23256746871989156,6.062597403188228e-13,-0.0003007248151267838,0.00018186661987901816,0.0003007089684406841,42.60121102695047,4,True,balance,4.167060457424102e-07,-1.3226170458642112,-2.5439133857653025e-05,4.1670592862685597e-07,-1.3226170458645754,-2.5439133820951765e-05,0.18384776310850237,0.23256755992208045,0.1831403003692417,0.18314030036924467
8.10000000000095,-0.00011843095136293134,2.0222523887181743e-11,0.23256747008473122,5.970118921565455e-13,-0.0002962223016593647,0.0001791403551100436,0.00029620285965975014,42.6012110746163,4,True,balance,4.104591713845756e-07,-1.322617201816856,-2.5058337040147256e-05,4.104590570736406e-07,-1.3226172018172213,-2.5058337012107904e-05,0.18384776310850237,0.23256755992208045,0.18314030823370359,0.1831403082337063
8.110000000000944,-0.0001166543511856035,2.022254738016926e-11,0.23256747142919904,5.892227776088435e-13,-0.000291787062398949,0.00017645490948206511,0.00029176707240149546,42.601211121577656,4,True,balance,4.043058387934892e-07,-1.322617355438281,-2.468322764299338e-05,4.0430572028172817e-07,-1.322617355438599,-2.4683227607968244e-05,0.18384776310850237,0.23256755992208045,0.18314031598073566,0.18314031598073852
8.120000000000939,-0.00011490438381437526,2.022258140929434e-11,0.23256747275359765,5.787837576366513e-13,-0.000287418095717179,0.00017380967308504097,0.00028739471753413547,42.60121116783699,4,True,balance,3.98244635481074e-07,-1.3226175067630448,-2.4313721023230832e-05,3.982445352770746e-07,-1.3226175067635617,-2.4313720997902487e-05,0.18384776310850237,0.23256755992208045,0.18314032361208374,0.1831403236120866
8.130000000000933,-0.00011318065046893297,2.022260406081536e-11,0.2325674740582253,5.713192454780225e-13,-0.00028311441480490245,0.00017120404509002738,0.000283115769562897,42.60121121341875,4,True,balance,3.9227420344426624e-07,-1.322617655825642,-2.394973383977842e-05,3.9227408627568604e-07,-1.3226176558260017,-2.3949733798552744e-05,0.18384776310850237,0.23256755992208045,0.18314033112946831,0.18314033112947115
8.140000000000928,-0.00011148275832793423,2.0222629705406855e-11,0.23256747534337568,5.630519514232369e-13,-0.00027887504745858474,0.0001686374336149366,0.0002788744156597043,42.60121125833131,4,True,balance,3.863931686487517e-07,-1.3226178026596718,-2.3591183943490995e-05,3.8639305968092427e-07,-1.3226178026599853,-2.359118391259328e-05,0.18384776310850237,0.23256755992208045,0.18314033853458475,0.18314033853458755
8.150000000000922,-0.00010981032044027648,2.0222657498807498e-11,0.23256747660933844,5.543112627504623e-13,-0.00027469903586530155,0.00016610925559059215,0.0002746989342140892,42.60121130257543,4,True,balance,3.806002066791266e-07,-1.3226179472982527,-2.323799040552764e-05,3.806001017688801e-07,-1.3226179472985988,-2.323799037450443e-05,0.18384776310850237,0.23256755992208045,0.18314034582910235,0.18314034582910507
8.160000000000917,-0.00010816295563768327,2.0222684079995087e-11,0.23256747785639864,5.458993874490561e-13,-0.000270585436393788,0.0001636189366315297,0.000270582946091514,42.601211346163616,4,True,balance,3.7489399741733947e-07,-1.3226180897741988,-2.2890073505511237e-05,3.748938924713803e-07,-1.3226180897745097,-2.289007347396105e-05,0.18384776310850237,0.23256755992208045,0.18314035301466638,0.183140353014669
8.170000000000911,-0.00010654028844857486,2.0222712306970083e-11,0.23256747908483746,5.370900017408928e-13,-0.0002665333193852968,0.00016116591090748367,0.00026652920755737336,42.601211389107135,4,True,balance,3.692732437725494e-07,-1.3226182301196803,-2.254735471799014e-05,3.692731440742677e-07,-1.3226182301200156,-2.254735468584563e-05,0.18384776310850237,0.23256755992208045,0.1831403600928975,0.1831403600929002
8.180000000000906,-0.0001049419490132123,2.022273985524518e-11,0.23256748029493166,5.28519371925469e-13,-0.0002625417689489026,0.0001587496210165019,0.00026253504915990753,42.60121143141752,4,True,balance,3.637366675198618e-07,-1.3226183683665043,-2.2209756640341108e-05,3.6373657316022714e-07,-1.3226183683668238,-2.220975661079256e-05,0.18384776310850237,0.23256755992208045,0.18314036706539275,0.1831403670653955
8.1900000000009,-0.00010336757300010502,2.0222763648817102e-11,0.23256748148695397,5.209596233454695e-13,-0.00025860988275932373,0.00015636951786017372,0.00025860323158124717,42.60121147309943,4,True,balance,3.582830173158518e-07,-1.3226185045459926,-2.1877203047519354e-05,3.582829201604477e-07,-1.3226185045463115,-2.1877203009864145e-05,0.18384776310850237,0.23256755992208045,0.18314037393372556,0.18314037393372826
8.200000000000895,-0.00010181680152365332,2.0222789040104663e-11,0.23256748266117322,5.12982813944804e-13,-0.0002547367718577427,0.00015402506052087145,0.0002547266260438735,42.60121151416663,4,True,balance,3.5291104382242137e-07,-1.322618638688962,-2.154961882324211e-05,3.529109503439839e-07,-1.3226186386892531,-2.1549618795760946e-05,0.18384776310850237,0.23256755992208045,0.18314038069944596,0.1831403806994485
8.210000000000889,-0.00010028928106301031,2.0222813623820405e-11,0.23256748381785414,5.052276458760289e-13,-0.000250921560457291,0.00015171571613953677,0.00025090779169186585,42.60121155462461,4,True,balance,3.4761953434748896e-07,-1.3226187708257082,-2.1226929970202747e-05,3.476194384766476e-07,-1.3226187708260402,-2.122692994350714e-05,0.18384776310850237,0.23256755992208045,0.1831403873640811,0.18314038736408353
8.220000000000883,-9.878466338214988e-05,2.022283446837094e-11,0.23256748495725765,4.984066270543593e-13,-0.00024716338574801134,0.00014944095979777035,0.000247146457132944,42.60121159448271,4,True,balance,3.4240728023415325e-07,-1.322618900986231,-2.0909063589298292e-05,3.4240718317595294e-07,-1.322618900986552,-2.0909063560153894e-05,0.18384776310850237,0.23256755992208045,0.1831403939291354,0.18314039392913783
8.230000000000878,-9.730260545111284e-05,2.022285472131346e-11,0.23256748607964073,4.917362787037419e-13,-0.00024346139770860717,0.00014720027439881186,0.00024344379045539133,42.60121163375003,4,True,balance,3.372730975589377e-07,-1.3226190291999749,-2.0595947844736088e-05,3.372730011504523e-07,-1.3226190292002533,-2.0595947812495642e-05,0.18384776310850237,0.23256755992208045,0.1831404003960914,0.18314040039609383
8.240000000000872,-9.584276936842786e-05,2.0222879185574565e-11,0.23256748718525663,4.840329014882716e-13,-0.0002398147589163208,0.00014499315055254707,0.00023979490986728773,42.60121167243828,4,True,balance,3.322158167357434e-07,-1.3226191554959632,-2.0287511987133286e-05,3.3221572879763325e-07,-1.322619155496245,-2.028751196347533e-05,0.18384776310850237,0.23256755992208045,0.18314040676640947,0.18314040676641197
8.250000000000867,-9.440482228467064e-05,2.0222901315132507e-11,0.2325674882743548,4.76983969421332e-13,-0.0002362226443624629,0.00014281908646161188,0.0002362038510772456,42.60121171055399,4,True,balance,3.272342953465723e-07,-1.3226192799028242,-1.9983686315991978e-05,3.2723420454580246e-07,-1.3226192799031486,-1.9983686286827726e-05,0.18384776310850237,0.23256755992208045,0.1831404130415285,0.18314041304153086
8.260000000000861,-9.298843632716405e-05,2.022292000716893e-11,0.2325674893471811,4.707848084628969e-13,-0.00023268424127121396,0.00014067758780736717,0.0002326623261329563,42.601211748101946,4,True,balance,3.223273949463257e-07,-1.3226194024487734,-1.9684402121378533e-05,3.223273047078384e-07,-1.3226194024490285,-1.968440209014771e-05,0.18384776310850237,0.23256755992208045,0.18314041922286617,0.18314041922286853
8.270000000000856,-9.15932885258e-05,2.022294168863578e-11,0.23256749040397762,4.638606034502329e-13,-0.0002291987489183736,0.0001385681676400669,0.00022917104110783962,42.60121178509232,4,True,balance,3.1749399977455035e-07,-1.3226195231614988,-1.9389591758996944e-05,3.1749391206026695e-07,-1.3226195231617572,-1.938959172677119e-05,0.18384776310850237,0.23256755992208045,0.18314042531181857,0.18314042531182095
8.28000000000085,-9.021906073994775e-05,2.022296420563962e-11,0.2325674914449831,4.567641097293426e-13,-0.0002257653784574687,0.00013649034626947947,0.00022573555627140063,42.60121182154375,4,True,balance,3.1273301273039327e-07,-1.3226196420683183,-1.9099188558341112e-05,3.127329236337284e-07,-1.3226196420685925,-1.9099188525281728e-05,0.18384776310850237,0.23256755992208045,0.18314043130976262,0.18314043130976482
8.290000000000845,-8.886543958645935e-05,2.0222984455716223e-11,0.23256749247043246,4.5021400848402667e-13,-0.00022238335274257453,0.00013444365115712866,0.00022238632073530142,42.601211857444454,4,True,balance,3.0804335189499315e-07,-1.3226197591962896,-1.8813126856588528e-05,3.0804326455502716e-07,-1.322619759196518,-1.8813126828641252e-05,0.18384776310850237,0.23256755992208045,0.183140437218052,0.18314043721805426
8.30000000000084,-8.753211636872823e-05,2.0223005950810573e-11,0.23256749348055725,4.433843284982193e-13,-0.00021905190615381775,0.0001324276168109621,0.00021905243005447715,42.601211892819656,4,True,balance,3.0342394532397413e-07,-1.3226198745719535,-1.8531341950716684e-05,3.034238579279278e-07,-1.322619874572225,-1.853134192706427e-05,0.18384776310850237,0.23256755992208045,0.1831404430380244,0.1831404430380265
8.310000000000834,-8.621878700681286e-05,2.022302812383981e-11,0.23256749447558575,4.363774103701e-13,-0.00021577028443096275,0.00013044178467880606,0.00021577175950661186,42.60121192766628,4,True,balance,2.988737465829737e-07,-1.3226199882213907,-1.825377009157704e-05,2.988736603272099e-07,-1.3226199882216352,-1.8253770065714252e-05,0.18384776310850237,0.23256755992208045,0.1831404487709943,0.1831404487709964
8.320000000000828,-8.492515196859535e-05,2.0223054418754622e-11,0.2325674954557428,4.2837774450121803e-13,-0.00021253774450771294,0.00012848570304749578,0.00021253819954636813,42.60121196199832,4,True,balance,2.943917185534943e-07,-1.3226201001703657,-1.7980348493930718e-05,2.9439163920403054e-07,-1.3226201001706217,-1.7980348470965432e-05,0.18384776310850237,0.23256755992208045,0.18314045441825832,0.1831404544182604
8.330000000000823,-8.365091620195397e-05,2.0223080227537188e-11,0.23256749642124985,4.2055605078610806e-13,-0.0002093535543449778,0.00012655892694056147,0.00020935393311392455,42.60121199581973,4,True,balance,2.8997684099748154e-07,-1.3226202104442342,-1.7711015282602322e-05,2.899767660829756e-07,-1.3226202104444995,-1.7711015261302113e-05,0.18384776310850237,0.23256755992208045,0.18314045998109332,0.18314045998109532
8.340000000000817,-8.239578906794988e-05,2.022310097767126e-11,0.23256749737232502,4.1406465141750506e-13,-0.00020621699277005573,0.00012466101801785105,0.00020621770892257144,42.60121202913954,4,True,balance,2.8562811563295865e-07,-1.3226203190680756,-1.7445709516494917e-05,2.856280373457005e-07,-1.3226203190683383,-1.7445709489152273e-05,0.18384776310850237,0.23256755992208045,0.18314046546075743,0.18314046546075943
8.350000000000811,-8.115948427500138e-05,2.0223119073531393e-11,0.2325674983091833,4.082406855235555e-13,-0.00020312734931452527,0.00012279154447821503,0.00020312636945288303,42.6012120619666,4,True,balance,2.8134454684737645e-07,-1.3226204260664578,-1.7184371154407562e-05,2.813444690875157e-07,-1.3226204260667431,-1.718437113276478e-05,0.18384776310850237,0.23256755992208045,0.1831404708584902,0.18314047085849217
8.360000000000806,-7.994171981403542e-05,2.0223136071912003e-11,0.23256749923203646,4.0268172241998226e-13,-0.00020008392405803995,0.00012095008096106808,0.000200080173586327,42.60121209430555,4,True,balance,2.7712515820986354e-07,-1.3226205314636843,-1.692694103946606e-05,2.7712508041522533e-07,-1.3226205314639365,-1.6926941008606015e-05,0.18384776310850237,0.23256755992208045,0.1831404761755127,0.1831404761755147
8.3700000000008,-7.874221789460313e-05,2.0223156627906753e-11,0.23256750014109312,3.962265901115104e-13,-0.0001970860274724609,0.0001191362084517438,0.00019708306393089757,42.60121212616435,4,True,balance,2.729689946226425e-07,-1.3226206352836585,-1.667336089099165e-05,2.729689185293445e-07,-1.3226206352838885,-1.667336086676333e-05,0.18384776310850237,0.23256755992208045,0.18314048141302786,0.1831404814130298
8.380000000000795,-7.756070488194354e-05,2.0223179648777955e-11,0.23256750103655885,3.8918123802352785e-13,-0.00019413298026961422,0.00011734951418696826,0.00019412980432566127,42.60121215755159,4,True,balance,2.6887510373282573e-07,-1.322620737549894,-1.6423573293671418e-05,2.6887503445220103e-07,-1.322620737550123,-1.64235732758612e-05,0.18384776310850237,0.23256755992208045,0.183140486572221,0.18314048657222295
8.39000000000079,-7.639691123498214e-05,2.0223199464504935e-11,0.23256750191863623,3.8301185385934984e-13,-0.00019122411325019705,0.0001155895915616454,0.00019121861447266188,42.60121218847146,4,True,balance,2.648425663153553e-07,-1.3226208382856037,-1.617752170763435e-05,2.6484249368529044e-07,-1.3226208382858191,-1.6177521682916525e-05,0.18384776310850237,0.23256755992208045,0.18314049165425977,0.18314049165426166
8.400000000000784,-7.525057144525056e-05,2.0223219332119445e-11,0.23256750278752464,3.768242105371007e-13,-0.00018835876715434877,0.00011385604003803304,0.0001883533801071915,42.60121221893459,4,True,balance,2.6087045084940413e-07,-1.3226209375136673,-1.5935150398278716e-05,2.6087037960375024e-07,-1.322620937513869,-1.5935150375442213e-05,0.18384776310850237,0.23256755992208045,0.18314049666029422,0.18314049666029614
8.410000000000778,-7.41214239767074e-05,2.0223238362722926e-11,0.23256750364342074,3.7087618962858497e-13,-0.00018553629251635945,0.00011214846505564255,0.00018553230149901247,42.601212248942886,4,True,balance,2.569578594134967e-07,-1.3226210352565373,-1.5696404469645185e-05,2.5695779104597523e-07,-1.3226210352567425,-1.569640444837562e-05,0.18384776310850237,0.23256755992208045,0.18314050159145787,0.18314050159145975
8.420000000000773,-7.300921120646413e-05,2.0223256909916902e-11,0.23256750448651817,3.6506834783791617e-13,-0.00018275604951936486,0.0001104664779414284,0.00018274745190781244,42.60121227850533,4,True,balance,2.5310390101593997e-07,-1.3226211315364365,-1.546122985157069e-05,2.531038333947807e-07,-1.3226211315366412,-1.5461229830219245e-05,0.18384776310850237,0.23256755992208045,0.18314050644886706,0.18314050644886895
8.430000000000767,-7.191367936638452e-05,2.0223275521307655e-11,0.23256750531700765,3.592608114651236e-13,-0.0001800174078533167,0.00010880969582353054,0.00018000861188674716,42.60121230763156,4,True,balance,2.493076981329807e-07,-1.3226212263751869,-1.5229573263946727e-05,2.49307634626915e-07,-1.3226212263754382,-1.5229573249021302e-05,0.18384776310850237,0.23256755992208045,0.1831405112336218,0.18314051123362354
8.440000000000762,-7.083457848555063e-05,2.0223290546930853e-11,0.23256750613507715,3.543736817485513e-13,-0.00017731974657460414,0.00010717774154441496,0.00017730763597801233,42.60121233632303,4,True,balance,2.4556838719193795e-07,-1.3226213197943726,-1.5001382227469313e-05,2.455683221856177e-07,-1.3226213197945802,-1.500138220801254e-05,0.18384776310850237,0.23256755992208045,0.1831405159468054,0.18314051594680725
8.450000000000756,-6.977166233358496e-05,2.0223301821694164e-11,0.2325675069409118,3.504415918480598e-13,-0.00017466245396857572,0.00010557024357665913,0.00017465045463963035,42.6012123645898,4,True,balance,2.4188511908438643e-07,-1.322621411815142,-1.4776605025155681e-05,2.418850493807052e-07,-1.32262141181536,-1.4776605002424942e-05,0.18384776310850237,0.23256755992208045,0.18314052058948546,0.1831405205894871
8.46000000000075,-6.872468836482102e-05,2.0223311919088228e-11,0.23256750773469406,3.4676447485827175e-13,-0.00017204492741369697,0.00010398683593745316,0.00017203274151809353,42.60121239243587,4,True,balance,2.3825704869010887e-07,-1.3226215024583814,-1.4555190724585326e-05,2.3825697854319986e-07,-1.3226215024585806,-1.455519070140566e-05,0.18384776310850237,0.23256755992208045,0.1831405251627137,0.18314052516271542
8.470000000000745,-6.76934176632942e-05,2.022332542812475e-11,0.23256750851660368,3.422283700746302e-13,-0.00016946657324565465,0.00010242715810903345,0.00016945417490247066,42.60121241986672,4,True,balance,2.3468334976677992e-07,-1.3226215917446615,-1.4337089150411723e-05,2.346832874422007e-07,-1.3226215917448685,-1.4337089131659214e-05,0.18384776310850237,0.23256755992208045,0.1831405296675261,0.18314052966752783
8.48000000000074,-6.66776148885558e-05,2.0223336849550887e-11,0.2325675092868177,3.382611972734768e-13,-0.0001669268066271377,0.00010089085495462953,0.00016691438550744616,42.60121244689146,4,True,balance,2.3116321615934196e-07,-1.3226216796942476,-1.412225085224567e-05,2.3116314989097988e-07,-1.3226216796944437,-1.4122250828644635e-05,0.18384776310850237,0.23256755992208045,0.1831405341049433,0.18314053410494505
8.490000000000734,-6.56770482222938e-05,2.0223354265462498e-11,0.2325675100455105,3.327656398520333e-13,-0.0001644250514155722,9.937757664054604e-05,0.00016441517036631644,42.601212473515375,4,True,balance,2.2769583673058788e-07,-1.3226217663271627,-1.3910627147790567e-05,2.2769577952624658e-07,-1.3226217663273339,-1.3910627132343308e-05,0.18384776310850237,0.23256755992208045,0.18314053847597095,0.18314053847597261
8.500000000000728,-6.469148931573806e-05,2.0223373409914084e-11,0.2325675107928539,3.269185869798092e-13,-0.0001619607400367937,9.788697855629477e-05,0.00016194940613009523,42.60121249974161,4,True,balance,2.2428042880500922e-07,-1.322621851663015,-1.3702170046927687e-05,2.2428037395814866e-07,-1.322621851663199,-1.3702170030747888e-05,0.18384776310850237,0.23256755992208045,0.1831405427815995,0.18314054278160116
8.510000000000723,-6.372071323786213e-05,2.022339298277898e-11,0.23256751152901714,3.210356877778434e-13,-0.00015953331335693134,9.641872123701529e-05,0.00015951635921687246,42.60121252558074,4,True,balance,2.2091621246791674e-07,-1.3226219357212556,-1.3496832296302698e-05,2.2091616016939546e-07,-1.3226219357214246,-1.3496832280643119e-05,0.18384776310850237,0.23256755992208045,0.1831405470228049,0.18314054702280663
8.520000000000717,-6.27644984243413e-05,2.0223407937430496e-11,0.23256751225416716,3.16353162813255e-13,-0.00015714222055813817,9.497247028725675e-05,0.00015712218888880793,42.601212551034635,4,True,balance,2.176024280472077e-07,-1.322622018520898,-1.3294567322573282e-05,2.1760237267758297e-07,-1.322622018521106,-1.3294567302999685e-05,0.18384776310850237,0.23256755992208045,0.18314055120054856,0.18314055120055017
8.530000000000712,-6.18226266272831e-05,2.0223420492462678e-11,0.23256751296846812,3.122433844540185e-13,-0.00015478691901689483,9.354789630465593e-05,0.00015477105422378367,42.60121257611075,4,True,balance,2.14338311898825e-07,-1.3226221000807745,-1.3095329255158044e-05,2.143382534873669e-07,-1.3226221000809866,-1.3095329240626062e-05,0.18384776310850237,0.23256755992208045,0.18314055531577736,0.18314055531577894
8.540000000000706,-6.0894882865693154e-05,2.0223432473453965e-11,0.2325675136720819,3.0824904482528267e-13,-0.0001524668741815151,9.214467480741873e-05,0.0001524482118777603,42.60121260081303,4,True,balance,2.111231220163554e-07,-1.322622180419462,-1.2899072916770012e-05,2.111230617294808e-07,-1.3226221804196328,-1.289907289628269e-05,0.18384776310850237,0.23256755992208045,0.1831405593694246,0.18314055936942614
8.5500000000007,-5.998105537668555e-05,2.0223448184778234e-11,0.23256751436516798,3.0331270916641417e-13,-0.00015018155945358957,9.076248615941356e-05,0.00015015982930745373,42.60121262514554,4,True,balance,2.079561215895728e-07,-1.3226222595551027,-1.2705753774190458e-05,2.079560684714599e-07,-1.3226222595552848,-1.2705753760469208e-05,0.18384776310850237,0.23256755992208045,0.18314056336240928,0.1831405633624108
8.560000000000695,-5.9080935567416124e-05,2.0223459724562507e-11,0.23256751504788345,2.9946724250972816e-13,-0.0001479304560701412,8.940101549907101e-05,0.0001479099700957709,42.6012126491205,4,True,balance,2.048366020838643e-07,-1.322622337505782,-1.251532799031285e-05,2.048365451375826e-07,-1.3226223375059638,-1.2515327969397472e-05,0.18384776310850237,0.23256755992208045,0.18314056729563705,0.18314056729563846
8.57000000000069,-5.819431796773026e-05,2.0223475010823728e-11,0.2325675157203831,2.9465073044020975e-13,-0.00014571305298758037,8.805995266785012e-05,0.00014569291425691914,42.60121267273623,4,True,balance,2.0176383968737568e-07,-1.3226224142891654,-1.2327752340115503e-05,2.0176378872111102e-07,-1.3226224142893255,-1.2327752330940199e-05,0.18384776310850237,0.23256755992208045,0.18314057116999982,0.18314057117000118
8.580000000000684,-5.732100018352147e-05,2.0223486454567478e-11,0.23256751638281933,2.9083814196503455e-13,-0.00014352884676891976,8.67389921403871e-05,0.00014350256298112938,42.601212696001106,4,True,balance,1.9873714273241965e-07,-1.3226224899226566,-1.2142984297373335e-05,1.9873708652225533e-07,-1.322622489922847,-1.2142984278687734e-05,0.18384776310850237,0.23256755992208045,0.1831405749863766,0.18314057498637792
8.590000000000678,-5.646078285077201e-05,2.0223500426563028e-11,0.23256751703534237,2.86373834843912e-13,-0.0001413773414692498,8.543783295600609e-05,0.00014135047196215864,42.60121271891774,4,True,balance,1.9575581686310917e-07,-1.322622564423529,-1.1960981903488197e-05,1.957557635318201e-07,-1.3226225644236904,-1.1960981886105977e-05,0.18384776310850237,0.23256755992208045,0.18314057874563272,0.1831405787456342
8.600000000000673,-5.561346959029071e-05,2.0223513902064053e-11,0.23256751767810013,2.8209012940178527e-13,-0.00013925804852584945,8.41561786498829e-05,0.00013923056238366943,42.601212741498166,4,True,balance,1.928191837824244e-07,-1.3226226378086576,-1.178170387161037e-05,1.9281913198167135e-07,-1.3226226378088202,-1.1781703855512448e-05,0.18384776310850237,0.23256755992208045,0.18314058244862158,0.18314058244862297
8.610000000000667,-5.47788669631158e-05,2.0223526646961185e-11,0.23256751831123837,2.7800372461778486e-13,-0.00013717048665087407,8.289373718644936e-05,0.0001371310383108122,42.60121276373897,4,True,balance,1.8992657482391611e-07,-1.3226227100947272,-1.160510949908377e-05,1.8992652233218323e-07,-1.32262271009488,-1.1605109484732986e-05,0.18384776310850237,0.23256755992208045,0.18314058609618308,0.18314058609618458
8.620000000000662,-5.395678442658716e-05,2.0223536970737615e-11,0.23256751893490074,2.745394064260341e-13,-0.0001351141817191668,8.165022089433293e-05,0.00013508523078700773,42.601212785651704,4,True,balance,1.8707733342871637e-07,-1.3226227812981872,-1.1431158723764219e-05,1.8707728044413737e-07,-1.3226227812983569,-1.1431158710646694e-05,0.18384776310850237,0.23256755992208045,0.18314058968914476,0.18314058968914607
8.630000000000656,-5.314703429106422e-05,2.0223545229388503e-11,0.23256751954922875,2.715760862120644e-13,-0.0001330886666674223,8.042534640005479e-05,0.0001330517957653387,42.601212807235825,4,True,balance,1.8427080676919412e-07,-1.322622851435171,-1.1259812037880704e-05,1.8427075074611142e-07,-1.3226228514353688,-1.1259812022805164e-05,0.18384776310850237,0.23256755992208045,0.18314059322832243,0.18314059322832368
8.64000000000065,-5.234943167730082e-05,2.022355460043169e-11,0.23256752015436166,2.683074970888818e-13,-0.00013109348138633513,7.92188345646693e-05,0.00013105912139717166,42.60121282849827,4,True,balance,1.8150635471587805e-07,-1.322622920521674,-1.1091030545983506e-05,1.815062982400088e-07,-1.3226229205218423,-1.109103052637085e-05,0.18384776310850237,0.23256755992208045,0.18314059671451888,0.1831405967145202
8.650000000000645,-5.15637944744458e-05,2.022356606852359e-11,0.23256752075043685,2.6450874270855813e-13,-0.00012912817261933023,7.803041042058281e-05,0.00012908933304404908,42.601212849444536,4,True,balance,1.7878334748066534e-07,-1.322622988573377,-1.092477593163656e-05,1.787832921277763e-07,-1.3226229885735346,-1.0924775913066197e-05,0.18384776310850237,0.23256755992208045,0.1831406001485257,0.18314060014852704
8.66000000000064,-5.0789943298668646e-05,2.022358085420657e-11,0.23256752133758954,2.599274471465106e-13,-0.00012719229386020162,7.685980311006225e-05,0.00012715496013610347,42.60121287007942,4,True,balance,1.7610116679212651e-07,-1.3226230556057952,-1.0761010445120259e-05,1.7610111499927882e-07,-1.3226230556059424,-1.0761010433592642e-05,0.18384776310850237,0.23256755992208045,0.18314060353112258,0.18314060353112374
8.670000000000634,-5.002770145240351e-05,2.0223601681383377e-11,0.2325675219159529,2.5386036407114076e-13,-0.00012528540525252006,7.570674582283788e-05,0.00012524891399709383,42.6012128904083,4,True,balance,1.7345918930544605e-07,-1.3226231216340603,-1.0599696892529967e-05,1.7345915205462517e-07,-1.322623121634298,-1.0599696888309087e-05,0.18384776310850237,0.23256755992208045,0.18314060686307712,0.1831406068630783
8.680000000000629,-4.927689488420285e-05,2.022361107239245e-11,0.2325675224856583,2.507528457086825e-13,-0.00012340707349259959,7.457097573729074e-05,0.0001233695533226509,42.601212910435265,4,True,balance,1.7085684232941632e-07,-1.3226231866733824,-1.0440798662426266e-05,1.7085679164592344e-07,-1.3226231866735616,-1.0440798642411725e-05,0.18384776310850237,0.23256755992208045,0.18314061014514593,0.18314061014514713
8.690000000000623,-4.853735214918274e-05,2.022361461937551e-11,0.23256752304683498,2.49081063683683e-13,-0.00012155687173235991,7.34522339592232e-05,0.00012151511694646078,42.60121293016023,4,True,balance,1.682935082161926e-07,-1.3226232507383615,-1.0284279617508052e-05,1.6829344512607517e-07,-1.3226232507385225,-1.0284279587045908e-05,0.18384776310850237,0.23256755992208045,0.1831406133780744,0.18314061337807558
8.700000000000617,-4.78089043700741e-05,2.0223630927190116e-11,0.23256752359961036,2.4408057061347033e-13,-0.00011973437948337916,7.23502654643273e-05,0.00011969894341076047,42.601212949594185,4,True,balance,1.657685963647392e-07,-1.3226233138436576,-1.0130104242340011e-05,1.657685512242765e-07,-1.3226233138437409,-1.0130104232343701e-05,0.18384776310850237,0.23256755992208045,0.18314061656259656,0.1831406165625978
8.710000000000612,-4.7091385198822594e-05,2.0223652182313112e-11,0.23256752414410992,2.379526597837819e-13,-0.00011793918252159462,7.126481904233008e-05,0.00011789188951773254,42.60121296873383,4,True,balance,1.6328154952541488e-07,-1.322623376003663,-9.97823750370216e-06,1.6328151350401912e-07,-1.3226233760037327,-9.978237498424427e-06,0.18384776310850237,0.23256755992208045,0.18314061969943596,0.18314061969943696
8.720000000000606,-4.6384630778796114e-05,2.0223667923896976e-11,0.23256752468045724,2.3333703271527694e-13,-0.00011617087279605889,7.019564723469846e-05,0.00011613518592763323,42.601212987595744,4,True,balance,1.6083179621603977e-07,-1.3226234372322705,-9.828644911205913e-06,1.6083175452970884e-07,-1.3226234372324468,-9.828644895160697e-06,0.18384776310850237,0.23256755992208045,0.18314062278930437,0.1831406227893056
8.7300000000006,-4.568847970752671e-05,2.0223679746970253e-11,0.23256752520877416,2.2968839243904635e-13,-0.00011442904833622138,6.914250628687098e-05,0.0001143801799779225,42.6012130061752,4,True,balance,1.5841877473084672e-07,-1.3226234975437499,-9.6812924577267e-06,1.5841873021484806e-07,-1.3226234975438924,-9.681292443694779e-06,0.18384776310850237,0.23256755992208045,0.18314062583290464,0.1831406258329058
8.740000000000595,-4.5002773000026524e-05,2.0223689275748847e-11,0.23256752572918063,2.265969034048903e-13,-0.00011271331316232454,6.810515608550281e-05,0.00011267224640618354,42.60121302447461,4,True,balance,1.5604193505799454e-07,-1.322623556951616,-9.536146678861619e-06,1.5604188840410336e-07,-1.3226235569517548,-9.536146662171336e-06,0.18384776310850237,0.23256755992208045,0.1831406288309273,0.18314062883092844
8.75000000000059,-4.43273540526433e-05,2.0223701290325467e-11,0.2325675262417948,2.2285081477734396e-13,-0.0001110232771984712,6.708336010821006e-05,0.00011098072234112096,42.60121304250268,4,True,balance,1.5370073367926597e-07,-1.3226236154694482,-9.393174573465589e-06,1.5370069072563737e-07,-1.3226236154696,-9.393174560404185e-06,0.18384776310850237,0.23256755992208045,0.18314063178405413,0.1831406317840552
8.760000000000584,-4.3662068607456206e-05,2.022370934483365e-11,0.23256752674673317,2.2014945371533007e-13,-0.00010935855618128432,6.607688536885265e-05,0.00010930636960033795,42.6012130602622,4,True,balance,1.513946429104838e-07,-1.3226236731105367,-9.2523436717959e-06,1.5139459349082083e-07,-1.3226236731106766,-9.25234364907027e-06,0.18384776310850237,0.23256755992208045,0.18314063469295583,0.1831406346929569
8.770000000000579,-4.30067647171996e-05,2.0223724706873923e-11,0.23256752724411034,2.155345703387964e-13,-0.0001077187715764253,6.508550236543994e-05,0.0001076804559180223,42.601213077756874,4,True,balance,1.4912312604726111e-07,-1.3226237298880186,-9.113621954051694e-06,1.4912308786893068e-07,-1.3226237298881232,-9.113621945727725e-06,0.18384776310850237,0.23256755992208045,0.18314063755829307,0.18314063755829418
8.780000000000573,-4.2361292710707584e-05,2.022374056040167e-11,0.23256752773403935,2.1091955200071705e-13,-0.00010610355049335699,6.410898502807643e-05,0.00010605367152670315,42.60121309499167,4,True,balance,1.4688567435345202e-07,-1.322623785814765,-8.976977892840561e-06,1.4688563875161878e-07,-1.3226237858149497,-8.97697788597024e-06,0.18384776310850237,0.23256755992208045,0.1831406403807176,0.18314064038071867
8.790000000000568,-4.172550515888371e-05,2.0223751534396532e-11,0.23256752821663154,2.0752552414515765e-13,-0.00010451252560097354,6.314711066638207e-05,0.00010446087163305759,42.60121311196629,4,True,balance,1.4468177672140216e-07,-1.3226238409035442,-8.842380417568919e-06,1.4468173670595553e-07,-1.3226238409036464,-8.842380402311585e-06,0.18384776310850237,0.23256755992208045,0.18314064316087064,0.18314064316087167
8.800000000000562,-4.1099256841175336e-05,2.0223763515032037e-11,0.23256752869199654,2.0387199912405856e-13,-0.00010294533504498443,6.219965992157666e-05,0.00010290363434226224,42.601213128694084,4,True,balance,1.4251092850350815e-07,-1.3226238951669234,-8.709798971397298e-06,1.4251089036628507e-07,-1.3226238951670506,-8.70979896048852e-06,0.18384776310850237,0.23256755992208045,0.18314064589938384,0.18314064589938472
8.810000000000556,-4.048240471252982e-05,2.02237738328204e-11,0.23256752916024234,2.0063520767142436e-13,-0.0001014016223676986,6.126641671476773e-05,0.00010134764291993737,42.60121314516778,4,True,balance,1.4037263227036916e-07,-1.3226239486171802,-8.579203354811494e-06,1.4037259377312277e-07,-1.3226239486172822,-8.579203343823684e-06,0.18384776310850237,0.23256755992208045,0.18314064859688003,0.183140648596881
8.820000000000551,-3.987480787087426e-05,2.022378022809817e-11,0.2325675296214753,1.9839953192554438e-13,-9.988103642793829e-05,6.034716819880601e-05,9.989881355558476e-05,42.601213161395,4,True,balance,1.3826640986488954e-07,-1.3226240012664985,-8.45056391085911e-06,1.3826636988293374e-07,-1.3226240012666035,-8.450563896242336e-06,0.18384776310850237,0.23256755992208045,0.18314065125397144,0.18314065125397241
8.830000000000545,-3.927632752505618e-05,2.0223789577843214e-11,0.23256753007580025,1.9539476762011926e-13,-9.83832313217085e-05,5.944170471051905e-05,9.841384788963243e-05,42.60121317738489,4,True,balance,1.3619176493772995e-07,-1.3226240531269506,-8.323851395975849e-06,1.3619172855649808e-07,-1.3226240531270714,-8.323851385719933e-06,0.18384776310850237,0.23256755992208045,0.18314065387126366,0.18314065387126452
8.84000000000054,-3.868682696326573e-05,2.0223799607404506e-11,0.23256753052332052,1.922461809610077e-13,-9.690786630051437e-05,5.854981972223162e-05,9.693245312663439e-05,42.60121319313333,4,True,balance,1.3414823482114235e-07,-1.3226241042102307,-8.199036964525898e-06,1.3414819987685698e-07,-1.3226241042103346,-8.199036957044445e-06,0.18384776310850237,0.23256755992208045,0.18314065644935112,0.18314065644935212
8.850000000000534,-3.8106171521944906e-05,2.0223807481245974e-11,0.23256753096413782,1.8967128656463892e-13,-9.54546056999379e-05,5.767130979577244e-05,9.546243159904291e-05,42.60121320864719,4,True,balance,1.3213535413819295e-07,-1.322624154528036,-8.076092268432475e-06,1.3213531831269685e-07,-1.3226241545281332,-8.076092254602009e-06,0.18384776310850237,0.23256755992208045,0.18314065898882018,0.18314065898882115
8.860000000000529,-3.753422855513967e-05,2.022381651203029e-11,0.23256753139835237,1.8682157659468038e-13,-9.402311886455561e-05,5.680597453591044e-05,9.405470574147514e-05,42.60121322392824,4,True,balance,1.3015266091337225e-07,-1.322624204091717,-7.954989317410014e-06,1.301526277217323e-07,-1.322624204091841,-7.954989304370328e-06,0.18384776310850237,0.23256755992208045,0.18314066149024752,0.18314066149024844
8.870000000000523,-3.697086740432295e-05,2.022382635604006e-11,0.2325675318260628,1.8376631050400513e-13,-9.261308007278837e-05,5.595361654557232e-05,9.264525969861696e-05,42.60121323898521,4,True,balance,1.2819970233379252e-07,-1.3226242529127004,-7.835700585564927e-06,1.2819966827149419e-07,-1.3226242529128105,-7.83570057248519e-06,0.18384776310850237,0.23256755992208045,0.18314066395420284,0.1831406639542038
8.880000000000518,-3.641595936866213e-05,2.022383611513059e-11,0.23256753224736645,1.8075434413717215e-13,-9.122416845996743e-05,5.5114041380165775e-05,9.123800849299096e-05,42.601213253815025,4,True,balance,1.2627603411253924e-07,-1.3226243010019871,-7.718198929801974e-06,1.262759993041709e-07,-1.3226243010021073,-7.7181989170705e-06,0.18384776310850237,0.23256755992208045,0.18314066638124638,0.1831406663812473
8.890000000000512,-3.586937767573249e-05,2.0223845321376957e-11,0.23256753266235908,1.778782829828114e-13,-8.985606794952379e-05,5.4287057504787936e-05,8.986956205799333e-05,42.601213268424175,4,True,balance,1.2438121291725188e-07,-1.3226243483705917,-7.602457626345351e-06,1.2438118166707413e-07,-1.322624348370696,-7.602457621092615e-06,0.18384776310850237,0.23256755992208045,0.18314066877192978,0.18314066877193066
8.900000000000507,-3.5330997452663903e-05,2.0223853591224257e-11,0.2325675330711351,1.752488578403288e-13,-8.850846718396835e-05,5.347247624951197e-05,8.854171964000616e-05,42.60121328281329,4,True,balance,1.2251481521263957e-07,-1.3226243950292529,-7.488450341696783e-06,1.2251478332108805e-07,-1.32262439502936,-7.488450335597025e-06,0.18384776310850237,0.23256755992208045,0.1831406711267969,0.18314067112679766
8.910000000000501,-3.480069569772676e-05,2.0223856484187466e-11,0.23256753347378734,1.739691164852066e-13,-8.718105945055886e-05,5.267011176727376e-05,8.72145555301325e-05,42.60121329698937,4,True,balance,1.2067641134193227e-07,-1.3226244409886694,-7.376151151480353e-06,1.2067637483423033e-07,-1.3226244409887529,-7.376151138919824e-06,0.18384776310850237,0.23256755992208045,0.18314067344638368,0.18314067344638446
8.920000000000496,-3.427835125232914e-05,2.0223859924457037e-11,0.23256753387040743,1.7250599919554606e-13,-8.587354261085993e-05,5.1879780992236996e-05,8.588810117253057e-05,42.60121331095702,4,True,balance,1.1886557524382928e-07,-1.3226244862592476,-7.265534497058891e-06,1.1886553841969362e-07,-1.3226244862593521,-7.265534486068974e-06,0.18384776310850237,0.23256755992208045,0.18314067573121778,0.18314067573121862
8.93000000000049,-3.376384477343769e-05,2.0223864511174244e-11,0.23256753426108567,1.7073841407621695e-13,-8.458561903780423e-05,5.110130359762584e-05,8.458824607211399e-05,42.60121332471279,4,True,balance,1.1708190244404533e-07,-1.3226245308513471,-7.156575206817489e-06,1.1708186646576905e-07,-1.3226245308514262,-7.156575195363299e-06,0.18384776310850237,0.23256755992208045,0.1831406779818189,0.18314067798181966
8.940000000000484,-3.325705870642021e-05,2.0223870231157474e-11,0.23256753464591087,1.6869081623796765e-13,-8.331699554890868e-05,5.0334501954146335e-05,8.334685089427665e-05,42.601213338260905,4,True,balance,1.1532498267859073e-07,-1.3226245747750307,-7.049248474258772e-06,1.1532494771914982e-07,-1.3226245747750858,-7.049248459922292e-06,0.18384776310850237,0.23256755992208045,0.18314068019869878,0.1831406801986996
8.950000000000479,-3.275787725827958e-05,2.0223880662650773e-11,0.23256753502497052,1.6548943050208682e-13,-8.206738333658457e-05,4.957920109144065e-05,8.210444234135687e-05,42.60121335161121,4,True,balance,1.1359440796984134e-07,-1.322624618040336,-6.94352990086061e-06,1.1359437949823828e-07,-1.3226246180404466,-6.943529894374787e-06,0.18384776310850237,0.23256755992208045,0.18314068238236234,0.18314068238236317
8.960000000000473,-3.2266186371287136e-05,2.0223891527390073e-11,0.23256753539835082,1.622337507853073e-13,-8.083649790281296e-05,4.8835228657397184e-05,8.08609737026073e-05,42.60121336476121,4,True,balance,1.1188979681451729e-07,-1.3226246606572458,-6.839395417205203e-06,1.1188976831370938e-07,-1.3226246606573209,-6.839395408996214e-06,0.18384776310850237,0.23256755992208045,0.1831406845333066,0.1831406845333073
8.970000000000468,-3.178187369702138e-05,2.0223900562218414e-11,0.23256753576613684,1.5948217207823734e-13,-7.962405899660882e-05,4.810241487868006e-05,7.9620972936014e-05,42.60121337771673,4,True,balance,1.1021075248089714e-07,-1.32262470263532,-6.7368213160121755e-06,1.1021072271625255e-07,-1.3226247026354083,-6.736821307387913e-06,0.18384776310850237,0.23256755992208045,0.1831406866520209,0.1831406866520217
8.980000000000462,-3.13048285707853e-05,2.0223905834942146e-11,0.2325675361284122,1.5768884320248933e-13,-7.842979055171553e-05,4.7380592523471216e-05,7.843108781603573e-05,42.60121339047543,4,True,balance,1.0855689521223424e-07,-1.3226247439841825,-6.635784268572284e-06,1.0855686698449197e-07,-1.3226247439842818,-6.635784258530125e-06,0.18384776310850237,0.23256755992208045,0.18314068873898698,0.18314068873898778
8.990000000000457,-3.083494198640621e-05,2.0223909193514846e-11,0.23256753648525935,1.5636916730526882e-13,-7.725342062648483e-05,4.6669596862106183e-05,7.728420164201339e-05,42.601213403042635,4,True,balance,1.0692784563131879e-07,-1.3226247847132122,-6.536261255299764e-06,1.0692781548550259e-07,-1.3226247847132884,-6.536261244083147e-06,0.18384776310850237,0.23256755992208045,0.18314069079467993,0.1831406907946807
9.000000000000451,-3.0372106571417035e-05,2.0223914303591466e-11,0.23256753683675946,1.5458851379123757e-13,-7.60946813375245e-05,4.5969265630468894e-05,7.613440023535462e-05,42.60121341542419,4,True,balance,1.0532322762232908e-07,-1.3226248248317223,-6.438229632957133e-06,1.0532319890485904e-07,-1.32262482483179,-6.438229620682745e-06,0.18384776310850237,0.23256755992208045,0.18314069281956805,0.1831406928195689
9.010000000000446,-2.9916216562600334e-05,2.022392163781478e-11,0.23256753718299256,1.5226273161209325e-13,-7.495330879992365e-05,4.5279438993793985e-05,7.49864100534696e-05,42.60121342762319,4,True,balance,1.0374267911921028e-07,-1.3226248643488596,-6.341667081821599e-06,1.0374265344603383e-07,-1.3226248643489678,-6.341667078519075e-06,0.18384776310850237,0.23256755992208045,0.18314069481411252,0.1831406948141133
9.02000000000044,-2.9467167781903182e-05,2.0223926985294258e-11,0.23256753752403742,1.5043630088338976e-13,-7.382904306977453e-05,4.459995950880087e-05,7.383537955840756e-05,42.60121343963797,4,True,balance,1.0218584177791389e-07,-1.3226249032736375,-6.246551622654004e-06,1.0218581354587673e-07,-1.3226249032737023,-6.246551614030785e-06,0.18384776310850237,0.23256755992208045,0.1831406967787669,0.1831406967787677
9.030000000000435,-2.9024857612711883e-05,2.0223932598021692e-11,0.23256753785997167,1.4854261338867815e-13,-7.272162808523811e-05,4.393067208945914e-05,7.269620645532569e-05,42.60121345147463,4,True,balance,1.0065235677150383e-07,-1.3226249416149027,-6.152861594185151e-06,1.0065232674465426e-07,-1.3226249416149967,-6.152861583863502e-06,0.18384776310850237,0.23256755992208045,0.18314069871397867,0.18314069871397945
9.040000000000429,-2.8589184976477695e-05,2.0223941331126156e-11,0.23256753819087184,1.4585793054506576e-13,-7.163081161102454e-05,4.3271423970625114e-05,7.164580315465992e-05,42.60121346313375,4,True,balance,9.914187417040434e-08,-1.322624979381313,-6.060575649556259e-06,9.914184945570622e-08,-1.3226249793813978,-6.060575646393242e-06,0.18384776310850237,0.23256755992208045,0.18314070062018775,0.18314070062018845
9.050000000000423,-2.816005030969741e-05,2.0223947010191017e-11,0.2325675385168132,1.439598594133056e-13,-7.055634518027848e-05,4.262206467440185e-05,7.059525886824357e-05,42.60121347461594,4,True,balance,9.765405316833876e-08,-1.3226250165815958,-5.969672808305794e-06,9.765402432211717e-08,-1.3226250165816815,-5.969672799512278e-06,0.18384776310850237,0.23256755992208045,0.18314070249782885,0.18314070249782954
9.060000000000418,-2.7737355541227257e-05,2.0223952298352e-11,0.2325675388378699,1.4215404869893087e-13,-6.949798403387603e-05,4.198244597585291e-05,6.954456720686002e-05,42.60121348593067,4,True,balance,9.618854872913215e-08,-1.322625053224245,-5.88013236012916e-06,9.61885184399895e-08,-1.3226250532243102,-5.880132349127727e-06,0.18384776310850237,0.23256755992208045,0.18314070434732946,0.18314070434733018
9.070000000000412,-2.7321004069944036e-05,2.0223961018540977e-11,0.23256753915411507,1.3946724471236785e-13,-6.84554870688341e-05,4.135242186819842e-05,6.849372138832669e-05,42.60121349707754,4,True,balance,9.4745023687811e-08,-1.3226250893175184,-5.791933893312242e-06,9.474499812880484e-08,-1.3226250893175733,-5.791933887575071e-06,0.18384776310850237,0.23256755992208045,0.18314070616911093,0.1831407061691116
9.080000000000407,-2.6910900742740373e-05,2.0223970974734208e-11,0.23256753946562075,1.365307439901945e-13,-6.742861678383629e-05,4.073184853105559e-05,6.74481180538798e-05,42.60121350805475,4,True,balance,9.332315424864885e-08,-1.3226251248696494,-5.705057340813513e-06,9.332313126304144e-08,-1.322625124869756,-5.705057334460366e-06,0.18384776310850237,0.23256755992208045,0.1831407079635878,0.18314070796358844
9.090000000000401,-2.6506951832845306e-05,2.0223980612325996e-11,0.2325675397724578,1.3369438246785443e-13,-6.641713922591642e-05,4.012058429697204e-05,6.639702739789307e-05,42.60121351886846,4,True,balance,9.192261825902719e-08,-1.3226251598888321,-5.619482907295555e-06,9.192259428174452e-08,-1.3226251598888916,-5.619482900914229e-06,0.18384776310850237,0.23256755992208045,0.183140709731169,0.1831407097311697
9.100000000000396,-2.6109065018467596e-05,2.0223987545254473e-11,0.23256754007469618,1.3157950343269662e-13,-6.542082393738785e-05,3.951848962007005e-05,6.539036694630481e-05,42.6012135295206,4,True,balance,9.054309384250599e-08,-1.3226251943829652,-5.535191116420909e-06,9.054306893753252e-08,-1.3226251943830594,-5.535191111890777e-06,0.18384776310850237,0.23256755992208045,0.1831407114722566,0.18314071147225722
9.11000000000039,-2.571714936176208e-05,2.0223988881353864e-11,0.23256754037240462,1.3086221141395202e-13,-6.443944390731216e-05,3.892542704281845e-05,6.444718724362374e-05,42.601213540010605,4,True,balance,8.918426730655052e-08,-1.3226252283599034,-5.452162736389417e-06,8.918423684008195e-08,-1.322625228359981,-5.452162728371034e-06,0.18384776310850237,0.23256755992208045,0.18314071318724723,0.1831407131872478
9.120000000000385,-2.533111528811397e-05,2.0223988484068806e-11,0.232567540665651,1.3052378925824542e-13,-6.347277551455137e-05,3.834126116614533e-05,6.351295549423865e-05,42.601213550347964,4,True,balance,8.784582198261515e-08,-1.3226252618274363,-5.370378893133559e-06,8.784578667088985e-08,-1.322625261827484,-5.370378877592219e-06,0.18384776310850237,0.23256755992208045,0.18314071487653172,0.1831407148765324
9.13000000000038,-2.4950874565714993e-05,2.0223992011007492e-11,0.232567540954502,1.291447568729755e-13,-6.252059847803017e-05,3.776585861919889e-05,6.257060026122985e-05,42.60121356053075,4,True,balance,8.652745351654371e-08,-1.3226252947932087,-5.289820930671621e-06,8.652742126528567e-08,-1.3226252947932624,-5.289820917695266e-06,0.18384776310850237,0.23256755992208045,0.18314071654049516,0.18314071654049582
9.140000000000374,-2.4576340285465716e-05,2.0224003137719607e-11,0.23256754123902348,1.258660049109187e-13,-6.158269580770177e-05,3.71990880272539e-05,6.163157718901241e-05,42.601213570562834,4,True,balance,8.522886067264832e-08,-1.3226253272647144,-5.210470510489288e-06,8.522883512589534e-08,-1.3226253272647193,-5.210470502043424e-06,0.18384776310850237,0.23256755992208045,0.18314071817951644,0.18314071817951705
9.150000000000368,-2.4207426841164607e-05,2.0224013998613548e-11,0.23256754151928033,1.227500146354473e-13,-6.0658853757439455e-05,3.664081998315731e-05,6.06960409324766e-05,42.6012135804402,4,True,balance,8.394975159746925e-08,-1.3226253592492787,-5.1323095303253306e-06,8.394972638602951e-08,-1.3226253592493578,-5.132309525084236e-06,0.18384776310850237,0.23256755992208045,0.18314071979396906,0.18314071979396962
9.160000000000363,-2.384404991000571e-05,2.0224025506155752e-11,0.23256754179533623,1.1947573808131296e-13,-5.9748861775145715e-05,3.6090927017072916e-05,5.9758056543253016e-05,42.60121359017333,4,True,balance,8.268983339379852e-08,-1.3226253907543188,-5.055320210706498e-06,8.268980869105204e-08,-1.3226253907543906,-5.055320205484886e-06,0.18384776310850237,0.23256755992208045,0.1831407213842206,0.18314072138422127
9.170000000000357,-2.348612643335186e-05,2.0224038442203844e-11,0.2325675420672542,1.1586749613194494e-13,-5.885251245496527e-05,3.554928356883424e-05,5.881750689764436e-05,42.60121359976127,4,True,balance,8.14488177631521e-08,-1.3226254217869824,-4.979485004442277e-06,8.144879847443397e-08,-1.3226254217870514,-4.979485000246906e-06,0.18384776310850237,0.23256755992208045,0.18314072295063372,0.18314072295063427
9.180000000000351,-2.3133574597804938e-05,2.0224048127863915e-11,0.2325675423350961,1.1312423032352559e-13,-5.7969601491474724e-05,3.501576595842354e-05,5.788686060962708e-05,42.601213609204834,4,True,balance,8.022642163089932e-08,-1.3226254523543213,-4.904786617881747e-06,8.022640117693067e-08,-1.3226254523543988,-4.904786611310679e-06,0.18384776310850237,0.23256755992208045,0.183140724493565,0.18314072449356553
9.190000000000346,-2.278631381656119e-05,2.0224056513407252e-11,0.23256754259892304,1.1069962230923498e-13,-5.709992763573897e-05,3.449025235695297e-05,5.706887710129776e-05,42.60121361850386,4,True,balance,7.90223633401089e-08,-1.3226254824632078,-4.831208023463123e-06,7.902234552043855e-08,-1.3226254824632993,-4.831208017561936e-06,0.18384776310850237,0.23256755992208045,0.18314072601336545,0.183140726013366
9.20000000000034,-2.244426471104224e-05,2.022406467558431e-11,0.232567542858795,1.0833995713814873e-13,-5.6243292646646686e-05,3.3972622761388485e-05,5.625843602771732e-05,42.60121362766814,4,True,balance,7.783637188384381e-08,-1.3226255121207093,-4.758732480824773e-06,7.783635280439576e-08,-1.3226255121207826,-4.758732477329356e-06,0.18384776310850237,0.23256755992208045,0.18314072751038213,0.18314072751038263
9.210000000000335,-2.210734909279289e-05,2.0224066614693717e-11,0.23256754311477126,1.075682994634518e-13,-5.539950124390858e-05,3.346275896582992e-05,5.544272219512249e-05,42.60121363669482,4,True,balance,7.666817369120594e-08,-1.3226255413334869,-4.687343462762083e-06,7.666814957322771e-08,-1.3226255413335686,-4.687343452546327e-06,0.18384776310850237,0.23256755992208045,0.18314072898495615,0.18314072898495676
9.22000000000033,-2.1775489945660845e-05,2.0224070071347284e-11,0.23256754336691018,1.0636411936998187e-13,-5.456836106672056e-05,3.296054453419902e-05,5.463484284633203e-05,42.60121364558701,4,True,balance,7.551749983286533e-08,-1.3226255701081857,-4.61702468615784e-06,7.551747921724594e-08,-1.3226255701082934,-4.617024681813801e-06,0.18384776310850237,0.23256755992208045,0.18314073043742374,0.18314073043742435
9.230000000000324,-2.1448611408239675e-05,2.0224071712847162e-11,0.2325675436152691,1.0562674869089812e-13,-5.3749682629807616e-05,3.246586477493453e-05,5.382160895700075e-05,42.60121365434745,4,True,balance,7.438409129554666e-08,-1.3226255984514608,-4.547760141943555e-06,7.438406848616954e-08,-1.3226255984515383,-4.547760134655504e-06,0.18384776310850237,0.23256755992208045,0.18314073186811583,0.18314073186811633
9.240000000000318,-2.112663875656954e-05,2.0224073386240808e-11,0.23256754385990475,1.0485831700554918e-13,-5.294327928082543e-05,3.1978606713903514e-05,5.3009649946733986e-05,42.60121366297659,4,True,balance,7.326768837636146e-08,-1.3226256263696934,-4.479534039004491e-06,7.326766667889677e-08,-1.3226256263697531,-4.479534035930746e-06,0.18384776310850237,0.23256755992208045,0.18314073327735836,0.18314073327735897
9.250000000000313,-2.0809498387104522e-05,2.0224072741470598e-11,0.2325675441008728,1.0468776388117444e-13,-5.2148967158939364e-05,3.149865906892284e-05,5.219204262786887e-05,42.601213671474014,4,True,balance,7.216803467281781e-08,-1.322625653869195,-4.412330805972741e-06,7.216801038817442e-08,-1.3226256538692538,-4.412330796891069e-06,0.18384776310850237,0.23256755992208045,0.18314073466547265,0.18314073466547318
9.260000000000307,-2.0497117799931014e-05,2.0224071268916614e-11,0.23256754433822827,1.0468785356376304e-13,-5.136656515181797e-05,3.102591222530169e-05,5.138270553581613e-05,42.60121367984666,4,True,balance,7.108488179553334e-08,-1.3226256809563472,-4.346135151289329e-06,7.108485568385852e-08,-1.3226256809564043,-4.346135141762039e-06,0.18384776310850237,0.23256755992208045,0.18314073603277506,0.18314073603277556
9.270000000000302,-2.018942558223178e-05,2.022407686904718e-11,0.2325675445720252,1.0287549841100869e-13,-5.059589485579385e-05,3.056025820984105e-05,5.05676227652688e-05,42.601213688093026,4,True,balance,7.001797489939207e-08,-1.322625707637292,-4.280931962137171e-06,7.001795845006772e-08,-1.3226257076373664,-4.2809319601286625e-06,0.18384776310850237,0.23256755992208045,0.18314073737957742,0.18314073737957795
9.280000000000296,-1.988635139200588e-05,2.0224078716279333e-11,0.23256754480231687,1.0206995008631174e-13,-4.98367805347571e-05,3.0101590666783956e-05,4.97538377912573e-05,42.60121369621477,4,True,balance,6.896708121594646e-08,-1.322625733918073,-4.216706390468878e-06,6.89670583434872e-08,-1.322625733918109,-4.216706380501604e-06,0.18384776310850237,0.23256755992208045,0.1831407387061866,0.18314073870618708
9.29000000000029,-1.9587825942024312e-05,2.0224084297811863e-11,0.23256754502915575,1.0031159209225193e-13,-4.908904908068519e-05,2.9649804834391322e-05,4.908270363383281e-05,42.601213704215084,4,True,balance,6.793195608497874e-08,-1.322625759804793,-4.153443794459499e-06,6.793193670014926e-08,-1.3226257598048357,-4.153443789125739e-06,0.18384776310850237,0.23256755992208045,0.18314074001290417,0.18314074001290462
9.300000000000285,-1.9293780984031436e-05,2.0224088285924417e-11,0.23256754525259354,9.898854615162405e-14,-4.8352529978893474e-05,2.9204797518662066e-05,4.8417322064862823e-05,42.601213712095486,4,True,balance,6.691236112421087e-08,-1.322625785303217,-4.091129730606349e-06,6.691234077325582e-08,-1.322625785303252,-4.0911297212475075e-06,0.18384776310850237,0.23256755992208045,0.18314074130002908,0.1831407413000296
9.31000000000028,-1.9004149293182708e-05,2.0224095133994762e-11,0.2325675454726812,9.69480609662889e-14,-4.762705525933992e-05,2.876646707316998e-05,4.775030141577827e-05,42.60121371986193,4,True,balance,6.590805978585963e-08,-1.3226258104192514,-4.029750017646202e-06,6.590804343223327e-08,-1.322625810419294,-4.0297500126931155e-06,0.18384776310850237,0.23256755992208045,0.18314074256785476,0.18314074256785523
9.320000000000274,-1.8718864652706716e-05,2.02241004082192e-11,0.2325675456894689,9.534995859478166e-14,-4.6912459461806256e-05,2.8334713373480347e-05,4.693426003209266e-05,42.60121372751344,4,True,balance,6.491882912374946e-08,-1.3226258351586544,-3.969290655349022e-06,6.491881120200423e-08,-1.3226258351587352,-3.969290647771435e-06,0.18384776310850237,0.23256755992208045,0.1831407438166709,0.18314074381667153
9.330000000000268,-1.843786183880592e-05,2.0224104244710417e-11,0.2325675459030061,9.413012096365806e-14,-4.620857960367112e-05,2.79094377954602e-05,4.626949062224714e-05,42.60121373504498,4,True,balance,6.394444604993541e-08,-1.3226258595270286,-3.9097378435542e-06,6.3944430709572e-08,-1.3226258595271003,-3.909737838561466e-06,0.18384776310850237,0.23256755992208045,0.18314074504676076,0.18314074504676126
9.340000000000263,-1.8161076605783367e-05,2.0224106084603132e-11,0.2325675461133414,9.339969724340858e-14,-4.551525514287024e-05,2.7490543191892436e-05,4.560302281168843e-05,42.6012137424655,4,True,balance,6.298468247057174e-08,-1.3226258835298803,-3.851077999695362e-06,6.298466253753343e-08,-1.3226258835299491,-3.851077993361958e-06,0.18384776310850237,0.23256755992208045,0.18314074625840562,0.18314074625840615
9.350000000000257,-1.7888445671388102e-05,2.022410845555491e-11,0.23256754632052284,9.250429231500297e-14,-4.4832327935822466e-05,2.707793387166629e-05,4.494289126839307e-05,42.601213749775646,4,True,balance,6.203931775216235e-08,-1.3226259071727688,-3.793297769686035e-06,6.203929953334593e-08,-1.3226259071728481,-3.793297761139171e-06,0.18384776310850237,0.23256755992208045,0.18314074745188186,0.18314074745188233
9.360000000000252,-1.7619906702376258e-05,2.0224111236403696e-11,0.23256754652459766,9.149183299980185e-14,-4.415964220467379e-05,2.6671515577301138e-05,4.428114938662797e-05,42.60121375697629,4,True,balance,6.110813921489964e-08,-1.322625930461061,-3.7363839600263632e-06,6.110812074613079e-08,-1.3226259304611105,-3.736383956793176e-06,0.18384776310850237,0.23256755992208045,0.18314074862746157,0.183140748627462
9.370000000000246,-1.735539830029326e-05,2.0224116589136728e-11,0.2325675467256124,8.980992148858905e-14,-4.349704450219409e-05,2.6271195463645313e-05,4.361772387319354e-05,42.60121376406806,4,True,balance,6.019093034848126e-08,-1.3226259534000486,-3.680323592467563e-06,6.019091575330356e-08,-1.322625953400086,-3.6803235891073763e-06,0.18384776310850237,0.23256755992208045,0.18314074978541273,0.18314074978541325
9.38000000000024,-1.709485998747107e-05,2.0224122117469987e-11,0.23256754692361287,8.811955412052862e-14,-4.284438367675175e-05,2.5876882076366763e-05,4.295253671431394e-05,42.6012137710576,4,True,balance,5.928748842556077e-08,-1.3226259759949888,-3.6251038902664725e-06,5.928747386896944e-08,-1.3226259759950494,-3.625103887761869e-06,0.18384776310850237,0.23256755992208045,0.18314075092599968,0.1831407509260001
9.390000000000235,-1.683823219322763e-05,2.022412790627909e-11,0.23256754711864425,8.637441487467308e-14,-4.2201510837627215e-05,2.5488485331747878e-05,4.2294123036054115e-05,42.60121377794191,4,True,balance,5.8397603590372727e-08,-1.3226259982510684,-3.5707122561325704e-06,5.839758678986449e-08,-1.3226259982510888,-3.5707122498307892e-06,0.18384776310850237,0.23256755992208045,0.18314075204948238,0.18314075204948274
9.40000000000023,-1.6585456240279502e-05,2.0224132138804987e-11,0.23256754731075097,8.505177242251612e-14,-4.156827932194708e-05,2.5105916495590128e-05,4.1625296114061225e-05,42.60121378472079,4,True,balance,5.752106767325546e-08,-1.322626020173254,-3.5171362705179257e-06,5.752105238782023e-08,-1.3226260201733215,-3.5171362667889343e-06,0.18384776310850237,0.23256755992208045,0.18314075315611705,0.1831407531561175
9.410000000000224,-1.633647433135387e-05,2.0224136244392915e-11,0.23256754749997688,8.37584188361284e-14,-4.0944544661063124e-05,2.4729088163831165e-05,4.096334420742214e-05,42.60121379139797,4,True,balance,5.6657687618966997e-08,-1.3226260417666962,-3.4643637412893425e-06,5.6657673556214933e-08,-1.3226260417667304,-3.4643637356522654e-06,0.18384776310850237,0.23256755992208045,0.18314075424615614,0.1831407542461566
9.420000000000218,-1.6091229535999835e-05,2.0224135208900236e-11,0.23256754768636517,8.378404651319942e-14,-4.033016454785451e-05,2.4357914241684027e-05,4.029956315107204e-05,42.60121379797543,4,True,balance,5.580726519404529e-08,-1.3226260630362137,-3.412382605482546e-06,5.580724237918363e-08,-1.3226260630362359,-3.4123825927368006e-06,0.18384776310850237,0.23256755992208045,0.18314075531984836,0.18314075531984877
9.430000000000213,-1.584966577760212e-05,2.022413796761981e-11,0.2325675478699583,8.278938696807014e-14,-3.9724998804794244e-05,2.399230992467345e-05,3.962466418379773e-05,42.601213804455234,4,True,balance,5.4969598789661486e-08,-1.32262608398669,-3.3611810017577664e-06,5.496958200741083e-08,-1.32262608398676,-3.3611810004007925e-06,0.18384776310850237,0.23256755992208045,0.1831407563774386,0.18314075637743898
9.440000000000207,-1.5611727820586873e-05,2.0224142166212818e-11,0.23256754805079824,8.143982487387365e-14,-3.91289093525075e-05,2.363219167886634e-05,3.8956784929820744e-05,42.601213810840314,4,True,balance,5.414450804049958e-08,-1.3226261046229237,-3.3107472717945923e-06,5.414449143687123e-08,-1.3226261046229744,-3.310747270105351e-06,0.18384776310850237,0.23256755992208045,0.18314075741916774,0.18314075741916827
9.450000000000202,-1.537736125781853e-05,2.022414440830592e-11,0.23256754822892603,8.059090640361078e-14,-3.8541760180282386e-05,2.3277477222217392e-05,3.847669022509063e-05,42.60121381712537,4,True,balance,5.3331793324937774e-08,-1.3226261249496138,-3.261069900901708e-06,5.333177656134895e-08,-1.322626124949665,-3.261069899573237e-06,0.18384776310850237,0.23256755992208045,0.18314075844527375,0.18314075844527414
9.460000000000196,-1.5146512498179412e-05,2.0224147034904264e-11,0.23256754840438248,7.96646663024089e-14,-3.796341730549078e-05,2.2928085506631087e-05,3.782708670811548e-05,42.601213823318204,4,True,balance,5.253127669836757e-08,-1.3226261449714847,-3.2121375701408568e-06,5.2531258395943287e-08,-1.322626144971516,-3.2121375614393517e-06,0.18384776310850237,0.23256755992208045,0.18314075945599098,0.18314075945599148
9.47000000000019,-1.4919128754342712e-05,2.0224152990327298e-11,0.23256754857720754,7.788818600601918e-14,-3.739374875532221e-05,2.258393669766094e-05,3.7342228332969065e-05,42.60121382941743,4,True,balance,5.17427741041866e-08,-1.322626164692961,-3.163939081947466e-06,5.174275746969724e-08,-1.322626164692983,-3.163939076292796e-06,0.18384776310850237,0.23256755992208045,0.1831407604515494,0.18314076045154973
9.480000000000185,-1.4695158030731675e-05,2.022416133288774e-11,0.2325675487474406,7.554581426464966e-14,-3.683262453418777e-05,2.2244952157242204e-05,3.6870766249129886e-05,42.60121383542659,4,True,balance,5.096610130349807e-08,-1.3226261841185996,-3.116463461488054e-06,5.096608884653963e-08,-1.3226261841186373,-3.1164634594979112e-06,0.18384776310850237,0.23256755992208045,0.1831407614321764,0.18314076143217675
9.49000000000018,-1.4474549111649863e-05,2.022417239317845e-11,0.23256754891512058,7.25669141732831e-14,-3.6279916588801626e-05,2.1911054426340378e-05,3.6393197039066977e-05,42.60121384134842,4,True,balance,5.0201080652411146e-08,-1.322626203252838,-3.0696998744948165e-06,5.0201072318452496e-08,-1.322626203252879,-3.0696998758536064e-06,0.18384776310850237,0.23256755992208045,0.1831407623980959,0.18314076239809637
9.500000000000174,-1.4257251549592416e-05,2.0224185837151258e-11,0.2325675490802857,6.901429625083727e-14,-3.5735498781470474e-05,2.1582167206983598e-05,3.591942520544789e-05,42.601213847171856,4,True,balance,4.944754013340454e-08,-1.3226262221001195,-3.0236376663581855e-06,4.944753879548593e-08,-1.3226262221000626,-3.023637669357204e-06,0.18384776310850237,0.23256755992208045,0.1831407633495284,0.18314076334952875
9.510000000000169,-1.4043215653726189e-05,2.0224191917097648e-11,0.2325675492429737,6.74117022620223e-14,-3.5199246860613954e-05,2.1258215344995852e-05,3.524337901100766e-05,42.60121385292374,4,True,balance,4.870531553642809e-08,-1.3226262406646578,-2.9782662903788133e-06,4.870530836232775e-08,-1.322626240664755,-2.9782662888334203e-06,0.18384776310850237,0.23256755992208045,0.18314076428669163,0.18314076428669196
9.520000000000163,-1.3832392478567855e-05,2.022419073450361e-11,0.23256754940322172,6.75651161178333e-14,-3.4671038441052276e-05,2.0939124810119475e-05,3.477490387272141e-05,42.60121385858063,4,True,balance,4.797423248544429e-08,-1.3226262589506252,-2.9335754151387076e-06,4.797421474597504e-08,-1.3226262589506625,-2.9335754035887205e-06,0.18384776310850237,0.23256755992208045,0.183140765209798,0.1831407652097983
9.530000000000157,-1.362473381280142e-05,2.0224193267172458e-11,0.2325675495610662,6.671601736941124e-14,-3.4150752966285165e-05,2.0624822684795783e-05,3.430003082506624e-05,42.601213864151994,4,True,balance,4.725411133635708e-08,-1.322626276962309,-2.8895548481518937e-06,4.725409700771312e-08,-1.3226262769623418,-2.8895548440372753e-06,0.18384776310850237,0.23256755992208045,0.18314076611905875,0.183140766119059
9.540000000000152,-1.3420192168268001e-05,2.022420532641333e-11,0.23256754971654323,6.342535190597002e-14,-3.3638271682285785e-05,2.0315237143078243e-05,3.382926572190133e-05,42.60121386964833,4,True,balance,4.6544786812785905e-08,-1.322626294703852,-2.8461945379880906e-06,4.65447877858222e-08,-1.3226262947037875,-2.846194551462977e-06,0.18384776310850237,0.23256755992208045,0.18314076701468185,0.18314076701468218
9.550000000000146,-1.3218720769125598e-05,2.022420424341147e-11,0.2325675498696883,6.366552395062106e-14,-3.313347761193421e-05,2.001029743698262e-05,3.314357652130921e-05,42.60121387504963,4,True,balance,4.584612951002949e-08,-1.3226263121792146,-2.8034845985661324e-06,4.584611717265051e-08,-1.3226263121793551,-2.803484590439253e-06,0.18384776310850237,0.23256755992208045,0.18314076789687136,0.1831407678968717
9.56000000000014,-1.3020273541190215e-05,2.0224193895179644e-11,0.23256755002053642,6.606939359994263e-14,-3.26362555348468e-05,1.9709933875708176e-05,3.267845816718501e-05,42.60121388037664,4,True,balance,4.51579544325469e-08,-1.3226263293924272,-2.761415261902319e-06,4.515792991607292e-08,-1.3226263293924359,-2.76141524782125e-06,0.18384776310850237,0.23256755992208045,0.18314076876582816,0.18314076876582847
9.570000000000135,-1.2824805101405297e-05,2.0224190883794603e-11,0.2325675501691219,6.651586548055327e-14,-3.2146491953024975e-05,1.9414077815833185e-05,3.2206623414214684e-05,42.60121388562096,4,True,balance,4.448009692075362e-08,-1.32262634634739,-2.7199769374859728e-06,4.4480080941715724e-08,-1.322626346347418,-2.71997693249002e-06,0.18384776310850237,0.23256755992208045,0.18314076962175097,0.18314076962175124
9.58000000000013,-1.2632270747482678e-05,2.022418973628683e-11,0.2325675503154787,6.651586055981501e-14,-3.1664075066694594e-05,1.9122661642091725e-05,3.1739257785031096e-05,42.60121389078951,4,True,balance,4.3812414675009326e-08,-1.322626363048019,-2.679160169412654e-06,4.3812399553385187e-08,-1.322626363048048,-2.679160163401053e-06,0.18384776310850237,0.23256755992208045,0.18314077046483518,0.18314077046483548
9.590000000000124,-1.2442626447699704e-05,2.02241907587775e-11,0.23256755045964014,6.60028493437142e-14,-3.118889474968585e-05,1.8835618753046485e-05,3.1264906488653886e-05,42.60121389588031,4,True,balance,4.3154752339273844e-08,-1.3226263794981248,-2.638955646016719e-06,4.3154737797828946e-08,-1.322626379498151,-2.638955640079733e-06,0.18384776310850237,0.23256755992208045,0.18314077129527326,0.18314077129527354
9.600000000000119,-1.2255828830845747e-05,2.0224193774046924e-11,0.2325675506016392,6.498879081956553e-14,-3.072084252429486e-05,1.8552883545289898e-05,3.0795084026235764e-05,42.60121390089741,4,True,balance,4.250695923942784e-08,-1.3226263957014275,-2.5993541789841753e-06,4.250694823837123e-08,-1.3226263957014452,-2.59935417587477e-06,0.18384776310850237,0.23256755992208045,0.18314077211325458,0.18314077211325488
9.610000000000113,-1.2071835176322967e-05,2.0224198000991944e-11,0.2325675507415083,6.371041759030955e-14,-3.0259811537985863e-05,1.8274391398750058e-05,3.033000085823612e-05,42.601213905835586,4,True,balance,4.186888917497851e-08,-1.3226264116616193,-2.5603467385842242e-06,4.186888015472666e-08,-1.3226264116616608,-2.560346736197907e-06,0.18384776310850237,0.23256755992208045,0.18314077291896594,0.18314077291896638
9.620000000000108,-1.1890603404393212e-05,2.022419675740402e-11,0.23256755087927936,6.383812029808006e-14,-2.9805696537693378e-05,1.8000078662342215e-05,2.9857674121376002e-05,42.601213910700636,4,True,balance,4.124039747800766e-08,-1.3226264273823816,-2.5219244161485056e-06,4.124038305694012e-08,-1.3226264273824158,-2.5219244105344644e-06,0.18384776310850237,0.23256755992208045,0.18314077371259133,0.1831407737125917
9.630000000000102,-1.1712092066570095e-05,2.0224197251985153e-11,0.2325675510149838,6.349213562787508e-14,-2.9358393846282443e-05,1.772988263903554e-05,2.939015796580554e-05,42.60121391549387,4,True,balance,4.0621334870582386e-08,-1.3226264428672878,-2.48407844127909e-06,4.0621320953114685e-08,-1.3226264428673198,-2.4840784365363355e-06,0.18384776310850237,0.23256755992208045,0.18314077449431193,0.18314077449431224
9.640000000000096,-1.1536260336155304e-05,2.0224200026027955e-11,0.2325675511486526,6.258452130211089e-14,-2.891780133913874e-05,1.746374157198929e-05,2.8927685631774164e-05,42.6012139202144,4,True,balance,4.001156335232526e-08,-1.3226264581199163,-2.4468001804919396e-06,4.001155080373268e-08,-1.322626458119943,-2.4468001722952865e-06,0.18384776310850237,0.23256755992208045,0.18314077526430603,0.18314077526430633
9.650000000000091,-1.1363067998918256e-05,2.022420742429839e-11,0.23256755128031634,6.051664057829832e-14,-2.8483818420596608e-05,1.720159462957013e-05,2.8457698550067317e-05,42.60121392486456,4,True,balance,3.94109410559582e-08,-1.3226264731436583,-2.410081116984017e-06,3.941093395264313e-08,-1.3226264731436936,-2.410081116502279e-06,0.18384776310850237,0.23256755992208045,0.1831407760227495,0.18314077602274986
9.660000000000085,-1.119247544391337e-05,2.0224214399388334e-11,0.23256755141000496,5.863049522220451e-14,-2.805634600162484e-05,1.6943381892796907e-05,2.7979818039477206e-05,42.60121392944549,4,True,balance,3.881933610828135e-08,-1.3226264879420293,-2.373912877550059e-06,3.881932777137312e-08,-1.3226264879420633,-2.373912876156161e-06,0.18384776310850237,0.23256755992208045,0.18314077676981547,0.18314077676981577
9.67000000000008,-1.1024443654433857e-05,2.022421910578139e-11,0.23256755153774814,5.729695423436829e-14,-2.7635286476617272e-05,1.6689044340918573e-05,2.7506885641908616e-05,42.60121393395785,4,True,balance,3.823661071136578e-08,-1.3226265025183952,-2.338287187960216e-06,3.8236601389219106e-08,-1.322626502518439,-2.3382871843004576e-06,0.18384776310850237,0.23256755992208045,0.18314077750567462,0.18314077750567484
9.680000000000074,-1.0858934199108257e-05,2.0224218989381552e-11,0.232567551663575,5.716907302556316e-14,-2.7220543702661168e-05,1.643852383715139e-05,2.7025678491239083e-05,42.60121393839954,4,True,balance,3.766263093462747e-08,-1.322626516875995,-2.303195928199264e-06,3.766261632027696e-08,-1.3226265168760583,-2.3031959198746428e-06,0.18384776310850237,0.23256755992208045,0.18314077823049468,0.18314077823049502
9.690000000000069,-1.0695909223120853e-05,2.0224223016030386e-11,0.23256755178751434,5.591178908169035e-14,-2.6812022975951948e-05,1.6191763117665658e-05,2.682262769242261e-05,42.60121394277268,4,True,balance,3.709726463614811e-08,-1.3226265310182663,-2.2686310935656056e-06,3.7097252798399345e-08,-1.3226265310182792,-2.2686310968351613e-06,0.18384776310850237,0.23256755992208045,0.18314077894444056,0.18314077894444078
9.700000000000063,-1.0535331439565023e-05,2.0224230435521392e-11,0.23256755190959438,5.386228046273829e-14,-2.640963101431655e-05,1.594870577590433e-05,2.634275661277943e-05,42.601213947090436,4,True,balance,3.654038011429098e-08,-1.3226265449482524,-2.234584766303093e-06,3.65403726591972e-08,-1.3226265449483106,-2.2345847675982463e-06,0.18384776310850237,0.23256755992208045,0.1831407796476768,0.18314077964767703
9.710000000000058,-1.0377164120934593e-05,2.0224231791818818e-11,0.23256755202984297,5.33996707262936e-14,-2.6013275926355e-05,1.5709296252510396e-05,2.586807346968433e-05,42.6012139513377,4,True,balance,3.599185966770221e-08,-1.322626558669369,-2.2010492192172276e-06,3.5991845827725634e-08,-1.32262655866941,-2.2010492133937423e-06,0.18384776310850237,0.23256755992208045,0.18314078034036319,0.1831407803403634
9.720000000000052,-1.0221371090729267e-05,2.022423061548406e-11,0.23256755214828753,5.351835123373451e-14,-2.562286719785432e-05,1.547347981992793e-05,2.5384515439650176e-05,42.601213955524436,4,True,balance,3.5451568749333024e-08,-1.3226265721846153,-2.1680167501892143e-06,3.545155319539915e-08,-1.322626572184626,-2.16801674280256e-06,0.18384776310850237,0.23256755992208045,0.18314078102265782,0.18314078102265777
9.730000000000047,-1.006791671519996e-05,2.022423648049823e-11,0.2325675522649553,5.184787917370769e-14,-2.5238315675199242e-05,1.5241202571025789e-05,2.5197173281906035e-05,42.60121395964372,4,True,balance,3.491938360079182e-08,-1.3226265854969015,-2.1354798053071596e-06,3.491937842345878e-08,-1.3226265854969605,-2.135479811046665e-06,0.18384776310850237,0.23256755992208045,0.1831407816947158,0.18314078169471604
9.740000000000041,-9.91676589521257e-06,2.0224237230763282e-11,0.23256755237987276,5.1541206901449776e-14,-2.4859533537923213e-05,1.5012411407891008e-05,2.4715235582738938e-05,42.60121396370622,4,True,balance,3.439518753974993e-08,-1.322626598609593,-2.1034310101236144e-06,3.439517845481769e-08,-1.3226265986096442,-2.1034310085426867e-06,0.18384776310850237,0.23256755992208045,0.18314078235669218,0.18314078235669243
9.750000000000036,-9.76788405822404e-06,2.0224235251107885e-11,0.23256755249306624,5.186949097307117e-14,-2.448643427678027e-05,1.4787054028306037e-05,2.4223711491474025e-05,42.601213967708475,4,True,balance,3.3878864483644945e-08,-1.322626611525575,-2.0718630293216104e-06,3.387885137268612e-08,-1.3226266115255763,-2.0718630238222456e-06,0.18384776310850237,0.23256755992208045,0.18314078300873718,0.18314078300873726
9.76000000000003,-9.621237150387516e-06,2.0224235630502668e-11,0.23256755260456152,5.160195613598224e-14,-2.411893268539463e-05,1.4565078914323012e-05,2.4042484171852243e-05,42.60121397164299,4,True,balance,3.337028560748103e-08,-1.322626624247614,-2.0407686204375735e-06,3.337027523711001e-08,-1.322626624247691,-2.0407686171775055e-06,0.18384776310850237,0.23256755992208045,0.18314078365099903,0.18314078365099926
9.770000000000024,-9.47679162878135e-06,2.022423234483813e-11,0.23256755271438412,5.224261500194119e-14,-2.375694482847037e-05,1.4346435320515063e-05,2.355239484860691e-05,42.60121397552328,4,True,balance,3.286934249917371e-08,-1.3226266367789106,-2.0101407256410645e-06,3.286932653367553e-08,-1.3226266367789181,-2.0101407175815087e-06,0.18384776310850237,0.23256755992208045,0.18314078428362593,0.18314078428362612
9.780000000000019,-9.334514453740254e-06,2.0224231214289272e-11,0.23256755282255906,5.231121519163781e-14,-2.3400388029428677e-05,1.4131073262113775e-05,2.338155425277186e-05,42.60121397934113,4,True,balance,3.237591798625312e-08,-1.3226266491221004,-1.979972300835588e-06,3.2375905159451296e-08,-1.3226266491221024,-1.9799722960065793e-06,0.18384776310850237,0.23256755992208045,0.1831407849067608,0.18314078490676097
9.790000000000013,-9.194373081321156e-06,2.0224235340477144e-11,0.23256755292911108,5.1067169944459505e-14,-2.304918085196491e-05,1.3918943504070253e-05,2.2877310533063834e-05,42.601213983107506,4,True,balance,3.188989360652512e-08,-1.3226266612801312,-1.950256522771385e-06,3.188988659879327e-08,-1.3226266612801605,-1.950256521900785e-06,0.18384776310850237,0.23256755992208045,0.18314078552054747,0.1831407855205477
9.800000000000008,-9.056335455851356e-06,2.0224242398864558e-11,0.23256755303406454,4.912396834970017e-14,-2.2703243075052822e-05,1.370999755016076e-05,2.271743917865515e-05,42.601213986814756,4,True,balance,3.141117047500405e-08,-1.3226266732558347,-1.9209865530276033e-06,3.141116581026984e-08,-1.3226266732557541,-1.920986552300444e-06,0.18384776310850237,0.23256755992208045,0.18314078612512466,0.18314078612512485
9.810000000000002,-8.920370002623905e-06,2.022424647380563e-11,0.23256755313744332,4.800128410347502e-14,-2.236249568637885e-05,1.3504187629681403e-05,2.221452745898164e-05,42.60121399046953,4,True,balance,3.093962886801883e-08,-1.322626685051583,-1.8921557199681932e-06,3.093962095617058e-08,-1.3226266850516044,-1.8921557157664592e-06,0.18384776310850237,0.23256755992208045,0.18314078672063197,0.18314078672063222
9.819999999999997,-8.786445620676807e-06,2.0224250195228687e-11,0.23256755323927114,4.6934658412543415e-14,-2.2026860850319382e-05,1.3301466690646443e-05,2.171675268208478e-05,42.60121399406451,4,True,balance,3.047516478295111e-08,-1.3226266966704907,-1.8637574475581657e-06,3.047515823248058e-08,-1.3226266966705003,-1.863757448412772e-06,0.18384776310850237,0.23256755992208045,0.18314078730720423,0.1831407873072044
9.829999999999991,-8.654531675690218e-06,2.022425387186743e-11,0.23256755333957113,4.5887724016997416e-14,-2.169626190422953e-05,1.3101788384529213e-05,2.181721622226445e-05,42.60121399760891,4,True,balance,3.001767660503355e-08,-1.322626708114996,-1.8357852318730184e-06,3.001766855608444e-08,-1.3226267081150138,-1.8357852294230247e-06,0.18384776310850237,0.23256755992208045,0.18314078788497512,0.18314078788497537
9.839999999999986,-8.524597992991454e-06,2.022425726544587e-11,0.23256755343836624,4.492143606447141e-14,-2.1370623329676148e-05,1.2905107059260707e-05,2.164951799229492e-05,42.60121400109534,4,True,balance,2.95670514614526e-08,-1.3226267193878276,-1.8082327146961198e-06,2.9567044078845887e-08,-1.3226267193878627,-1.8082327124392217e-06,0.18384776310850237,0.23256755992208045,0.18314078845407775,0.18314078845407794
9.84999999999998,-8.396614850653295e-06,2.0224260717382018e-11,0.23256755353567907,4.393100895010565e-14,-2.1049870736178934e-05,1.2711377747377883e-05,2.1155677147440178e-05,42.601214004542115,4,True,balance,2.9123188454347258e-08,-1.3226267304915558,-1.7810935830326323e-06,2.912318023128142e-08,-1.3226267304915826,-1.7810935776576263e-06,0.18384776310850237,0.23256755992208045,0.18314078901464204,0.18314078901464229
9.859999999999975,-8.270552972712523e-06,2.022426412106115e-11,0.23256755363153184,4.2951394981415204e-14,-2.0733930854277705e-05,1.2520556154344529e-05,2.1000055014580763e-05,42.601214007926636,4,True,balance,2.868599163420722e-08,-1.3226267414285815,-1.7543616238555934e-06,2.8685982816489208e-08,-1.3226267414285655,-1.754361619511667e-06,0.18384776310850237,0.23256755992208045,0.183140789566795,0.18314078956679525
9.869999999999969,-8.146383522484497e-06,2.0224271980963608e-11,0.2325675537259464,4.086115668939754e-14,-2.0422731508501168e-05,1.233259865150614e-05,2.049056751003836e-05,42.60121401126628,4,True,balance,2.8255349554999783e-08,-1.3226267522015378,-1.7280307678413791e-06,2.8255346784252204e-08,-1.322626752201612,-1.7280307677682285e-06,0.18384776310850237,0.23256755992208045,0.18314079011066425,0.1831407901106644
9.879999999999963,-8.024078095965494e-06,2.0224274878964698e-11,0.23256755381894442,4.006496534164381e-14,-2.0116201606327063e-05,1.2147462263374512e-05,2.034777435915706e-05,42.60121401455065,4,True,balance,2.7831179595944258e-08,-1.3226267628127761,-1.702094957414942e-06,2.7831173808682808e-08,-1.3226267628127968,-1.7020949559943644e-06,0.18384776310850237,0.23256755992208045,0.18314079064637215,0.18314079064637243
9.889999999999958,-7.903608715355272e-06,2.022427936768313e-11,0.23256755391054712,3.882051172173641e-14,-1.9814271121530083e-05,1.1965104659636348e-05,1.9821527883571205e-05,42.60121401779123,4,True,balance,2.7413369699495786e-08,-1.3226267732648609,-1.6765483142102964e-06,2.7413368610932665e-08,-1.3226267732648627,-1.6765483205395942e-06,0.18384776310850237,0.23256755992208045,0.18314079117404314,0.18314079117404336
9.899999999999952,-7.784947822651193e-06,2.022428148112399e-11,0.23256755400077536,3.8212017478258433e-14,-1.9516871074171626e-05,1.1785484144961446e-05,1.967387943764322e-05,42.601214020976855,4,True,balance,2.7001837703554093e-08,-1.3226267835600285,-1.6513849566440428e-06,2.700183243710758e-08,-1.3226267835600758,-1.651384955994388e-06,0.18384776310850237,0.23256755992208045,0.18314079169379577,0.18314079169379588
9.909999999999947,-7.668068273369632e-06,2.0224280986971035e-11,0.23256755408964983,3.8224736764354247e-14,-1.922393352282474e-05,1.1608559647855286e-05,1.9525114509642464e-05,42.60121402411247,4,True,balance,2.6596481312957048e-08,-1.3226267937006877,-1.626599163941471e-06,2.6596472257407854e-08,-1.322626793700727,-1.6265991607236386e-06,0.18384776310850237,0.23256755992208045,0.18314079220574966,0.18314079220574989
9.919999999999941,-7.552943330331158e-06,2.022428381854748e-11,0.23256755417719072,3.7446677384136745e-14,-1.8935391536967054e-05,1.1434290715580064e-05,1.9014441926092368e-05,42.6012140272107,4,True,balance,2.6197201823538703e-08,-1.322626803689269,-1.602185284645022e-06,2.619720028692787e-08,-1.3226268036893871,-1.6021852891714441e-06,0.18384776310850237,0.23256755992208045,0.18314079271002265,0.18314079271002284
9.929999999999936,-7.439546657551026e-06,2.0224273437027506e-11,0.23256755426341805,4.000149598516845e-14,-1.8651179194920287e-05,1.1262637499144252e-05,1.8879790668529747e-05,42.60121403025674,4,True,balance,2.5803930456536612e-08,-1.3226268135279162,-1.5781377201914263e-06,2.5803913381387364e-08,-1.3226268135279544,-1.5781377086709727e-06,0.18384776310850237,0.23256755992208045,0.18314079320672827,0.18314079320672852
9.93999999999993,-7.327852314234679e-06,2.0224264772888408e-11,0.23256755434835152,4.2002656845962374e-14,-1.83712315621902e-05,1.1093560748719834e-05,1.8744172150678372e-05,42.601214033256646,4,True,balance,2.5416550941711058e-08,-1.3226268232189287,-1.5544509809281111e-06,2.5416534530044094e-08,-1.3226268232189313,-1.5544509723725337e-06,0.18384776310850237,0.23256755992208045,0.18314079369598082,0.18314079369598105
9.949999999999925,-7.217834748834904e-06,2.0224259846823782e-11,0.2325675544320106,4.2988368469426896e-14,-1.809548467200777e-05,1.0927021804300716e-05,1.8211614282110064e-05,42.60121403621859,4,True,balance,2.5034986639972125e-08,-1.322626832764612,-1.5311196632120072e-06,2.503497323394048e-08,-1.3226268327645794,-1.5311196580341397e-06,0.18384776310850237,0.23256755992208045,0.18314079417789292,0.18314079417789306
9.95999999999992,-7.1094687932231534e-06,2.0224264198658076e-11,0.23256755451441438,4.168478709473583e-14,-1.7823875523233714e-05,1.076298258271592e-05,1.8070981951380476e-05,42.601214039130554,4,True,balance,2.4659148287254214e-08,-1.3226268421668663,-1.508138418836732e-06,2.4659142205428374e-08,-1.322626842166917,-1.5081384171298471e-06,0.18384776310850237,0.23256755992208045,0.183140794652573,0.1831407946525732
9.969999999999914,-7.0027296569434735e-06,2.0224268498565418e-11,0.23256755459558168,4.047565233515246e-14,-1.7556342056853314e-05,1.0601405574349277e-05,1.7517970596881582e-05,42.60121404200374,4,True,balance,2.4288957154859787e-08,-1.322626851428112,-1.4855020304184715e-06,2.4288948700662163e-08,-1.3226268514281718,-1.4855020236821921e-06,0.18384776310850237,0.23256755992208045,0.18314079512013118,0.1831407951201313
9.979999999999908,-6.897592921531314e-06,2.022427664120391e-11,0.23256755467553106,3.8311184825914085e-14,-1.7292823139272577e-05,1.0442253831731263e-05,1.7392691488064896e-05,42.6012140448251,4,True,balance,2.392431377929174e-08,-1.322626860550378,-1.4632052691185429e-06,2.3924311721499627e-08,-1.3226268605504399,-1.463205271513997e-06,0.18384776310850237,0.23256755992208045,0.18314079558067248,0.1831407955806727
9.989999999999903,-6.794034534955094e-06,2.0224281333303017e-11,0.23256755475428076,3.7065185213892436e-14,-1.7033258560141794e-05,1.0285490960751402e-05,1.7266503426137054e-05,42.601214047605325,4,True,balance,2.3565151833391718e-08,-1.322626869535723,-1.4412431071195833e-06,2.356514730756085e-08,-1.3226268695357728,-1.44124310542532e-06,0.18384776310850237,0.23256755992208045,0.18314079603430317,0.1831407960343034
9.999999999999897,-6.69203080610318e-06,2.0224285455132225e-11,0.23256755483184874,3.594693180614645e-14,-1.677758900825845e-05,1.0131081114219918e-05,1.7139386334714558e-05,42.60121405034043,4,True,balance,2.3211378241622577e-08,-1.3226268783862867,-1.4196104931676695e-06,2.3211372984391252e-08,-1.3226268783862942,-1.4196104899239255e-06,0.18384776310850237,0.23256755992208045,0.18314079648112688,0.18314079648112713
10.000999999999896,-6.681915037921702e-06,2.022428597945275e-11,0.23256755483954122,3.580640502753679e-14,-1.675223402242679e-05,1.011576818147852e-05,1.7118108379478336e-05,42.601214050619035,4,True,balance,2.317629485794969e-08,-1.322626879264019,-1.417465167634262e-06,2.3176290343742972e-08,-1.3226268792640177,-1.4174651643729743e-06,0.18384776310850237,0.23256755992208045,0.18314079652543888,0.183140796525439
